policy,extra_delay,seed,wAoI,worst_user_mean_aoi,p95_user_mean_aoi,p95_slot_aoi,p99_slot_aoi,cvar95_slot_aoi,slot_aoi_gt40,slot_aoi_gt60,mean_service_rate,worst_service_rate,jain_service_fairness,starvation_p95,starvation_max,rejection_rate,rejected_candidates,proposed_candidates,mean_power,max_avg_power,max_queue,finite_window_bound,bound_ok,certificate_ok,uav_pi_los,uav_pth,uav_mean_aoi,uav_avg_power,uav_service_rate,uav_max_queue,method,dwell,delay
FreshSky-Safe,2,0,242.9718918918919,12.848918918918919,12.52218918918919,21.0,37.0,30.922522522522524,0.006981981981981982,0.00042792792792792795,0.15522522522522522,0.05945945945945946,0.8490176421036798,19.0,71.0,0.02918918918918919,324,11100,0.21592199025045355,0.3968981496605181,23.9888734694863,0.4064864864864865,True,True,0.95;0.2315765095;0.95;0.8081176242;0.6281327393;0.795200025;0.3394136806;0.9476946562;0.5005847781;0.95;0.23436609;0.2528380647,0.3369544871;1.95400716;0.2191119648;0.5235225351;0.7414402559;0.5383055036;1.361973486;0.3438720469;0.9427001774;0.2738400263;1.931388168;1.795260579,4.053513514;12.84891892;3.878378378;4.779189189;5.794864865;4.925675676;8.661621622;4.274864865;7.744324324;4.362162162;12.25486486;10.98162162,0.08933847348;0.3944982022;0.05898257214;0.1393701884;0.1909709632;0.1481067575;0.3747267592;0.0861538885;0.2471403168;0.06868203902;0.3961955729;0.3968981497,0.2275675676;0.05945945946;0.2340540541;0.1986486486;0.1591891892;0.1905405405;0.09135135135;0.2205405405;0.1235135135;0.2172972973;0.06783783784;0.0727027027,0.3369544871;23.98887347;0.2191119648;0.8940901405;2.272962303;0.8149165108;20.60721607;0.3438720469;4.769701952;0.2738400263;23.9869149;23.97721162,Bayesian ensemble,2.0,2
FreshSky-Safe,2,1,297.27162162162165,14.452702702702704,13.830756756756756,27.0,42.0,35.854504504504504,0.011554054054054054,0.0002927927927927928,0.1335135135135135,0.057297297297297295,0.7582423386875436,23.0,70.0,0.06279279279279279,697,11100,0.276237564598019,0.39935966892501346,23.995923662637946,0.4064864864864865,True,True,0.5605092249;0.2181252996;0.2316669551;0.3707979081;0.95;0.95;0.2020086086;0.95;0.325972712;0.8362721814;0.2993435181;0.2334007936,0.8400796556;2.072097608;1.953264399;1.254604531;0.2976063768;0.2276934429;2.237061952;0.2579608484;1.414030367;0.4910760745;1.530799061;1.939147999,6.386486486;13.32189189;12.34189189;8.525405405;4.039459459;3.729459459;14.4527027;4.007297297;9.374054054;4.604594595;10.00675676;12.11621622,0.2408985175;0.3953786247;0.3980436099;0.351628351;0.08147979991;0.06713879629;0.3990434833;0.0704163397;0.3852277324;0.1418811686;0.384354683;0.3993596689,0.1516216216;0.05891891892;0.06405405405;0.09972972973;0.2335135135;0.2572972973;0.0572972973;0.2337837838;0.08567567568;0.2105405405;0.08027027027;0.06945945946,4.201194834;23.98977057;23.98623307;15.49468998;0.2976063768;0.2276934429;23.989346;0.2579608484;23.97140108;0.9464564472;23.95593424;23.99592366,Bayesian ensemble,2.0,2
FreshSky-Safe,2,2,255.9089189189189,14.107567567567568,12.889837837837836,22.0,36.0,30.295045045045047,0.005923423423423424,0.0004054054054054054,0.1425,0.05243243243243243,0.8640673197940169,20.0,78.0,0.03342342342342342,371,11100,0.23792846754233407,0.3981103912887708,23.993377019087696,0.4064864864864865,True,True,0.2983974043;0.4720337023;0.7619171253;0.95;0.6042558466;0.7527600943;0.6803453125;0.2438339011;0.7053294905;0.1925045361;0.95;0.2931742638,1.535332493;0.9986066978;0.5764720931;0.328976203;0.7746227687;0.5870535051;0.6736618433;1.858825842;0.6430324214;2.34929577;0.2710575607;1.560894842,9.268648649;7.537297297;4.962702703;4.342432432;6.114864865;5.010810811;6.433513514;11.89351351;5.430810811;14.10756757;4.198918919;9.121351351,0.3830032137;0.2650356155;0.1494153344;0.08553381277;0.2116604376;0.1562831628;0.1713285931;0.3923629683;0.1755304718;0.3981103913;0.07201340058;0.3948642086,0.08486486486;0.1194594595;0.1867567568;0.217027027;0.1548648649;0.1862162162;0.1575675676;0.06567567568;0.1762162162;0.05243243243;0.2224324324;0.08648648649,23.52594705;6.976313862;0.9294162793;0.328976203;2.870095993;1.683481546;2.04197106;23.97710656;1.630324214;23.98309748;0.2710575607;23.99337702,Bayesian ensemble,2.0,2
FreshSky-Safe,2,3,303.5421621621622,12.89054054054054,12.719594594594595,25.0,39.0,33.91126126126126,0.007905405405405406,0.0008108108108108108,0.11864864864864866,0.0627027027027027,0.7792363749577135,25.0,82.0,0.04171171171171171,463,11100,0.31385407451078995,0.39713112708814013,23.9976783836974,0.4064864864864865,True,True,0.2469621281;0.8215561338;0.8932287906;0.3220866759;0.225348274;0.2465631425;0.4834834838;0.2778755806;0.2645088005;0.3014458345;0.9387067142;0.2969367479,1.836175919;0.5080937316;0.4222105672;1.429873819;2.006740312;1.839030251;0.9755450403;1.641436133;1.719737046;1.520828652;0.3585144156;1.542388958,11.21081081;4.462432432;4.292702703;8.187567568;12.57972973;12.89054054;7.082972973;9.554324324;10.56648649;9.736486486;3.980540541;10.06351351,0.3905595805;0.1463859237;0.1195882904;0.389930455;0.3964668021;0.3971311271;0.2921361904;0.3886210952;0.3885676136;0.3851395803;0.09738026695;0.3743419688,0.06918918919;0.2116216216;0.2272972973;0.09675675676;0.0627027027;0.06756756757;0.1318918919;0.08540540541;0.07594594595;0.08432432432;0.2321621622;0.07891891892,23.99174042;0.9404686578;0.4666317017;23.99397502;23.99767838;23.97623681;9.859337538;23.94137614;23.98948183;23.01634835;0.3585144156;23.88667502,Bayesian ensemble,2.0,2
FreshSky-Safe,2,4,292.5483783783784,13.292162162162162,13.100256756756757,25.0,39.0,33.41846846846847,0.007972972972972973,0.0011036036036036036,0.11225225225225226,0.062162162162162166,0.9076246407173464,25.0,75.0,0.024054054054054055,267,11100,0.2823598990657609,0.3957299101439913,23.995121992846066,0.4064864864864865,True,True,0.662118963;0.6741961796;0.3640876;0.2460798207;0.2372011855;0.4128728207;0.5024050881;0.4159209977;0.2309431598;0.4380235493;0.7287104513;0.5641011845,0.6966749552;0.6813572012;1.27608378;1.842501298;1.908996959;1.13470463;0.9393093506;1.126874486;1.959226317;1.072981387;0.6151471375;0.8344446437,5.825945946;6.013513514;9.978648649;10.2027027;13.29216216;7.585675676;7.43;9.472162162;12.94324324;8.498108108;5.784324324;6.924054054,0.1911148864;0.17954683;0.3166067325;0.3948928457;0.3957299101;0.3140371734;0.249297779;0.2814140609;0.3944928666;0.2798451456;0.1624320955;0.2289084631,0.1621621622;0.1578378378;0.08810810811;0.07702702703;0.06216216216;0.1110810811;0.1254054054;0.09189189189;0.06243243243;0.1062162162;0.1640540541;0.1386486486,2.773399642;3.213572012;18.60642963;23.99512199;23.98553168;8.988185216;5.253784155;8.971862156;23.97887906;9.681367169;2.1211771;4.310001793,Bayesian ensemble,2.0,2
FreshSky-Safe,2,5,267.80135135135134,12.61918918918919,11.82912162162162,23.0,36.0,31.31756756756757,0.005945945945945946,0.0003153153153153153,0.1323873873873874,0.06243243243243243,0.842945940417665,22.0,69.0,0.012972972972972972,144,11100,0.2519483028578495,0.38726481511946365,23.99744594244589,0.4064864864864865,True,True,0.9411489522;0.4821824971;0.3825098869;0.7544254172;0.3523107703;0.8677360717;0.95;0.2189202535;0.8265150398;0.3376263363;0.2625732011;0.2699141276,0.3546353857;0.9781203331;1.218803669;0.5851252029;1.315645181;0.4538598372;0.2241414152;2.064668323;0.5023771293;1.368663091;1.731770293;1.687095206,4.606216216;7.72027027;8.762432432;5.493243243;10.00702703;4.881081081;4.398918919;12.61918919;4.602702703;8.788648649;10.90108108;11.1827027,0.08904223602;0.2627707057;0.337641557;0.1492859977;0.3591355764;0.1129743;0.05803445292;0.3872648151;0.1315684968;0.3665797631;0.3833296946;0.3857520389,0.2086486486;0.117027027;0.09513513514;0.1748648649;0.08513513514;0.1905405405;0.2143243243;0.06243243243;0.1986486486;0.09459459459;0.07324324324;0.07405405405,0.3546353857;6.537443997;17.1897541;1.140500811;16.38903374;0.6692991862;0.2241414152;23.99744594;1.423771293;20.79443785;23.99626068;23.97728289,Bayesian ensemble,2.0,2
FreshSky-Safe,2,6,212.14594594594595,10.652432432432432,9.943229729729728,19.0,29.0,25.07882882882883,0.0014414414414414415,0.0,0.15765765765765766,0.0745945945945946,0.9095981239557258,18.0,59.0,0.0,0,11100,0.17373609394455916,0.36637735701656127,23.12994252132168,0.4064864864864865,True,True,0.6600953202;0.4082536129;0.95;0.8542797728;0.5796663152;0.95;0.7238759829;0.298421524;0.95;0.3698913443;0.95;0.5870736138,0.6992694381;1.146768836;0.2551559305;0.4699577518;0.8105930222;0.2156180293;0.6208604762;1.535216558;0.2628816135;1.257463669;0.2571157349;0.7995478023,5.883243243;8.288108108;4.37;4.835405405;7.082972973;4.415405405;6.402432432;10.65243243;4.075135135;9.362972973;4.147027027;6.792972973,0.1818100539;0.2928909596;0.06254768351;0.1196487033;0.2015528596;0.05355485646;0.1412877084;0.366377357;0.06536515795;0.327960119;0.06525180407;0.2065858646,0.1535135135;0.1064864865;0.212972973;0.1951351351;0.1305405405;0.2110810811;0.1494594595;0.07459459459;0.2154054054;0.08837837838;0.2164864865;0.1378378378,1.994155505;10.13537673;0.2551559305;0.6098732553;4.116523245;0.2156180293;1.325162857;23.12994252;0.2628816135;12.41122841;0.2571157349;3.995930221,Bayesian ensemble,2.0,2
FreshSky-Safe,2,7,240.94351351351352,16.934594594594593,13.540499999999994,21.0,39.0,32.63603603603604,0.008716216216216216,0.0024324324324324323,0.1606981981981982,0.04891891891891892,0.8573839517053861,18.0,108.0,0.02873873873873874,319,11100,0.19391801740190676,0.39956274345351656,23.996653270875015,0.4064864864864865,True,True,0.95;0.8194645516;0.5139536145;0.1957148488;0.2668165055;0.95;0.9166527097;0.2817874583;0.4060368001;0.95;0.95;0.8957240492,0.2129344738;0.5105004868;0.9182376412;2.309972111;1.705631049;0.2143947682;0.3910280632;1.619983796;1.152645744;0.2643493157;0.2202876177;0.4190042049,4.304594595;5.085675676;7.017567568;16.93459459;10.76351351;4.526486486;4.240540541;9.826756757;8.537027027;4.194054054;4.039189189;4.407567568,0.05294586917;0.1307985031;0.2605809522;0.3995627435;0.3909121972;0.05452580456;0.1020900295;0.3831042761;0.3168218167;0.06730190685;0.05852506168;0.1098470483,0.2108108108;0.1867567568;0.1286486486;0.04891891892;0.07378378378;0.2151351351;0.2202702703;0.07810810811;0.1045945946;0.2167567568;0.2281081081;0.2164864865,0.2129344738;0.7315014605;4.782376412;23.99665327;23.84776615;0.2143947682;0.3910280632;23.97742359;10.59551592;0.2643493157;0.2202876177;0.5330294346,Bayesian ensemble,2.0,2
FreshSky-Safe,2,8,260.11135135135135,13.577297297297298,12.828999999999999,23.0,37.0,32.31531531531532,0.006554054054054054,0.0013513513513513514,0.1478828828828829,0.06054054054054054,0.8349111924583773,20.0,120.0,0.03342342342342342,371,11100,0.22812176072152304,0.3987491497171563,23.99884749273629,0.4064864864864865,True,True,0.924502767;0.7675714746;0.2938168902;0.223720696;0.8564804989;0.95;0.4732619221;0.198994158;0.3554966144;0.365156396;0.95;0.8950142286,0.3798996382;0.5699618165;1.557699888;2.021057334;0.4673466129;0.2347890628;0.9960890923;2.271318822;1.304697623;1.272612991;0.2590903055;0.4199186836,4.157567568;4.920540541;10.20810811;12.21675676;4.953243243;4.165945946;8.167567568;13.5772973;9.414594595;9.242972973;4.154594595;4.069459459,0.09938995939;0.1505007283;0.3725849733;0.3987491497;0.118352372;0.06263156892;0.2748667468;0.3922628992;0.3423949707;0.3418857602;0.06785365027;0.1159883499,0.2154054054;0.1886486486;0.08108108108;0.06378378378;0.1940540541;0.2227027027;0.1175675676;0.06054054054;0.09081081081;0.09243243243;0.2224324324;0.2251351351,0.3798996382;1.249809083;23.91989028;23.98072966;0.6020398386;0.2347890628;8.345247293;23.99884749;12.72213819;15.55803654;0.2590903055;0.4796747345,Bayesian ensemble,2.0,2
FreshSky-Safe,2,9,290.17621621621623,14.40081081081081,13.615797297297295,25.0,42.0,34.93648648648649,0.01096846846846847,0.0019369369369369369,0.1355855855855856,0.052162162162162164,0.7948778147663857,22.0,81.0,0.06063063063063063,673,11100,0.25753748339631516,0.40011538987963535,23.99677052404865,0.4064864864864865,True,True,0.3257577326;0.6871221964;0.2523803769;0.1963495047;0.5437054116;0.2493362779;0.95;0.4363495231;0.95;0.6652629851;0.95;0.2127973752,1.414897118;0.6652565043;1.798374164;2.302374716;0.8671448273;1.819394726;0.209506079;1.076896197;0.2790122724;0.6926602831;0.247425482;2.123503268,9.900810811;5.949189189;11.45675676;14.40081081;6.731621622;11.70459459;3.964594595;7.483783784;4.002432432;5.703513514;3.948918919;12.97351351,0.37360932;0.1736858873;0.3917539396;0.4001153899;0.2456129132;0.3978081982;0.05758586008;0.3108446319;0.07623821821;0.1976889889;0.06720611064;0.3983003428,0.08243243243;0.1643243243;0.07;0.05216216216;0.1391891892;0.06837837838;0.2375675676;0.1137837838;0.2356756757;0.1691891892;0.2343243243;0.06,19.49160488;1.726282521;23.99677052;23.99472673;6.744331028;23.98939065;0.209506079;7.445159281;0.2790122724;2.926602831;0.247425482;23.99267976,Bayesian ensemble,2.0,2
FreshSky-Safe,2,10,324.1372972972973,15.346216216216217,14.56358108108108,29.0,46.0,39.96306306306306,0.016463963963963962,0.0037162162162162164,0.11128378378378377,0.053513513513513515,0.8314055036168644,27.0,105.0,0.07693693693693694,854,11100,0.3074299572494608,0.3984657549917095,23.996897555014424,0.4064864864864865,True,True,0.2210551088;0.5230742899;0.4621770162;0.8877431859;0.3493760462;0.4491418585;0.5565464418;0.34857734;0.2223217792;0.6900300697;0.2104662511;0.2177243916,2.045012567;0.9021077578;1.019211399;0.4291816563;1.325898395;1.047619095;0.8463561798;1.328717478;2.03354937;0.6616731043;2.146920017;2.075867389,13.09108108;6.987027027;8.343243243;4.434054054;10.63351351;7.603783784;6.543783784;9.150540541;13.18054054;5.263513514;15.34621622;13.92324324,0.396290273;0.2528339851;0.2829000289;0.1190109133;0.338641617;0.3145688687;0.2452145472;0.363422186;0.398465755;0.1859837915;0.3957295815;0.3960979397,0.0627027027;0.1391891892;0.117027027;0.2175675676;0.08108108108;0.1281081081;0.1432432432;0.09378378378;0.06;0.1789189189;0.05351351351;0.06027027027,23.99689756;6.927400852;8.395553375;0.4875449689;18.83519244;10.60952659;4.434411237;16.84972149;23.98978262;2.355057939;23.9963233;23.98673892,Bayesian ensemble,2.0,2
FreshSky-Safe,2,11,270.9443243243243,14.47891891891892,12.591527027027025,24.0,37.0,32.596846846846844,0.0068693693693693695,0.000990990990990991,0.1264864864864865,0.055675675675675676,0.8607567410368951,23.0,80.0,0.01855855855855856,206,11100,0.25489466879624995,0.39743135909114347,23.99683310085222,0.4064864864864865,True,True,0.95;0.2935060875;0.6227889451;0.4312530983;0.6153269509;0.4183303984;0.9434799305;0.4987828682;0.6260188518;0.4351735249;0.2492611008;0.2092716103,0.3358641596;1.559243329;0.7487311135;1.088976442;0.7590395275;1.120756955;0.3508668233;0.9460759936;0.7443154627;1.079661914;1.819920828;2.159149808,4.229189189;9.986486486;6.314594595;7.428108108;7.890810811;9.128108108;4.132162162;7.687567568;7.133243243;8.588378378;11.0472973;14.47891892,0.0875970038;0.3754826502;0.1995267238;0.3075622655;0.188529007;0.3068450797;0.09217366278;0.2406101378;0.1758193823;0.2967611262;0.3974313591;0.3903976274,0.2232432432;0.07945945946;0.152972973;0.1151351351;0.1345945946;0.0972972973;0.2227027027;0.1218918919;0.1372972973;0.1043243243;0.07324324324;0.05567567568,0.3358641596;23.96508953;3.189848908;7.490552405;2.913276692;11.54346559;0.3508668233;5.467595866;2.810208239;7.989857432;23.9968331;23.96599232,Bayesian ensemble,2.0,2
FreshSky-Safe,2,12,290.3864864864865,13.406486486486486,12.1727027027027,24.0,36.0,32.328828828828826,0.005878378378378378,0.0009009009009009009,0.11709459459459459,0.06324324324324325,0.8507216416582912,24.0,100.0,0.016846846846846848,187,11100,0.2756126860094565,0.3962427935794321,23.996986161784534,0.4064864864864865,True,True,0.2277146089;0.9318683167;0.4490225566;0.364868936;0.3264467419;0.2532754659;0.5108922966;0.7249468559;0.885090931;0.3371942215;0.4510893652;0.3770521179,1.986329388;0.369039043;1.047885528;1.273544601;1.412123145;1.792296255;0.9237509324;0.6195927545;0.4325165816;1.370290719;1.043286736;1.235229773,13.40648649;4.547297297;7.594054054;8.518108108;9.568378378;11.16324324;7.906486486;5.717297297;4.497027027;10.29054054;9.498378378;9.087837838,0.3956553403;0.09245924132;0.2985057695;0.3390382249;0.3568473353;0.3962427936;0.2359309814;0.1525537836;0.1128050003;0.3433133774;0.2661791024;0.317821282,0.06324324324;0.2132432432;0.1162162162;0.09540540541;0.08513513514;0.06945945946;0.1175675676;0.1645945946;0.2086486486;0.08027027027;0.1008108108;0.09054054054,23.99698616;0.369039043;8.118282927;12.60633804;16.81218694;23.9884303;6.161260256;1.717556527;0.5625829082;17.82907187;7.509021461;13.49212295,Bayesian ensemble,2.0,2
FreshSky-Safe,2,13,208.62567567567567,11.684864864864865,10.548297297297296,19.0,30.0,25.647297297297296,0.001981981981981982,0.0,0.1598198198198198,0.06837837837837837,0.9109787951431266,18.0,58.0,0.004864864864864865,54,11100,0.1816396781094145,0.39240623398525154,23.991444801722224,0.4064864864864865,True,True,0.931036637;0.7159624459;0.6775674106;0.3509019354;0.95;0.7562371291;0.2357345475;0.5713184825;0.95;0.8385292043;0.9458583108;0.3749843981,0.3702883284;0.6302691506;0.6771299559;1.320546841;0.2764601871;0.5830294735;1.920506701;0.8232731646;0.2265612916;0.488449848;0.3469497415;1.241568686,4.326486486;5.488378378;6.724324324;9.618378378;4.427837838;5.795945946;11.68486486;6.406216216;4.083513514;4.527297297;4.622702703;8.958648649,0.09147122492;0.1669361534;0.161779157;0.3354902785;0.07098302102;0.148593728;0.392406234;0.2222837544;0.05976319476;0.1279210548;0.07689156433;0.3251567721,0.2083783784;0.1735135135;0.1464864865;0.08621621622;0.2105405405;0.1713513514;0.06837837838;0.1445945946;0.2237837838;0.1967567568;0.1916216216;0.09621621622,0.3702883284;2.011884054;2.339909691;16.10952942;0.2764601871;1.315147367;23.9914448;3.056004811;0.2265612916;1.196048632;0.3469497415;12.51451109,Bayesian ensemble,2.0,2
FreshSky-Safe,2,14,280.3132432432432,13.193513513513514,12.565770270270269,24.0,38.0,33.03963963963964,0.007364864864864865,0.0016891891891891893,0.1225225225225225,0.062162162162162166,0.8725678692072844,23.0,95.0,0.01972972972972973,219,11100,0.27341989227155056,0.3980061035441758,23.97828642508545,0.4064864864864865,True,True,0.3969158517;0.64914127;0.685168137;0.2123384503;0.8391928019;0.2547057577;0.6450583303;0.3536782427;0.3495021855;0.2638904463;0.8142278578;0.4332858251,1.177446822;0.7134614509;0.6676722331;2.128067317;0.4876767217;1.782678959;0.7188179662;1.310923092;1.325454306;1.723560971;0.5165166625;1.084128614,8.262432432;6.049459459;5.462702703;13.19351351;5.035675676;12.05216216;5.63027027;10.13702703;8.754324324;10.62405405;5.067027027;8.433783784,0.3147283531;0.1928274192;0.1802715029;0.3980061035;0.1257415115;0.392189371;0.1919438245;0.3380055756;0.3489168904;0.378251759;0.1306647557;0.2894916408,0.1032432432;0.16;0.1727027027;0.06216216216;0.1905405405;0.06918918919;0.1656756757;0.08081081081;0.09297297297;0.07756756757;0.1872972973;0.1081081081,11.54893643;2.280768706;1.873705632;23.95868571;0.750706887;23.97828643;2.150543729;18.38984697;15.56726364;23.73829221;1.215616637;8.609543371,Bayesian ensemble,2.0,2
FreshSky-Safe,2,15,256.43864864864867,13.976486486486486,12.614567567567565,22.0,37.0,30.77207207207207,0.006824324324324324,0.0007432432432432432,0.14362612612612613,0.05702702702702703,0.8628728094800027,20.0,72.0,0.043333333333333335,481,11100,0.23151358141188116,0.3991569395287686,23.9989678459321,0.4064864864864865,True,True,0.95;0.6682774533;0.3936552323;0.8783623152;0.2542081145;0.6112416568;0.1961261937;0.2603661895;0.4858854259;0.9440218225;0.777121657;0.6438927182,0.2609434761;0.6888292002;1.186565108;0.4408835581;1.786011998;0.7647485898;2.305041448;1.74572184;0.9708198352;0.349980936;0.5589976316;0.7203540735,4.168108108;5.369459459;8.159189189;4.599459459;11.50027027;6.035405405;13.97648649;11.41810811;7.277297297;4.283783784;5.372702703;6.761621622,0.06932633432;0.1941753664;0.3303140705;0.1085526815;0.3914745218;0.2114426506;0.3968409195;0.3991569395;0.2684185652;0.08957620174;0.1403537297;0.1785309961,0.2278378378;0.1743243243;0.1054054054;0.2016216216;0.06675675676;0.16;0.05702702703;0.06702702703;0.1264864865;0.2162162162;0.1805405405;0.1402702703,0.2609434761;2.021804401;9.785041725;0.5226506742;23.98869591;3.647485898;23.99896785;23.9729451;6.220657858;0.349980936;1.830978684;2.562832588,Bayesian ensemble,2.0,2
FreshSky-Safe,2,16,298.70054054054054,14.173513513513514,14.133527027027027,26.0,43.0,36.87117117117117,0.01268018018018018,0.002792792792792793,0.13394144144144146,0.05810810810810811,0.8262971184884742,22.0,95.0,0.07936936936936936,881,11100,0.2682649092222588,0.3996363495072018,23.992920516228224,0.4064864864864865,True,True,0.3932789834;0.7735119064;0.901603995;0.8416273572;0.2260479039;0.7045979448;0.6624829137;0.1982197585;0.7522839954;0.3841282698;0.2247729528;0.2144342016,1.187626136;0.5631378354;0.4113518347;0.4848363331;2.00065631;0.6439160289;0.6962092138;2.280313362;0.5876051337;1.214015836;2.011774821;2.107404393,8.09972973;4.85027027;4.185405405;5.188648649;13.20864865;5.307837838;5.352432432;12.71891892;4.957567568;8.103783784;14.10081081;14.17351351,0.3267576774;0.1663539606;0.1122879333;0.1236987834;0.3963462366;0.184125178;0.202465166;0.3993629888;0.1629413154;0.3487834685;0.3996363495;0.3964198533,0.1081081081;0.1967567568;0.22;0.1897297297;0.06243243243;0.1832432432;0.1743243243;0.05810810811;0.1913513514;0.1035135135;0.06108108108;0.05864864865,16.96893294;1.052551342;0.4340555041;0.9938543319;23.93799971;2.107412202;2.962092138;23.99292052;1.338025668;13.56331437;23.97816987;23.98795736,Bayesian ensemble,2.0,2
FreshSky-Safe,2,17,238.00837837837838,13.321351351351352,13.208972972972973,23.0,39.0,32.83513513513513,0.008513513513513513,0.0012612612612612612,0.1564189189189189,0.06054054054054054,0.8538491221607799,19.0,77.0,0.024414414414414415,271,11100,0.20947785543402186,0.39709581671024025,23.994171082599472,0.4064864864864865,True,True,0.6058267012;0.4606290406;0.8627452041;0.95;0.8920394043;0.9329954481;0.2434414901;0.2237143759;0.7874097494;0.2072792387;0.95;0.5223938409,0.772389876;1.022513998;0.4598691245;0.2139841101;0.4237308779;0.3673358894;1.861711545;2.021113381;0.5472165522;2.179902851;0.241873434;0.9032962107,7.30027027;8.346756757;4.406486486;3.63027027;4.334324324;4.193783784;11.77108108;13.32135135;4.917297297;13.11702703;4.173783784;6.801891892,0.2068752344;0.2771842;0.1219274625;0.06003121792;0.1110862031;0.09640085096;0.3909594244;0.3916589984;0.1461216091;0.3970958167;0.06269097924;0.2517022684,0.1391891892;0.1110810811;0.2075675676;0.24;0.2124324324;0.2194594595;0.06891891892;0.06324324324;0.1918918919;0.06054054054;0.2210810811;0.1416216216,3.72389876;5.470167977;0.5796073736;0.2139841101;0.4711926338;0.3673358894;23.9450387;23.98927478;0.988866209;23.99417108;0.241873434;4.64614695,Bayesian ensemble,2.0,2
FreshSky-Safe,2,18,219.98297297297296,12.472162162162162,11.821675675675674,20.0,33.0,28.55990990990991,0.004617117117117117,0.0008783783783783784,0.16603603603603603,0.062162162162162166,0.8708247783327071,18.0,93.0,0.016936936936936937,188,11100,0.18836331238273626,0.39416010714460115,23.9905735514951,0.4064864864864865,True,True,0.95;0.2298402862;0.2514208534;0.95;0.8064515181;0.2889292384;0.86964094;0.95;0.4229897239;0.9113191376;0.93510967;0.8418183031,0.2641897105;1.968390267;1.804941085;0.3377909827;0.5254308787;1.582364629;0.451552802;0.2372894534;1.10910177;0.3983676074;0.3641087485;0.4846132827,4.086216216;12.47216216;10.89135135;4.161891892;5.151621622;11.28945946;4.468648649;3.98;8.15027027;4.420810811;4.44027027;4.982702703,0.06983176671;0.3936780535;0.3941601071;0.08727788634;0.1322097697;0.3857548366;0.1171596459;0.06297790357;0.2967596629;0.1014222395;0.09417623575;0.124951641,0.2240540541;0.06216216216;0.0672972973;0.2210810811;0.1805405405;0.0772972973;0.2035135135;0.2278378378;0.1075675676;0.2148648649;0.2148648649;0.1913513514,0.2641897105;23.97971476;23.99057355;0.3377909827;0.776292636;22.63084935;0.554658406;0.2372894534;7.854849567;0.3983676074;0.3641087485;0.6538398482,Bayesian ensemble,2.0,2
FreshSky-Safe,2,19,307.3518918918919,14.905945945945946,13.639459459459458,26.0,41.0,35.042792792792795,0.010315315315315316,0.001081081081081081,0.11126126126126128,0.05162162162162162,0.8681176606855071,25.0,86.0,0.033153153153153155,368,11100,0.2920152959470574,0.39944675669236435,23.99721232470697,0.4064864864864865,True,True,0.8339118425;0.4218873338;0.3658373363;0.3670076204;0.481511622;0.1930715746;0.2120595117;0.3057773787;0.5446939528;0.4653449839;0.3623629999;0.8770434254,0.4938172966;1.111838862;1.270411673;1.266646367;0.9794527448;2.342239302;2.1308523;1.500722279;0.8655191693;1.012509865;1.281724896;0.4425090154,4.743243243;9.746756757;9.3;9.188918919;7.801081081;14.90594595;12.60324324;9.623243243;6.751351351;7.463783784;9.224864865;4.695675676,0.1299940667;0.2773587216;0.3426677972;0.3536339723;0.2625992224;0.3994467567;0.3967992526;0.3820757802;0.2357954926;0.2791243411;0.3339412972;0.1107468509,0.192972973;0.09135135135;0.09594594595;0.09081081081;0.1145945946;0.05162162162;0.06621621622;0.08216216216;0.1391891892;0.1194594595;0.09432432432;0.1964864865,0.7752691863;9.565744072;15.87410111;14.73286645;6.778109793;23.99721232;23.9781354;22.54550356;5.186230032;6.262864994;12.33141948;0.5700360617,Bayesian ensemble,2.0,2
FreshSky-Safe,4,0,263.2908108108108,13.086216216216217,12.847783783783784,24.0,38.0,32.67207207207207,0.007815315315315315,0.0005630630630630631,0.15211711711711715,0.06432432432432432,0.8482636156894565,20.0,72.0,0.02027027027027027,225,11100,0.21717671627196491,0.402235410841772,23.990467759637276,0.4064864864864865,True,True,0.95;0.2315765095;0.95;0.8081176242;0.6281327393;0.795200025;0.3394136806;0.9476946562;0.5005847781;0.95;0.23436609;0.2528380647,0.3369544871;1.95400716;0.2191119648;0.5235225351;0.7414402559;0.5383055036;1.361973486;0.3438720469;0.9427001774;0.2738400263;1.931388168;1.795260579,4.196756757;12.64675676;4.008378378;5.328918919;6.422162162;5.101621622;10.51972973;4.288918919;8.06972973;4.509459459;12.6527027;13.08621622,0.08760816665;0.3960825323;0.05797584149;0.1407851142;0.1943775806;0.1486887094;0.3835611818;0.0851315662;0.2473951006;0.06712781185;0.3951515793;0.4022354108,0.2227027027;0.06432432432;0.2286486486;0.1913513514;0.1586486486;0.1932432432;0.08405405405;0.2178378378;0.1218918919;0.2097297297;0.06621621622;0.06675675676,0.3369544871;23.98611924;0.2191119648;0.8940901405;1.765761024;1.091527518;22.79301899;0.3438720469;4.369701952;0.2738400263;23.98550078;23.99046776,Bayesian ensemble,2.0,4
FreshSky-Safe,4,1,318.01324324324327,14.797837837837838,14.696756756756757,28.0,43.0,38.094144144144146,0.013851351351351352,0.002274774774774775,0.13313063063063066,0.05945945945945946,0.7575797609268877,25.0,88.0,0.07036036036036036,781,11100,0.2774375076596679,0.4009319510861356,23.99994003149108,0.4064864864864865,True,True,0.5605092249;0.2181252996;0.2316669551;0.3707979081;0.95;0.95;0.2020086086;0.95;0.325972712;0.8362721814;0.2993435181;0.2334007936,0.8400796556;2.072097608;1.953264399;1.254604531;0.2976063768;0.2276934429;2.237061952;0.2579608484;1.414030367;0.4910760745;1.530799061;1.939147999,6.566756757;14.79783784;13.51756757;9.306216216;3.934864865;3.757837838;14.61405405;4.105135135;9.540810811;4.571081081;11.39918919;13.08459459,0.2433960516;0.3970587039;0.3980436099;0.3546800917;0.08011241926;0.06664648614;0.398438872;0.06944027162;0.3867564138;0.1402884894;0.3934567315;0.4009319511,0.1502702703;0.05945945946;0.06567567568;0.09567567568;0.2305405405;0.2548648649;0.06081081081;0.2362162162;0.09054054054;0.2132432432;0.07513513514;0.06513513514,4.040876212;23.99102781;23.99994003;19.48212041;0.2976063768;0.2276934429;23.99741847;0.2579608484;22.52930998;0.8553803727;23.97113987;23.99592366,Bayesian ensemble,2.0,4
FreshSky-Safe,4,2,280.6418918918919,16.446216216216218,14.140378378378376,24.0,40.0,33.90810810810811,0.009144144144144144,0.0020495495495495494,0.14128378378378378,0.05189189189189189,0.8591241557663067,22.0,87.0,0.02945945945945946,327,11100,0.23866034128536376,0.40065017049954454,23.99999833779977,0.4064864864864865,True,True,0.2983974043;0.4720337023;0.7619171253;0.95;0.6042558466;0.7527600943;0.6803453125;0.2438339011;0.7053294905;0.1925045361;0.95;0.2931742638,1.535332493;0.9986066978;0.5764720931;0.328976203;0.7746227687;0.5870535051;0.6736618433;1.858825842;0.6430324214;2.34929577;0.2710575607;1.560894842,11.01297297;8.012162162;5.427567568;4.284054054;6.937837838;5.282162162;6.406756757;12.25378378;5.91972973;16.44621622;4.403243243;9.834864865,0.387152761;0.2628764658;0.15206399;0.08437795044;0.206845215;0.1567591522;0.1764265746;0.3963820512;0.1729235836;0.4006501705;0.07091451858;0.3965516625,0.07918918919;0.1194594595;0.1867567568;0.2224324324;0.1448648649;0.1862162162;0.1637837838;0.06675675676;0.1724324324;0.05189189189;0.2181081081;0.08351351351,23.89101478;4.984673675;0.9294162793;0.328976203;3.320850455;1.122321031;2.04197106;23.97730313;1.615162107;23.99999834;0.2710575607;22.82353376,Bayesian ensemble,2.0,4
FreshSky-Safe,4,3,338.9289189189189,13.16027027027027,12.961972972972973,29.0,44.0,37.82747747747748,0.014144144144144144,0.0012837837837837837,0.11635135135135137,0.06432432432432432,0.7635111799259136,27.0,74.0,0.045585585585585585,506,11100,0.3152239318282842,0.3965147456743761,23.996942914875593,0.4064864864864865,True,True,0.2469621281;0.8215561338;0.8932287906;0.3220866759;0.225348274;0.2465631425;0.4834834838;0.2778755806;0.2645088005;0.3014458345;0.9387067142;0.2969367479,1.836175919;0.5080937316;0.4222105672;1.429873819;2.006740312;1.839030251;0.9755450403;1.641436133;1.719737046;1.520828652;0.3585144156;1.542388958,13.16027027;4.581351351;4.305405405;9.581621622;12.79972973;12.79216216;7.644864865;10.80891892;12.64432432;11.49216216;4.302702703;12.00567568,0.3965147457;0.1450126974;0.1165072944;0.3934085264;0.3964668021;0.3951429863;0.2894995822;0.3917265149;0.3941451392;0.3896609628;0.09650820485;0.3780937258,0.06864864865;0.2175675676;0.2291891892;0.08837837838;0.06513513514;0.06432432432;0.132972973;0.08;0.07108108108;0.08054054054;0.2262162162;0.07216216216,23.99694291;0.9404686578;0.4666317017;23.64167269;23.98419776;23.96169057;8.397346652;23.95079393;23.97633413;23.98297756;0.3585144156;23.99396233,Bayesian ensemble,2.0,4
FreshSky-Safe,4,4,311.15216216216214,14.291891891891892,13.179851351351349,26.0,39.0,34.40495495495495,0.008018018018018018,0.0012612612612612612,0.11468468468468468,0.06405405405405405,0.9129157093335157,26.849999999999454,98.0,0.021351351351351352,237,11100,0.2823740628419867,0.3952139650199444,23.99586619484043,0.4064864864864865,True,True,0.662118963;0.6741961796;0.3640876;0.2460798207;0.2372011855;0.4128728207;0.5024050881;0.4159209977;0.2309431598;0.4380235493;0.7287104513;0.5641011845,0.6966749552;0.6813572012;1.27608378;1.842501298;1.908996959;1.13470463;0.9393093506;1.126874486;1.959226317;1.072981387;0.6151471375;0.8344446437,6.530540541;6.597297297;10.37864865;12.07189189;14.29189189;8.329189189;7.404054054;9.637567568;12.27;8.474324324;6.10027027;6.798378378,0.1922446295;0.1791785289;0.3172965075;0.3943948724;0.395213965;0.3103570503;0.2487900442;0.288723517;0.3934338253;0.2810051255;0.1620995835;0.225751105,0.1581081081;0.1564864865;0.08891891892;0.07135135135;0.06405405405;0.1127027027;0.1289189189;0.1018918919;0.06621621622;0.1143243243;0.162972973;0.1502702703,2.270074597;1.569500408;12.83468097;23.99257917;23.99586619;8.653480586;3.932402856;6.756866266;23.98158994;6.640683585;1.26058855;3.07555715,Bayesian ensemble,2.0,4
FreshSky-Safe,4,5,295.9908108108108,14.571621621621622,13.269905405405403,26.0,41.0,34.83468468468468,0.010337837837837838,0.0007657657657657658,0.13202702702702704,0.06108108108108108,0.8327857210160985,24.0,76.0,0.012432432432432432,138,11100,0.2523446406421191,0.3911709443785937,23.996260682679655,0.4064864864864865,True,True,0.9411489522;0.4821824971;0.3825098869;0.7544254172;0.3523107703;0.8677360717;0.95;0.2189202535;0.8265150398;0.3376263363;0.2625732011;0.2699141276,0.3546353857;0.9781203331;1.218803669;0.5851252029;1.315645181;0.4538598372;0.2241414152;2.064668323;0.5023771293;1.368663091;1.731770293;1.687095206,4.693243243;8.079459459;9.284864865;5.944864865;11.02918919;5.026756757;4.324864865;14.57162162;4.716216216;10.13945946;12.03594595;12.20486486,0.08885054122;0.2638281331;0.334347493;0.1503929913;0.345267965;0.1138329538;0.05748924407;0.3911709444;0.1308896088;0.3750876688;0.3889462469;0.3880318973,0.2110810811;0.1218918919;0.09621621622;0.1713513514;0.08216216216;0.1935135135;0.2183783784;0.06108108108;0.1997297297;0.08648648649;0.06918918919;0.07324324324,0.3546353857;6.053008328;10.25812842;1.140500811;16.69790422;0.615439349;0.2241414152;23.96874781;0.9118856464;20.79443785;23.99626068;23.95137604,Bayesian ensemble,2.0,4
FreshSky-Safe,4,6,221.3116216216216,10.784324324324324,10.242202702702702,20.0,30.0,26.232432432432432,0.0018918918918918919,0.00015765765765765765,0.15853603603603603,0.08,0.9154917114568685,19.0,67.0,0.0,0,11100,0.17412991284814372,0.37011166756372915,22.68474512260107,0.4064864864864865,True,True,0.6600953202;0.4082536129;0.95;0.8542797728;0.5796663152;0.95;0.7238759829;0.298421524;0.95;0.3698913443;0.95;0.5870736138,0.6992694381;1.146768836;0.2551559305;0.4699577518;0.8105930222;0.2156180293;0.6208604762;1.535216558;0.2628816135;1.257463669;0.2571157349;0.7995478023,5.845135135;9.156216216;4.497837838;4.836756757;7.715675676;4.491621622;6.473243243;10.78432432;4.222702703;9.798648649;4.249459459;6.991351351,0.1831329961;0.3006393976;0.06192703395;0.1193946721;0.1984857509;0.05332175589;0.1401131075;0.3701116676;0.0655783052;0.3242217135;0.06518231333;0.2074502406,0.1637837838;0.1016216216;0.2081081081;0.1997297297;0.1262162162;0.2094594595;0.1505405405;0.08;0.2108108108;0.0972972973;0.2183783784;0.1364864865,1.597077752;7.203065091;0.2551559305;0.6798310071;3.337709289;0.2156180293;1.283441905;22.68474512;0.2628816135;10.35151906;0.2571157349;2.795930221,Bayesian ensemble,2.0,4
FreshSky-Safe,4,7,253.07297297297296,17.687567567567566,14.484932432432426,23.0,41.0,35.30945945945946,0.010833333333333334,0.0033333333333333335,0.1624774774774775,0.05243243243243243,0.8619149300110808,19.0,119.0,0.025225225225225224,280,11100,0.19414219358325988,0.4020600106001011,23.999095240934455,0.4064864864864865,True,True,0.95;0.8194645516;0.5139536145;0.1957148488;0.2668165055;0.95;0.9166527097;0.2817874583;0.4060368001;0.95;0.95;0.8957240492,0.2129344738;0.5105004868;0.9182376412;2.309972111;1.705631049;0.2143947682;0.3910280632;1.619983796;1.152645744;0.2643493157;0.2202876177;0.4190042049,4.308918919;5.227567568;7.646216216;17.68756757;11.86459459;4.498378378;4.143783784;10.76972973;8.865945946;4.296486486;4.219189189;4.512162162,0.0535789176;0.1301086376;0.2580992289;0.4020600106;0.3941390667;0.05446786003;0.1014559299;0.3835421096;0.3161987649;0.06730190685;0.05822737571;0.1105265146,0.2202702703;0.1856756757;0.1297297297;0.05243243243;0.0772972973;0.2148648649;0.2216216216;0.0772972973;0.1094594595;0.2181081081;0.2272972973;0.2156756757,0.2129344738;0.7315014605;4.500614054;23.99909524;23.00659888;0.2143947682;0.3910280632;23.81593284;7.800538271;0.2643493157;0.2202876177;0.5520336396,Bayesian ensemble,2.0,4
FreshSky-Safe,4,8,292.5943243243243,16.045945945945945,15.592716216216216,26.0,43.0,38.07702702702703,0.011891891891891892,0.004369369369369369,0.14524774774774774,0.05324324324324324,0.8285554174018944,21.0,120.0,0.02927927927927928,325,11100,0.22921191049654713,0.3987491497171563,23.997182999806576,0.4064864864864865,True,True,0.924502767;0.7675714746;0.2938168902;0.223720696;0.8564804989;0.95;0.4732619221;0.198994158;0.3554966144;0.365156396;0.95;0.8950142286,0.3798996382;0.5699618165;1.557699888;2.021057334;0.4673466129;0.2347890628;0.9960890923;2.271318822;1.304697623;1.272612991;0.2590903055;0.4199186836,4.480540541;5.260540541;10.96;15.22189189;5.229459459;4.286756757;8.484594595;16.04594595;10.72054054;9.61;4.251891892;4.251891892,0.1003140396;0.1523492531;0.3826889726;0.3987491497;0.1177208225;0.06136243885;0.2654442824;0.3934906391;0.3624943665;0.3332870237;0.06631311332;0.1163288245,0.2121621622;0.187027027;0.07837837838;0.05945945946;0.1894594595;0.2210810811;0.1172972973;0.05324324324;0.08594594595;0.09675675676;0.2189189189;0.2232432432,0.3798996382;1.079847266;23.20449051;23.98028291;0.7367330643;0.2347890628;6.737425477;23.997183;13.85502155;11.59497158;0.2590903055;0.4597560509,Bayesian ensemble,2.0,4
FreshSky-Safe,4,9,309.0935135135135,15.037837837837838,14.493932432432432,27.0,43.0,37.07297297297297,0.01313063063063063,0.0021846846846846845,0.13594594594594595,0.05324324324324324,0.8067344519157136,24.0,93.0,0.0681081081081081,756,11100,0.258179740325948,0.400758568047397,23.99895233154084,0.4064864864864865,True,True,0.3257577326;0.6871221964;0.2523803769;0.1963495047;0.5437054116;0.2493362779;0.95;0.4363495231;0.95;0.6652629851;0.95;0.2127973752,1.414897118;0.6652565043;1.798374164;2.302374716;0.8671448273;1.819394726;0.209506079;1.076896197;0.2790122724;0.6926602831;0.247425482;2.123503268,10.76783784;6.089189189;11.65891892;15.03783784;7.28027027;12.74297297;4.020540541;7.89972973;4.092702703;6.018378378;4.061081081;14.04891892,0.3682556552;0.1738656864;0.3917539396;0.4007376533;0.247019094;0.400758568;0.05679313438;0.3166656925;0.07555953971;0.1997482492;0.06640364962;0.400596022,0.08432432432;0.1659459459;0.07216216216;0.05324324324;0.1405405405;0.07027027027;0.2310810811;0.1197297297;0.2310810811;0.1716216216;0.2308108108;0.06054054054,21.38954724;1.591539026;23.98376384;23.99895233;5.074317237;23.99407707;0.209506079;9.507235345;0.2790122724;2.048621982;0.247425482;23.99686293,Bayesian ensemble,2.0,4
FreshSky-Safe,4,10,344.89675675675676,15.207297297297297,15.088527027027027,31.0,47.0,41.46981981981982,0.01864864864864865,0.0036936936936936937,0.11236486486486486,0.05702702702702703,0.8285170728277944,28.0,105.0,0.08981981981981982,997,11100,0.3075663772353823,0.40066418674338794,23.99632329541055,0.4064864864864865,True,True,0.2210551088;0.5230742899;0.4621770162;0.8877431859;0.3493760462;0.4491418585;0.5565464418;0.34857734;0.2223217792;0.6900300697;0.2104662511;0.2177243916,2.045012567;0.9021077578;1.019211399;0.4291816563;1.325898395;1.047619095;0.8463561798;1.328717478;2.03354937;0.6616731043;2.146920017;2.075867389,14.4027027;7.865405405;8.484594595;4.360540541;11.10810811;7.718378378;6.892972973;9.749459459;14.99135135;5.705405405;15.2072973;14.08297297,0.3968429791;0.2596607465;0.2829000289;0.1176189728;0.3372082133;0.3108880449;0.2415546286;0.3627039603;0.4006641867;0.1883085889;0.3974703274;0.3949758492,0.05864864865;0.1359459459;0.1218918919;0.2235135135;0.08054054054;0.1275675676;0.1451351351;0.1;0.06135135135;0.1786486486;0.05810810811;0.05702702703,23.99480044;4.646370672;9.568455968;0.4875449689;17.86468441;12.07619194;4.556274158;17.86970315;23.99267986;2.355057939;23.9963233;23.99568375,Bayesian ensemble,2.0,4
FreshSky-Safe,4,11,285.8586486486486,14.50027027027027,13.121999999999998,25.0,38.0,33.53243243243243,0.007927927927927928,0.0007432432432432432,0.12668918918918917,0.06027027027027027,0.8705406445857453,25.0,73.0,0.012702702702702703,141,11100,0.25496019864547154,0.3984151000789929,23.992430214928586,0.4064864864864865,True,True,0.95;0.2935060875;0.6227889451;0.4312530983;0.6153269509;0.4183303984;0.9434799305;0.4987828682;0.6260188518;0.4351735249;0.2492611008;0.2092716103,0.3358641596;1.559243329;0.7487311135;1.088976442;0.7590395275;1.120756955;0.3508668233;0.9460759936;0.7443154627;1.079661914;1.819920828;2.159149808,4.488648649;11.04513514;7.122162162;7.924324324;7.622162162;9.550810811;4.282162162;7.737567568;7.566216216;8.732972973;11.99432432;14.50027027,0.08559997366;0.3763254844;0.1973007664;0.3060906757;0.1959142564;0.2947287883;0.09169951843;0.2436784924;0.1782333784;0.3034725381;0.3984151001;0.3880634114,0.2164864865;0.07891891892;0.1481081081;0.1172972973;0.1421621622;0.09864864865;0.2194594595;0.1210810811;0.1391891892;0.1083783784;0.07027027027;0.06027027027,0.3358641596;23.74324964;2.441117795;7.756693751;2.513276692;9.317090774;0.3508668233;4.152911924;1.777261851;7.993238288;23.9713702;23.99243021,Bayesian ensemble,2.0,4
FreshSky-Safe,4,12,306.14054054054054,12.993243243243244,12.454391891891891,26.0,37.0,32.94504504504504,0.006148648648648648,0.00018018018018018018,0.11844594594594593,0.06432432432432432,0.8518565780432874,26.0,68.0,0.01054054054054054,117,11100,0.275690126572174,0.39726587764042365,23.983853969632527,0.4064864864864865,True,True,0.2277146089;0.9318683167;0.4490225566;0.364868936;0.3264467419;0.2532754659;0.5108922966;0.7249468559;0.885090931;0.3371942215;0.4510893652;0.3770521179,1.986329388;0.369039043;1.047885528;1.273544601;1.412123145;1.792296255;0.9237509324;0.6195927545;0.4325165816;1.370290719;1.043286736;1.235229773,12.99324324;4.466216216;8.725945946;9.710810811;10.45108108;12.01351351;7.87972973;5.919459459;4.530810811;10.50351351;9.077837838;9.725675676,0.3972658776;0.09245924132;0.2976561325;0.3393824262;0.3671520178;0.3947895804;0.2371792935;0.1528886986;0.1124543112;0.3384988424;0.2667430412;0.3118120561,0.06432432432;0.2143243243;0.1097297297;0.09540540541;0.08243243243;0.07243243243;0.1240540541;0.1651351351;0.2121621622;0.08243243243;0.1072972973;0.09162162162,23.98385397;0.369039043;7.66753561;12.8629343;18.55157121;23.96621121;5.885011189;1.278371018;0.4975497449;16.80366378;5.632867362;10.73982523,Bayesian ensemble,2.0,4
FreshSky-Safe,4,13,220.9756756756757,12.491621621621622,11.7845,21.0,34.0,28.877027027027026,0.004369369369369369,4.5045045045045046e-05,0.16004504504504505,0.06513513513513514,0.9099063079286588,19.0,62.0,0.0046846846846846845,52,11100,0.1816624409900602,0.3913681222551318,23.973710276472037,0.4064864864864865,True,True,0.931036637;0.7159624459;0.6775674106;0.3509019354;0.95;0.7562371291;0.2357345475;0.5713184825;0.95;0.8385292043;0.9458583108;0.3749843981,0.3702883284;0.6302691506;0.6771299559;1.320546841;0.2764601871;0.5830294735;1.920506701;0.8232731646;0.2265612916;0.488449848;0.3469497415;1.241568686,4.524594595;5.711351351;7.118648649;11.20594595;4.355135135;5.75972973;12.49162162;6.808108108;4.324864865;5.140540541;4.8;9.806486486,0.09137114699;0.1677878685;0.1632432218;0.3415576559;0.07001167441;0.1484361524;0.3913681223;0.2222837544;0.05915086694;0.1300332704;0.07726664513;0.3174389127,0.2094594595;0.1724324324;0.1508108108;0.08540540541;0.212972973;0.172972973;0.06513513514;0.1472972973;0.2202702703;0.1964864865;0.1913513514;0.09594594595,0.3702883284;1.781614904;1.508519823;13.23281047;0.2764601871;0.9490884205;23.97371028;3.386185317;0.2265612916;0.8422492401;0.3469497415;9.345884816,Bayesian ensemble,2.0,4
FreshSky-Safe,4,14,301.8748648648649,13.437027027027026,12.680702702702702,26.0,40.0,34.61036036036036,0.009617117117117118,0.0013063063063063064,0.12054054054054053,0.06297297297297297,0.8647920144685586,25.0,83.0,0.016396396396396395,182,11100,0.2734703703353844,0.4020321768459233,23.999727496276993,0.4064864864864865,True,True,0.3969158517;0.64914127;0.685168137;0.2123384503;0.8391928019;0.2547057577;0.6450583303;0.3536782427;0.3495021855;0.2638904463;0.8142278578;0.4332858251,1.177446822;0.7134614509;0.6676722331;2.128067317;0.4876767217;1.782678959;0.7188179662;1.310923092;1.325454306;1.723560971;0.5165166625;1.084128614,8.926756757;6.377297297;5.929459459;13.43702703;5.091351351;11.84810811;6.052972973;11.47;10.22918919;12.06189189;5.385405405;9.191891892,0.3080455469;0.1941772111;0.1811737627;0.4020321768;0.1253460979;0.3917075659;0.1923323747;0.3401313969;0.3532156611;0.3805808954;0.1322003458;0.2807014088,0.0972972973;0.1564864865;0.1659459459;0.06297297297;0.1908108108;0.0672972973;0.1654054054;0.08027027027;0.08702702703;0.07567567568;0.192972973;0.1043243243,12.7655324;1.653845804;1.738361165;23.9997275;0.750706887;23.97828643;1.675271865;15.34446243;16.19453518;23.89117027;0.9825833124;8.493671985,Bayesian ensemble,2.0,4
FreshSky-Safe,4,15,279.4397297297297,16.453783783783784,14.348918918918917,24.0,39.0,34.00810810810811,0.0090990990990991,0.0022972972972972973,0.14216216216216215,0.05027027027027027,0.8645971894247704,22.0,105.0,0.0409009009009009,454,11100,0.2319916134869937,0.3977496990986115,23.99109558195358,0.4064864864864865,True,True,0.95;0.6682774533;0.3936552323;0.8783623152;0.2542081145;0.6112416568;0.1961261937;0.2603661895;0.4858854259;0.9440218225;0.777121657;0.6438927182,0.2609434761;0.6888292002;1.186565108;0.4408835581;1.786011998;0.7647485898;2.305041448;1.74572184;0.9708198352;0.349980936;0.5589976316;0.7203540735,4.361351351;5.613783784;9.23027027;4.876756757;12.62675676;6.488918919;16.45378378;11.05945946;7.381351351;4.526216216;5.597837838;7.156216216,0.06756320272;0.1975264274;0.3293519907;0.1096251009;0.3977496991;0.2124760947;0.3974639037;0.3972696727;0.2665818791;0.0888194862;0.1389940057;0.180477899,0.2221621622;0.1751351351;0.09702702703;0.2013513514;0.07162162162;0.1545945946;0.05027027027;0.07324324324;0.1286486486;0.2140540541;0.1778378378;0.14,0.2609434761;1.865950403;9.983518341;0.5635342323;23.99109558;2.917988718;23.98902042;23.9874139;4.049838022;0.349980936;0.8769928948;2.162832588,Bayesian ensemble,2.0,4
FreshSky-Safe,4,16,315.9316216216216,15.614324324324324,15.298148648648649,27.0,46.0,39.141891891891895,0.01587837837837838,0.003490990990990991,0.13502252252252253,0.056486486486486485,0.8171311169406127,23.0,109.0,0.07693693693693694,854,11100,0.2678791206389793,0.4005955905712983,23.99869766478449,0.4064864864864865,True,True,0.3932789834;0.7735119064;0.901603995;0.8416273572;0.2260479039;0.7045979448;0.6624829137;0.1982197585;0.7522839954;0.3841282698;0.2247729528;0.2144342016,1.187626136;0.5631378354;0.4113518347;0.4848363331;2.00065631;0.6439160289;0.6962092138;2.280313362;0.5876051337;1.214015836;2.011774821;2.107404393,9.254594595;4.971351351;4.248648649;5.352972973;13.11567568;5.411621622;5.555135135;15.03945946;4.961351351;9.081081081;13.24;15.61432432,0.3119925957;0.1648319664;0.1122879333;0.1255332992;0.3958055187;0.1860395229;0.2011480134;0.4005955906;0.1667528082;0.3523927048;0.4001800724;0.3969894221,0.09648648649;0.2016216216;0.2227027027;0.1913513514;0.06216216216;0.1886486486;0.1756756757;0.05648648649;0.1997297297;0.1032432432;0.06567567568;0.05648648649,14.16893294;1.141964848;0.4340555041;0.8241816656;23.93603078;1.883076318;1.881046069;23.99312358;1.525630802;14.64472844;23.97816987;23.99869766,Bayesian ensemble,2.0,4
FreshSky-Safe,4,17,257.42459459459457,14.69,14.013797297297296,24.0,39.0,33.851351351351354,0.008738738738738738,0.001328828828828829,0.156509009009009,0.05810810810810811,0.8513569354860435,20.0,81.0,0.03648648648648649,405,11100,0.20954128363055377,0.3953283279118267,23.99028513766562,0.4064864864864865,True,True,0.6058267012;0.4606290406;0.8627452041;0.95;0.8920394043;0.9329954481;0.2434414901;0.2237143759;0.7874097494;0.2072792387;0.95;0.5223938409,0.772389876;1.022513998;0.4598691245;0.2139841101;0.4237308779;0.3673358894;1.861711545;2.021113381;0.5472165522;2.179902851;0.241873434;0.9032962107,6.742972973;8.505675676;4.559459459;3.757027027;4.657837838;4.196216216;13.32702703;13.46054054;5.144324324;14.69;4.200540541;7.305135135,0.2072927424;0.2785659757;0.123294641;0.05951071603;0.112002378;0.09540805126;0.3909594244;0.3905665047;0.14567792;0.3953283279;0.06223338086;0.2536553413,0.1535135135;0.1135135135;0.2151351351;0.2367567568;0.2059459459;0.2183783784;0.06108108108;0.06378378378;0.1916216216;0.05810810811;0.2224324324;0.1378378378,2.068678512;5.825139981;0.6394764981;0.2139841101;0.4711926338;0.3673358894;23.9689044;23.9869663;0.8416496567;23.99028514;0.241873434;4.632962107,Bayesian ensemble,2.0,4
FreshSky-Safe,4,18,237.87675675675675,14.092972972972973,13.069378378378376,22.0,38.0,31.793243243243243,0.007972972972972973,0.0005855855855855856,0.16515765765765764,0.060810810810810814,0.8679402735512952,19.0,77.0,0.013513513513513514,150,11100,0.18790759650939579,0.39421005084841226,23.995742496635692,0.4064864864864865,True,True,0.95;0.2298402862;0.2514208534;0.95;0.8064515181;0.2889292384;0.86964094;0.95;0.4229897239;0.9113191376;0.93510967;0.8418183031,0.2641897105;1.968390267;1.804941085;0.3377909827;0.5254308787;1.582364629;0.451552802;0.2372894534;1.10910177;0.3983676074;0.3641087485;0.4846132827,4.218108108;14.09297297;11.76405405;4.185675676;5.24;12.23189189;4.626486486;4.218378378;9.404324324;4.422702703;4.524594595;5.197297297,0.07061719558;0.3942100508;0.3941601071;0.08636493774;0.1324937864;0.3767738481;0.1182580176;0.06265724215;0.2976589346;0.1014222395;0.0946682746;0.1256065238,0.2224324324;0.06081081081;0.06918918919;0.2183783784;0.1813513514;0.07135135135;0.2043243243;0.2221621622;0.1045945946;0.2143243243;0.2175675676;0.1954054054,0.2641897105;23.97971476;23.9957425;0.3377909827;0.9017235147;23.68897162;0.554658406;0.2372894534;10.32742478;0.3983676074;0.3641087485;0.8230664136,Bayesian ensemble,2.0,4
FreshSky-Safe,4,19,332.36108108108107,16.124864864864865,15.4995,28.0,45.0,38.8536036036036,0.014391891891891892,0.0033333333333333335,0.11006756756756758,0.05378378378378378,0.8577231383855558,27.0,101.0,0.027567567567567567,306,11100,0.2922519108629617,0.39944675669236435,23.993752970100473,0.4064864864864865,True,True,0.8339118425;0.4218873338;0.3658373363;0.3670076204;0.481511622;0.1930715746;0.2120595117;0.3057773787;0.5446939528;0.4653449839;0.3623629999;0.8770434254,0.4938172966;1.111838862;1.270411673;1.266646367;0.9794527448;2.342239302;2.1308523;1.500722279;0.8655191693;1.012509865;1.281724896;0.4425090154,4.888108108;9.612432432;10.81405405;9.078918919;8.368378378;14.98783784;16.12486486;10.36810811;6.621891892;8.512162162;10.50027027;4.965135135,0.1309283157;0.2797626975;0.3454146332;0.3484989195;0.2602167698;0.3994467567;0.3956474405;0.3869429876;0.2304152383;0.2818608542;0.3380982428;0.1097900746,0.1962162162;0.0972972973;0.09027027027;0.09513513514;0.1113513514;0.05378378378;0.05648648649;0.08216216216;0.1408108108;0.1105405405;0.08891891892;0.1978378378,0.7752691863;8.643327006;14.44193851;12.53256196;7.132885683;23.99317418;23.99375297;23.52672432;4.051749201;6.512746617;15.13141948;0.5275270463,Bayesian ensemble,2.0,4
FreshSky-Safe,8,0,265.21054054054053,13.86945945945946,13.263567567567566,25.0,39.0,33.847747747747746,0.008603603603603604,0.0013963963963963964,0.15304054054054053,0.060810810810810814,0.8596104364976259,20.0,87.0,0.024324324324324326,270,11100,0.21757523851366842,0.4007797941559755,23.998622883977745,0.4064864864864865,True,True,0.95;0.2315765095;0.95;0.8081176242;0.6281327393;0.795200025;0.3394136806;0.9476946562;0.5005847781;0.95;0.23436609;0.2528380647,0.3369544871;1.95400716;0.2191119648;0.5235225351;0.7414402559;0.5383055036;1.361973486;0.3438720469;0.9427001774;0.2738400263;1.931388168;1.795260579,4.205945946;13.86945946;4.221621622;5.102702703;6.475675676;5.148648649;9.958108108;4.513243243;8.615135135;4.487567568;12.39486486;12.76783784,0.08697068519;0.3971387524;0.05833115819;0.1400776513;0.1965818624;0.1492706613;0.3784077686;0.08373749033;0.2547838317;0.06601764958;0.3988055569;0.4007797942,0.2213513514;0.06081081081;0.2254054054;0.197027027;0.1575675676;0.1951351351;0.09297297297;0.2118918919;0.1251351351;0.2054054054;0.07081081081;0.07297297297,0.3369544871;23.99862288;0.2191119648;1.017612676;2.048641536;0.8149165108;16.33670083;0.3438720469;3.684301597;0.2738400263;23.99010121;23.99426286,Bayesian ensemble,2.0,8
FreshSky-Safe,8,1,332.4418918918919,15.26108108108108,14.73635135135135,31.0,47.0,40.51036036036036,0.01912162162162162,0.0019144144144144144,0.13166666666666668,0.06,0.7634105470904203,26.0,85.0,0.06630630630630631,736,11100,0.278596978346669,0.4046006094620873,23.997418465139447,0.4064864864864865,True,True,0.5605092249;0.2181252996;0.2316669551;0.3707979081;0.95;0.95;0.2020086086;0.95;0.325972712;0.8362721814;0.2993435181;0.2334007936,0.8400796556;2.072097608;1.953264399;1.254604531;0.2976063768;0.2276934429;2.237061952;0.2579608484;1.414030367;0.4910760745;1.530799061;1.939147999,7.164864865;15.26108108;14.19162162;9.986216216;3.995945946;3.833243243;14.27594595;4.291621622;11.45864865;4.860810811;11.61702703;14.30702703,0.2479370227;0.3976187303;0.3985715192;0.3618008201;0.0800319851;0.06529263323;0.3996480947;0.06790645036;0.3913424583;0.13909398;0.3893194367;0.4046006095,0.1486486486;0.06;0.06567567568;0.09864864865;0.2321621622;0.2467567568;0.06;0.2294594595;0.08432432432;0.21;0.07918918919;0.06513513514,4.440876212;23.99669688;23.99586392;16.17161167;0.2976063768;0.2276934429;23.99741847;0.2579608484;21.35737072;0.7643042981;23.40232672;23.99592366,Bayesian ensemble,2.0,8
FreshSky-Safe,8,2,301.37054054054056,18.618108108108107,16.665608108108106,27.0,46.0,38.76531531531531,0.015427927927927928,0.003288288288288288,0.14024774774774776,0.049189189189189186,0.8655067315974242,23.0,105.0,0.04297297297297297,477,11100,0.23910711849284447,0.39874533609146423,23.999999002679786,0.4064864864864865,True,True,0.2983974043;0.4720337023;0.7619171253;0.95;0.6042558466;0.7527600943;0.6803453125;0.2438339011;0.7053294905;0.1925045361;0.95;0.2931742638,1.535332493;0.9986066978;0.5764720931;0.328976203;0.7746227687;0.5870535051;0.6736618433;1.858825842;0.6430324214;2.34929577;0.2710575607;1.560894842,10.78351351;8.293513514;5.578378378;4.564324324;7.127837838;5.487297297;6.431891892;15.06810811;5.881891892;18.61810811;4.618108108;10.15432432,0.3875677158;0.2661151903;0.1500385475;0.08384447552;0.2135446551;0.1569178153;0.1762445039;0.3978892073;0.1715332432;0.3987453361;0.06944934257;0.3973953894,0.08513513514;0.1213513514;0.1821621622;0.2132432432;0.1494594595;0.1835135135;0.1656756757;0.05972972973;0.1754054054;0.04918918919;0.21;0.08810810811,23.12594705;4.190246884;0.9294162793;0.328976203;2.273113843;1.522321031;1.24197106;23.97734245;1.372129686;23.999999;0.2710575607;23.30174408,Bayesian ensemble,2.0,8
FreshSky-Safe,8,3,364.7562162162162,15.654054054054054,14.807054054054053,32.0,48.0,41.787837837837834,0.021396396396396396,0.002635135135135135,0.1156981981981982,0.06189189189189189,0.7752899084921328,28.0,96.0,0.05054054054054054,561,11100,0.315839947115887,0.4001133383053227,23.999775462680418,0.4064864864864865,True,True,0.2469621281;0.8215561338;0.8932287906;0.3220866759;0.225348274;0.2465631425;0.4834834838;0.2778755806;0.2645088005;0.3014458345;0.9387067142;0.2969367479,1.836175919;0.5080937316;0.4222105672;1.429873819;2.006740312;1.839030251;0.9755450403;1.641436133;1.719737046;1.520828652;0.3585144156;1.542388958,12.7327027;4.748648649;4.450540541;10.19324324;15.65405405;13.77243243;7.928378378;11.95135135;14.11405405;11.55189189;4.602972973;11.96513514,0.3945296906;0.1437767938;0.1167355163;0.3968865979;0.3970091643;0.4001133383;0.294245477;0.3921701463;0.3960043143;0.389249928;0.09418270594;0.3751756926,0.07135135135;0.2113513514;0.2254054054;0.09135135135;0.06189189189;0.06540540541;0.1343243243;0.07810810811;0.06783783784;0.08243243243;0.22;0.07891891892,23.97629397;0.7242811947;0.4444211345;23.80268214;23.99977546;23.99611235;5.91962145;23.99387791;23.9987162;23.92866578;0.3585144156;23.95929232,Bayesian ensemble,2.0,8
FreshSky-Safe,8,4,330.3116216216216,14.492432432432432,14.031472972972972,29.0,44.0,38.604504504504504,0.01545045045045045,0.001981981981981982,0.11168918918918919,0.0645945945945946,0.9108641291037756,28.0,88.0,0.01144144144144144,127,11100,0.28338928445167816,0.3988766323066961,23.99853179602583,0.4064864864864865,True,True,0.662118963;0.6741961796;0.3640876;0.2460798207;0.2372011855;0.4128728207;0.5024050881;0.4159209977;0.2309431598;0.4380235493;0.7287104513;0.5641011845,0.6966749552;0.6813572012;1.27608378;1.842501298;1.908996959;1.13470463;0.9393093506;1.126874486;1.959226317;1.072981387;0.6151471375;0.8344446437,6.712162162;6.368108108;11.71405405;13.65432432;14.49243243;9.839459459;8.258108108;10.34405405;12.32027027;9.558378378;6.353243243;7.577027027,0.1899851432;0.1764162699;0.3221249326;0.3988766323;0.3988255809;0.3161839119;0.2531057899;0.2853733496;0.3981995109;0.2778151808;0.157111904;0.2266532073,0.1559459459;0.1548648649;0.08405405405;0.06810810811;0.06459459459;0.1027027027;0.1254054054;0.1;0.07135135135;0.1037837838;0.1632432432;0.1462162162,2.180049731;1.525428805;10.98684853;23.99532964;23.99586619;9.649366694;4.071712207;5.995619349;23.9985318;6.240683585;1.475735687;3.041112506,Bayesian ensemble,2.0,8
FreshSky-Safe,8,5,312.8572972972973,17.026486486486487,14.566054054054051,28.0,45.0,38.82297297297297,0.015157657657657657,0.00259009009009009,0.13213963963963962,0.054324324324324325,0.8434111115260169,24.0,115.0,0.008468468468468469,94,11100,0.2538554278750005,0.3950770736377237,23.982193319350777,0.4064864864864865,True,True,0.9411489522;0.4821824971;0.3825098869;0.7544254172;0.3523107703;0.8677360717;0.95;0.2189202535;0.8265150398;0.3376263363;0.2625732011;0.2699141276,0.3546353857;0.9781203331;1.218803669;0.5851252029;1.315645181;0.4538598372;0.2241414152;2.064668323;0.5023771293;1.368663091;1.731770293;1.687095206,4.670540541;8.313783784;10.04189189;6.195675676;11.15540541;5.072702703;4.663783784;17.02648649;4.831351351;10.43945946;12.37216216;12.55297297,0.08635850878;0.2683221995;0.3389591826;0.1499185655;0.3502460819;0.1107663333;0.05688345646;0.3950770736;0.1300749432;0.3776770314;0.3884782009;0.3935035574,0.2078378378;0.1259459459;0.1013513514;0.1694594595;0.08783783784;0.19;0.2113513514;0.05432432432;0.2;0.08837837838;0.07243243243;0.07675675676,0.3546353857;3.337443997;10.29573576;0.9553756086;13.91290362;0.5615795117;0.2241414152;23.97740359;0.7071313878;17.31518675;23.98219332;23.88042399,Bayesian ensemble,2.0,8
FreshSky-Safe,8,6,240.9,12.69135135135135,11.898162162162162,22.0,35.0,30.557207207207206,0.005585585585585586,0.0010585585585585586,0.1572072072072072,0.07405405405405406,0.9095166772477384,20.0,85.0,0.000990990990990991,11,11100,0.17508164799133108,0.3688668973813399,23.961579189764517,0.4064864864864865,True,True,0.6600953202;0.4082536129;0.95;0.8542797728;0.5796663152;0.95;0.7238759829;0.298421524;0.95;0.3698913443;0.95;0.5870736138,0.6992694381;1.146768836;0.2551559305;0.4699577518;0.8105930222;0.2156180293;0.6208604762;1.535216558;0.2628816135;1.257463669;0.2571157349;0.7995478023,6.033783784;9.649189189;4.403513514;4.59027027;8.175945946;4.562162162;6.794864865;12.69135135;4.412972973;11.24918919;4.388378378;7.846756757,0.1852119052;0.3012592727;0.06172015076;0.1168543599;0.200895622;0.05227280332;0.1402809076;0.3688668974;0.06429942167;0.3340775098;0.06476536889;0.2104755566,0.1635135135;0.09918918919;0.2091891892;0.2032432432;0.132972973;0.2075675676;0.1518918919;0.07405405405;0.2089189189;0.08783783784;0.2137837838;0.1343243243,1.297808314;6.403065091;0.2551559305;0.6798310071;4.0953372;0.2156180293;1.283441905;23.96157919;0.2628816135;12.64782012;0.2571157349;2.397739012,Bayesian ensemble,2.0,8
FreshSky-Safe,8,7,258.1116216216216,16.913243243243244,14.67474324324324,24.0,43.0,35.95945945945946,0.012207207207207207,0.0023423423423423423,0.1621171171171171,0.05459459459459459,0.8701944581607597,19.0,104.0,0.02855855855855856,317,11100,0.19488161397301038,0.4020600106001011,23.996653270874976,0.4064864864864865,True,True,0.95;0.8194645516;0.5139536145;0.1957148488;0.2668165055;0.95;0.9166527097;0.2817874583;0.4060368001;0.95;0.95;0.8957240492,0.2129344738;0.5105004868;0.9182376412;2.309972111;1.705631049;0.2143947682;0.3910280632;1.619983796;1.152645744;0.2643493157;0.2202876177;0.4190042049,4.413783784;5.188378378;7.412972973;16.91324324;12.84324324;4.372972973;4.357027027;11.31648649;9.738648649;4.35027027;4.272432432;4.746216216,0.05375156718;0.1296947183;0.2650480543;0.4020600106;0.3946000481;0.05383047018;0.1011388801;0.3861691103;0.3186909719;0.06644455772;0.05787015255;0.1092808264,0.2181081081;0.1883783784;0.1367567568;0.05459459459;0.07837837838;0.217027027;0.2151351351;0.08243243243;0.1067567568;0.2164864865;0.2216216216;0.2097297297,0.2129344738;0.7315014605;3.582376412;23.99665327;20.83883077;0.2143947682;0.3910280632;23.93551154;7.189955295;0.2643493157;0.2202876177;0.5520336396,Bayesian ensemble,2.0,8
FreshSky-Safe,8,8,298.42972972972973,17.93891891891892,15.87924324324324,27.0,46.0,39.66171171171171,0.016193693693693695,0.0036036036036036037,0.14533783783783785,0.051351351351351354,0.8340387405755758,23.0,111.0,0.04288288288288288,476,11100,0.22993391416035858,0.3996293386248993,23.99718299980737,0.4064864864864865,True,True,0.924502767;0.7675714746;0.2938168902;0.223720696;0.8564804989;0.95;0.4732619221;0.198994158;0.3554966144;0.365156396;0.95;0.8950142286,0.3798996382;0.5699618165;1.557699888;2.021057334;0.4673466129;0.2347890628;0.9960890923;2.271318822;1.304697623;1.272612991;0.2590903055;0.4199186836,4.759459459;5.168648649;11.65216216;14.19405405;5.335675676;4.357297297;8.834054054;17.93891892;10.67324324;10.7;4.577567568;4.253783784,0.09969798613;0.1528113843;0.3793209728;0.398202918;0.1177208225;0.05983948277;0.2727130407;0.3996293386;0.3600260197;0.3374144172;0.06652318654;0.1153074007,0.2083783784;0.1902702703;0.07864864865;0.06459459459;0.1916216216;0.217027027;0.1205405405;0.05135135135;0.09162162162;0.09135135135;0.2197297297;0.2189189189,0.3798996382;0.9098854496;22.65088693;23.98072966;0.5346932257;0.2347890628;4.360890923;23.997183;14.36776449;13.9236157;0.2590903055;0.4597560509,Bayesian ensemble,2.0,8
FreshSky-Safe,8,9,328.417027027027,16.055675675675676,15.812783783783784,29.0,46.0,39.58918918918919,0.017747747747747747,0.002072072072072072,0.13574324324324324,0.052702702702702706,0.8068863448622204,25.0,82.0,0.07063063063063063,784,11100,0.259060597829417,0.40260444362694264,23.998640683480815,0.4064864864864865,True,True,0.3257577326;0.6871221964;0.2523803769;0.1963495047;0.5437054116;0.2493362779;0.95;0.4363495231;0.95;0.6652629851;0.95;0.2127973752,1.414897118;0.6652565043;1.798374164;2.302374716;0.8671448273;1.819394726;0.209506079;1.076896197;0.2790122724;0.6926602831;0.247425482;2.123503268,11.27081081;6.551081081;13.20135135;16.05567568;7.313243243;13.56135135;4.129459459;7.696486486;4.152432432;5.928918919;4.145405405;15.61405405,0.3747565339;0.1745848826;0.3898097513;0.4026044436;0.2500658191;0.3987916548;0.05600040867;0.3233599121;0.07367432165;0.2008714821;0.06533370159;0.3988742626,0.08783783784;0.1683783784;0.07;0.0527027027;0.1421621622;0.06675675676;0.2272972973;0.1240540541;0.227027027;0.1772972973;0.2289189189;0.05648648649,16.57053483;1.726282521;23.97400882;23.9920901;3.605737928;23.98073508;0.209506079;5.629989707;0.2790122724;1.570641132;0.247425482;23.99864068,Bayesian ensemble,2.0,8
FreshSky-Safe,8,10,359.8672972972973,17.436216216216216,16.347067567567567,33.0,50.0,43.50855855855856,0.02518018018018018,0.003626126126126126,0.11234234234234235,0.05027027027027027,0.8357756114026009,30.0,89.0,0.09603603603603604,1066,11100,0.30805609037666165,0.4012137946813076,23.99790288217446,0.4064864864864865,True,True,0.2210551088;0.5230742899;0.4621770162;0.8877431859;0.3493760462;0.4491418585;0.5565464418;0.34857734;0.2223217792;0.6900300697;0.2104662511;0.2177243916,2.045012567;0.9021077578;1.019211399;0.4291816563;1.325898395;1.047619095;0.8463561798;1.328717478;2.03354937;0.6616731043;2.146920017;2.075867389,15.45594595;8.495675676;8.708918919;4.457297297;12.56135135;8.244594595;7.166486486;10.14216216;14.31324324;6.075675676;17.43621622;14.43459459,0.3973956852;0.2555159271;0.283450954;0.115299072;0.3407917225;0.3140025882;0.2433845879;0.3648586373;0.4012137947;0.1877720972;0.3968900788;0.3960979397,0.06054054054;0.1340540541;0.1240540541;0.2156756757;0.08054054054;0.1262162162;0.1513513514;0.09810810811;0.06432432432;0.1786486486;0.05027027027;0.06432432432,23.99790288;4.527400852;5.441862182;0.4875449689;19.00570046;6.952381896;3.495342698;15.91124584;23.99496751;2.093384835;23.99724247;23.98704749,Bayesian ensemble,2.0,8
FreshSky-Safe,8,11,304.84864864864863,16.03837837837838,14.519635135135132,28.0,43.0,36.987387387387386,0.01313063063063063,0.0011486486486486486,0.1258108108108108,0.05756756756756757,0.8726074700493305,26.0,74.0,0.016486486486486488,183,11100,0.25596058930792215,0.3989069705729176,23.985792565666316,0.4064864864864865,True,True,0.95;0.2935060875;0.6227889451;0.4312530983;0.6153269509;0.4183303984;0.9434799305;0.4987828682;0.6260188518;0.4351735249;0.2492611008;0.2092716103,0.3358641596;1.559243329;0.7487311135;1.088976442;0.7590395275;1.120756955;0.3508668233;0.9460759936;0.7443154627;1.079661914;1.819920828;2.159149808,4.64;11.66324324;7.026486486;8.625675676;7.607027027;10.12;4.327837838;8.269459459;8.193513514;9.602702703;13.27702703;16.03837838,0.08323984713;0.3788539871;0.1991220042;0.3072679475;0.1936576524;0.2998782122;0.08904431003;0.246746847;0.1806473745;0.3031807376;0.3989069706;0.3909811814,0.2116216216;0.08108108108;0.1513513514;0.1143243243;0.1445945946;0.0972972973;0.2156756757;0.1237837838;0.1356756757;0.1081081081;0.06864864865;0.05756756757,0.3358641596;20.26087605;2.492386681;5.689764424;1.83615811;6.82649341;0.3508668233;3.276455962;1.777261851;6.308505089;23.92202785;23.98579257,Bayesian ensemble,2.0,8
FreshSky-Safe,8,12,327.32756756756754,13.872972972972972,13.612094594594595,29.0,44.0,37.67342342342342,0.014572072072072072,0.0006531531531531532,0.11801801801801802,0.06432432432432432,0.8637040224570093,27.0,67.0,0.006396396396396396,71,11100,0.27662334743047795,0.398339569201614,23.983315549986635,0.4064864864864865,True,True,0.2277146089;0.9318683167;0.4490225566;0.364868936;0.3264467419;0.2532754659;0.5108922966;0.7249468559;0.885090931;0.3371942215;0.4510893652;0.3770521179,1.986329388;0.369039043;1.047885528;1.273544601;1.412123145;1.792296255;0.9237509324;0.6195927545;0.4325165816;1.370290719;1.043286736;1.235229773,13.87297297;4.656756757;8.764864865;10.74891892;11.44513514;13.39864865;8.158378378;6.113513514;4.814594595;11.44216216;10.08351351;10.49621622,0.3983395692;0.0903646954;0.2970897079;0.3421360361;0.3633354687;0.3976960068;0.2386772679;0.1525537836;0.1097656946;0.3451651216;0.2678709188;0.3164858985,0.06432432432;0.2064864865;0.1108108108;0.09756756757;0.08324324324;0.06891891892;0.1245945946;0.1659459459;0.2043243243;0.08459459459;0.1127027027;0.0927027027,23.98331555;0.369039043;7.397138212;8.629624417;16.07286646;23.94458688;3.885011189;1.278371018;0.5625829082;11.80581437;5.735874516;8.304595453,Bayesian ensemble,2.0,8
FreshSky-Safe,8,13,233.79162162162163,13.517027027027027,12.98635135135135,22.0,36.0,31.052252252252252,0.006486486486486486,0.0006081081081081081,0.15905405405405404,0.06675675675675675,0.9083155720220442,19.0,80.0,0.006216216216216216,69,11100,0.18272828634672048,0.39344434571537124,23.999045312543693,0.4064864864864865,True,True,0.931036637;0.7159624459;0.6775674106;0.3509019354;0.95;0.7562371291;0.2357345475;0.5713184825;0.95;0.8385292043;0.9458583108;0.3749843981,0.3702883284;0.6302691506;0.6771299559;1.320546841;0.2764601871;0.5830294735;1.920506701;0.8232731646;0.2265612916;0.488449848;0.3469497415;1.241568686,4.588108108;6.038108108;7.578918919;12.55216216;4.342972973;6.104324324;13.51702703;6.891081081;4.252702703;5.026216216;4.72027027;9.81,0.08926951053;0.1700023277;0.1628772056;0.3451267014;0.06933920369;0.1504846344;0.3934443457;0.2285139297;0.05804867687;0.1272609874;0.07623517292;0.3221367402,0.207027027;0.1756756757;0.1513513514;0.07756756757;0.212972973;0.1713513514;0.06675675676;0.1475675676;0.2178378378;0.1902702703;0.1943243243;0.09594594595,0.3702883284;1.781614904;1.785649779;13.72593465;0.2764601871;0.9490884205;23.99904531;2.516365823;0.2265612916;0.9306990882;0.3469497415;9.163923211,Bayesian ensemble,2.0,8
FreshSky-Safe,8,14,333.12891891891894,16.268918918918917,15.014175675675673,30.0,46.0,40.81306306306306,0.016891891891891893,0.0031756756756756758,0.11927927927927927,0.05945945945945946,0.8622418250067815,27.0,123.0,0.0190990990990991,212,11100,0.27422003166430237,0.4014570235171022,23.9963616643822,0.4064864864864865,True,True,0.3969158517;0.64914127;0.685168137;0.2123384503;0.8391928019;0.2547057577;0.6450583303;0.3536782427;0.3495021855;0.2638904463;0.8142278578;0.4332858251,1.177446822;0.7134614509;0.6676722331;2.128067317;0.4876767217;1.782678959;0.7188179662;1.310923092;1.325454306;1.723560971;0.5165166625;1.084128614,10.07702703;6.674864865;6.075675676;16.26891892;5.360540541;13.98756757;6.007837838;12.32027027;11.49594595;12.89432432;5.336486486;10.10837838,0.3179106418;0.1905134901;0.1781060795;0.4014570235;0.1250824889;0.3955620069;0.1925266499;0.3337539332;0.3550068156;0.3852391683;0.1303855575;0.2850965248,0.1005405405;0.1513513514;0.1656756757;0.05945945946;0.1905405405;0.06756756757;0.1602702703;0.07810810811;0.08648648649;0.07081081081;0.1932432432;0.1072972973,8.416595968;2.280768706;2.006033399;23.99636166;0.6630301652;23.98752715;1.356453898;13.31077105;12.89271795;23.98541415;0.7495499874;7.577800599,Bayesian ensemble,2.0,8
FreshSky-Safe,8,15,283.01378378378377,15.343243243243244,14.07958108108108,26.0,42.0,35.615315315315314,0.011801801801801801,0.001036036036036036,0.14150900900900898,0.054864864864864867,0.8756443433316624,23.0,80.0,0.03711711711711712,412,11100,0.23290611460746632,0.40104420638233246,23.997947466910148,0.4064864864864865,True,True,0.95;0.6682774533;0.3936552323;0.8783623152;0.2542081145;0.6112416568;0.1961261937;0.2603661895;0.4858854259;0.9440218225;0.777121657;0.6438927182,0.2609434761;0.6888292002;1.186565108;0.4408835581;1.786011998;0.7647485898;2.305041448;1.74572184;0.9708198352;0.349980936;0.5589976316;0.7203540735,4.344054054;6.112702703;9.602972973;5.131351351;13.04567568;7.181081081;15.34324324;11.97054054;8.311621622;4.63027027;6.433513514;7.724054054,0.0656590206;0.1965955771;0.329672684;0.1075994197;0.3967842872;0.2149563604;0.398709872;0.4010442064;0.2744533913;0.08711687624;0.1400515688;0.1822301116,0.2178378378;0.1718918919;0.1035135135;0.1983783784;0.06810810811;0.1532432432;0.05486486486;0.07675675676;0.1251351351;0.2064864865;0.1716216216;0.1502702703,0.2609434761;1.555316801;8.064127695;0.5226506742;23.99794747;3.682737308;23.98902042;23.97965073;5.074757034;0.349980936;1.035990526;1.681416294,Bayesian ensemble,2.0,8
FreshSky-Safe,8,16,327.71135135135137,16.56054054054054,15.196837837837835,29.0,46.0,39.99684684684685,0.017094594594594593,0.0030855855855855857,0.13682432432432431,0.056486486486486485,0.8265378315221699,24.0,95.0,0.09441441441441441,1048,11100,0.26897089393593115,0.40344240997869896,23.999692862543775,0.4064864864864865,True,True,0.3932789834;0.7735119064;0.901603995;0.8416273572;0.2260479039;0.7045979448;0.6624829137;0.1982197585;0.7522839954;0.3841282698;0.2247729528;0.2144342016,1.187626136;0.5631378354;0.4113518347;0.4848363331;2.00065631;0.6439160289;0.6962092138;2.280313362;0.5876051337;1.214015836;2.011774821;2.107404393,10.02459459;4.888918919;4.264594595;5.204324324;14.08108108;5.573783784;6.092432432;14.03702703;5.167297297;9.811621622;13.23324324;16.56054054,0.3261157174;0.1631577729;0.1097308813;0.1227815254;0.3990498262;0.1842992093;0.2049113064;0.4005955906;0.1653234984;0.3523927048;0.40344241;0.3958502846,0.1027027027;0.2051351351;0.2194594595;0.1943243243;0.0627027027;0.1883783784;0.1745945946;0.05972972973;0.2;0.1075675676;0.07081081081;0.05648648649,13.90504544;1.052551342;0.4794628429;0.7393453325;23.99969286;1.707412202;2.177255283;23.98958384;1.50084107;14.3352827;23.98960079;23.99967442,Bayesian ensemble,2.0,8
FreshSky-Safe,8,17,271.54783783783785,16.466486486486488,16.126675675675674,28.0,46.0,39.33198198198198,0.017522522522522524,0.002117117117117117,0.15533783783783783,0.05081081081081081,0.8503114408111232,21.0,88.0,0.02972972972972973,330,11100,0.21100052366712796,0.3994524684414583,23.998635128657387,0.4064864864864865,True,True,0.6058267012;0.4606290406;0.8627452041;0.95;0.8920394043;0.9329954481;0.2434414901;0.2237143759;0.7874097494;0.2072792387;0.95;0.5223938409,0.772389876;1.022513998;0.4598691245;0.2139841101;0.4237308779;0.3673358894;1.861711545;2.021113381;0.5472165522;2.179902851;0.241873434;0.9032962107,7.645135135;9.392702703;4.755675676;3.740540541;4.835405405;4.476216216;14.24081081;15.84864865;5.358378378;16.46648649;4.427567568;7.598108108,0.2064577263;0.2829876579;0.1242889526;0.05841187871;0.1114297687;0.09441525156;0.3934752508;0.397121467;0.14730478;0.3994524684;0.06007613131;0.2565849507,0.1472972973;0.1191891892;0.2121621622;0.2359459459;0.2102702703;0.2145945946;0.06783783784;0.0572972973;0.1908108108;0.05081081081;0.2162162162;0.1416216216,2.26194938;4.985363951;0.6394764981;0.2139841101;0.4949235117;0.3673358894;23.99863513;23.96354444;1.136082761;23.99611406;0.241873434;3.84614695,Bayesian ensemble,2.0,8
FreshSky-Safe,8,18,250.61486486486487,14.923243243243244,13.774486486486484,25.0,43.0,35.26756756756757,0.01204954954954955,0.001328828828828829,0.16463963963963965,0.061621621621621624,0.8711959510952109,19.0,79.0,0.011351351351351352,126,11100,0.1885344569203474,0.39633804032667624,23.99181112686845,0.4064864864864865,True,True,0.95;0.2298402862;0.2514208534;0.95;0.8064515181;0.2889292384;0.86964094;0.95;0.4229897239;0.9113191376;0.93510967;0.8418183031,0.2641897105;1.968390267;1.804941085;0.3377909827;0.5254308787;1.582364629;0.451552802;0.2372894534;1.10910177;0.3983676074;0.3641087485;0.4846132827,4.211621622;14.92324324;12.66324324;4.278108108;5.786756757;12.83459459;4.804594595;4.360540541;10.47054054;4.448378378;4.896756757;5.378648649,0.06883212997;0.3963380403;0.3931844633;0.08536069428;0.1340558782;0.3754908498;0.1181359763;0.06220831615;0.3066516516;0.102175908;0.09437305129;0.1256065238,0.2208108108;0.06162162162;0.07324324324;0.2156756757;0.1797297297;0.07459459459;0.2027027027;0.2227027027;0.1002702703;0.2197297297;0.2121621622;0.1924324324,0.2641897105;23.99181113;23.94724309;0.3377909827;1.027154393;23.20079477;0.554658406;0.2372894534;7.836526554;0.3983676074;0.3641087485;0.7384531309,Bayesian ensemble,2.0,8
FreshSky-Safe,8,19,360.33675675675676,18.54081081081081,16.676756756756756,31.0,48.0,41.46081081081081,0.019617117117117118,0.0033783783783783786,0.1113063063063063,0.04945945945945946,0.8559121435031689,29.0,104.0,0.04009009009009009,445,11100,0.2922940089170612,0.39818068139381485,23.997212324707,0.4064864864864865,True,True,0.8339118425;0.4218873338;0.3658373363;0.3670076204;0.481511622;0.1930715746;0.2120595117;0.3057773787;0.5446939528;0.4653449839;0.3623629999;0.8770434254,0.4938172966;1.111838862;1.270411673;1.266646367;0.9794527448;2.342239302;2.1308523;1.500722279;0.8655191693;1.012509865;1.281724896;0.4425090154,4.899189189;9.937837838;11.82513514;9.852702703;8.896216216;18.54081081;15.15162162;10.99459459;6.964054054;9.125945946;11.00405405;4.994324324,0.129326746;0.2806641885;0.3440412152;0.3529492986;0.258893185;0.3981806814;0.3927679104;0.3873485882;0.2357954926;0.2821345055;0.3367125942;0.1087137014,0.1989189189;0.09783783784;0.08810810811;0.09702702703;0.1162162162;0.04945945946;0.05648648649;0.08594594595;0.1443243243;0.1124324324;0.09135135135;0.1975675676,0.6814518897;6.995971557;14.44193851;11.93116132;5.132885683;23.99721232;23.99687649;19.03506614;2.793115016;6.087726888;10.18521864;0.5275270463,Bayesian ensemble,2.0,8
FreshSky-Safe,2,0,380.78837837837835,19.496756756756756,19.039067567567567,34.0,56.0,47.44054054054054,0.03132882882882883,0.007364864864864865,0.13743243243243242,0.044864864864864865,0.8209785276998859,26.0,98.0,0.04792792792792793,532,11100,0.21816810218623647,0.3973833552224503,23.99858588743782,0.4064864864864865,True,True,0.95;0.2315765095;0.95;0.8081176242;0.6281327393;0.795200025;0.3394136806;0.9476946562;0.5005847781;0.95;0.23436609;0.2528380647,0.3369544871;1.95400716;0.2191119648;0.5235225351;0.7414402559;0.5383055036;1.361973486;0.3438720469;0.9427001774;0.2738400263;1.931388168;1.795260579,4.777027027;19.49675676;5.093243243;6.231621622;9.437027027;6.413783784;13.51567568;5.156216216;11.16324324;4.613243243;18.66459459;17.31783784,0.08442075934;0.3839360014;0.05631769689;0.1385212329;0.2122122246;0.1515984689;0.3831930809;0.08234341447;0.2685421587;0.06335326013;0.3961955729;0.3973833552,0.2086486486;0.04486486486;0.2010810811;0.1872972973;0.137027027;0.1840540541;0.07837837838;0.1964864865;0.1067567568;0.2024324324;0.04810810811;0.05405405405,0.3369544871;23.99025059;0.2191119648;1.511702816;11.94049075;3.166110072;23.99181084;0.3438720469;14.79560497;0.2738400263;23.99858589;23.98672606,Bayesian ensemble,8.0,2
FreshSky-Safe,2,1,506.91324324324324,26.18027027027027,24.698837837837836,46.0,79.0,65.73513513513514,0.06763513513513514,0.024279279279279278,0.11894144144144146,0.033243243243243244,0.6896021967207442,31.399999999999636,150.0,0.11801801801801802,1310,11100,0.27745167932489095,0.39726329271018396,23.999461816734904,0.4064864864864865,True,True,0.5605092249;0.2181252996;0.2316669551;0.3707979081;0.95;0.95;0.2020086086;0.95;0.325972712;0.8362721814;0.2993435181;0.2334007936,0.8400796556;2.072097608;1.953264399;1.254604531;0.2976063768;0.2276934429;2.237061952;0.2579608484;1.414030367;0.4910760745;1.530799061;1.939147999,9.885675676;23.48675676;19.24648649;14.66;4.271081081;3.938378378;26.18027027;4.247297297;15.14054054;6.142162162;14.7572973;21.71945946,0.2701877811;0.3920184665;0.3927645169;0.3675652193;0.07914720939;0.06393878033;0.3936019813;0.06693038229;0.3814060287;0.1414829988;0.3831134946;0.3972632927,0.1305405405;0.04108108108;0.04459459459;0.08675675676;0.2262162162;0.247027027;0.03324324324;0.2281081081;0.07216216216;0.2010810811;0.06756756757;0.04891891892,12.20278795;23.99102781;23.99722263;23.93542526;0.2976063768;0.2276934429;23.98665517;0.2579608484;23.99946182;1.40183682;23.99317275;23.9926919,Bayesian ensemble,8.0,2
FreshSky-Safe,2,2,408.77027027027026,25.184594594594593,22.47978378378378,36.0,61.0,51.83153153153153,0.03666666666666667,0.010315315315315316,0.1274774774774775,0.03567567567567568,0.828627819066562,27.0,128.0,0.0690990990990991,767,11100,0.23906854117043955,0.4000152256968511,23.999999667559926,0.4064864864864865,True,True,0.2983974043;0.4720337023;0.7619171253;0.95;0.6042558466;0.7527600943;0.6803453125;0.2438339011;0.7053294905;0.1925045361;0.95;0.2931742638,1.535332493;0.9986066978;0.5764720931;0.328976203;0.7746227687;0.5870535051;0.6736618433;1.858825842;0.6430324214;2.34929577;0.2710575607;1.560894842,14.26243243;8.907027027;6.538918919;4.937297297;8.852162162;7.022702703;7.397567568;20.26675676;7.385675676;25.18459459;4.764054054;14.80891892,0.3838331232;0.2661151903;0.1492595311;0.08224405074;0.2200347378;0.1616777086;0.1749700085;0.3918605829;0.1750090942;0.4000152257;0.06725157857;0.3965516625,0.06621621622;0.1227027027;0.1713513514;0.2016216216;0.1327027027;0.1675675676;0.1567567568;0.04324324324;0.1564864865;0.03567567568;0.2086486486;0.06675675676,23.94785375;13.52754828;3.047081397;0.328976203;7.117832605;3.179909587;4.14689871;23.97706725;3.10368085;23.99999967;0.2710575607;23.99901395,Bayesian ensemble,8.0,2
FreshSky-Safe,2,3,524.6945945945946,23.49810810810811,22.960148648648648,45.0,72.0,62.36081081081081,0.06423423423423423,0.01939189189189189,0.10299549549549548,0.04378378378378378,0.6984608652308365,36.0,162.0,0.10954954954954955,1216,11100,0.31545858511086106,0.39592443985387354,23.9976783836974,0.4064864864864865,True,True,0.2469621281;0.8215561338;0.8932287906;0.3220866759;0.225348274;0.2465631425;0.4834834838;0.2778755806;0.2645088005;0.3014458345;0.9387067142;0.2969367479,1.836175919;0.5080937316;0.4222105672;1.429873819;2.006740312;1.839030251;0.9755450403;1.641436133;1.719737046;1.520828652;0.3585144156;1.542388958,17.84972973;5.813783784;4.850540541;11.79918919;22.52;23.49810811;9.694864865;16.42810811;19.31567568;16.27297297;4.687567568;16.4072973,0.3940334269;0.1456993106;0.1151379628;0.3957272407;0.3959244399;0.3906696695;0.3042645882;0.389508358;0.3955395205;0.3884278585;0.09331064385;0.377260002,0.05378378378;0.2016216216;0.2243243243;0.08378378378;0.04378378378;0.04513513514;0.1286486486;0.05756756757;0.05162162162;0.06486486486;0.2154054054;0.06540540541,23.99541437;2.561874631;0.5110528362;23.99608902;23.99767838;23.97671736;21.72398177;23.99552575;23.97896367;23.98667143;0.3585144156;23.97378167,Bayesian ensemble,8.0,2
FreshSky-Safe,2,4,465.5556756756757,20.697837837837838,20.08704054054054,37.0,58.0,50.31576576576577,0.038513513513513516,0.008265765765765766,0.09792792792792793,0.044054054054054055,0.8734941607201933,34.0,119.0,0.03882882882882883,431,11100,0.2822594673486006,0.38991311247957966,23.99793309742025,0.4064864864864865,True,True,0.662118963;0.6741961796;0.3640876;0.2460798207;0.2372011855;0.4128728207;0.5024050881;0.4159209977;0.2309431598;0.4380235493;0.7287104513;0.5641011845,0.6966749552;0.6813572012;1.27608378;1.842501298;1.908996959;1.13470463;0.9393093506;1.126874486;1.959226317;1.072981387;0.6151471375;0.8344446437,8.363513514;7.880540541;12.47189189;17.02864865;20.69783784;12.12405405;10.54459459;11.74891892;19.5872973;13.42108108;7.63;9.12,0.1830183936;0.1775211735;0.3124680824;0.3899131125;0.386958843;0.3256908966;0.2619911486;0.289637199;0.3891976603;0.285645045;0.1597719998;0.2253000538,0.1418918919;0.1508108108;0.08324324324;0.05135135135;0.04648648649;0.09162162162;0.1089189189;0.09054054054;0.04405405405;0.08837837838;0.1518918919;0.1259459459,7.713548835;3.494929213;22.60418902;23.99257917;23.9979331;19.9434593;12.40411506;19.83622637;23.99497405;16.08136717;2.796912787;8.392226805,Bayesian ensemble,8.0,2
FreshSky-Safe,2,5,430.01243243243243,25.92027027027027,21.873162162162156,37.0,64.0,54.41576576576576,0.0397972972972973,0.011846846846846847,0.12072072072072071,0.04027027027027027,0.8034651560304631,29.0,161.0,0.041171171171171174,457,11100,0.25276151861460117,0.38949688898182366,23.999805493476714,0.4064864864864865,True,True,0.9411489522;0.4821824971;0.3825098869;0.7544254172;0.3523107703;0.8677360717;0.95;0.2189202535;0.8265150398;0.3376263363;0.2625732011;0.2699141276,0.3546353857;0.9781203331;1.218803669;0.5851252029;1.315645181;0.4538598372;0.2241414152;2.064668323;0.5023771293;1.368663091;1.731770293;1.687095206,5.074324324;10.42783784;11.71243243;7.034054054;12.79432432;6.274594595;4.656486486;25.92027027;5.97;12.98648649;18.56189189;17.53378378,0.08472910295;0.275988548;0.3419238402;0.15434654;0.348468183;0.1123609759;0.05549014496;0.389496889;0.1337409385;0.3758274867;0.3791172804;0.3816482938,0.2010810811;0.1145945946;0.08783783784;0.1694594595;0.0872972973;0.1781081081;0.2040540541;0.04027027027;0.1824324324;0.07945945946;0.04702702703;0.05702702703,0.3546353857;11.20924899;23.8342018;2.806627637;23.99451687;0.9924582096;0.2241414152;23.9730757;1.423771293;23.95475772;23.98640754;23.99980549,Bayesian ensemble,8.0,2
FreshSky-Safe,2,6,311.4289189189189,15.107837837837838,14.761189189189189,28.0,45.0,38.83918918918919,0.016554054054054055,0.0019594594594594594,0.14373873873873874,0.06351351351351352,0.8945499164616645,22.0,85.0,0.003063063063063063,34,11100,0.17744868267153954,0.3672072038048208,23.96082791400128,0.4064864864864865,True,True,0.6600953202;0.4082536129;0.95;0.8542797728;0.5796663152;0.95;0.7238759829;0.298421524;0.95;0.3698913443;0.95;0.5870736138,0.6992694381;1.146768836;0.2551559305;0.4699577518;0.8105930222;0.2156180293;0.6208604762;1.535216558;0.2628816135;1.257463669;0.2571157349;0.7995478023,8.360540541;13.48945946;4.59027027;6.190810811;9.624054054;4.711351351;8.447837838;15.10783784;4.363243243;14.47756757;4.774054054;9.375135135,0.1937165335;0.3139667111;0.05889274721;0.1167273443;0.2083443146;0.05052454903;0.1422945092;0.3672072038;0.06024962385;0.3361166401;0.06136032267;0.2199836926,0.1354054054;0.08243243243;0.1991891892;0.1762162162;0.1237837838;0.2;0.1340540541;0.06351351351;0.2002702703;0.07405405405;0.1991891892;0.1367567568,6.382466515;16.96275858;0.2551559305;1.659239532;7.801267423;0.2156180293;2.871186191;23.96082791;0.2628816135;23.8388374;0.2571157349;8.388242861,Bayesian ensemble,8.0,2
FreshSky-Safe,2,7,362.1394594594595,27.696216216216218,22.275297297297293,36.0,66.0,53.950450450450454,0.038085585585585585,0.01286036036036036,0.14997747747747747,0.03135135135135135,0.8293299926931444,22.0,130.0,0.05036036036036036,559,11100,0.19531098016215678,0.3958168427336397,23.998445593946624,0.4064864864864865,True,True,0.95;0.8194645516;0.5139536145;0.1957148488;0.2668165055;0.95;0.9166527097;0.2817874583;0.4060368001;0.95;0.95;0.8957240492,0.2129344738;0.5105004868;0.9182376412;2.309972111;1.705631049;0.2143947682;0.3910280632;1.619983796;1.152645744;0.2643493157;0.2202876177;0.4190042049,4.629189189;5.512702703;10.55675676;27.69621622;17.84;4.765675676;5.218648649;17.47108108;10.76459459;4.762972973;4.726216216;5.242972973,0.0524854703;0.1288668796;0.2811792561;0.3958168427;0.3858414022;0.05354074752;0.1009275136;0.383979943;0.3295943776;0.06623022044;0.05644125989;0.1088278489,0.207027027;0.1854054054;0.1197297297;0.03135135135;0.05675675676;0.2110810811;0.2016216216;0.06;0.1008108108;0.2062162162;0.2172972973;0.2024324324,0.2129344738;1.836506329;9.728277542;23.99665327;23.99844559;0.2143947682;0.3910280632;23.99837962;17.04789253;0.2643493157;0.2202876177;0.5330294346,Bayesian ensemble,8.0,2
FreshSky-Safe,2,8,401.0635135135135,21.33945945945946,21.130756756756757,36.0,62.0,52.96936936936937,0.037882882882882885,0.010990990990990991,0.13551801801801802,0.038378378378378375,0.7976031603902735,25.599999999999454,136.0,0.055135135135135134,612,11100,0.23031222846016552,0.39471837901046125,23.99718299980695,0.4064864864864865,True,True,0.924502767;0.7675714746;0.2938168902;0.223720696;0.8564804989;0.95;0.4732619221;0.198994158;0.3554966144;0.365156396;0.95;0.8950142286,0.3798996382;0.5699618165;1.557699888;2.021057334;0.4673466129;0.2347890628;0.9960890923;2.271318822;1.304697623;1.272612991;0.2590903055;0.4199186836,4.713243243;6.919459459;15.32513514;21.33945946;5.856756757;4.644594595;10.45027027;20.96;13.43243243;15.09513514;4.58027027;5.051621622,0.09600166532;0.1612837897;0.3784789729;0.3932868326;0.1169629631;0.05945874375;0.2856352776;0.394718379;0.3579102938;0.3418857602;0.06463252755;0.1134915361,0.2035135135;0.1735135135;0.0627027027;0.04216216216;0.1872972973;0.2143243243;0.1159459459;0.03837837838;0.08378378378;0.08162162162;0.212972973;0.21,0.3798996382;3.229274514;23.99708626;23.98019356;0.9387729028;0.2347890628;18.47876186;23.997183;23.9059391;21.34145467;0.2590903055;0.5991868362,Bayesian ensemble,8.0,2
FreshSky-Safe,2,9,514.0483783783784,25.60162162162162,24.990824324324322,44.0,80.0,64.1045045045045,0.06015765765765766,0.021261261261261263,0.11873873873873875,0.036756756756756756,0.7340992438092003,32.0,173.0,0.10855855855855856,1205,11100,0.2592263279863736,0.3965785833489164,23.998431463728714,0.4064864864864865,True,True,0.3257577326;0.6871221964;0.2523803769;0.1963495047;0.5437054116;0.2493362779;0.95;0.4363495231;0.95;0.6652629851;0.95;0.2127973752,1.414897118;0.6652565043;1.798374164;2.302374716;0.8671448273;1.819394726;0.209506079;1.076896197;0.2790122724;0.6926602831;0.247425482;2.123503268,17.21297297;7.717027027;20.54945946;25.60162162;10.48540541;19.55567568;4.146216216;10.44162162;4.694594595;7.707567568;4.425675676;24.49108108,0.3663436321;0.1812374477;0.3888376571;0.3963818093;0.2606121751;0.3948578284;0.05311262218;0.3274346544;0.07224155593;0.2094829343;0.06359503604;0.3965785833,0.06162162162;0.1548648649;0.04594594595;0.03675675676;0.1186486486;0.04351351351;0.2237837838;0.1081081081;0.2145945946;0.1602702703;0.22;0.03675675676,23.97909448;7.557695128;23.99679272;23.99736337;10.14576551;23.99284056;0.209506079;22.82929082;0.2790122724;4.20458368;0.247425482;23.99843146,Bayesian ensemble,8.0,2
FreshSky-Safe,2,10,540.9713513513514,27.79783783783784,24.743256756756754,47.0,80.0,66.28558558558558,0.07108108108108108,0.024527027027027026,0.09529279279279278,0.03702702702702703,0.7792485011271687,36.0,156.0,0.09522522522522522,1057,11100,0.30802479846498,0.3951493328242854,23.999080823852573,0.4064864864864865,True,True,0.2210551088;0.5230742899;0.4621770162;0.8877431859;0.3493760462;0.4491418585;0.5565464418;0.34857734;0.2223217792;0.6900300697;0.2104662511;0.2177243916,2.045012567;0.9021077578;1.019211399;0.4291816563;1.325898395;1.047619095;0.8463561798;1.328717478;2.03354937;0.6616731043;2.146920017;2.075867389,19.70486486;11.70513514;11.86513514;5.185405405;15.48621622;10.85;10.13486486;14.54756757;20.15027027;7.651351351;22.24405405;27.79783784,0.3935267425;0.2642931918;0.2892356673;0.1094993199;0.3404333716;0.3292921641;0.2399534142;0.3623448475;0.3946184994;0.1863414526;0.3951493328;0.3916095777,0.04756756757;0.107027027;0.1075675676;0.2075675676;0.07459459459;0.1135135135;0.1283783784;0.07891891892;0.04432432432;0.16;0.03702702703;0.03702702703,23.98155826;9.761124977;13.37634198;0.5750899378;23.90929404;18.95238289;11.17611011;23.92100401;23.98978262;4.448442774;23.99908082;23.99414089,Bayesian ensemble,8.0,2
FreshSky-Safe,2,11,453.86621621621623,27.445405405405406,23.756689189189185,41.0,69.0,57.744594594594595,0.05045045045045045,0.016779279279279278,0.1107882882882883,0.03351351351351351,0.8223949791700572,31.0,131.0,0.04054054054054054,450,11100,0.25650126315058036,0.3934963951397459,23.995356387257225,0.4064864864864865,True,True,0.95;0.2935060875;0.6227889451;0.4312530983;0.6153269509;0.4183303984;0.9434799305;0.4987828682;0.6260188518;0.4351735249;0.2492611008;0.2092716103,0.3358641596;1.559243329;0.7487311135;1.088976442;0.7590395275;1.120756955;0.3508668233;0.9460759936;0.7443154627;1.079661914;1.819920828;2.159149808,5.078108108;16.19297297;8.30972973;11.47378378;8.971081081;13.67216216;5.13;11.79567568;10.04621622;12.02432432;20.73864865;27.44540541,0.07979043144;0.3750612331;0.1970984066;0.3143315785;0.1948885273;0.3104799671;0.08648393051;0.2590202653;0.1790380437;0.3031807376;0.3934963951;0.3851456414,0.2013513514;0.06243243243;0.152972973;0.09621621622;0.1302702703;0.08135135135;0.1986486486;0.102972973;0.1235135135;0.09837837838;0.04783783784;0.03351351351,0.3358641596;23.99535639;7.620815611;19.46929327;7.25310677;20.9849795;0.3508668233;14.19797583;8.218094807;21.34918126;23.99524965;23.98817925,Bayesian ensemble,8.0,2
FreshSky-Safe,2,12,468.0516216216216,22.9727027027027,20.322743243243238,38.0,62.0,53.50765765765766,0.04349099099099099,0.010833333333333334,0.10344594594594593,0.044864864864864865,0.8209695120100309,33.0,112.0,0.032342342342342345,359,11100,0.2767435735460913,0.3892131909314958,23.99343390392374,0.4064864864864865,True,True,0.2277146089;0.9318683167;0.4490225566;0.364868936;0.3264467419;0.2532754659;0.5108922966;0.7249468559;0.885090931;0.3371942215;0.4510893652;0.3770521179,1.986329388;0.369039043;1.047885528;1.273544601;1.412123145;1.792296255;0.9237509324;0.6195927545;0.4325165816;1.370290719;1.043286736;1.235229773,18.15459459;4.953513514;12.01945946;13.70513514;14.59459459;22.9727027;10.43945946;6.71;5.85;16.34432432;11.82324324;12.7127027,0.3892131909;0.08497872017;0.3137992339;0.346266451;0.358373955;0.3855858969;0.2514100511;0.1525537836;0.1078953527;0.3473872146;0.26730698;0.3161520526,0.04594594595;0.1981081081;0.1010810811;0.08351351351;0.07162162162;0.04486486486;0.1127027027;0.1589189189;0.18;0.06567567568;0.09432432432;0.08459459459,23.9934339;0.369039043;23.95484878;20.80368546;23.89717654;23.99140411;11.65503357;2.376334791;0.8552321429;23.64715241;13.14188882;22.55120386,Bayesian ensemble,8.0,2
FreshSky-Safe,2,13,323.2181081081081,22.37108108108108,17.76683783783783,30.0,51.0,43.607657657657654,0.021554054054054052,0.005495495495495496,0.14538288288288287,0.04162162162162162,0.8890273981663435,23.0,117.0,0.01981981981981982,220,11100,0.18247049297517046,0.3846203960093536,23.983844290900628,0.4064864864864865,True,True,0.931036637;0.7159624459;0.6775674106;0.3509019354;0.95;0.7562371291;0.2357345475;0.5713184825;0.95;0.8385292043;0.9458583108;0.3749843981,0.3702883284;0.6302691506;0.6771299559;1.320546841;0.2764601871;0.5830294735;1.920506701;0.8232731646;0.2265612916;0.488449848;0.3469497415;1.241568686,5.882432432;7.719459459;8.35972973;13.99972973;5.227027027;6.564594595;22.37108108;9.320810811;4.611891892;6.42;5.306216216;13.04378378,0.09207169248;0.1710243857;0.1661713513;0.3372748013;0.06866673296;0.1504846344;0.384620396;0.244979393;0.0566403229;0.1235646102;0.07435976892;0.3197878264,0.1827027027;0.1545945946;0.1394594595;0.07297297297;0.2021621622;0.1662162162;0.04162162162;0.1302702703;0.2097297297;0.18;0.1802702703;0.08459459459,0.3702883284;3.163229808;4.156949338;23.94515469;0.2764601871;2.379383155;23.98384429;12.69819494;0.2265612916;1.107598784;0.3469497415;20.74353328,Bayesian ensemble,8.0,2
FreshSky-Safe,2,14,464.63513513513516,24.564324324324325,21.085054054054048,39.0,66.0,55.58873873873874,0.04551801801801802,0.013558558558558559,0.1032882882882883,0.03783783783783784,0.8437926181271378,33.0,154.0,0.036036036036036036,400,11100,0.27372979120409513,0.39513033690007043,23.99261652965241,0.4064864864864865,True,True,0.3969158517;0.64914127;0.685168137;0.2123384503;0.8391928019;0.2547057577;0.6450583303;0.3536782427;0.3495021855;0.2638904463;0.8142278578;0.4332858251,1.177446822;0.7134614509;0.6676722331;2.128067317;0.4876767217;1.782678959;0.7188179662;1.310923092;1.325454306;1.723560971;0.5165166625;1.084128614,11.65891892;8.061351351;7.906216216;24.56432432;6.138648649;17.52081081;9.52027027;15.98972973;14.58648649;18.23837838;6.058648649;11.79027027,0.3255481347;0.1943700385;0.1806324068;0.3951303369;0.1208647443;0.3835168788;0.2032117818;0.3397770933;0.3417522725;0.3843075137;0.1241035981;0.2915426949,0.09378378378;0.1378378378;0.1378378378;0.03783783784;0.1754054054;0.05513513514;0.1283783784;0.07216216216;0.07567567568;0.05702702703;0.172972973;0.09540540541,18.68595845;8.257689331;6.021116895;23.99261653;1.715150826;23.98752715;7.408085086;20.54784677;23.96543327;23.94765844;1.448649962;16.87147258,Bayesian ensemble,8.0,2
FreshSky-Safe,2,15,427.97135135135136,30.75189189189189,25.127324324324317,39.0,76.0,60.254954954954954,0.044977477477477476,0.016666666666666666,0.13153153153153155,0.02945945945945946,0.8317992693075007,26.0,194.0,0.06801801801801802,755,11100,0.23252467250403844,0.3949105891082498,23.998515930325652,0.4064864864864865,True,True,0.95;0.6682774533;0.3936552323;0.8783623152;0.2542081145;0.6112416568;0.1961261937;0.2603661895;0.4858854259;0.9440218225;0.777121657;0.6438927182,0.2609434761;0.6888292002;1.186565108;0.4408835581;1.786011998;0.7647485898;2.305041448;1.74572184;0.9708198352;0.349980936;0.5589976316;0.7203540735,4.220540541;6.578378378;12.06459459;5.89972973;20.52540541;7.642162162;30.75189189;17.85081081;9.792432432;4.876486486;7.131621622;9.205945946,0.06354326268;0.1945477065;0.3328796167;0.1072419466;0.389543698;0.2157831156;0.3899880936;0.3949105891;0.2833744384;0.08465755075;0.143224258;0.1906017941,0.2148648649;0.1721621622;0.09675675676;0.1832432432;0.05378378378;0.1554054054;0.02945945946;0.05162162162;0.122972973;0.2040540541;0.1586486486;0.1354054054,0.2609434761;3.177121202;19.73864351;1.013253371;23.99851593;9.883463335;23.99489082;23.9981173;11.4163967;0.349980936;2.225966842;4.725665177,Bayesian ensemble,8.0,2
FreshSky-Safe,2,16,495.22135135135136,28.67108108108108,24.94178378378378,44.0,77.0,63.13963963963964,0.061734234234234235,0.022229729729729728,0.11975225225225224,0.03,0.7713027572055126,30.0,126.0,0.10882882882882883,1208,11100,0.26873474824647164,0.4009764033758843,23.993529703353243,0.4064864864864865,True,True,0.3932789834;0.7735119064;0.901603995;0.8416273572;0.2260479039;0.7045979448;0.6624829137;0.1982197585;0.7522839954;0.3841282698;0.2247729528;0.2144342016,1.187626136;0.5631378354;0.4113518347;0.4848363331;2.00065631;0.6439160289;0.6962092138;2.280313362;0.5876051337;1.214015836;2.011774821;2.107404393,13.95486486;6.898648649;5.104054054;6.055135135;19.12081081;6.141621622;7.37972973;28.67108108;6.460540541;11.54405405;21.89054054;21.01432432,0.3334982582;0.1692457495;0.106951477;0.1193745674;0.3941833649;0.1789042372;0.2086745995;0.3956651833;0.1680233058;0.3540332667;0.3952865661;0.4009764034,0.08459459459;0.1808108108;0.2048648649;0.1767567568;0.04675675676;0.177027027;0.1640540541;0.03;0.1872972973;0.1002702703;0.04216216216;0.04243243243,23.94216703;4.31530805;0.4908146776;1.163526998;23.7686717;4.146572491;7.109021131;23.9935297;4.102523209;20.43449091;23.98856908;23.99218863,Bayesian ensemble,8.0,2
FreshSky-Safe,2,17,396.7127027027027,27.124324324324323,26.36383783783784,40.0,72.0,59.97207207207207,0.04756756756756757,0.01831081081081081,0.14272522522522524,0.03405405405405405,0.8082358299591068,24.0,150.0,0.06063063063063063,673,11100,0.21088902254983774,0.39591749084463124,23.995045977721034,0.4064864864864865,True,True,0.6058267012;0.4606290406;0.8627452041;0.95;0.8920394043;0.9329954481;0.2434414901;0.2237143759;0.7874097494;0.2072792387;0.95;0.5223938409,0.772389876;1.022513998;0.4598691245;0.2139841101;0.4237308779;0.3673358894;1.861711545;2.021113381;0.5472165522;2.179902851;0.241873434;0.9032962107,9.14972973;10.08540541;4.886216216;4.285945946;5.387837838;4.84;19.37864865;25.74162162;6.338378378;27.12432432;4.756486486;9.492702703,0.2081277585;0.2780132654;0.1200631282;0.05766004265;0.1100555064;0.09421669162;0.3904562591;0.3905665047;0.1521853601;0.3959174908;0.05948779052;0.2739184725,0.1286486486;0.1075675676;0.2054054054;0.2251351351;0.197027027;0.2143243243;0.05027027027;0.03621621622;0.1794594595;0.03405405405;0.2091891892;0.1254054054,7.44779752;10.18273797;0.8190838718;0.2139841101;0.6610396572;0.3673358894;23.9896348;23.99504598;2.038764149;23.99222811;0.241873434;15.15162569,Bayesian ensemble,8.0,2
FreshSky-Safe,2,18,335.4335135135135,22.334594594594595,20.477527027027023,33.0,56.0,46.9954954954955,0.029346846846846845,0.007117117117117117,0.15454954954954953,0.03891891891891892,0.8409825579019529,21.0,120.0,0.03585585585585586,398,11100,0.18877008732934555,0.3904860692614503,23.994150804906035,0.4064864864864865,True,True,0.95;0.2298402862;0.2514208534;0.95;0.8064515181;0.2889292384;0.86964094;0.95;0.4229897239;0.9113191376;0.93510967;0.8418183031,0.2641897105;1.968390267;1.804941085;0.3377909827;0.5254308787;1.582364629;0.451552802;0.2372894534;1.10910177;0.3983676074;0.3641087485;0.4846132827,4.416216216;22.33459459;18.95810811;4.578918919;6.428918919;15.80324324;5.748108108;4.591081081;11.12432432;4.574324324;5.444324324;6.427027027,0.06854651947;0.3904860693;0.3839158469;0.08481292512;0.1320677614;0.3831888399;0.120454761;0.06066914132;0.3180424265;0.09937656802;0.0946682746;0.1290119145,0.2172972973;0.03891891892;0.04972972973;0.2127027027;0.1789189189;0.06324324324;0.1883783784;0.2118918919;0.09783783784;0.2048648649;0.2013513514;0.1894594595,0.2641897105;23.9941508;23.97810691;0.3377909827;1.278016151;23.8957773;1.121739228;0.2372894534;23.76442923;0.3983676074;0.3641087485;2.092265654,Bayesian ensemble,8.0,2
FreshSky-Safe,2,19,510.18945945945944,28.22756756756757,25.81158108108108,41.0,71.0,59.52612612612613,0.05130630630630631,0.016171171171171173,0.09804054054054055,0.03135135135135135,0.8082877545013629,35.0,176.0,0.05702702702702703,633,11100,0.2917721265584922,0.3962815684459906,23.998749533198055,0.4064864864864865,True,True,0.8339118425;0.4218873338;0.3658373363;0.3670076204;0.481511622;0.1930715746;0.2120595117;0.3057773787;0.5446939528;0.4653449839;0.3623629999;0.8770434254,0.4938172966;1.111838862;1.270411673;1.266646367;0.9794527448;2.342239302;2.1308523;1.500722279;0.8655191693;1.012509865;1.281724896;0.4425090154,5.929189189;12.75;14.78783784;11.7772973;11.06783784;23.83486486;28.22756757;14.43702703;9.605405405;10.18675676;14.27351351;5.538108108,0.1283924971;0.2875756192;0.3333972255;0.3560303303;0.2599520528;0.3962815684;0.3870088501;0.3690965605;0.2526380278;0.2897967424;0.3374054185;0.103690626,0.1843243243;0.0872972973;0.07486486486;0.09054054054;0.1032432432;0.03648648649;0.03135135135;0.06513513514;0.1267567568;0.1137837838;0.07405405405;0.1886486486,1.150538373;17.45642653;23.90857739;23.93274466;13.86577137;23.99874953;23.99182553;23.99606308;12.03797923;14.0253354;23.81519666;0.5275270463,Bayesian ensemble,8.0,2
FreshSky-Safe,4,0,380.21189189189187,19.73675675675676,19.48331081081081,34.0,57.0,47.62117117117117,0.03123873873873874,0.007387387387387387,0.14288288288288287,0.046486486486486484,0.8276516506912268,26.0,105.0,0.0436036036036036,484,11100,0.21799700177463743,0.39932417747017895,23.99998220044627,0.4064864864864865,True,True,0.95;0.2315765095;0.95;0.8081176242;0.6281327393;0.795200025;0.3394136806;0.9476946562;0.5005847781;0.95;0.23436609;0.2528380647,0.3369544871;1.95400716;0.2191119648;0.5235225351;0.7414402559;0.5383055036;1.361973486;0.3438720469;0.9427001774;0.2738400263;1.931388168;1.795260579,4.786216216;19.73675676;5.251891892;6.178108108;8.887837838;6.445675676;13.51513514;5.397567568;10.98513514;4.716756757;19.27594595;17.05864865,0.08514930958;0.391857652;0.05744286644;0.1380967552;0.2055993791;0.1501435891;0.3828249799;0.08438805907;0.2647204012;0.06335326013;0.3930635921;0.3993241775,0.2118918919;0.04648648649;0.2083783784;0.1943243243;0.1491891892;0.1897297297;0.08405405405;0.202972973;0.1164864865;0.2048648649;0.04756756757;0.05864864865,0.3369544871;23.9916825;0.2191119648;1.141135211;5.287364863;2.212888058;23.85078037;0.3438720469;13.05290479;0.2738400263;23.99858589;23.9999822,Bayesian ensemble,8.0,4
FreshSky-Safe,4,1,526.5543243243243,30.806756756756755,27.519837837837834,48.0,87.0,70.59324324324324,0.07423423423423424,0.028288288288288287,0.12324324324324322,0.030810810810810812,0.7060904900293445,32.0,212.0,0.12144144144144144,1348,11100,0.2784841936276064,0.4009319510861356,23.998742767051603,0.4064864864864865,True,True,0.5605092249;0.2181252996;0.2316669551;0.3707979081;0.95;0.95;0.2020086086;0.95;0.325972712;0.8362721814;0.2993435181;0.2334007936,0.8400796556;2.072097608;1.953264399;1.254604531;0.2976063768;0.2276934429;2.237061952;0.2579608484;1.414030367;0.4910760745;1.530799061;1.939147999,9.232432432;24.83054054;19.72405405;13.69837838;4.377027027;4.018108108;30.80675676;4.371351351;14.2827027;6.283243243;14.2927027;23.17108108,0.2588353534;0.3959386511;0.3938203355;0.3689215485;0.07810156536;0.06406185787;0.3911835359;0.0663726291;0.3924889694;0.1430756779;0.3880782483;0.4009319511,0.1451351351;0.04405405405;0.04621621622;0.09567567568;0.2254054054;0.2489189189;0.03081081081;0.2264864865;0.08378378378;0.2094594595;0.07513513514;0.04783783784,6.761513457;23.99874277;23.99722263;23.76901231;0.2976063768;0.2276934429;23.99136411;0.2579608484;23.97855081;0.9464564472;23.94910699;23.99188396,Bayesian ensemble,8.0,4
FreshSky-Safe,4,2,428.1232432432432,25.421891891891892,23.686270270270267,38.0,66.0,54.571621621621624,0.04182432432432433,0.013400900900900901,0.13130630630630633,0.036216216216216214,0.825120220435367,28.0,128.0,0.055765765765765765,619,11100,0.23917147325070218,0.3995047067800737,23.99999933511995,0.4064864864864865,True,True,0.2983974043;0.4720337023;0.7619171253;0.95;0.6042558466;0.7527600943;0.6803453125;0.2438339011;0.7053294905;0.1925045361;0.95;0.2931742638,1.535332493;0.9986066978;0.5764720931;0.328976203;0.7746227687;0.5870535051;0.6736618433;1.858825842;0.6430324214;2.34929577;0.2710575607;1.560894842,15.21783784;9.068918919;7.179459459;5.214864865;9.747567568;7.183513514;7.428918919;22.26621622;7.425945946;25.42189189;4.855675676;17.27243243,0.3834181685;0.2658452966;0.1522197932;0.08153275085;0.2173130902;0.1597737513;0.1740596547;0.393367739;0.1758780569;0.3993802809;0.06776439017;0.3995047068,0.06648648649;0.1305405405;0.18;0.2064864865;0.1348648649;0.1740540541;0.1627027027;0.0427027027;0.1681081081;0.03621621622;0.2091891892;0.06432432432,23.98228171;8.156807631;1.588248838;0.328976203;5.244718762;1.522321031;2.92591318;23.97718519;2.273356636;23.99999934;0.2710575607;23.99901395,Bayesian ensemble,8.0,4
FreshSky-Safe,4,3,529.4835135135135,24.271621621621623,21.908405405405404,45.0,72.0,61.6990990990991,0.06648648648648649,0.018986486486486487,0.10709459459459458,0.04675675675675676,0.7125599183125491,36.0,148.0,0.09441441441441441,1048,11100,0.31613910156802794,0.3991786133321246,23.99955092536107,0.4064864864864865,True,True,0.2469621281;0.8215561338;0.8932287906;0.3220866759;0.225348274;0.2465631425;0.4834834838;0.2778755806;0.2645088005;0.3014458345;0.9387067142;0.2969367479,1.836175919;0.5080937316;0.4222105672;1.429873819;2.006740312;1.839030251;0.9755450403;1.641436133;1.719737046;1.520828652;0.3585144156;1.542388958,19.97486486;5.832162162;4.827837838;13.72594595;19.55297297;24.27162162;10.23486486;16.45378378;18.30621622;16.16513514;4.645675676;16.73027027,0.398003537;0.145561988;0.1152520738;0.3953407883;0.3991786133;0.3911667047;0.2992550326;0.3917265149;0.3969339019;0.3896609628;0.09224479018;0.3793443114,0.05216216216;0.2091891892;0.2291891892;0.08162162162;0.05027027027;0.04675675676;0.1337837838;0.06621621622;0.05783783784;0.07216216216;0.2172972973;0.06864864865,23.99954416;1.048562389;0.5332634034;23.97476381;23.99955093;23.97186862;17.78161234;23.97622089;23.99608666;23.99126408;0.3585144156;23.94756335,Bayesian ensemble,8.0,4
FreshSky-Safe,4,4,484.1091891891892,21.51054054054054,21.019256756756757,41.0,63.0,54.2009009009009,0.05045045045045045,0.011824324324324325,0.10328828828828829,0.046216216216216216,0.8758203347402164,35.0,126.0,0.03864864864864865,429,11100,0.2834432658047175,0.3966109490707897,23.994974050616257,0.4064864864864865,True,True,0.662118963;0.6741961796;0.3640876;0.2460798207;0.2372011855;0.4128728207;0.5024050881;0.4159209977;0.2309431598;0.4380235493;0.7287104513;0.5641011845,0.6966749552;0.6813572012;1.27608378;1.842501298;1.908996959;1.13470463;0.9393093506;1.126874486;1.959226317;1.072981387;0.6151471375;0.8344446437,8.044054054;8.23972973;14.72918919;18.55135135;20.6172973;12.23783784;12.00243243;12.09621622;21.51054054;13.53405405;7.988918919;9.402972973,0.1864076231;0.1740223122;0.3266084703;0.3948928457;0.3936661296;0.3186373273;0.2548828616;0.2862870316;0.3966109491;0.2897049746;0.1567793921;0.2228192724,0.1556756757;0.1513513514;0.08432432432;0.05432432432;0.0472972973;0.1002702703;0.1143243243;0.09945945946;0.04621621622;0.09702702703;0.1578378378;0.1313513514,4.140149194;6.589858426;22.92810523;23.99257917;23.99173239;14.53934541;9.464805713;17.10497123;23.99497405;15.7515533;2.58176565;6.116669655,Bayesian ensemble,8.0,4
FreshSky-Safe,4,5,422.16513513513513,22.282972972972974,20.49339189189189,37.0,59.0,50.596846846846844,0.03945945945945946,0.008648648648648649,0.12524774774774775,0.04540540540540541,0.8182169139728103,28.0,108.0,0.03135135135135135,348,11100,0.2535926661497898,0.3917289628441837,23.999805493476746,0.4064864864864865,True,True,0.9411489522;0.4821824971;0.3825098869;0.7544254172;0.3523107703;0.8677360717;0.95;0.2189202535;0.8265150398;0.3376263363;0.2625732011;0.2699141276,0.3546353857;0.9781203331;1.218803669;0.5851252029;1.315645181;0.4538598372;0.2241414152;2.064668323;0.5023771293;1.368663091;1.731770293;1.687095206,5.348918919;10.63945946;11.8072973;7.15972973;13.23648649;6.232432432;4.767297297;22.28297297;6.494324324;13.44540541;19.02918919;16.73135135,0.08549588216;0.2722875522;0.339288589;0.1518162688;0.351668401;0.1123609759;0.05476319983;0.3917289628;0.1336051609;0.3773071225;0.3856699247;0.3871199539,0.2018918919;0.1205405405;0.09486486486;0.1794594595;0.08918918919;0.182972973;0.2078378378;0.04540540541;0.1821621622;0.08432432432;0.05216216216;0.06216216216,0.3546353857;10.58736933;17.77266785;1.666126826;23.92241988;0.7231590234;0.2241414152;23.99960989;0.9118856464;23.95475772;23.99626068;23.99980549,Bayesian ensemble,8.0,4
FreshSky-Safe,4,6,323.70324324324326,17.223783783783784,16.487675675675675,30.0,49.0,42.2490990990991,0.020563063063063065,0.004391891891891892,0.1503153153153153,0.06594594594594595,0.9049330838819947,23.0,107.0,0.006666666666666667,74,11100,0.1773131907014995,0.3705265909578589,23.992464582444224,0.4064864864864865,True,True,0.6600953202;0.4082536129;0.95;0.8542797728;0.5796663152;0.95;0.7238759829;0.298421524;0.95;0.3698913443;0.95;0.5870736138,0.6992694381;1.146768836;0.2551559305;0.4699577518;0.8105930222;0.2156180293;0.6208604762;1.535216558;0.2628816135;1.257463669;0.2571157349;0.7995478023,8.412162162;12.92432432;4.82972973;6.451621622;9.524324324;4.721621622;8.602162162;17.22378378;4.447567568;15.88540541;4.735135135;9.905405405,0.1933385501;0.3161362738;0.05889274721;0.118759594;0.2039627307;0.05134040103;0.1391063067;0.370526591;0.06081801652;0.3381557704;0.06170777637;0.2150135306,0.1472972973;0.09540540541;0.2016216216;0.187027027;0.1272972973;0.2045945946;0.1427027027;0.06594594595;0.2045945946;0.08054054054;0.2045945946;0.1421621622,5.481735953;12.48214556;0.2551559305;0.8197465107;5.7906744;0.2156180293;1.808604762;23.99246458;0.2628816135;23.96274746;0.2571157349;7.190051651,Bayesian ensemble,8.0,4
FreshSky-Safe,4,7,362.7502702702703,28.586216216216215,22.17083783783783,36.0,64.0,52.27657657657657,0.03725225225225225,0.011891891891891892,0.15466216216216216,0.03135135135135135,0.8426389296606642,22.0,118.0,0.04450450450450451,494,11100,0.19656411745165028,0.39831410988022425,23.998445593946663,0.4064864864864865,True,True,0.95;0.8194645516;0.5139536145;0.1957148488;0.2668165055;0.95;0.9166527097;0.2817874583;0.4060368001;0.95;0.95;0.8957240492,0.2129344738;0.5105004868;0.9182376412;2.309972111;1.705631049;0.2143947682;0.3910280632;1.619983796;1.152645744;0.2643493157;0.2202876177;0.4190042049,4.754324324;5.512432432;10.12405405;28.58621622;16.92189189;4.871621622;5.465135135;16.34648649;11.74162162;4.957567568;4.813783784;5.107027027,0.0520826213;0.1267972831;0.2774566711;0.3983141099;0.3964439735;0.05238185688;0.101878663;0.3914231118;0.3302174294;0.06587299163;0.05661987148;0.1092808264,0.2116216216;0.1924324324;0.1337837838;0.03135135135;0.06324324324;0.2075675676;0.2097297297;0.06891891892;0.1059459459;0.2072972973;0.2156756757;0.2083783784,0.2129344738;1.394504381;8.928277542;23.99776885;23.99844559;0.2143947682;0.3910280632;23.93389116;17.04789253;0.2643493157;0.2202876177;0.5520336396,Bayesian ensemble,8.0,4
FreshSky-Safe,4,8,427.2172972972973,27.651891891891893,23.996027027027022,39.0,73.0,59.086036036036035,0.04574324324324324,0.016463963963963962,0.13905405405405405,0.03567567567567568,0.8017477545420266,25.0,173.0,0.06342342342342343,704,11100,0.23072015706450388,0.39717385881768025,23.998847492735777,0.4064864864864865,True,True,0.924502767;0.7675714746;0.2938168902;0.223720696;0.8564804989;0.95;0.4732619221;0.198994158;0.3554966144;0.365156396;0.95;0.8950142286,0.3798996382;0.5699618165;1.557699888;2.021057334;0.4673466129;0.2347890628;0.9960890923;2.271318822;1.304697623;1.272612991;0.2590903055;0.4199186836,4.603243243;7.149189189;16.49054054;21.00486486;5.892972973;4.638918919;10.48432432;27.65189189;12.3072973;14.73783784;4.620540541;4.898378378,0.0951802607;0.1609757022;0.3826889726;0.394379296;0.1159524839;0.05933183074;0.2834815714;0.3971738588;0.3572050518;0.3436055074;0.06540279603;0.113264553,0.2083783784;0.177027027;0.06324324324;0.04513513514;0.1902702703;0.2151351351;0.1224324324;0.03567567568;0.09;0.08756756757;0.2191891892;0.2145945946,0.3798996382;2.149427248;23.9621904;23.98019356;0.7367330643;0.2347890628;13.0983164;23.99884749;18.4912526;23.88668065;0.2590903055;0.4995934181,Bayesian ensemble,8.0,4
FreshSky-Safe,4,9,522.0905405405406,28.69810810810811,25.961189189189188,46.0,80.0,66.26351351351352,0.0672972972972973,0.024527027027027026,0.12376126126126125,0.03189189189189189,0.7459644087692828,31.0,165.0,0.11387387387387388,1264,11100,0.25958778851811143,0.39887426255788255,23.998640683480353,0.4064864864864865,True,True,0.3257577326;0.6871221964;0.2523803769;0.1963495047;0.5437054116;0.2493362779;0.95;0.4363495231;0.95;0.6652629851;0.95;0.2127973752,1.414897118;0.6652565043;1.798374164;2.302374716;0.8671448273;1.819394726;0.209506079;1.076896197;0.2790122724;0.6926602831;0.247425482;2.123503268,15.10216216;7.935945946;23.72189189;28.69810811;10.28297297;20.59432432;4.147297297;10.34243243;4.637567568;7.751891892;4.428648649;23.47,0.3747565339;0.1815970458;0.394670222;0.3926482286;0.2589716309;0.3968247416;0.05379210135;0.3213225409;0.07254319082;0.2059260301;0.06312693378;0.3988742626,0.07297297297;0.1589189189;0.04594594595;0.03189189189;0.1340540541;0.04675675676;0.2262162162;0.1186486486;0.2194594595;0.17;0.2205405405;0.03972972973,23.99176942;5.696669111;23.98710429;23.99736337;9.477186201;23.9977866;0.209506079;18.18273377;0.2790122724;3.111923397;0.247425482;23.99864068,Bayesian ensemble,8.0,4
FreshSky-Safe,4,10,565.5286486486486,29.95756756756757,26.682689189189187,49.0,86.0,70.44549549549549,0.07844594594594595,0.029234234234234234,0.09959459459459459,0.038378378378378375,0.7811836931540892,36.349999999999454,145.0,0.10333333333333333,1147,11100,0.30900180113593423,0.40176340261922716,23.997242471557666,0.4064864864864865,True,True,0.2210551088;0.5230742899;0.4621770162;0.8877431859;0.3493760462;0.4491418585;0.5565464418;0.34857734;0.2223217792;0.6900300697;0.2104662511;0.2177243916,2.045012567;0.9021077578;1.019211399;0.4291816563;1.325898395;1.047619095;0.8463561798;1.328717478;2.03354937;0.6616731043;2.146920017;2.075867389,19.8972973;11.55972973;12.31378378;4.983783784;15.12243243;10.99351351;10.16621622;14.97216216;23.21567568;8.018918919;24.00324324;29.95756757,0.3968429791;0.266243695;0.2903375175;0.1081073794;0.3436585298;0.3250450597;0.235149771;0.3616266218;0.4017634026;0.1861626221;0.399791322;0.3932927135,0.04864864865;0.1189189189;0.1127027027;0.2118918919;0.08189189189;0.122972973;0.1321621622;0.0827027027;0.04027027027;0.1659459459;0.03864864865;0.03837837838,23.99589223;9.642155157;18.18766737;0.5459082815;23.64956675;13.71428741;11.20526068;23.61226819;23.99252746;10.71361659;23.99724247;23.99321517,Bayesian ensemble,8.0,4
FreshSky-Safe,4,11,459.6116216216216,28.92297297297297,24.258972972972966,41.0,78.0,63.11441441441441,0.05265765765765766,0.02060810810810811,0.11725225225225226,0.03783783783783784,0.843101103809454,31.0,158.0,0.033153153153153155,368,11100,0.2569659325229263,0.39448013612759525,23.995356387257196,0.4064864864864865,True,True,0.95;0.2935060875;0.6227889451;0.4312530983;0.6153269509;0.4183303984;0.9434799305;0.4987828682;0.6260188518;0.4351735249;0.2492611008;0.2092716103,0.3358641596;1.559243329;0.7487311135;1.088976442;0.7590395275;1.120756955;0.3508668233;0.9460759936;0.7443154627;1.079661914;1.819920828;2.159149808,5.098108108;16.07756757;8.242432432;11.50243243;9.000810811;15.08675676;5.158918919;12.27216216;10.46540541;11.37351351;20.44297297;28.92297297,0.07842881998;0.3700042277;0.1975031262;0.3116827169;0.1901701735;0.3244137023;0.08600978616;0.2613215312;0.1812508735;0.2996791314;0.3944801361;0.3886469654,0.2005405405;0.07081081081;0.1608108108;0.1021621622;0.1372972973;0.09297297297;0.2032432432;0.11;0.1337837838;0.1062162162;0.05135135135;0.03783783784,0.3358641596;23.99535639;5.959395632;12.95984568;5.221751022;23.89450073;0.3508668233;15.29012782;8.16241027;16.2305336;23.9936662;23.98724712,Bayesian ensemble,8.0,4
FreshSky-Safe,4,12,478.4127027027027,20.99108108108108,20.638337837837838,40.0,62.0,54.24054054054054,0.048468468468468466,0.011103603603603603,0.10936936936936938,0.0445945945945946,0.8379420841605889,33.0,126.0,0.02810810810810811,312,11100,0.2777331447509333,0.39382077161378753,23.996986161784637,0.4064864864864865,True,True,0.2277146089;0.9318683167;0.4490225566;0.364868936;0.3264467419;0.2532754659;0.5108922966;0.7249468559;0.885090931;0.3371942215;0.4510893652;0.3770521179,1.986329388;0.369039043;1.047885528;1.273544601;1.412123145;1.792296255;0.9237509324;0.6195927545;0.4325165816;1.370290719;1.043286736;1.235229773,20.34972973;5.099189189;12.24486486;13.65675676;17.14594595;20.99108108;9.967837838;7.084864865;5.954594595;15.4727027;12.87135135;12.78675676,0.3913605741;0.08547742158;0.3061525017;0.3428244386;0.366007053;0.3938207716;0.2444195035;0.1497070061;0.1060250107;0.34886861;0.2746381841;0.3234966621,0.04972972973;0.1981081081;0.1081081081;0.08621621622;0.07648648649;0.04459459459;0.1245945946;0.1618918919;0.1881081081;0.07675675676;0.1035135135;0.09432432432,23.99698616;0.369039043;23.95484878;18.82697184;23.97588129;23.99199887;7.027516783;1.795927545;0.5625829082;21.87686169;13.59559493;20.11597409,Bayesian ensemble,8.0,4
FreshSky-Safe,4,13,333.0535135135135,25.005675675675676,19.55175675675675,31.0,59.0,47.77972972972973,0.026373873873873875,0.009234234234234234,0.15096846846846848,0.043243243243243246,0.8959931127106631,23.0,117.0,0.022342342342342343,248,11100,0.18312101738699393,0.3913681222551318,23.996511808936535,0.4064864864864865,True,True,0.931036637;0.7159624459;0.6775674106;0.3509019354;0.95;0.7562371291;0.2357345475;0.5713184825;0.95;0.8385292043;0.9458583108;0.3749843981,0.3702883284;0.6302691506;0.6771299559;1.320546841;0.2764601871;0.5830294735;1.920506701;0.8232731646;0.2265612916;0.488449848;0.3469497415;1.241568686,6.169459459;7.635945946;8.631621622;15.08945946;5.394594595;6.854594595;25.00567568;9.407027027;4.836216216;5.956216216;5.418648649;13.12324324,0.09117099114;0.1693209556;0.1645242785;0.3444128923;0.06814370018;0.1492240301;0.3913681223;0.2400842553;0.05737511628;0.124620718;0.07473484972;0.3224722993,0.1886486486;0.1618918919;0.1435135135;0.07918918919;0.2016216216;0.1710810811;0.04324324324;0.1416216216;0.2156756757;0.1897297297;0.1840540541;0.09135135135,0.3702883284;2.702691506;2.494169603;20.71226362;0.2764601871;1.315147367;23.99651181;8.981829115;0.2265612916;0.9306990882;0.3469497415;18.78510197,Bayesian ensemble,8.0,4
FreshSky-Safe,4,14,478.65351351351353,24.983783783783785,21.718567567567565,40.0,71.0,58.674774774774775,0.049797297297297295,0.016621621621621622,0.10914414414414415,0.0372972972972973,0.8412782138262473,33.0,158.0,0.03342342342342342,371,11100,0.2737289162438105,0.3962806435577126,23.9895607653849,0.4064864864864865,True,True,0.3969158517;0.64914127;0.685168137;0.2123384503;0.8391928019;0.2547057577;0.6450583303;0.3536782427;0.3495021855;0.2638904463;0.8142278578;0.4332858251,1.177446822;0.7134614509;0.6676722331;2.128067317;0.4876767217;1.782678959;0.7188179662;1.310923092;1.325454306;1.723560971;0.5165166625;1.084128614,12.30918919;8.377297297;8.148918919;24.98378378;6.360540541;19.04702703;9.522162162;17.18675676;14.84324324;17.76972973;6.185675676;12.5872973,0.322365846;0.1937915563;0.1802715029;0.3962806436;0.1211283533;0.3854440993;0.2034060569;0.3401313969;0.3482004286;0.38151255;0.12535999;0.2868545712,0.09648648649;0.1497297297;0.1462162162;0.0372972973;0.1827027027;0.05540540541;0.1381081081;0.07567567568;0.08675675676;0.05972972973;0.1821621622;0.09945945946,14.52340465;9.457689331;4.821116895;23.98756778;1.402827548;23.98129072;7.408085086;23.39492349;23.69088758;23.98956077;1.165166625;16.50165903,Bayesian ensemble,8.0,4
FreshSky-Safe,4,15,436.1618918918919,32.241081081081084,25.963054054054048,39.0,77.0,61.504954954954954,0.04718468468468468,0.01704954954954955,0.1352027027027027,0.02945945945945946,0.8351995063897057,27.0,262.0,0.06189189189189189,687,11100,0.2330808269135685,0.3977414893885956,23.997445409228362,0.4064864864864865,True,True,0.95;0.6682774533;0.3936552323;0.8783623152;0.2542081145;0.6112416568;0.1961261937;0.2603661895;0.4858854259;0.9440218225;0.777121657;0.6438927182,0.2609434761;0.6888292002;1.186565108;0.4408835581;1.786011998;0.7647485898;2.305041448;1.74572184;0.9708198352;0.349980936;0.5589976316;0.7203540735,4.547837838;6.985405405;12.34675676;6.082432432;20.82648649;7.856486486;32.24108108;18.60135135;9.945945946;5.025675676;7.519459459;9.108378378,0.06403693953;0.1943615365;0.3405762553;0.1046204768;0.3934053456;0.2174366261;0.3887421252;0.3977414894;0.2818001359;0.08494131907;0.1420156145;0.1872920591,0.2156756757;0.1772972973;0.1056756757;0.1862162162;0.04972972973;0.1651351351;0.02945945946;0.05243243243;0.1283783784;0.1994594595;0.1675675676;0.1454054054,0.2609434761;2.599462802;22.72977877;0.6453013484;23.99109558;7.918714745;23.99744541;23.98635636;11.58721654;0.349980936;1.35398579;3.605311103,Bayesian ensemble,8.0,4
FreshSky-Safe,4,16,506.35486486486485,27.026756756756757,26.968486486486487,46.0,79.0,66.06846846846847,0.06585585585585585,0.02533783783783784,0.12497747747747745,0.031081081081081083,0.7750127182886722,30.0,172.0,0.11225225225225226,1246,11100,0.26928895028741523,0.4006719799454812,23.99332664097801,0.4064864864864865,True,True,0.3932789834;0.7735119064;0.901603995;0.8416273572;0.2260479039;0.7045979448;0.6624829137;0.1982197585;0.7522839954;0.3841282698;0.2247729528;0.2144342016,1.187626136;0.5631378354;0.4113518347;0.4848363331;2.00065631;0.6439160289;0.6962092138;2.280313362;0.5876051337;1.214015836;2.011774821;2.107404393,14.52162162;7.189459459;5.073783784;6.208378378;19.43945946;6.60027027;8.047567568;27.02675676;6.357027027;11.48405405;26.92081081;20.45432432,0.3379919787;0.1680281541;0.106951477;0.118064199;0.4006719799;0.1802964881;0.2116852339;0.3993629888;0.1646882496;0.3497678057;0.395830289;0.3981285596,0.09540540541;0.1856756757;0.2121621622;0.1816216216;0.05027027027;0.1843243243;0.1727027027;0.03108108108;0.1948648649;0.1067567568;0.04135135135;0.04351351351,23.98332498;2.12079186;0.4567591735;1.018035998;23.9045279;2.858740433;11.55215934;23.99332664;1.876051337;19.63449091;23.9909764;23.99153746,Bayesian ensemble,8.0,4
FreshSky-Safe,4,17,417.8408108108108,29.946216216216218,28.810391891891893,42.0,88.0,67.96396396396396,0.05448198198198198,0.024391891891891893,0.14853603603603605,0.03567567567567568,0.8181456181738002,24.0,161.0,0.06864864864864866,762,11100,0.211387639490338,0.39591749084463124,23.99850869745739,0.4064864864864865,True,True,0.6058267012;0.4606290406;0.8627452041;0.95;0.8920394043;0.9329954481;0.2434414901;0.2237143759;0.7874097494;0.2072792387;0.95;0.5223938409,0.772389876;1.022513998;0.4598691245;0.2139841101;0.4237308779;0.3673358894;1.861711545;2.021113381;0.5472165522;2.179902851;0.241873434;0.9032962107,9.055135135;9.875135135;4.933243243;4.080810811;5.267027027;4.904594595;21.01891892;27.88108108;6.393243243;29.94621622;4.537027027;9.592702703,0.2127203469;0.2782896206;0.1196902613;0.05789137682;0.1102845501;0.09252893213;0.3954879119;0.393297739;0.150114811;0.3959174908;0.05968390412;0.2707447291,0.1448648649;0.1197297297;0.2116216216;0.2272972973;0.2013513514;0.2132432432;0.05162162162;0.03648648649;0.1908108108;0.03567567568;0.2135135135;0.1362162162,7.44779752;9.96022397;0.6394764981;0.2139841101;0.5186543897;0.3673358894;23.99413496;23.9985087;1.472165522;23.99805703;0.241873434;12.84173706,Bayesian ensemble,8.0,4
FreshSky-Safe,4,18,331.29,21.298648648648648,19.73114864864865,32.0,55.0,45.58783783783784,0.02617117117117117,0.006779279279279279,0.16067567567567567,0.04756756756756757,0.8543456137353995,21.0,113.0,0.031711711711711714,352,11100,0.18877075070472757,0.39421005084841226,23.99532064392474,0.4064864864864865,True,True,0.95;0.2298402862;0.2514208534;0.95;0.8064515181;0.2889292384;0.86964094;0.95;0.4229897239;0.9113191376;0.93510967;0.8418183031,0.2641897105;1.968390267;1.804941085;0.3377909827;0.5254308787;1.582364629;0.451552802;0.2372894534;1.10910177;0.3983676074;0.3641087485;0.4846132827,4.674864865;21.29864865;18.44864865;4.687837838;6.478648649;15.36;5.75;4.639189189;11.00216216;4.717297297;5.60027027;6.501621622,0.06876072734;0.3942100508;0.3887940661;0.08481292512;0.1323517781;0.3810505093;0.119234348;0.06131046417;0.3108482529;0.09937656802;0.09496349791;0.1295358207,0.2181081081;0.04756756757;0.05135135135;0.2151351351;0.1854054054;0.07297297297;0.1994594595;0.2172972973;0.1067567568;0.2083783784;0.2081081081;0.1975675676,0.2641897105;23.99532064;23.98798908;0.3377909827;1.027154393;23.96711355;0.709316812;0.2372894534;18.36430976;0.3983676074;0.3641087485;1.776878937,Bayesian ensemble,8.0,4
FreshSky-Safe,4,19,488.32675675675677,26.722162162162164,23.75766216216216,39.0,66.0,55.152702702702705,0.04490990990990991,0.01313063063063063,0.10614864864864866,0.036756756756756756,0.8283643856668046,34.0,132.0,0.05054054054054054,561,11100,0.29226265006348806,0.39311638019961687,23.996063080160184,0.4064864864864865,True,True,0.8339118425;0.4218873338;0.3658373363;0.3670076204;0.481511622;0.1930715746;0.2120595117;0.3057773787;0.5446939528;0.4653449839;0.3623629999;0.8770434254,0.4938172966;1.111838862;1.270411673;1.266646367;0.9794527448;2.342239302;2.1308523;1.500722279;0.8655191693;1.012509865;1.281724896;0.4425090154,5.734594595;11.87864865;14.3772973;12.66297297;11.17027027;21.33216216;26.72216216;14.89108108;8.578378378;9.744864865;13.11486486;5.430810811,0.1275917123;0.2836691584;0.3382041886;0.3580843515;0.2644522411;0.3931163802;0.3927679104;0.3788309752;0.2442167602;0.2793979924;0.341215952;0.1056041785,0.1894594595;0.1005405405;0.08567567568;0.09756756757;0.1162162162;0.03837837838;0.03675675676;0.06756756757;0.1424324324;0.1181081081;0.08702702703;0.1940540541,0.8690864829;13.44332701;22.69957271;21.46609829;10.48631862;23.99288744;23.98943338;23.99606308;9.906940894;9.875217023;21.98316635;0.6125450771,Bayesian ensemble,8.0,4
FreshSky-Safe,8,0,399.952972972973,20.69081081081081,20.442716216216215,37.0,62.0,52.07027027027027,0.040450450450450454,0.01132882882882883,0.14560810810810812,0.04945945945945946,0.8273767712905846,26.0,108.0,0.04765765765765766,529,11100,0.2184196886645844,0.4002945885940433,23.998622883977625,0.4064864864864865,True,True,0.95;0.2315765095;0.95;0.8081176242;0.6281327393;0.795200025;0.3394136806;0.9476946562;0.5005847781;0.95;0.23436609;0.2528380647,0.3369544871;1.95400716;0.2191119648;0.5235225351;0.7414402559;0.5383055036;1.361973486;0.3438720469;0.9427001774;0.2738400263;1.931388168;1.795260579,4.895405405;19.51243243;5.082162162;6.742432432;9.614594595;6.292702703;14.11216216;5.461351351;11.19135135;4.674594595;20.69081081;20.23972973,0.08587785982;0.3971387524;0.05720598864;0.1392286958;0.2023931509;0.1482522455;0.3820887781;0.08364455194;0.2608986437;0.06468545486;0.3993275537;0.4002945886,0.2137837838;0.05108108108;0.2162162162;0.1951351351;0.1494594595;0.1983783784;0.08189189189;0.2027027027;0.1227027027;0.2102702703;0.04945945946;0.05621621622,0.3369544871;23.99862288;0.2191119648;1.388180281;4.145924607;0.9681385253;23.86642066;0.3438720469;7.139403904;0.2738400263;23.99858589;23.98672606,Bayesian ensemble,8.0,8
FreshSky-Safe,8,1,534.8067567567567,31.71189189189189,28.50598648648648,50.0,87.0,71.40585585585586,0.08087837837837838,0.031036036036036035,0.12322072072072073,0.03054054054054054,0.7036614427308416,34.0,162.0,0.10081081081081081,1119,11100,0.2795508305789954,0.401456045139843,23.999940031491008,0.4064864864864865,True,True,0.5605092249;0.2181252996;0.2316669551;0.3707979081;0.95;0.95;0.2020086086;0.95;0.325972712;0.8362721814;0.2993435181;0.2334007936,0.8400796556;2.072097608;1.953264399;1.254604531;0.2976063768;0.2276934429;2.237061952;0.2579608484;1.414030367;0.4910760745;1.530799061;1.939147999,9.602432432;24.80432432;25.88297297;14.13297297;4.237297297;4.073513514;31.71189189;4.348918919;13.64918919;5.956486486;14.34378378;21.42513514,0.2567919164;0.3976187303;0.3980436099;0.371634207;0.07745809211;0.06461570678;0.398438872;0.06574515677;0.392106799;0.1405539359;0.3901468957;0.4014560451,0.1475675676;0.04081081081;0.03891891892;0.0972972973;0.2227027027;0.2481081081;0.03054054054;0.2245945946;0.08972972973;0.2140540541;0.07594594595;0.04837837838,4.521832079;23.99874277;23.99994003;20.89274046;0.2976063768;0.2276934429;23.99405494;0.2579608484;23.94226398;0.9464564472;23.99255009;23.9967316,Bayesian ensemble,8.0,8
FreshSky-Safe,8,2,446.7383783783784,29.29891891891892,24.81017567567567,40.0,70.0,57.88963963963964,0.04986486486486486,0.016283783783783784,0.13373873873873873,0.032972972972972976,0.8294238738886235,28.0,126.0,0.055765765765765765,619,11100,0.23986350867088535,0.4028796145459032,23.999999002679868,0.4064864864864865,True,True,0.2983974043;0.4720337023;0.7619171253;0.95;0.6042558466;0.7527600943;0.6803453125;0.2438339011;0.7053294905;0.1925045361;0.95;0.2931742638,1.535332493;0.9986066978;0.5764720931;0.328976203;0.7746227687;0.5870535051;0.6736618433;1.858825842;0.6430324214;2.34929577;0.2710575607;1.560894842,17.27324324;9.279189189;6.917567568;4.930810811;10.06216216;7.072702703;7.314054054;21.13756757;7.760810811;29.29891892;4.997837838;16.25891892,0.3875677158;0.2642259344;0.1512849736;0.08073253846;0.2208721678;0.1562831628;0.174605867;0.398893978;0.1741401314;0.3987453361;0.06813068417;0.4028796145,0.06378378378;0.1313513514;0.187027027;0.2035135135;0.1427027027;0.1756756757;0.1686486486;0.04891891892;0.1694594595;0.03297297297;0.2102702703;0.07054054054,23.99061455;4.970740653;1.282360466;0.328976203;4.470095993;1.335267526;1.768309217;23.97718519;1.458194529;23.999999;0.2710575607;23.97287535,Bayesian ensemble,8.0,8
FreshSky-Safe,8,3,524.1018918918919,23.262162162162163,21.655716216216216,46.0,68.0,59.37477477477478,0.06988738738738738,0.016981981981981982,0.10842342342342341,0.04756756756756757,0.7231649482657342,37.0,123.0,0.07693693693693694,854,11100,0.31707364437288094,0.39809388883937424,23.997229309059016,0.4064864864864865,True,True,0.2469621281;0.8215561338;0.8932287906;0.3220866759;0.225348274;0.2465631425;0.4834834838;0.2778755806;0.2645088005;0.3014458345;0.9387067142;0.2969367479,1.836175919;0.5080937316;0.4222105672;1.429873819;2.006740312;1.839030251;0.9755450403;1.641436133;1.719737046;1.520828652;0.3585144156;1.542388958,19.00459459;5.978378378;5.029189189;12.73135135;20.34135135;23.26216216;10.87216216;16.05243243;18.25108108;16.71540541;4.616756757;18.07297297,0.398003537;0.1430901806;0.1137686312;0.3961136931;0.3980938888;0.3971311271;0.2979367285;0.395275566;0.3969339019;0.3913051018;0.09205099861;0.3851803777,0.05297297297;0.2097297297;0.2272972973;0.09081081081;0.05216216216;0.04756756757;0.1362162162;0.06756756757;0.05837837838;0.07135135135;0.2162162162;0.07081081081,23.99434167;1.048562389;0.5110528362;23.94545812;23.99722931;23.99174415;12.71962145;23.99387791;23.99211138;23.98252817;0.3585144156;23.99534252,Bayesian ensemble,8.0,8
FreshSky-Safe,8,4,493.26027027027027,22.93189189189189,22.118635135135133,41.0,63.0,54.7981981981982,0.051936936936936934,0.012072072072072072,0.10664414414414414,0.04378378378378378,0.8673473611627568,35.0,122.0,0.03594594594594595,399,11100,0.2832968913540337,0.39788068565923873,23.994974050616673,0.4064864864864865,True,True,0.662118963;0.6741961796;0.3640876;0.2460798207;0.2372011855;0.4128728207;0.5024050881;0.4159209977;0.2309431598;0.4380235493;0.7287104513;0.5641011845,0.6966749552;0.6813572012;1.27608378;1.842501298;1.908996959;1.13470463;0.9393093506;1.126874486;1.959226317;1.072981387;0.6151471375;0.8344446437,8.075675676;8.268108108;14.48216216;17.5027027;22.93189189;12.44513514;11.68540541;12.32378378;21.45324324;13.28432432;8.037567568;9.3,0.1860310421;0.1762321193;0.3290226828;0.3978806857;0.3946980199;0.3143438503;0.2566599334;0.286896153;0.3939633459;0.2824551003;0.1581094399;0.2232703236,0.1597297297;0.1581081081;0.0872972973;0.05540540541;0.04540540541;0.1045945946;0.1218918919;0.1021621622;0.04378378378;0.09837837838;0.1648648649;0.1381081081,4.036824149;2.65085761;15.82377011;23.99257917;23.99173239;9.50232039;4.732402856;9.556866266;23.99497405;9.986646359;1.690882825;3.544446437,Bayesian ensemble,8.0,8
FreshSky-Safe,8,5,444.09810810810814,24.512972972972975,22.102189189189186,39.0,63.0,55.394594594594594,0.04472972972972973,0.012094594594594594,0.12725225225225226,0.0445945945945946,0.8205474699917005,30.0,207.0,0.023423423423423424,260,11100,0.25462137744469543,0.39350355741253634,23.996665718576903,0.4064864864864865,True,True,0.9411489522;0.4821824971;0.3825098869;0.7544254172;0.3523107703;0.8677360717;0.95;0.2189202535;0.8265150398;0.3376263363;0.2625732011;0.2699141276,0.3546353857;0.9781203331;1.218803669;0.5851252029;1.315645181;0.4538598372;0.2241414152;2.064668323;0.5023771293;1.368663091;1.731770293;1.687095206,5.068648649;10.89513514;12.15594595;7.307567568;13.57513514;6.267297297;4.844864865;24.51297297;6.509459459;13.6972973;20.12972973;17.35459459,0.08549588216;0.2717588385;0.3419238402;0.1491278558;0.3552241988;0.1106436684;0.05470262107;0.3917289628;0.131840052;0.3791566672;0.390350385;0.3935035574,0.2062162162;0.1235135135;0.09972972973;0.1783783784;0.09162162162;0.1835135135;0.207027027;0.04459459459;0.1902702703;0.08513513514;0.05351351351;0.06351351351,0.3546353857;10.006166;15.1897541;1.325626014;19.94145241;0.615439349;0.2241414152;23.99666572;0.9118856464;23.95475772;23.96765105;23.99342604,Bayesian ensemble,8.0,8
FreshSky-Safe,8,6,325.16324324324324,16.30189189189189,16.25908108108108,31.0,49.0,42.62162162162162,0.021621621621621623,0.004144144144144144,0.15263513513513513,0.06594594594594595,0.91068747871884,23.0,101.0,0.0009009009009009009,10,11100,0.17748072497812106,0.37135643774611843,23.850847073560665,0.4064864864864865,True,True,0.6600953202;0.4082536129;0.95;0.8542797728;0.5796663152;0.95;0.7238759829;0.298421524;0.95;0.3698913443;0.95;0.5870736138,0.6992694381;1.146768836;0.2551559305;0.4699577518;0.8105930222;0.2156180293;0.6208604762;1.535216558;0.2628816135;1.257463669;0.2571157349;0.7995478023,8.336216216;14.52027027;5.007837838;6.626486486;9.420810811;4.797027027;7.951081081;16.22405405;4.621351351;16.30189189;4.666216216;10.15594595,0.1891807318;0.3189257115;0.05978924102;0.1172354067;0.2006765428;0.05087419988;0.139441907;0.3713564377;0.0613864092;0.3442731612;0.06226370228;0.2143652486,0.1551351351;0.09810810811;0.2;0.1883783784;0.1313513514;0.2027027027;0.1432432432;0.06594594595;0.2051351351;0.08756756757;0.21;0.1440540541,1.896347191;11.06922091;0.2551559305;1.029619766;2.0953372;0.2156180293;1.104302381;23.85084707;0.2628816135;23.78361941;0.2571157349;3.995025826,Bayesian ensemble,8.0,8
FreshSky-Safe,8,7,367.3991891891892,26.81783783783784,22.009054054054047,36.0,65.0,53.66261261261261,0.03864864864864865,0.012612612612612612,0.15686936936936938,0.03216216216216216,0.8454837840270307,23.0,139.0,0.03891891891891892,432,11100,0.19605975865485958,0.39644115952028586,23.998445593946666,0.4064864864864865,True,True,0.95;0.8194645516;0.5139536145;0.1957148488;0.2668165055;0.95;0.9166527097;0.2817874583;0.4060368001;0.95;0.95;0.8957240492,0.2129344738;0.5105004868;0.9182376412;2.309972111;1.705631049;0.2143947682;0.3910280632;1.619983796;1.152645744;0.2643493157;0.2202876177;0.4190042049,5.026216216;5.745135135;10.98756757;26.81783784;18.07459459;5.042432432;5.17;17.47810811;11.66162162;4.901351351;4.685945946;5.535945946,0.05231282073;0.128039041;0.2796902221;0.3964411595;0.3936780854;0.05325102486;0.1007161471;0.3922987788;0.3249214894;0.06544431707;0.05709616903;0.1088278489,0.2116216216;0.1937837838;0.1383783784;0.03216216216;0.06108108108;0.2105405405;0.2116216216;0.07;0.1159459459;0.2102702703;0.2227027027;0.2043243243,0.2129344738;1.063002921;8.246515184;23.99665327;23.99844559;0.2143947682;0.3910280632;23.99546293;12.95820637;0.2643493157;0.2202876177;0.5520336396,Bayesian ensemble,8.0,8
FreshSky-Safe,8,8,434.1672972972973,24.278648648648648,23.817837837837835,40.0,67.0,57.067567567567565,0.048063063063063065,0.014234234234234235,0.1397972972972973,0.03567567567567568,0.8051158019646852,26.0,142.0,0.05765765765765766,640,11100,0.23124265259881036,0.3965642228693911,23.99859149990358,0.4064864864864865,True,True,0.924502767;0.7675714746;0.2938168902;0.223720696;0.8564804989;0.95;0.4732619221;0.198994158;0.3554966144;0.365156396;0.95;0.8950142286,0.3798996382;0.5699618165;1.557699888;2.021057334;0.4673466129;0.2347890628;0.9960890923;2.271318822;1.304697623;1.272612991;0.2590903055;0.4199186836,5.026486486;7.294324324;16.14081081;23.44081081;5.875135135;4.962162162;10.70837838;24.27864865;13.99297297;14.85567568;4.757567568;5.097027027,0.09733644784;0.1565084339;0.3852149724;0.3965642229;0.1163314136;0.05907800473;0.2778280928;0.3941045091;0.3674310602;0.347045002;0.06477257636;0.1126970954,0.2097297297;0.1805405405;0.06459459459;0.0427027027;0.1937837838;0.2124324324;0.1275675676;0.03567567568;0.09;0.09162162162;0.2156756757;0.2132432432,0.3798996382;1.419770899;23.79298995;23.98055096;0.7367330643;0.2347890628;7.317870939;23.9985915;21.45502155;21.01155345;0.2590903055;0.5195121017,Bayesian ensemble,8.0,8
FreshSky-Safe,8,9,537.6786486486486,30.23216216216216,28.009864864864863,49.0,87.0,70.97297297297297,0.0745045045045045,0.03042792792792793,0.12644144144144145,0.032972972972972976,0.7516068080699742,30.75,147.0,0.11387387387387388,1264,11100,0.25987176157269315,0.40011538987963535,23.99736336662601,0.4064864864864865,True,True,0.3257577326;0.6871221964;0.2523803769;0.1963495047;0.5437054116;0.2493362779;0.95;0.4363495231;0.95;0.6652629851;0.95;0.2127973752,1.414897118;0.6652565043;1.798374164;2.302374716;0.8671448273;1.819394726;0.209506079;1.076896197;0.2790122724;0.6926602831;0.247425482;2.123503268,14.50297297;7.926486486;20.89243243;30.23216216;10.10216216;24.04945946;4.183783784;10.25297297;4.797027027;7.590540541;4.252162162;26.19162162,0.3759037478;0.1771020694;0.3941841749;0.4001153899;0.2568623597;0.3968247416;0.05458482706;0.3259793893;0.07329727804;0.2004970711;0.06366190779;0.3994481824,0.08108108108;0.1645945946;0.04837837838;0.03297297297;0.1345945946;0.04621621622;0.2264864865;0.1243243243;0.2218918919;0.17;0.2267567568;0.04,23.92395036;2.25679553;23.9968815;23.99736337;5.144331028;23.98815414;0.209506079;14.06032886;0.2790122724;2.633942548;0.247425482;23.99686293,Bayesian ensemble,8.0,8
FreshSky-Safe,8,10,570.7445945945946,28.174054054054054,27.087878378378377,49.0,81.0,68.05810810810812,0.0822972972972973,0.026846846846846847,0.10335585585585587,0.03513513513513514,0.7901828965641867,38.0,141.0,0.10288288288288289,1142,11100,0.30914403928886997,0.3997913220498276,23.99724247155787,0.4064864864864865,True,True,0.2210551088;0.5230742899;0.4621770162;0.8877431859;0.3493760462;0.4491418585;0.5565464418;0.34857734;0.2223217792;0.6900300697;0.2104662511;0.2177243916,2.045012567;0.9021077578;1.019211399;0.4291816563;1.325898395;1.047619095;0.8463561798;1.328717478;2.03354937;0.6616731043;2.146920017;2.075867389,20.3227027;12.86108108;11.44432432;5.185675676;16.37297297;11.24216216;9.553243243;13.42864865;22.31621622;8.107027027;26.19918919;28.17405405,0.3996065096;0.2645370047;0.2873074296;0.1089193447;0.3479587408;0.320514815;0.240639649;0.3601901705;0.398465755;0.1840166552;0.399791322;0.3977810754,0.05027027027;0.1240540541;0.1213513514;0.2094594595;0.08486486486;0.13;0.1443243243;0.09351351351;0.04405405405;0.1656756757;0.03513513514;0.03756756757,23.99589223;11.65058619;8.926593787;0.6042715941;22.44956675;10.83809746;5.419835956;18.73485157;23.99237507;3.895135191;23.99724247;23.99383232,Bayesian ensemble,8.0,8
FreshSky-Safe,8,11,448.12,27.548108108108107,23.52032432432432,40.0,71.0,58.23783783783784,0.04957207207207207,0.01608108108108108,0.12029279279279277,0.03783783783783784,0.8486469976232403,32.0,160.0,0.02027027027027027,225,11100,0.25725876678408616,0.3979232295850682,23.992082752130738,0.4064864864864865,True,True,0.95;0.2935060875;0.6227889451;0.4312530983;0.6153269509;0.4183303984;0.9434799305;0.4987828682;0.6260188518;0.4351735249;0.2492611008;0.2092716103,0.3358641596;1.559243329;0.7487311135;1.088976442;0.7590395275;1.120756955;0.3508668233;0.9460759936;0.7443154627;1.079661914;1.819920828;2.159149808,4.987027027;15.5527027;8.590810811;12.16432432;9.370540541;14.45081081;5.184054054;11.9127027;9.948108108;11.35243243;20.22486486;27.54810811,0.08015352783;0.3775897358;0.1973007664;0.3128599887;0.1924267775;0.3119945036;0.08667358825;0.2531392524;0.1776298793;0.3037643386;0.3979232296;0.3956496134,0.2048648649;0.07216216216;0.1627027027;0.1062162162;0.1383783784;0.09918918919;0.202972973;0.1159459459;0.1356756757;0.1167567568;0.05081081081;0.03783783784,0.3358641596;20.83611306;3.077160043;8.91259952;3.10847433;14.34346559;0.3508668233;11.25189984;3.57494018;10.71188595;23.99208275;23.97729064,Bayesian ensemble,8.0,8
FreshSky-Safe,8,12,474.9362162162162,22.222972972972972,20.809175675675675,40.0,62.0,54.33153153153153,0.04943693693693694,0.011486486486486487,0.11301801801801802,0.041891891891891894,0.8415118679050566,33.0,131.0,0.024504504504504504,272,11100,0.27793729806392864,0.396727197972561,23.996986161784385,0.4064864864864865,True,True,0.2277146089;0.9318683167;0.4490225566;0.364868936;0.3264467419;0.2532754659;0.5108922966;0.7249468559;0.885090931;0.3371942215;0.4510893652;0.3770521179,1.986329388;0.369039043;1.047885528;1.273544601;1.412123145;1.792296255;0.9237509324;0.6195927545;0.4325165816;1.370290719;1.043286736;1.235229773,19.65243243;4.944864865;12.55216216;13.32108108;13.75594595;22.22297297;10.12594595;7.286756757;5.764054054;16.12567568;13.31783784;13.70216216,0.3945816487;0.08617560356;0.3061525017;0.3455780486;0.3629538138;0.396727198;0.2394262552;0.1485348036;0.1064925962;0.3507203542;0.2740742453;0.323830508,0.05;0.2032432432;0.1137837838;0.09378378378;0.08756756757;0.04189189189;0.1291891892;0.1635135135;0.1916216216;0.07648648649;0.1108108108;0.09432432432,23.99698616;0.369039043;21.00273431;15.47988264;21.86074331;23.99643143;4.285011189;1.497963773;0.5300663265;19.70657097;9.909021461;14.375055,Bayesian ensemble,8.0,8
FreshSky-Safe,8,13,341.62864864864866,26.410810810810812,19.81318918918918,31.0,58.0,48.58468468468468,0.027004504504504506,0.008986486486486487,0.1540990990990991,0.04054054054054054,0.8980643861227469,23.0,158.0,0.027117117117117118,301,11100,0.18358458147885137,0.394482457445491,23.983844290900702,0.4064864864864865,True,True,0.931036637;0.7159624459;0.6775674106;0.3509019354;0.95;0.7562371291;0.2357345475;0.5713184825;0.95;0.8385292043;0.9458583108;0.3749843981,0.3702883284;0.6302691506;0.6771299559;1.320546841;0.2764601871;0.5830294735;1.920506701;0.8232731646;0.2265612916;0.488449848;0.3469497415;1.241568686,6.060810811;7.721351351;8.677837838;14.41513514;5.268378378;6.524594595;26.41081081;9.987837838;4.634864865;5.667567568;5.397567568;12.35378378,0.09017021187;0.1713650718;0.1643412704;0.3472681288;0.06859201399;0.1501694833;0.3944824574;0.232964055;0.05676278846;0.1247527315;0.07464107952;0.3275056858,0.1883783784;0.1708108108;0.1483783784;0.08162162162;0.2048648649;0.1762162162;0.04054054054;0.1394594595;0.2151351351;0.1972972973;0.1856756757;0.1008108108,0.3702883284;1.842153205;1.539909691;17.11226362;0.2764601871;1.315147367;23.98384429;7.80510228;0.2265612916;1.019148936;0.3469497415;13.46039591,Bayesian ensemble,8.0,8
FreshSky-Safe,8,14,498.142972972973,26.35810810810811,22.73167567567567,43.0,75.0,62.29864864864865,0.05871621621621621,0.019662162162162163,0.11245495495495494,0.037567567567567565,0.8377684567118863,34.0,154.0,0.028288288288288287,314,11100,0.275084389995955,0.4020321768459233,23.999727496276623,0.4064864864864865,True,True,0.3969158517;0.64914127;0.685168137;0.2123384503;0.8391928019;0.2547057577;0.6450583303;0.3536782427;0.3495021855;0.2638904463;0.8142278578;0.4332858251,1.177446822;0.7134614509;0.6676722331;2.128067317;0.4876767217;1.782678959;0.7188179662;1.310923092;1.325454306;1.723560971;0.5165166625;1.084128614,13.34459459;8.984594595;7.99;26.35810811;6.301621622;18.93810811;8.876216216;18.13972973;15.15594595;19.76459459;6.248378378;12.4972973,0.3239569904;0.1935987288;0.1786474353;0.4020321768;0.1209965488;0.3907439557;0.194275126;0.3465088606;0.3517827375;0.3898974412;0.1249411927;0.2836314861,0.09675675676;0.1532432432;0.1578378378;0.03756756757;0.1862162162;0.05621621622;0.147027027;0.07810810811;0.09027027027;0.05702702703;0.1845945946;0.1045945946,11.54893643;4.009613371;1.873705632;23.9997275;0.9260603305;23.99722353;2.312907797;19.66046204;23.81634189;23.98956077;0.8660666499;9.734958127,Bayesian ensemble,8.0,8
FreshSky-Safe,8,15,424.02486486486487,27.896486486486488,23.30978378378378,39.0,65.0,54.72027027027027,0.04461711711711712,0.01331081081081081,0.13941441441441443,0.03189189189189189,0.84483636023679,26.949999999999818,121.0,0.06297297297297297,699,11100,0.2336336258160896,0.3999558403697859,23.995652036808387,0.4064864864864865,True,True,0.95;0.6682774533;0.3936552323;0.8783623152;0.2542081145;0.6112416568;0.1961261937;0.2603661895;0.4858854259;0.9440218225;0.777121657;0.6438927182,0.2609434761;0.6888292002;1.186565108;0.4408835581;1.786011998;0.7647485898;2.305041448;1.74572184;0.9708198352;0.349980936;0.5589976316;0.7203540735,4.564324324;6.742432432;12.40243243;6.063783784;19.55702703;7.773243243;27.89648649;18.38918919;9.811351351;4.867027027;7.298918919;9.48027027,0.06509481849;0.1943615365;0.3441038813;0.1056928962;0.3953361694;0.2139229163;0.3999558404;0.3996287562;0.2749781587;0.08588721349;0.1392961666;0.1853451562,0.2167567568;0.1802702703;0.1164864865;0.1878378378;0.05567567568;0.1713513514;0.03189189189;0.05594594595;0.1345945946;0.2086486486;0.1697297297;0.1437837838,0.2609434761;2.777121202;14.41038813;0.6861849064;23.99554779;3.871228847;23.99565204;23.97671049;5.879018187;0.349980936;1.194988158;2.001770368,Bayesian ensemble,8.0,8
FreshSky-Safe,8,16,515.0335135135135,25.97054054054054,25.908405405405404,47.0,78.0,65.7581081081081,0.07006756756756757,0.02400900900900901,0.1268918918918919,0.03405405405405405,0.7786656406772238,31.0,152.0,0.12018018018018017,1334,11100,0.26995564499193103,0.40126751828070056,23.99979693762505,0.4064864864864865,True,True,0.3932789834;0.7735119064;0.901603995;0.8416273572;0.2260479039;0.7045979448;0.6624829137;0.1982197585;0.7522839954;0.3841282698;0.2247729528;0.2144342016,1.187626136;0.5631378354;0.4113518347;0.4848363331;2.00065631;0.6439160289;0.6962092138;2.280313362;0.5876051337;1.214015836;2.011774821;2.107404393,15.41243243;7.268648649;5.105135135;6.098378378;20.84027027;6.781891892;7.460810811;25.97054054;6.291891892;11.66405405;23.28621622;25.85756757,0.3379919787;0.164679767;0.1067291247;0.119767678;0.4006719799;0.1829069585;0.2058521297;0.4005955906;0.1637353764;0.356001941;0.4012675183;0.3992676971,0.09594594595;0.1910810811;0.2075675676;0.1862162162;0.04621621622;0.1897297297;0.1745945946;0.03405405405;0.1948648649;0.1140540541;0.04432432432;0.04405405405,23.99569884;1.868240519;0.4454073388;0.7393453325;23.99903655;2.59524426;3.050719779;23.99979694;1.876051337;15.9924434;23.99028859;23.9980465,Bayesian ensemble,8.0,8
FreshSky-Safe,8,17,430.27783783783786,30.24972972972973,30.044743243243243,45.0,84.0,67.84774774774775,0.06056306306306306,0.025968468468468467,0.1500675675675676,0.03432432432432433,0.8162899075977922,24.0,149.0,0.0709009009009009,787,11100,0.21143246473424201,0.3969974077961674,23.997354457545114,0.4064864864864865,True,True,0.6058267012;0.4606290406;0.8627452041;0.95;0.8920394043;0.9329954481;0.2434414901;0.2237143759;0.7874097494;0.2072792387;0.95;0.5223938409,0.772389876;1.022513998;0.4598691245;0.2139841101;0.4237308779;0.3673358894;1.861711545;2.021113381;0.5472165522;2.179902851;0.241873434;0.9032962107,9.723243243;11.10810811;4.912702703;4.175405405;5.262972973;5.083513514;20.39;30.24972973;6.809459459;29.87702703;4.538378378;9.291081081,0.2108415607;0.2810531719;0.1209331509;0.05789137682;0.1099409845;0.09401813168;0.3969974078;0.3965752202;0.1493753291;0.3965066538;0.05988001771;0.2631765717,0.1454054054;0.1254054054;0.2137837838;0.2272972973;0.2045945946;0.2183783784;0.05162162162;0.03459459459;0.1913513514;0.03432432432;0.2154054054;0.1386486486,4.703017768;12.45027996;0.5796073736;0.2139841101;0.4711926338;0.3673358894;23.94953887;23.99735446;1.430515866;23.98834217;0.241873434;7.162628004,Bayesian ensemble,8.0,8
FreshSky-Safe,8,18,339.65783783783786,22.00054054054054,20.09977027027027,34.0,62.0,50.91261261261261,0.03331081081081081,0.010788288288288289,0.16281531531531532,0.047027027027027025,0.8573178014080383,21.0,146.0,0.031171171171171172,346,11100,0.1895577465777778,0.39740203506580823,23.998782690095556,0.4064864864864865,True,True,0.95;0.2298402862;0.2514208534;0.95;0.8064515181;0.2889292384;0.86964094;0.95;0.4229897239;0.9113191376;0.93510967;0.8418183031,0.2641897105;1.968390267;1.804941085;0.3377909827;0.5254308787;1.582364629;0.451552802;0.2372894534;1.10910177;0.3983676074;0.3641087485;0.4846132827,4.48972973;22.00054054;18.22135135;4.544864865;6.421081081;18.54459459;5.691621622;4.497567568;11.08810811;4.747567568;5.448378378;6.304054054,0.06818950635;0.3974020351;0.3907453537;0.08453904054;0.1333458365;0.3857548366;0.1183800589;0.06092567046;0.3132463108;0.1000225695;0.09496349791;0.1271782426,0.2178378378;0.04702702703;0.05594594595;0.2154054054;0.1891891892;0.07189189189;0.1994594595;0.2216216216;0.1132432432;0.2097297297;0.2143243243;0.1981081081,0.2641897105;23.98869958;23.99878269;0.3377909827;0.9017235147;23.98877293;0.709316812;0.2372894534;18.50993808;0.3983676074;0.3641087485;1.246132827,Bayesian ensemble,8.0,8
FreshSky-Safe,8,19,535.5532432432433,27.37837837837838,26.99962162162162,44.0,77.0,63.787837837837834,0.06286036036036036,0.01975225225225225,0.10695945945945945,0.03513513513513514,0.8361737583304077,35.0,184.0,0.0518018018018018,575,11100,0.2932883120297562,0.40071283199091384,23.998952195352857,0.4064864864864865,True,True,0.8339118425;0.4218873338;0.3658373363;0.3670076204;0.481511622;0.1930715746;0.2120595117;0.3057773787;0.5446939528;0.4653449839;0.3623629999;0.8770434254,0.4938172966;1.111838862;1.270411673;1.266646367;0.9794527448;2.342239302;2.1308523;1.500722279;0.8655191693;1.012509865;1.281724896;0.4425090154,6.575135135;12.29378378;16.08513514;12.85378378;11.30189189;27.37837838;26.68972973;15.97378378;9.737567568;10.43189189;14.37135135;5.728918919,0.126257071;0.2806641885;0.3454146332;0.3608230463;0.2607462037;0.400712832;0.3927679104;0.3845093839;0.2416435951;0.2785770384;0.3432944248;0.1040494171,0.1905405405;0.1021621622;0.08756756757;0.1005405405;0.1194594595;0.03513513514;0.03810810811;0.07297297297;0.14;0.1205405405;0.08810810811;0.1883783784,0.8690864829;8.501260659;14.20523189;16.06615919;5.891791172;23.99721232;23.98943338;23.9989522;4.386230032;6.4126677;15.83244562;0.5700360617,Bayesian ensemble,8.0,8
FreshSky-Safe,2,0,468.70027027027027,30.033783783783782,25.464472972972967,45.0,80.0,65.72702702702702,0.06414414414414414,0.024662162162162164,0.13576576576576577,0.0327027027027027,0.8060091995216574,27.0,142.0,0.06927927927927928,769,11100,0.21850095426409125,0.39462958247801977,23.996204903408497,0.4064864864864865,True,True,0.95;0.2315765095;0.95;0.8081176242;0.6281327393;0.795200025;0.3394136806;0.9476946562;0.5005847781;0.95;0.23436609;0.2528380647,0.3369544871;1.95400716;0.2191119648;0.5235225351;0.7414402559;0.5383055036;1.361973486;0.3438720469;0.9427001774;0.2738400263;1.931388168;1.795260579,4.996216216;30.03378378;5.339189189;7.387297297;9.611891892;7.032162162;16.32783784;5.124054054;15.18540541;5.545945946;19.90189189;21.72594595,0.08524037836;0.3897452118;0.05649535524;0.1359743666;0.2130137816;0.1476702936;0.3842973837;0.08252929125;0.2759308898;0.06298320604;0.3946295825;0.3935017107,0.2059459459;0.0327027027;0.2037837838;0.1859459459;0.1437837838;0.1886486486;0.07675675676;0.2005405405;0.09621621622;0.1956756757;0.04891891892;0.05027027027,0.3369544871;23.99443673;0.2191119648;2.964540843;11.99905049;4.747136655;23.98892441;0.3438720469;16.68100532;0.2738400263;23.97382979;23.9962049,Bayesian ensemble,14.0,2
FreshSky-Safe,2,1,631.6078378378378,30.276486486486487,29.999405405405405,60.0,100.0,82.50540540540541,0.11304054054054054,0.04921171171171171,0.11583333333333336,0.027837837837837838,0.6647957445349695,35.0,177.0,0.1345045045045045,1493,11100,0.27796487699174083,0.40250423324725776,23.999940031490688,0.4064864864864865,True,True,0.5605092249;0.2181252996;0.2316669551;0.3707979081;0.95;0.95;0.2020086086;0.95;0.325972712;0.8362721814;0.2993435181;0.2334007936,0.8400796556;2.072097608;1.953264399;1.254604531;0.2976063768;0.2276934429;2.237061952;0.2579608484;1.414030367;0.4910760745;1.530799061;1.939147999,9.747567568;30.27648649;26.8927027;19.34837838;4.675135135;4.801621622;29.7727027;4.667837838;16.37864865;5.746756757;22.20648649;25.27189189,0.2629222274;0.386978229;0.3938203355;0.3801112646;0.07914720939;0.06430801294;0.3917881473;0.06686066314;0.3856099027;0.1388285335;0.3826997651;0.4025042332,0.1459459459;0.03405405405;0.03945945946;0.07459459459;0.2240540541;0.2389189189;0.02783783784;0.2264864865;0.06864864865;0.2081081081;0.05567567568;0.04621621622,13.36350485;23.98614739;23.99994003;23.97226151;0.2976063768;0.2276934429;23.98732788;0.2579608484;23.99285027;2.039369342;23.99317275;23.99753954,Bayesian ensemble,14.0,2
FreshSky-Safe,2,2,565.1632432432432,36.27216216216216,29.545513513513505,51.0,90.0,73.84594594594594,0.08153153153153153,0.033693693693693696,0.11668918918918918,0.02702702702702703,0.8066211435365098,33.399999999999636,164.0,0.07720720720720721,857,11100,0.23994089450569356,0.3955706120779971,23.99999933511994,0.4064864864864865,True,True,0.2983974043;0.4720337023;0.7619171253;0.95;0.6042558466;0.7527600943;0.6803453125;0.2438339011;0.7053294905;0.1925045361;0.95;0.2931742638,1.535332493;0.9986066978;0.5764720931;0.328976203;0.7746227687;0.5870535051;0.6736618433;1.858825842;0.6430324214;2.34929577;0.2710575607;1.560894842,18.76162162;12.12567568;9.111351351;5.102162162;11.09324324;9.690540541;12.15702703;24.04189189;8.152972973;36.27216216;4.949189189;23.54216216,0.3896424894;0.2833883872;0.154401039;0.07690930151;0.2202440953;0.1616777086;0.1833452638;0.3923629683;0.1722284134;0.3955706121;0.06351537976;0.3860050757,0.05810810811;0.1072972973;0.1521621622;0.1945945946;0.1321621622;0.1597297297;0.1237837838;0.04486486486;0.1535135135;0.02702702703;0.1994594595;0.04756756757,23.98853134;21.14984112;4.282386048;0.328976203;7.765569217;7.856247215;9.220135576;23.97671341;4.217616007;23.99999934;0.2710575607;23.99901395,Bayesian ensemble,14.0,2
FreshSky-Safe,2,3,658.9794594594595,29.273783783783784,27.685175675675673,56.0,91.0,76.28783783783784,0.10822072072072073,0.040045045045045045,0.09878378378378379,0.03783783783783784,0.6832462875179968,42.0,176.0,0.1345045045045045,1493,11100,0.3152764070761149,0.39899606448335223,23.998716198868333,0.4064864864864865,True,True,0.2469621281;0.8215561338;0.8932287906;0.3220866759;0.225348274;0.2465631425;0.4834834838;0.2778755806;0.2645088005;0.3014458345;0.9387067142;0.2969367479,1.836175919;0.5080937316;0.4222105672;1.429873819;2.006740312;1.839030251;0.9755450403;1.641436133;1.719737046;1.520828652;0.3585144156;1.542388958,22.54621622;6.531351351;5.355945946;15.58918919;29.27378378;24.68297297;13.87;18.50621622;26.38540541;19.30162162;4.715675676;16.45351351,0.3989960645;0.1478964727;0.1149097409;0.3926356217;0.3942973531;0.3911667047;0.3082195006;0.387290201;0.3927507578;0.3785630239;0.09224479018;0.384346654,0.04432432432;0.1986486486;0.2175675676;0.07027027027;0.03783783784;0.03945945946;0.1137837838;0.06324324324;0.0527027027;0.06540540541;0.2148648649;0.0672972973,23.99587021;2.4537809;0.6221056723;23.99495276;23.99535677;23.9956318;23.95715738;23.99552575;23.9987162;23.99126408;0.3585144156;23.96067251,Bayesian ensemble,14.0,2
FreshSky-Safe,2,4,600.5445945945946,26.814324324324325,25.554229729729727,49.0,87.0,71.15675675675676,0.0808108108108108,0.029842342342342343,0.09195945945945945,0.036756756756756756,0.858718468890294,41.0,148.0,0.054324324324324325,603,11100,0.28142215617870364,0.38866813967684866,23.996442254590697,0.4064864864864865,True,True,0.662118963;0.6741961796;0.3640876;0.2460798207;0.2372011855;0.4128728207;0.5024050881;0.4159209977;0.2309431598;0.4380235493;0.7287104513;0.5641011845,0.6966749552;0.6813572012;1.27608378;1.842501298;1.908996959;1.13470463;0.9393093506;1.126874486;1.959226317;1.072981387;0.6151471375;0.8344446437,10.63;9.252702703;18.00648649;24.52324324;22.5272973;17.05378378;12.40108108;17.37918919;26.81432432;13.37648649;9.36972973;10.7172973,0.1971401833;0.1793626795;0.3100538699;0.3854313526;0.3807675015;0.3244641889;0.2635143529;0.2853733496;0.3886681397;0.2798451456;0.1519579686;0.2304871421,0.1245945946;0.1440540541;0.06459459459;0.04621621622;0.04459459459;0.08648648649;0.1105405405;0.08216216216;0.03675675676;0.09216216216;0.1513513514;0.12,9.080298387;6.071215628;23.99327816;23.99003634;23.99379929;23.95168708;13.22615818;23.98685805;23.99644225;16.02453468;2.98176565;9.523337518,Bayesian ensemble,14.0,2
FreshSky-Safe,2,5,534.7751351351351,26.57162162162162,24.510756756756752,47.0,83.0,67.36036036036036,0.06939189189189189,0.024504504504504504,0.11511261261261262,0.036756756756756756,0.7901961762985201,33.0,165.0,0.06288288288288288,698,11100,0.2546867204651087,0.3898557839950388,23.999805493476902,0.4064864864864865,True,True,0.9411489522;0.4821824971;0.3825098869;0.7544254172;0.3523107703;0.8677360717;0.95;0.2189202535;0.8265150398;0.3376263363;0.2625732011;0.2699141276,0.3546353857;0.9781203331;1.218803669;0.5851252029;1.315645181;0.4538598372;0.2241414152;2.064668323;0.5023771293;1.368663091;1.731770293;1.687095206,5.528648649;12.81837838;15.01054054;7.398648649;15.88378378;6.071621622;5.345675676;26.57162162;7.598378378;17.99837838;22.82459459;22.82108108,0.08242876531;0.2804826144;0.355100096;0.1533976883;0.3655360124;0.1069637238;0.05573246001;0.3883808521;0.128445612;0.3736080331;0.3763090042;0.389855784,0.1886486486;0.1075675676;0.08486486486;0.1727027027;0.07945945946;0.1754054054;0.2005405405;0.03675675676;0.1708108108;0.06594594595;0.04810810811;0.05054054054,0.3546353857;14.49985066;23.99831188;4.102504057;23.99451687;0.8847385352;0.2241414152;23.99017388;1.423771293;23.99443785;23.97186527;23.99980549,Bayesian ensemble,14.0,2
FreshSky-Safe,2,6,375.72648648648646,19.456756756756757,17.74566216216216,35.0,56.0,48.03243243243243,0.03313063063063063,0.007184684684684685,0.14155405405405408,0.056486486486486485,0.8923237015059702,25.0,103.0,0.01144144144144144,127,11100,0.17823333184628684,0.3613982762870041,23.98041395700062,0.4064864864864865,True,True,0.6600953202;0.4082536129;0.95;0.8542797728;0.5796663152;0.95;0.7238759829;0.298421524;0.95;0.3698913443;0.95;0.5870736138,0.6992694381;1.146768836;0.2551559305;0.4699577518;0.8105930222;0.2156180293;0.6208604762;1.535216558;0.2628816135;1.257463669;0.2571157349;0.7995478023,9.96027027;16.34567568;5.498648649;6.193243243;9.355945946;4.93972973;10.34324324;19.45675676;4.549459459;16.01675676;5.238918919;11.12297297,0.1954174592;0.3297735248;0.05737560384;0.1126628448;0.2116305026;0.04918422073;0.1491743144;0.3613982763;0.06003647659;0.3313586695;0.06080439676;0.2199836926,0.1462162162;0.07837837838;0.1956756757;0.1808108108;0.1262162162;0.1905405405;0.1362162162;0.05648648649;0.1983783784;0.07567567568;0.192972973;0.1210810811,11.17369977;23.92704971;0.2551559305;1.379408525;13.9813488;0.2156180293;5.479790954;23.98041396;0.2628816135;23.97622155;0.2571157349;12.78507748,Bayesian ensemble,14.0,2
FreshSky-Safe,2,7,415.832972972973,28.102702702702704,26.895229729729728,42.0,77.0,62.65855855855856,0.05335585585585586,0.020855855855855854,0.1474099099099099,0.03594594594594595,0.8178255471468698,24.0,148.0,0.055045045045045045,611,11100,0.19615040391963498,0.39768979309357816,23.99888442362496,0.4064864864864865,True,True,0.95;0.8194645516;0.5139536145;0.1957148488;0.2668165055;0.95;0.9166527097;0.2817874583;0.4060368001;0.95;0.95;0.8957240492,0.2129344738;0.5105004868;0.9182376412;2.309972111;1.705631049;0.2143947682;0.3910280632;1.619983796;1.152645744;0.2643493157;0.2202876177;0.4190042049,5.533513514;6.760810811;11.96891892;28.1027027;25.9072973;5.272972973;5.825945946;17.93459459;12.74432432;5.281081081;4.17027027;5.391081081,0.05150712272;0.1319022879;0.2973104579;0.3976897931;0.3807706071;0.05232391235;0.09976499776;0.3905474449;0.3214947048;0.06601588316;0.05531005321;0.109167582,0.2010810811;0.1851351351;0.112972973;0.03594594595;0.04297297297;0.2043243243;0.2056756757;0.05945945946;0.0927027027;0.2032432432;0.2240540541;0.2013513514,0.2129344738;2.983513144;18.44774329;23.99888442;23.99689119;0.2143947682;0.3910280632;23.99805554;22.79103184;0.2643493157;0.2202876177;0.5330294346,Bayesian ensemble,14.0,2
FreshSky-Safe,2,8,523.7643243243243,32.641351351351354,27.449499999999993,48.0,101.0,75.21711711711711,0.07087837837837838,0.031306306306306306,0.129481981981982,0.03486486486486486,0.7869989754321839,29.0,224.0,0.08873873873873873,985,11100,0.23131727798637436,0.3965599888658755,23.997438992639797,0.4064864864864865,True,True,0.924502767;0.7675714746;0.2938168902;0.223720696;0.8564804989;0.95;0.4732619221;0.198994158;0.3554966144;0.365156396;0.95;0.8950142286,0.3798996382;0.5699618165;1.557699888;2.021057334;0.4673466129;0.2347890628;0.9960890923;2.271318822;1.304697623;1.272612991;0.2590903055;0.4199186836,4.883513514;7.687837838;19.01540541;23.20162162;7.974324324;4.480810811;16.15243243;32.64135135;16.89891892;16.62054054;5.187297297;5.768378378,0.0961043409;0.1503466846;0.3738479732;0.3960179912;0.1188576115;0.05837998319;0.2947885287;0.3965599889;0.3653153343;0.3477329009;0.06561286925;0.1122431292,0.2024324324;0.1702702703;0.05972972973;0.04648648649;0.1686486486;0.2116216216;0.09540540541;0.03486486486;0.07945945946;0.07324324324;0.2062162162;0.2054054054,0.3798996382;2.269579982;23.99338414;23.98055096;1.544892418;0.2347890628;23.82009825;23.99743899;23.98385513;23.99622869;0.2590903055;0.5991868362,Bayesian ensemble,14.0,2
FreshSky-Safe,2,9,640.3481081081081,34.08891891891892,30.723810810810807,58.0,103.0,82.8445945945946,0.1025,0.04603603603603604,0.11610360360360361,0.03216216216216216,0.7159914357007747,35.0,210.0,0.139009009009009,1543,11100,0.2609823981766088,0.39887426255788255,23.997904663081272,0.4064864864864865,True,True,0.3257577326;0.6871221964;0.2523803769;0.1963495047;0.5437054116;0.2493362779;0.95;0.4363495231;0.95;0.6652629851;0.95;0.2127973752,1.414897118;0.6652565043;1.798374164;2.302374716;0.8671448273;1.819394726;0.209506079;1.076896197;0.2790122724;0.6926602831;0.247425482;2.123503268,19.22540541;8.144324324;26.56594595;34.08891892;12.30108108;27.97054054;4.389189189;14.66378378;4.732432432;9.120540541;4.678108108;26.43648649,0.3774333663;0.172607093;0.3917539396;0.3963818093;0.2620183559;0.3953495567;0.05277288259;0.3434425709;0.07065797276;0.2081724959;0.06232447276;0.3988742626,0.06027027027;0.157027027;0.04;0.03216216216;0.1181081081;0.03378378378;0.2181081081;0.09675675676;0.2154054054;0.1672972973;0.2172972973;0.03702702703,23.99176942;4.909360573;23.99679272;23.99790466;9.477186201;23.98913103;0.209506079;23.69136689;0.2790122724;6.61375104;0.247425482;23.99487595,Bayesian ensemble,14.0,2
FreshSky-Safe,2,10,690.4635135135135,31.86891891891892,31.00274324324324,60.0,99.0,82.05,0.11650900900900901,0.04849099099099099,0.08966216216216216,0.03216216216216216,0.7472256907766875,43.399999999999636,183.0,0.12207207207207207,1355,11100,0.3077754322756299,0.39572958147747817,23.999913536493583,0.4064864864864865,True,True,0.2210551088;0.5230742899;0.4621770162;0.8877431859;0.3493760462;0.4491418585;0.5565464418;0.34857734;0.2223217792;0.6900300697;0.2104662511;0.2177243916,2.045012567;0.9021077578;1.019211399;0.4291816563;1.325898395;1.047619095;0.8463561798;1.328717478;2.03354937;0.6616731043;2.146920017;2.075867389,26.59918919;12.39972973;15.70810811;5.857297297;19.26648649;13.56189189;12.04891892;18.82324324;22.54594595;8.604324324;30.29405405;31.86891892,0.390763212;0.2694132628;0.2842773416;0.1064834488;0.3303995459;0.3236293582;0.2523056396;0.365576863;0.3940688915;0.1884874195;0.3957295815;0.392170623,0.04108108108;0.1167567568;0.09783783784;0.2056756757;0.05756756757;0.1035135135;0.1243243243;0.06945945946;0.03810810811;0.1545945946;0.03216216216;0.03486486486,23.99991354;10.78220256;15.69949638;0.7793615319;23.97620849;23.9619075;14.97874045;23.98048366;23.99496751;6.788520026;23.99908082;23.99414089,Bayesian ensemble,14.0,2
FreshSky-Safe,2,11,559.3516216216216,31.12108108108108,27.998121621621618,51.0,82.0,69.82837837837837,0.08227477477477478,0.03123873873873874,0.10648648648648647,0.031621621621621625,0.8298380177600457,35.0,172.0,0.05702702702702703,633,11100,0.2571357585515301,0.38689630341773407,23.996833100852236,0.4064864864864865,True,True,0.95;0.2935060875;0.6227889451;0.4312530983;0.6153269509;0.4183303984;0.9434799305;0.4987828682;0.6260188518;0.4351735249;0.2492611008;0.2092716103,0.3358641596;1.559243329;0.7487311135;1.088976442;0.7590395275;1.120756955;0.3508668233;0.9460759936;0.7443154627;1.079661914;1.819920828;2.159149808,5.538648649;18.99756757;12.87135135;13.69837838;9.397297297;17.26486486;5.609459459;14.48864865;10.86081081;13.82702703;25.44297297;31.12108108,0.07688566033;0.3712684791;0.2110612301;0.3222781633;0.1860672571;0.31350904;0.08297526228;0.2536506448;0.1810497071;0.3148527583;0.3851345967;0.3868963034,0.1883783784;0.0572972973;0.1305405405;0.09378378378;0.1327027027;0.08648648649;0.1883783784;0.09945945946;0.1297297297;0.09567567568;0.04378378378;0.03162162162,0.3358641596;23.99535639;17.23148013;23.91496346;7.939830077;23.98131332;0.3508668233;19.25873577;12.68398758;23.45937678;23.9968331;23.98817925,Bayesian ensemble,14.0,2
FreshSky-Safe,2,12,625.4797297297297,28.405675675675674,26.43831081081081,52.0,89.0,74.38738738738739,0.09056306306306307,0.03434684684684685,0.0947072072072072,0.044864864864864865,0.8137384274152054,40.0,255.0,0.05252252252252252,583,11100,0.27846102645360166,0.3945816487374477,23.999405237997973,0.4064864864864865,True,True,0.2277146089;0.9318683167;0.4490225566;0.364868936;0.3264467419;0.2532754659;0.5108922966;0.7249468559;0.885090931;0.3371942215;0.4510893652;0.3770521179,1.986329388;0.369039043;1.047885528;1.273544601;1.412123145;1.792296255;0.9237509324;0.6195927545;0.4325165816;1.370290719;1.043286736;1.235229773,24.82864865;5.532162162;12.74351351;17.68891892;18.94405405;28.40567568;15.80135135;9.347297297;6.313783784;21.50108108;14.67594595;18.36864865,0.3945816487;0.08178703115;0.302753954;0.3424802374;0.362190504;0.3880079189;0.2496624142;0.1503768361;0.1042715651;0.3518314008;0.2777398473;0.3358489598,0.04486486486;0.1821621622;0.1;0.07378378378;0.06540540541;0.04594594595;0.09;0.1397297297;0.1767567568;0.05864864865;0.09108108108;0.06810810811,23.99752458;0.369039043;23.85907772;23.40633804;23.98806823;23.99940524;23.96879196;4.611447845;0.757682398;23.98773384;23.90461639;23.99781227,Bayesian ensemble,14.0,2
FreshSky-Safe,2,13,403.69216216216216,28.397297297297296,21.7961081081081,38.0,65.0,55.254954954954954,0.0431981981981982,0.012837837837837839,0.1397072072072072,0.03513513513513514,0.8824164709752446,25.0,149.0,0.0309009009009009,343,11100,0.18453490831186295,0.38513945187441345,23.988901977366186,0.4064864864864865,True,True,0.931036637;0.7159624459;0.6775674106;0.3509019354;0.95;0.7562371291;0.2357345475;0.5713184825;0.95;0.8385292043;0.9458583108;0.3749843981,0.3702883284;0.6302691506;0.6771299559;1.320546841;0.2764601871;0.5830294735;1.920506701;0.8232731646;0.2265612916;0.488449848;0.3469497415;1.241568686,6.47972973;8.314594595;10.15108108;16.39513514;5.259459459;8.903513514;28.3972973;11.40135135;5.205405405;7.324054054;5.658648649;15.59216216,0.08716787407;0.1662547814;0.1700145213;0.3444128923;0.06672403976;0.1591512887;0.3851394519;0.2411967866;0.05517073614;0.1273930009;0.0698587993;0.3419347273,0.1762162162;0.1589189189;0.1321621622;0.07648648649;0.1975675676;0.1491891892;0.03513513514;0.1248648649;0.2059459459;0.1740540541;0.1716216216;0.07432432432,0.3702883284;3.393498958;9.485198234;23.98890198;0.2764601871;7.07026736;23.98131079;11.56801443;0.2265612916;2.345896657;0.3469497415;23.68862927,Bayesian ensemble,14.0,2
FreshSky-Safe,2,14,640.3751351351351,33.50432432432432,29.042040540540533,57.0,100.0,80.71486486486486,0.10398648648648649,0.042905405405405404,0.09698198198198199,0.033243243243243244,0.8186508411667864,40.0,196.0,0.0672972972972973,747,11100,0.2735496809674782,0.3922545702559651,23.99699570124692,0.4064864864864865,True,True,0.3969158517;0.64914127;0.685168137;0.2123384503;0.8391928019;0.2547057577;0.6450583303;0.3536782427;0.3495021855;0.2638904463;0.8142278578;0.4332858251,1.177446822;0.7134614509;0.6676722331;2.128067317;0.4876767217;1.782678959;0.7188179662;1.310923092;1.325454306;1.723560971;0.5165166625;1.084128614,16.0272973;12.10432432;9.642432432;33.50432432;7.997837838;25.39108108;8.551351351;22.54351351;18.38297297;22.58189189;8.070810811;18.08648649,0.3147283531;0.1928274192;0.1874895811;0.3922545703;0.1194148946;0.3786988276;0.1900010732;0.3404857004;0.3499915831;0.3871024775;0.1292687647;0.3003329269,0.08432432432;0.1275675676;0.1367567568;0.03324324324;0.1597297297;0.04162162162;0.1472972973;0.06162162162;0.07864864865;0.05054054054;0.1648648649;0.07756756757,22.67531969;18.46153286;8.565511459;23.99598236;2.4165646;23.9969957;8.68926712;23.96969296;23.84907824;23.95609706;2.679883237;21.19688734,Bayesian ensemble,14.0,2
FreshSky-Safe,2,15,506.78675675675674,26.797027027027028,26.131527027027026,46.0,81.0,66.85630630630631,0.0654054054054054,0.02394144144144144,0.12412162162162162,0.03702702702702703,0.8297089476422437,31.0,211.0,0.07099099099099099,788,11100,0.23433646847495584,0.3968409194946318,23.99744540922824,0.4064864864864865,True,True,0.95;0.6682774533;0.3936552323;0.8783623152;0.2542081145;0.6112416568;0.1961261937;0.2603661895;0.4858854259;0.9440218225;0.777121657;0.6438927182,0.2609434761;0.6888292002;1.186565108;0.4408835581;1.786011998;0.7647485898;2.305041448;1.74572184;0.9708198352;0.349980936;0.5589976316;0.7203540735,4.768378378;8.904864865;16.33162162;7.468648649;21.31027027;10.34;25.58702703;26.79702703;13.18351351;5.004324324;8.37972973;9.862702703,0.0623443332;0.2032976991;0.3348037764;0.1042630036;0.3963015813;0.2228105351;0.3968409195;0.3963260392;0.2951817067;0.08115774139;0.1409580514;0.1777522349,0.2075675676;0.1591891892;0.08621621622;0.1743243243;0.0472972973;0.132972973;0.03702702703;0.04756756757;0.1113513514;0.1959459459;0.1543243243;0.1356756757,0.2609434761;11.10848481;23.9401669;0.7270684645;23.99703186;15.68418936;23.99744541;23.99035413;18.66197357;0.349980936;4.533938422;6.251330353,Bayesian ensemble,14.0,2
FreshSky-Safe,2,16,611.0370270270271,30.028108108108107,27.80075675675675,54.0,86.0,73.01036036036037,0.09502252252252252,0.035495495495495494,0.11304054054054054,0.03189189189189189,0.7656487362144171,37.0,174.0,0.1371171171171171,1522,11100,0.2692353902561108,0.40013126202382737,23.999796937624865,0.4064864864864865,True,True,0.3932789834;0.7735119064;0.901603995;0.8416273572;0.2260479039;0.7045979448;0.6624829137;0.1982197585;0.7522839954;0.3841282698;0.2247729528;0.2144342016,1.187626136;0.5631378354;0.4113518347;0.4848363331;2.00065631;0.6439160289;0.6962092138;2.280313362;0.5876051337;1.214015836;2.011774821;2.107404393,15.31432432;7.178378378;5.936756757;7.907027027;23.19621622;10.90351351;9.162162162;30.02810811;8.595405405;16.04432432;25.97837838;25.89405405,0.3428066793;0.1623967758;0.1052838344;0.1196366411;0.400131262;0.1860395229;0.2028414953;0.3981303869;0.1696114278;0.3582987277;0.3909367827;0.3947111471,0.08702702703;0.1859459459;0.1983783784;0.1664864865;0.0427027027;0.1618918919;0.1589189189;0.03189189189;0.1645945946;0.08189189189;0.03945945946;0.0372972973,23.94620339;4.420410733;0.5362220164;1.248363331;23.95243853;5.941816751;6.9900672;23.99979694;4.403364278;23.99134604;23.98925689;23.99934883,Bayesian ensemble,14.0,2
FreshSky-Safe,2,17,501.4045945945946,32.24540540540541,30.46518918918919,51.0,96.0,75.82612612612613,0.0786936936936937,0.03457207207207207,0.13646396396396396,0.031621621621621625,0.7934602879096397,28.0,164.0,0.07576576576576577,841,11100,0.212204607790728,0.3976849796430448,23.999695937721214,0.4064864864864865,True,True,0.6058267012;0.4606290406;0.8627452041;0.95;0.8920394043;0.9329954481;0.2434414901;0.2237143759;0.7874097494;0.2072792387;0.95;0.5223938409,0.772389876;1.022513998;0.4598691245;0.2139841101;0.4237308779;0.3673358894;1.861711545;2.021113381;0.5472165522;2.179902851;0.241873434;0.9032962107,11.47189189;13.51108108;5.01027027;4.768108108;6.505675676;4.749459459;29.00864865;32.24540541;9.234054054;27.85675676;4.968378378;12.10621622,0.2208617537;0.2910019568;0.1170801933;0.05661903887;0.1078795911;0.09034477279;0.391965755;0.3883815173;0.1548474946;0.3976849796;0.05831110895;0.2714771314,0.1332432432;0.09324324324;0.2072972973;0.2202702703;0.1843243243;0.2051351351;0.0372972973;0.03513513514;0.1716216216;0.03162162162;0.2032432432;0.1151351351,10.7993064;22.94558792;0.9388221208;0.2139841101;0.5661161455;0.3673358894;23.99277009;23.9869663;3.763713119;23.99969594;0.241873434;13.60218253,Bayesian ensemble,14.0,2
FreshSky-Safe,2,18,414.26,26.022972972972973,25.810554054054055,42.0,73.0,60.41306306306306,0.05362612612612613,0.019707207207207207,0.1513063063063063,0.03783783783783784,0.8284090091439463,22.0,149.0,0.055765765765765765,619,11100,0.18967549069477788,0.39740203506580823,23.997871248318027,0.4064864864864865,True,True,0.95;0.2298402862;0.2514208534;0.95;0.8064515181;0.2889292384;0.86964094;0.95;0.4229897239;0.9113191376;0.93510967;0.8418183031,0.2641897105;1.968390267;1.804941085;0.3377909827;0.5254308787;1.582364629;0.451552802;0.2372894534;1.10910177;0.3983676074;0.3641087485;0.4846132827,4.883513514;25.63675676;21.36054054;4.391621622;8.373783784;26.02297297;5.857837838;4.671621622;11.64540541;4.856216216;5.426216216;7.896756757,0.0683323116;0.3974020351;0.3887940661;0.08243925875;0.1387421536;0.3772015142;0.1181359763;0.06092567046;0.3243373285;0.09883823341;0.09181444928;0.129142891,0.21;0.03783783784;0.04972972973;0.21;0.1648648649;0.04162162162;0.1927027027;0.2135135135;0.1024324324;0.2043243243;0.2021621622;0.1864864865,0.2641897105;23.99766032;23.99787125;0.3377909827;3.535771967;23.98877293;0.863975218;0.2372894534;20.18227435;0.3983676074;0.3641087485;2.599945351,Bayesian ensemble,14.0,2
FreshSky-Safe,2,19,643.3516216216216,33.86486486486486,29.29644594594594,52.0,82.0,70.34414414414414,0.08925675675675676,0.03168918918918919,0.08943693693693694,0.026216216216216216,0.7848638556819462,41.0,172.0,0.08171171171171171,907,11100,0.2930084292426852,0.3912172672517927,23.999147434505097,0.4064864864864865,True,True,0.8339118425;0.4218873338;0.3658373363;0.3670076204;0.481511622;0.1930715746;0.2120595117;0.3057773787;0.5446939528;0.4653449839;0.3623629999;0.8770434254,0.4938172966;1.111838862;1.270411673;1.266646367;0.9794527448;2.342239302;2.1308523;1.500722279;0.8655191693;1.012509865;1.281724896;0.4425090154,6.434594595;13.10486486;18.21918919;16.23540541;15.33162162;33.86486486;25.55864865;17.29135135;12.95486486;14.44702703;15.90756757;6.116216216,0.1209185056;0.2902800921;0.335800707;0.3594536989;0.2676288446;0.3912172673;0.3881606622;0.3788309752;0.2514684073;0.2908913476;0.3408695398;0.1005811032,0.1827027027;0.07972972973;0.07027027027;0.07567567568;0.08405405405;0.02621621622;0.03540540541;0.05891891892;0.1054054054;0.09918918919;0.07405405405;0.1816216216,1.826884304;23.9168815;23.99399688;23.99914743;23.9973141;23.99135023;23.99687649;23.98450662;15.81388179;22.11306229;23.95729291;0.6550540925,Bayesian ensemble,14.0,2
FreshSky-Safe,4,0,479.7189189189189,29.614594594594596,26.027702702702697,46.0,87.0,69.93153153153153,0.06574324324324324,0.027432432432432433,0.13876126126126126,0.03486486486486486,0.8151123623928646,27.0,182.0,0.06306306306306306,700,11100,0.21911519707823335,0.3988389719082468,23.99998220044653,0.4064864864864865,True,True,0.95;0.2315765095;0.95;0.8081176242;0.6281327393;0.795200025;0.3394136806;0.9476946562;0.5005847781;0.95;0.23436609;0.2528380647,0.3369544871;1.95400716;0.2191119648;0.5235225351;0.7414402559;0.5383055036;1.361973486;0.3438720469;0.9427001774;0.2738400263;1.931388168;1.795260579,5.204594595;29.61459459;6.158378378;7.556486486;9.714054054;6.881081081;16.47432432;5.152702703;14.57135135;5.594594595;23.01837838;23.09297297,0.08451182812;0.3944982022;0.05762052479;0.1378137701;0.2068017146;0.1457789499;0.3850335856;0.08132109217;0.2805169987;0.06253914114;0.3941075857;0.3988389719,0.2083783784;0.03486486486;0.2037837838;0.1878378378;0.1486486486;0.1924324324;0.08297297297;0.2005405405;0.1078378378;0.1978378378;0.04675675676;0.05324324324,0.3369544871;23.98749635;0.2191119648;3.182153519;8.536006398;3.087470612;23.98892441;0.3438720469;16.28100532;0.2738400263;23.99292944;23.9999822,Bayesian ensemble,14.0,4
FreshSky-Safe,4,1,650.2835135135135,37.027027027027025,35.47647297297297,64.0,113.0,88.5509009009009,0.11954954954954955,0.055945945945945944,0.11950450450450449,0.03027027027027027,0.6879366306239313,34.0,251.0,0.13918918918918918,1545,11100,0.28004218310185647,0.40302832730096516,23.997954114979244,0.4064864864864865,True,True,0.5605092249;0.2181252996;0.2316669551;0.3707979081;0.95;0.95;0.2020086086;0.95;0.325972712;0.8362721814;0.2993435181;0.2334007936,0.8400796556;2.072097608;1.953264399;1.254604531;0.2976063768;0.2276934429;2.237061952;0.2579608484;1.414030367;0.4910760745;1.530799061;1.939147999,10.04243243;34.20783784;27.23378378;19.17351351;4.556756757;4.938918919;37.02702703;4.951621622;16.47243243;6.114594595;20.4972973;22.07918919,0.2622410817;0.3914584401;0.3990994285;0.3835020877;0.07673418471;0.06338493142;0.3978342607;0.06567543762;0.3898137768;0.1388285335;0.3889057073;0.4030283273,0.1575675676;0.03567567568;0.04216216216;0.0827027027;0.2208108108;0.2383783784;0.03027027027;0.2248648649;0.07675675676;0.2121621622;0.0627027027;0.05,9.283345536;23.99795411;23.99580396;23.98613075;0.2976063768;0.2276934429;23.99405494;0.2579608484;23.98185659;1.310760745;23.99317275;23.99430778,Bayesian ensemble,14.0,4
FreshSky-Safe,4,2,546.0651351351352,31.764864864864865,27.686391891891887,49.0,84.0,69.76441441441442,0.07898648648648648,0.02927927927927928,0.12362612612612611,0.033243243243243244,0.8264225332858034,32.0,168.0,0.0772972972972973,858,11100,0.2401235566911687,0.3974754464860774,23.999999667559845,0.4064864864864865,True,True,0.2983974043;0.4720337023;0.7619171253;0.95;0.6042558466;0.7527600943;0.6803453125;0.2438339011;0.7053294905;0.1925045361;0.95;0.2931742638,1.535332493;0.9986066978;0.5764720931;0.328976203;0.7746227687;0.5870535051;0.6736618433;1.858825842;0.6430324214;2.34929577;0.2710575607;1.560894842,20.09027027;11.88;9.278378378;5.115405405;11;9.771081081;12.91675676;24.34945946;8.236486486;31.76486486;5.105405405;21.19162162,0.3942069914;0.2747517887;0.1537778259;0.07753168892;0.2181505203;0.159456425;0.190263953;0.3908558122;0.168926355;0.3974754465;0.06417470896;0.3919111643,0.06297297297;0.1162162162;0.1624324324;0.1964864865;0.1410810811;0.1645945946;0.1362162162;0.04594594595;0.1602702703;0.03324324324;0.2032432432;0.06081081081,23.96923415;18.35262772;2.952969769;0.328976203;6.368587068;8.178568246;9.89379742;23.97706725;3.4024539;23.99999967;0.2710575607;23.99901395,Bayesian ensemble,14.0,4
FreshSky-Safe,4,3,674.4556756756757,31.98891891891892,28.349256756756752,58.0,93.0,78.21171171171171,0.11490990990990992,0.04378378378378378,0.10092342342342342,0.04135135135135135,0.7138770960318972,42.0,181.0,0.13342342342342342,1481,11100,0.31726134275922907,0.3997209755784998,23.999550925361046,0.4064864864864865,True,True,0.2469621281;0.8215561338;0.8932287906;0.3220866759;0.225348274;0.2465631425;0.4834834838;0.2778755806;0.2645088005;0.3014458345;0.9387067142;0.2969367479,1.836175919;0.5080937316;0.4222105672;1.429873819;2.006740312;1.839030251;0.9755450403;1.641436133;1.719737046;1.520828652;0.3585144156;1.542388958,22.16405405;6.831351351;5.398918919;18.06405405;31.98891892;24.77243243;14.01486486;18.14351351;25.37135135;20.03405405;4.956216216;18.31594595,0.3984998007;0.1418542769;0.1123992997;0.3965001455;0.3997209756;0.3926578103;0.3177112901;0.3912828835;0.3941451392;0.3843175107;0.08953170812;0.3885152728,0.05108108108;0.1924324324;0.2140540541;0.07513513514;0.04135135135;0.04216216216;0.1189189189;0.07;0.05297297297;0.06972972973;0.2116216216;0.07162162162,23.99587021;1.480937316;0.6221056723;23.99722529;23.99955093;23.97575626;23.95715738;23.99552575;23.9987162;23.9995506;0.3585144156;23.99534252,Bayesian ensemble,14.0,4
FreshSky-Safe,4,4,600.7851351351351,25.112972972972972,24.752945945945946,49.0,82.0,68.96891891891892,0.08486486486486486,0.02702702702702703,0.09936936936936935,0.04135135135135135,0.8704018692825745,40.0,155.0,0.051981981981981985,577,11100,0.28281234254386506,0.3907862221818996,23.998358343439605,0.4064864864864865,True,True,0.662118963;0.6741961796;0.3640876;0.2460798207;0.2372011855;0.4128728207;0.5024050881;0.4159209977;0.2309431598;0.4380235493;0.7287104513;0.5641011845,0.6966749552;0.6813572012;1.27608378;1.842501298;1.908996959;1.13470463;0.9393093506;1.126874486;1.959226317;1.072981387;0.6151471375;0.8344446437,10.66567568;9.532162162;17.26972973;24.45837838;22.5472973;17.01540541;12.29054054;17.68324324;25.11297297;14.99918919;8.966486486;11.2927027,0.195633859;0.1716283545;0.3259186952;0.3894151392;0.3890226235;0.3259975735;0.2523441877;0.288723517;0.3907862222;0.2841950702;0.1516254566;0.2284574119,0.1359459459;0.147027027;0.0772972973;0.04594594595;0.04945945946;0.09459459459;0.1162162162;0.09351351351;0.04135135135;0.1013513514;0.1581081081;0.1316216216,6.886948477;3.98307242;23.93901609;23.99766482;23.99835834;23.95168708;8.36825896;23.95181283;23.99644225;14.27857191;3.412059925;8.757782161,Bayesian ensemble,14.0,4
FreshSky-Safe,4,5,522.802972972973,24.27945945945946,23.327067567567568,46.0,75.0,63.45810810810811,0.06887387387387388,0.02153153153153153,0.12092342342342342,0.04216216216216216,0.8231241776942303,33.0,142.0,0.052162162162162164,579,11100,0.2562143242069892,0.394871472444098,23.996615764847906,0.4064864864864865,True,True,0.9411489522;0.4821824971;0.3825098869;0.7544254172;0.3523107703;0.8677360717;0.95;0.2189202535;0.8265150398;0.3376263363;0.2625732011;0.2699141276,0.3546353857;0.9781203331;1.218803669;0.5851252029;1.315645181;0.4538598372;0.2241414152;2.064668323;0.5023771293;1.368663091;1.731770293;1.687095206,5.635945946;13.56081081;15.57432432;7.350540541;15.49216216;6.458108108;5.465135135;24.27945946;7.762702703;18.04513514;21.73135135;22.54783784,0.08108690169;0.2855053945;0.3587235664;0.1472301524;0.3648248528;0.1072090534;0.05439972727;0.3911709444;0.1292602776;0.3750876688;0.3852018787;0.3948714724,0.1902702703;0.117027027;0.0972972973;0.1789189189;0.09054054054;0.1759459459;0.1975675676;0.04216216216;0.1724324324;0.07459459459;0.05783783784;0.05648648649,0.3546353857;16.45609133;23.80171741;3.332253651;23.97951747;0.9385983724;0.2241414152;23.99017388;1.116639905;23.99443785;23.99109666;23.99661576,Bayesian ensemble,14.0,4
FreshSky-Safe,4,6,382.0727027027027,22.13945945945946,18.94336486486486,36.0,59.0,50.01531531531531,0.03668918918918919,0.008738738738738738,0.14711711711711714,0.05702702702702703,0.9079255448273705,25.0,111.0,0.012612612612612612,140,11100,0.1787165442727966,0.366792280410691,23.991713306680776,0.4064864864864865,True,True,0.6600953202;0.4082536129;0.95;0.8542797728;0.5796663152;0.95;0.7238759829;0.298421524;0.95;0.3698913443;0.95;0.5870736138,0.6992694381;1.146768836;0.2551559305;0.4699577518;0.8105930222;0.2156180293;0.6208604762;1.535216558;0.2628816135;1.257463669;0.2571157349;0.7995478023,9.67027027;16.32837838;5.294594595;6.349459459;10.19891892;5.1;10.07864865;22.13945946;4.871621622;15.8327027;5.038648649;11.30621622,0.1954174592;0.3307033374;0.05772040915;0.1131709073;0.2052772059;0.04970869702;0.1454827116;0.3667922804;0.06003647659;0.3412144658;0.06038745232;0.2186871286,0.1554054054;0.08891891892;0.1945945946;0.1827027027;0.1283783784;0.1959459459;0.1402702703;0.05702702703;0.1986486486;0.09027027027;0.1967567568;0.1364864865,10.37369977;23.12858226;0.2551559305;0.7497887589;12.37075578;0.2156180293;5.30065143;23.99171331;0.2628816135;23.97622155;0.2571157349;11.98507748,Bayesian ensemble,14.0,4
FreshSky-Safe,4,7,427.8586486486486,28.51945945945946,26.961027027027026,44.0,76.0,63.46891891891892,0.058445945945945946,0.02189189189189189,0.15092342342342344,0.03594594594594595,0.8359936210139995,24.0,145.0,0.062252252252252255,691,11100,0.19790591807935712,0.39644115952028586,23.99844559394659,0.4064864864864865,True,True,0.95;0.8194645516;0.5139536145;0.1957148488;0.2668165055;0.95;0.9166527097;0.2817874583;0.4060368001;0.95;0.95;0.8957240492,0.2129344738;0.5105004868;0.9182376412;2.309972111;1.705631049;0.2143947682;0.3910280632;1.619983796;1.152645744;0.2643493157;0.2202876177;0.4190042049,5.643513514;6.611351351;12.62891892;28.51945946;25.68594595;5.377837838;6.042972973;19.65135135;12.82864865;5.458378378;4.269189189;5.520540541,0.05116182357;0.1313503955;0.2980549749;0.3964411595;0.3959829922;0.05075940998;0.1010331969;0.3940501126;0.3283482741;0.06472985946;0.0543574581;0.1086013601,0.2005405405;0.1894594595;0.1243243243;0.03594594595;0.05108108108;0.2018918919;0.2051351351;0.06405405405;0.1075675676;0.2021621622;0.2221621622;0.2067567568,0.2129344738;2.762512171;20.47540678;23.99776885;23.99844559;0.2143947682;0.3910280632;23.99837962;18.12197336;0.2643493157;0.2202876177;0.6470546643,Bayesian ensemble,14.0,4
FreshSky-Safe,4,8,515.9672972972973,26.992432432432434,26.05743243243243,47.0,88.0,70.86666666666666,0.0706981981981982,0.027522522522522522,0.1332882882882883,0.03702702702702703,0.8101548973408631,29.0,192.0,0.08207207207207207,911,11100,0.23245816462199945,0.3954717594455085,23.998847492736296,0.4064864864864865,True,True,0.924502767;0.7675714746;0.2938168902;0.223720696;0.8564804989;0.95;0.4732619221;0.198994158;0.3554966144;0.365156396;0.95;0.8950142286,0.3798996382;0.5699618165;1.557699888;2.021057334;0.4673466129;0.2347890628;0.9960890923;2.271318822;1.304697623;1.272612991;0.2590903055;0.4199186836,5.088108108;7.586216216;20.23837838;25.29243243;8.356486486;4.643783784;16.44891892;26.99243243;17.36702703;16.82135135;5.291891892;5.603513514,0.09394815377;0.1495764659;0.3746899731;0.3954717594;0.1217627391;0.0567935706;0.3004420073;0.3941045091;0.3755413427;0.3522042439;0.06442245433;0.1105407562,0.1989189189;0.1762162162;0.06405405405;0.04810810811;0.1767567568;0.2072972973;0.1072972973;0.03702702703;0.09216216216;0.08243243243;0.2056756757;0.2035135135,0.3798996382;1.809503615;23.99338414;23.98055096;1.477545806;0.2347890628;20.64356369;23.99884749;23.98385513;23.99497158;0.2590903055;0.4995934181,Bayesian ensemble,14.0,4
FreshSky-Safe,4,9,637.3683783783783,31.75972972972973,30.004486486486485,58.0,109.0,84.26081081081081,0.10211711711711711,0.045202702702702706,0.12162162162162161,0.03567567567567568,0.7387787713288166,34.0,210.0,0.13576576576576577,1507,11100,0.26139738580735067,0.398300342755641,23.99902310532113,0.4064864864864865,True,True,0.3257577326;0.6871221964;0.2523803769;0.1963495047;0.5437054116;0.2493362779;0.95;0.4363495231;0.95;0.6652629851;0.95;0.2127973752,1.414897118;0.6652565043;1.798374164;2.302374716;0.8671448273;1.819394726;0.209506079;1.076896197;0.2790122724;0.6926602831;0.247425482;2.123503268,20.44783784;8.185675676;28.56837838;31.75972973;12.33405405;27.48567568;4.353243243;13.98621622;4.956216216;8.594054054;4.645135135;26.66621622,0.3835518403;0.1709889015;0.3966144103;0.3951372824;0.2596747213;0.3953495567;0.05294275238;0.3443157299;0.07073338148;0.2072364685;0.06192324224;0.3983003428,0.06540540541;0.16;0.04567567568;0.03567567568;0.1283783784;0.04189189189;0.2237837838;0.1091891892;0.2140540541;0.1775675676;0.2189189189;0.03891891892,23.98732506;2.787308539;23.99356324;23.99736337;9.342896546;23.99902311;0.209506079;23.96826308;0.2790122724;5.579808492;0.247425482;23.99487595,Bayesian ensemble,14.0,4
FreshSky-Safe,4,10,689.5702702702703,29.654594594594595,27.792918918918915,58.0,95.0,79.15315315315316,0.11858108108108108,0.045157657657657654,0.0947972972972973,0.035405405405405405,0.7789053114419893,44.0,164.0,0.12972972972972974,1440,11100,0.30909912960850655,0.396267323240031,23.998420624506366,0.4064864864864865,True,True,0.2210551088;0.5230742899;0.4621770162;0.8877431859;0.3493760462;0.4491418585;0.5565464418;0.34857734;0.2223217792;0.6900300697;0.2104662511;0.2177243916,2.045012567;0.9021077578;1.019211399;0.4291816563;1.325898395;1.047619095;0.8463561798;1.328717478;2.03354937;0.6616731043;2.146920017;2.075867389,24.84972973;12.77621622;14.69864865;5.469459459;20.49567568;14.35;13.51810811;19.82405405;26.10189189;8.585945946;26.26972973;29.65459459,0.3951848608;0.2667313208;0.2897865924;0.1041635479;0.3497504954;0.317683412;0.2525343845;0.3691679913;0.3962673232;0.1806188744;0.3945690842;0.3927316682,0.04837837838;0.1272972973;0.1135135135;0.2010810811;0.06756756757;0.1097297297;0.1245945946;0.07918918919;0.03783783784;0.1551351351;0.03540540541;0.03783783784,23.99589223;12.30538789;14.61476477;0.6042715941;23.93952936;23.94286522;15.42509663;23.99842062;23.99496751;3.371788983;23.99816165;23.98673892,Bayesian ensemble,14.0,4
FreshSky-Safe,4,11,569.682972972973,32.45945945945946,28.18536486486486,51.0,81.0,69.93828828828829,0.08668918918918919,0.031509009009009006,0.11175675675675678,0.033243243243243244,0.8410224648451371,35.0,150.0,0.053423423423423426,593,11100,0.25760586474821084,0.38864696542414917,23.995356387257196,0.4064864864864865,True,True,0.95;0.2935060875;0.6227889451;0.4312530983;0.6153269509;0.4183303984;0.9434799305;0.4987828682;0.6260188518;0.4351735249;0.2492611008;0.2092716103,0.3358641596;1.559243329;0.7487311135;1.088976442;0.7590395275;1.120756955;0.3508668233;0.9460759936;0.7443154627;1.079661914;1.819920828;2.159149808,5.475675676;19.02513514;13.02972973;14.05027027;9.806756757;18.22243243;5.615405405;14.27756757;11.38837838;13.89783784;24.68837838;32.45945946,0.07561482297;0.3737969817;0.2064069556;0.324338389;0.1905804651;0.3192642784;0.08288043341;0.2526278599;0.1800438754;0.3119347531;0.3851345967;0.3886469654,0.1927027027;0.06702702703;0.1378378378;0.1037837838;0.1416216216;0.08675675676;0.1913513514;0.1040540541;0.1343243243;0.1027027027;0.04567567568;0.03324324324,0.3358641596;23.99535639;14.23655568;21.33701058;5.98079055;23.97374378;0.3508668233;17.84987568;10.16241027;22.65937678;23.9904993;23.98724712,Bayesian ensemble,14.0,4
FreshSky-Safe,4,12,617.9035135135135,27.322702702702703,24.50239189189189,51.0,90.0,73.50540540540541,0.08754504504504504,0.031824324324324325,0.10200450450450449,0.05243243243243243,0.8485576394029004,38.0,255.0,0.04603603603603604,511,11100,0.2787777208746334,0.3956553402986381,23.999405237997962,0.4064864864864865,True,True,0.2277146089;0.9318683167;0.4490225566;0.364868936;0.3264467419;0.2532754659;0.5108922966;0.7249468559;0.885090931;0.3371942215;0.4510893652;0.3770521179,1.986329388;0.369039043;1.047885528;1.273544601;1.412123145;1.792296255;0.9237509324;0.6195927545;0.4325165816;1.370290719;1.043286736;1.235229773,22.19486486;5.805135135;12.53297297;17.5072973;18.33081081;27.3227027;16.15864865;9.210810811;6.6;21.87324324;15.46351351;18.39540541,0.3956553403;0.082086252;0.3016211048;0.3383498224;0.3633354687;0.3913987496;0.2506610638;0.1475300586;0.1033363941;0.3507203542;0.2847890821;0.3358489598,0.0527027027;0.1824324324;0.1127027027;0.08324324324;0.0727027027;0.05243243243;0.1;0.1481081081;0.177027027;0.07;0.09918918919;0.07351351351,23.98988165;0.369039043;20.21965008;23.87988264;23.98806823;23.99940524;21.19753916;3.152669581;0.5625829082;23.99569881;20.04489598;23.9625825,Bayesian ensemble,14.0,4
FreshSky-Safe,4,13,391.67108108108107,25.953513513513514,20.604540540540533,37.0,63.0,52.696396396396395,0.03986486486486487,0.01132882882882883,0.14623873873873874,0.04,0.8984861062697758,25.0,119.0,0.03054054054054054,339,11100,0.1849608990580005,0.3887728429298325,23.99144480172223,0.4064864864864865,True,True,0.931036637;0.7159624459;0.6775674106;0.3509019354;0.95;0.7562371291;0.2357345475;0.5713184825;0.95;0.8385292043;0.9458583108;0.3749843981,0.3702883284;0.6302691506;0.6771299559;1.320546841;0.2764601871;0.5830294735;1.920506701;0.8232731646;0.2265612916;0.488449848;0.3469497415;1.241568686,6.287297297;8.115945946;9.958918919;15.50297297;5.575675676;9.081891892;25.95351351;10.69756757;5.341621622;7.458918919;6.004864865;16.22810811,0.08696771822;0.1671064964;0.1694654971;0.342271465;0.06657460182;0.1545815982;0.3887728429;0.2416417991;0.05474210667;0.1285811222;0.0705151907;0.3483103503,0.1808108108;0.1689189189;0.1410810811;0.08783783784;0.1967567568;0.1583783784;0.04;0.1394594595;0.2075675676;0.1802702703;0.1724324324;0.08135135135,0.3702883284;2.072422356;7.422418499;23.90679521;0.2764601871;8.602385254;23.9914448;8.698194939;0.2265612916;1.638297872;0.3469497415;23.80314036,Bayesian ensemble,14.0,4
FreshSky-Safe,4,14,608.1937837837838,31.190270270270272,27.18909459459459,53.0,91.0,75.43963963963964,0.09531531531531531,0.035923423423423424,0.10452702702702703,0.03810810810810811,0.8438626139097409,39.0,268.0,0.05387387387387387,598,11100,0.2741578513332053,0.3928297235847862,23.997223529128256,0.4064864864864865,True,True,0.3969158517;0.64914127;0.685168137;0.2123384503;0.8391928019;0.2547057577;0.6450583303;0.3536782427;0.3495021855;0.2638904463;0.8142278578;0.4332858251,1.177446822;0.7134614509;0.6676722331;2.128067317;0.4876767217;1.782678959;0.7188179662;1.310923092;1.325454306;1.723560971;0.5165166625;1.084128614,15.48513514;12.1127027;9.366486486;31.19027027;8.205135135;23.91540541;8.65972973;19.68351351;18.4972973;22.68297297;8.016756757;16.17621622,0.3147283531;0.1951413482;0.1826173783;0.3928297236;0.1186240675;0.3786988276;0.1861155707;0.3450916464;0.357156201;0.3903632685;0.1302459584;0.2982818728,0.09297297297;0.1378378378;0.1481081081;0.03810810811;0.1597297297;0.04972972973;0.1537837838;0.0727027027;0.08756756757;0.05459459459;0.1694594595;0.08972972973,23.41829891;16.58076415;7.497839226;23.98756778;1.276767217;23.99722353;6.295177289;23.92600059;23.94179619;23.99585338;2.7963999;19.31275873,Bayesian ensemble,14.0,4
FreshSky-Safe,4,15,519.7205405405406,30.791891891891893,27.432878378378373,48.0,85.0,69.51801801801801,0.07238738738738738,0.028153153153153154,0.12894144144144146,0.035405405405405405,0.8468431632444782,30.0,143.0,0.07027027027027027,780,11100,0.2343083105473559,0.39538240582164075,23.997445409228206,0.4064864864864865,True,True,0.95;0.6682774533;0.3936552323;0.8783623152;0.2542081145;0.6112416568;0.1961261937;0.2603661895;0.4858854259;0.9440218225;0.777121657;0.6438927182,0.2609434761;0.6888292002;1.186565108;0.4408835581;1.786011998;0.7647485898;2.305041448;1.74572184;0.9708198352;0.349980936;0.5589976316;0.7203540735,5.171621622;8.931081081;15.3727027;8.022432432;21.38810811;10.30513514;30.79189189;24.68459459;13.45972973;5.336756757;8.91027027;10.93540541,0.06192118162;0.2003189782;0.3360865494;0.104501319;0.3953361694;0.2246707344;0.3937259986;0.3953824058;0.2959688579;0.07992807864;0.1406558905;0.183203563,0.2032432432;0.1667567568;0.09702702703;0.1751351351;0.05054054054;0.1467567568;0.03540540541;0.05459459459;0.1235135135;0.1935135135;0.1581081081;0.1427027027,0.2609434761;8.930826409;23.98351834;0.9314862548;23.99703186;16.56692667;23.99744541;23.98259096;14.32459506;0.349980936;3.579952632;7.447789618,Bayesian ensemble,14.0,4
FreshSky-Safe,4,16,622.4867567567568,33.33945945945946,30.334229729729728,55.0,93.0,77.67387387387387,0.0993018018018018,0.0397972972972973,0.11837837837837835,0.03486486486486486,0.7791863878088139,35.0,224.0,0.14306306306306307,1588,11100,0.269507522891519,0.4006719799454812,23.999796937624687,0.4064864864864865,True,True,0.3932789834;0.7735119064;0.901603995;0.8416273572;0.2260479039;0.7045979448;0.6624829137;0.1982197585;0.7522839954;0.3841282698;0.2247729528;0.2144342016,1.187626136;0.5631378354;0.4113518347;0.4848363331;2.00065631;0.6439160289;0.6962092138;2.280313362;0.5876051337;1.214015836;2.011774821;2.107404393,15.62486486;7.541621622;6.243513514;7.973243243;24.55918919;9.357297297;9.242702703;33.33945946;8.709189189;15.24702703;27.87540541;24.88243243,0.3466584397;0.1585917904;0.105617363;0.1174090147;0.4006719799;0.1856914602;0.2050994711;0.3968977851;0.1716759864;0.3596111773;0.3920242286;0.3941415783,0.09891891892;0.1837837838;0.2018918919;0.1691891892;0.04486486486;0.1732432432;0.1643243243;0.03486486486;0.1751351351;0.09297297297;0.04027027027;0.04108108108,23.92979317;2.862756708;0.5929811899;1.187708664;23.77851635;4.722236606;6.797648772;23.99979694;3.939707807;23.99134604;23.98925689;23.99967442,Bayesian ensemble,14.0,4
FreshSky-Safe,4,17,502.1972972972973,34.751891891891894,32.388527027027024,53.0,101.0,78.50135135135135,0.0806081081081081,0.03711711711711712,0.14006756756756758,0.0372972972972973,0.8086260769251806,26.0,209.0,0.07621621621621621,846,11100,0.21303339067420346,0.4023982831054809,23.999695937721363,0.4064864864864865,True,True,0.6058267012;0.4606290406;0.8627452041;0.95;0.8920394043;0.9329954481;0.2434414901;0.2237143759;0.7874097494;0.2072792387;0.95;0.5223938409,0.772389876;1.022513998;0.4598691245;0.2139841101;0.4237308779;0.3673358894;1.861711545;2.021113381;0.5472165522;2.179902851;0.241873434;0.9032962107,11.50594595;14.10216216;5.31972973;4.877027027;6.866756757;4.921891892;30.45486486;34.75189189;8.572972973;26.14621622;5.026486486;11.75621622,0.2168954273;0.2995689659;0.1165830375;0.05563586863;0.1081086348;0.09074189267;0.391965755;0.3916589984;0.1529248419;0.4023982831;0.05844185135;0.2714771314,0.1410810811;0.1064864865;0.2051351351;0.2162162162;0.1867567568;0.2086486486;0.03972972973;0.0372972973;0.1797297297;0.03783783784;0.2064864865;0.1154054054,8.937357024;17.65290594;0.8190838718;0.2139841101;0.5186543897;0.3673358894;23.9896348;23.98812054;4.269280015;23.99969594;0.241873434;12.42855222,Bayesian ensemble,14.0,4
FreshSky-Safe,4,18,406.8535135135135,24.12864864864865,24.066216216216215,41.0,68.0,57.61441441441441,0.05049549549549549,0.016058558558558558,0.15635135135135134,0.041891891891891894,0.8452329788331169,23.0,152.0,0.0609009009009009,676,11100,0.19034960643017143,0.39580604295711025,23.99787124831815,0.4064864864864865,True,True,0.95;0.2298402862;0.2514208534;0.95;0.8064515181;0.2889292384;0.86964094;0.95;0.4229897239;0.9113191376;0.93510967;0.8418183031,0.2641897105;1.968390267;1.804941085;0.3377909827;0.5254308787;1.582364629;0.451552802;0.2372894534;1.10910177;0.3983676074;0.3641087485;0.4846132827,5.042162162;24.01513514;20.80081081;4.542432432;8.287567568;24.12864865;6.034864865;4.812432432;12.11324324;5.032432432;5.500810811;8.266216216,0.0683323116;0.395806043;0.3897697099;0.08262184847;0.139310187;0.3866101688;0.1165494394;0.06002781847;0.3258361147;0.09840756573;0.09151922597;0.1294048441,0.2140540541;0.04189189189;0.06027027027;0.2118918919;0.1745945946;0.04945945946;0.1935135135;0.2172972973;0.1113513514;0.2062162162;0.2067567568;0.1889189189,0.2641897105;23.99766032;23.99787125;0.3377909827;2.908617574;23.99438646;0.65776401;0.2372894534;17.74610621;0.3983676074;0.3641087485;2.769171916,Bayesian ensemble,14.0,4
FreshSky-Safe,4,19,636.3789189189189,33.86081081081081,27.630202702702697,51.0,82.0,69.7954954954955,0.08968468468468468,0.029864864864864865,0.09736486486486488,0.030810810810810812,0.8234597018571407,41.0,168.0,0.07711711711711712,856,11100,0.29338203838535887,0.3924833425503421,23.998538459151543,0.4064864864864865,True,True,0.8339118425;0.4218873338;0.3658373363;0.3670076204;0.481511622;0.1930715746;0.2120595117;0.3057773787;0.5446939528;0.4653449839;0.3623629999;0.8770434254,0.4938172966;1.111838862;1.270411673;1.266646367;0.9794527448;2.342239302;2.1308523;1.500722279;0.8655191693;1.012509865;1.281724896;0.4425090154,6.418918919;13.85648649;17.91081081;15.45972973;13.56513514;33.86081081;22.53243243;19.65621622;13.08216216;14.77594595;16.6672973;6.213513514,0.1199842567;0.2854721403;0.3378608341;0.3553456566;0.2623345054;0.3924833426;0.3898883802;0.3820757802;0.2545094206;0.299921841;0.3415623641;0.09914593886,0.1827027027;0.08540540541;0.07918918919;0.08810810811;0.1013513514;0.03081081081;0.04297297297;0.06648648649;0.1186486486;0.1056756757;0.08324324324;0.1837837838,1.594894042;23.9168815;23.99399688;23.99853846;13.46990097;23.99135023;23.99687649;23.96717193;11.88628594;20.8380031;23.95729291;0.8250901542,Bayesian ensemble,14.0,4
FreshSky-Safe,8,0,464.7391891891892,26.50027027027027,24.850864864864864,44.0,77.0,63.8527027027027,0.06157657657657658,0.02213963963963964,0.14389639639639643,0.03783783783783784,0.8287786498845335,27.0,139.0,0.053513513513513515,594,11100,0.21950042997995034,0.40175020527983984,23.997300569123876,0.4064864864864865,True,True,0.95;0.2315765095;0.95;0.8081176242;0.6281327393;0.795200025;0.3394136806;0.9476946562;0.5005847781;0.95;0.23436609;0.2528380647,0.3369544871;1.95400716;0.2191119648;0.5235225351;0.7414402559;0.5383055036;1.361973486;0.3438720469;0.9427001774;0.2738400263;1.931388168;1.795260579,4.875945946;26.50027027;5.971081081;7.641891892;9.117567568;7.003783784;15.47864865;5.176756757;14.83675676;6.206216216;23.50135135;21.20189189,0.08432969056;0.4003074127;0.05726520809;0.1388042181;0.1993873121;0.145196998;0.3854016865;0.08122815378;0.2766952413;0.06483347649;0.3988055569;0.4017502053,0.212972973;0.03783783784;0.2067567568;0.1943243243;0.152972973;0.1935135135;0.09675675676;0.2032432432;0.1197297297;0.2024324324;0.04891891892;0.0572972973,0.3369544871;23.99730057;0.2191119648;2.288063378;4.428805119;1.644749533;23.79446221;0.3438720469;9.167504436;0.2738400263;23.9869149;23.99239201,Bayesian ensemble,14.0,8
FreshSky-Safe,8,1,634.8902702702703,34.62837837837838,31.91108108108108,60.0,93.0,79.88153153153154,0.11887387387387387,0.049414414414414416,0.1216891891891892,0.03054054054054054,0.6930417935951417,35.0,153.0,0.129009009009009,1432,11100,0.28009990266373835,0.40355242135467256,23.997954114979258,0.4064864864864865,True,True,0.5605092249;0.2181252996;0.2316669551;0.3707979081;0.95;0.95;0.2020086086;0.95;0.325972712;0.8362721814;0.2993435181;0.2334007936,0.8400796556;2.072097608;1.953264399;1.254604531;0.2976063768;0.2276934429;2.237061952;0.2579608484;1.414030367;0.4910760745;1.530799061;1.939147999,9.959189189;34.62837838;25.16162162;19.93945946;4.586486486;4.982972973;29.68783784;4.936216216;15.86108108;6.187297297;19.6127027;25.41405405,0.2572460135;0.3948185984;0.3985715192;0.3801112646;0.07737765796;0.0640003191;0.3972296493;0.06532684188;0.3909602879;0.1389612568;0.393043002;0.4035524214,0.1643243243;0.03675675676;0.04459459459;0.08351351351;0.2224324324;0.242972973;0.03054054054;0.2232432432;0.0827027027;0.2148648649;0.06864864865;0.04567567568,3.600796556;23.99795411;23.99172785;23.85785373;0.2976063768;0.2276934429;23.99607305;0.2579608484;23.92519693;1.492912894;23.99099895;23.9967316,Bayesian ensemble,14.0,8
FreshSky-Safe,8,2,554.2870270270271,33.59945945945946,29.54313513513513,50.0,90.0,72.7054054054054,0.08202702702702702,0.031103603603603605,0.13015765765765766,0.03567567567567568,0.8357876532176216,32.0,168.0,0.07990990990990991,887,11100,0.24024353855780248,0.3974754464860774,23.999999667560033,0.4064864864864865,True,True,0.2983974043;0.4720337023;0.7619171253;0.95;0.6042558466;0.7527600943;0.6803453125;0.2438339011;0.7053294905;0.1925045361;0.95;0.2931742638,1.535332493;0.9986066978;0.5764720931;0.328976203;0.7746227687;0.5870535051;0.6736618433;1.858825842;0.6430324214;2.34929577;0.2710575607;1.560894842,18.17351351;13.2172973;9.525405405;4.918108108;11.17594595;9.586486486;12.53108108;26.22432432;8.408648649;33.59945946;5.014864865;20.33459459,0.3925471725;0.2736722139;0.1529988096;0.07770951389;0.2179411628;0.1612017192;0.1838914762;0.3973868219;0.1701429029;0.3974754465;0.06520033216;0.3927548912,0.07027027027;0.1221621622;0.1664864865;0.2010810811;0.15;0.1751351351;0.1478378378;0.04945945946;0.1686486486;0.03567567568;0.2089189189;0.06621621622,23.95515598;10.34705452;2.247081397;0.328976203;3.320850455;4.411605154;8.083517143;23.97714588;2.445486321;23.99999967;0.2710575607;23.98774009,Bayesian ensemble,14.0,8
FreshSky-Safe,8,3,665.0572972972973,31.02972972972973,27.797216216216214,57.0,94.0,78.26036036036037,0.10966216216216217,0.041283783783783785,0.10637387387387387,0.04,0.7335939601663539,41.0,212.0,0.11675675675675676,1296,11100,0.3171997583068955,0.39843240741143093,23.99722930905891,0.4064864864864865,True,True,0.2469621281;0.8215561338;0.8932287906;0.3220866759;0.225348274;0.2465631425;0.4834834838;0.2778755806;0.2645088005;0.3014458345;0.9387067142;0.2969367479,1.836175919;0.5080937316;0.4222105672;1.429873819;2.006740312;1.839030251;0.9755450403;1.641436133;1.719737046;1.520828652;0.3585144156;1.542388958,20.91594595;6.795135135;5.282702703;17.04486486;31.02972973;23.34324324;13.73135135;18.59567568;25.15243243;21.00108108;4.848918919;17.21135135,0.3960184819;0.1428155354;0.1118287448;0.3984324074;0.3980938888;0.3946459511;0.3129653954;0.3930574091;0.3973986957;0.3851395803;0.09040377021;0.3855972396,0.05351351351;0.2010810811;0.2154054054;0.08243243243;0.04;0.04675675676;0.1308108108;0.07216216216;0.06405405405;0.07891891892;0.2154054054;0.07594594595,23.99587021;1.264749852;0.5110528362;23.99397502;23.99722931;23.99078305;23.90824746;23.99552575;23.99474092;23.99495795;0.3585144156;23.97757587,Bayesian ensemble,14.0,8
FreshSky-Safe,8,4,592.0562162162162,25.015135135135136,24.256283783783783,50.0,80.0,68.05630630630631,0.08540540540540541,0.02774774774774775,0.10515765765765765,0.0472972972972973,0.8846519295296429,39.0,139.0,0.0372972972972973,414,11100,0.2834799128783069,0.39714046969705247,23.997664820121763,0.4064864864864865,True,True,0.662118963;0.6741961796;0.3640876;0.2460798207;0.2372011855;0.4128728207;0.5024050881;0.4159209977;0.2309431598;0.4380235493;0.7287104513;0.5641011845,0.6966749552;0.6813572012;1.27608378;1.842501298;1.908996959;1.13470463;0.9393093506;1.126874486;1.959226317;1.072981387;0.6151471375;0.8344446437,10.4727027;9.952972973;16.95702703;20.89081081;25.01513514;17.44810811;12.1772973;16.63243243;23.63540541;15.0827027;9.352162162;11.41567568,0.192056339;0.1705234509;0.3245391452;0.3963867657;0.3885066784;0.3263042505;0.255136729;0.2926828057;0.3971404697;0.2812951205;0.1527892485;0.2243979515,0.1432432432;0.1475675676;0.08594594595;0.05783783784;0.0472972973;0.1008108108;0.1243243243;0.09945945946;0.04810810811;0.1067567568;0.1635135135;0.137027027,3.340149194;2.976286414;23.93901609;23.99766482;23.99379929;23.95991487;7.446877661;23.94372431;23.99288451;11.3515533;1.690882825;4.620003587,Bayesian ensemble,14.0,8
FreshSky-Safe,8,5,531.3791891891892,27.373243243243245,25.70391891891892,48.0,80.0,67.31801801801802,0.07373873873873873,0.026238738738738738,0.1263063063063063,0.04108108108108108,0.8389030690362982,33.0,140.0,0.042522522522522525,472,11100,0.25644695786964905,0.39715133083003396,23.99626068267964,0.4064864864864865,True,True,0.9411489522;0.4821824971;0.3825098869;0.7544254172;0.3523107703;0.8677360717;0.95;0.2189202535;0.8265150398;0.3376263363;0.2625732011;0.2699141276,0.3546353857;0.9781203331;1.218803669;0.5851252029;1.315645181;0.4538598372;0.2241414152;2.064668323;0.5023771293;1.368663091;1.731770293;1.687095206,5.588648649;13.30891892;15.23864865;7.398918919;15.40243243;6.259459459;5.693243243;27.37324324;8.260540541;17.72459459;19.9027027;24.33810811,0.08204537571;0.2833905398;0.3557589088;0.1448580232;0.3562909381;0.1073317183;0.05446030603;0.396751129;0.1302107208;0.380636303;0.3884782009;0.3971513308,0.1951351351;0.1227027027;0.1035135135;0.1794594595;0.1002702703;0.1810810811;0.1994594595;0.04108108108;0.1802702703;0.08351351351;0.0672972973;0.06189189189,0.3546353857;14.45609133;16.05984583;1.510751217;23.78629217;0.7231590234;0.2241414152;23.99194772;1.116639905;23.98427696;23.99626068;23.98047262,Bayesian ensemble,14.0,8
FreshSky-Safe,8,6,385.5889189189189,22.436486486486487,18.861337837837834,36.0,60.0,51.23153153153153,0.0359009009009009,0.009887387387387387,0.15313063063063062,0.06297297297297297,0.9152434246034526,24.0,164.0,0.012342342342342343,137,11100,0.1782591730126616,0.3746758248991565,23.99171330668078,0.4064864864864865,True,True,0.6600953202;0.4082536129;0.95;0.8542797728;0.5796663152;0.95;0.7238759829;0.298421524;0.95;0.3698913443;0.95;0.5870736138,0.6992694381;1.146768836;0.2551559305;0.4699577518;0.8105930222;0.2156180293;0.6208604762;1.535216558;0.2628816135;1.257463669;0.2571157349;0.7995478023,9.831081081;15.83405405;5.014594595;6.340540541;9.972432432;5.157297297;9.365675676;22.43648649;4.670810811;15.93621622;5.11972973;11.6127027,0.1922045996;0.3223350243;0.05758248702;0.1141870321;0.2015528596;0.05017489817;0.1422945092;0.3746758249;0.06060486927;0.3381557704;0.06233319302;0.2230090087,0.1708108108;0.09567567568;0.2002702703;0.1878378378;0.137027027;0.1954054054;0.1497297297;0.06297297297;0.2027027027;0.09216216216;0.202972973;0.14,8.373699772;12.75596411;0.2551559305;0.7497887589;5.043639512;0.2156180293;2.071186191;23.99171331;0.2628816135;19.00383054;0.2571157349;7.987790663,Bayesian ensemble,14.0,8
FreshSky-Safe,8,7,430.33,26.66891891891892,26.479094594594596,44.0,72.0,61.8963963963964,0.06051801801801802,0.020653153153153154,0.1549099099099099,0.04027027027027027,0.8347227592137513,23.0,144.0,0.057207207207207206,635,11100,0.19742094529325135,0.39831410988022425,23.998445593946666,0.4064864864864865,True,True,0.95;0.8194645516;0.5139536145;0.1957148488;0.2668165055;0.95;0.9166527097;0.2817874583;0.4060368001;0.95;0.95;0.8957240492,0.2129344738;0.5105004868;0.9182376412;2.309972111;1.705631049;0.2143947682;0.3910280632;1.619983796;1.152645744;0.2643493157;0.2202876177;0.4190042049,5.522702703;6.437567568;12.62837838;26.66891892;26.32378378;5.21027027;5.958918919;20.67621622;13.69756757;5.363243243;4.186756757;5.457837838,0.05156467258;0.128039041;0.2893689432;0.3983141099;0.3964439735;0.05168652249;0.1015616132;0.3914231118;0.3320865846;0.06537287131;0.05560773918;0.1075821607,0.2102702703;0.1937837838;0.132972973;0.04027027027;0.04918918919;0.207027027;0.2105405405;0.06243243243;0.1081081081;0.2048648649;0.2294594595;0.21,0.2129344738;1.505004868;12.53831744;23.99776885;23.99844559;0.2143947682;0.3910280632;23.99416663;15.06905848;0.2643493157;0.2202876177;0.5520336396,Bayesian ensemble,14.0,8
FreshSky-Safe,8,8,517.4418918918919,27.476216216216216,27.2965,48.0,90.0,71.76081081081081,0.07288288288288289,0.029076576576576578,0.1379954954954955,0.03702702702702703,0.8204014341109769,29.0,192.0,0.07396396396396396,821,11100,0.2328658931844112,0.3987491497171563,23.997874648177344,0.4064864864864865,True,True,0.924502767;0.7675714746;0.2938168902;0.223720696;0.8564804989;0.95;0.4732619221;0.198994158;0.3554966144;0.365156396;0.95;0.8950142286,0.3798996382;0.5699618165;1.557699888;2.021057334;0.4673466129;0.2347890628;0.9960890923;2.271318822;1.304697623;1.272612991;0.2590903055;0.4199186836,4.982972973;7.79972973;19.69702703;27.14945946;8.189459459;4.774864865;16.09;27.47621622;16.14;16.8872973;5.247567568;6.006216216,0.0942561805;0.1494224222;0.3877409722;0.3987491497;0.1189839214;0.05761850515;0.2907503297;0.3965599889;0.3776570686;0.3460131536;0.06428240552;0.1123566208,0.2045945946;0.1821621622;0.07243243243;0.04702702703;0.1794594595;0.2094594595;0.1172972973;0.03702702703;0.1024324324;0.08783783784;0.2067567568;0.2094594595,0.3798996382;1.419770899;23.99787465;23.980819;0.87142629;0.2347890628;20.63574188;23.99692701;23.897948;23.99497158;0.2590903055;0.5792681526,Bayesian ensemble,14.0,8
FreshSky-Safe,8,9,652.0391891891892,32.99027027027027,32.11636486486486,61.0,107.0,86.37072072072073,0.10743243243243243,0.05162162162162162,0.1250900900900901,0.0372972972972973,0.7475078480419781,33.75,204.0,0.13567567567567568,1506,11100,0.2620571536680007,0.39949312644280854,23.997904663082025,0.4064864864864865,True,True,0.3257577326;0.6871221964;0.2523803769;0.1963495047;0.5437054116;0.2493362779;0.95;0.4363495231;0.95;0.6652629851;0.95;0.2127973752,1.414897118;0.6652565043;1.798374164;2.302374716;0.8671448273;1.819394726;0.209506079;1.076896197;0.2790122724;0.6926602831;0.247425482;2.123503268,19.88648649;8.476216216;31.40135135;32.99027027;12.84513514;26.42405405;4.292702703;15.52351351;4.887837838;8.990540541;4.423513514;26.37756757,0.3866110773;0.1702697053;0.3966144103;0.3994931264;0.261549629;0.3978081982;0.05271625933;0.3472262602;0.07020552043;0.2014330985;0.06245821626;0.3983003428,0.07351351351;0.1702702703;0.04459459459;0.0372972973;0.1378378378;0.04594594595;0.2213513514;0.1124324324;0.2181081081;0.1808108108;0.2213513514;0.03756756757,23.98732506;2.787308539;23.99685931;23.99790466;8.542896546;23.99407707;0.209506079;15.59930112;0.2790122724;3.501827643;0.247425482;23.99487595,Bayesian ensemble,14.0,8
FreshSky-Safe,8,10,704.1827027027027,33.79054054054054,32.314013513513515,63.0,107.0,86.47162162162162,0.12945945945945947,0.054436936936936936,0.10146396396396397,0.033783783783783786,0.786269386291446,43.0,183.0,0.12828828828828828,1424,11100,0.3095852288162867,0.39794839133634075,23.99991353649446,0.4064864864864865,True,True,0.2210551088;0.5230742899;0.4621770162;0.8877431859;0.3493760462;0.4491418585;0.5565464418;0.34857734;0.2223217792;0.6900300697;0.2104662511;0.2177243916,2.045012567;0.9021077578;1.019211399;0.4291816563;1.325898395;1.047619095;0.8463561798;1.328717478;2.03354937;0.6616731043;2.146920017;2.075867389,30.59405405;13.01432432;14.38540541;5.331891892;18.6827027;14.20675676;13.34945946;19.09108108;22.63378378;8.686486486;31.10594595;33.79054054,0.3979483913;0.2606359981;0.2941939931;0.1049755132;0.347242039;0.3196653941;0.2465870167;0.3709635555;0.3973665391;0.1813341967;0.3968900788;0.3972200301,0.04648648649;0.1337837838;0.1213513514;0.2056756757;0.07837837838;0.1235135135;0.1389189189;0.08675675676;0.04540540541;0.1645945946;0.03378378378;0.03891891892,23.99991354;11.14847843;18.70293576;0.5750899378;23.75167363;18.6666703;8.683397755;23.9625467;23.99771235;3.248442774;23.99932792;23.99321517,Bayesian ensemble,14.0,8
FreshSky-Safe,8,11,556.4345945945946,29.502702702702702,26.220540540540537,51.0,76.0,66.65765765765765,0.08752252252252252,0.029054054054054056,0.11921171171171169,0.034594594594594595,0.8621739394827935,33.80000000000018,133.0,0.040450450450450454,449,11100,0.2580472150648891,0.3934963951397459,23.992082752130763,0.4064864864864865,True,True,0.95;0.2935060875;0.6227889451;0.4312530983;0.6153269509;0.4183303984;0.9434799305;0.4987828682;0.6260188518;0.4351735249;0.2492611008;0.2092716103,0.3358641596;1.559243329;0.7487311135;1.088976442;0.7590395275;1.120756955;0.3508668233;0.9460759936;0.7443154627;1.079661914;1.819920828;2.159149808,5.510810811;17.47810811;13.09783784;14.46;9.71027027;18.51864865;5.501351351;14.96756757;11.32783784;13.83189189;23.53513514;29.5027027,0.07706720852;0.3742183989;0.2045857178;0.3152145324;0.1858621113;0.3253224241;0.08335457776;0.2585088729;0.1760205486;0.31018395;0.3934963951;0.3927318434,0.1937837838;0.07675675676;0.1475675676;0.1148648649;0.1435135135;0.1008108108;0.1964864865;0.1162162162;0.1389189189;0.1156756757;0.05135135135;0.03459459459,0.3358641596;23.98314606;9.949244541;15.29134039;2.554237165;23.94725036;0.3508668233;9.690127822;3.97494018;13.50174338;23.99208275;23.98724712,Bayesian ensemble,14.0,8
FreshSky-Safe,8,12,613.6862162162162,27.881351351351352,26.290216216216216,52.0,91.0,74.33603603603603,0.08914414414414415,0.03331081081081081,0.10792792792792792,0.04810810810810811,0.8501768827408409,37.0,255.0,0.03891891891891892,432,11100,0.278956263365069,0.39780272342101886,23.998810475995988,0.4064864864864865,True,True,0.2277146089;0.9318683167;0.4490225566;0.364868936;0.3264467419;0.2532754659;0.5108922966;0.7249468559;0.885090931;0.3371942215;0.4510893652;0.3770521179,1.986329388;0.369039043;1.047885528;1.273544601;1.412123145;1.792296255;0.9237509324;0.6195927545;0.4325165816;1.370290719;1.043286736;1.235229773,24.98837838;5.593513514;12.50189189;15.99;17.11135135;27.88135135;16.4627027;9.119189189;6.538108108;22.53540541;13.53027027;18.12918919,0.3978027234;0.0831833951;0.2973729202;0.3428244386;0.3644804334;0.3972116024;0.2519093759;0.1473626011;0.1046222542;0.3577569822;0.2684348575;0.3345135763,0.04810810811;0.1902702703;0.1186486486;0.09162162162;0.08540540541;0.04891891892;0.1086486486;0.1554054054;0.1837837838;0.07135135135;0.1086486486;0.08432432432,23.9934339;0.369039043;15.38022244;20.83596245;23.61828041;23.99881048;19.72129009;1.717556527;0.5950994898;23.99569881;16.37475619;23.9625825,Bayesian ensemble,14.0,8
FreshSky-Safe,8,13,412.37567567567567,28.31135135135135,22.238013513513504,41.0,67.0,58.4527027027027,0.05029279279279279,0.014954954954954955,0.15261261261261258,0.04243243243243243,0.9044969602525597,24.0,158.0,0.02927927927927928,325,11100,0.18482992295104572,0.3929252898503114,23.98891129811529,0.4064864864864865,True,True,0.931036637;0.7159624459;0.6775674106;0.3509019354;0.95;0.7562371291;0.2357345475;0.5713184825;0.95;0.8385292043;0.9458583108;0.3749843981,0.3702883284;0.6302691506;0.6771299559;1.320546841;0.2764601871;0.5830294735;1.920506701;0.8232731646;0.2265612916;0.488449848;0.3469497415;1.241568686,6.218108108;8.291351351;10.84108108;17.26891892;5.518108108;8.961891892;28.31135135;11.42567568;5.341351351;7.68027027;5.868378378;17.08594595,0.08626717273;0.1659140953;0.1659883432;0.3536924107;0.06679875873;0.155684627;0.3929252899;0.2367466614;0.05602799508;0.126864947;0.07314075631;0.3379080181,0.1883783784;0.1713513514;0.1467567568;0.09378378378;0.2016216216;0.1694594595;0.04243243243;0.1478378378;0.2164864865;0.1818918919;0.1805405405;0.09081081081,0.3702883284;1.781614904;3.202689426;23.96155992;0.2764601871;3.375736837;23.9889113;4.772370634;0.2265612916;1.107598784;0.3469497415;23.80314036,Bayesian ensemble,14.0,8
FreshSky-Safe,8,14,612.3921621621622,26.47243243243243,26.062905405405406,55.0,86.0,74.88153153153154,0.10103603603603603,0.03981981981981982,0.11182432432432432,0.04216216216216216,0.844676969774471,37.0,180.0,0.04279279279279279,475,11100,0.27540259779679643,0.3985812568729969,23.99722352912826,0.4064864864864865,True,True,0.3969158517;0.64914127;0.685168137;0.2123384503;0.8391928019;0.2547057577;0.6450583303;0.3536782427;0.3495021855;0.2638904463;0.8142278578;0.4332858251,1.177446822;0.7134614509;0.6676722331;2.128067317;0.4876767217;1.782678959;0.7188179662;1.310923092;1.325454306;1.723560971;0.5165166625;1.084128614,15.76162162;12.84081081;8.984864865;26.47243243;7.748918919;25.72783784;8.38972973;21.86810811;18.19027027;24.09540541;7.702432432;17.01945946,0.3220476172;0.1993835514;0.1755797521;0.3985812569;0.1186240675;0.3873713198;0.1832014438;0.3450916464;0.353573892;0.3954873687;0.1273143773;0.2985748805,0.11;0.1467567568;0.1551351351;0.04216216216;0.1724324324;0.04810810811;0.1621621622;0.07621621622;0.09324324324;0.06027027027;0.1810810811;0.09432432432,20.64085209;11.7596111;2.418100196;23.99429945;1.189090496;23.99722353;1.994089831;23.89230921;21.47088495;23.98541415;1.39819995;22.78578764,Bayesian ensemble,14.0,8
FreshSky-Safe,8,15,524.9837837837838,29.96189189189189,27.964945945945942,50.0,86.0,70.72792792792792,0.07763513513513513,0.03002252252252252,0.13445945945945947,0.03864864864864865,0.8523416994632969,30.0,157.0,0.07693693693693694,854,11100,0.2349573761560764,0.4018247928948783,23.999431536584854,0.4064864864864865,True,True,0.95;0.6682774533;0.3936552323;0.8783623152;0.2542081145;0.6112416568;0.1961261937;0.2603661895;0.4858854259;0.9440218225;0.777121657;0.6438927182,0.2609434761;0.6888292002;1.186565108;0.4408835581;1.786011998;0.7647485898;2.305041448;1.74572184;0.9708198352;0.349980936;0.5589976316;0.7203540735,5.112972973;9.367027027;15.45972973;7.186216216;23.46918919;10.61405405;29.96189189;26.33108108;13.36;5.064864865;8.659459459;10.38648649,0.06283801005;0.1988296178;0.3408969485;0.1043821613;0.4011286407;0.2178500037;0.4018247929;0.3996287562;0.2909835668;0.08267117246;0.1391450861;0.1793097572,0.2089189189;0.1691891892;0.102972973;0.1813513514;0.05540540541;0.1516216216;0.03864864865;0.05621621622;0.1305405405;0.2018918919;0.1651351351;0.1516216216,0.2609434761;3.843071605;23.9401669;0.7270684645;23.99943154;7.966200643;23.99896785;23.98341613;10.94099176;0.349980936;1.984964474;4.64601925,Bayesian ensemble,14.0,8
FreshSky-Safe,8,16,634.4056756756756,34.122972972972974,30.711189189189184,57.0,99.0,80.41036036036036,0.1038063063063063,0.04279279279279279,0.12373873873873874,0.030810810810810812,0.7760710611200996,34.0,219.0,0.14477477477477477,1607,11100,0.2699671953246314,0.40013126202382737,23.99979693762483,0.4064864864864865,True,True,0.3932789834;0.7735119064;0.901603995;0.8416273572;0.2260479039;0.7045979448;0.6624829137;0.1982197585;0.7522839954;0.3841282698;0.2247729528;0.2144342016,1.187626136;0.5631378354;0.4113518347;0.4848363331;2.00065631;0.6439160289;0.6962092138;2.280313362;0.5876051337;1.214015836;2.011774821;2.107404393,14.70081081;7.130810811;5.842432432;7.818378378;25.70162162;10.34162162;9.16;34.12297297;8.484324324;15.6772973;25.84189189;27.91972973,0.3376709987;0.1581351922;0.1053950106;0.1191124937;0.400131262;0.1903903069;0.202465166;0.3962814842;0.1670704326;0.3651890879;0.3996363495;0.3981285596,0.1078378378;0.1956756757;0.207027027;0.1767567568;0.04648648649;0.1835135135;0.1756756757;0.03081081081;0.1767567568;0.1021621622;0.04459459459;0.03756756757,18.47827954;1.883929696;0.4681110082;0.8241816656;23.99444238;4.653984693;3.346928993;23.99979694;2.463656471;23.78756774;23.96639505;23.99967442,Bayesian ensemble,14.0,8
FreshSky-Safe,8,17,528.1445945945947,34.979729729729726,33.87779729729729,56.0,107.0,83.0608108108108,0.0881981981981982,0.04279279279279279,0.14509009009009008,0.03486486486486486,0.8149782493700416,26.0,165.0,0.08342342342342342,926,11100,0.21314055021881048,0.4009451950511505,23.99966293736958,0.4064864864864865,True,True,0.6058267012;0.4606290406;0.8627452041;0.95;0.8920394043;0.9329954481;0.2434414901;0.2237143759;0.7874097494;0.2072792387;0.95;0.5223938409,0.772389876;1.022513998;0.4598691245;0.2139841101;0.4237308779;0.3673358894;1.861711545;2.021113381;0.5472165522;2.179902851;0.241873434;0.9032962107,10.72324324;13.77189189;5.234324324;4.44;6.917837838;4.927837838;29.55918919;34.97972973;8.930810811;32.97621622;5.07027027;12.52567568,0.2116765768;0.2937655081;0.1175773491;0.05627203761;0.1091393315;0.09074189267;0.3954879119;0.4009451951;0.1520374637;0.4000416314;0.05876870734;0.2712329973,0.1502702703;0.1151351351;0.2081081081;0.2272972973;0.1913513514;0.2097297297;0.04162162162;0.04162162162;0.1854054054;0.03486486486;0.2075675676;0.1281081081,4.413458264;15.21312991;0.6394764981;0.2139841101;0.6373087793;0.3673358894;23.99590539;23.99966294;2.313815179;23.99611406;0.241873434;8.259331793,Bayesian ensemble,14.0,8
FreshSky-Safe,8,18,421.08324324324326,28.627567567567567,26.64727027027027,44.0,74.0,62.212162162162166,0.05779279279279279,0.021306306306306307,0.1588963963963964,0.03891891891891892,0.8470347383282918,22.0,144.0,0.05459459459459459,606,11100,0.19076374874601998,0.39580604295711025,23.999626106394004,0.4064864864864865,True,True,0.95;0.2298402862;0.2514208534;0.95;0.8064515181;0.2889292384;0.86964094;0.95;0.4229897239;0.9113191376;0.93510967;0.8418183031,0.2641897105;1.968390267;1.804941085;0.3377909827;0.5254308787;1.582364629;0.451552802;0.2372894534;1.10910177;0.3983676074;0.3641087485;0.4846132827,5.022702703;28.62756757;20.16675676;4.557837838;8.459189189;25.02702703;5.814594595;4.782702703;12.51081081;4.972972973;5.584054054;7.841351351,0.0677610906;0.395806043;0.3931844633;0.08307832277;0.1368960451;0.3904591638;0.1166714807;0.0598995539;0.3258361147;0.0977615642;0.09319215805;0.1286189848,0.2121621622;0.03891891892;0.05891891892;0.2135135135;0.1794594595;0.05378378378;0.2027027027;0.2172972973;0.1194594595;0.2091891892;0.2086486486;0.1927027027,0.2641897105;23.99962611;23.98586033;0.3377909827;1.732324937;23.99438646;0.709316812;0.2372894534;16.18227435;0.3983676074;0.3641087485;1.399945351,Bayesian ensemble,14.0,8
FreshSky-Safe,8,19,644.1086486486487,36.80216216216216,30.134081081081074,53.0,86.0,72.9463963963964,0.0997072072072072,0.0343018018018018,0.10371621621621624,0.03,0.835897666947165,40.0,239.0,0.06855855855855855,761,11100,0.2936526883911786,0.3962815684459906,23.99596185790545,0.4064864864864865,True,True,0.8339118425;0.4218873338;0.3658373363;0.3670076204;0.481511622;0.1930715746;0.2120595117;0.3057773787;0.5446939528;0.4653449839;0.3623629999;0.8770434254,0.4938172966;1.111838862;1.270411673;1.266646367;0.9794527448;2.342239302;2.1308523;1.500722279;0.8655191693;1.012509865;1.281724896;0.4425090154,6.667567568;13.79189189;18.04459459;16.06972973;13.63162162;36.80216216;24.67837838;18.98189189;12.67243243;14.03378378;17.04702703;6.805405405,0.1202511849;0.2800631945;0.3419810881;0.3526069618;0.2615403546;0.3962815684;0.3916160983;0.3897821919;0.2467899253;0.2900703937;0.3498762553;0.1029730439,0.1891891892;0.09486486486;0.08837837838;0.09594594595;0.1108108108;0.03;0.04540540541;0.07027027027;0.1264864865;0.1154054054;0.09135135135;0.1864864865,1.150538373;11.03677725;22.46440855;23.93250107;15.48084607;23.99596186;23.98943338;23.97583927;7.90005591;9.125256482;23.8841925;0.910108185,Bayesian ensemble,14.0,8
Static-Geometry Safe,2,0,243.8654054054054,12.877297297297297,12.530945945945945,21.0,35.0,29.12162162162162,0.004324324324324324,0.0,0.1557207207207207,0.05891891891891892,0.8391966895164745,19.0,57.0,0.002072072072072072,23,11100,0.20990274542442036,0.3779751327451633,23.84833853276914,0.4064864864864865,True,True,0.95;0.2315765095;0.95;0.8081176242;0.6281327393;0.795200025;0.3394136806;0.9476946562;0.5005847781;0.95;0.23436609;0.2528380647,0.3369544871;1.95400716;0.2191119648;0.5235225351;0.7414402559;0.5383055036;1.361973486;0.3438720469;0.9427001774;0.2738400263;1.931388168;1.795260579,3.948648649;12.24756757;3.930810811;4.742162162;5.879189189;4.64027027;9.207027027;4.174864865;7.231081081;4.093783784;12.8772973;11.20081081,0.09216160566;0.3496088486;0.06105525289;0.1443224286;0.1927744665;0.1529078606;0.3706776488;0.0881985331;0.2552933994;0.06846000657;0.3653977616;0.3779751327,0.2321621622;0.06189189189;0.2348648649;0.2005405405;0.1564864865;0.2;0.0872972973;0.2218918919;0.1281081081;0.2186486486;0.05891891892;0.06783783784,0.3369544871;23.29479471;0.2191119648;0.7705676054;2.10720128;0.8149165108;18.22117808;0.3438720469;5.969701952;0.2738400263;23.36940841;23.84833853,Static geometry,2.0,2
Static-Geometry Safe,2,1,291.8883783783784,14.783513513513514,14.026594594594593,27.0,41.0,35.58468468468468,0.010945945945945945,0.00047297297297297297,0.1370945945945946,0.054864864864864867,0.7355377369075661,23.0,73.0,0.00963963963963964,107,11100,0.2677703380099072,0.3779830566198041,23.98732787780418,0.4064864864864865,True,True,0.5605092249;0.2181252996;0.2316669551;0.3707979081;0.95;0.95;0.2020086086;0.95;0.325972712;0.8362721814;0.2993435181;0.2334007936,0.8400796556;2.072097608;1.953264399;1.254604531;0.2976063768;0.2276934429;2.237061952;0.2579608484;1.414030367;0.4910760745;1.530799061;1.939147999,6.44;13.4072973;13.19;8.439189189;3.735945946;3.476216216;14.78351351;3.907567568;9.125675676;4.118378378;10.33486486;12.39459459,0.2579271591;0.3701774376;0.3779830566;0.3462030341;0.08702975666;0.07027727347;0.3766728638;0.07313538648;0.3752913028;0.1473228224;0.359117185;0.3721067781,0.1551351351;0.0572972973;0.05945945946;0.1005405405;0.2489189189;0.2667567568;0.05486486486;0.2456756757;0.08783783784;0.2262162162;0.07891891892;0.06351351351,6.64127449;23.82605367;23.96425396;14.87497217;0.2976063768;0.2276934429;23.98732788;0.2579608484;23.86630788;0.7643042981;21.01753236;23.91479987,Static geometry,2.0,2
Static-Geometry Safe,2,2,259.41648648648646,14.478378378378379,13.285175675675674,22.0,36.0,30.291891891891893,0.005765765765765766,0.00022522522522522523,0.1421171171171171,0.049189189189189186,0.8478265831890907,20.949999999999818,68.0,0.002162162162162162,24,11100,0.23174045825128942,0.374614762007081,23.98873231945008,0.4064864864864865,True,True,0.2983974043;0.4720337023;0.7619171253;0.95;0.6042558466;0.7527600943;0.6803453125;0.2438339011;0.7053294905;0.1925045361;0.95;0.2931742638,1.535332493;0.9986066978;0.5764720931;0.328976203;0.7746227687;0.5870535051;0.6736618433;1.858825842;0.6430324214;2.34929577;0.2710575607;1.560894842,10.32621622;7.657567568;4.958648649;4.077837838;6.113783784;5.052702703;5.738648649;12.30891892;5.444864865;14.47837838;4.14972973;9.762162162,0.3560311564;0.2642259344;0.1559590717;0.08917922475;0.2196160228;0.1599324144;0.1817066269;0.3657365441;0.1770946047;0.3638233719;0.07296576498;0.374614762,0.07621621622;0.1216216216;0.1883783784;0.227027027;0.152972973;0.1859459459;0.1667567568;0.06162162162;0.1713513514;0.04918918919;0.2248648649;0.07945945946,21.0325969;7.97492056;0.9294162793;0.328976203;2.743209836;1.14821402;2.315632903;23.97663478;1.544259371;23.98873232;0.2710575607;18.90505557,Static geometry,2.0,2
Static-Geometry Safe,2,3,307.1302702702703,12.856756756756758,12.446635135135136,26.0,37.0,32.972522522522524,0.0057432432432432436,0.0,0.12137387387387387,0.062162162162162166,0.7312913756365141,25.0,59.0,0.008198198198198198,91,11100,0.3056534488820789,0.38606593113871907,23.999022255807887,0.4064864864864865,True,True,0.2469621281;0.8215561338;0.8932287906;0.3220866759;0.225348274;0.2465631425;0.4834834838;0.2778755806;0.2645088005;0.3014458345;0.9387067142;0.2969367479,1.836175919;0.5080937316;0.4222105672;1.429873819;2.006740312;1.839030251;0.9755450403;1.641436133;1.719737046;1.520828652;0.3585144156;1.542388958,10.98459459;4.182702703;3.892162162;9.176486486;12.85675676;11.92054054;6.731081081;9.972162162;12.11108108;10.09756757;3.823513514;10.49297297,0.368723975;0.1583329926;0.1289453895;0.3860659311;0.3650097918;0.3752615782;0.3069011965;0.36777042;0.3788069439;0.3699312938;0.1048412426;0.3572506317,0.06891891892;0.2318918919;0.2524324324;0.08756756757;0.06216216216;0.06540540541;0.1408108108;0.08081081081;0.06351351351;0.08054054054;0.2472972973;0.07513513514,23.30233307;1.048562389;0.5332634034;23.99902226;23.99767838;23.65381677;8.066351208;22.26462597;23.9684455;22.14960678;0.3585144156;23.53117689,Static geometry,2.0,2
Static-Geometry Safe,2,4,285.1772972972973,12.632162162162162,12.157675675675675,24.0,35.0,30.455855855855855,0.0038963963963963965,2.2522522522522523e-05,0.11515765765765767,0.05972972972972973,0.8869887377254645,24.0,61.0,0.0007207207207207207,8,11100,0.2766743483889496,0.3637413124530823,23.997933097420244,0.4064864864864865,True,True,0.662118963;0.6741961796;0.3640876;0.2460798207;0.2372011855;0.4128728207;0.5024050881;0.4159209977;0.2309431598;0.4380235493;0.7287104513;0.5641011845,0.6966749552;0.6813572012;1.27608378;1.842501298;1.908996959;1.13470463;0.9393093506;1.126874486;1.959226317;1.072981387;0.6151471375;0.8344446437,5.659189189;5.83027027;9.986486486;11.64648649;12.63216216;7.948648649;7.1;9.113783784;11.76945946;7.808378378;5.444324324;6.328918919,0.2026006086;0.1883860586;0.3062601073;0.3555529531;0.3637413125;0.3100503733;0.2612295464;0.2865915923;0.3632511496;0.2743352412;0.1717424305;0.2363508072,0.1691891892;0.1683783784;0.08540540541;0.06621621622;0.05972972973;0.1075675676;0.1294594595;0.09675675676;0.06216216216;0.1121621622;0.1743243243;0.1505405405,2.773399642;2.369500408;16.24335121;22.97763367;23.9979331;9.837025021;5.325496362;8.42999178;20.10684739;8.208385782;1.7211771;5.682225012,Static geometry,2.0,2
Static-Geometry Safe,2,5,273.2537837837838,14.038108108108108,12.714094594594593,24.0,37.0,31.687837837837836,0.005855855855855856,0.00033783783783783786,0.13477477477477476,0.05459459459459459,0.8149932931047071,22.0,67.0,0.0009009009009009009,10,11100,0.2447402365082274,0.35770194848298636,23.974093157923424,0.4064864864864865,True,True,0.9411489522;0.4821824971;0.3825098869;0.7544254172;0.3523107703;0.8677360717;0.95;0.2189202535;0.8265150398;0.3376263363;0.2625732011;0.2699141276,0.3546353857;0.9781203331;1.218803669;0.5851252029;1.315645181;0.4538598372;0.2241414152;2.064668323;0.5023771293;1.368663091;1.731770293;1.687095206,4.282972973;7.412432432;8.549189189;5.229189189;10.06486486;4.565135135;3.947297297;14.03810811;4.521081081;9.288918919;11.63081081;11.25027027,0.09345121649;0.2728162659;0.3389591826;0.1551372497;0.348468183;0.118494217;0.06154802105;0.3521096518;0.1361849353;0.3577019485;0.3463540586;0.3556579082,0.2205405405;0.1216216216;0.09756756757;0.1786486486;0.08405405405;0.1994594595;0.2302702703;0.05459459459;0.2072972973;0.08405405405;0.06756756757;0.07162162162,0.3546353857;7.16548966;14.59147152;1.29587642;18.90064578;0.5615795117;0.2241414152;23.94004968;0.7071313878;20.52438422;23.9343523;23.97409316,Static geometry,2.0,2
Static-Geometry Safe,2,6,213.49891891891892,11.58081081081081,10.248324324324322,18.0,29.0,24.834234234234234,0.0018018018018018018,0.0,0.1579279279279279,0.07027027027027027,0.9052186156941414,18.0,56.0,0.0,0,11100,0.1721209463992218,0.343971493733554,20.315630515280645,0.4064864864864865,True,True,0.6600953202;0.4082536129;0.95;0.8542797728;0.5796663152;0.95;0.7238759829;0.298421524;0.95;0.3698913443;0.95;0.5870736138,0.6992694381;1.146768836;0.2551559305;0.4699577518;0.8105930222;0.2156180293;0.6208604762;1.535216558;0.2628816135;1.257463669;0.2571157349;0.7995478023,5.64027027;8.893513514;4.178648649;4.584324324;6.851891892;4.120540541;6.098918919;11.58081081;4.151081081;9.158108108;4.096486486;6.563783784,0.185400897;0.2876220217;0.06406482688;0.1186325784;0.2046199683;0.05407933275;0.1453149115;0.3439714937;0.06515201069;0.3170847575;0.06427893372;0.2152296246,0.1589189189;0.09702702703;0.2148648649;0.1986486486;0.1327027027;0.2156756757;0.1508108108;0.07027027027;0.2116216216;0.08891891892;0.2137837838;0.1418918919,1.896347191;10.48367811;0.2551559305;0.6098732553;3.716523245;0.2156180293;1.062581429;20.31563052;0.2628816135;15.4388374;0.2571157349;3.596382419,Static geometry,2.0,2
Static-Geometry Safe,2,7,231.6564864864865,15.076216216216217,13.284999999999998,21.0,37.0,30.94054054054054,0.007027027027027027,0.0006306306306306306,0.1647972972972973,0.05189189189189189,0.8481686074972363,18.0,75.0,0.006666666666666667,74,11100,0.18636976998832297,0.3677225873345636,23.997768847249727,0.4064864864864865,True,True,0.95;0.8194645516;0.5139536145;0.1957148488;0.2668165055;0.95;0.9166527097;0.2817874583;0.4060368001;0.95;0.95;0.8957240492,0.2129344738;0.5105004868;0.9182376412;2.309972111;1.705631049;0.2143947682;0.3910280632;1.619983796;1.152645744;0.2643493157;0.2202876177;0.4190042049,3.995135135;4.761621622;6.543513514;15.07621622;11.81945946;4.079459459;3.991081081;11.02567568;8.408918919;4.044864865;3.923783784;4.281891892,0.05645641049;0.1321782342;0.2695151563;0.3677225873;0.3503458371;0.05643797411;0.1049434775;0.3520181006;0.3043607816;0.06965961697;0.05989441714;0.1129046466,0.227027027;0.1910810811;0.1354054054;0.05189189189;0.06810810811;0.2281081081;0.2272972973;0.07243243243;0.1037837838;0.2245945946;0.2302702703;0.2175675676,0.2129344738;0.7315014605;7.164752825;23.99776885;23.93786294;0.2143947682;0.3910280632;20.91893055;10.13201806;0.2643493157;0.2202876177;0.4950210247,Static geometry,2.0,2
Static-Geometry Safe,2,8,259.28810810810813,13.712702702702703,13.51841891891892,23.0,37.0,31.381981981981983,0.006058558558558558,0.00047297297297297297,0.14993243243243246,0.055135135135135134,0.8176311159258666,20.0,75.0,0.004864864864864865,54,11100,0.2218299236620144,0.37077745089007574,23.962868090856134,0.4064864864864865,True,True,0.924502767;0.7675714746;0.2938168902;0.223720696;0.8564804989;0.95;0.4732619221;0.198994158;0.3554966144;0.365156396;0.95;0.8950142286,0.3798996382;0.5699618165;1.557699888;2.021057334;0.4673466129;0.2347890628;0.9960890923;2.271318822;1.304697623;1.272612991;0.2590903055;0.4199186836,4.055945946;4.725675676;10.84540541;13.35945946;4.691891892;3.937567568;7.582432432;13.7127027;9.237027027;9.335675676;3.951351351;3.991351351,0.1055504941;0.1543518217;0.3477459751;0.3676139421;0.1217627391;0.06415452501;0.274059107;0.3707774509;0.3413371078;0.3240003884;0.07030450451;0.1203010283,0.222972973;0.192972973;0.07486486486;0.05783783784;0.2010810811;0.2324324324;0.1208108108;0.05513513514;0.09;0.09216216216;0.2332432432;0.2256756757,0.3798996382;1.249809083;23.08869654;23.24229337;0.6693864514;0.2347890628;8.345247293;23.96286809;13.54092868;13.1236157;0.2590903055;0.4796747345,Static geometry,2.0,2
Static-Geometry Safe,2,9,284.7181081081081,13.777027027027026,13.272364864864864,24.0,39.0,33.21081081081081,0.008761261261261262,0.0009459459459459459,0.13835585585585589,0.05162162162162162,0.7862914090976186,22.0,79.0,0.005585585585585586,62,11100,0.25107753620227263,0.38682194671081027,23.981594780519657,0.4064864864864865,True,True,0.3257577326;0.6871221964;0.2523803769;0.1963495047;0.5437054116;0.2493362779;0.95;0.4363495231;0.95;0.6652629851;0.95;0.2127973752,1.414897118;0.6652565043;1.798374164;2.302374716;0.8671448273;1.819394726;0.209506079;1.076896197;0.2790122724;0.6926602831;0.247425482;2.123503268,9.718918919;5.805405405;12.04972973;13.77702703;6.385945946;12.2872973;3.714864865;6.979189189;3.879189189;5.353783784;3.872702703;12.85945946,0.3518122563;0.1796192562;0.3786306686;0.3634018471;0.2519407269;0.3727300547;0.05973754413;0.3155014804;0.0792545671;0.2048027972;0.06867728918;0.3868219467,0.08189189189;0.1691891892;0.0672972973;0.05162162162;0.1451351351;0.06378378378;0.2454054054;0.1227027027;0.2383783784;0.1778378378;0.2397297297;0.0572972973,19.16831265;2.122052034;23.85692645;23.43324603;4.610041374;23.89821014;0.209506079;8.430339149;0.2790122724;3.911923397;0.247425482;23.98159478,Static geometry,2.0,2
Static-Geometry Safe,2,10,313.907027027027,13.65081081081081,13.57039189189189,27.0,40.0,34.9954954954955,0.009436936936936938,0.0005630630630630631,0.1134009009009009,0.05324324324324324,0.8132821647979724,26.0,79.0,0.012972972972972972,144,11100,0.30185637843975893,0.38238386245404427,23.986671356403033,0.4064864864864865,True,True,0.2210551088;0.5230742899;0.4621770162;0.8877431859;0.3493760462;0.4491418585;0.5565464418;0.34857734;0.2223217792;0.6900300697;0.2104662511;0.2177243916,2.045012567;0.9021077578;1.019211399;0.4291816563;1.325898395;1.047619095;0.8463561798;1.328717478;2.03354937;0.6616731043;2.146920017;2.075867389,13.50459459;6.684594595;7.41;4.05972973;10.38459459;7.441081081;6.286486486;9.49027027;12.37;5.356216216;13.49027027;13.65081081,0.3719712047;0.2638055659;0.2922657553;0.1230707398;0.3207240711;0.312870027;0.2555080683;0.3533670267;0.3770310454;0.2001114064;0.3823838625;0.3691677681,0.05945945946;0.1443243243;0.1237837838;0.2318918919;0.08162162162;0.1256756757;0.1497297297;0.08972972973;0.06351351351;0.182972973;0.05324324324;0.05486486486,23.98667136;7.02950861;10.00687877;0.6334532504;15.00570046;10.57143013;4.805260676;18.03587392;23.94845592;2.755057939;23.74600084;23.96576729,Static geometry,2.0,2
Static-Geometry Safe,2,11,269.10135135135135,15.611891891891892,13.56678378378378,24.0,38.0,32.52477477477478,0.0075675675675675675,0.0008333333333333334,0.12907657657657656,0.05081081081081081,0.8503444628747582,23.0,72.0,0.0014414414414414415,16,11100,0.25051459556040495,0.36413769733433793,23.87153905097953,0.4064864864864865,True,True,0.95;0.2935060875;0.6227889451;0.4312530983;0.6153269509;0.4183303984;0.9434799305;0.4987828682;0.6260188518;0.4351735249;0.2492611008;0.2092716103,0.3358641596;1.559243329;0.7487311135;1.088976442;0.7590395275;1.120756955;0.3508668233;0.9460759936;0.7443154627;1.079661914;1.819920828;2.159149808,4.12972973;10.95405405;6.012972973;7.527837838;6.423513514;8.277567568;3.989459459;7.727297297;6.609459459;7.987297297;11.89351351;15.61189189,0.08850474477;0.3485119548;0.1987172847;0.3081509014;0.1973502771;0.3026043777;0.0947340423;0.2516050751;0.1858776993;0.3034725381;0.362508554;0.3641376973,0.2237837838;0.07297297297;0.1597297297;0.1167567568;0.1478378378;0.1027027027;0.2297297297;0.1227027027;0.1448648649;0.1118918919;0.06513513514;0.05081081081,0.3358641596;18.36216643;3.189848908;7.289764424;2.554237165;10.09816691;0.3508668233;8.559747854;2.121577314;9.501743377;22.93707062;23.87153905,Static geometry,2.0,2
Static-Geometry Safe,2,12,285.75216216216216,12.268648648648648,11.745108108108107,23.0,34.0,29.787387387387387,0.0038063063063063065,4.5045045045045046e-05,0.11824324324324324,0.06135135135135135,0.8368132620807144,24.0,62.0,0.0008108108108108108,9,11100,0.2710119871171904,0.3729913827092444,23.81216369269013,0.4064864864864865,True,True,0.2277146089;0.9318683167;0.4490225566;0.364868936;0.3264467419;0.2532754659;0.5108922966;0.7249468559;0.885090931;0.3371942215;0.4510893652;0.3770521179,1.986329388;0.369039043;1.047885528;1.273544601;1.412123145;1.792296255;0.9237509324;0.6195927545;0.4325165816;1.370290719;1.043286736;1.235229773,12.26864865;4.193513514;7.473243243;9.057027027;9.88027027;11.31675676;7.617297297;5.503513514;4.31;10.03567568;8.374054054;8.996756757,0.3602235188;0.09674807344;0.3067189263;0.3328426025;0.3392912098;0.3729913827;0.2494127517;0.1582473387;0.116779477;0.3288697725;0.2752021229;0.3148166691,0.06135135135;0.2213513514;0.1154054054;0.08891891892;0.08027027027;0.06810810811;0.1256756757;0.1683783784;0.2135135135;0.07837837838;0.102972973;0.09459459459,23.81216369;0.369039043;11.01965008;11.72380282;15.92129524;23.376294;7.89377331;1.278371018;0.4975497449;14.63337306;7.006014307;12.83304204,Static geometry,2.0,2
Static-Geometry Safe,2,13,209.22513513513513,11.742162162162161,11.02954054054054,18.0,31.0,25.95,0.00268018018018018,6.756756756756757e-05,0.16148648648648647,0.06108108108108108,0.8984789043614891,17.0,63.0,0.00018018018018018018,2,11100,0.17727900552310008,0.3534770441057619,23.702294831743025,0.4064864864864865,True,True,0.931036637;0.7159624459;0.6775674106;0.3509019354;0.95;0.7562371291;0.2357345475;0.5713184825;0.95;0.8385292043;0.9458583108;0.3749843981,0.3702883284;0.6302691506;0.6771299559;1.320546841;0.2764601871;0.5830294735;1.920506701;0.8232731646;0.2265612916;0.488449848;0.3469497415;1.241568686,4.252702703;5.341351351;6.309189189;10.44648649;4.066756757;5.260540541;11.74216216;6.25027027;3.989189189;4.530810811;4.527567568;9.558918919,0.09247200418;0.1698319846;0.1639752542;0.3226417147;0.0739717798;0.1545815982;0.3534770441;0.2265113734;0.06080415204;0.1295052165;0.07857942793;0.3009965166,0.2105405405;0.1716216216;0.15;0.08189189189;0.2221621622;0.1783783784;0.06108108108;0.147027027;0.2291891892;0.1981081081;0.1967567568;0.09108108108,0.3702883284;1.551345753;1.539909691;14.52593465;0.2764601871;1.315147367;23.70229483;4.256004811;0.2265612916;0.6653495441;0.3469497415;12.43137372,Static geometry,2.0,2
Static-Geometry Safe,2,14,285.50567567567566,13.572432432432432,13.01039189189189,24.0,38.0,32.66036036036036,0.007117117117117117,0.0006081081081081081,0.12400900900900902,0.05702702702702703,0.8418662861555538,23.0,83.0,0.005315315315315316,59,11100,0.26788461466868035,0.3676173097098791,23.99699570124689,0.4064864864864865,True,True,0.3969158517;0.64914127;0.685168137;0.2123384503;0.8391928019;0.2547057577;0.6450583303;0.3536782427;0.3495021855;0.2638904463;0.8142278578;0.4332858251,1.177446822;0.7134614509;0.6676722331;2.128067317;0.4876767217;1.782678959;0.7188179662;1.310923092;1.325454306;1.723560971;0.5165166625;1.084128614,8.661621622;5.817027027;5.177837838;13.57243243;4.524324324;12.55054054;5.393513514;10.29162162;9.63027027;11.30081081;4.734594595;8.278108108,0.3201382439;0.201504653;0.1846023499;0.3663726705;0.1325953465;0.3676173097;0.1999091046;0.3362340579;0.3492751213;0.3367931302;0.1365279178;0.2830454706,0.1013513514;0.1662162162;0.1743243243;0.05702702703;0.2102702703;0.06405405405;0.1710810811;0.08216216216;0.08324324324;0.06891891892;0.1981081081;0.1113513514,12.79404279;2.734614509;2.273705632;23.92437558;0.750706887;23.9969957;2.231725763;18.32261625;14.58360553;15.27121941;0.7495499874;12.7223021,Static geometry,2.0,2
Static-Geometry Safe,2,15,257.4967567567568,14.002432432432432,13.297837837837838,21.0,36.0,30.166216216216217,0.006486486486486486,0.0007432432432432432,0.14324324324324325,0.052702702702702706,0.8538262093338292,21.0,79.0,0.006846846846846847,76,11100,0.22759955060647494,0.3793406375663476,23.99554779097663,0.4064864864864865,True,True,0.95;0.6682774533;0.3936552323;0.8783623152;0.2542081145;0.6112416568;0.1961261937;0.2603661895;0.4858854259;0.9440218225;0.777121657;0.6438927182,0.2609434761;0.6888292002;1.186565108;0.4408835581;1.786011998;0.7647485898;2.305041448;1.74572184;0.9708198352;0.349980936;0.5589976316;0.7203540735,4.011351351;5.244864865;8.442702703;4.63972973;12.72135135;5.818648649;14.00243243;11.5672973;7.121891892;4.153243243;5.217297297;6.279189189,0.0697494859;0.1984572777;0.3219760455;0.1106975204;0.3678219305;0.215369738;0.3756594575;0.3793406376;0.2741910075;0.09184634835;0.1417134536;0.1843717048,0.2259459459;0.1794594595;0.09675675676;0.2032432432;0.06351351351;0.1589189189;0.0527027027;0.06459459459;0.1281081081;0.2191891892;0.1783783784;0.1481081081,0.2609434761;2.199462802;10.62229963;0.5635342323;23.99554779;2.588491539;23.8075283;23.99223683;9.133117363;0.349980936;1.671981053;3.123894809,Static geometry,2.0,2
Static-Geometry Safe,2,16,289.1686486486486,13.901891891891891,13.639378378378378,25.0,41.0,34.51801801801802,0.01096846846846847,0.0003828828828828829,0.1364189189189189,0.054864864864864867,0.8058880102022662,22.0,67.0,0.007837837837837838,87,11100,0.262355720489343,0.38333916513130406,23.944019376699977,0.4064864864864865,True,True,0.3932789834;0.7735119064;0.901603995;0.8416273572;0.2260479039;0.7045979448;0.6624829137;0.1982197585;0.7522839954;0.3841282698;0.2247729528;0.2144342016,1.187626136;0.5631378354;0.4113518347;0.4848363331;2.00065631;0.6439160289;0.6962092138;2.280313362;0.5876051337;1.214015836;2.011774821;2.107404393,8.667297297;4.746756757;3.879189189;4.814864865;13.02594595;5.214864865;5.128918919;13.90189189;4.698918919;8.455405405;12.98513514;13.42459459,0.3168072963;0.174572729;0.1145114567;0.1280229993;0.3768803914;0.1902162756;0.2043468125;0.3833391651;0.1688173668;0.3507521428;0.3566822385;0.383319772,0.1010810811;0.2086486486;0.2291891892;0.1989189189;0.06108108108;0.1875675676;0.1794594595;0.05486486486;0.2010810811;0.1008108108;0.05864864865;0.05567567568,16.28029771;1.141964848;0.4340555041;0.9090179988;23.69385235;1.619580144;2.265882924;23.94005515;1.50084107;12.7924434;23.93038278;23.94401938,Static geometry,2.0,2
Static-Geometry Safe,2,17,243.45486486486487,13.957837837837838,13.756716216216216,22.0,38.0,31.504504504504503,0.007792792792792793,0.00015765765765765765,0.1575900900900901,0.054864864864864867,0.8390499189879439,19.0,66.0,0.005135135135135135,57,11100,0.20302793685432355,0.36982648254776046,23.96338758540791,0.4064864864864865,True,True,0.6058267012;0.4606290406;0.8627452041;0.95;0.8920394043;0.9329954481;0.2434414901;0.2237143759;0.7874097494;0.2072792387;0.95;0.5223938409,0.772389876;1.022513998;0.4598691245;0.2139841101;0.4237308779;0.3673358894;1.861711545;2.021113381;0.5472165522;2.179902851;0.241873434;0.9032962107,6.372972973;7.804594595;4.284054054;3.563513514;4.39027027;4.050810811;12.68081081;13.95783784;4.650540541;13.59216216;4.049189189;6.735945946,0.2095890366;0.2793950411;0.1265261537;0.06130355587;0.1146363808;0.09967708998;0.3698264825;0.3441355216;0.1493753291;0.3646918554;0.06327932003;0.2538994754,0.1478378378;0.1159459459;0.2137837838;0.2467567568;0.2124324324;0.2240540541;0.05891891892;0.05486486486;0.1951351351;0.05540540541;0.2240540541;0.1418918919,2.703017768;7.87279396;0.5796073736;0.2139841101;0.4711926338;0.3673358894;23.84998147;21.73014301;0.8416496567;23.96338759;0.241873434;5.432962107,Static geometry,2.0,2
Static-Geometry Safe,2,18,221.36135135135135,13.155945945945946,12.464135135135134,20.0,34.0,28.416216216216217,0.004211711711711712,0.00013513513513513514,0.16871621621621624,0.05783783783783784,0.8576798667404473,17.0,63.0,0.0017117117117117118,19,11100,0.1813594323939233,0.3683055456611065,23.976977113231378,0.4064864864864865,True,True,0.95;0.2298402862;0.2514208534;0.95;0.8064515181;0.2889292384;0.86964094;0.95;0.4229897239;0.9113191376;0.93510967;0.8418183031,0.2641897105;1.968390267;1.804941085;0.3377909827;0.5254308787;1.582364629;0.451552802;0.2372894534;1.10910177;0.3983676074;0.3641087485;0.4846132827,3.791351351;13.15594595;11.89810811;3.961081081;4.968378378;11.05486486;4.358378378;3.932432432;8.245945946;4.02972973;4.199189189;4.532432432,0.07168823495;0.3575022323;0.3683055457;0.08956025785;0.1367540368;0.3361455671;0.1213090501;0.0636833587;0.2997572352;0.1049752479;0.0976205077;0.1290119145,0.232972973;0.05783783784;0.0627027027;0.2245945946;0.1845945946;0.0727027027;0.2108108108;0.2297297297;0.1037837838;0.2227027027;0.2213513514;0.2008108108,0.2641897105;23.97697711;23.95317363;0.3377909827;0.9017235147;17.95350219;0.554658406;0.2372894534;13.41844249;0.3983676074;0.3641087485;0.6538398482,Static geometry,2.0,2
Static-Geometry Safe,2,19,305.0535135135135,14.294324324324325,14.069418918918918,25.0,37.0,32.51126126126126,0.006711711711711712,0.00018018018018018018,0.11358108108108106,0.05189189189189189,0.8419361162943411,25.0,63.0,0.006306306306306306,70,11100,0.286578919015394,0.36589576128080287,23.947898294291882,0.4064864864864865,True,True,0.8339118425;0.4218873338;0.3658373363;0.3670076204;0.481511622;0.1930715746;0.2120595117;0.3057773787;0.5446939528;0.4653449839;0.3623629999;0.8770434254,0.4938172966;1.111838862;1.270411673;1.266646367;0.9794527448;2.342239302;2.1308523;1.500722279;0.8655191693;1.012509865;1.281724896;0.4425090154,4.392162162;8.928378378;9.477027027;8.68972973;7.747837838;13.88540541;14.29432432;9.945945946;6.448918919;7.422432432;9.027027027;4.452702703,0.13720113;0.293585559;0.3261867809;0.3474719089;0.2755703533;0.3658957613;0.3536063005;0.3658517555;0.2444506843;0.2865129266;0.328398703;0.1142151648,0.2083783784;0.09783783784;0.09324324324;0.09324324324;0.1197297297;0.05189189189;0.05486486486;0.07810810811;0.1454054054;0.1189189189;0.09297297297;0.2083783784,0.7752691863;9.619649281;15.16252215;18.39817307;6.471243917;23.91629;23.94789829;23.93250255;8.63453674;10.4253354;13.17864646;0.5700360617,Static geometry,2.0,2
Static-Geometry Safe,4,0,261.7335135135135,13.687027027027026,13.550864864864865,23.0,38.0,32.63648648648649,0.008198198198198198,0.0012162162162162162,0.15425675675675674,0.062162162162162166,0.84528312392625,20.0,93.0,0.0045045045045045045,50,11100,0.21280225787144938,0.38767924398380676,23.994436734742912,0.4064864864864865,True,True,0.95;0.2315765095;0.95;0.8081176242;0.6281327393;0.795200025;0.3394136806;0.9476946562;0.5005847781;0.95;0.23436609;0.2528380647,0.3369544871;1.95400716;0.2191119648;0.5235225351;0.7414402559;0.5383055036;1.361973486;0.3438720469;0.9427001774;0.2738400263;1.931388168;1.795260579,4.116486486;13.43945946;3.936486486;4.945675676;6.292702703;4.80027027;9.968648649;4.321621622;7.911351351;4.294054054;13.68702703;12.39810811,0.08997595494;0.3744300206;0.05933788884;0.1429075028;0.1963814732;0.1517439568;0.3706776488;0.08633976528;0.2535099126;0.06846000657;0.37218372;0.387679244,0.2259459459;0.06216216216;0.2308108108;0.1964864865;0.1589189189;0.1975675676;0.08513513514;0.217027027;0.1286486486;0.2172972973;0.06297297297;0.06810810811,0.3369544871;23.99443673;0.2191119648;0.8940901405;1.765761024;0.8149165108;17.61564028;0.3438720469;5.483202839;0.2738400263;23.9869149;23.95069934,Static geometry,2.0,4
Static-Geometry Safe,4,1,317.6564864864865,15.358108108108109,15.256432432432433,29.0,45.0,38.583333333333336,0.01587837837837838,0.0014864864864864865,0.13418918918918918,0.054864864864864867,0.745053123325099,25.0,72.0,0.01009009009009009,112,11100,0.2726771840903936,0.3888777878508658,23.98073829109336,0.4064864864864865,True,True,0.5605092249;0.2181252996;0.2316669551;0.3707979081;0.95;0.95;0.2020086086;0.95;0.325972712;0.8362721814;0.2993435181;0.2334007936,0.8400796556;2.072097608;1.953264399;1.254604531;0.2976063768;0.2276934429;2.237061952;0.2579608484;1.414030367;0.4910760745;1.530799061;1.939147999,6.420540541;15.35810811;14.12243243;9.307027027;3.846216216;3.637837838;15.17324324;4.003243243;9.490810811;4.498648649;11.98378378;13.23405405,0.2511157025;0.386978229;0.3869575147;0.3587490794;0.08252544393;0.06800033904;0.3736498071;0.07062549714;0.3791130065;0.1457301432;0.3798036588;0.3888777879,0.1578378378;0.06027027027;0.06054054054;0.09513513514;0.2386486486;0.2581081081;0.05486486486;0.2378378378;0.08972972973;0.2189189189;0.07459459459;0.06378378378,3.481354146;23.97717519;23.98073829;14.89274046;0.2976063768;0.2276934429;23.94392986;0.2579608484;22.21733614;0.7643042981;23.84794363;23.91399193,Static geometry,2.0,4
Static-Geometry Safe,4,2,285.10783783783785,17.57162162162162,14.93043243243243,25.0,41.0,34.516666666666666,0.010067567567567567,0.001644144144144144,0.14051801801801803,0.047027027027027025,0.8524364122737148,22.0,81.0,0.0036936936936936937,41,11100,0.23500463798828153,0.3834738948923835,23.97663478470946,0.4064864864864865,True,True,0.2983974043;0.4720337023;0.7619171253;0.95;0.6042558466;0.7527600943;0.6803453125;0.2438339011;0.7053294905;0.1925045361;0.95;0.2931742638,1.535332493;0.9986066978;0.5764720931;0.328976203;0.7746227687;0.5870535051;0.6736618433;1.858825842;0.6430324214;2.34929577;0.2710575607;1.560894842,11.29324324;8.188378378;5.356756757;4.241081081;6.790810811;5.431081081;6.294054054;12.76945946;5.906756757;17.57162162;4.350810811;10.48675676,0.3680648435;0.2642259344;0.1562706782;0.0853559878;0.2171037327;0.1610430561;0.1789755654;0.3813104903;0.1751828867;0.3784271024;0.07062148337;0.3834738949,0.07675675676;0.1213513514;0.1878378378;0.2205405405;0.1505405405;0.182972973;0.1608108108;0.06540540541;0.1756756757;0.04702702703;0.2189189189;0.07837837838,21.55462968;7.169347351;0.9294162793;0.328976203;2.247736612;1.335267526;1.494647373;23.97663478;1.372129686;23.92112657;0.2710575607;19.93637503,Static geometry,2.0,4
Static-Geometry Safe,4,3,336.87405405405406,14.428648648648648,13.471054054054052,28.0,41.0,35.82072072072072,0.01036036036036036,0.00047297297297297297,0.11772522522522522,0.05918918918918919,0.7408865746608626,27.0,80.0,0.014504504504504504,161,11100,0.31092330413029295,0.3945678835762085,23.979351050648972,0.4064864864864865,True,True,0.2469621281;0.8215561338;0.8932287906;0.3220866759;0.225348274;0.2465631425;0.4834834838;0.2778755806;0.2645088005;0.3014458345;0.9387067142;0.2969367479,1.836175919;0.5080937316;0.4222105672;1.429873819;2.006740312;1.839030251;0.9755450403;1.641436133;1.719737046;1.520828652;0.3585144156;1.542388958,12.37027027;4.451891892;4.13;10.0372973;14.42864865;12.68756757;7.310810811;11.26675676;12.02702703;10.91027027;4.123783784;11.72864865,0.3831156241;0.1510548932;0.1220987316;0.3945678836;0.3812806592;0.379734895;0.2982003893;0.3899519893;0.3904267888;0.3765078501;0.09980266165;0.3643372837,0.0672972973;0.2205405405;0.2421621622;0.08810810811;0.05918918919;0.06594594595;0.1394594595;0.07405405405;0.06918918919;0.07864864865;0.2367567568;0.07135135135,23.97935105;0.8323749262;0.4888422689;23.92918014;23.95723651;23.86860328;9.206067296;23.88393084;23.95132251;23.84535117;0.3585144156;23.97567877,Static geometry,2.0,4
Static-Geometry Safe,4,4,310.3781081081081,13.59108108108108,13.485391891891892,26.0,39.0,33.79144144144144,0.0075,0.00024774774774774777,0.1145045045045045,0.061621621621621624,0.895457665976826,26.0,71.0,0.002162162162162162,24,11100,0.2793906618837103,0.3844319746667468,23.965494941475857,0.4064864864864865,True,True,0.662118963;0.6741961796;0.3640876;0.2460798207;0.2372011855;0.4128728207;0.5024050881;0.4159209977;0.2309431598;0.4380235493;0.7287104513;0.5641011845,0.6966749552;0.6813572012;1.27608378;1.842501298;1.908996959;1.13470463;0.9393093506;1.126874486;1.959226317;1.072981387;0.6151471375;0.8344446437,5.947027027;6.254864865;10.80027027;12.66351351;13.59108108;8.431891892;7.851351351;9.672432432;13.39891892;8.528918919;5.654864865;6.926756757,0.1958221496;0.1852554985;0.3172965075;0.3704921529;0.3709645442;0.311277081;0.260975679;0.2853733496;0.3844319747;0.276655201;0.1665884951;0.2275553096,0.1651351351;0.1627027027;0.08675675676;0.06702702703;0.0627027027;0.1083783784;0.127027027;0.1002702703;0.06162162162;0.1105405405;0.1721621622;0.1497297297,1.973399642;1.244071604;22.51076475;23.66507527;23.93258338;9.371729651;5.343424414;7.991238697;23.96549494;8.481367169;1.26058855;2.67555715,Static geometry,2.0,4
Static-Geometry Safe,4,5,292.11405405405407,14.554864864864864,13.48177027027027,25.0,41.0,34.93333333333333,0.010135135135135136,0.0014864864864864865,0.13409909909909912,0.05837837837837838,0.8269643523311038,23.0,90.0,0.0018918918918918919,21,11100,0.2484731263955161,0.3721283972842641,23.977282886552214,0.4064864864864865,True,True,0.9411489522;0.4821824971;0.3825098869;0.7544254172;0.3523107703;0.8677360717;0.95;0.2189202535;0.8265150398;0.3376263363;0.2625732011;0.2699141276,0.3546353857;0.9781203331;1.218803669;0.5851252029;1.315645181;0.4538598372;0.2241414152;2.064668323;0.5023771293;1.368663091;1.731770293;1.687095206,4.385405405;7.75;9.337027027;5.544054054;10.71216216;4.803513514;4.217567568;14.55486486;4.694594595;9.825675676;12.49513514;12.60378378,0.09076748925;0.26911527;0.3412650274;0.1537139722;0.3495349223;0.1157955909;0.05833734672;0.3649440765;0.1349629369;0.3721283973;0.3608634854;0.3702490019,0.2156756757;0.127027027;0.1018918919;0.1791891892;0.08486486486;0.1964864865;0.2208108108;0.05837837838;0.202972973;0.08594594595;0.0672972973;0.06864864865,0.3546353857;4.759323664;11.45812842;0.9553756086;19.05983916;0.5077196745;0.2241414152;23.63341613;0.7071313878;20.69304731;23.90152846;23.97728289,Static geometry,2.0,4
Static-Geometry Safe,4,6,220.7781081081081,12.14054054054054,10.836743243243241,20.0,30.0,26.477027027027027,0.0025675675675675674,0.0003153153153153153,0.15934684684684686,0.07081081081081081,0.9064826052768926,19.0,74.0,0.0,0,11100,0.17246866379715983,0.3576639657398362,23.38606363184067,0.4064864864864865,True,True,0.6600953202;0.4082536129;0.95;0.8542797728;0.5796663152;0.95;0.7238759829;0.298421524;0.95;0.3698913443;0.95;0.5870736138,0.6992694381;1.146768836;0.2551559305;0.4699577518;0.8105930222;0.2156180293;0.6208604762;1.535216558;0.2628816135;1.257463669;0.2571157349;0.7995478023,5.794864865;8.842432432;4.310810811;4.594864865;7.321621622;4.372972973;6.485405405;12.14054054;4.198918919;9.77;4.117027027;6.969189189,0.1863458557;0.286072334;0.06337521626;0.1197757189;0.1993620676;0.05419588304;0.1419589089;0.3576639657;0.06579145245;0.3187840328;0.06539078554;0.2109077446,0.1613513514;0.1013513514;0.2148648649;0.2040540541;0.1302702703;0.2108108108;0.1521621622;0.07081081081;0.2140540541;0.09;0.2189189189;0.1435135135,1.896347191;7.067688364;0.2551559305;0.5399155036;2.474151156;0.2156180293;1.062581429;23.38606363;0.2628816135;10.34927337;0.2571157349;2.396382419,Static geometry,2.0,4
Static-Geometry Safe,4,7,260.32540540540543,18.85864864864865,15.64828378378378,24.0,42.0,35.77522522522523,0.01132882882882883,0.00277027027027027,0.16218468468468467,0.046486486486486484,0.8475708409379401,19.0,123.0,0.012522522522522523,139,11100,0.19104109246667536,0.38645209093394767,23.96813140957174,0.4064864864864865,True,True,0.95;0.8194645516;0.5139536145;0.1957148488;0.2668165055;0.95;0.9166527097;0.2817874583;0.4060368001;0.95;0.95;0.8957240492,0.2129344738;0.5105004868;0.9182376412;2.309972111;1.705631049;0.2143947682;0.3910280632;1.619983796;1.152645744;0.2643493157;0.2202876177;0.4190042049,4.212702703;4.969459459;6.958108108;18.85864865;13.02162162;4.361081081;4.284324324;11.70081081;9.214054054;4.166756757;3.955405405;4.573783784,0.05455726518;0.1314883686;0.2633108479;0.3864520909;0.3752388308;0.05487347175;0.1037809617;0.368655772;0.315887239;0.06801636446;0.0583464501;0.1118854472,0.2197297297;0.1908108108;0.1375675676;0.04648648649;0.06621621622;0.2162162162;0.2213513514;0.07189189189;0.1045945946;0.2227027027;0.2332432432;0.2154054054,0.2129344738;0.7315014605;4.055326977;23.96813141;23.94485287;0.2143947682;0.3910280632;20.6591412;13.72699571;0.2643493157;0.2202876177;0.4950210247,Static geometry,2.0,4
Static-Geometry Safe,4,8,277.9367567567568,15.275945945945946,14.427013513513511,25.0,39.0,33.30900900900901,0.00813063063063063,0.0007432432432432432,0.14844594594594596,0.05810810810810811,0.8246292523817303,22.0,75.0,0.002702702702702703,30,11100,0.22522378647456975,0.3779923446633866,23.868245828651673,0.4064864864864865,True,True,0.924502767;0.7675714746;0.2938168902;0.223720696;0.8564804989;0.95;0.4732619221;0.198994158;0.3554966144;0.365156396;0.95;0.8950142286,0.3798996382;0.5699618165;1.557699888;2.021057334;0.4673466129;0.2347890628;0.9960890923;2.271318822;1.304697623;1.272612991;0.2590903055;0.4199186836,4.263783784;4.966756757;12.04108108;15.27594595;4.884054054;4.157567568;8.077027027;13.73243243;9.907027027;9.747027027;4.213783784;4.073513514,0.1023675512;0.1554301278;0.3683749736;0.3779923447;0.1201207105;0.0621239169;0.272982254;0.3732329307;0.3575576728;0.3264080346;0.06806372349;0.1180311976,0.2172972973;0.1948648649;0.07486486486;0.05810810811;0.1983783784;0.2216216216;0.1216216216;0.05864864865;0.09027027027;0.09108108108;0.2237837838;0.2308108108,0.3798996382;0.9098854496;23.81228894;23.78969471;0.6020398386;0.2347890628;6.5491582;23.86824583;15.14092868;15.26632747;0.2590903055;0.4597560509,Static geometry,2.0,4
Static-Geometry Safe,4,9,303.167027027027,15.342702702702702,14.240472972972972,26.0,40.0,34.57792792792793,0.00963963963963964,0.0009234234234234234,0.1373198198198198,0.05189189189189189,0.7964632518517087,24.0,77.0,0.005495495495495496,61,11100,0.2543641525129949,0.39140370176405986,23.981594780519664,0.4064864864864865,True,True,0.3257577326;0.6871221964;0.2523803769;0.1963495047;0.5437054116;0.2493362779;0.95;0.4363495231;0.95;0.6652629851;0.95;0.2127973752,1.414897118;0.6652565043;1.798374164;2.302374716;0.8671448273;1.819394726;0.209506079;1.076896197;0.2790122724;0.6926602831;0.247425482;2.123503268,10.61648649;6.045945946;12.1727027;15.3427027;7.088648649;12.79243243;3.834864865;7.812972973;4.032972973;5.793243243;4.008918919;13.33864865,0.3594603488;0.1767424713;0.3718260096;0.3914037018;0.2512376365;0.3810894359;0.05798222293;0.3248151772;0.07736934904;0.2036795643;0.06707236714;0.3896915457,0.08324324324;0.1691891892;0.07;0.05189189189;0.1445945946;0.06513513514;0.2394594595;0.1216216216;0.2345945946;0.1751351351;0.2332432432;0.05972972973,16.44057606;1.461026017;23.83416475;23.96623014;3.80717241;23.97578904;0.209506079;9.107235345;0.2790122724;1.863301415;0.247425482;23.98159478,Static geometry,2.0,4
Static-Geometry Safe,4,10,327.74783783783784,14.267027027027027,14.244283783783784,28.0,42.0,36.0527027027027,0.011486486486486487,0.0002702702702702703,0.11398648648648652,0.05675675675675676,0.8262670824692826,27.0,69.0,0.0090990990990991,101,11100,0.30511973421704447,0.39406889148835256,23.942200588466108,0.4064864864864865,True,True,0.2210551088;0.5230742899;0.4621770162;0.8877431859;0.3493760462;0.4491418585;0.5565464418;0.34857734;0.2223217792;0.6900300697;0.2104662511;0.2177243916,2.045012567;0.9021077578;1.019211399;0.4291816563;1.325898395;1.047619095;0.8463561798;1.328717478;2.03354937;0.6616731043;2.146920017;2.075867389,13.15027027;7.637027027;8.065405405;4.277297297;12.09162162;7.666216216;6.521621622;10.05891892;12.14891892;5.658378378;14.26702703;14.22567568,0.3830253267;0.2616112498;0.2864810419;0.1199388737;0.3468836881;0.3106049046;0.2440708227;0.3540852524;0.3940688915;0.1931370142;0.3905073436;0.3770224015,0.0627027027;0.1410810811;0.1227027027;0.227027027;0.07756756757;0.1289189189;0.1510810811;0.09486486486;0.06594594595;0.1813513514;0.05675675676;0.05783783784,23.8905278;4.927400852;6.84974819;0.5167266252;19.52515505;8.723811034;4.080767417;18.89535358;23.86077003;2.755057939;23.94220059;23.93122601,Static geometry,2.0,4
Static-Geometry Safe,4,11,284.9218918918919,16.304324324324323,14.472229729729726,25.0,39.0,34.18648648648649,0.008648648648648649,0.0012837837837837837,0.12912162162162164,0.051351351351351354,0.8557085335575285,24.0,83.0,0.002162162162162162,24,11100,0.25132504122145377,0.36988661143136015,23.974494237357654,0.4064864864864865,True,True,0.95;0.2935060875;0.6227889451;0.4312530983;0.6153269509;0.4183303984;0.9434799305;0.4987828682;0.6260188518;0.4351735249;0.2492611008;0.2092716103,0.3358641596;1.559243329;0.7487311135;1.088976442;0.7590395275;1.120756955;0.3508668233;0.9460759936;0.7443154627;1.079661914;1.819920828;2.159149808,4.266756757;11.11486486;6.688918919;7.907567568;6.931081081;9.131621622;4.01027027;7.985945946;6.857027027;8.305945946;12.97324324;16.30432432,0.0874154556;0.3560974629;0.204383358;0.3057963577;0.197555423;0.302907285;0.09264780714;0.2493038091;0.1834637032;0.3046397402;0.3698866114;0.3618034813,0.2224324324;0.07702702703;0.1521621622;0.1189189189;0.15;0.09783783784;0.2272972973;0.1281081081;0.1459459459;0.1127027027;0.06567567568;0.05135135135,0.3358641596;18.70335323;2.287311135;6.223623078;2.113276692;7.777409955;0.3508668233;4.514683943;2.065892776;7.472900202;23.5490742;23.97449424,Static geometry,2.0,4
Static-Geometry Safe,4,12,306.8683783783784,13.788918918918919,13.12089189189189,25.0,38.0,33.29144144144144,0.007387387387387387,0.0005405405405405405,0.11891891891891893,0.06054054054054054,0.8437316822844674,25.0,70.0,0.0017117117117117118,19,11100,0.27274664062178405,0.38169735000316324,23.899553928498406,0.4064864864864865,True,True,0.2277146089;0.9318683167;0.4490225566;0.364868936;0.3264467419;0.2532754659;0.5108922966;0.7249468559;0.885090931;0.3371942215;0.4510893652;0.3770521179,1.986329388;0.369039043;1.047885528;1.273544601;1.412123145;1.792296255;0.9237509324;0.6195927545;0.4325165816;1.370290719;1.043286736;1.235229773,13.78891892;4.312162162;8.103243243;9.717837838;10.30378378;12.57432432;7.866216216;5.857567568;4.450810811;10.89135135;9.081081081;9.472432432,0.38169735;0.0947532678;0.3050196525;0.3359404137;0.3484509275;0.3788042354;0.2459174779;0.1574100511;0.1158443061;0.3255366329;0.2684348575;0.315150515,0.06054054054;0.2186486486;0.1164864865;0.09567567568;0.08378378378;0.06405405405;0.1256756757;0.1651351351;0.2135135135;0.08162162162;0.1086486486;0.09324324324,23.63089348;0.369039043;7.62251187;12.74443663;23.0849896;23.89955393;4.190007459;1.278371018;0.5300663265;13.26674612;6.309021461;10.19890614,Static geometry,2.0,4
Static-Geometry Safe,4,13,224.30972972972972,13.158378378378378,11.946743243243242,20.0,33.0,28.157207207207207,0.0038288288288288288,6.756756756756757e-05,0.15988738738738736,0.05891891891891892,0.8999037415615386,19.0,63.0,0.0018018018018018018,20,11100,0.17925193876557236,0.3669724965973183,23.95090874400753,0.4064864864864865,True,True,0.931036637;0.7159624459;0.6775674106;0.3509019354;0.95;0.7562371291;0.2357345475;0.5713184825;0.95;0.8385292043;0.9458583108;0.3749843981,0.3702883284;0.6302691506;0.6771299559;1.320546841;0.2764601871;0.5830294735;1.920506701;0.8232731646;0.2265612916;0.488449848;0.3469497415;1.241568686,4.519189189;5.618378378;6.731621622;10.95540541;4.166756757;5.508918919;13.15837838;6.674594595;4.179189189;4.790540541;4.787027027;10.11594595,0.0921717704;0.1693209556;0.1619621651;0.3340626603;0.07210380556;0.1531634184;0.3669724966;0.2249538296;0.05970196198;0.1296372299;0.07792303653;0.3090499351,0.2083783784;0.1735135135;0.147027027;0.08297297297;0.2208108108;0.1759459459;0.05891891892;0.1445945946;0.2254054054;0.1945945946;0.1935135135;0.09297297297,0.3702883284;1.321076603;1.231389868;14.29038998;0.2764601871;0.9490884205;23.95090874;2.656004811;0.2265612916;0.6653495441;0.3469497415;11.18980504,Static geometry,2.0,4
Static-Geometry Safe,4,14,301.7951351351351,14.151081081081081,13.479337837837836,26.0,40.0,34.413963963963965,0.008828828828828829,0.00042792792792792795,0.12351351351351353,0.05891891891891892,0.8533034256915634,25.0,74.0,0.00018018018018018018,2,11100,0.2694233672624911,0.3853527303101123,23.94965294114097,0.4064864864864865,True,True,0.3969158517;0.64914127;0.685168137;0.2123384503;0.8391928019;0.2547057577;0.6450583303;0.3536782427;0.3495021855;0.2638904463;0.8142278578;0.4332858251,1.177446822;0.7134614509;0.6676722331;2.128067317;0.4876767217;1.782678959;0.7188179662;1.310923092;1.325454306;1.723560971;0.5165166625;1.084128614,8.941081081;6.216486486;5.487837838;14.15108108;4.674324324;12.31891892;5.714594595;11.17459459;10.55459459;12.92972973;4.992162162;9.167297297,0.3214111594;0.1984194143;0.1849632538;0.3853527303;0.1303546697;0.3623174533;0.195829327;0.3358797544;0.3424687343;0.3503021216;0.135411125;0.290370664,0.09918918919;0.1627027027;0.1756756757;0.05891891892;0.2016216216;0.06864864865;0.167027027;0.0827027027;0.09135135135;0.06972972973;0.1981081081;0.1064864865,12.81063876;2.280768706;1.470688932;23.58588487;0.5753534435;23.94965294;1.675271865;16.96800079;15.19816963;22.26185318;0.7495499874;8.093671985,Static geometry,2.0,4
Static-Geometry Safe,4,15,273.27378378378376,15.402702702702703,13.813648648648646,23.0,36.0,31.616216216216216,0.006193693693693694,0.0013063063063063064,0.14349099099099097,0.052702702702702706,0.8668956923253829,21.0,81.0,0.007117117117117117,79,11100,0.22936878258140614,0.3868731726941387,23.991095581953324,0.4064864864864865,True,True,0.95;0.6682774533;0.3936552323;0.8783623152;0.2542081145;0.6112416568;0.1961261937;0.2603661895;0.4858854259;0.9440218225;0.777121657;0.6438927182,0.2609434761;0.6888292002;1.186565108;0.4408835581;1.786011998;0.7647485898;2.305041448;1.74572184;0.9708198352;0.349980936;0.5589976316;0.7203540735,4.158378378;5.604864865;8.757027027;4.914594595;12.51351351;6.210810811;15.4027027;11.68432432;7.721621622;4.265405405;5.581351351;6.777027027,0.06826845536;0.2012498285;0.3232588186;0.1096251009;0.3803722851;0.2130961611;0.3868731727;0.3774533707;0.2781267636;0.08976538062;0.1403537297;0.1839823242,0.222972973;0.1794594595;0.1032432432;0.1972972973;0.06675675676;0.1608108108;0.0527027027;0.07162162162;0.1297297297;0.2148648649;0.1735135135;0.1489189189,0.2609434761;1.865950403;12.79695323;0.5226506742;23.99109558;2.188491539;23.98902042;23.95801155;5.420657858;0.349980936;1.035990526;2.003540735,Static geometry,2.0,4
Static-Geometry Safe,4,16,316.79486486486485,15.673243243243244,15.074337837837838,27.0,42.0,36.16486486486487,0.011463963963963963,0.0011711711711711711,0.13563063063063063,0.051351351351351354,0.8082923843219404,24.0,96.0,0.01963963963963964,218,11100,0.2645614083374507,0.3895021742170163,23.993529703353076,0.4064864864864865,True,True,0.3932789834;0.7735119064;0.901603995;0.8416273572;0.2260479039;0.7045979448;0.6624829137;0.1982197585;0.7522839954;0.3841282698;0.2247729528;0.2144342016,1.187626136;0.5631378354;0.4113518347;0.4848363331;2.00065631;0.6439160289;0.6962092138;2.280313362;0.5876051337;1.214015836;2.011774821;2.107404393,9.501891892;4.839459459;4.234594595;5.014864865;13.28972973;5.411351351;5.430540541;15.67324324;4.968918919;9.202972973;13.44621622;14.58432432,0.322905917;0.1678759547;0.1137332235;0.1254022624;0.3855318781;0.1858654916;0.2069811176;0.3895021742;0.1692938034;0.3533770419;0.3681004199;0.3861676158,0.09702702703;0.2081081081;0.2227027027;0.1991891892;0.06378378378;0.1862162162;0.1794594595;0.05135135135;0.2005405405;0.1021621622;0.06162162162;0.05540540541,14.9813068;1.052551342;0.4340555041;0.6545089994;23.68466401;1.814824404;1.584836855;23.9935297;1.90084107;13.88677595;23.62389354;23.98860853,Static geometry,2.0,4
Static-Geometry Safe,4,17,256.6494594594595,15.63054054054054,15.127067567567567,25.0,42.0,34.924774774774775,0.01126126126126126,0.001036036036036036,0.1576801801801802,0.05459459459459459,0.8436722687715961,20.0,82.0,0.0076576576576576575,85,11100,0.20538307720177781,0.3794209287261048,23.99611405506622,0.4064864864864865,True,True,0.6058267012;0.4606290406;0.8627452041;0.95;0.8920394043;0.9329954481;0.2434414901;0.2237143759;0.7874097494;0.2072792387;0.95;0.5223938409,0.772389876;1.022513998;0.4598691245;0.2139841101;0.4237308779;0.3673358894;1.861711545;2.021113381;0.5472165522;2.179902851;0.241873434;0.9032962107,6.512972973;8.204864865;4.354864865;3.614054054;4.535405405;4.176486486;13.66810811;14.71513514;4.953783784;15.63054054;4.154594595;7.167567568,0.2087540205;0.2744206487;0.1266504427;0.06026255209;0.1140637715;0.09759221061;0.3748581354;0.3627079149;0.14893164;0.3794209287;0.06327932003;0.2536553413,0.1502702703;0.1137837838;0.217027027;0.2405405405;0.2132432432;0.2227027027;0.06459459459;0.05513513514;0.1948648649;0.05459459459;0.2224324324;0.142972973,1.834339256;5.647653979;0.5796073736;0.2139841101;0.4711926338;0.3673358894;23.87521204;23.09558733;0.988866209;23.99611406;0.241873434;5.18899769,Static geometry,2.0,4
Static-Geometry Safe,4,18,231.37378378378378,13.162972972972973,12.72862162162162,21.0,35.0,29.84189189189189,0.004752252252252252,0.00015765765765765765,0.1691891891891892,0.06297297297297297,0.8644374378672819,18.0,67.0,0.0018918918918918919,21,11100,0.18358817423044427,0.3697690114054553,23.859520876806144,0.4064864864864865,True,True,0.95;0.2298402862;0.2514208534;0.95;0.8064515181;0.2889292384;0.86964094;0.95;0.4229897239;0.9113191376;0.93510967;0.8418183031,0.2641897105;1.968390267;1.804941085;0.3377909827;0.5254308787;1.582364629;0.451552802;0.2372894534;1.10910177;0.3983676074;0.3641087485;0.4846132827,4.015945946;13.16297297;12.37324324;4.167837838;5.065405405;12.00216216;4.489459459;4.051351351;8.902972973;4.260810811;4.241891892;4.817027027,0.07147402707;0.367078185;0.3697690114;0.08819083494;0.1337718615;0.3523968795;0.1202106784;0.06342682956;0.309649224;0.1031449102;0.09663643;0.1273092191,0.2297297297;0.06297297297;0.06432432432;0.2205405405;0.1859459459;0.07432432432;0.2113513514;0.2281081081;0.1062162162;0.2197297297;0.2259459459;0.2010810811,0.2641897105;23.75570898;23.85952088;0.3377909827;0.9017235147;15.10620961;0.554658406;0.2372894534;9.236646026;0.3983676074;0.3641087485;0.6538398482,Static geometry,2.0,4
Static-Geometry Safe,4,19,327.91648648648646,15.813513513513513,15.39908108108108,28.0,41.0,35.76801801801802,0.010833333333333334,0.00042792792792792795,0.11279279279279279,0.052162162162162164,0.8473381622025438,27.0,69.0,0.0034234234234234236,38,11100,0.28823502626364156,0.3791895519155725,23.96540092972766,0.4064864864864865,True,True,0.8339118425;0.4218873338;0.3658373363;0.3670076204;0.481511622;0.1930715746;0.2120595117;0.3057773787;0.5446939528;0.4653449839;0.3623629999;0.8770434254,0.4938172966;1.111838862;1.270411673;1.266646367;0.9794527448;2.342239302;2.1308523;1.500722279;0.8655191693;1.012509865;1.281724896;0.4425090154,4.597297297;9.381081081;10.49081081;9.236486486;8.376486486;15.81351351;15.06;10.44486486;6.740540541;7.945675676;10.29594595;4.718648649,0.1338645266;0.2851716433;0.335800707;0.3515799512;0.2692171463;0.3791895519;0.3610930789;0.367474158;0.241409671;0.2845973674;0.3353269457;0.1140955678,0.2067567568;0.09972972973;0.08972972973;0.09486486486;0.1151351351;0.05216216216;0.05783783784;0.08108108108;0.1410810811;0.1197297297;0.09;0.2054054054,0.6814518897;7.565744072;17.23293383;18.86555021;6.071243917;23.96540093;23.94789829;17.54116989;4.11726837;6.987805805;13.80657219;0.5275270463,Static geometry,2.0,4
Static-Geometry Safe,8,0,273.1154054054054,14.231621621621622,14.187027027027026,25.0,40.0,34.17072072072072,0.00963963963963964,0.0006981981981981982,0.15229729729729727,0.05972972972972973,0.8500740002382642,22.0,84.0,0.004234234234234234,47,11100,0.2152479330872361,0.3944721218508572,23.994436734742944,0.4064864864864865,True,True,0.95;0.2315765095;0.95;0.8081176242;0.6281327393;0.795200025;0.3394136806;0.9476946562;0.5005847781;0.95;0.23436609;0.2528380647,0.3369544871;1.95400716;0.2191119648;0.5235225351;0.7414402559;0.5383055036;1.361973486;0.3438720469;0.9427001774;0.2738400263;1.931388168;1.795260579,4.154864865;14.23162162;4.198378378;5.047567568;6.640810811;5.179189189;11.15783784;4.462972973;7.860810811;4.497297297;14.15054054;12.79081081,0.08815457933;0.3807673411;0.05880491379;0.1416340696;0.1973834195;0.1504345651;0.3835611818;0.08494568942;0.2535099126;0.06668374694;0.382623656;0.3944721219,0.2240540541;0.05972972973;0.2245945946;0.1927027027;0.1578378378;0.1932432432;0.08324324324;0.2151351351;0.1275675676;0.2116216216;0.06378378378;0.07405405405,0.3369544871;23.99443673;0.2191119648;0.6470450703;2.10720128;0.8149165108;17.43104551;0.3438720469;4.084301597;0.2738400263;23.9869149;23.97724722,Static geometry,2.0,8
Static-Geometry Safe,8,1,347.6854054054054,17.187567567567566,16.4577027027027,32.0,50.0,42.92567567567568,0.02400900900900901,0.002837837837837838,0.1314864864864865,0.05324324324324324,0.7563529464398896,27.0,92.0,0.025405405405405406,282,11100,0.2758482573548066,0.3962151046027692,23.99430778065056,0.4064864864864865,True,True,0.5605092249;0.2181252996;0.2316669551;0.3707979081;0.95;0.95;0.2020086086;0.95;0.325972712;0.8362721814;0.2993435181;0.2334007936,0.8400796556;2.072097608;1.953264399;1.254604531;0.2976063768;0.2276934429;2.237061952;0.2579608484;1.414030367;0.4910760745;1.530799061;1.939147999,6.938918919;15.86054054;15.3972973;10.16;4.112702703;3.876486486;17.18756757;4.225675676;10.37972973;4.753513514;11.56675676;15.46297297,0.2531591395;0.3886583082;0.391180789;0.3655307255;0.08059502419;0.06615417599;0.3887650906;0.06916139503;0.3871385842;0.1417484453;0.3818723062;0.3962151046,0.1559459459;0.06027027027;0.06081081081;0.09702702703;0.227027027;0.2502702703;0.05324324324;0.2302702703;0.09162162162;0.2118918919;0.07918918919;0.06027027027,4.480955867;23.98614739;23.98073829;16.17161167;0.2976063768;0.2276934429;23.97331034;0.2579608484;23.97855081;0.6732282236;23.70954175;23.99430778,Static geometry,2.0,8
Static-Geometry Safe,8,2,291.63756756756754,18.012972972972975,15.525189189189186,26.0,42.0,36.08468468468468,0.011891891891891892,0.0012612612612612612,0.1428153153153153,0.051351351351351354,0.8597436447453239,23.0,78.0,0.005585585585585586,62,11100,0.23719954578836266,0.3913581975534441,23.977464638900145,0.4064864864864865,True,True,0.2983974043;0.4720337023;0.7619171253;0.95;0.6042558466;0.7527600943;0.6803453125;0.2438339011;0.7053294905;0.1925045361;0.95;0.2931742638,1.535332493;0.9986066978;0.5764720931;0.328976203;0.7746227687;0.5870535051;0.6736618433;1.858825842;0.6430324214;2.34929577;0.2710575607;1.560894842,11.3927027;8.205675676;5.422162162;4.376216216;6.56;5.162702703;6.247297297;13.48972973;5.951351351;18.01297297;4.580540541;11.10324324,0.3809284401;0.2661151903;0.1539336292;0.08428903795;0.2133352976;0.1581871202;0.1762445039;0.3913581976;0.1757042643;0.3866813848;0.06981563657;0.389801847,0.08027027027;0.1237837838;0.1935135135;0.2183783784;0.1554054054;0.1864864865;0.1654054054;0.06702702703;0.1721621622;0.05135135135;0.2197297297;0.08027027027,18.72125432;4.766560747;0.9294162793;0.328976203;2.520850455;1.335267526;1.494647373;23.88270215;1.215162107;23.97746464;0.2710575607;21.70505557,Static geometry,2.0,8
Static-Geometry Safe,8,3,362.3913513513514,16.313513513513513,15.111540540540538,31.0,46.0,40.45990990990991,0.018220720720720722,0.0021396396396396395,0.11675675675675674,0.05810810810810811,0.7636996064683775,29.0,96.0,0.01963963963963964,218,11100,0.3136232447596748,0.3946459510738214,23.99871619886794,0.4064864864864865,True,True,0.2469621281;0.8215561338;0.8932287906;0.3220866759;0.225348274;0.2465631425;0.4834834838;0.2778755806;0.2645088005;0.3014458345;0.9387067142;0.2969367479,1.836175919;0.5080937316;0.4222105672;1.429873819;2.006740312;1.839030251;0.9755450403;1.641436133;1.719737046;1.520828652;0.3585144156;1.542388958,13.35513514;4.654864865;4.381081081;9.594864865;16.31351351;14.12810811;7.521081081;12.67567568;12.94540541;11.54810811;4.417027027;12.10837838,0.3905595805;0.1459739559;0.1190177356;0.393022074;0.3888737307;0.3946459511;0.2992550326;0.3899519893;0.3894972012;0.3880168237;0.09699268379;0.3676721787,0.06540540541;0.2127027027;0.2305405405;0.09810810811;0.05810810811;0.06324324324;0.1421621622;0.07378378378;0.06918918919;0.08351351351;0.2256756757;0.07864864865,23.99434167;0.7242811947;0.4666317017;23.12918014;23.98419776;23.96169057;6.31962145;23.98610797;23.9987162;23.79932591;0.3585144156;23.80284565,Static geometry,2.0,8
Static-Geometry Safe,8,4,336.85675675675674,15.858918918918919,15.051905405405405,29.0,43.0,37.865315315315314,0.01349099099099099,0.0011261261261261261,0.1114864864864865,0.05459459459459459,0.8955010815087443,29.0,86.0,0.006396396396396396,71,11100,0.28128479509461174,0.38866813967684866,23.97323176975472,0.4064864864864865,True,True,0.662118963;0.6741961796;0.3640876;0.2460798207;0.2372011855;0.4128728207;0.5024050881;0.4159209977;0.2309431598;0.4380235493;0.7287104513;0.5641011845,0.6966749552;0.6813572012;1.27608378;1.842501298;1.908996959;1.13470463;0.9393093506;1.126874486;1.959226317;1.072981387;0.6151471375;0.8344446437,6.347837838;6.65027027;11.85945946;14.39162162;13.07918919;9.123243243;7.778378378;10.6927027;15.85891892;9.682972973;6.074054054;7.565675676,0.1916797579;0.1786260771;0.3269533578;0.381447566;0.3776718308;0.3131171426;0.2553905964;0.289637199;0.3886681397;0.2830350903;0.1596057438;0.2295850398,0.16;0.1586486486;0.08432432432;0.06243243243;0.06513513514;0.1059459459;0.1297297297;0.1016216216;0.05459459459;0.1078378378;0.1648648649;0.1427027027,1.483374776;1.244071604;13.4802728;23.82257397;18.43392093;6.979957434;3.375165454;6.176242807;23.97323177;5.916460233;1.26058855;2.310001793,Static geometry,2.0,8
Static-Geometry Safe,8,5,316.8172972972973,15.87945945945946,14.731297297297296,28.0,43.0,37.181981981981984,0.013603603603603603,0.0006306306306306306,0.13191441441441443,0.05459459459459459,0.832356448295337,25.0,71.0,0.004234234234234234,47,11100,0.251400942060248,0.38438412386879234,23.944996587218085,0.4064864864864865,True,True,0.9411489522;0.4821824971;0.3825098869;0.7544254172;0.3523107703;0.8677360717;0.95;0.2189202535;0.8265150398;0.3376263363;0.2625732011;0.2699141276,0.3546353857;0.9781203331;1.218803669;0.5851252029;1.315645181;0.4538598372;0.2241414152;2.064668323;0.5023771293;1.368663091;1.731770293;1.687095206,4.712972973;8.510810811;9.803513514;5.932432432;11.69783784;5.16;4.290540541;15.87945946;4.782162162;10.10756757;13.79189189;13.59567568,0.0877003724;0.2712301248;0.3468649361;0.1516581269;0.3552241988;0.1128516352;0.05688345646;0.3721983165;0.1323831624;0.3728682152;0.372564636;0.3843841239,0.2051351351;0.1251351351;0.09945945946;0.1748648649;0.08675675676;0.1937837838;0.2140540541;0.05459459459;0.2032432432;0.0927027027;0.06459459459;0.06864864865,0.3546353857;3.603082998;13.22736144;0.9553756086;14.03806506;0.5077196745;0.2241414152;23.92805962;0.8095085171;17.70042712;23.887936;23.94499659,Static geometry,2.0,8
Static-Geometry Safe,8,6,239.04513513513513,13.418648648648649,12.220689189189189,22.0,35.0,30.092792792792793,0.0052027027027027025,0.0003828828828828829,0.15684684684684685,0.07162162162162163,0.9068298378236067,19.0,77.0,0.00036036036036036037,4,11100,0.17492714464310713,0.36637735701656127,23.87947108564273,0.4064864864864865,True,True,0.6600953202;0.4082536129;0.95;0.8542797728;0.5796663152;0.95;0.7238759829;0.298421524;0.95;0.3698913443;0.95;0.5870736138,0.6992694381;1.146768836;0.2551559305;0.4699577518;0.8105930222;0.2156180293;0.6208604762;1.535216558;0.2628816135;1.257463669;0.2571157349;0.7995478023,6.066486486;9.379189189;4.388108108;4.817567568;7.606216216;4.442972973;6.638378378;13.41864865;4.573783784;11.24054054;4.390540541;7.485945946,0.1857788805;0.2997095851;0.06096157908;0.1185055628;0.2015528596;0.05244762875;0.1409521081;0.366377357;0.06408627442;0.3327180896;0.06469587815;0.2113399326,0.1659459459;0.09864864865;0.2081081081;0.2037837838;0.1272972973;0.21;0.1521621622;0.07162162162;0.2075675676;0.0872972973;0.2135135135;0.1362162162,1.297808314;7.656296255;0.2551559305;0.5399155036;2.042372089;0.2156180293;1.062581429;23.87947109;0.2628816135;12.46420071;0.2571157349;1.598643407,Static geometry,2.0,8
Static-Geometry Safe,8,7,264.3602702702703,17.48189189189189,15.386094594594592,26.0,42.0,35.72072072072072,0.011531531531531532,0.0011711711711711711,0.16074324324324327,0.05081081081081081,0.8573019289810067,20.0,80.0,0.006576576576576576,73,11100,0.19314041013164288,0.39331957558705516,23.9754791371661,0.4064864864864865,True,True,0.95;0.8194645516;0.5139536145;0.1957148488;0.2668165055;0.95;0.9166527097;0.2817874583;0.4060368001;0.95;0.95;0.8957240492,0.2129344738;0.5105004868;0.9182376412;2.309972111;1.705631049;0.2143947682;0.3910280632;1.619983796;1.152645744;0.2643493157;0.2202876177;0.4190042049,4.396756757;5.259189189;7.241081081;17.48189189;13.67135135;4.368648649;4.326216216;13.17864865;9.110810811;4.323513514;4.371891892;4.651891892,0.05352136774;0.1307985031;0.2702596733;0.3933195756;0.3816925699;0.05388841471;0.102301396;0.3787259415;0.3171333425;0.06730190685;0.05798922694;0.1107530034,0.2137837838;0.1813513514;0.1359459459;0.05081081081;0.06918918919;0.2178378378;0.2232432432;0.07108108108;0.1127027027;0.2178378378;0.222972973;0.2121621622,0.2129344738;0.7315014605;3.700614054;23.88723895;21.71106657;0.2143947682;0.3910280632;23.97547914;6.368789343;0.2643493157;0.2202876177;0.4950210247,Static geometry,2.0,8
Static-Geometry Safe,8,8,292.39027027027026,15.915945945945946,15.260702702702702,27.0,42.0,36.064864864864866,0.011599099099099099,0.0012612612612612612,0.14614864864864865,0.05621621621621622,0.8322859570337936,23.0,80.0,0.007297297297297297,81,11100,0.22788574009996318,0.38796580954060894,23.985191512165166,0.4064864864864865,True,True,0.924502767;0.7675714746;0.2938168902;0.223720696;0.8564804989;0.95;0.4732619221;0.198994158;0.3554966144;0.365156396;0.95;0.8950142286,0.3798996382;0.5699618165;1.557699888;2.021057334;0.4673466129;0.2347890628;0.9960890923;2.271318822;1.304697623;1.272612991;0.2590903055;0.4199186836,4.356756757;5.011081081;11.29216216;15.91594595;5.207837838;4.212432432;8.917297297;14.72459459;10.61837838;11.3772973;4.355135135;4.277027027,0.09949263497;0.1551220403;0.3654279738;0.3867320521;0.1193628511;0.06079133032;0.2783665193;0.3879658095;0.3564998099;0.3425736591;0.06687330857;0.1154208922,0.2156756757;0.1932432432;0.08189189189;0.05621621622;0.192972973;0.2175675676;0.1148648649;0.05837837838;0.09324324324;0.09162162162;0.2178378378;0.2202702703,0.3798996382;0.9098854496;23.98519151;23.97938941;0.6020398386;0.2347890628;3.576534554;23.9597951;11.42548589;12.93768336;0.2590903055;0.4597560509,Static geometry,2.0,8
Static-Geometry Safe,8,9,330.0875675675676,17.8472972972973,16.114797297297294,29.0,46.0,39.86036036036036,0.016644144144144144,0.002815315315315315,0.13513513513513514,0.05081081081081081,0.7991518335206902,25.0,100.0,0.012072072072072072,134,11100,0.25699132111168227,0.39887426255788255,23.994726733252094,0.4064864864864865,True,True,0.3257577326;0.6871221964;0.2523803769;0.1963495047;0.5437054116;0.2493362779;0.95;0.4363495231;0.95;0.6652629851;0.95;0.2127973752,1.414897118;0.6652565043;1.798374164;2.302374716;0.8671448273;1.819394726;0.209506079;1.076896197;0.2790122724;0.6926602831;0.247425482;2.123503268,11.57702703;6.283783784;12.82027027;17.8472973;7.226216216;14.6972973;4.216756757;7.830540541;4.120810811;6.118918919;4.156216216;14.60324324,0.3636667997;0.1769222703;0.3786306686;0.3914037018;0.2531125442;0.3963330133;0.05662326458;0.3256883363;0.07503167865;0.2018075095;0.06580180385;0.3988742626,0.08135135135;0.1689189189;0.06972972973;0.05081081081;0.1459459459;0.06162162162;0.23;0.1221621622;0.2289189189;0.1724324324;0.2302702703;0.05945945946,22.159753;1.461026017;23.97400882;23.99472673;4.674317237;23.98568112;0.209506079;6.706885903;0.2790122724;1.648621982;0.247425482;23.92460137,Static geometry,2.0,8
Static-Geometry Safe,8,10,362.70567567567565,16.786486486486485,16.709486486486487,31.0,48.0,41.15900900900901,0.020067567567567567,0.00259009009009009,0.11207207207207205,0.05297297297297297,0.8250931240551301,30.0,82.0,0.023693693693693695,263,11100,0.3068780472364818,0.39406889148835256,23.986671356403527,0.4064864864864865,True,True,0.2210551088;0.5230742899;0.4621770162;0.8877431859;0.3493760462;0.4491418585;0.5565464418;0.34857734;0.2223217792;0.6900300697;0.2104662511;0.2177243916,2.045012567;0.9021077578;1.019211399;0.4291816563;1.325898395;1.047619095;0.8463561798;1.328717478;2.03354937;0.6616731043;2.146920017;2.075867389,15.19297297;7.840540541;8.748378378;4.330540541;11.85216216;8.385405405;7.130810811;10.17945946;13.52216216;5.889189189;16.78648649;16.64648649,0.3929740364;0.2606359981;0.2889602048;0.1149510869;0.3364915115;0.3179665523;0.2452145472;0.359112832;0.3940688915;0.1888450806;0.3928283382;0.3904874873,0.0572972973;0.1391891892;0.1194594595;0.2224324324;0.08378378378;0.1259459459;0.1472972973;0.09702702703;0.06567567568;0.1794594595;0.05432432432;0.05297297297,23.98667136;4.22950861;5.43053679;0.4583633126;13.78983946;7.600000991;3.234411237;18.46765845;23.96675542;3.016731043;23.95832077;23.98643035,Static geometry,2.0,8
Static-Geometry Safe,8,11,308.2272972972973,16.04027027027027,14.723986486486485,28.0,40.0,35.42252252252252,0.009572072072072071,0.0004054054054054054,0.12605855855855858,0.055135135135135134,0.8669480682581376,27.0,70.0,0.0011711711711711711,13,11100,0.2543563633641394,0.3871020787187247,23.97449423735769,0.4064864864864865,True,True,0.95;0.2935060875;0.6227889451;0.4312530983;0.6153269509;0.4183303984;0.9434799305;0.4987828682;0.6260188518;0.4351735249;0.2492611008;0.2092716103,0.3358641596;1.559243329;0.7487311135;1.088976442;0.7590395275;1.120756955;0.3508668233;0.9460759936;0.7443154627;1.079661914;1.819920828;2.159149808,4.477837838;12.47567568;6.949189189;8.793513514;7.637567568;9.874054054;4.232972973;8.298108108;7.777027027;8.873783784;13.64702703;16.04027027,0.08333062123;0.3653686394;0.2013479616;0.3116827169;0.1981708604;0.3053305433;0.08923396778;0.2454683659;0.1824578715;0.3046397402;0.3871020787;0.3781429934,0.2145945946;0.07486486486;0.1518918919;0.1118918919;0.1394594595;0.09783783784;0.2167567568;0.1267567568;0.1402702703;0.1154054054;0.06783783784;0.05513513514,0.3358641596;23.79157303;1.446193341;6.401575962;1.477118582;7.781194728;0.3508668233;3.20683593;1.721577314;6.389857432;19.78812413;23.97449424,Static geometry,2.0,8
Static-Geometry Safe,8,12,339.62432432432433,14.018378378378378,13.792729729729729,29.0,43.0,37.306756756756755,0.013175675675675676,0.0008333333333333334,0.11556306306306306,0.06108108108108108,0.8465539577015649,28.0,73.0,0.0024324324324324323,27,11100,0.27538519668721734,0.38510149253746717,23.99940523799791,0.4064864864864865,True,True,0.2277146089;0.9318683167;0.4490225566;0.364868936;0.3264467419;0.2532754659;0.5108922966;0.7249468559;0.885090931;0.3371942215;0.4510893652;0.3770521179,1.986329388;0.369039043;1.047885528;1.273544601;1.412123145;1.792296255;0.9237509324;0.6195927545;0.4325165816;1.370290719;1.043286736;1.235229773,14.01837838;4.697027027;8.991081081;10.63108108;11.9;13.60810811;8.463243243;5.947027027;4.774054054;12.07648649;9.815945946;11.09756757,0.3849184247;0.09086339681;0.3016211048;0.3355962125;0.3602822295;0.3851014925;0.2431711914;0.1527212411;0.1102332801;0.3422023308;0.2704086433;0.3275028127,0.06108108108;0.21;0.1116216216;0.0927027027;0.07621621622;0.06540540541;0.1237837838;0.1664864865;0.2037837838;0.07675675676;0.1062162162;0.0927027027,23.09773962;0.369039043;5.509825041;9.718497669;23.80031896;23.99940524;3.885011189;1.058778264;0.4650331633;12.58191947;4.676154099;11.49212295,Static geometry,2.0,8
Static-Geometry Safe,8,13,233.9764864864865,14.148378378378379,12.756135135135132,22.0,36.0,30.677477477477478,0.006013513513513514,0.00011261261261261261,0.15979729729729733,0.06189189189189189,0.904492330640503,19.0,63.0,0.0,0,11100,0.18178064059454258,0.3804679490888747,23.24306956132174,0.4064864864864865,True,True,0.931036637;0.7159624459;0.6775674106;0.3509019354;0.95;0.7562371291;0.2357345475;0.5713184825;0.95;0.8385292043;0.9458583108;0.3749843981,0.3702883284;0.6302691506;0.6771299559;1.320546841;0.2764601871;0.5830294735;1.920506701;0.8232731646;0.2265612916;0.488449848;0.3469497415;1.241568686,4.687837838;5.934324324;7.192162162;11.61702703;4.255675676;5.80972973;14.14837838;6.938918919;4.177297297;4.825135135;4.755675676;10.7727027,0.0902702898;0.1684692405;0.1630602137;0.3426283696;0.07031055029;0.1504846344;0.3804679491;0.2298489673;0.05798744409;0.1276570278;0.07670402393;0.3234789766,0.2062162162;0.1740540541;0.15;0.08486486486;0.2156756757;0.172972973;0.06189189189;0.1451351351;0.2224324324;0.1948648649;0.1975675676;0.09189189189,0.3702883284;1.321076603;1.508519823;16.48210676;0.2764601871;0.9490884205;23.24306956;1.832731646;0.2265612916;0.6653495441;0.3469497415;10.0054919,Static geometry,2.0,8
Static-Geometry Safe,8,14,321.9024324324324,14.802972972972974,14.144608108108107,28.0,43.0,37.4509009009009,0.013761261261261261,0.0010585585585585586,0.1215990990990991,0.05945945945945946,0.8597583089733385,27.0,80.0,0.001981981981981982,22,11100,0.27209550815372724,0.3893788036118598,23.88036877823959,0.4064864864864865,True,True,0.3969158517;0.64914127;0.685168137;0.2123384503;0.8391928019;0.2547057577;0.6450583303;0.3536782427;0.3495021855;0.2638904463;0.8142278578;0.4332858251,1.177446822;0.7134614509;0.6676722331;2.128067317;0.4876767217;1.782678959;0.7188179662;1.310923092;1.325454306;1.723560971;0.5165166625;1.084128614,9.16027027;6.431621622;5.693243243;14.80297297;5.082972973;13.60594595;6.062432432;12.6827027;10.75702703;13.50945946;5.152162162;9.536756757,0.315046582;0.1945628659;0.1818955705;0.3893788036;0.1262687296;0.3825532686;0.195829327;0.3411943075;0.3510662758;0.370332695;0.1319211476;0.2850965248,0.1021621622;0.1581081081;0.1737837838;0.05945945946;0.1918918919;0.06837837838;0.1691891892;0.08054054054;0.08702702703;0.06945945946;0.1910810811;0.1081081081,10.77148961;2.280768706;1.203016699;23.81210631;0.5753534435;23.88036878;1.356453898;18.69907789;11.61453781;21.27336541;0.7495499874;7.166700899,Static geometry,2.0,8
Static-Geometry Safe,8,15,283.16972972972974,16.06972972972973,14.648648648648647,26.0,41.0,35.259009009009006,0.011103603603603603,0.0009459459459459459,0.14243243243243245,0.052162162162162164,0.8685432232608931,23.0,72.0,0.004954954954954955,55,11100,0.23147878729956237,0.39099181586149895,23.951243428421137,0.4064864864864865,True,True,0.95;0.6682774533;0.3936552323;0.8783623152;0.2542081145;0.6112416568;0.1961261937;0.2603661895;0.4858854259;0.9440218225;0.777121657;0.6438927182,0.2609434761;0.6888292002;1.186565108;0.4408835581;1.786011998;0.7647485898;2.305041448;1.74572184;0.9708198352;0.349980936;0.5589976316;0.7203540735,4.285135135;5.855675676;9.354594595;4.979459459;13.48594595;6.744054054;16.06972973;12.80837838;7.995675676;4.432702703;5.854054054;7.497837838,0.06636427324;0.1977125975;0.3303140705;0.1080760506;0.3909918159;0.2155764268;0.3906110777;0.3892487885;0.2773396124;0.08777900234;0.1397494079;0.1839823242,0.2216216216;0.1772972973;0.1040540541;0.1967567568;0.06783783784;0.1562162162;0.05216216216;0.07;0.132972973;0.2105405405;0.1748648649;0.1448648649,0.2609434761;1.555316801;7.623823018;0.5226506742;23.94256392;2.153240129;23.95124343;23.92378626;4.391477693;0.349980936;0.8769928948;1.442478515,Static geometry,2.0,8
Static-Geometry Safe,8,16,332.41513513513513,15.944054054054053,15.93662162162162,30.0,48.0,40.88828828828829,0.02063063063063063,0.0023873873873873873,0.13536036036036034,0.05756756756756757,0.8185531863205003,25.0,79.0,0.022972972972972974,255,11100,0.2678473795712753,0.3962814842112997,23.996663320488658,0.4064864864864865,True,True,0.3932789834;0.7735119064;0.901603995;0.8416273572;0.2260479039;0.7045979448;0.6624829137;0.1982197585;0.7522839954;0.3841282698;0.2247729528;0.2144342016,1.187626136;0.5631378354;0.4113518347;0.4848363331;2.00065631;0.6439160289;0.6962092138;2.280313362;0.5876051337;1.214015836;2.011774821;2.107404393,10.34297297;5.037297297;4.206486486;5.332972973;13.83297297;5.83027027;5.50027027;15.93054054;5.078648649;10.20891892;15.48864865;15.94405405,0.331572378;0.1640709693;0.1091750005;0.1230435991;0.393101929;0.1858654916;0.2047231418;0.3962814842;0.1656411228;0.3589549525;0.3893056139;0.3924328721,0.1008108108;0.2016216216;0.2205405405;0.1937837838;0.06540540541;0.1832432432;0.1837837838;0.05756756757;0.1994594595;0.09864864865;0.06135135135;0.05810810811,13.48029771;0.8894135062;0.4227036694;0.6545089994;23.76473384;1.39524426;1.584836855;23.99666332;1.525630802;15.41669677;23.98856908;23.99609431,Static geometry,2.0,8
Static-Geometry Safe,8,17,271.6972972972973,17.147837837837837,16.387054054054055,27.0,45.0,37.75,0.014662162162162162,0.0019594594594594594,0.15542792792792792,0.05027027027027027,0.8480795327550896,21.0,83.0,0.008108108108108109,90,11100,0.20877984219905152,0.388847535650977,23.996114055066155,0.4064864864864865,True,True,0.6058267012;0.4606290406;0.8627452041;0.95;0.8920394043;0.9329954481;0.2434414901;0.2237143759;0.7874097494;0.2072792387;0.95;0.5223938409,0.772389876;1.022513998;0.4598691245;0.2139841101;0.4237308779;0.3673358894;1.861711545;2.021113381;0.5472165522;2.179902851;0.241873434;0.9032962107,6.718378378;8.83972973;4.866216216;3.83027027;4.463783784;4.255945946;14.15972973;15.76459459;5.372162162;17.14783784;4.314864865;7.341081081,0.2072927424;0.2860275643;0.1250346863;0.05904804768;0.1108571594;0.0956066112;0.3808961188;0.3829190487;0.1483400546;0.3888475357;0.06072984329;0.2597586941,0.1516216216;0.1135135135;0.2116216216;0.2375675676;0.2086486486;0.2151351351;0.06594594595;0.05837837838;0.192972973;0.05027027027;0.217027027;0.1424324324,2.206729132;4.407877949;0.5796073736;0.2139841101;0.4474617559;0.3673358894;21.47521204;23.81228805;0.8416496567;23.99611406;0.241873434;3.949443161,Static geometry,2.0,8
Static-Geometry Safe,8,18,243.62621621621622,13.977567567567567,13.539202702702703,24.0,38.0,32.612162162162164,0.0076576576576576575,0.0005855855855855856,0.16680180180180182,0.06513513513513514,0.8702915356044857,19.0,75.0,0.001981981981981982,22,11100,0.18714779002967386,0.3867620876744884,23.940688024550006,0.4064864864864865,True,True,0.95;0.2298402862;0.2514208534;0.95;0.8064515181;0.2889292384;0.86964094;0.95;0.4229897239;0.9113191376;0.93510967;0.8418183031,0.2641897105;1.968390267;1.804941085;0.3377909827;0.5254308787;1.582364629;0.451552802;0.2372894534;1.10910177;0.3983676074;0.3641087485;0.4846132827,4.195945946;13.97756757;13.18054054;4.297027027;5.441891892;12.89162162;4.582702703;4.090540541;9.505675676;4.245405405;4.541081081;5.1,0.06983176671;0.3867620877;0.383428025;0.08618234802;0.1334878449;0.3677928597;0.1182580176;0.06175939016;0.3138458253;0.1022835749;0.09496349791;0.1271782426,0.2221621622;0.06513513514;0.06756756757;0.2194594595;0.1851351351;0.07459459459;0.2067567568;0.2221621622;0.1037837838;0.2175675676;0.2183783784;0.1989189189,0.2641897105;23.94068802;23.80752556;0.3377909827;0.9017235147;21.83005459;0.503105604;0.2372894534;6.000238945;0.3983676074;0.3641087485;0.6538398482,Static geometry,2.0,8
Static-Geometry Safe,8,19,350.33,15.704324324324324,15.564445945945945,30.0,43.0,38.13018018018018,0.014391891891891892,0.0009234234234234234,0.11114864864864864,0.052702702702702706,0.8587360512215768,29.0,83.0,0.0036936936936936937,41,11100,0.29005777246863956,0.37982258956484727,23.991350232431902,0.4064864864864865,True,True,0.8339118425;0.4218873338;0.3658373363;0.3670076204;0.481511622;0.1930715746;0.2120595117;0.3057773787;0.5446939528;0.4653449839;0.3623629999;0.8770434254,0.4938172966;1.111838862;1.270411673;1.266646367;0.9794527448;2.342239302;2.1308523;1.500722279;0.8655191693;1.012509865;1.281724896;0.4425090154,5.02;10.50027027;11.00189189;10.02675676;9.105675676;15.70432432;15.45;11.64891892;7.413783784;8.155675676;10.65702703;5.151621622,0.1309283157;0.2896790982;0.3371741251;0.3515799512;0.2647169581;0.3798225896;0.3777943537;0.3796421765;0.2409418228;0.2843237161;0.3339412972;0.1101488657,0.1983783784;0.09594594595;0.09054054054;0.09378378378;0.1140540541;0.0527027027;0.05783783784;0.07972972973;0.1427027027;0.1189189189;0.09324324324;0.1959459459,0.6814518897;6.86045497;13.23593539;10.93256196;5.132885683;23.99135023;23.96710408;21.93539166;2.924153354;4.175138106;11.06694354;0.4850180308,Static geometry,2.0,8
Static-Geometry Safe,2,0,381.08378378378376,19.66189189189189,19.63335135135135,34.0,58.0,47.86036036036036,0.031621621621621625,0.008175675675675675,0.134481981981982,0.04378378378378378,0.8182081535599017,25.0,97.0,0.06243243243243243,693,11100,0.21857808343886234,0.3944721218508572,23.999982200446404,0.4064864864864865,True,True,0.95;0.2315765095;0.95;0.8081176242;0.6281327393;0.795200025;0.3394136806;0.9476946562;0.5005847781;0.95;0.23436609;0.2528380647,0.3369544871;1.95400716;0.2191119648;0.5235225351;0.7414402559;0.5383055036;1.361973486;0.3438720469;0.9427001774;0.2738400263;1.931388168;1.795260579,4.607297297;19.61;4.975135135;6.048108108;8.194594595;6.069459459;13.86;4.973243243;10.24783784;4.544054054;19.66189189;18.09756757,0.08378327788;0.3839360014;0.05625847744;0.1379552626;0.214817285;0.1482522455;0.3828249799;0.08029876986;0.2912179197;0.06179903296;0.3873216272;0.3944721219,0.2062162162;0.04378378378;0.2035135135;0.1775675676;0.1332432432;0.18;0.07540540541;0.1902702703;0.1102702703;0.1975675676;0.04513513514;0.05081081081,0.3369544871;23.99862288;0.2191119648;1.264657746;11.65761024;1.229833022;23.99879185;0.3438720469;18.53610763;0.2738400263;23.99858589;23.9999822,Static geometry,8.0,2
Static-Geometry Safe,2,1,530.9513513513514,30.32702702702703,27.394486486486485,48.0,84.0,69.81036036036036,0.07477477477477477,0.028626126126126125,0.11612612612612612,0.03135135135135135,0.6879350388855386,32.0,162.0,0.14864864864864866,1650,11100,0.2785413224913781,0.3962151046027692,23.999461816734787,0.4064864864864865,True,True,0.5605092249;0.2181252996;0.2316669551;0.3707979081;0.95;0.95;0.2020086086;0.95;0.325972712;0.8362721814;0.2993435181;0.2334007936,0.8400796556;2.072097608;1.953264399;1.254604531;0.2976063768;0.2276934429;2.237061952;0.2579608484;1.414030367;0.4910760745;1.530799061;1.939147999,8.928108108;24.99513514;24.43432432;12.27054054;4.202162162;3.929459459;30.32702703;4.441621622;14.14162162;5.871891892;14.84675676;20.2827027,0.2788156262;0.3925784928;0.3906528797;0.3689215485;0.0772972238;0.0630156988;0.3911835359;0.0646296504;0.3917246286;0.1422793384;0.385182142;0.3962151046,0.1316216216;0.03864864865;0.03864864865;0.09081081081;0.2243243243;0.2418918919;0.03135135135;0.217027027;0.07081081081;0.1951351351;0.06783783784;0.04540540541,13.12302691;23.99386234;23.99722263;23.98613075;0.2976063768;0.2276934429;23.989346;0.2579608484;23.99946182;1.037532522;23.99317275;23.9926919,Static geometry,8.0,2
Static-Geometry Safe,2,2,418.25081081081083,25.882162162162164,22.768270270270268,36.0,60.0,51.1472972972973,0.038603603603603605,0.009301801801801802,0.12310810810810813,0.03216216216216216,0.8218195033361129,27.0,132.0,0.08252252252252253,916,11100,0.23921318855838014,0.3935986181898721,23.99901394559357,0.4064864864864865,True,True,0.2983974043;0.4720337023;0.7619171253;0.95;0.6042558466;0.7527600943;0.6803453125;0.2438339011;0.7053294905;0.1925045361;0.95;0.2931742638,1.535332493;0.9986066978;0.5764720931;0.328976203;0.7746227687;0.5870535051;0.6736618433;1.858825842;0.6430324214;2.34929577;0.2710575607;1.560894842,15.85756757;9.526486486;6.364324324;4.842972973;8.777837838;6.723243243;7.25027027;20.22054054;7.009459459;25.88216216;4.730540541;15.03945946,0.3830032137;0.2704334895;0.1495711377;0.07957667613;0.2413892033;0.1599324144;0.169872027;0.3923629683;0.1732711687;0.3917609433;0.06578640256;0.3935986182,0.06108108108;0.1151351351;0.1635135135;0.2010810811;0.1275675676;0.1618918919;0.1467567568;0.04432432432;0.1513513514;0.03216216216;0.2072972973;0.06513513514,23.99791679;18.32754828;1.588248838;0.328976203;6.787928598;1.522321031;4.92591318;23.97710656;2.6024539;23.98873199;0.2710575607;23.99901395,Static geometry,8.0,2
Static-Geometry Safe,2,3,510.4124324324324,20.21189189189189,19.877135135135134,43.0,64.0,55.817567567567565,0.05756756756756757,0.012972972972972972,0.10126126126126124,0.04594594594594595,0.7005934695063588,36.0,115.0,0.1318918918918919,1464,11100,0.3151522239045656,0.3946459510738214,23.99902225580769,0.4064864864864865,True,True,0.2469621281;0.8215561338;0.8932287906;0.3220866759;0.225348274;0.2465631425;0.4834834838;0.2778755806;0.2645088005;0.3014458345;0.9387067142;0.2969367479,1.836175919;0.5080937316;0.4222105672;1.429873819;2.006740312;1.839030251;0.9755450403;1.641436133;1.719737046;1.520828652;0.3585144156;1.542388958,16.55189189;5.50972973;4.622702703;13.25810811;20.21189189;19.60324324;9.319459459;17.26378378;18.84756757;15.61027027;4.486756757;16.88378378,0.3900633168;0.1456993106;0.1151379628;0.3887710978;0.3921279041;0.3946459511;0.309010483;0.3912828835;0.394609933;0.3859616498;0.09350443543;0.3810117589,0.05432432432;0.1983783784;0.2216216216;0.07756756757;0.04648648649;0.04594594595;0.122972973;0.05702702703;0.05378378378;0.06459459459;0.2116216216;0.06081081081,23.99174042;1.729499705;0.4888422689;23.99902226;23.99535677;23.98641486;20.37725201;23.99552575;23.99345712;23.98667143;0.3585144156;23.99585942,Static geometry,8.0,2
Static-Geometry Safe,2,4,479.3197297297297,23.045405405405404,21.11297297297297,38.0,62.0,52.72837837837838,0.04168918918918919,0.01126126126126126,0.09358108108108108,0.03945945945945946,0.8771958572676769,34.0,119.0,0.05081081081081081,564,11100,0.2820269921606597,0.38866813967684866,23.99793309742025,0.4064864864864865,True,True,0.662118963;0.6741961796;0.3640876;0.2460798207;0.2372011855;0.4128728207;0.5024050881;0.4159209977;0.2309431598;0.4380235493;0.7287104513;0.5641011845,0.6966749552;0.6813572012;1.27608378;1.842501298;1.908996959;1.13470463;0.9393093506;1.126874486;1.959226317;1.072981387;0.6151471375;0.8344446437,7.556216216;7.671891892;13.86513514;19.07540541;23.04540541;11.57945946;10.10675676;11.82513514;19.53189189;12.60324324;7.501891892;8.728108108,0.1854661705;0.1712600533;0.3172965075;0.3779617527;0.3797356113;0.328144312;0.2663068943;0.2832414249;0.3886681397;0.3059446929;0.1554493442;0.2248490026,0.1351351351;0.1364864865;0.07513513514;0.04864864865;0.03945945946;0.09432432432;0.107027027;0.08783783784;0.04648648649;0.08648648649;0.1445945946;0.1213513514,4.526849014;3.271215628;23.97593767;23.99257917;23.9979331;21.17637043;13.46892078;23.93934366;23.99435271;23.92764128;2.766618512;8.461116092,Static geometry,8.0,2
Static-Geometry Safe,2,5,424.0391891891892,25.693783783783783,21.668229729729724,36.0,64.0,53.582432432432434,0.037072072072072075,0.01186936936936937,0.11900900900900901,0.039729729729729726,0.8102051883485482,29.0,165.0,0.06009009009009009,667,11100,0.2539631456533387,0.38666398225472837,23.996260682679683,0.4064864864864865,True,True,0.9411489522;0.4821824971;0.3825098869;0.7544254172;0.3523107703;0.8677360717;0.95;0.2189202535;0.8265150398;0.3376263363;0.2625732011;0.2699141276,0.3546353857;0.9781203331;1.218803669;0.5851252029;1.315645181;0.4538598372;0.2241414152;2.064668323;0.5023771293;1.368663091;1.731770293;1.687095206,4.934864865;9.717297297;11.30297297;6.55027027;12.68162162;6.092702703;4.669189189;25.69378378;5.976756757;12.14405405;17.95081081;18.37459459,0.08338723933;0.2862984651;0.3491707809;0.1488115719;0.3466902841;0.1126063056;0.05385451842;0.3850327413;0.1340124937;0.3758274867;0.3852018787;0.3866639823,0.1935135135;0.1135135135;0.09135135135;0.1654054054;0.08351351351;0.1732432432;0.2010810811;0.03972972973;0.18;0.08378378378;0.04891891892;0.05405405405,0.3546353857;15.87797099;23.81027519;2.806627637;23.96048494;0.7231590234;0.2241414152;23.99272794;1.014262776;23.97967823;23.99626068;23.99342604,Static geometry,8.0,2
Static-Geometry Safe,2,6,304.99432432432434,15.003513513513514,14.277662162162162,26.0,42.0,35.461261261261264,0.011351351351351352,0.001081081081081081,0.13862612612612615,0.061621621621621624,0.9015789139003654,22.699999999999818,85.0,0.008018018018018018,89,11100,0.180078216537941,0.3688668973813399,23.953764736339426,0.4064864864864865,True,True,0.6600953202;0.4082536129;0.95;0.8542797728;0.5796663152;0.95;0.7238759829;0.298421524;0.95;0.3698913443;0.95;0.5870736138,0.6992694381;1.146768836;0.2551559305;0.4699577518;0.8105930222;0.2156180293;0.6208604762;1.535216558;0.2628816135;1.257463669;0.2571157349;0.7995478023,8.001621622;12.30189189;4.732432432;5.741891892;9.227297297;4.60972973;7.874054054;15.00351351;4.55972973;13.68378378;4.735945946;8.862972973,0.1967404014;0.3384517755;0.0568928764;0.1140600165;0.2105351066;0.04871801959;0.1422945092;0.3688668974;0.0581181513;0.3490311318;0.05962305419;0.2176066586,0.1337837838;0.08513513514;0.19;0.1705405405;0.1140540541;0.1932432432;0.1324324324;0.06162162162;0.1897297297;0.0772972973;0.1891891892;0.1264864865,7.878813705;19.12704971;0.2551559305;0.5399155036;6.264825556;0.2156180293;1.76688381;23.95254122;0.2628816135;23.95376474;0.2571157349;7.189147256,Static geometry,8.0,2
Static-Geometry Safe,2,7,343.33972972972975,23.546216216216216,19.91963513513513,33.0,54.0,46.03198198198198,0.028716216216216218,0.006013513513513514,0.14855855855855857,0.03351351351351351,0.8357632914652715,22.0,116.0,0.05702702702702703,633,11100,0.19530206009232545,0.38457914057400927,23.99870369524475,0.4064864864864865,True,True,0.95;0.8194645516;0.5139536145;0.1957148488;0.2668165055;0.95;0.9166527097;0.2817874583;0.4060368001;0.95;0.95;0.8957240492,0.2129344738;0.5105004868;0.9182376412;2.309972111;1.705631049;0.2143947682;0.3910280632;1.619983796;1.152645744;0.2643493157;0.2202876177;0.4190042049,4.582972973;5.430810811;9.432972973;23.54621622;16.31621622;4.595405405;4.998378378;16.95243243;10.78351351;4.616216216;4.595135135;5.146756757,0.05288831931;0.1262453907;0.2970622856;0.3845791406;0.3839974767;0.0527874686;0.1007161471;0.379163775;0.3364479469;0.06558720859;0.05554820198;0.1086013601,0.2086486486;0.1805405405;0.12;0.03351351351;0.06054054054;0.2059459459;0.2016216216;0.05864864865;0.1018918919;0.2037837838;0.2105405405;0.197027027,0.2129344738;1.173503408;12.8301197;23.99665327;23.99844559;0.2143947682;0.3910280632;23.9987037;23.77434997;0.2643493157;0.2202876177;0.4950210247,Static geometry,8.0,2
Static-Geometry Safe,2,8,395.7435135135135,22.144594594594594,21.766581081081082,35.0,60.0,50.97702702702703,0.03565315315315315,0.009932432432432432,0.13304054054054054,0.03918918918918919,0.8019031170496617,25.0,141.0,0.06441441441441441,715,11100,0.23108983317993528,0.39103515929963273,23.997245926388256,0.4064864864864865,True,True,0.924502767;0.7675714746;0.2938168902;0.223720696;0.8564804989;0.95;0.4732619221;0.198994158;0.3554966144;0.365156396;0.95;0.8950142286,0.3798996382;0.5699618165;1.557699888;2.021057334;0.4673466129;0.2347890628;0.9960890923;2.271318822;1.304697623;1.272612991;0.2590903055;0.4199186836,4.56972973;6.752702703;15.57405405;22.14459459;5.607297297;4.492702703;10.51108108;21.4572973;12.23054054;12.40351351;4.41;4.642972973,0.09466688281;0.1585110025;0.376794973;0.3878245155;0.1173418928;0.0585703527;0.3042109931;0.3910351593;0.3529736001;0.3566755868;0.06393228348;0.1105407562,0.2027027027;0.1659459459;0.06189189189;0.04432432432;0.1816216216;0.2083783784;0.1078378378;0.03918918919;0.08594594595;0.08216216216;0.2097297297;0.2067567568,0.3798996382;1.469579982;23.99338414;23.97983616;0.6020398386;0.2347890628;17.68658368;23.99385401;23.99724593;23.95929364;0.2590903055;0.4796747345,Static geometry,8.0,2
Static-Geometry Safe,2,9,527.3102702702703,29.09864864864865,27.64486486486486,46.0,82.0,67.08468468468469,0.06551801801801801,0.025022522522522524,0.1154054054054054,0.03054054054054054,0.7323940078837998,30.0,176.0,0.15306306306306305,1699,11100,0.26068297518831024,0.39513728238502077,23.998106885519285,0.4064864864864865,True,True,0.3257577326;0.6871221964;0.2523803769;0.1963495047;0.5437054116;0.2493362779;0.95;0.4363495231;0.95;0.6652629851;0.95;0.2127973752,1.414897118;0.6652565043;1.798374164;2.302374716;0.8671448273;1.819394726;0.209506079;1.076896197;0.2790122724;0.6926602831;0.247425482;2.123503268,15.48324324;7.552162162;19.74432432;29.09864865;9.183783784;21.6827027;4.081891892;9.544324324;4.586756757;7.446216216;4.308108108;26.45540541,0.3831694357;0.1785404618;0.3868934688;0.3951372824;0.2725647119;0.3948578284;0.05203678015;0.3315093968;0.07088419893;0.2085469069;0.06092016597;0.3931350645,0.06243243243;0.1475675676;0.0427027027;0.03054054054;0.1191891892;0.0427027027;0.2167567568;0.1083783784;0.2102702703;0.1513513514;0.2156756757;0.0372972973,23.99810689;6.62718212;23.99677052;23.99736337;13.29009654;23.99160405;0.209506079;21.07549843;0.2790122724;3.589904246;0.247425482;23.99267976,Static geometry,8.0,2
Static-Geometry Safe,2,10,544.1943243243243,27.564054054054054,24.417756756756752,45.0,74.0,62.630630630630634,0.06556306306306306,0.02141891891891892,0.09103603603603604,0.03594594594594595,0.785159285159285,36.0,128.0,0.10621621621621621,1179,11100,0.30797718604809815,0.3945690841710926,23.999080823852452,0.4064864864864865,True,True,0.2210551088;0.5230742899;0.4621770162;0.8877431859;0.3493760462;0.4491418585;0.5565464418;0.34857734;0.2223217792;0.6900300697;0.2104662511;0.2177243916,2.045012567;0.9021077578;1.019211399;0.4291816563;1.325898395;1.047619095;0.8463561798;1.328717478;2.03354937;0.6616731043;2.146920017;2.075867389,20.93702703;10.79567568;10.95540541;5.210540541;14.53486486;10.72486486;9.124594595;13.61648649;21.31702703;7.348648649;21.84351351;27.56405405,0.3813672084;0.2825791598;0.300254169;0.1036995678;0.3361331606;0.3292921641;0.2399534142;0.3641404117;0.389672028;0.1813341967;0.3945690842;0.3927316682,0.04513513514;0.1078378378;0.102972973;0.1951351351;0.07189189189;0.107027027;0.1227027027;0.07567567568;0.04081081081;0.1502702703;0.03702702703;0.03594594595,23.99589223;11.8800948;16.76845597;0.5167266252;23.96827799;23.94286522;14.96153483;23.90715644;23.99755995;5.696885548;23.99908082;23.99321517,Static geometry,8.0,2
Static-Geometry Safe,2,11,451.6943243243243,27.46837837837838,23.367459459459454,38.0,62.0,53.46891891891892,0.04204954954954955,0.01126126126126126,0.10481981981981985,0.03054054054054054,0.8367660507431481,32.0,145.0,0.04657657657657658,517,11100,0.25715805922856594,0.3772646688402307,23.998416550426132,0.4064864864864865,True,True,0.95;0.2935060875;0.6227889451;0.4312530983;0.6153269509;0.4183303984;0.9434799305;0.4987828682;0.6260188518;0.4351735249;0.2492611008;0.2092716103,0.3358641596;1.559243329;0.7487311135;1.088976442;0.7590395275;1.120756955;0.3508668233;0.9460759936;0.7443154627;1.079661914;1.819920828;2.159149808,5.091621622;15.78135135;8.44027027;11.15189189;9.232702703;12.68162162;5.183783784;11.31621622;9.271891892;10.92621622;20.01216216;27.46837838,0.07525172658;0.3683185592;0.1871827784;0.3272815686;0.1969399855;0.3356212718;0.08117351373;0.2741063419;0.1808485408;0.3090167479;0.3772646688;0.3728910074,0.1905405405;0.06135135135;0.1332432432;0.09378378378;0.1202702703;0.08594594595;0.1791891892;0.09810810811;0.1210810811;0.09864864865;0.04513513514;0.03054054054,0.3358641596;23.99535639;13.44670677;23.8496101;8.412146297;21.92099414;0.3508668233;16.61164769;12.52714221;22.46782892;23.99841655;23.98724712,Static geometry,8.0,2
Static-Geometry Safe,2,12,459.5508108108108,20.723783783783784,20.29151351351351,36.0,57.0,49.98153153153153,0.03617117117117117,0.008243243243243244,0.09977477477477477,0.04216216216216216,0.8350003642109319,33.0,124.0,0.044144144144144144,490,11100,0.27869597324572454,0.39091434525501406,23.999405237997948,0.4064864864864865,True,True,0.2277146089;0.9318683167;0.4490225566;0.364868936;0.3264467419;0.2532754659;0.5108922966;0.7249468559;0.885090931;0.3371942215;0.4510893652;0.3770521179,1.986329388;0.369039043;1.047885528;1.273544601;1.412123145;1.792296255;0.9237509324;0.6195927545;0.4325165816;1.370290719;1.043286736;1.235229773,19.93783784;4.844594595;11.66;13.78513514;14.39972973;20.72378378;9.554594595;6.919459459;5.664594595;14.53783784;11.33351351;12.77135135,0.3800868127;0.08138807003;0.3273934246;0.3583134946;0.3602822295;0.3909143453;0.244169841;0.1445158236;0.1026350159;0.34886861;0.2766119698;0.3291720421,0.04216216216;0.1883783784;0.1016216216;0.07702702703;0.07135135135;0.04648648649;0.1072972973;0.1402702703;0.1735135135;0.07081081081;0.09513513514;0.08324324324,23.9934339;0.369039043;23.97176455;23.93014086;23.98197476;23.99940524;12.45503357;2.376334791;0.4975497449;23.93628025;13.97475619;23.69102909,Static geometry,8.0,2
Static-Geometry Safe,2,13,311.7972972972973,20.214864864864865,16.660527027027022,27.0,45.0,38.98108108108108,0.014752252252252252,0.003445945945945946,0.14146396396396396,0.04378378378378378,0.8922485998710126,23.0,118.0,0.023693693693693695,263,11100,0.18477745743645724,0.38410134014429376,23.99904531254372,0.4064864864864865,True,True,0.931036637;0.7159624459;0.6775674106;0.3509019354;0.95;0.7562371291;0.2357345475;0.5713184825;0.95;0.8385292043;0.9458583108;0.3749843981,0.3702883284;0.6302691506;0.6771299559;1.320546841;0.2764601871;0.5830294735;1.920506701;0.8232731646;0.2265612916;0.488449848;0.3469497415;1.241568686,5.763243243;7.126756757;8.505405405;13.75243243;4.922432432;6.428378378;20.21486486;8.771891892;4.500810811;5.595675676;5.244324324;12.15918919,0.08946966638;0.173920217;0.1690994809;0.3572614562;0.06732179151;0.1481210014;0.3841013401;0.2489845057;0.05492580502;0.1201322599;0.0714528927;0.3325390724,0.1767567568;0.1475675676;0.1289189189;0.07324324324;0.1986486486;0.1583783784;0.04378378378;0.1264864865;0.2043243243;0.1791891892;0.1745945946;0.08567567568,0.3702883284;2.532960657;3.388339205;23.98351417;0.2764601871;2.413324208;23.99904531;10.60510228;0.2265612916;0.6653495441;0.3469497415;23.98510197,Static geometry,8.0,2
Static-Geometry Safe,2,14,472.93594594594595,23.554324324324323,21.254878378378375,38.0,63.0,54.12432432432433,0.04247747747747748,0.011531531531531532,0.09921171171171171,0.04108108108108108,0.8484979628903745,33.0,182.0,0.05477477477477478,608,11100,0.27382028901846317,0.3847775769812912,23.995853383241972,0.4064864864864865,True,True,0.3969158517;0.64914127;0.685168137;0.2123384503;0.8391928019;0.2547057577;0.6450583303;0.3536782427;0.3495021855;0.2638904463;0.8142278578;0.4332858251,1.177446822;0.7134614509;0.6676722331;2.128067317;0.4876767217;1.782678959;0.7188179662;1.310923092;1.325454306;1.723560971;0.5165166625;1.084128614,11.90027027;8.358378378;7.805675676;23.55432432;6.064324324;19.37351351;8.234864865;15.06810811;13.97243243;18.44918919;6.133243243;12.29837838,0.3306397967;0.1951413482;0.1842414459;0.384777577;0.1149335409;0.3729171661;0.2012690305;0.3631611269;0.3489168904;0.367071904;0.1192176297;0.303556012,0.08864864865;0.1272972973;0.1345945946;0.04108108108;0.1656756757;0.05081081081;0.1281081081;0.06918918919;0.07351351351;0.05297297297;0.1643243243;0.09432432432,20.46638387;9.598073684;6.156461361;23.99093361;0.6630301652;23.99376357;3.901087459;23.87892388;23.99450889;23.99585338;0.8660666499;20.36358824,Static geometry,8.0,2
Static-Geometry Safe,2,15,403.3540540540541,26.672162162162163,22.471797297297293,34.0,61.0,52.287837837837834,0.032950450450450454,0.010450450450450451,0.12626126126126128,0.03,0.8343968248607663,27.0,178.0,0.06837837837837837,759,11100,0.2332435868325539,0.391136055401122,23.998206627579762,0.4064864864864865,True,True,0.95;0.6682774533;0.3936552323;0.8783623152;0.2542081145;0.6112416568;0.1961261937;0.2603661895;0.4858854259;0.9440218225;0.777121657;0.6438927182,0.2609434761;0.6888292002;1.186565108;0.4408835581;1.786011998;0.7647485898;2.305041448;1.74572184;0.9708198352;0.349980936;0.5589976316;0.7203540735,4.458378378;6.786486486;11.71459459;5.708648649;19.03513514;7.765405405;26.67216216;16.32;9.739459459;4.748918919;6.797567568;8.35972973,0.06276748478;0.1923136659;0.3434624947;0.1040246882;0.3890609921;0.2157831156;0.3887421252;0.3911360554;0.292820253;0.08361706688;0.1405048101;0.1946902901,0.2081081081;0.1589189189;0.0927027027;0.1775675676;0.05135135135;0.1435135135;0.03;0.05459459459;0.1172972973;0.1991891892;0.1532432432;0.1286486486,0.2609434761;4.754242405;23.99390647;0.5226506742;23.99554779;6.824468976;23.99820663;23.96871495;13.0078744;0.349980936;1.512983421;5.125665177,Static geometry,8.0,2
Static-Geometry Safe,2,16,498.28297297297297,28.388378378378377,24.891270270270265,43.0,75.0,62.24684684684685,0.05918918918918919,0.019977477477477478,0.11682432432432432,0.031081081081081083,0.773033464385714,30.0,131.0,0.1327027027027027,1473,11100,0.2684218060268065,0.39641985333752183,23.999796937624723,0.4064864864864865,True,True,0.3932789834;0.7735119064;0.901603995;0.8416273572;0.2260479039;0.7045979448;0.6624829137;0.1982197585;0.7522839954;0.3841282698;0.2247729528;0.2144342016,1.187626136;0.5631378354;0.4113518347;0.4848363331;2.00065631;0.6439160289;0.6962092138;2.280313362;0.5876051337;1.214015836;2.011774821;2.107404393,12.73594595;6.536216216;4.922432432;5.54;19.32;6.255405405;7.245675676;28.38837838;6.171891892;11.32972973;22.01378378;22.03,0.3453745196;0.1701589459;0.1066179485;0.1162296831;0.3855318781;0.1785561745;0.210556246;0.3962814842;0.1659587472;0.3638766383;0.3854995535;0.3964198533,0.08756756757;0.1740540541;0.2037837838;0.1732432432;0.04513513514;0.1691891892;0.1575675676;0.03108108108;0.1824324324;0.09648648649;0.04108108108;0.04027027027,23.98332498;2.447067531;0.4340555041;0.7393453325;23.68466401;4.810068664;9.567322483;23.99979694;2.088446203;23.22047507;23.98891298;23.99967442,Static geometry,8.0,2
Static-Geometry Safe,2,17,403.99783783783784,27.248648648648647,26.93618918918919,39.0,74.0,60.196846846846846,0.04628378378378378,0.018581081081081082,0.13993243243243245,0.031081081081081083,0.8085567447202073,24.0,175.0,0.08810810810810811,978,11100,0.2121381509435225,0.39591749084463124,23.999695937721718,0.4064864864864865,True,True,0.6058267012;0.4606290406;0.8627452041;0.95;0.8920394043;0.9329954481;0.2434414901;0.2237143759;0.7874097494;0.2072792387;0.95;0.5223938409,0.772389876;1.022513998;0.4598691245;0.2139841101;0.4237308779;0.3673358894;1.861711545;2.021113381;0.5472165522;2.179902851;0.241873434;0.9032962107,8.295405405;9.753513514;4.689459459;3.986486486;5.198378378;4.663513514;18.78459459;27.24864865;6.005135135;26.68054054;4.403513514;9.073513514,0.2204442457;0.2896201811;0.1160858817;0.05685037304;0.1081086348;0.0916354124;0.3844182757;0.393297739;0.1484879509;0.3959174908;0.05857259375;0.2822190323,0.1318918919;0.1083783784;0.1994594595;0.2216216216;0.1894594595;0.2091891892;0.05054054054;0.03378378378;0.1748648649;0.03108108108;0.2067567568;0.1221621622,10.02691653;15.6157559;0.6394764981;0.2139841101;0.4949235117;0.3673358894;23.99413496;23.99042902;1.030515866;23.99969594;0.241873434;16.95821811,Static geometry,8.0,2
Static-Geometry Safe,2,18,337.45405405405404,24.515675675675677,20.327648648648644,32.0,57.0,47.725675675675674,0.02738738738738739,0.00822072072072072,0.15443693693693694,0.039729729729729726,0.846994112926522,20.0,154.0,0.05747747747747748,638,11100,0.1892366162110907,0.39527404558754425,23.9988301609813,0.4064864864864865,True,True,0.95;0.2298402862;0.2514208534;0.95;0.8064515181;0.2889292384;0.86964094;0.95;0.4229897239;0.9113191376;0.93510967;0.8418183031,0.2641897105;1.968390267;1.804941085;0.3377909827;0.5254308787;1.582364629;0.451552802;0.2372894534;1.10910177;0.3983676074;0.3641087485;0.4846132827,4.337297297;24.51567568;16.90108108;4.443783784;6.055675676;15.14864865;5.415135135;4.454594595;10.64216216;4.590810811;5.103243243;6.218918919,0.06897493522;0.3952740456;0.3863549565;0.08371738679;0.1332038282;0.3776291804;0.1188682241;0.06073327361;0.3243373285;0.09786923112;0.09486509014;0.1290119145,0.2175675676;0.03972972973;0.05324324324;0.2113513514;0.1732432432;0.06567567568;0.1883783784;0.2091891892;0.1008108108;0.1989189189;0.2054054054;0.1897297297,0.2641897105;23.99883016;23.97810691;0.3377909827;1.152585272;23.98474892;0.606211208;0.2372894534;23.98263277;0.3983676074;0.3641087485;1.584585958,Static geometry,8.0,2
Static-Geometry Safe,2,19,484.2902702702703,24.076486486486488,23.089013513513514,37.0,60.0,51.265765765765764,0.03835585585585585,0.009684684684684685,0.09531531531531533,0.036216216216216214,0.8322173797320228,34.0,131.0,0.052882882882882884,587,11100,0.2923620450776912,0.3893124742206037,23.99687648505012,0.4064864864864865,True,True,0.8339118425;0.4218873338;0.3658373363;0.3670076204;0.481511622;0.1930715746;0.2120595117;0.3057773787;0.5446939528;0.4653449839;0.3623629999;0.8770434254,0.4938172966;1.111838862;1.270411673;1.266646367;0.9794527448;2.342239302;2.1308523;1.500722279;0.8655191693;1.012509865;1.281724896;0.4425090154,5.952432432;11.95891892;13.39324324;11.82108108;10.56621622;22.28108108;24.07648649;14.89027027;9.257567568;9.625405405;13.16567568;5.601351351,0.1235877883;0.2983935109;0.3406076701;0.3577420146;0.2697465803;0.375391326;0.3893124742;0.3739637679;0.2486613181;0.2859656239;0.3460657219;0.0989067448,0.1737837838;0.08783783784;0.0772972973;0.08783783784;0.1013513514;0.03621621622;0.03756756757;0.06432432432;0.1197297297;0.1072972973;0.07513513514;0.1754054054,0.7752691863;21.77481515;23.98499219;23.93274466;15.75756254;23.99135023;23.99687649;23.98450662;12.1552476;14.8253354;23.99179083;0.5275270463,Static geometry,8.0,2
Static-Geometry Safe,4,0,387.68594594594595,21.935405405405405,20.53216216216216,35.0,60.0,50.8027027027027,0.03391891891891892,0.009481981981981982,0.143490990990991,0.045675675675675674,0.8232788775885646,25.0,183.0,0.05297297297297297,588,11100,0.21788944967830326,0.39980938303211117,23.99998220044626,0.4064864864864865,True,True,0.95;0.2315765095;0.95;0.8081176242;0.6281327393;0.795200025;0.3394136806;0.9476946562;0.5005847781;0.95;0.23436609;0.2528380647,0.3369544871;1.95400716;0.2191119648;0.5235225351;0.7414402559;0.5383055036;1.361973486;0.3438720469;0.9427001774;0.2738400263;1.931388168;1.795260579,4.647567568;21.93540541;4.917297297;6.132972973;8.569459459;6.194324324;12.78675676;4.924324324;10.33621622;4.562432432;19.38405405;18.57945946,0.08542251592;0.3876327717;0.05714676919;0.1380967552;0.2070021039;0.1473793176;0.3839292828;0.08364455194;0.2687969425;0.06431540077;0.3914976017;0.399809383,0.2135135135;0.04567567568;0.2137837838;0.1921621622;0.1435135135;0.19;0.08675675676;0.2054054054;0.1202702703;0.2091891892;0.04918918919;0.05243243243,0.3369544871;23.99443673;0.2191119648;0.7705676054;3.853125886;0.8149165108;23.99181084;0.3438720469;9.967504436;0.2738400263;23.99717177;23.9999822,Static geometry,8.0,4
Static-Geometry Safe,4,1,518.27,27.12135135135135,26.398027027027027,47.0,76.0,64.76891891891891,0.07042792792792793,0.022972972972972974,0.12000000000000001,0.0327027027027027,0.6966785703557501,33.0,155.0,0.12207207207207207,1355,11100,0.2792530023740494,0.39935966892501346,23.99874276705156,0.4064864864864865,True,True,0.5605092249;0.2181252996;0.2316669551;0.3707979081;0.95;0.95;0.2020086086;0.95;0.325972712;0.8362721814;0.2993435181;0.2334007936,0.8400796556;2.072097608;1.953264399;1.254604531;0.2976063768;0.2276934429;2.237061952;0.2579608484;1.414030367;0.4910760745;1.530799061;1.939147999,9.512162162;27.12135135;21.79837838;12.69702703;4.244324324;3.893513514;25.80621622;4.396216216;13.37351351;5.934594595;15.19864865;21.52108108,0.2642845187;0.3959386511;0.3927645169;0.3790940177;0.07753852627;0.06356954772;0.3942065926;0.06616347166;0.3913424583;0.1386958102;0.3880782483;0.3993596689,0.1381081081;0.03891891892;0.04189189189;0.09405405405;0.2216216216;0.2475675676;0.0327027027;0.2259459459;0.08135135135;0.2013513514;0.07189189189;0.04459459459,7.082150702;23.99874277;23.99722263;23.93542526;0.2976063768;0.2276934429;23.99136411;0.2579608484;23.98900631;0.9464564472;23.99317275;23.99430778,Static geometry,8.0,4
Static-Geometry Safe,4,2,415.3816216216216,24.992432432432434,22.52174324324324,37.0,58.0,50.318018018018016,0.038288288288288286,0.008333333333333333,0.13094594594594597,0.036216216216216214,0.8257869047095555,28.0,104.0,0.06387387387387387,709,11100,0.23904764356026606,0.4014059048077046,23.999999667559845,0.4064864864864865,True,True,0.2983974043;0.4720337023;0.7619171253;0.95;0.6042558466;0.7527600943;0.6803453125;0.2438339011;0.7053294905;0.1925045361;0.95;0.2931742638,1.535332493;0.9986066978;0.5764720931;0.328976203;0.7746227687;0.5870535051;0.6736618433;1.858825842;0.6430324214;2.34929577;0.2710575607;1.560894842,15.87162162;9.331621622;6.504324324;4.82027027;8.865135135;6.721621622;7.103783784;20.50027027;7.228108108;24.99243243;4.745135135;15.51783784,0.3863228516;0.2566689107;0.1506617606;0.08313317562;0.2246406029;0.1588217726;0.1733313716;0.4014059048;0.1736187538;0.3949356673;0.06805742537;0.396973526,0.06405405405;0.1256756757;0.1802702703;0.207027027;0.1402702703;0.172972973;0.1627027027;0.04459459459;0.1602702703;0.03621621622;0.2108108108;0.06648648649,23.99061455;9.152627724;0.9294162793;0.328976203;4.292455374;1.335267526;2.08394212;23.97730313;1.458194529;23.99999967;0.2710575607;23.99901395,Static geometry,8.0,4
Static-Geometry Safe,4,3,503.84135135135136,20.667297297297296,20.347256756756757,43.0,64.0,56.428378378378376,0.057927927927927926,0.01286036036036036,0.10738738738738739,0.04810810810810811,0.718433190441952,35.0,123.0,0.09243243243243243,1026,11100,0.31561651982505035,0.3960043143422924,23.9988214464753,0.4064864864864865,True,True,0.2469621281;0.8215561338;0.8932287906;0.3220866759;0.225348274;0.2465631425;0.4834834838;0.2778755806;0.2645088005;0.3014458345;0.9387067142;0.2969367479,1.836175919;0.5080937316;0.4222105672;1.429873819;2.006740312;1.839030251;0.9755450403;1.641436133;1.719737046;1.520828652;0.3585144156;1.542388958,18.26189189;5.513243243;4.702162162;12.4327027;20.08540541;20.6672973;9.828378378;15.91135135;18.22810811;16.35;4.431351351;16.35918919,0.3950259544;0.1435021485;0.1146815189;0.3957272407;0.3953820776;0.3931548455;0.3055828923;0.3899519893;0.3960043143;0.389249928;0.09437649752;0.3747588307,0.05783783784;0.2064864865;0.2272972973;0.08675675676;0.04864864865;0.04810810811;0.1321621622;0.06486486486;0.05891891892;0.06810810811;0.2191891892;0.07027027027,23.99541437;0.9404686578;0.4888422689;23.98892778;23.99767838;23.98108556;17.2060673;23.99882145;23.98300089;23.98667143;0.3585144156;23.97240148,Static geometry,8.0,4
Static-Geometry Safe,4,4,473.7840540540541,21.25027027027027,21.157067567567566,37.0,60.0,51.73468468468469,0.03905405405405405,0.009752252252252252,0.1025,0.04594594594594595,0.8764504747700795,33.0,126.0,0.04675675675675676,519,11100,0.282965377680279,0.393963345939476,23.997933097420248,0.4064864864864865,True,True,0.662118963;0.6741961796;0.3640876;0.2460798207;0.2372011855;0.4128728207;0.5024050881;0.4159209977;0.2309431598;0.4380235493;0.7287104513;0.5641011845,0.6966749552;0.6813572012;1.27608378;1.842501298;1.908996959;1.13470463;0.9393093506;1.126874486;1.959226317;1.072981387;0.6151471375;0.8344446437,7.610540541;7.590810811;13.35378378;18.64648649;21.08081081;11.65594595;10.33189189;11.5572973;21.25027027;11.9027027;7.478918919;8.188378378,0.1860310421;0.1721808062;0.3252289202;0.3889171658;0.3864428979;0.3229308043;0.2619911486;0.2823277429;0.3939633459;0.3004347885;0.15727816;0.2178577097,0.1502702703;0.1508108108;0.08486486486;0.05054054054;0.04891891892;0.1005405405;0.1127027027;0.09648648649;0.04594594595;0.09783783784;0.1556756757;0.1354054054,1.780049731;1.525428805;23.99551877;23.99257917;23.9979331;16.08227782;7.397208569;18.93310907;23.99644225;17.09751607;1.290882825;3.682225012,Static geometry,8.0,4
Static-Geometry Safe,4,5,436.85513513513513,26.074054054054056,21.346581081081077,37.0,64.0,54.038738738738736,0.03763513513513513,0.01168918918918919,0.12518018018018015,0.04297297297297297,0.8178456255212906,29.0,166.0,0.047747747747747746,530,11100,0.25346126535227304,0.38848786896347715,23.994891884891338,0.4064864864864865,True,True,0.9411489522;0.4821824971;0.3825098869;0.7544254172;0.3523107703;0.8677360717;0.95;0.2189202535;0.8265150398;0.3376263363;0.2625732011;0.2699141276,0.3546353857;0.9781203331;1.218803669;0.5851252029;1.315645181;0.4538598372;0.2241414152;2.064668323;0.5023771293;1.368663091;1.731770293;1.687095206,4.901891892;10.09486486;11.25972973;6.652972973;14.14108108;6.197567568;4.662702703;26.07405405;6.190540541;12.87621622;17.47864865;17.42864865,0.08616681397;0.2754598344;0.3429120593;0.1481790041;0.3538018797;0.1112569925;0.05567188124;0.3800105751;0.1317042744;0.3817460298;0.3861379707;0.388487869,0.2062162162;0.1183783784;0.09756756757;0.1732432432;0.08783783784;0.18;0.21;0.04297297297;0.1837837838;0.0827027027;0.05540540541;0.06405405405,0.3546353857;9.609248994;22.21539813;1.140500811;23.98355061;0.5615795117;0.2241414152;23.99489188;0.8190170342;23.98983911;23.99252137;23.98366234,Static geometry,8.0,4
Static-Geometry Safe,4,6,314.5843243243243,16.074864864864864,15.345148648648648,28.0,45.0,38.0509009009009,0.01518018018018018,0.0019369369369369369,0.14777027027027026,0.06378378378378378,0.9039936631202213,23.0,81.0,0.006756756756756757,75,11100,0.17814664999343152,0.366792280410691,23.99547723880539,0.4064864864864865,True,True,0.6600953202;0.4082536129;0.95;0.8542797728;0.5796663152;0.95;0.7238759829;0.298421524;0.95;0.3698913443;0.95;0.5870736138,0.6992694381;1.146768836;0.2551559305;0.4699577518;0.8105930222;0.2156180293;0.6208604762;1.535216558;0.2628816135;1.257463669;0.2571157349;0.7995478023,8.206216216;12.61567568;4.714324324;5.98;9.365945946;4.70972973;8.021621622;16.07486486;4.375675676;14.74810811;4.537297297;9.266216216,0.1903146822;0.3235747744;0.05937547464;0.1157112194;0.2022100972;0.05029144845;0.1406165079;0.3667922804;0.06081801652;0.3527695373;0.06156879489;0.2137169666,0.1437837838;0.09378378378;0.2005405405;0.1808108108;0.1251351351;0.1994594595;0.1402702703;0.06378378378;0.2043243243;0.08243243243;0.2035135135;0.1354054054,1.792694381;17.71105996;0.2551559305;0.5399155036;3.337709289;0.2156180293;1.062581429;23.99547724;0.2628816135;23.96274746;0.2571157349;3.99231264,Static geometry,8.0,4
Static-Geometry Safe,4,7,367.5697297297297,28.723513513513513,22.649581081081074,35.0,65.0,54.142342342342346,0.0368018018018018,0.01259009009009009,0.15556306306306308,0.03216216216216216,0.8378373370756439,22.0,196.0,0.06,666,11100,0.19489090237656145,0.38967177800259817,23.998884423624965,0.4064864864864865,True,True,0.95;0.8194645516;0.5139536145;0.1957148488;0.2668165055;0.95;0.9166527097;0.2817874583;0.4060368001;0.95;0.95;0.8957240492,0.2129344738;0.5105004868;0.9182376412;2.309972111;1.705631049;0.2143947682;0.3910280632;1.619983796;1.152645744;0.2643493157;0.2202876177;0.4190042049,4.594594595;5.468108108;9.76;28.72351351;16.2527027;4.656486486;5.250810811;17.68;11.32378378;4.534594595;4.521891892;5.234594595,0.05288831931;0.1281770141;0.2821719454;0.3883250413;0.3844584581;0.05307719126;0.1017729797;0.389671778;0.3258560671;0.06587299163;0.05679848306;0.1096205596,0.2151351351;0.1921621622;0.1313513514;0.03216216216;0.06351351351;0.21;0.2118918919;0.06189189189;0.1094594595;0.2118918919;0.2197297297;0.2075675676,0.2129344738;0.7315014605;6.110653955;23.99888442;23.9759214;0.2143947682;0.3910280632;23.99708331;23.80053827;0.2643493157;0.2202876177;0.4950210247,Static geometry,8.0,4
Static-Geometry Safe,4,8,407.50513513513516,23.809729729729728,22.893013513513512,37.0,59.0,50.83828828828829,0.03862612612612613,0.008986486486486487,0.13837837837837838,0.032972972972972976,0.7959552060629403,25.0,119.0,0.062162162162162166,690,11100,0.23113227045771204,0.3954717594455085,23.9978746481775,0.4064864864864865,True,True,0.924502767;0.7675714746;0.2938168902;0.223720696;0.8564804989;0.95;0.4732619221;0.198994158;0.3554966144;0.365156396;0.95;0.8950142286,0.3798996382;0.5699618165;1.557699888;2.021057334;0.4673466129;0.2347890628;0.9960890923;2.271318822;1.304697623;1.272612991;0.2590903055;0.4199186836,4.714864865;6.814324324;15.98918919;22.14297297;5.473783784;4.677027027;10.78513514;23.80972973;12.74594595;12.31243243;4.293243243;4.647027027,0.09579631417;0.1560463027;0.3814259727;0.3954717594;0.1162051037;0.05939528725;0.2864429174;0.3941045091;0.3649627134;0.3460131536;0.06491262518;0.1128105869,0.2078378378;0.1756756757;0.06324324324;0.04;0.1910810811;0.2148648649;0.1202702703;0.03297297297;0.08783783784;0.09162162162;0.2205405405;0.2145945946,0.3798996382;0.9098854496;23.99787465;23.97921071;0.6020398386;0.2347890628;14.09440549;23.99692701;23.9059391;21.41406766;0.2590903055;0.4398373672,Static geometry,8.0,4
Static-Geometry Safe,4,9,504.0910810810811,27.317297297297298,25.832594594594593,44.0,73.0,61.15,0.06096846846846847,0.02009009009009009,0.12378378378378375,0.033783783783783786,0.7498614770302103,30.0,120.0,0.11837837837837838,1314,11100,0.2599622936104236,0.39715250315115797,23.997363366626036,0.4064864864864865,True,True,0.3257577326;0.6871221964;0.2523803769;0.1963495047;0.5437054116;0.2493362779;0.95;0.4363495231;0.95;0.6652629851;0.95;0.2127973752,1.414897118;0.6652565043;1.798374164;2.302374716;0.8671448273;1.819394726;0.209506079;1.076896197;0.2790122724;0.6926602831;0.247425482;2.123503268,15.7427027;7.751891892;19.12;27.3172973;9.74;19.18621622;4.130540541;9.412972973;4.6;7.507027027;4.451081081;24.61783784,0.3839342449;0.175843476;0.3912678925;0.3963818093;0.2657681714;0.3968247416;0.05413184094;0.3210314879;0.07231696465;0.2014330985;0.06346129254;0.3971525032,0.07162162162;0.1572972973;0.04918918919;0.03378378378;0.1316216216;0.05054054054;0.2289189189;0.1202702703;0.2175675676;0.1654054054;0.2210810811;0.03810810811,23.9898763;3.309360573;23.98376384;23.99736337;9.955806884;23.99407707;0.209506079;18.21377181;0.2790122724;2.126602831;0.247425482;23.99466673,Static geometry,8.0,4
Static-Geometry Safe,4,10,550.4191891891892,26.422432432432434,24.357554054054052,45.0,76.0,63.84144144144144,0.06630630630630631,0.021824324324324323,0.0986036036036036,0.03594594594594595,0.780434482358743,37.0,174.0,0.10153153153153154,1127,11100,0.3088021511619496,0.40066418674338794,23.995404119262624,0.4064864864864865,True,True,0.2210551088;0.5230742899;0.4621770162;0.8877431859;0.3493760462;0.4491418585;0.5565464418;0.34857734;0.2223217792;0.6900300697;0.2104662511;0.2177243916,2.045012567;0.9021077578;1.019211399;0.4291816563;1.325898395;1.047619095;0.8463561798;1.328717478;2.03354937;0.6616731043;2.146920017;2.075867389,22.66810811;10.74621622;11.09648649;5.121081081;14.91243243;10.96162162;9.110810811;13.95648649;21.58891892;7.458378378;22.4627027;26.42243243,0.3957375669;0.2667313208;0.2892356673;0.1099633;0.3418667752;0.3233462179;0.2374372202;0.3659359758;0.4006641867;0.1827648413;0.3992110734;0.3927316682,0.0472972973;0.1162162162;0.1148648649;0.2127027027;0.08189189189;0.1159459459;0.1351351351;0.08081081081;0.04432432432;0.1602702703;0.03783783784;0.03594594595,23.98566603;7.446370672;12.53791918;0.5750899378;23.7323422;14.91428741;10.77611011;23.96096733;23.98978262;2.755057939;23.99540412;23.99321517,Static geometry,8.0,4
Static-Geometry Safe,4,11,454.03324324324325,26.62162162162162,24.067837837837832,39.0,67.0,55.99054054054054,0.04511261261261261,0.01427927927927928,0.11518018018018018,0.03594594594594595,0.845772231268631,31.0,128.0,0.042522522522522525,472,11100,0.25686531548491726,0.3964476181032941,23.99683310085231,0.4064864864864865,True,True,0.95;0.2935060875;0.6227889451;0.4312530983;0.6153269509;0.4183303984;0.9434799305;0.4987828682;0.6260188518;0.4351735249;0.2492611008;0.2092716103,0.3358641596;1.559243329;0.7487311135;1.088976442;0.7590395275;1.120756955;0.3508668233;0.9460759936;0.7443154627;1.079661914;1.819920828;2.159149808,5.044054054;14.82972973;8.121621622;11.28108108;9.218918919;13.32351351;5.029459459;11.32;9.758378378;11.33243243;21.97837838;26.62162162,0.07897346456;0.3598902169;0.1908252541;0.3187463479;0.1909907568;0.3259282387;0.08600978616;0.2600430501;0.178032212;0.3119347531;0.3964476181;0.3845620874,0.1983783784;0.07027027027;0.1513513514;0.1056756757;0.1340540541;0.09378378378;0.1978378378;0.1075675676;0.1297297297;0.1091891892;0.04837837838;0.03594594595,0.3358641596;23.99535639;4.215740065;15.53779856;5.375988187;23.96617423;0.3508668233;15.29012782;3.919255642;17.34918126;23.9968331;23.99336235,Static geometry,8.0,4
Static-Geometry Safe,4,12,472.52783783783786,21.82918918918919,20.772594594594594,38.0,59.0,52.19144144144144,0.04051801801801802,0.009121621621621622,0.10833333333333332,0.047837837837837835,0.8442772148314223,32.0,124.0,0.03720720720720721,413,11100,0.27824680353159753,0.39430517600691645,23.99940523799794,0.4064864864864865,True,True,0.2277146089;0.9318683167;0.4490225566;0.364868936;0.3264467419;0.2532754659;0.5108922966;0.7249468559;0.885090931;0.3371942215;0.4510893652;0.3770521179,1.986329388;0.369039043;1.047885528;1.273544601;1.412123145;1.792296255;0.9237509324;0.6195927545;0.4325165816;1.370290719;1.043286736;1.235229773,19.90810811;4.928918919;11.25378378;13.47378378;14.65972973;21.82918919;10.05567568;6.615405405;5.67972973;15.57135135;12.16513514;12.36540541,0.3892131909;0.08507846046;0.3081349878;0.3552156834;0.3648620883;0.394305176;0.2419228793;0.1450181961;0.1062588034;0.3547941915;0.2726643984;0.3214935868,0.05108108108;0.1959459459;0.1091891892;0.08459459459;0.07972972973;0.04783783784;0.1167567568;0.16;0.1851351351;0.07702702703;0.1024324324;0.09027027027,23.9934339;0.369039043;23.95484878;23.99469485;23.93348218;23.99940524;7.180014918;1.317556527;0.4650331633;22.84715241;12.79559493;21.35120386,Static geometry,8.0,4
Static-Geometry Safe,4,13,328.7043243243243,24.485405405405405,18.600702702702694,29.0,54.0,45.193693693693696,0.020225225225225227,0.00786036036036036,0.14972972972972973,0.04297297297297297,0.895700191981338,23.0,146.0,0.03063063063063063,340,11100,0.1838797805311788,0.3872156753346529,23.996511808936678,0.4064864864864865,True,True,0.931036637;0.7159624459;0.6775674106;0.3509019354;0.95;0.7562371291;0.2357345475;0.5713184825;0.95;0.8385292043;0.9458583108;0.3749843981,0.3702883284;0.6302691506;0.6771299559;1.320546841;0.2764601871;0.5830294735;1.920506701;0.8232731646;0.2265612916;0.488449848;0.3469497415;1.241568686,5.822972973;6.918378378;8.344324324;13.78594595;5.027837838;6.455405405;24.48540541;9.045675676;4.469189189;5.603783784;5.188108108;12.76378378,0.08896927675;0.1693209556;0.1645242785;0.3504802697;0.06851729502;0.1476482748;0.3872156753;0.2387492177;0.05676278846;0.124356691;0.07445353912;0.3355591044,0.182972973;0.1594594595;0.1432432432;0.07972972973;0.2067567568;0.167027027;0.04297297297;0.1359459459;0.2135135135;0.1889189189;0.1837837838;0.09243243243,0.3702883284;1.442153205;1.539909691;21.95609151;0.2764601871;0.9490884205;23.99651181;7.335282786;0.2265612916;0.6653495441;0.3469497415;23.75686861,Static geometry,8.0,4
Static-Geometry Safe,4,14,485.16486486486485,26.99810810810811,23.650837837837834,39.0,67.0,57.1990990990991,0.04587837837837838,0.013288288288288288,0.10813063063063065,0.03810810810810811,0.8435035271134175,33.0,182.0,0.040450450450450454,449,11100,0.27502264582366726,0.39513033690007043,23.996995701246963,0.4064864864864865,True,True,0.3969158517;0.64914127;0.685168137;0.2123384503;0.8391928019;0.2547057577;0.6450583303;0.3536782427;0.3495021855;0.2638904463;0.8142278578;0.4332858251,1.177446822;0.7134614509;0.6676722331;2.128067317;0.4876767217;1.782678959;0.7188179662;1.310923092;1.325454306;1.723560971;0.5165166625;1.084128614,12.06783784;8.452702703;7.880810811;26.99810811;6.068378378;16.84;8.471621622;15.42297297;14.04297297;20.91216216;5.998378378;12.15486486,0.3293668812;0.1907063176;0.1773842717;0.3951303369;0.118755872;0.3844804891;0.1960236021;0.3546578419;0.3510662758;0.3829100318;0.1232660035;0.2965238264,0.09837837838;0.1418918919;0.1435135135;0.03810810811;0.1802702703;0.05810810811;0.1413513514;0.07864864865;0.08351351351;0.05243243243;0.1802702703;0.1010810811,16.21361736;3.609613371;2.415083496;23.97345265;0.6630301652;23.9969957;2.231725763;23.99323131;23.99450889;23.98956077;0.7495499874;14.18734397,Static geometry,8.0,4
Static-Geometry Safe,4,15,435.47837837837835,30.33,25.441391891891886,39.0,75.0,60.55225225225225,0.04605855855855856,0.01756756756756757,0.13355855855855855,0.030810810810810812,0.8374983304763282,26.0,167.0,0.07711711711711712,856,11100,0.2334651979141457,0.4001005729555505,23.99744540922846,0.4064864864864865,True,True,0.95;0.6682774533;0.3936552323;0.8783623152;0.2542081145;0.6112416568;0.1961261937;0.2603661895;0.4858854259;0.9440218225;0.777121657;0.6438927182,0.2609434761;0.6888292002;1.186565108;0.4408835581;1.786011998;0.7647485898;2.305041448;1.74572184;0.9708198352;0.349980936;0.5589976316;0.7203540735,4.375675676;6.854324324;11.64648649;5.872702703;21.44162162;7.951621622;30.33;18.92351351;10.09486486;4.74027027;7.015135135;8.866756757,0.06410746479;0.1932445162;0.3370486293;0.1052162653;0.389543698;0.2118560283;0.3993328562;0.400100573;0.2846863571;0.08579262405;0.1400515688;0.1906017941,0.2148648649;0.1740540541;0.107027027;0.1835135135;0.05;0.1548648649;0.03081081081;0.05621621622;0.1240540541;0.2054054054;0.1621621622;0.1397297297,0.2609434761;1.844146001;20.52520862;0.5226506742;23.99109558;4.859720386;23.99744541;23.99517707;11.07049588;0.349980936;0.8769928948;2.884957029,Static geometry,8.0,4
Static-Geometry Safe,4,16,489.35027027027024,27.473783783783784,24.563540540540536,42.0,76.0,61.94504504504504,0.05578828828828829,0.01981981981981982,0.12452702702702702,0.03405405405405405,0.7782660996521841,30.0,126.0,0.10963963963963964,1217,11100,0.2694232738869318,0.4005955905712983,23.99979693762477,0.4064864864864865,True,True,0.3932789834;0.7735119064;0.901603995;0.8416273572;0.2260479039;0.7045979448;0.6624829137;0.1982197585;0.7522839954;0.3841282698;0.2247729528;0.2144342016,1.187626136;0.5631378354;0.4113518347;0.4848363331;2.00065631;0.6439160289;0.6962092138;2.280313362;0.5876051337;1.214015836;2.011774821;2.107404393,12.92297297;6.834054054;4.987567568;5.714864865;18.50351351;6.282702703;6.965675676;27.47378378;6.224324324;11.47324324;22.18243243;22.15810811,0.3469794197;0.1657451629;0.1085079434;0.1192435306;0.3963462366;0.1808185822;0.2043468125;0.4005955906;0.163417752;0.3563300534;0.3914805056;0.3992676971,0.09837837838;0.1813513514;0.2121621622;0.1840540541;0.04837837838;0.1832432432;0.1681081081;0.03405405405;0.1935135135;0.1059459459;0.04486486486;0.04027027027,23.98332498;1.378827012;0.4340555041;0.6545089994;23.79361149;1.551328231;2.443138207;23.99979694;1.688446203;21.22047507;23.98856908;23.99251421,Static geometry,8.0,4
Static-Geometry Safe,4,17,398.25945945945944,25.17810810810811,25.04848648648649,39.0,70.0,57.74684684684685,0.047454954954954956,0.017454954954954954,0.14824324324324323,0.03567567567567568,0.813792716359451,24.0,116.0,0.07225225225225225,802,11100,0.21122455707154963,0.39650665377743577,23.998057027533086,0.4064864864864865,True,True,0.6058267012;0.4606290406;0.8627452041;0.95;0.8920394043;0.9329954481;0.2434414901;0.2237143759;0.7874097494;0.2072792387;0.95;0.5223938409,0.772389876;1.022513998;0.4598691245;0.2139841101;0.4237308779;0.3673358894;1.861711545;2.021113381;0.5472165522;2.179902851;0.241873434;0.9032962107,8.738108108;10.14648649;4.797567568;3.887297297;5.185675676;4.662162162;20.97486486;24.94243243;6.398378378;25.17810811;4.327297297;9.093513514,0.2112590688;0.2838167233;0.1203117061;0.05783354328;0.1093683752;0.0936210118;0.3954879119;0.3889277641;0.1478963655;0.3965066538;0.06014150251;0.2695240586,0.1413513514;0.1181081081;0.212972973;0.2313513514;0.1986486486;0.2194594595;0.04810810811;0.03918918919;0.1859459459;0.03567567568;0.2148648649;0.1332432432,4.758238016;9.517821956;0.5796073736;0.2139841101;0.4474617559;0.3673358894;23.99277009;23.98581206;0.8416496567;23.99805703;0.241873434;10.63514464,Static geometry,8.0,4
Static-Geometry Safe,4,18,343.60324324324324,23.79945945945946,21.44947297297297,32.0,60.0,50.75135135135135,0.027972972972972972,0.009977477477477478,0.1597072072072072,0.045675675675675674,0.8548545442910515,21.0,177.0,0.046306306306306305,514,11100,0.18884858064196827,0.3920820613701483,23.998058294668787,0.4064864864864865,True,True,0.95;0.2298402862;0.2514208534;0.95;0.8064515181;0.2889292384;0.86964094;0.95;0.4229897239;0.9113191376;0.93510967;0.8418183031,0.2641897105;1.968390267;1.804941085;0.3377909827;0.5254308787;1.582364629;0.451552802;0.2372894534;1.10910177;0.3983676074;0.3641087485;0.4846132827,4.64027027;23.79945946;19.52675676;4.581351351;6.332702703;14.59027027;5.539189189;4.464054054;10.90783784;4.642432432;5.118378378;6.28,0.06954615621;0.3920820614;0.383428025;0.08536069428;0.1339138699;0.3806228432;0.1183800589;0.06111806731;0.3231382995;0.0992689011;0.09397942021;0.1253445707,0.2191891892;0.04567567568;0.05621621622;0.2113513514;0.1843243243;0.07189189189;0.1945945946;0.2162162162;0.1035135135;0.2108108108;0.2078378378;0.1948648649,0.2641897105;23.99805829;23.99619822;0.3377909827;0.9017235147;23.95429695;0.554658406;0.2372894534;20.65532746;0.3983676074;0.3641087485;0.6538398482,Static geometry,8.0,4
Static-Geometry Safe,4,19,485.4218918918919,25.44162162162162,23.687864864864864,38.0,63.0,52.76981981981982,0.04243243243243243,0.011396396396396396,0.10522522522522522,0.03783783783783784,0.8313537079051558,34.0,122.0,0.0490990990990991,545,11100,0.2926760155478037,0.3962815684459906,23.996876485050244,0.4064864864864865,True,True,0.8339118425;0.4218873338;0.3658373363;0.3670076204;0.481511622;0.1930715746;0.2120595117;0.3057773787;0.5446939528;0.4653449839;0.3623629999;0.8770434254,0.4938172966;1.111838862;1.270411673;1.266646367;0.9794527448;2.342239302;2.1308523;1.500722279;0.8655191693;1.012509865;1.281724896;0.4425090154,5.937567568;11.81702703;13.52702703;12.24648649;10.47324324;22.25297297;25.44162162;15.61918919;8.901891892;9.453513514;12.80432432;5.396756757,0.1266574634;0.2872751223;0.3433545062;0.3621923937;0.2618050715;0.3962815684;0.3875847561;0.3792365759;0.2379008095;0.2796716437;0.3450264855;0.1051257904,0.1859459459;0.09621621622;0.08837837838;0.09459459459;0.1159459459;0.03783783784;0.03891891892;0.0672972973;0.1356756757;0.1210810811;0.08648648649;0.1943243243,0.7752691863;15.90378198;23.86363732;23.93213568;9.947960386;23.99135023;23.99687649;23.99606308;8.241421725;8.625177564;20.92936718;0.4850180308,Static geometry,8.0,4
Static-Geometry Safe,8,0,388.51567567567565,19.91054054054054,19.66066216216216,36.0,57.0,49.336036036036035,0.0363063063063063,0.0077477477477477475,0.14572072072072073,0.04891891891891892,0.8309370465773676,25.0,102.0,0.04027027027027027,447,11100,0.21836342834739533,0.39980938303211117,23.99998220044658,0.4064864864864865,True,True,0.95;0.2315765095;0.95;0.8081176242;0.6281327393;0.795200025;0.3394136806;0.9476946562;0.5005847781;0.95;0.23436609;0.2528380647,0.3369544871;1.95400716;0.2191119648;0.5235225351;0.7414402559;0.5383055036;1.361973486;0.3438720469;0.9427001774;0.2738400263;1.931388168;1.795260579,4.656486486;19.91054054;5.122432432;5.93972973;9.384864865;6.317837838;13.52405405;5.01972973;10.95297297;4.648378378;19.45621622;18.59756757,0.0855135847;0.3960825323;0.05744286644;0.1385212329;0.2019923724;0.1473793176;0.3839292828;0.08290104481;0.2647204012;0.06535155222;0.3967175697;0.399809383,0.2191891892;0.04891891892;0.2137837838;0.1983783784;0.1478378378;0.1886486486;0.08864864865;0.2021621622;0.1227027027;0.2097297297;0.04945945946;0.05918918919,0.3369544871;23.99862288;0.2191119648;0.8940901405;1.765761024;0.8149165108;23.94536011;0.3438720469;5.368603194;0.2738400263;23.98408667;23.9999822,Static geometry,8.0,8
Static-Geometry Safe,8,1,545.4827027027027,31.143243243243244,28.195540540540538,50.0,85.0,71.14144144144144,0.08259009009009009,0.030833333333333334,0.12346846846846847,0.027837837837837838,0.7049658977713822,32.0,154.0,0.1290990990990991,1433,11100,0.27967340230160104,0.4019801391935504,23.997954114979102,0.4064864864864865,True,True,0.5605092249;0.2181252996;0.2316669551;0.3707979081;0.95;0.95;0.2020086086;0.95;0.325972712;0.8362721814;0.2993435181;0.2334007936,0.8400796556;2.072097608;1.953264399;1.254604531;0.2976063768;0.2276934429;2.237061952;0.2579608484;1.414030367;0.4910760745;1.530799061;1.939147999,9.039189189;25.78378378;21.87135135;13.72054054;4.188378378;4.107567568;31.14324324;4.390810811;13.04459459;5.939459459;15.72459459;24.36918919,0.2522509452;0.4004188622;0.3954040634;0.3780767708;0.07777982874;0.06424647417;0.3960204266;0.0665120674;0.3940176509;0.1392267033;0.3901468957;0.4019801392,0.1478378378;0.04567567568;0.04459459459;0.09783783784;0.2254054054;0.2462162162;0.02783783784;0.2267567568;0.08540540541;0.2127027027;0.07594594595;0.04540540541,4.040876212;23.99795411;23.99722263;23.79067963;0.2976063768;0.2276934429;23.99136411;0.2579608484;23.92573512;0.7643042981;23.99255009;23.99430778,Static geometry,8.0,8
Static-Geometry Safe,8,2,457.42945945945945,29.042972972972972,26.17866216216216,41.0,70.0,59.22072072072072,0.051981981981981985,0.01626126126126126,0.13427927927927927,0.031081081081081083,0.8277057034299863,27.0,171.0,0.08558558558558559,950,11100,0.2398528402975764,0.3998987487195655,23.999999335120094,0.4064864864864865,True,True,0.2983974043;0.4720337023;0.7619171253;0.95;0.6042558466;0.7527600943;0.6803453125;0.2438339011;0.7053294905;0.1925045361;0.95;0.2931742638,1.535332493;0.9986066978;0.5764720931;0.328976203;0.7746227687;0.5870535051;0.6736618433;1.858825842;0.6430324214;2.34929577;0.2710575607;1.560894842,17.02;9.326486486;6.750810811;4.818108108;9.637027027;6.82027027;7.028918919;23.83513514;7.128378378;29.04297297;4.774864865;15.42054054,0.3896424894;0.2682743399;0.1506617606;0.08162166333;0.2198253803;0.1570764784;0.1742417254;0.3998987487;0.1730973761;0.3981103913;0.06754461377;0.3982391164,0.06297297297;0.1348648649;0.1810810811;0.2083783784;0.1440540541;0.1737837838;0.1702702703;0.04783783784;0.1705405405;0.03108108108;0.212972973;0.07351351351,23.99583358;5.354021026;0.9294162793;0.328976203;2.622359381;1.335267526;1.494647373;23.97738176;1.372129686;23.99999934;0.2710575607;23.97484746,Static geometry,8.0,8
Static-Geometry Safe,8,3,538.862972972973,23.336216216216215,21.83397297297297,46.0,67.0,58.546396396396396,0.07101351351351351,0.016126126126126124,0.10716216216216216,0.04540540540540541,0.7142326572427404,38.0,108.0,0.10108108108108108,1122,11100,0.31706005793455566,0.39925787091552734,23.995525753252284,0.4064864864864865,True,True,0.2469621281;0.8215561338;0.8932287906;0.3220866759;0.225348274;0.2465631425;0.4834834838;0.2778755806;0.2645088005;0.3014458345;0.9387067142;0.2969367479,1.836175919;0.5080937316;0.4222105672;1.429873819;2.006740312;1.839030251;0.9755450403;1.641436133;1.719737046;1.520828652;0.3585144156;1.542388958,18.52513514;5.784054054;4.864864865;13.09135135;23.33621622;20.60486486;9.777297297;17.05837838;19.26297297;16.93054054;4.652432432;18.26567568,0.3960184819;0.1410303412;0.1147956299;0.3945678836;0.3975515266;0.3956400215;0.2971457461;0.3930574091;0.3992578709;0.3937713105;0.09253547755;0.3893489965,0.05297297297;0.2054054054;0.2286486486;0.08702702703;0.04540540541;0.04864864865;0.14;0.06540540541;0.05756756757;0.07297297297;0.2164864865;0.06540540541,23.99174042;0.8323749262;0.4666317017;23.96369158;23.98839192;23.97623681;8.76853137;23.99552575;23.97896367;23.99540734;0.3585144156;23.99206523,Static geometry,8.0,8
Static-Geometry Safe,8,4,473.27351351351354,21.06,20.613162162162162,39.0,60.0,51.843693693693695,0.04628378378378378,0.009752252252252252,0.10659909909909908,0.04378378378378378,0.8731268803303467,34.0,98.0,0.036126126126126125,401,11100,0.2832544086444061,0.3966109490707897,23.99497405061679,0.4064864864864865,True,True,0.662118963;0.6741961796;0.3640876;0.2460798207;0.2372011855;0.4128728207;0.5024050881;0.4159209977;0.2309431598;0.4380235493;0.7287104513;0.5641011845,0.6966749552;0.6813572012;1.27608378;1.842501298;1.908996959;1.13470463;0.9393093506;1.126874486;1.959226317;1.072981387;0.6151471375;0.8344446437,7.871351351;7.887297297;13.86378378;20.24756757;19.83162162;11.60405405;10.96648649;11.77243243;21.06;12.64324324;7.55;8.272972973,0.1854661705;0.1760479687;0.3293675703;0.3933989257;0.3926342394;0.3143438503;0.2589447399;0.2853733496;0.3966109491;0.2873850148;0.157111904;0.2223682213,0.1586486486;0.1532432432;0.08972972973;0.05027027027;0.05054054054;0.1043243243;0.1191891892;0.1048648649;0.04378378378;0.1018918919;0.1610810811;0.1416216216,1.483374776;1.288143207;15.25426207;23.99257917;23.98759858;7.959387978;3.793093506;9.616849825;23.99497405;7.713664972;1.26058855;2.710001793,Static geometry,8.0,8
Static-Geometry Safe,8,5,434.22513513513513,23.64189189189189,21.06774324324324,37.0,61.0,52.94414414414415,0.03963963963963964,0.01027027027027027,0.12691441441441442,0.0445945945945946,0.8265192118738471,30.0,204.0,0.03207207207207207,356,11100,0.25468975675904193,0.39005490744741367,23.999805493476718,0.4064864864864865,True,True,0.9411489522;0.4821824971;0.3825098869;0.7544254172;0.3523107703;0.8677360717;0.95;0.2189202535;0.8265150398;0.3376263363;0.2625732011;0.2699141276,0.3546353857;0.9781203331;1.218803669;0.5851252029;1.315645181;0.4538598372;0.2241414152;2.064668323;0.5023771293;1.368663091;1.731770293;1.687095206,5.027567568;10.82135135;11.51405405;6.850810811;13.92405405;6.333513514;4.589459459;23.64189189;6.258648649;13.84621622;17.38459459;18.96162162,0.08530418736;0.2738736933;0.3465355297;0.1481790041;0.3577132573;0.109539685;0.05555072372;0.3900549074;0.1291245;0.3843353924;0.3889462469;0.3871199539,0.2018918919;0.1262162162;0.1002702703;0.1775675676;0.09405405405;0.18;0.2086486486;0.04459459459;0.1854054054;0.08648648649;0.05621621622;0.06162162162,0.3546353857;6.493684664;12.18291374;0.9553756086;23.30064578;0.5615795117;0.2241414152;23.99744594;0.7071313878;23.8920839;23.99578578;23.99980549,Static geometry,8.0,8
Static-Geometry Safe,8,6,322.4518918918919,17.005945945945946,15.893162162162161,30.0,48.0,41.494144144144144,0.020135135135135134,0.003355855855855856,0.15229729729729732,0.06567567567567567,0.9082704282882487,22.0,113.0,0.0033333333333333335,37,11100,0.17739613848393668,0.3750907482932863,23.947267183723728,0.4064864864864865,True,True,0.6600953202;0.4082536129;0.95;0.8542797728;0.5796663152;0.95;0.7238759829;0.298421524;0.95;0.3698913443;0.95;0.5870736138,0.6992694381;1.146768836;0.2551559305;0.4699577518;0.8105930222;0.2156180293;0.6208604762;1.535216558;0.2628816135;1.257463669;0.2571157349;0.7995478023,8.660810811;12.37216216;4.771891892;5.927027027;9.455675676;4.948108108;8.29027027;17.00594595;4.403783784;14.9827027;4.592432432;9.745945946,0.1874798061;0.3130368986;0.05972027996;0.1160922662;0.2035245723;0.05122385074;0.1406165079;0.3750907483;0.06195480188;0.3435934511;0.06205523006;0.2143652486,0.1502702703;0.09864864865;0.2054054054;0.1875675676;0.1324324324;0.2;0.1410810811;0.06567567568;0.2091891892;0.08540540541;0.2078378378;0.1440540541,1.597077752;11.70952742;0.2551559305;0.5399155036;2.084744178;0.2156180293;1.062581429;23.94726718;0.2628816135;18.86644639;0.2571157349;1.998191209,Static geometry,8.0,8
Static-Geometry Safe,8,7,362.8064864864865,26.66,22.164270270270265,36.0,62.0,51.81981981981982,0.03810810810810811,0.011396396396396396,0.15628378378378377,0.032432432432432434,0.8435561189340077,22.0,114.0,0.04882882882882883,542,11100,0.19606880653153191,0.397065476306932,23.998445593946624,0.4064864864864865,True,True,0.95;0.8194645516;0.5139536145;0.1957148488;0.2668165055;0.95;0.9166527097;0.2817874583;0.4060368001;0.95;0.95;0.8957240492,0.2129344738;0.5105004868;0.9182376412;2.309972111;1.705631049;0.2143947682;0.3910280632;1.619983796;1.152645744;0.2643493157;0.2202876177;0.4190042049,4.735135135;5.415135135;10.05594595;26.66;18.48594595;4.809189189;4.94972973;17.18594595;10.84783784;4.89;4.461081081;5.387297297,0.05265811988;0.128039041;0.2786975327;0.3970654763;0.3946000481;0.05301924673;0.1006104638;0.3918609453;0.3242984377;0.06608732892;0.0563817227;0.1095073152,0.2105405405;0.1943243243;0.1367567568;0.03243243243;0.06;0.2081081081;0.2143243243;0.06810810811;0.1151351351;0.2067567568;0.2227027027;0.2062162162,0.2129344738;0.6210009736;3.582376412;23.99665327;23.99844559;0.2143947682;0.3910280632;23.99773147;10.54816166;0.2643493157;0.2202876177;0.4950210247,Static geometry,8.0,8
Static-Geometry Safe,8,8,425.8297297297297,23.524594594594596,22.16847297297297,39.0,63.0,54.435135135135134,0.046824324324324325,0.01204954954954955,0.13968468468468467,0.03918918918918919,0.7997529766389851,26.0,119.0,0.051981981981981985,577,11100,0.23148819021617895,0.39492552773356715,23.995774499710713,0.4064864864864865,True,True,0.924502767;0.7675714746;0.2938168902;0.223720696;0.8564804989;0.95;0.4732619221;0.198994158;0.3554966144;0.365156396;0.95;0.8950142286,0.3798996382;0.5699618165;1.557699888;2.021057334;0.4673466129;0.2347890628;0.9960890923;2.271318822;1.304697623;1.272612991;0.2590903055;0.4199186836,4.484324324;6.920810811;18.99486486;23.52459459;5.721621622;4.690810811;11.06756757;21.05891892;13.99648649;14.41621622;4.428378378;4.893783784,0.09559096301;0.1520411657;0.390266972;0.3949255277;0.1160787938;0.05964911326;0.281058652;0.3898074194;0.3727203749;0.3477329009;0.06540279603;0.1125836038,0.2113513514;0.1827027027;0.06054054054;0.04162162162;0.1905405405;0.2140540541;0.1224324324;0.03918918919;0.0872972973;0.09135135135;0.2216216216;0.2135135135,0.3798996382;0.9098854496;23.98676828;23.980819;0.5346932257;0.2347890628;6.917870939;23.9957745;23.72073404;21.15803654;0.2590903055;0.4398373672,Static geometry,8.0,8
Static-Geometry Safe,8,9,538.1343243243243,30.32972972972973,28.134635135135134,48.0,78.0,65.96711711711711,0.07378378378378378,0.02373873873873874,0.12538288288288288,0.03135135135135135,0.7398366746371343,31.0,152.0,0.13855855855855856,1538,11100,0.2601024002118289,0.401359916753289,23.999493627996618,0.4064864864864865,True,True,0.3257577326;0.6871221964;0.2523803769;0.1963495047;0.5437054116;0.2493362779;0.95;0.4363495231;0.95;0.6652629851;0.95;0.2127973752,1.414897118;0.6652565043;1.798374164;2.302374716;0.8671448273;1.819394726;0.209506079;1.076896197;0.2790122724;0.6926602831;0.247425482;2.123503268,14.98081081;7.776486486;21.14378378;30.32972973;9.978918919;22.3;4.063783784;10.07513514;4.392162162;7.397837838;4.151621622;26.33864865,0.3804926033;0.1722474949;0.3927260337;0.4013599168;0.2570967231;0.3982999265;0.05486794338;0.3274346544;0.07269400826;0.2008714821;0.06426375356;0.3988742626,0.07918918919;0.1624324324;0.04675675676;0.03135135135;0.1302702703;0.04351351351;0.2278378378;0.1259459459;0.2237837838;0.1713513514;0.2278378378;0.03432432432,23.92395036;1.461026017;23.99356324;23.99949363;4.674317237;23.99655009;0.209506079;8.275847871;0.2790122724;1.463301415;0.247425482;23.99864068,Static geometry,8.0,8
Static-Geometry Safe,8,10,570.4113513513513,25.95945945945946,25.944,49.0,80.0,67.93558558558559,0.08263513513513514,0.02731981981981982,0.10277027027027029,0.0327027027027027,0.7791654785133227,37.0,173.0,0.11324324324324324,1257,11100,0.30877462931107724,0.40066418674338794,23.99632329541048,0.4064864864864865,True,True,0.2210551088;0.5230742899;0.4621770162;0.8877431859;0.3493760462;0.4491418585;0.5565464418;0.34857734;0.2223217792;0.6900300697;0.2104662511;0.2177243916,2.045012567;0.9021077578;1.019211399;0.4291816563;1.325898395;1.047619095;0.8463561798;1.328717478;2.03354937;0.6616731043;2.146920017;2.075867389,20.40972973;10.9172973;12.29162162;4.993513514;16.03891892;10.96027027;9.402162162;13.70108108;25.95945946;7.184594595;25.78783784;25.93135135,0.3929740364;0.2625865014;0.2908884426;0.1105432753;0.3461669863;0.3188159732;0.2408683939;0.3666542015;0.4006641867;0.182049519;0.399791322;0.3932927135,0.04702702703;0.1267567568;0.1181081081;0.2127027027;0.08162162162;0.1275675676;0.1454054054;0.09216216216;0.03945945946;0.1681081081;0.0327027027;0.04162162162,23.99589223;4.433724125;13.39899276;0.4583633126;23.74671652;7.600000991;4.527123597;22.94098567;23.99267986;3.016731043;23.9963233;23.98735606,Static geometry,8.0,8
Static-Geometry Safe,8,11,456.1010810810811,28.125945945945947,24.2752027027027,41.0,67.0,58.03378378378378,0.05173423423423423,0.015337837837837837,0.11912162162162161,0.0372972972972973,0.8462057485863761,31.0,152.0,0.03414414414414414,379,11100,0.2574028051457605,0.3984151000789929,23.998416550426125,0.4064864864864865,True,True,0.95;0.2935060875;0.6227889451;0.4312530983;0.6153269509;0.4183303984;0.9434799305;0.4987828682;0.6260188518;0.4351735249;0.2492611008;0.2092716103,0.3358641596;1.559243329;0.7487311135;1.088976442;0.7590395275;1.120756955;0.3508668233;0.9460759936;0.7443154627;1.079661914;1.819920828;2.159149808,4.956216216;15.69486486;8.098378378;11.53351351;9.618918919;13.31783784;5.124054054;11.51405405;9.852162162;11.46054054;21.12459459;28.12594595,0.07997197963;0.3763254844;0.1932535712;0.317569076;0.1922216317;0.3144177619;0.0861994439;0.2546734296;0.1778310457;0.3046397402;0.3984151001;0.3933153974,0.2037837838;0.06675675676;0.1613513514;0.1097297297;0.1345945946;0.09891891892;0.1997297297;0.1156756757;0.1389189189;0.1135135135;0.04918918919;0.0372972973,0.3358641596;23.94238939;1.743655568;10.53543462;1.990395275;14.18119473;0.3508668233;7.467595866;1.777261851;9.232224031;23.99841655;23.99761331,Static geometry,8.0,8
Static-Geometry Safe,8,12,470.65837837837836,21.15837837837838,20.71377027027027,38.0,58.0,51.9,0.04168918918918919,0.00804054054054054,0.11279279279279279,0.04513513513513513,0.8473099935837038,33.0,152.0,0.022792792792792792,253,11100,0.27800017854586034,0.39527398479317427,23.99940523799809,0.4064864864864865,True,True,0.2277146089;0.9318683167;0.4490225566;0.364868936;0.3264467419;0.2532754659;0.5108922966;0.7249468559;0.885090931;0.3371942215;0.4510893652;0.3770521179,1.986329388;0.369039043;1.047885528;1.273544601;1.412123145;1.792296255;0.9237509324;0.6195927545;0.4325165816;1.370290719;1.043286736;1.235229773,21.15837838;4.887567568;12.02891892;13.1172973;13.84864865;20.35;10.18135135;7.177567568;5.511081081;15.17891892;12.51621622;13.52621622,0.3929711114;0.08627534384;0.3078517755;0.3466106523;0.362190504;0.3952739848;0.2396759176;0.1485348036;0.1053236324;0.3514610519;0.2726643984;0.3271689668,0.05081081081;0.2005405405;0.1145945946;0.09081081081;0.08972972973;0.04513513514;0.127027027;0.1610810811;0.1921621622;0.07864864865;0.1091891892;0.09378378378,23.9934339;0.369039043;15.36330667;16.10051644;23.27286646;23.99940524;3.637509324;1.058778264;0.4650331633;15.59569881;7.071749032;15.42166341,Static geometry,8.0,8
Static-Geometry Safe,8,13,341.7837837837838,26.985945945945947,20.210391891891884,32.0,60.0,48.677477477477474,0.02653153153153153,0.009752252252252252,0.15268018018018018,0.039729729729729726,0.8993335691119935,22.0,138.0,0.03792792792792793,421,11100,0.18399322358937387,0.39344434571537124,23.99555712148067,0.4064864864864865,True,True,0.931036637;0.7159624459;0.6775674106;0.3509019354;0.95;0.7562371291;0.2357345475;0.5713184825;0.95;0.8385292043;0.9458583108;0.3749843981,0.3702883284;0.6302691506;0.6771299559;1.320546841;0.2764601871;0.5830294735;1.920506701;0.8232731646;0.2265612916;0.488449848;0.3469497415;1.241568686,6.049189189;7.325675676;8.724324324;14.66675676;4.886756757;6.395675676;26.98594595;9.231891892;4.496216216;5.590540541;5.21027027;12.74378378,0.08946966638;0.1674471825;0.1641582623;0.3565476471;0.06844257605;0.148593728;0.3934443457;0.2325190424;0.05700771959;0.1259408527;0.07482861992;0.3295190405,0.1851351351;0.1635135135;0.1456756757;0.08540540541;0.2075675676;0.1737837838;0.03972972973;0.1402702703;0.2108108108;0.1951351351;0.1862162162;0.09891891892,0.3702883284;1.321076603;1.231389868;15.00265361;0.2764601871;0.9490884205;23.99555712;2.442190128;0.2265612916;0.6653495441;0.3469497415;11.37176664,Static geometry,8.0,8
Static-Geometry Safe,8,14,486.5483783783784,26.834054054054054,23.30543243243243,41.0,72.0,60.33783783783784,0.05243243243243243,0.016103603603603602,0.11335585585585584,0.03918918918918919,0.8444476602971446,33.0,246.0,0.027837837837837838,309,11100,0.2750358073303994,0.3962806435577126,23.989560765384816,0.4064864864864865,True,True,0.3969158517;0.64914127;0.685168137;0.2123384503;0.8391928019;0.2547057577;0.6450583303;0.3536782427;0.3495021855;0.2638904463;0.8142278578;0.4332858251,1.177446822;0.7134614509;0.6676722331;2.128067317;0.4876767217;1.782678959;0.7188179662;1.310923092;1.325454306;1.723560971;0.5165166625;1.084128614,13.06216216;8.148108108;7.767027027;26.83405405;5.916756757;19.42405405;8.762702703;15.2827027;13.84837838;20.41837838;5.948918919;11.81945946,0.3328673988;0.1881995611;0.1768429158;0.3962806436;0.1208647443;0.3902621505;0.1946636762;0.3468631641;0.3567979701;0.3843075137;0.1259183864;0.2865615634,0.1018918919;0.1527027027;0.1518918919;0.03918918919;0.19;0.05783783784;0.1456756757;0.08432432432;0.08621621622;0.05810810811;0.1845945946;0.1078378378,16.07234108;2.280768706;1.470688932;23.98588487;0.6630301652;23.9780586;1.675271865;14.79323131;19.61814597;23.98956077;0.633033325;8.250829513,Static geometry,8.0,8
Static-Geometry Safe,8,15,422.8045945945946,26.917837837837837,23.499810810810807,38.0,68.0,56.54144144144144,0.041666666666666664,0.013896396396396397,0.13912162162162164,0.034594594594594595,0.845801094302673,27.0,143.0,0.06855855855855855,761,11100,0.2334092800068159,0.39933285619475506,23.99820662758016,0.4064864864864865,True,True,0.95;0.6682774533;0.3936552323;0.8783623152;0.2542081145;0.6112416568;0.1961261937;0.2603661895;0.4858854259;0.9440218225;0.777121657;0.6438927182,0.2609434761;0.6888292002;1.186565108;0.4408835581;1.786011998;0.7647485898;2.305041448;1.74572184;0.9708198352;0.349980936;0.5589976316;0.7203540735,4.423513514;6.392702703;12.20540541;5.78;20.70324324;7.953513514;26.91783784;18.69486486;9.615945946;4.76;7.058918919;9.104054054,0.0648832427;0.1945477065;0.3408969485;0.1067653157;0.3963015813;0.2137162275;0.3993328562;0.396797856;0.2770772286;0.08588721349;0.1397494079;0.1849557756,0.2175675676;0.1824324324;0.1154054054;0.1897297297;0.05378378378;0.1659459459;0.03459459459;0.0572972973;0.1332432432;0.207027027;0.1691891892;0.1432432432,0.2609434761;1.555316801;12.4506928;0.5226506742;23.99257965;2.517988718;23.99820663;23.9981173;5.699676045;0.349980936;0.8769928948;1.762832588,Static geometry,8.0,8
Static-Geometry Safe,8,16,511.93,28.59,26.56466216216216,47.0,74.0,63.23468468468469,0.06961711711711711,0.02216216216216216,0.12752252252252258,0.03216216216216216,0.7772898477184937,31.0,128.0,0.13315315315315315,1478,11100,0.26984732833941205,0.40126751828070056,23.999674416196036,0.4064864864864865,True,True,0.3932789834;0.7735119064;0.901603995;0.8416273572;0.2260479039;0.7045979448;0.6624829137;0.1982197585;0.7522839954;0.3841282698;0.2247729528;0.2144342016,1.187626136;0.5631378354;0.4113518347;0.4848363331;2.00065631;0.6439160289;0.6962092138;2.280313362;0.5876051337;1.214015836;2.011774821;2.107404393,13.43162162;6.975675676;4.938378378;6.154054054;20.54243243;6.223513514;7.46972973;28.59;6.311351351;11.23945946;24.90756757;21.89648649,0.3421647192;0.1633099723;0.1086191196;0.1193745674;0.3963462366;0.1804705194;0.2037823185;0.3993629888;0.165005874;0.3586268401;0.4012675183;0.3998372659,0.1010810811;0.1875675676;0.2143243243;0.1851351351;0.04675675676;0.187027027;0.1772972973;0.03216216216;0.1975675676;0.1137837838;0.04351351351;0.04405405405,18.03282043;1.052551342;0.4227036694;0.6545089994;23.81855127;1.151328231;1.584836855;23.9935297;1.525630802;15.01669677;23.9909764;23.99967442,Static geometry,8.0,8
Static-Geometry Safe,8,17,415.36135135135135,29.273513513513514,27.01524324324324,41.0,75.0,61.322072072072075,0.05148648648648649,0.019189189189189187,0.15056306306306302,0.03486486486486486,0.8142440000527652,23.0,166.0,0.08189189189189189,909,11100,0.21182003505423497,0.3987602076121796,23.996114055066226,0.4064864864864865,True,True,0.6058267012;0.4606290406;0.8627452041;0.95;0.8920394043;0.9329954481;0.2434414901;0.2237143759;0.7874097494;0.2072792387;0.95;0.5223938409,0.772389876;1.022513998;0.4598691245;0.2139841101;0.4237308779;0.3673358894;1.861711545;2.021113381;0.5472165522;2.179902851;0.241873434;0.9032962107,8.942432432;10.06432432;4.696216216;4.046216216;5.232702703;4.70972973;21.48594595;29.27351351;6.424324324;25.16756757;4.348108108;9.333513514,0.2095890366;0.2846457887;0.1219274625;0.05783354328;0.1092538534;0.09381957174;0.3975005731;0.3987602076;0.1464174018;0.3976849796;0.06001076011;0.2643972422,0.1456756757;0.1224324324;0.2183783784;0.2291891892;0.2016216216;0.2186486486;0.04783783784;0.03486486486;0.1937837838;0.03702702703;0.217027027;0.1402702703,1.517169628;6.052905945;0.5197382491;0.2139841101;0.4474617559;0.3673358894;23.99413496;23.98927478;0.8416496567;23.99611406;0.241873434;5.356035582,Static geometry,8.0,8
Static-Geometry Safe,8,18,343.1624324324324,23.268918918918917,21.667229729729726,34.0,60.0,50.054054054054056,0.03371621621621622,0.00972972972972973,0.16105855855855858,0.04540540540540541,0.8518845718484147,21.0,109.0,0.04099099099099099,455,11100,0.18944305981529772,0.3989980271745062,23.998782690095723,0.4064864864864865,True,True,0.95;0.2298402862;0.2514208534;0.95;0.8064515181;0.2889292384;0.86964094;0.95;0.4229897239;0.9113191376;0.93510967;0.8418183031,0.2641897105;1.968390267;1.804941085;0.3377909827;0.5254308787;1.582364629;0.451552802;0.2372894534;1.10910177;0.3983676074;0.3641087485;0.4846132827,4.611351351;23.26891892;20.35675676;4.421891892;6.415405405;16.18864865;5.683513514;4.587297297;10.73189189;4.649459459;5.12972973;6.073243243,0.0683323116;0.3989980272;0.3897697099;0.08581716858;0.1330618198;0.3810505093;0.118013935;0.06124633188;0.3168433976;0.1002379034;0.0936841969;0.1262614066,0.2186486486;0.04540540541;0.05054054054;0.217027027;0.1840540541;0.06918918919;0.1959459459;0.2181081081;0.1132432432;0.2108108108;0.2094594595;0.2002702703,0.2641897105;23.99532064;23.99878269;0.3377909827;0.9017235147;23.97113756;0.554658406;0.2372894534;9.982154878;0.3983676074;0.3641087485;0.6538398482,Static geometry,8.0,8
Static-Geometry Safe,8,19,502.57216216216216,26.257567567567566,24.86116216216216,41.0,66.0,57.09864864864865,0.05081081081081081,0.014099099099099099,0.10831081081081083,0.03702702702702703,0.8351501787341663,34.0,155.0,0.041171171171171174,457,11100,0.29302957299556814,0.3962233465440461,23.997212324706908,0.4064864864864865,True,True,0.8339118425;0.4218873338;0.3658373363;0.3670076204;0.481511622;0.1930715746;0.2120595117;0.3057773787;0.5446939528;0.4653449839;0.3623629999;0.8770434254,0.4938172966;1.111838862;1.270411673;1.266646367;0.9794527448;2.342239302;2.1308523;1.500722279;0.8655191693;1.012509865;1.281724896;0.4425090154,6.030810811;12.90972973;13.44702703;12.56081081;10.54216216;23.71864865;26.25756757;15.31810811;8.841351351;9.99972973;13.20810811;5.452702703,0.1263905351;0.2881766132;0.3392342521;0.3604807095;0.2596873359;0.3931163802;0.3962233465;0.3845093839;0.2364972649;0.2813135516;0.3457193097;0.1050061934,0.1908108108;0.09918918919;0.08972972973;0.1016216216;0.1178378378;0.03864864865;0.03702702703;0.07243243243;0.1443243243;0.1235135135;0.09054054054;0.1940540541,0.5876345931;13.13148814;12.6981136;15.79945192;6.071243917;23.99721232;23.98750594;23.98450662;3.586230032;5.237687429;16.82176885;0.4850180308,Static geometry,8.0,8
Static-Geometry Safe,2,0,466.3718918918919,27.028378378378378,24.378716216216212,44.0,74.0,62.07702702702703,0.05894144144144144,0.02153153153153153,0.12813063063063065,0.032972972972972976,0.805050026710032,27.0,137.0,0.11072072072072071,1229,11100,0.22018237129479423,0.3949573274127894,23.998622883977852,0.4064864864864865,True,True,0.95;0.2315765095;0.95;0.8081176242;0.6281327393;0.795200025;0.3394136806;0.9476946562;0.5005847781;0.95;0.23436609;0.2528380647,0.3369544871;1.95400716;0.2191119648;0.5235225351;0.7414402559;0.5383055036;1.361973486;0.3438720469;0.9427001774;0.2738400263;1.931388168;1.795260579,4.85972973;27.02837838;5.950540541;6.998648649;9.188108108;6.484054054;15.39459459;5.074054054;13.46216216;5.331621622;22.21081081;21.92864865,0.08351007154;0.391857652;0.05631769689;0.1349839185;0.2082044394;0.1433056543;0.3868740903;0.07741767974;0.3189893573;0.06105892478;0.3847116432;0.3949573274,0.2043243243;0.03297297297;0.1951351351;0.17;0.1294594595;0.1743243243;0.07135135135;0.1843243243;0.09648648649;0.1875675676;0.04567567568;0.04594594595,0.3369544871;23.99862288;0.2191119648;4.229198589;11.12962303;1.644749533;23.98771626;0.3438720469;22.00612537;0.2738400263;23.99575766;23.99809355,Static geometry,14.0,2
Static-Geometry Safe,2,1,635.7767567567568,33.64108108108108,32.33698648648649,59.0,100.0,82.45405405405405,0.10756756756756757,0.04790540540540541,0.11040540540540539,0.027567567567567567,0.6597049217269034,36.0,186.0,0.22837837837837838,2535,11100,0.28034205894474956,0.4009319510861356,23.99795411497925,0.4064864864864865,True,True,0.5605092249;0.2181252996;0.2316669551;0.3707979081;0.95;0.95;0.2020086086;0.95;0.325972712;0.8362721814;0.2993435181;0.2334007936,0.8400796556;2.072097608;1.953264399;1.254604531;0.2976063768;0.2276934429;2.237061952;0.2579608484;1.414030367;0.4910760745;1.530799061;1.939147999,9.600540541;33.64108108;26.45027027;19.43675676;4.557297297;4.348378378;31.27;4.398378378;15.94108108;5.83972973;19.99027027;22.50081081,0.2701877811;0.3925784928;0.3917086983;0.3896055692;0.07745809211;0.06203107851;0.3972296493;0.06351414402;0.3901959472;0.1397575963;0.3889057073;0.4009319511,0.1359459459;0.03108108108;0.03513513514;0.06864864865;0.2175675676;0.23;0.02756756757;0.2154054054;0.06216216216;0.1997297297;0.05351351351;0.04810810811,18.44406244;23.99795411;23.99722263;23.99782787;0.2976063768;0.2276934429;23.99136411;0.2579608484;23.99285027;1.183988969;23.99782619;23.99592366,Static geometry,14.0,2
Static-Geometry Safe,2,2,551.8137837837838,34.042432432432435,27.87737837837837,48.0,90.0,71.73738738738739,0.07173423423423424,0.028963963963963963,0.10941441441441442,0.030810810810810812,0.818407351521825,33.0,211.0,0.11243243243243244,1248,11100,0.2401162704066467,0.3913581975534441,23.99999966755987,0.4064864864864865,True,True,0.2983974043;0.4720337023;0.7619171253;0.95;0.6042558466;0.7527600943;0.6803453125;0.2438339011;0.7053294905;0.1925045361;0.95;0.2931742638,1.535332493;0.9986066978;0.5764720931;0.328976203;0.7746227687;0.5870535051;0.6736618433;1.858825842;0.6430324214;2.34929577;0.2710575607;1.560894842,19.34756757;11.46594595;8.902432432;5.022972973;10.82189189;9.647567568;11.30891892;22.83324324;7.838108108;34.04243243;5.01;21.06135135,0.3846630327;0.2852776431;0.1559590717;0.07308606455;0.2307119706;0.1615190455;0.1990033499;0.3913581976;0.1673622221;0.38604644;0.05955940455;0.3868488027,0.05405405405;0.09783783784;0.1413513514;0.1859459459;0.1183783784;0.1427027027;0.1178378378;0.04432432432;0.1405405405;0.03081081081;0.1864864865;0.0527027027,23.99791679;23.14705452;1.635304652;0.328976203;7.689437523;7.6950867;10.88309217;23.97730313;3.974583586;23.99999967;0.2710575607;23.99901395,Static geometry,14.0,2
Static-Geometry Safe,2,3,660.9697297297297,30.578108108108108,27.26101351351351,54.0,86.0,74.11216216216216,0.10412162162162163,0.03558558558558558,0.0925900900900901,0.032972972972972976,0.6693659822470088,43.0,178.0,0.21828828828828828,2423,11100,0.3166046271889051,0.3986362510857494,23.99955092536132,0.4064864864864865,True,True,0.2469621281;0.8215561338;0.8932287906;0.3220866759;0.225348274;0.2465631425;0.4834834838;0.2778755806;0.2645088005;0.3014458345;0.9387067142;0.2969367479,1.836175919;0.5080937316;0.4222105672;1.429873819;2.006740312;1.839030251;0.9755450403;1.641436133;1.719737046;1.520828652;0.3585144156;1.542388958,21.48;6.422432432;5.071621622;17.57;30.57810811;23.45864865;12.12756757;19.22081081;24.54702703;19.35486486;4.649189189;17.53378378,0.3935371631;0.1454246653;0.1101170804;0.3953407883;0.3986362511;0.3941489159;0.3311579921;0.3846284127;0.3913563764;0.3851395803;0.08875654181;0.3810117589,0.04540540541;0.1862162162;0.21;0.0627027027;0.03297297297;0.04;0.1040540541;0.05756756757;0.04864864865;0.05783783784;0.2072972973;0.05837837838,23.99847146;0.9404686578;0.5110528362;23.99511128;23.99955093;23.99611235;23.97725201;23.99552575;23.9987162;23.99540734;0.3585144156;23.98689084,Static geometry,14.0,2
Static-Geometry Safe,2,4,610.594054054054,27.190270270270272,25.62827027027027,47.0,82.0,66.87252252252252,0.07173423423423424,0.024031531531531532,0.08191441441441441,0.03594594594594595,0.881266810517931,41.0,181.0,0.08306306306306306,922,11100,0.28116046591993943,0.3814475659761919,23.99793309742024,0.4064864864864865,True,True,0.662118963;0.6741961796;0.3640876;0.2460798207;0.2372011855;0.4128728207;0.5024050881;0.4159209977;0.2309431598;0.4380235493;0.7287104513;0.5641011845,0.6966749552;0.6813572012;1.27608378;1.842501298;1.908996959;1.13470463;0.9393093506;1.126874486;1.959226317;1.072981387;0.6151471375;0.8344446437,10.36783784;9.329459459;16.35135135;23.67648649;24.35027027;15.25945946;12.26648649;15.03378378;27.19027027;14.16918919;9.151351351;11.07837838,0.1997762507;0.1670245896;0.3304022328;0.381447566;0.3590978063;0.3358112352;0.2663068943;0.2774547721;0.3812548509;0.2975348388;0.1491316168;0.2286829375,0.1124324324;0.1186486486;0.06351351351;0.04621621622;0.04108108108;0.07459459459;0.09297297297;0.07675675676;0.03594594595;0.08378378378;0.1305405405;0.1064864865,9.260348118;6.396644432;23.99551877;23.98515833;23.9979331;23.95991487;15.45099272;23.98247739;23.99435271;21.95993908;3.196912787;9.356676829,Static geometry,14.0,2
Static-Geometry Safe,2,5,526.5664864864865,23.914324324324323,23.78172972972973,45.0,75.0,63.17567567567568,0.06513513513513514,0.021148648648648648,0.10795045045045047,0.03810810810810811,0.7969156148476976,33.0,148.0,0.09450450450450451,1049,11100,0.2559692275794418,0.390311755672226,23.999805493476945,0.4064864864864865,True,True,0.9411489522;0.4821824971;0.3825098869;0.7544254172;0.3523107703;0.8677360717;0.95;0.2189202535;0.8265150398;0.3376263363;0.2625732011;0.2699141276,0.3546353857;0.9781203331;1.218803669;0.5851252029;1.315645181;0.4538598372;0.2241414152;2.064668323;0.5023771293;1.368663091;1.731770293;1.687095206,5.602162162;12.05459459;14.99594595;7.718918919;15.21783784;6.520540541;5.572432432;23.67324324;7.633783784;18.29216216;21.2927027;23.91432432,0.08051181728;0.3061252286;0.3639940688;0.1437510296;0.3562909381;0.1053690811;0.05294583701;0.3777785012;0.1323831624;0.3821159388;0.3800533724;0.3903117557,0.1808108108;0.09837837838;0.07864864865;0.1545945946;0.07594594595;0.1624324324;0.1859459459;0.03810810811;0.1616216216;0.06702702703;0.0472972973;0.04459459459,0.3546353857;20.68413699;23.99831188;3.332253651;23.99451687;0.6692991862;0.2241414152;23.99744594;1.014262776;23.99443785;23.99673558;23.99980549,Static geometry,14.0,2
Static-Geometry Safe,2,6,377.4954054054054,19.76162162162162,17.913175675675674,33.0,55.0,46.46306306306306,0.02837837837837838,0.006734234234234234,0.13094594594594594,0.05189189189189189,0.8907303280186641,26.0,103.0,0.034594594594594595,384,11100,0.18221454051334898,0.3709415143519887,23.997738619402675,0.4064864864864865,True,True,0.6600953202;0.4082536129;0.95;0.8542797728;0.5796663152;0.95;0.7238759829;0.298421524;0.95;0.3698913443;0.95;0.5870736138,0.6992694381;1.146768836;0.2551559305;0.4699577518;0.8105930222;0.2156180293;0.6208604762;1.535216558;0.2628816135;1.257463669;0.2571157349;0.7995478023,9.385405405;15.58216216;5.041891892;6.403783784;10.07243243;5.075405405;9.489459459;19.76162162;4.854324324;16.40081081;5.131891892;10.57405405,0.1942835088;0.3530188391;0.05523781091;0.1098685014;0.210973265;0.0465618393;0.1469929128;0.3709415144;0.05641297327;0.3510702621;0.05739935054;0.2338137087,0.1289189189;0.07378378378;0.1856756757;0.1637837838;0.1121621622;0.1794594595;0.127027027;0.05189189189;0.1854054054;0.0727027027;0.1781081081;0.1124324324,11.77223865;23.98181342;0.2551559305;0.6098732553;14.79194182;0.2156180293;4.858930477;23.99773862;0.2628816135;23.97622155;0.2571157349;13.58372088,Static geometry,14.0,2
Static-Geometry Safe,2,7,416.2662162162162,27.783783783783782,25.387418918918915,40.0,68.0,57.57747747747748,0.04842342342342342,0.016013513513513513,0.14045045045045046,0.03432432432432433,0.8122396668805476,24.0,135.0,0.08747747747747747,971,11100,0.19960324013377986,0.39506102944422394,23.99999020533059,0.4064864864864865,True,True,0.95;0.8194645516;0.5139536145;0.1957148488;0.2668165055;0.95;0.9166527097;0.2817874583;0.4060368001;0.95;0.95;0.8957240492,0.2129344738;0.5105004868;0.9182376412;2.309972111;1.705631049;0.2143947682;0.3910280632;1.619983796;1.152645744;0.2643493157;0.2202876177;0.4190042049,4.917027027;6.21;11.30189189;27.78378378;23.42675676;4.917567568;5.745405405;20.15918919;12.30297297;5.087837838;4.339459459;5.453783784,0.05093162414;0.12665931;0.3169160724;0.3939438924;0.3950610294;0.05174446703;0.09839111537;0.3936122791;0.3470398267;0.06387251033;0.05197597035;0.1050907844,0.1951351351;0.1743243243;0.1086486486;0.03432432432;0.04;0.2;0.1983783784;0.05054054054;0.0872972973;0.1962162162;0.2086486486;0.1918918919,0.2129344738;0.9525024341;20.28421857;23.99776885;23.99999021;0.2143947682;0.3910280632;23.99740739;23.99103184;0.2643493157;0.2202876177;0.4950210247,Static geometry,14.0,2
Static-Geometry Safe,2,8,518.6143243243243,25.795135135135133,25.72289189189189,46.0,89.0,69.80315315315315,0.06612612612612613,0.026486486486486487,0.12058558558558558,0.034594594594594595,0.7833789827953124,30.0,164.0,0.11531531531531532,1280,11100,0.23463691087796257,0.39042128934782794,23.99859149990364,0.4064864864864865,True,True,0.924502767;0.7675714746;0.2938168902;0.223720696;0.8564804989;0.95;0.4732619221;0.198994158;0.3554966144;0.365156396;0.95;0.8950142286,0.3798996382;0.5699618165;1.557699888;2.021057334;0.4673466129;0.2347890628;0.9960890923;2.271318822;1.304697623;1.272612991;0.2590903055;0.4199186836,5.06;6.968108108;21.5327027;25.66378378;7.621621622;4.547837838;15.72648649;25.79513514;17.06837838;16.63162162;5.205405405;5.15,0.09025183296;0.1508088158;0.3797419728;0.3878245155;0.1198680907;0.05533407103;0.3327475995;0.3904212893;0.3818885204;0.3597711319;0.06155145365;0.105433637,0.1924324324;0.1586486486;0.05513513514;0.04027027027;0.1589189189;0.1994594595;0.09297297297;0.03459459459;0.06918918919;0.06648648649;0.1905405405;0.1883783784,0.3798996382;1.929656349;23.99787465;23.97965746;0.87142629;0.2347890628;23.97707826;23.9985915;23.9946003;23.99622869;0.2590903055;0.4597560509,Static geometry,14.0,2
Static-Geometry Safe,2,9,651.158918918919,32.88243243243243,30.636648648648645,58.0,104.0,83.32522522522522,0.09867117117117118,0.045180180180180184,0.10894144144144145,0.03,0.7090913692137691,35.0,213.0,0.1981981981981982,2200,11100,0.2631921400857193,0.3965785833489164,23.99902310532101,0.4064864864864865,True,True,0.3257577326;0.6871221964;0.2523803769;0.1963495047;0.5437054116;0.2493362779;0.95;0.4363495231;0.95;0.6652629851;0.95;0.2127973752,1.414897118;0.6652565043;1.798374164;2.302374716;0.8671448273;1.819394726;0.209506079;1.076896197;0.2790122724;0.6926602831;0.247425482;2.123503268,20.85216216;7.837297297;28.79918919;32.88243243;11.78918919;24.40567568;4.28027027;13.95567568;5.312162162;8.895945946;4.646216216;27.45297297,0.3885231004;0.1648757336;0.3932120808;0.384558804;0.2840485218;0.3933826435;0.05045132874;0.3705105023;0.06779244131;0.2059260301;0.05844591115;0.3965785833,0.05459459459;0.1416216216;0.03351351351;0.03;0.1127027027;0.03648648649;0.2121621622;0.09;0.2072972973;0.1513513514;0.2040540541;0.03351351351,23.99876501;3.974617077;23.99679272;23.99736337;16.23873101;23.99902311;0.209506079;23.9958067;0.2790122724;11.7550333;0.247425482;23.99267976,Static geometry,14.0,2
Static-Geometry Safe,2,10,715.1313513513513,33.83918918918919,31.269648648648644,60.0,94.0,80.29504504504504,0.11772522522522523,0.048671171171171174,0.07950450450450451,0.02972972972972973,0.7704640504932841,46.0,152.0,0.17963963963963964,1994,11100,0.30936261396334835,0.39340858686470703,23.99790288217437,0.4064864864864865,True,True,0.2210551088;0.5230742899;0.4621770162;0.8877431859;0.3493760462;0.4491418585;0.5565464418;0.34857734;0.2223217792;0.6900300697;0.2104662511;0.2177243916,2.045012567;0.9021077578;1.019211399;0.4291816563;1.325898395;1.047619095;0.8463561798;1.328717478;2.03354937;0.6616731043;2.146920017;2.075867389,26.35;12.72756757;14.1372973;5.992702703;18.14675676;14.94972973;11.86945946;18.23972973;26.19594595;8.84972973;29.1672973;33.83918919,0.3852361511;0.2791657791;0.3035597194;0.09557991481;0.3433001789;0.3222136567;0.2548218336;0.3745546838;0.3924200677;0.1770422631;0.3934085869;0.3910485325,0.04189189189;0.1018918919;0.09027027027;0.1778378378;0.05756756757;0.08324324324;0.1083783784;0.0672972973;0.03486486486;0.1302702703;0.02972972973;0.03081081081,23.99790288;23.74239215;23.99110675;0.4875449689;23.99553992;23.98096069;22.99594607;23.98708308;23.99755995;5.988520026;23.99724247;23.99352375,Static geometry,14.0,2
Static-Geometry Safe,2,11,557.8913513513513,30.695405405405406,27.092608108108102,48.0,75.0,64.84324324324324,0.07601351351351351,0.025,0.09493243243243243,0.03027027027027027,0.829214616843849,38.0,133.0,0.07486486486486486,831,11100,0.2586252676417856,0.3777565393341554,23.99841655042612,0.4064864864864865,True,True,0.95;0.2935060875;0.6227889451;0.4312530983;0.6153269509;0.4183303984;0.9434799305;0.4987828682;0.6260188518;0.4351735249;0.2492611008;0.2092716103,0.3358641596;1.559243329;0.7487311135;1.088976442;0.7590395275;1.120756955;0.3508668233;0.9460759936;0.7443154627;1.079661914;1.819920828;2.159149808,5.71027027;18.13405405;12.30081081;13.90297297;9.51;16.94189189;5.648918919;14.03891892;10.87513514;13.57405405;24.14486486;30.69540541,0.06971450665;0.3607330512;0.2169296632;0.3281645225;0.1799128826;0.3447084904;0.07662172791;0.2792202662;0.1744112179;0.3195215666;0.3777565393;0.3758087774,0.1689189189;0.0527027027;0.1137837838;0.0827027027;0.1140540541;0.07486486486;0.1740540541;0.09108108108;0.1094594595;0.0872972973;0.04;0.03027027027,0.3358641596;23.99827949;17.3340179;23.95905769;7.539830077;23.98509809;0.3508668233;23.92633164;14.01577314;23.93396741;23.99841655;23.98817925,Static geometry,14.0,2
Static-Geometry Safe,2,12,613.7972972972973,24.744054054054054,24.63524324324324,48.0,75.0,64.7072072072072,0.07824324324324325,0.02463963963963964,0.08533783783783784,0.04027027027027027,0.8216935361462211,41.0,128.0,0.08576576576576576,952,11100,0.2801046684058444,0.3817106617855648,23.99569881227833,0.4064864864864865,True,True,0.2277146089;0.9318683167;0.4490225566;0.364868936;0.3264467419;0.2532754659;0.5108922966;0.7249468559;0.885090931;0.3371942215;0.4510893652;0.3770521179,1.986329388;0.369039043;1.047885528;1.273544601;1.412123145;1.792296255;0.9237509324;0.6195927545;0.4325165816;1.370290719;1.043286736;1.235229773,24.54621622;6.072432432;12.40918919;15.44891892;18.49135135;24.74405405;15.22648649;9.087837838;6.752162162;21.07;13.73513514;18.28486486,0.3800868127;0.07610183509;0.3078517755;0.3507410672;0.3618088491;0.3817106618;0.2743789932;0.1453531111;0.09515364796;0.3614604707;0.2777398473;0.3488689493,0.04027027027;0.1667567568;0.08756756757;0.07189189189;0.05864864865;0.04189189189;0.08324324324;0.1227027027;0.152972973;0.05378378378;0.08216216216;0.06216216216,23.98988165;0.369039043;23.95484878;23.93913147;23.99403412;23.99199887;23.97755408;5.168189881;0.5625829082;23.99569881;23.90461639;23.99343681,Static geometry,14.0,2
Static-Geometry Safe,2,13,409.0935135135135,28.2927027027027,22.16139189189188,37.0,67.0,55.31171171171171,0.04155405405405405,0.014099099099099099,0.13040540540540543,0.032972972972972976,0.8793957590187903,25.0,155.0,0.06324324324324325,702,11100,0.18754883666748567,0.3913681222551318,23.994370388268173,0.4064864864864865,True,True,0.931036637;0.7159624459;0.6775674106;0.3509019354;0.95;0.7562371291;0.2357345475;0.5713184825;0.95;0.8385292043;0.9458583108;0.3749843981,0.3702883284;0.6302691506;0.6771299559;1.320546841;0.2764601871;0.5830294735;1.920506701;0.8232731646;0.2265612916;0.488449848;0.3469497415;1.241568686,6.038648649;8.138378378;9.395405405;17.14486486;5.467837838;8.824324324;28.2927027;10.67378378;4.833513514;7.585405405;5.658648649;15.72756757,0.08376522457;0.1676175255;0.1661713513;0.3586890744;0.06410887582;0.1574179578;0.3913681223;0.260332325;0.05223156263;0.1256768258;0.06751454429;0.3556926506,0.1686486486;0.1467567568;0.1216216216;0.06810810811;0.1875675676;0.1381081081;0.03297297297;0.1143243243;0.192972973;0.1581081081;0.1637837838;0.07189189189,0.3702883284;3.344844711;7.453808367;23.99437039;0.2764601871;7.836326307;23.9889113;16.38257519;0.2265612916;0.8422492401;0.3469497415;23.98510197,Static geometry,14.0,2
Static-Geometry Safe,2,14,604.175945945946,25.564594594594595,25.120432432432434,50.0,82.0,69.66306306306306,0.08567567567567567,0.029617117117117116,0.08833333333333333,0.03702702702702703,0.8391500703306698,41.0,170.0,0.08666666666666667,962,11100,0.2749179737003295,0.3888036502830387,23.99984795597776,0.4064864864864865,True,True,0.3969158517;0.64914127;0.685168137;0.2123384503;0.8391928019;0.2547057577;0.6450583303;0.3536782427;0.3495021855;0.2638904463;0.8142278578;0.4332858251,1.177446822;0.7134614509;0.6676722331;2.128067317;0.4876767217;1.782678959;0.7188179662;1.310923092;1.325454306;1.723560971;0.5165166625;1.084128614,16.61054054;11.21189189;9.737027027;25.56459459;7.859189189;24.75702703;9.047297297;20.47459459;16.97432432;22.79675676;8.131351351;15.93243243,0.3331856276;0.2003476885;0.1820760225;0.3888036503;0.1153289545;0.3743625814;0.1802873169;0.3571379667;0.3431851961;0.3819783773;0.1208928188;0.3214294837,0.06972972973;0.1145945946;0.1251351351;0.03702702703;0.1451351351;0.03810810811;0.1240540541;0.06135135135;0.07189189189;0.05027027027;0.1459459459;0.07675675676,23.99872434;22.02884011;7.500855925;23.99093361;1.013737052;23.99722353;9.008085086;23.99984796;23.99090073;23.99799938;1.281683287;23.95248854,Static geometry,14.0,2
Static-Geometry Safe,2,15,511.12432432432433,29.385135135135137,26.336648648648644,46.0,81.0,65.8963963963964,0.06551801801801801,0.02328828828828829,0.11454954954954955,0.03189189189189189,0.8255802048130139,31.0,146.0,0.09900900900900901,1099,11100,0.2345467871519553,0.3900264039704828,23.999174838051,0.4064864864864865,True,True,0.95;0.6682774533;0.3936552323;0.8783623152;0.2542081145;0.6112416568;0.1961261937;0.2603661895;0.4858854259;0.9440218225;0.777121657;0.6438927182,0.2609434761;0.6888292002;1.186565108;0.4408835581;1.786011998;0.7647485898;2.305041448;1.74572184;0.9708198352;0.349980936;0.5589976316;0.7203540735,5.014594595;9.091621622;14.70621622;6.747567568;22.62405405;10.21810811;29.38513514;23.84243243;12.74297297;5.056486486;8.172432432;9.994054054,0.05924122159;0.2021806788;0.3447452678;0.1019990069;0.390026404;0.2302513322;0.3825122835;0.3887769718;0.3077761261;0.07604991151;0.1388429253;0.1921593164,0.192972973;0.1427027027;0.07837837838;0.167027027;0.04594594595;0.1208108108;0.03189189189;0.04405405405;0.1010810811;0.1832432432;0.1408108108;0.1256756757,0.2609434761;11.10848481;23.99695323;0.5226506742;23.99851593;16.41368654;23.99744541;23.99917484;23.96164962;0.349980936;4.056945527;9.132746647,Static geometry,14.0,2
Static-Geometry Safe,2,16,616.1932432432433,29.83135135135135,29.72224324324324,53.0,90.0,74.05675675675676,0.0909009009009009,0.03545045045045045,0.10457207207207209,0.033783783783783786,0.7682804675290391,37.0,150.0,0.16648648648648648,1848,11100,0.2688861171707641,0.39472408280728893,23.99569884128949,0.4064864864864865,True,True,0.3932789834;0.7735119064;0.901603995;0.8416273572;0.2260479039;0.7045979448;0.6624829137;0.1982197585;0.7522839954;0.3841282698;0.2247729528;0.2144342016,1.187626136;0.5631378354;0.4113518347;0.4848363331;2.00065631;0.6439160289;0.6962092138;2.280313362;0.5876051337;1.214015836;2.011774821;2.107404393,15.72189189;6.992702703;5.607567568;7.360810811;23.03459459;10.0727027;8.900810811;29.63297297;8.331621622;15.30972973;29.83135135;24.39108108,0.3482633399;0.156613198;0.1012814923;0.1170159042;0.3947240828;0.1938709341;0.2092390934;0.3882695724;0.1692938034;0.3733918976;0.3822372159;0.3924328721,0.07567567568;0.1686486486;0.1878378378;0.1537837838;0.04216216216;0.1472972973;0.1472972973;0.03378378378;0.1527027027;0.07432432432;0.03513513514;0.03621621622,23.99569884;3.057272897;0.4227036694;0.9090179988;23.82380175;5.522236606;8.871113269;23.99332664;4.102523209;23.99231846;23.99028859;23.99251421,Static geometry,14.0,2
Static-Geometry Safe,2,17,477.7,31.174864864864865,29.13674324324324,47.0,87.0,69.72972972972973,0.0672072072072072,0.02702702702702703,0.12817567567567567,0.0327027027027027,0.7993742182726428,28.0,170.0,0.10765765765765765,1195,11100,0.2150006959434175,0.39297167618060863,23.998635128657288,0.4064864864864865,True,True,0.6058267012;0.4606290406;0.8627452041;0.95;0.8920394043;0.9329954481;0.2434414901;0.2237143759;0.7874097494;0.2072792387;0.95;0.5223938409,0.772389876;1.022513998;0.4598691245;0.2139841101;0.4237308779;0.3673358894;1.861711545;2.021113381;0.5472165522;2.179902851;0.241873434;0.9032962107,9.95972973;12.86351351;5.211351351;4.528918919;6.469189189;4.918108108;27.46918919;31.17486486;8.102702703;25.84675676;4.921081081;11.35351351,0.2267068663;0.3194665356;0.1092499893;0.05401652942;0.1071924599;0.08478509446;0.3879404327;0.3883815173;0.1515937746;0.3929716762;0.05497717784;0.3027262976,0.1240540541;0.09135135135;0.1864864865;0.2078378378;0.1727027027;0.1935135135;0.03675675676;0.03378378378;0.1627027027;0.0327027027;0.1913513514;0.1048648649,7.103017768;23.97860585;0.6394764981;0.2139841101;0.5423852676;0.3673358894;23.99863513;23.99042902;4.835878642;23.99805703;0.241873434;22.88347412,Static geometry,14.0,2
Static-Geometry Safe,2,18,403.4154054054054,25.127567567567567,23.640486486486484,40.0,66.0,55.586486486486486,0.04903153153153153,0.014527027027027028,0.1456756756756757,0.03405405405405405,0.8221319079675004,23.0,109.0,0.10153153153153154,1127,11100,0.191137642772228,0.39527404558754425,23.996888455650566,0.4064864864864865,True,True,0.95;0.2298402862;0.2514208534;0.95;0.8064515181;0.2889292384;0.86964094;0.95;0.4229897239;0.9113191376;0.93510967;0.8418183031,0.2641897105;1.968390267;1.804941085;0.3377909827;0.5254308787;1.582364629;0.451552802;0.2372894534;1.10910177;0.3983676074;0.3641087485;0.4846132827,4.720810811;25.12756757;21.45702703;4.547567568;7.228918919;22.42378378;5.807297297;4.734864865;12.48675676;4.898378378;5.316216216;6.912702703,0.06726127223;0.3952740456;0.3844036688;0.08161760501;0.1390261703;0.3913144961;0.1187461828;0.05778318851;0.3381261613;0.09668489499;0.09230648813;0.1311075395,0.2064864865;0.03405405405;0.04621621622;0.2043243243;0.1602702703;0.04054054054;0.1840540541;0.2035135135;0.09243243243;0.1983783784;0.1981081081;0.1797297297,0.2641897105;23.99688846;23.99315802;0.3377909827;3.135771967;23.98633845;0.606211208;0.2372894534;23.98334961;0.3983676074;0.3641087485;2.115332068,Static geometry,14.0,2
Static-Geometry Safe,2,19,663.4862162162162,35.44162162162162,30.40213513513513,52.0,89.0,73.17477477477478,0.08966216216216216,0.032950450450450454,0.08054054054054054,0.02702702702702703,0.8167775224611366,42.649999999999636,172.0,0.1036036036036036,1150,11100,0.294972558455269,0.3899511919532432,23.999391024646503,0.4064864864864865,True,True,0.8339118425;0.4218873338;0.3658373363;0.3670076204;0.481511622;0.1930715746;0.2120595117;0.3057773787;0.5446939528;0.4653449839;0.3623629999;0.8770434254,0.4938172966;1.111838862;1.270411673;1.266646367;0.9794527448;2.342239302;2.1308523;1.500722279;0.8655191693;1.012509865;1.281724896;0.4425090154,6.573513514;13.88135135;17.49837838;17.01891892;13.32594595;35.44162162;26.27891892;19.48675676;13.21189189;13.82783784;16.49135135;6.553513514,0.1070382356;0.2989945049;0.3471314057;0.3597960357;0.2782175229;0.389951192;0.3829775079;0.3723413654;0.2680770184;0.3062158212;0.3398303034;0.08909978824,0.1545945946;0.07405405405;0.06432432432;0.07108108108;0.08081081081;0.02702702703;0.03648648649;0.05297297297;0.09351351351;0.08891891892;0.0672972973;0.1554054054,0.6814518897;23.99194311;23.99399688;23.99939102;19.81373175;23.99135023;23.98199028;23.99028485;21.66907348;22.30055242;23.99179083;0.5275270463,Static geometry,14.0,2
Static-Geometry Safe,4,0,450.7564864864865,25.945675675675677,23.938918918918915,43.0,74.0,60.99279279279279,0.0554954954954955,0.02045045045045045,0.13894144144144144,0.036756756756756756,0.8196866859739065,26.0,136.0,0.08459459459459459,939,11100,0.2194544604711719,0.3968981496605181,23.99879184648323,0.4064864864864865,True,True,0.95;0.2315765095;0.95;0.8081176242;0.6281327393;0.795200025;0.3394136806;0.9476946562;0.5005847781;0.95;0.23436609;0.2528380647,0.3369544871;1.95400716;0.2191119648;0.5235225351;0.7414402559;0.5383055036;1.361973486;0.3438720469;0.9427001774;0.2738400263;1.931388168;1.795260579,4.98027027;25.94567568;5.352972973;6.429189189;8.972702703;6.428648649;15.90405405;5.080540541;13.13540541;5.327027027;22.29702703;20.53972973,0.08524037836;0.3966106424;0.05655457469;0.1359743666;0.2029943187;0.1437421183;0.3883464941;0.08122815378;0.2871413784;0.06409336831;0.3946295825;0.3968981497,0.2083783784;0.03675675676;0.207027027;0.1878378378;0.1435135135;0.1889189189;0.08081081081;0.1981081081;0.1105405405;0.1994594595;0.04972972973;0.05621621622,0.3369544871;23.98887347;0.2191119648;0.7705676054;4.828805119;0.8149165108;23.99879185;0.3438720469;13.59560497;0.2738400263;23.99717177;23.9962049,Static geometry,14.0,4
Static-Geometry Safe,4,1,619.4248648648648,32.22378378378379,30.018283783783783,57.0,89.0,76.39684684684684,0.10443693693693694,0.04195945945945946,0.11716216216216217,0.031621621621621625,0.6795416138317415,35.0,170.0,0.1935135135135135,2148,11100,0.2793377958278915,0.4009319510861356,23.99996336760713,0.4064864864864865,True,True,0.5605092249;0.2181252996;0.2316669551;0.3707979081;0.95;0.95;0.2020086086;0.95;0.325972712;0.8362721814;0.2993435181;0.2334007936,0.8400796556;2.072097608;1.953264399;1.254604531;0.2976063768;0.2276934429;2.237061952;0.2579608484;1.414030367;0.4910760745;1.530799061;1.939147999,9.287837838;32.22378378;28.21378378;17.68135135;4.629459459;4.641351351;26.76108108;4.35027027;15.62216216;6.004864865;20.04972973;22.39486486,0.2583812562;0.3931385192;0.3959319727;0.3879101577;0.07834286783;0.06387724156;0.3893697019;0.06546628017;0.3894316064;0.1382976404;0.3909743546;0.4009319511,0.1491891892;0.03459459459;0.04108108108;0.07675675676;0.2197297297;0.24;0.03162162162;0.2235135135;0.07540540541;0.2075675676;0.06;0.04648648649,6.923425192;23.99795411;23.99586392;23.99522851;0.2976063768;0.2276934429;23.98800058;0.2579608484;23.99946182;0.8553803727;23.99782619;23.99996337,Static geometry,14.0,4
Static-Geometry Safe,4,2,550.0310810810811,35.74567567567568,29.06258108108107,50.0,90.0,72.78603603603604,0.07781531531531531,0.03114864864864865,0.12193693693693695,0.032972972972972976,0.8249518167776682,30.0,179.0,0.1054954954954955,1171,11100,0.24027335062673164,0.3973868219060004,23.99999966755994,0.4064864864864865,True,True,0.2983974043;0.4720337023;0.7619171253;0.95;0.6042558466;0.7527600943;0.6803453125;0.2438339011;0.7053294905;0.1925045361;0.95;0.2931742638,1.535332493;0.9986066978;0.5764720931;0.328976203;0.7746227687;0.5870535051;0.6736618433;1.858825842;0.6430324214;2.34929577;0.2710575607;1.560894842,19.46756757;11.20189189;8.607837838;4.970810811;11.1272973;9.488378378;10.63486486;23.59459459;7.675135135;35.74567568;4.921081081;21.25864865,0.3942069914;0.2728625328;0.1529988096;0.07797625135;0.2229657429;0.1602497406;0.1858942546;0.3973868219;0.1673622221;0.3943007225;0.06432122656;0.3927548912,0.06081081081;0.1113513514;0.1548648649;0.2018918919;0.1354054054;0.162972973;0.1310810811;0.05162162162;0.16;0.03297297297;0.2013513514;0.05891891892,23.98853134;16.5345148;0.9294162793;0.328976203;4.692455374;1.335267526;3.36788424;23.97730313;1.858194529;23.99999967;0.2710575607;23.99337702,Static geometry,14.0,4
Static-Geometry Safe,4,3,656.841081081081,27.974594594594596,27.48331081081081,54.0,88.0,74.58153153153152,0.10238738738738738,0.03614864864864865,0.10076576576576578,0.03783783783783784,0.7014983015454871,41.0,178.0,0.18972972972972973,2106,11100,0.31652350043599226,0.3991786133321246,23.999550925361213,0.4064864864864865,True,True,0.2469621281;0.8215561338;0.8932287906;0.3220866759;0.225348274;0.2465631425;0.4834834838;0.2778755806;0.2645088005;0.3014458345;0.9387067142;0.2969367479,1.836175919;0.5080937316;0.4222105672;1.429873819;2.006740312;1.839030251;0.9755450403;1.641436133;1.719737046;1.520828652;0.3585144156;1.542388958,19.40216216;6.415675676;4.993243243;16.86945946;27.97459459;27.08135135;12.8772973;19.36324324;26.10675676;18.33918919;4.614594595;16.22189189,0.398003537;0.142952858;0.1119428558;0.3957272407;0.3991786133;0.3951429863;0.3232481674;0.3868465696;0.3983282833;0.3781519892;0.09108204073;0.3776768639,0.05054054054;0.1945945946;0.2162162162;0.0727027027;0.04027027027;0.03783783784;0.1191891892;0.06675675676;0.05378378378;0.06918918919;0.2159459459;0.07216216216,23.99587021;0.9404686578;0.4666317017;23.99918077;23.99955093;23.98156611;23.95715738;23.9971736;23.9987162;23.99126408;0.3585144156;23.99861981,Static geometry,14.0,4
Static-Geometry Safe,4,4,588.0072972972973,26.411081081081083,25.097175675675675,46.0,79.0,65.57792792792793,0.07092342342342342,0.021711711711711712,0.09497747747747748,0.04216216216216216,0.8792698739312398,39.0,193.0,0.07081081081081081,786,11100,0.2828033509693826,0.3934338253132133,23.997933097420248,0.4064864864864865,True,True,0.662118963;0.6741961796;0.3640876;0.2460798207;0.2372011855;0.4128728207;0.5024050881;0.4159209977;0.2309431598;0.4380235493;0.7287104513;0.5641011845,0.6966749552;0.6813572012;1.27608378;1.842501298;1.908996959;1.13470463;0.9393093506;1.126874486;1.959226317;1.072981387;0.6151471375;0.8344446437,10.19756757;8.903243243;15.48378378;24.02216216;22.97486486;15.56459459;12.02945946;15.24918919;26.41108108;13.70702703;8.658918919;10.24108108,0.1899851432;0.1718125051;0.3310920079;0.3859293259;0.3761239954;0.3348912044;0.2597063421;0.286896153;0.3934338253;0.2917349394;0.1507941767;0.2212405934,0.1289189189;0.1402702703;0.0772972973;0.05243243243;0.04675675676;0.08675675676;0.1083783784;0.08648648649;0.04216216216;0.09378378378;0.1516216216;0.1248648649,2.41022379;1.701715219;23.95859719;23.99257917;23.9979331;23.95168708;14.16546753;23.97809674;23.99644225;14.1515533;1.26058855;4.723337518,Static geometry,14.0,4
Static-Geometry Safe,4,5,526.3181081081082,24.753243243243244,24.367797297297297,45.0,74.0,62.218468468468465,0.0663963963963964,0.020157657657657656,0.11693693693693692,0.04,0.8122974444126235,34.0,148.0,0.07603603603603604,844,11100,0.2562181244670015,0.39395952908972354,23.999805493476906,0.4064864864864865,True,True,0.9411489522;0.4821824971;0.3825098869;0.7544254172;0.3523107703;0.8677360717;0.95;0.2189202535;0.8265150398;0.3376263363;0.2625732011;0.2699141276,0.3546353857;0.9781203331;1.218803669;0.5851252029;1.315645181;0.4538598372;0.2241414152;2.064668323;0.5023771293;1.368663091;1.731770293;1.687095206,5.352972973;13.39405405;14.95405405;7.222162162;15.68810811;6.12972973;5.438648649;24.75324324;7.672162162;17.07135135;20.59567568;24.05243243,0.0815661387;0.2963440252;0.3607000048;0.1431184618;0.3570020977;0.1064730645;0.05397567594;0.3883808521;0.1296676104;0.3861849371;0.3772450963;0.3939595291,0.1864864865;0.1124324324;0.08864864865;0.167027027;0.08702702703;0.1762162162;0.1972972973;0.04;0.1697297297;0.07243243243;0.05567567568;0.05027027027,0.3546353857;17.74669299;23.99831188;1.29587642;23.97951747;0.5615795117;0.2241414152;23.99272794;0.7071313878;23.99710976;23.99578578;23.99980549,Static geometry,14.0,4
Static-Geometry Safe,4,6,370.8197297297297,20.47108108108108,17.727918918918917,34.0,54.0,45.983783783783785,0.02921171171171171,0.0056531531531531535,0.14457207207207204,0.056486486486486485,0.8981274310012198,24.5,103.0,0.021261261261261263,236,11100,0.17984753915969684,0.37799521205219466,23.991713306680747,0.4064864864864865,True,True,0.6600953202;0.4082536129;0.95;0.8542797728;0.5796663152;0.95;0.7238759829;0.298421524;0.95;0.3698913443;0.95;0.5870736138,0.6992694381;1.146768836;0.2551559305;0.4699577518;0.8105930222;0.2156180293;0.6208604762;1.535216558;0.2628816135;1.257463669;0.2571157349;0.7995478023,9.316486486;15.48351351;4.797297297;6.185945946;9.695135135;4.983783784;9.478108108;20.47108108;4.616486486;15.32405405;4.915405405;10.75675676,0.1880467813;0.3440306509;0.05792729234;0.112281798;0.2006765428;0.04918422073;0.1438047103;0.3779952121;0.05975228025;0.3401949006;0.05997050789;0.2243055727,0.1483783784;0.08432432432;0.1989189189;0.1818918919;0.1240540541;0.1945945946;0.1381081081;0.05648648649;0.2005405405;0.08351351351;0.1956756757;0.1283783784,6.477352582;23.92704971;0.2551559305;0.5399155036;6.696604623;0.2156180293;1.283441905;23.99171331;0.2628816135;23.97397587;0.2571157349;7.987338465,Static geometry,14.0,4
Static-Geometry Safe,4,7,406.53,27.223243243243243,24.297689189189185,40.0,67.0,56.54144144144144,0.048693693693693696,0.01527027027027027,0.15042792792792792,0.03945945945945946,0.8316277420722602,23.0,128.0,0.062252252252252255,691,11100,0.19796809687241027,0.39874888036085626,23.996891187893244,0.4064864864864865,True,True,0.95;0.8194645516;0.5139536145;0.1957148488;0.2668165055;0.95;0.9166527097;0.2817874583;0.4060368001;0.95;0.95;0.8957240492,0.2129344738;0.5105004868;0.9182376412;2.309972111;1.705631049;0.2143947682;0.3910280632;1.619983796;1.152645744;0.2643493157;0.2202876177;0.4190042049,5.363783784;6.594054054;12.14891892;27.22324324;21.90405405;4.949459459;5.796486486;18.56108108;12.50540541;5.033513514;4.184054054;5.194594595,0.0520826213;0.1272112024;0.2970622856;0.3908223084;0.3987488804;0.05197624515;0.1000820475;0.3940501126;0.338628628;0.06494419674;0.05423838372;0.1057702507,0.2043243243;0.1867567568;0.1197297297;0.03945945946;0.05081081081;0.2067567568;0.2089189189;0.06108108108;0.1005405405;0.2032432432;0.2216216216;0.2018918919,0.2129344738;0.7315014605;19.17724894;23.99442212;23.99689119;0.2143947682;0.3910280632;23.9931944;20.13309461;0.2643493157;0.2202876177;0.4950210247,Static geometry,14.0,4
Static-Geometry Safe,4,8,512.0062162162162,28.980810810810812,26.535540540540538,46.0,83.0,68.12027027027027,0.06641891891891892,0.025563063063063062,0.13081081081081083,0.033783783783783786,0.801454727093266,29.0,192.0,0.08972972972972973,996,11100,0.233426761457473,0.3922628992032422,23.99859149990343,0.4064864864864865,True,True,0.924502767;0.7675714746;0.2938168902;0.223720696;0.8564804989;0.95;0.4732619221;0.198994158;0.3554966144;0.365156396;0.95;0.8950142286,0.3798996382;0.5699618165;1.557699888;2.021057334;0.4673466129;0.2347890628;0.9960890923;2.271318822;1.304697623;1.272612991;0.2590903055;0.4199186836,4.972972973;6.684324324;19.12702703;24.53486486;8.549459459;4.431891892;14.53783784;28.98081081;16.58891892;16.52162162;4.984324324;5.73972973,0.0924080201;0.148344116;0.3810049727;0.3916481375;0.118352372;0.05704739662;0.3087876186;0.3922628992;0.3808306574;0.3570195363;0.06344211263;0.1099732985,0.1994594595;0.1721621622;0.06459459459;0.04540540541;0.1691891892;0.2064864865;0.1045945946;0.03378378378;0.08648648649;0.07891891892;0.2040540541;0.2045945946,0.3798996382;1.079847266;23.99338414;23.97965746;0.5346932257;0.2347890628;23.81227643;23.9985915;23.9946003;23.99622869;0.2590903055;0.4398373672,Static geometry,14.0,4
Static-Geometry Safe,4,9,658.0291891891892,31.034054054054053,30.715945945945943,58.0,106.0,83.24504504504505,0.1002927927927928,0.04527027027027027,0.1181981981981982,0.030810810810810812,0.7313727877048554,34.0,259.0,0.18855855855855855,2093,11100,0.26243645849691477,0.39682474161257597,23.998765012051194,0.4064864864864865,True,True,0.3257577326;0.6871221964;0.2523803769;0.1963495047;0.5437054116;0.2493362779;0.95;0.4363495231;0.95;0.6652629851;0.95;0.2127973752,1.414897118;0.6652565043;1.798374164;2.302374716;0.8671448273;1.819394726;0.209506079;1.076896197;0.2790122724;0.6926602831;0.247425482;2.123503268,21.2527027;8.079459459;31.03405405;30.45567568;12.37621622;25.05297297;4.302162162;13.15675676;4.923783784;8.635405405;4.561621622;27.79513514,0.3927295513;0.1708091025;0.3922399866;0.3951372824;0.2706898042;0.3968247416;0.05215002668;0.3539204798;0.06960225065;0.1975017834;0.06105390947;0.3965785833,0.06594594595;0.1594594595;0.04054054054;0.03081081081;0.1232432432;0.04216216216;0.2205405405;0.1064864865;0.2143243243;0.1651351351;0.212972973;0.03675675676,23.99876501;1.461026017;23.99679272;23.99472673;7.541462064;23.99036754;0.209506079;18.8606783;0.2790122724;3.735770191;0.247425482;23.99466673,Static geometry,14.0,4
Static-Geometry Safe,4,10,687.9659459459459,30.545405405405404,29.151675675675673,57.0,91.0,76.46756756756757,0.11236486486486487,0.04186936936936937,0.09094594594594596,0.03351351351351351,0.7815301065670326,45.0,141.0,0.15585585585585585,1730,11100,0.3086532209000199,0.39572958147747817,23.99842062450647,0.4064864864864865,True,True,0.2210551088;0.5230742899;0.4621770162;0.8877431859;0.3493760462;0.4491418585;0.5565464418;0.34857734;0.2223217792;0.6900300697;0.2104662511;0.2177243916,2.045012567;0.9021077578;1.019211399;0.4291816563;1.325898395;1.047619095;0.8463561798;1.328717478;2.03354937;0.6616731043;2.146920017;2.075867389,23.23108108;13.53459459;14.47891892;5.258378378;19.46945946;13.63459459;12.34513514;18.69162162;24.91378378;8.495945946;28.01135135;30.54540541,0.3780509718;0.2701447015;0.300254169;0.1028876025;0.3483170918;0.3213642358;0.2502469353;0.3788640378;0.3902216359;0.1761481102;0.3957295815;0.3916095777,0.04945945946;0.1159459459;0.1075675676;0.1962162162;0.06513513514;0.1016216216;0.1237837838;0.07648648649;0.04;0.1459459459;0.03351351351;0.03567567568,23.99589223;15.91381892;14.76845597;0.4875449689;23.98909611;23.9809597;9.576110114;23.99842062;23.99496751;2.755057939;23.99816165;23.99321517,Static geometry,14.0,4
Static-Geometry Safe,4,11,560.8643243243243,29.89027027027027,28.63404054054054,50.0,75.0,66.01531531531532,0.08164414414414414,0.026801801801801802,0.10774774774774774,0.03135135135135135,0.833355763309569,36.0,135.0,0.07081081081081081,786,11100,0.2583290705327153,0.39103704267012235,23.998416550426132,0.4064864864864865,True,True,0.95;0.2935060875;0.6227889451;0.4312530983;0.6153269509;0.4183303984;0.9434799305;0.4987828682;0.6260188518;0.4351735249;0.2492611008;0.2092716103,0.3358641596;1.559243329;0.7487311135;1.088976442;0.7590395275;1.120756955;0.3508668233;0.9460759936;0.7443154627;1.079661914;1.819920828;2.159149808,5.407837838;18.49594595;11.98567568;14.28027027;9.412432432;16.01432432;5.315135135;14.10540541;11.09756757;13.36135135;27.60621622;29.89027027,0.07570559706;0.3716898962;0.2047880775;0.3266929327;0.1813489033;0.3356212718;0.08032005388;0.2651569744;0.1740088852;0.3136855562;0.3910370427;0.3798936554,0.192972973;0.06351351351;0.1289189189;0.0972972973;0.1308108108;0.08783783784;0.1875675676;0.1043243243;0.1275675676;0.1;0.04081081081;0.03135135135,0.3358641596;23.99827949;5.754320086;21.33701058;4.103671967;23.98509809;0.3508668233;9.849875676;4.952202031;21.57971486;23.99841655;23.98817925,Static geometry,14.0,4
Static-Geometry Safe,4,12,600.7486486486487,26.123783783783782,24.997918918918916,49.0,82.0,69.05450450450451,0.07997747747747748,0.027522522522522522,0.09925675675675676,0.04756756756756757,0.8427301043629579,38.0,157.0,0.0700900900900901,778,11100,0.27941181957928823,0.3902868824926862,23.99940523799798,0.4064864864864865,True,True,0.2277146089;0.9318683167;0.4490225566;0.364868936;0.3264467419;0.2532754659;0.5108922966;0.7249468559;0.885090931;0.3371942215;0.4510893652;0.3770521179,1.986329388;0.369039043;1.047885528;1.273544601;1.412123145;1.792296255;0.9237509324;0.6195927545;0.4325165816;1.370290719;1.043286736;1.235229773,24.07675676;5.522432432;11.93837838;16.77378378;17.19918919;26.12378378;14.63189189;9.23;6.226216216;21.1372973;13.74891892;17.50756757,0.3902868825;0.08068988805;0.2979393449;0.3510852684;0.362190504;0.383163875;0.2638931718;0.1448507386;0.0998295029;0.3596087265;0.2715365208;0.3478674117,0.04756756757;0.1832432432;0.1051351351;0.08162162162;0.07297297297;0.05189189189;0.09972972973;0.1405405405;0.1732432432;0.06351351351;0.09675675676;0.07486486486,23.99752458;0.369039043;17.8759935;23.96978877;23.97600888;23.99940524;22.8150634;1.756742036;0.4650331633;23.99936259;22.66734396;23.99562454,Static geometry,14.0,4
Static-Geometry Safe,4,13,400.0583783783784,28.09189189189189,21.396608108108097,37.0,66.0,55.204504504504506,0.04114864864864865,0.013333333333333334,0.1445945945945946,0.04,0.8930619020057815,24.0,149.0,0.04837837837837838,537,11100,0.1856396388324765,0.39396340158043114,23.999919399585075,0.4064864864864865,True,True,0.931036637;0.7159624459;0.6775674106;0.3509019354;0.95;0.7562371291;0.2357345475;0.5713184825;0.95;0.8385292043;0.9458583108;0.3749843981,0.3702883284;0.6302691506;0.6771299559;1.320546841;0.2764601871;0.5830294735;1.920506701;0.8232731646;0.2265612916;0.488449848;0.3469497415;1.241568686,5.782432432;8.08;10.35432432;15.91864865;5.062972973;8.963513514;28.09189189;10.30513514;4.765675676;7.395945946;5.477027027;15.46081081,0.08636725066;0.1671064964;0.1676354161;0.3504802697;0.06672403976;0.1541088716;0.3939634016;0.2354116238;0.05553813283;0.1256768258;0.0709840417;0.353679296,0.1816216216;0.1602702703;0.1367567568;0.08432432432;0.2024324324;0.1559459459;0.04;0.1305405405;0.2089189189;0.1764864865;0.1762162162;0.08162162162,0.3702883284;1.321076603;1.971299559;23.9999194;0.2764601871;0.9490884205;23.99651181;6.60510228;0.2265612916;0.6653495441;0.3469497415;23.97961007,Static geometry,14.0,4
Static-Geometry Safe,4,14,614.561891891892,28.40756756756757,27.105554054054053,52.0,81.0,70.19864864864864,0.09072072072072072,0.032454954954954957,0.10015765765765766,0.0372972972972973,0.8414010500936292,39.099999999999454,159.0,0.08738738738738738,970,11100,0.27625159851188497,0.3962806435577126,23.99722352912828,0.4064864864864865,True,True,0.3969158517;0.64914127;0.685168137;0.2123384503;0.8391928019;0.2547057577;0.6450583303;0.3536782427;0.3495021855;0.2638904463;0.8142278578;0.4332858251,1.177446822;0.7134614509;0.6676722331;2.128067317;0.4876767217;1.782678959;0.7188179662;1.310923092;1.325454306;1.723560971;0.5165166625;1.084128614,16.29432432;11.54027027;9.030810811;28.40756757;7.795405405;26.04027027;8.440810811;19.22891892;16.54918919;22.42432432;7.831891892;15.49486486,0.334776772;0.1966839676;0.1735947806;0.3962806436;0.1177014358;0.3825532686;0.178927391;0.3550121455;0.3596638172;0.3894316139;0.1221492107;0.3082441357,0.08540540541;0.1316216216;0.1378378378;0.0372972973;0.1616216216;0.04405405405;0.1443243243;0.07189189189;0.08054054054;0.05459459459;0.1624324324;0.09027027027,23.99149147;10.2134569;2.282755729;23.9892507;0.6630301652;23.99722353;4.295177289;23.99323131;23.99090073;23.99170677;0.7495499874;20.39688734,Static geometry,14.0,4
Static-Geometry Safe,4,15,502.8072972972973,25.02027027027027,24.845608108108106,45.0,79.0,64.94684684684685,0.06364864864864865,0.023693693693693695,0.12574324324324324,0.039729729729729726,0.839052992482252,30.300000000000182,136.0,0.08387387387387388,931,11100,0.23499906484448652,0.40151602309572343,23.999174838050664,0.4064864864864865,True,True,0.95;0.6682774533;0.3936552323;0.8783623152;0.2542081145;0.6112416568;0.1961261937;0.2603661895;0.4858854259;0.9440218225;0.777121657;0.6438927182,0.2609434761;0.6888292002;1.186565108;0.4408835581;1.786011998;0.7647485898;2.305041448;1.74572184;0.9708198352;0.349980936;0.5589976316;0.7203540735,4.781081081;8.722972973;16.03513514;7.147837838;23.53513514;10.23378378;25.02027027;24.7027027;12.87675676;4.895405405;8.281891892;9.766756757,0.06170960583;0.1984572777;0.3466694274;0.1046204768;0.3977496991;0.2195035142;0.3912340619;0.4015160231;0.2991174627;0.08125233083;0.1361234773;0.1820354213,0.207027027;0.1581081081;0.08810810811;0.1759459459;0.04837837838;0.1391891892;0.03972972973;0.05054054054;0.1162162162;0.1932432432;0.1532432432;0.1391891892,0.2609434761;3.087754804;23.99695323;0.5226506742;23.99703186;8.401452053;23.99744541;23.99917484;14.30755044;0.349980936;0.8769928948;3.925665177,Static geometry,14.0,4
Static-Geometry Safe,4,16,631.4656756756757,31.795945945945945,31.33216216216216,56.0,96.0,78.61891891891892,0.09943693693693693,0.041283783783783785,0.11542792792792793,0.033783783783783786,0.7709126167201142,35.0,174.0,0.1643243243243243,1824,11100,0.2701939193403196,0.39904982618051965,23.9993908128749,0.4064864864864865,True,True,0.3932789834;0.7735119064;0.901603995;0.8416273572;0.2260479039;0.7045979448;0.6624829137;0.1982197585;0.7522839954;0.3841282698;0.2247729528;0.2144342016,1.187626136;0.5631378354;0.4113518347;0.4848363331;2.00065631;0.6439160289;0.6962092138;2.280313362;0.5876051337;1.214015836;2.011774821;2.107404393,15.78324324;6.796216216;5.870540541;7.378648649;23.35135135;9.541621622;8.521351351;31.79594595;8.526486486;15.56945946;30.9527027;27.47972973,0.3508311802;0.1557000015;0.1055061868;0.1168848673;0.3990498262;0.188475962;0.202465166;0.397514086;0.1669116204;0.3733918976;0.3920242286;0.3935720096,0.09432432432;0.1854054054;0.1986486486;0.1697297297;0.04162162162;0.1686486486;0.1616216216;0.03378378378;0.1656756757;0.09;0.03918918919;0.03648648649,23.92979317;1.215689177;0.4227036694;0.6545089994;23.88812014;1.639160289;2.562092138;23.99939081;1.338025668;23.96867624;23.99063249;23.99934883,Static geometry,14.0,4
Static-Geometry Safe,4,17,478.3445945945946,31.09945945945946,29.098648648648645,47.0,84.0,68.5945945945946,0.06786036036036036,0.026914414414414414,0.14038288288288286,0.03486486486486486,0.8084204152748826,26.0,169.0,0.1000900900900901,1111,11100,0.21286663998943187,0.3949364795939806,23.99863512865732,0.4064864864864865,True,True,0.6058267012;0.4606290406;0.8627452041;0.95;0.8920394043;0.9329954481;0.2434414901;0.2237143759;0.7874097494;0.2072792387;0.95;0.5223938409,0.772389876;1.022513998;0.4598691245;0.2139841101;0.4237308779;0.3673358894;1.861711545;2.021113381;0.5472165522;2.179902851;0.241873434;0.9032962107,10.04567568;12.35189189;5.084324324;4.523243243;6.492162162;4.864054054;27.46162162;31.09945946;8.283513514;24.22513514;4.727837838;11.15972973,0.213555363;0.3015034519;0.1160858817;0.0571973743;0.1084522004;0.09014621285;0.3934752508;0.3949364796;0.1486358473;0.3935608391;0.05804962416;0.2788011548,0.1359459459;0.1040540541;0.2078378378;0.22;0.1886486486;0.2067567568;0.04378378378;0.03486486486;0.1762162162;0.03945945946;0.2086486486;0.1183783784,5.530627892;20.19061592;0.5197382491;0.2139841101;0.4711926338;0.3673358894;23.99863513;23.98581206;0.8416496567;23.99611406;0.241873434;8.465924214,Static geometry,14.0,4
Static-Geometry Safe,4,18,417.7532432432432,24.645135135135135,24.11995945945946,41.0,71.0,59.560810810810814,0.05200450450450451,0.017905405405405406,0.15387387387387386,0.03864864864864865,0.8362846464494442,22.0,148.0,0.08567567567567567,951,11100,0.191000154915096,0.39687003769624224,23.99878269009609,0.4064864864864865,True,True,0.95;0.2298402862;0.2514208534;0.95;0.8064515181;0.2889292384;0.86964094;0.95;0.4229897239;0.9113191376;0.93510967;0.8418183031,0.2641897105;1.968390267;1.804941085;0.3377909827;0.5254308787;1.582364629;0.451552802;0.2372894534;1.10910177;0.3983676074;0.3641087485;0.4846132827,4.953513514;24.64513514;23.69027027;4.504864865;8.080540541;23.02702703;5.891351351;4.692972973;12.28675676;4.980540541;5.390810811;7.424594595,0.06818950635;0.3968700377;0.3848914908;0.08280443819;0.1354759617;0.3960188233;0.1172816872;0.0595147602;0.3330302883;0.09840756573;0.09220808036;0.1273092191,0.2135135135;0.03864864865;0.05081081081;0.2105405405;0.17;0.04945945946;0.1956756757;0.2162162162;0.1078378378;0.202972973;0.2048648649;0.1859459459,0.2641897105;23.99766032;23.99878269;0.3377909827;0.9017235147;23.99677076;0.554658406;0.2372894534;23.98239382;0.3983676074;0.3641087485;0.7384531309,Static geometry,14.0,4
Static-Geometry Safe,4,19,655.6872972972973,36.472432432432434,29.639351351351344,51.0,91.0,73.72252252252252,0.0881981981981982,0.03207207207207207,0.0938063063063063,0.027297297297297296,0.8185839601339161,41.0,235.0,0.10351351351351351,1149,11100,0.294020410854088,0.3874190413561442,23.999391024646506,0.4064864864864865,True,True,0.8339118425;0.4218873338;0.3658373363;0.3670076204;0.481511622;0.1930715746;0.2120595117;0.3057773787;0.5446939528;0.4653449839;0.3623629999;0.8770434254,0.4938172966;1.111838862;1.270411673;1.266646367;0.9794527448;2.342239302;2.1308523;1.500722279;0.8655191693;1.012509865;1.281724896;0.4425090154,6.465405405;13.65513514;17.41540541;17.34972973;12.84324324;36.47243243;24.04864865;20.84054054;12.44594595;13.17972973;15.98540541;6.194324324,0.1158468685;0.2917825771;0.3471314057;0.3608230463;0.2641875241;0.3874190414;0.3870088501;0.3845093839;0.2521701796;0.2941751634;0.3457193097;0.09747158042,0.1778378378;0.08648648649;0.07810810811;0.08297297297;0.09702702703;0.0272972973;0.04027027027;0.06189189189;0.1108108108;0.1037837838;0.08135135135;0.1778378378,0.6814518897;23.84181988;23.99399688;23.99939102;14.44935371;23.99135023;23.98943338;23.9989522;9.90005591;13.78780581;23.95729291;0.4850180308,Static geometry,14.0,4
Static-Geometry Safe,8,0,457.41648648648646,26.34081081081081,24.163851351351347,44.0,75.0,62.765765765765764,0.06146396396396396,0.02204954954954955,0.14403153153153156,0.03891891891891892,0.8257009145778849,25.0,136.0,0.06945945945945946,771,11100,0.2194639452921868,0.40175020527983984,23.9999466013403,0.4064864864864865,True,True,0.95;0.2315765095;0.95;0.8081176242;0.6281327393;0.795200025;0.3394136806;0.9476946562;0.5005847781;0.95;0.23436609;0.2528380647,0.3369544871;1.95400716;0.2191119648;0.5235225351;0.7414402559;0.5383055036;1.361973486;0.3438720469;0.9427001774;0.2738400263;1.931388168;1.795260579,4.808378378;26.34081081;6.006486486;7.495135135;8.580540541;6.399459459;15.69540541;4.961621622;14.66648649;5.581621622;22.3827027;20.66324324,0.08469396568;0.3997793027;0.05655457469;0.1382382478;0.1973834195;0.1456334619;0.3883464941;0.08243635286;0.2789882958;0.06461144404;0.3951515793;0.4017502053,0.2118918919;0.03891891892;0.2075675676;0.1945945946;0.1537837838;0.2;0.09405405405;0.2035135135;0.1159459459;0.202972973;0.04783783784;0.0572972973,0.3369544871;23.99586865;0.2191119648;0.7705676054;1.765761024;0.8149165108;23.96677324;0.3438720469;6.339403904;0.2738400263;23.99858589;23.9999466,Static geometry,14.0,8
Static-Geometry Safe,8,1,610.3054054054054,32.73945945945946,30.353797297297294,57.0,87.0,75.3990990990991,0.10576576576576577,0.041914414414414417,0.12195945945945948,0.03054054054054054,0.695330536286813,34.0,178.0,0.14513513513513512,1611,11100,0.2801752762612071,0.39988376297872086,23.9987427670518,0.4064864864864865,True,True,0.5605092249;0.2181252996;0.2316669551;0.3707979081;0.95;0.95;0.2020086086;0.95;0.325972712;0.8362721814;0.2993435181;0.2334007936,0.8400796556;2.072097608;1.953264399;1.254604531;0.2976063768;0.2276934429;2.237061952;0.2579608484;1.414030367;0.4910760745;1.530799061;1.939147999,9.938918919;28.40189189;23.83702703;17.54405405;4.334054054;4.496216216;32.73945946;4.538108108;16.29864865;5.869459459;20.3772973;21.92486486,0.2531591395;0.3948185984;0.3969877913;0.3899446515;0.07737765796;0.0641849354;0.3990434833;0.06574515677;0.3909602879;0.1373685776;0.3926292725;0.399883763,0.1586486486;0.03945945946;0.04540540541;0.08972972973;0.2227027027;0.2454054054;0.03054054054;0.2227027027;0.08054054054;0.2156756757;0.06513513514;0.04756756757,4.642071046;23.99874277;23.99586392;23.80454888;0.2976063768;0.2276934429;23.99405494;0.2579608484;23.98185659;0.7643042981;23.9947239;23.99592366,Static geometry,14.0,8
Static-Geometry Safe,8,2,561.3002702702703,35.336486486486486,28.894797297297288,52.0,89.0,73.80855855855856,0.08448198198198198,0.033671171171171174,0.129481981981982,0.03432432432432433,0.8302768765171249,30.0,188.0,0.09945945945945946,1104,11100,0.24040120124683614,0.4000152256968511,23.998027891187277,0.4064864864864865,True,True,0.2983974043;0.4720337023;0.7619171253;0.95;0.6042558466;0.7527600943;0.6803453125;0.2438339011;0.7053294905;0.1925045361;0.95;0.2931742638,1.535332493;0.9986066978;0.5764720931;0.328976203;0.7746227687;0.5870535051;0.6736618433;1.858825842;0.6430324214;2.34929577;0.2710575607;1.560894842,19.64189189;11.77513514;9.308918919;4.722702703;10.87405405;9.680540541;12.45162162;23.62432432;8.052162162;35.33648649;4.848918919;21.48621622,0.3975266292;0.2728625328;0.1506617606;0.08019906354;0.2168943752;0.1569178153;0.1809783439;0.3943725097;0.170838073;0.4000152257;0.06615269656;0.3973953894,0.06675675676;0.1264864865;0.1678378378;0.2075675676;0.1478378378;0.1705405405;0.1413513514;0.05081081081;0.1643243243;0.03432432432;0.2116216216;0.06432432432,23.98697443;7.751234422;0.9294162793;0.328976203;2.247736612;1.335267526;1.494647373;23.97738176;2.10122695;23.99436583;0.2710575607;23.99802789,Static geometry,14.0,8
Static-Geometry Safe,8,3,667.6956756756757,31.045135135135133,29.215567567567565,56.0,91.0,77.1382882882883,0.1088063063063063,0.040653153153153154,0.1056081081081081,0.04108108108108108,0.7264822547345356,41.0,212.0,0.150990990990991,1676,11100,0.31740101908767104,0.4004848557687379,23.999775462680546,0.4064864864864865,True,True,0.2469621281;0.8215561338;0.8932287906;0.3220866759;0.225348274;0.2465631425;0.4834834838;0.2778755806;0.2645088005;0.3014458345;0.9387067142;0.2969367479,1.836175919;0.5080937316;0.4222105672;1.429873819;2.006740312;1.839030251;0.9755450403;1.641436133;1.719737046;1.520828652;0.3585144156;1.542388958,20.5627027;6.668378378;4.946486486;16.72243243;31.04513514;23.07297297;13.33702703;18.79054054;27.71864865;18.67540541;4.618378378;17.96351351,0.4004848558;0.1402064054;0.1136545203;0.398045955;0.3997209756;0.3981251975;0.3084831614;0.3881774638;0.3964691081;0.3871947541;0.09098514494;0.3872646871,0.05189189189;0.1991891892;0.2213513514;0.08108108108;0.04108108108;0.04972972973;0.1305405405;0.06864864865;0.05675675676;0.07756756757;0.2127027027;0.07675675676,23.99587021;0.7242811947;0.4444211345;23.99397502;23.99977546;23.97234916;16.95279705;23.99552575;23.9987162;23.99126408;0.3585144156;23.99534252,Static geometry,14.0,8
Static-Geometry Safe,8,4,571.2672972972973,24.026486486486487,23.63108108108108,47.0,73.0,63.53018018018018,0.07398648648648648,0.02045045045045045,0.10502252252252252,0.04513513513513513,0.8802065142078608,39.0,198.0,0.055945945945945944,621,11100,0.283785147146498,0.396081428444527,23.998358343439754,0.4064864864864865,True,True,0.662118963;0.6741961796;0.3640876;0.2460798207;0.2372011855;0.4128728207;0.5024050881;0.4159209977;0.2309431598;0.4380235493;0.7287104513;0.5641011845,0.6966749552;0.6813572012;1.27608378;1.842501298;1.908996959;1.13470463;0.9393093506;1.126874486;1.959226317;1.072981387;0.6151471375;0.8344446437,9.910810811;8.895675676;16.36378378;23.21324324;23.30756757;14.34891892;11.41081081;15.13945946;24.02648649;14.14702703;8.534054054;10.45378378,0.1865959137;0.1719966557;0.3355755455;0.3948928457;0.3895385687;0.3213974196;0.2520903203;0.2929873664;0.3960814284;0.2888349897;0.1532880164;0.2221426957,0.1410810811;0.1535135135;0.08378378378;0.05378378378;0.05108108108;0.1045945946;0.1191891892;0.1;0.04513513514;0.1062162162;0.1640540541;0.1378378378,1.586699821;1.525428805;23.93901609;23.99766482;23.99835834;12.17172965;6.057899219;15.25122226;23.99497405;11.61118104;1.26058855;3.144446437,Static geometry,14.0,8
Static-Geometry Safe,8,5,538.5956756756757,30.31972972972973,25.879297297297292,48.0,85.0,69.32747747747747,0.07333333333333333,0.026283783783783782,0.12472972972972973,0.03864864864864865,0.8279080751087935,32.0,208.0,0.05711711711711712,634,11100,0.2564038332664974,0.3953274441212852,23.999609888065613,0.4064864864864865,True,True,0.9411489522;0.4821824971;0.3825098869;0.7544254172;0.3523107703;0.8677360717;0.95;0.2189202535;0.8265150398;0.3376263363;0.2625732011;0.2699141276,0.3546353857;0.9781203331;1.218803669;0.5851252029;1.315645181;0.4538598372;0.2241414152;2.064668323;0.5023771293;1.368663091;1.731770293;1.687095206,5.282972973;13.22837838;14.74216216;6.790810811;15.62054054;5.884594595;5.353513514;30.31972973;8.178378378;17.74;21.27864865;22.24621622,0.08319554453;0.284712324;0.3557589088;0.1450161651;0.3559353584;0.1072090534;0.05385451842;0.389496889;0.128445612;0.3898840266;0.3880101548;0.3953274441,0.1989189189;0.1194594595;0.09783783784;0.1783783784;0.09648648649;0.1818918919;0.2013513514;0.03864864865;0.1764864865;0.08459459459;0.0627027027;0.06,0.3546353857;7.256091326;16.8786495;0.9553756086;23.67064699;0.5077196745;0.2241414152;23.99960989;0.7071313878;23.99251102;23.99626068;23.97409316,Static geometry,14.0,8
Static-Geometry Safe,8,6,372.09216216216214,21.325675675675676,18.390459459459457,35.0,58.0,49.18423423423423,0.032950450450450454,0.008716216216216216,0.15259009009009009,0.06297297297297297,0.9117976145156519,24.0,111.0,0.014234234234234235,158,11100,0.17831151831940228,0.3804847524169732,23.998489895166312,0.4064864864864865,True,True,0.6600953202;0.4082536129;0.95;0.8542797728;0.5796663152;0.95;0.7238759829;0.298421524;0.95;0.3698913443;0.95;0.5870736138,0.6992694381;1.146768836;0.2551559305;0.4699577518;0.8105930222;0.2156180293;0.6208604762;1.535216558;0.2628816135;1.257463669;0.2571157349;0.7995478023,8.95027027;15.98891892;4.87;6.075675676;9.910540541;5.054324324;9.863513514;21.32567568;4.604864865;14.70189189;4.700810811;10.84567568,0.1861568639;0.3254343995;0.05937547464;0.1143140477;0.2037436515;0.05017489817;0.142126709;0.3804847524;0.06159955646;0.3381557704;0.06142981341;0.2167422826,0.1616216216;0.09405405405;0.2032432432;0.1881081081;0.1337837838;0.1989189189;0.1448648649;0.06297297297;0.207027027;0.09567567568;0.2040540541;0.1367567568,1.297808314;12.56429113;0.2551559305;0.5399155036;1.737709289;0.2156180293;1.062581429;23.9984899;0.2628816135;18.59933918;0.2571157349;1.998191209,Static geometry,14.0,8
Static-Geometry Safe,8,7,424.2143243243243,28.41162162162162,25.78113513513513,43.0,70.0,60.45225225225225,0.05675675675675676,0.018738738738738738,0.1552927927927928,0.03891891891891892,0.8381068607281184,22.0,135.0,0.06279279279279279,697,11100,0.1975463457918267,0.3992098617254353,23.99888442362495,0.4064864864864865,True,True,0.95;0.8194645516;0.5139536145;0.1957148488;0.2668165055;0.95;0.9166527097;0.2817874583;0.4060368001;0.95;0.95;0.8957240492,0.2129344738;0.5105004868;0.9182376412;2.309972111;1.705631049;0.2143947682;0.3910280632;1.619983796;1.152645744;0.2643493157;0.2202876177;0.4190042049,5.398918919;6.618108108;12.19783784;28.41162162;23.62891892;4.812702703;5.788378378;19.81054054;13.11189189;5.014324324;4.158108108;5.227297297,0.0516797723;0.1283149872;0.2839091518;0.3983141099;0.3992098617;0.05243980141;0.0996593145;0.3936122791;0.3348903175;0.06537287131;0.05602449954;0.1071291832,0.2048648649;0.1956756757;0.1313513514;0.03891891892;0.04918918919;0.2137837838;0.2094594595;0.06756756757;0.1116216216;0.2062162162;0.2264864865;0.2083783784,0.2129344738;0.7315014605;7.947129237;23.99888442;23.98833706;0.2143947682;0.3910280632;23.99416663;13.6584755;0.2643493157;0.2202876177;0.4950210247,Static geometry,14.0,8
Static-Geometry Safe,8,8,511.41027027027025,27.816216216216215,25.679837837837834,47.0,86.0,69.45495495495496,0.07056306306306306,0.02572072072072072,0.1364864864864865,0.038378378378378375,0.8136780224776462,28.0,221.0,0.06864864864864866,762,11100,0.23375633789878006,0.39778772876948504,23.998591499903362,0.4064864864864865,True,True,0.924502767;0.7675714746;0.2938168902;0.223720696;0.8564804989;0.95;0.4732619221;0.198994158;0.3554966144;0.365156396;0.95;0.8950142286,0.3798996382;0.5699618165;1.557699888;2.021057334;0.4673466129;0.2347890628;0.9960890923;2.271318822;1.304697623;1.272612991;0.2590903055;0.4199186836,4.901351351;6.813243243;20.86621622;23.93189189;7.885135135;4.405405405;16.78243243;27.81621622;17.13432432;16.35675676;5.258108108;5.364054054,0.09364012703;0.1486522035;0.3890039721;0.3971104546;0.1151946246;0.05793578767;0.2988267277;0.3977877288;0.3797727945;0.3525481933;0.06372221026;0.1108812308,0.2056756757;0.1835135135;0.06648648649;0.04810810811;0.1735135135;0.2105405405;0.1091891892;0.03837837838;0.09594594595;0.08945945946;0.2051351351;0.2118918919,0.3798996382;0.9098854496;23.99787465;23.98055096;0.5346932257;0.2347890628;12.24356369;23.9985915;23.97850966;23.99497158;0.2590903055;0.4398373672,Static geometry,14.0,8
Static-Geometry Safe,8,9,644.3856756756757,32.693783783783786,30.70427027027027,58.0,103.0,82.3472972972973,0.10441441441441442,0.04585585585585585,0.1245945945945946,0.033783783783783786,0.7439696280344398,33.0,207.0,0.17,1887,11100,0.2616299755085225,0.3985585985507492,23.99736336662605,0.4064864864864865,True,True,0.3257577326;0.6871221964;0.2523803769;0.1963495047;0.5437054116;0.2493362779;0.95;0.4363495231;0.95;0.6652629851;0.95;0.2127973752,1.414897118;0.6652565043;1.798374164;2.302374716;0.8671448273;1.819394726;0.209506079;1.076896197;0.2790122724;0.6926602831;0.247425482;2.123503268,20.01486486;8.191351351;29.07648649;32.69378378;12.49594595;24.43675676;4.308648649;13.56837838;5.133783784;8.696216216;4.375135135;27.89486486,0.3908175282;0.1729666911;0.3985585986;0.3963818093;0.2603778117;0.3973164699;0.05322586871;0.3414051997;0.0708087902;0.1976889889;0.06285944677;0.3971525032,0.07351351351;0.1702702703;0.04486486486;0.03378378378;0.1337837838;0.04567567568;0.2224324324;0.112972973;0.2189189189;0.1767567568;0.2235135135;0.03864864865,23.98609007;1.461026017;23.99679272;23.99736337;5.941462064;23.99160405;0.209506079;9.72240492;0.2790122724;1.648621982;0.247425482;23.99487595,Static geometry,14.0,8
Static-Geometry Safe,8,10,659.1864864864865,29.91,29.311689189189188,56.0,86.0,74.36531531531531,0.11259009009009009,0.039234234234234236,0.10063063063063062,0.03513513513513514,0.7903130844303401,42.0,177.0,0.1253153153153153,1391,11100,0.3093909198394192,0.3973665391158703,23.999327919073217,0.4064864864864865,True,True,0.2210551088;0.5230742899;0.4621770162;0.8877431859;0.3493760462;0.4491418585;0.5565464418;0.34857734;0.2223217792;0.6900300697;0.2104662511;0.2177243916,2.045012567;0.9021077578;1.019211399;0.4291816563;1.325898395;1.047619095;0.8463561798;1.328717478;2.03354937;0.6616731043;2.146920017;2.075867389,22.42783784;13.23108108;13.73135135;5.315135135;17.40513514;14.07567568;12.55540541;17.05027027;25.02162162;8.342432432;28.82216216;29.91,0.390763212;0.2606359981;0.2925412178;0.1074114091;0.3511838991;0.3222136567;0.2436133328;0.3752729095;0.3973665391;0.1775787548;0.3968900788;0.3972200301,0.05027027027;0.1302702703;0.1186486486;0.2089189189;0.07810810811;0.1156756757;0.1343243243;0.09108108108;0.04324324324;0.1610810811;0.03513513514;0.04081081081,23.99589223;5.335831883;11.92558655;0.4583633126;23.90136354;14.47619392;3.709917978;23.69535358;23.99496751;3.016731043;23.99932792;23.99568375,Static geometry,14.0,8
Static-Geometry Safe,8,11,554.4545945945946,28.225945945945945,25.749162162162158,51.0,76.0,66.78963963963965,0.08463963963963964,0.028243243243243243,0.11801801801801802,0.03594594594594595,0.8548502953445256,34.0,135.0,0.04666666666666667,518,11100,0.25773868553260787,0.39448013612759525,23.998416550426125,0.4064864864864865,True,True,0.95;0.2935060875;0.6227889451;0.4312530983;0.6153269509;0.4183303984;0.9434799305;0.4987828682;0.6260188518;0.4351735249;0.2492611008;0.2092716103,0.3358641596;1.559243329;0.7487311135;1.088976442;0.7590395275;1.120756955;0.3508668233;0.9460759936;0.7443154627;1.079661914;1.819920828;2.159149808,5.414054054;18.37243243;13.43648649;14.83918919;10.71594595;16.53189189;5.145675676;14.1772973;10.50756757;13.97513514;23.7227027;28.22594595,0.07806572359;0.3733755646;0.2019550409;0.3187463479;0.1909907568;0.3195671857;0.08325974889;0.2590202653;0.1734053862;0.310767551;0.3944801361;0.3892305194,0.1951351351;0.07081081081;0.1424324324;0.1091891892;0.147027027;0.09783783784;0.1975675676;0.1151351351;0.1410810811;0.1143243243;0.04972972973;0.03594594595,0.3358641596;23.98314606;1.794924454;13.71575144;1.949434802;18.66422255;0.3508668233;5.175443879;1.432946388;10.74410998;23.99841655;23.97542637,Static geometry,14.0,8
Static-Geometry Safe,8,12,606.9686486486487,25.753783783783785,25.001324324324322,50.0,86.0,70.65855855855855,0.08117117117117117,0.029572072072072072,0.10666666666666667,0.047837837837837835,0.8544083650417222,38.0,184.0,0.04612612612612613,512,11100,0.27956936598072063,0.39780272342101886,23.99881047599579,0.4064864864864865,True,True,0.2277146089;0.9318683167;0.4490225566;0.364868936;0.3264467419;0.2532754659;0.5108922966;0.7249468559;0.885090931;0.3371942215;0.4510893652;0.3770521179,1.986329388;0.369039043;1.047885528;1.273544601;1.412123145;1.792296255;0.9237509324;0.6195927545;0.4325165816;1.370290719;1.043286736;1.235229773,24.38567568;5.517027027;12.35135135;15.34108108;17.55378378;25.75378378;15.38945946;8.728918919;6.575675676;21.87432432;13.81891892;17.95216216,0.3978027234;0.08338287566;0.2990721941;0.3442012436;0.3675336727;0.3923675584;0.2496624142;0.1450181961;0.1022843267;0.3684970987;0.2644872861;0.3405228022,0.04783783784;0.1881081081;0.1183783784;0.0927027027;0.08405405405;0.05054054054;0.1083783784;0.1513513514;0.1791891892;0.07054054054;0.107027027;0.08189189189,23.99698616;0.369039043;11.18868033;18.99204227;23.85477743;23.99881048;8.636278904;1.058778264;0.4650331633;23.98773384;9.785175559;23.78424591,Static geometry,14.0,8
Static-Geometry Safe,8,13,390.49756756756756,27.59027027027027,21.115729729729722,38.0,61.0,51.9490990990991,0.043536036036036035,0.010382882882882883,0.15308558558558558,0.04,0.9009442954935711,23.0,98.0,0.04153153153153153,461,11100,0.18493448305610474,0.39552056917561074,23.998714753783595,0.4064864864864865,True,True,0.931036637;0.7159624459;0.6775674106;0.3509019354;0.95;0.7562371291;0.2357345475;0.5713184825;0.95;0.8385292043;0.9458583108;0.3749843981,0.3702883284;0.6302691506;0.6771299559;1.320546841;0.2764601871;0.5830294735;1.920506701;0.8232731646;0.2265612916;0.488449848;0.3469497415;1.241568686,5.943513514;8.074864865;9.607837838;15.81837838;5.066486486;8.855675676;27.59027027;10.61108108;4.635405405;7.047837838;5.474324324;15.40972973,0.08846888712;0.1669361534;0.1637922461;0.3544062198;0.06769538636;0.1500119078;0.3955205692;0.23385408;0.05621169343;0.1251487719;0.07389091791;0.3432769638,0.1908108108;0.1740540541;0.1491891892;0.09216216216;0.2062162162;0.1605405405;0.04;0.1445945946;0.2167567568;0.1835135135;0.1856756757;0.09351351351,0.3702883284;1.321076603;1.508519823;23.9012462;0.2764601871;0.9490884205;23.99871475;2.656004811;0.2265612916;0.6653495441;0.3469497415;16.82667066,Static geometry,14.0,8
Static-Geometry Safe,8,14,628.73,32.288648648648646,27.86694594594594,56.0,91.0,76.7081081081081,0.10083333333333333,0.0397972972972973,0.1095045045045045,0.03567567567567568,0.8448936906334525,38.0,264.0,0.0681081081081081,756,11100,0.27640751680106007,0.39743095021535474,23.99766527749546,0.4064864864864865,True,True,0.3969158517;0.64914127;0.685168137;0.2123384503;0.8391928019;0.2547057577;0.6450583303;0.3536782427;0.3495021855;0.2638904463;0.8142278578;0.4332858251,1.177446822;0.7134614509;0.6676722331;2.128067317;0.4876767217;1.782678959;0.7188179662;1.310923092;1.325454306;1.723560971;0.5165166625;1.084128614,15.48513514;12.23810811;8.955675676;32.28864865;7.745135135;24.24918919;8.211891892;19.43081081;17.62243243;22.88135135;8.200810811;17.82621622,0.3271392791;0.1910919724;0.1734143286;0.3974309502;0.1177014358;0.3907439557;0.1843670946;0.3528863242;0.3589473554;0.3936240595;0.1245223954;0.3050210507,0.1021621622;0.1467567568;0.1508108108;0.03567567568;0.1708108108;0.05027027027;0.16;0.0772972973;0.09216216216;0.05972972973;0.1727027027;0.09567567568,18.28595845;2.280768706;1.203016699;23.99766528;0.6630301652;23.99745136;1.356453898;23.90907888;23.79997371;23.98970615;0.7495499874;14.22863011,Static geometry,14.0,8
Static-Geometry Safe,8,15,519.5254054054054,31.95216216216216,28.553310810810807,49.0,90.0,72.4990990990991,0.07509009009009009,0.031013513513513512,0.1352927927927928,0.0372972972972973,0.8507904767428754,28.099999999999454,267.0,0.07882882882882883,875,11100,0.23447137350464387,0.4016113466626759,23.99820662757991,0.4064864864864865,True,True,0.95;0.6682774533;0.3936552323;0.8783623152;0.2542081145;0.6112416568;0.1961261937;0.2603661895;0.4858854259;0.9440218225;0.777121657;0.6438927182,0.2609434761;0.6888292002;1.186565108;0.4408835581;1.786011998;0.7647485898;2.305041448;1.74572184;0.9708198352;0.349980936;0.5589976316;0.7203540735,4.93972973;9.135405405;14.22081081;7.10027027;22.5672973;10.16513514;31.95216216;25.77243243;13.07405405;4.854054054;8.358648649;10.3172973,0.06375483848;0.1980849376;0.3425004149;0.1056928962;0.4016113467;0.2133028499;0.3974639037;0.3991569395;0.2899340319;0.08399542465;0.1361234773;0.1820354213,0.212972973;0.1694594595;0.1048648649;0.1835135135;0.05567567568;0.1521621622;0.0372972973;0.05837837838;0.1308108108;0.2051351351;0.1643243243;0.1489189189,0.2609434761;1.732975201;17.91329711;0.5226506742;23.98127556;2.517988718;23.99820663;23.99646698;6.837054562;0.349980936;0.8769928948;1.842478515,Static geometry,14.0,8
Static-Geometry Safe,8,16,606.2216216216216,31.596216216216217,28.226945945945943,54.0,84.0,72.22342342342343,0.09398648648648648,0.03545045045045045,0.1242117117117117,0.03432432432432433,0.7839553379450136,34.0,163.0,0.14135135135135135,1569,11100,0.2701181262226447,0.4001800724317014,23.999593875249964,0.4064864864864865,True,True,0.3932789834;0.7735119064;0.901603995;0.8416273572;0.2260479039;0.7045979448;0.6624829137;0.1982197585;0.7522839954;0.3841282698;0.2247729528;0.2144342016,1.187626136;0.5631378354;0.4113518347;0.4848363331;2.00065631;0.6439160289;0.6962092138;2.280313362;0.5876051337;1.214015836;2.011774821;2.107404393,15.32756757;7.165135135;5.666756757;7.675405405;23.57864865;9.658918919;8.902432432;31.59621622;8.447567568;15.0572973;25.47027027;23.86459459,0.3428066793;0.1593527875;0.1065067723;0.1184573095;0.3985091083;0.1853433975;0.2045349771;0.3956651833;0.1646882496;0.367813987;0.4001800724;0.3975589908,0.107027027;0.1975675676;0.2040540541;0.1751351351;0.04567567568;0.1794594595;0.177027027;0.03432432432;0.1778378378;0.1056756757;0.04405405405;0.0427027027,19.25756816;1.052551342;0.4227036694;0.6545089994;23.86974346;1.39524426;1.584836855;23.99959388;1.713235936;23.962217;23.98994469;23.9980465,Static geometry,14.0,8
Static-Geometry Safe,8,17,497.9321621621622,31.81810810810811,29.70239189189189,50.0,89.0,73.42297297297297,0.0754054054054054,0.033243243243243244,0.14583333333333334,0.037567567567567565,0.8138253994838026,26.0,227.0,0.09621621621621622,1068,11100,0.21305233343742258,0.4014914419108932,23.99966293736989,0.4064864864864865,True,True,0.6058267012;0.4606290406;0.8627452041;0.95;0.8920394043;0.9329954481;0.2434414901;0.2237143759;0.7874097494;0.2072792387;0.95;0.5223938409,0.772389876;1.022513998;0.4598691245;0.2139841101;0.4237308779;0.3673358894;1.861711545;2.021113381;0.5472165522;2.179902851;0.241873434;0.9032962107,10.74216216;13.04297297;5.248918919;4.236216216;6.159189189;4.761621622;27.97135135;31.81810811;8.818378378;27.72216216;4.751081081;12.05135135,0.2120940849;0.2954236389;0.1193173945;0.05685037304;0.1084522004;0.09173469237;0.3959910772;0.4014914419;0.1461216091;0.3976849796;0.05876870734;0.272697802,0.1481081081;0.1151351351;0.2105405405;0.2278378378;0.1951351351;0.2140540541;0.0427027027;0.03945945946;0.1824324324;0.03756756757;0.2097297297;0.1272972973,2.179119008;10.80787795;0.5197382491;0.2139841101;0.4474617559;0.3673358894;23.99727026;23.99966294;0.8416496567;23.99028514;0.241873434;4.452739372,Static geometry,14.0,8
Static-Geometry Safe,8,18,415.9056756756757,26.11,25.22197297297297,42.0,72.0,60.16531531531532,0.05536036036036036,0.018873873873873875,0.15779279279279276,0.038378378378378375,0.8410325001148014,22.0,154.0,0.07720720720720721,857,11100,0.19107857160738595,0.3960188233407843,23.999626106394537,0.4064864864864865,True,True,0.95;0.2298402862;0.2514208534;0.95;0.8064515181;0.2889292384;0.86964094;0.95;0.4229897239;0.9113191376;0.93510967;0.8418183031,0.2641897105;1.968390267;1.804941085;0.3377909827;0.5254308787;1.582364629;0.451552802;0.2372894534;1.10910177;0.3983676074;0.3641087485;0.4846132827,4.904864865;26.11;22.24243243;4.399189189;8.187297297;24.49540541;6.001621622;4.653513514;12.40189189;4.818648649;5.163783784;7.466486486,0.06790389585;0.395806043;0.3956235729;0.08399127138;0.1341978866;0.3960188233;0.116793522;0.06054087675;0.324936843;0.09905356725;0.09220808036;0.1258684769,0.2145945946;0.03837837838;0.05567567568;0.2148648649;0.1756756757;0.05189189189;0.197027027;0.2175675676;0.1145945946;0.2121621622;0.21;0.1910810811,0.2641897105;23.99962611;23.99787125;0.3377909827;0.9017235147;23.98877293;0.503105604;0.2372894534;17.87341153;0.3983676074;0.3641087485;0.5692265654,Static geometry,14.0,8
Static-Geometry Safe,8,19,620.457027027027,33.59864864864865,28.31909459459459,50.0,79.0,68.04414414414414,0.08725225225225225,0.02759009009009009,0.10475225225225225,0.032432432432432434,0.8375953435589674,40.0,168.0,0.06495495495495496,721,11100,0.2935926361723451,0.39438245549816636,23.9960630801605,0.4064864864864865,True,True,0.8339118425;0.4218873338;0.3658373363;0.3670076204;0.481511622;0.1930715746;0.2120595117;0.3057773787;0.5446939528;0.4653449839;0.3623629999;0.8770434254,0.4938172966;1.111838862;1.270411673;1.266646367;0.9794527448;2.342239302;2.1308523;1.500722279;0.8655191693;1.012509865;1.281724896;0.4425090154,6.099459459;13.61756757;16.63432432;14.70081081;13.16972973;33.59864865;23.99945946;17.08783784;12.74459459;13.89783784;16.12243243;6.402702703,0.121318898;0.2854721403;0.3457579877;0.3536339723;0.2636580902;0.3943824555;0.3870088501;0.3889709906;0.2428132156;0.2908913476;0.3481441947;0.1010594914,0.1935135135;0.09540540541;0.08918918919;0.09513513514;0.1116216216;0.03243243243;0.04648648649;0.07648648649;0.1227027027;0.1156756757;0.08945945946;0.1889189189,0.6814518897;14.52090994;19.5235852;21.0657329;5.230149407;23.98702535;23.98943338;23.99606308;3.041421725;9.125256482;21.05831906;0.4850180308,Static geometry,14.0,8
Known-Transition Safe,2,0,237.49405405405406,12.21027027027027,11.827648648648648,20.0,34.0,28.844144144144146,0.004054054054054054,0.0002927927927927928,0.15565315315315315,0.06243243243243243,0.8519978832200483,18.0,71.0,0.015495495495495495,172,11100,0.21366376620397912,0.39185765200344647,23.998622883977717,0.4064864864864865,True,True,0.95;0.2315765095;0.95;0.8081176242;0.6281327393;0.795200025;0.3394136806;0.9476946562;0.5005847781;0.95;0.23436609;0.2528380647,0.3369544871;1.95400716;0.2191119648;0.5235225351;0.7414402559;0.5383055036;1.361973486;0.3438720469;0.9427001774;0.2738400263;1.931388168;1.795260579,3.927297297;12.21027027;3.852432432;4.698648649;5.984054054;4.554864865;9.131621622;4.232432432;7.522432432;4.204594595;11.51459459;10.22405405,0.08979381738;0.391857652;0.06028540004;0.1416340696;0.190770574;0.1504345651;0.3600027215;0.08708327241;0.2542742641;0.06838599575;0.3841896464;0.3852532162,0.2275675676;0.06243243243;0.2335135135;0.1989189189;0.1545945946;0.1997297297;0.08810810811;0.217027027;0.122972973;0.2167567568;0.07135135135;0.07486486486,0.3369544871;23.99862288;0.2191119648;1.141135211;2.331522047;1.091527518;23.78459478;0.3438720469;7.254003549;0.2738400263;23.99575766;23.95828954,Known transition,2.0,2
Known-Transition Safe,2,1,291.58972972972975,14.443243243243243,13.223283783783781,25.0,38.0,34.27567567567568,0.006463963963963964,0.001599099099099099,0.13466216216216217,0.05945945945945946,0.748753977156625,23.0,131.0,0.04027027027027027,447,11100,0.2735513054753884,0.3983114808175987,23.99102780784407,0.4064864864864865,True,True,0.5605092249;0.2181252996;0.2316669551;0.3707979081;0.95;0.95;0.2020086086;0.95;0.325972712;0.8362721814;0.2993435181;0.2334007936,0.8400796556;2.072097608;1.953264399;1.254604531;0.2976063768;0.2276934429;2.237061952;0.2579608484;1.414030367;0.4910760745;1.530799061;1.939147999,6.238648649;12.22513514;11.94945946;8.708108108;3.885405405;3.596756757;14.44324324;3.874594595;9.475405405;4.212162162;10.48297297;11.1172973,0.2470288285;0.3903383873;0.3906528797;0.3431512933;0.08316891718;0.06861572673;0.3917881473;0.07111353118;0.3814060287;0.1442701873;0.3727702577;0.3983114808,0.15;0.06027027027;0.06459459459;0.09378378378;0.237027027;0.2618918919;0.05945945946;0.2386486486;0.08405405405;0.2202702703;0.07702702703;0.06891891892,4.440876212;23.99102781;23.97382484;16.07757153;0.2976063768;0.2276934429;23.98867329;0.2579608484;23.69079375;0.7643042981;23.96276148;23.95861185,Known transition,2.0,2
Known-Transition Safe,2,2,257.9964864864865,14.075135135135135,12.626405405405404,22.0,35.0,29.427477477477478,0.004414414414414414,9.009009009009009e-05,0.14222972972972975,0.05378378378378378,0.8527177506698926,20.0,64.0,0.025945945945945945,288,11100,0.23582578347252767,0.3981103912887708,23.98309814673514,0.4064864864864865,True,True,0.2983974043;0.4720337023;0.7619171253;0.95;0.6042558466;0.7527600943;0.6803453125;0.2438339011;0.7053294905;0.1925045361;0.95;0.2931742638,1.535332493;0.9986066978;0.5764720931;0.328976203;0.7746227687;0.5870535051;0.6736618433;1.858825842;0.6430324214;2.34929577;0.2710575607;1.560894842,9.998648649;8.068108108;4.943783784;4.137297297;6.16972973;4.977027027;5.771351351;11.44108108;5.440540541;14.07513514;4.098108108;9.422702703,0.3697246625;0.2601775288;0.1531546128;0.08802336242;0.2131259401;0.1591390988;0.1767907162;0.3883438854;0.1734449612;0.3981103913;0.07230643578;0.3775678063,0.07783783784;0.1162162162;0.1886486486;0.2259459459;0.1527027027;0.1864864865;0.1627027027;0.06432432432;0.1727027027;0.05378378378;0.2248648649;0.08054054054,22.35462968;5.580493769;0.9294162793;0.328976203;3.371604918;1.335267526;2.315632903;23.97687067;2.116389057;23.98309815;0.2710575607;23.95990879,Known transition,2.0,2
Known-Transition Safe,2,3,301.15945945945947,11.930540540540541,11.644540540540541,25.0,37.0,32.17207207207207,0.00509009009009009,0.00024774774774774777,0.12108108108108111,0.06756756756756757,0.7616296094844465,25.0,71.0,0.03063063063063063,340,11100,0.3103590816834478,0.3926702663756225,23.99767838369748,0.4064864864864865,True,True,0.2469621281;0.8215561338;0.8932287906;0.3220866759;0.225348274;0.2465631425;0.4834834838;0.2778755806;0.2645088005;0.3014458345;0.9387067142;0.2969367479,1.836175919;0.5080937316;0.4222105672;1.429873819;2.006740312;1.839030251;0.9755450403;1.641436133;1.719737046;1.520828652;0.3585144156;1.542388958,10.37513514;4.292162162;4.068108108;8.102972973;11.93054054;11.1327027;6.781621622;10.51351351;11.41054054;10.25;3.919189189;10.55378378,0.387581998;0.1506429253;0.1249515057;0.3756317168;0.3926702664;0.3876874582;0.2945091378;0.3828538872;0.3913563764;0.374863711;0.1022250563;0.3593349411,0.07486486486;0.222972973;0.2391891892;0.09567567568;0.06756756757;0.07162162162;0.1389189189;0.07783783784;0.06945945946;0.07972972973;0.2394594595;0.07567567568,23.98348084;0.9404686578;0.5110528362;23.75091497;23.99767838;23.95684183;9.421801611;23.97786873;23.9671617;23.958118;0.3585144156;23.9639498,Known transition,2.0,2
Known-Transition Safe,2,4,292.4308108108108,13.058378378378379,12.411756756756755,24.0,36.0,31.713963963963963,0.005135135135135135,0.0008333333333333334,0.11283783783783784,0.0627027027027027,0.8953743220509481,25.0,94.0,0.0190990990990991,212,11100,0.2809017294616033,0.3966109490707897,23.995866194840517,0.4064864864864865,True,True,0.662118963;0.6741961796;0.3640876;0.2460798207;0.2372011855;0.4128728207;0.5024050881;0.4159209977;0.2309431598;0.4380235493;0.7287104513;0.5641011845,0.6966749552;0.6813572012;1.27608378;1.842501298;1.908996959;1.13470463;0.9393093506;1.126874486;1.959226317;1.072981387;0.6151471375;0.8344446437,5.797297297;5.921891892;9.902972973;10.97378378;13.05837838;8.169459459;7.147837838;9.096216216;11.8827027;8.366216216;5.521891892;6.440810811,0.1931860822;0.1848871973;0.3048805572;0.3839374326;0.3874747882;0.3051435425;0.2538673921;0.2844596676;0.3966109491;0.2804251356;0.1665884951;0.2293595142,0.1635135135;0.1618918919;0.08189189189;0.06891891892;0.0627027027;0.1040540541;0.1245945946;0.09594594595;0.06513513514;0.1059459459;0.1710810811;0.1483783784,2.773399642;1.806786006;17.25202145;23.93004672;23.99586619;15.03702502;5.253784155;9.049368321;23.99435271;8.367702197;1.536324237;5.682225012,Known transition,2.0,2
Known-Transition Safe,2,5,275.4491891891892,12.743243243243244,12.147608108108107,23.0,36.0,31.114864864864863,0.005518018018018018,0.00047297297297297297,0.1335135135135135,0.06243243243243243,0.822826238440547,22.0,81.0,0.016396396396396395,182,11100,0.24900196094346416,0.38347218051441795,23.99903658647971,0.4064864864864865,True,True,0.9411489522;0.4821824971;0.3825098869;0.7544254172;0.3523107703;0.8677360717;0.95;0.2189202535;0.8265150398;0.3376263363;0.2625732011;0.2699141276,0.3546353857;0.9781203331;1.218803669;0.5851252029;1.315645181;0.4538598372;0.2241414152;2.064668323;0.5023771293;1.368663091;1.731770293;1.687095206,4.303243243;7.602972973;8.788108108;5.372972973;9.815135135;4.730810811;3.865675676;12.74324324;4.484594595;9.313243243;11.66027027;11.41648649,0.09172596326;0.2712301248;0.3353357122;0.1511837011;0.335667311;0.1159182557;0.05973065822;0.381126612;0.1344198265;0.3495639517;0.3786492343;0.3834721805,0.2172972973;0.1210810811;0.09486486486;0.1783783784;0.08378378378;0.1954054054;0.2262162162;0.06243243243;0.2010810811;0.08486486486;0.06594594595;0.07081081081,0.3546353857;7.296767662;15.95214677;1.69587642;14.65032289;0.5615795117;0.2241414152;23.98761982;0.8095085171;23.99903659;23.9113816;23.99661576,Known transition,2.0,2
Known-Transition Safe,2,6,209.85837837837838,10.308108108108108,9.88877027027027,18.0,27.0,23.707207207207208,0.0006756756756756757,0.0,0.1590765765765766,0.07432432432432433,0.9052038529924515,18.0,54.0,0.00036036036036036037,4,11100,0.17195411499268665,0.3535147317985386,23.6708087544418,0.4064864864864865,True,True,0.6600953202;0.4082536129;0.95;0.8542797728;0.5796663152;0.95;0.7238759829;0.298421524;0.95;0.3698913443;0.95;0.5870736138,0.6992694381;1.146768836;0.2551559305;0.4699577518;0.8105930222;0.2156180293;0.6208604762;1.535216558;0.2628816135;1.257463669;0.2571157349;0.7995478023,5.527567568;8.325405405;4.252432432;4.536216216;7.071621622;4.13;6.014324324;10.30810811;4.077567568;9.545675676;3.998378378;6.503513514,0.1836999713;0.2811133337;0.06372002157;0.1209188594;0.2002383844;0.05431243332;0.1417911088;0.3535147318;0.0665019433;0.320483308;0.06559925776;0.2115560266,0.1602702703;0.09864864865;0.2113513514;0.2010810811;0.1316216216;0.2181081081;0.1497297297;0.07432432432;0.2162162162;0.08810810811;0.2183783784;0.1410810811,1.994155505;9.336909273;0.2551559305;0.6098732553;3.716523245;0.2156180293;1.062581429;23.67080875;0.2628816135;16.29405539;0.2571157349;3.596382419,Known transition,2.0,2
Known-Transition Safe,2,7,228.9754054054054,13.41972972972973,12.043243243243241,20.0,34.0,29.019369369369368,0.004324324324324324,0.000990990990990991,0.1620945945945946,0.05756756756756757,0.8552030988129513,17.0,104.0,0.014954954954954955,166,11100,0.19094267143924892,0.4001870602401627,23.977266837880975,0.4064864864864865,True,True,0.95;0.8194645516;0.5139536145;0.1957148488;0.2668165055;0.95;0.9166527097;0.2817874583;0.4060368001;0.95;0.95;0.8957240492,0.2129344738;0.5105004868;0.9182376412;2.309972111;1.705631049;0.2143947682;0.3910280632;1.619983796;1.152645744;0.2643493157;0.2202876177;0.4190042049,4.106216216;4.905135135;6.837837838;13.41972973;10.87405405;4.147837838;4.071621622;10.91702703;8.39;4.07027027;3.958648649;4.469459459,0.0542695159;0.13466175;0.2690188116;0.4001870602;0.3729339239;0.05487347175;0.101878663;0.3690936055;0.2940804277;0.06844503903;0.05941811959;0.1124516691,0.22;0.1864864865;0.1316216216;0.05756756757;0.0727027027;0.2186486486;0.2213513514;0.07108108108;0.1005405405;0.2210810811;0.2305405405;0.2135135135,0.2129344738;0.7315014605;5.018851695;23.97726684;20.9180565;0.2143947682;0.3910280632;23.93907638;9.237309551;0.2643493157;0.2202876177;0.4950210247,Known transition,2.0,2
Known-Transition Safe,2,8,259.037027027027,13.919459459459459,12.591878378378377,22.0,35.0,30.27882882882883,0.004324324324324324,0.0002927927927927928,0.14961711711711714,0.05540540540540541,0.8201589407213015,20.0,73.0,0.03189189189189189,354,11100,0.22533686739123934,0.38735193958880415,23.998591499903156,0.4064864864864865,True,True,0.924502767;0.7675714746;0.2938168902;0.223720696;0.8564804989;0.95;0.4732619221;0.198994158;0.3554966144;0.365156396;0.95;0.8950142286,0.3798996382;0.5699618165;1.557699888;2.021057334;0.4673466129;0.2347890628;0.9960890923;2.271318822;1.304697623;1.272612991;0.2590903055;0.4199186836,4.030810811;4.828648649;10.34567568;11.50567568;4.686216216;3.891621622;7.81027027;13.91945946;9.224594595;9.613243243;3.89027027;3.966216216,0.1019568488;0.1551220403;0.3603759742;0.3872782838;0.1199944006;0.06345650347;0.277020453;0.3873519396;0.3420423497;0.3233124895;0.06855389434;0.1175772314,0.2210810811;0.1927027027;0.07756756757;0.06189189189;0.2016216216;0.23;0.1178378378;0.05540540541;0.08783783784;0.09081081081;0.2324324324;0.2262162162,0.3798996382;1.079847266;23.76628671;23.97965746;0.6020398386;0.2347890628;11.47485095;23.9985915;18.66306687;18.50200541;0.2590903055;0.4597560509,Known transition,2.0,2
Known-Transition Safe,2,9,280.1418918918919,14.493243243243244,12.86762162162162,24.0,37.0,32.318018018018016,0.006373873873873874,0.0003828828828828829,0.1379954954954955,0.05189189189189189,0.7998770869710143,21.0,69.0,0.03504504504504505,389,11100,0.2556879410050565,0.40174386156909025,23.997363366625983,0.4064864864864865,True,True,0.3257577326;0.6871221964;0.2523803769;0.1963495047;0.5437054116;0.2493362779;0.95;0.4363495231;0.95;0.6652629851;0.95;0.2127973752,1.414897118;0.6652565043;1.798374164;2.302374716;0.8671448273;1.819394726;0.209506079;1.076896197;0.2790122724;0.6926602831;0.247425482;2.123503268,9.981621622;5.869459459;11.47567568;14.49324324;6.476486486;10.50810811;3.914864865;7.196486486;3.90027027;5.665135135;3.831081081;11.53756757,0.3502826378;0.1736858873;0.3868934688;0.398870863;0.2521750903;0.3919074586;0.05837858578;0.3053146244;0.07759557521;0.2038667698;0.0675404694;0.4017438616,0.08297297297;0.1659459459;0.0672972973;0.05189189189;0.1440540541;0.07081081081;0.2375675676;0.1208108108;0.2364864865;0.1735135135;0.2383783784;0.06621621622,22.52995877;2.122052034;23.97400882;23.99736337;4.540027582;23.97578904;0.209506079;7.445159281;0.2790122724;2.526602831;0.247425482;23.9930982,Known transition,2.0,2
Known-Transition Safe,2,10,309.4202702702703,13.323783783783783,13.232513513513513,27.0,39.0,34.424774774774775,0.007905405405405406,0.0003828828828828829,0.11281531531531531,0.058648648648648646,0.8306533675154864,26.0,69.0,0.05081081081081081,564,11100,0.3059145315727943,0.3984657549917095,23.997902882174166,0.4064864864864865,True,True,0.2210551088;0.5230742899;0.4621770162;0.8877431859;0.3493760462;0.4491418585;0.5565464418;0.34857734;0.2223217792;0.6900300697;0.2104662511;0.2177243916,2.045012567;0.9021077578;1.019211399;0.4291816563;1.325898395;1.047619095;0.8463561798;1.328717478;2.03354937;0.6616731043;2.146920017;2.075867389,13.32378378;7.001351351;8.003783784;4.167297297;10.53405405;7.361621622;6.378918919;9.359189189;11.6527027;5.324054054;13.15783784;12.03675676,0.3946321547;0.2616112498;0.2878583546;0.1201708638;0.3174989129;0.3097554837;0.2500181904;0.3540852524;0.398465755;0.1917063697;0.3980505761;0.3871212158,0.06;0.1375675676;0.1175675676;0.2227027027;0.08;0.1278378378;0.1494594595;0.08891891892;0.06513513514;0.1821621622;0.05864864865;0.06378378378,23.99790288;8.935831883;9.267952348;0.6042715941;19.19851331;7.428573836;4.434411237;17.39228653;23.98978262;2.755057939;23.98964197;23.98704749,Known transition,2.0,2
Known-Transition Safe,2,11,265.9367567567568,13.597297297297297,12.220364864864862,23.0,35.0,30.603153153153155,0.004842342342342342,0.00024774774774774777,0.12876126126126128,0.05783783783783784,0.8563362104516751,23.0,70.0,0.01126126126126126,125,11100,0.2529076831068433,0.38956143118834824,23.99243021492808,0.4064864864864865,True,True,0.95;0.2935060875;0.6227889451;0.4312530983;0.6153269509;0.4183303984;0.9434799305;0.4987828682;0.6260188518;0.4351735249;0.2492611008;0.2092716103,0.3358641596;1.559243329;0.7487311135;1.088976442;0.7590395275;1.120756955;0.3508668233;0.9460759936;0.7443154627;1.079661914;1.819920828;2.159149808,4.136216216;11.09378378;6.24;7.84027027;6.707567568;8.365945946;3.967567568;7.517297297;6.727297297;7.955405405;10.82378378;13.5972973,0.08777855199;0.3632615539;0.1970984066;0.3028531782;0.1996068811;0.2995753049;0.09435472682;0.239587353;0.1842683686;0.2953021236;0.3895614312;0.3816443174,0.2254054054;0.07162162162;0.1545945946;0.1118918919;0.1445945946;0.1013513514;0.2286486486;0.1256756757;0.1432432432;0.1075675676;0.0727027027;0.05783783784,0.3358641596;23.99071277;3.189848908;8.357481732;3.190395275;10.34346559;0.3508668233;6.375443879;3.154523702;9.384786148;23.89010344;23.99243021,Known transition,2.0,2
Known-Transition Safe,2,12,276.89513513513515,11.653243243243244,11.044527027027026,23.0,34.0,29.61216216216216,0.003153153153153153,0.00015765765765765765,0.12137387387387388,0.06567567567567567,0.8437922494350278,23.0,67.0,0.009009009009009009,100,11100,0.27233893771737144,0.3902868824926862,23.993433903923826,0.4064864864864865,True,True,0.2277146089;0.9318683167;0.4490225566;0.364868936;0.3264467419;0.2532754659;0.5108922966;0.7249468559;0.885090931;0.3371942215;0.4510893652;0.3770521179,1.986329388;0.369039043;1.047885528;1.273544601;1.412123145;1.792296255;0.9237509324;0.6195927545;0.4325165816;1.370290719;1.043286736;1.235229773,11.65324324;4.143783784;7.344324324;8.631081081;9.663783784;10.51621622;7.307027027;5.462432432;4.228108108;10.54648649;8.437837838;8.849459459,0.3902868825;0.09744625541;0.3033203786;0.3259585777;0.3457793431;0.3865547057;0.2434208538;0.1587497112;0.1174808553;0.320722098;0.2678709188;0.3104766726,0.06567567568;0.2243243243;0.117027027;0.09351351351;0.08243243243;0.07324324324;0.1272972973;0.1691891892;0.2189189189;0.08;0.1105405405;0.09432432432,23.9934339;0.369039043;10.44502374;10.67089202;16.46067952;23.99140411;6.046271445;1.497963773;0.5625829082;13.89645541;8.412028614;11.67855659,Known transition,2.0,2
Known-Transition Safe,2,13,207.09324324324325,11.584054054054054,10.732445945945944,18.0,30.0,25.336036036036035,0.0017342342342342343,9.009009009009009e-05,0.1611936936936937,0.06864864864864866,0.9068421543869026,18.0,64.0,0.0036036036036036037,40,11100,0.17910978689244803,0.38410134014429376,23.958509254828922,0.4064864864864865,True,True,0.931036637;0.7159624459;0.6775674106;0.3509019354;0.95;0.7562371291;0.2357345475;0.5713184825;0.95;0.8385292043;0.9458583108;0.3749843981,0.3702883284;0.6302691506;0.6771299559;1.320546841;0.2764601871;0.5830294735;1.920506701;0.8232731646;0.2265612916;0.488449848;0.3469497415;1.241568686,4.483513514;5.312972973;6.311891892;10.03567568;4.173783784;5.310540541;11.58405405;6.363513514;3.987837838;4.61;4.582162162;9.022702703,0.09187153662;0.1701726707;0.1614131408;0.317645051;0.07337402804;0.1517452386;0.3841013401;0.2245088171;0.06031428979;0.131881459;0.07726664513;0.3050232259,0.2075675676;0.1745945946;0.1483783784;0.08567567568;0.2175675676;0.1791891892;0.06864864865;0.1443243243;0.2275675676;0.1962162162;0.192972973;0.09162162162,0.3702883284;1.551345753;1.508519823;13.00820262;0.2764601871;1.132117894;23.95850925;4.256004811;0.2265612916;0.7537993921;0.3469497415;11.88078584,Known transition,2.0,2
Known-Transition Safe,2,14,280.1235135135135,12.535135135135135,11.732581081081081,24.0,36.0,30.83288288288288,0.004481981981981982,9.009009009009009e-05,0.12164414414414415,0.061621621621621624,0.8554191086642748,23.0,64.0,0.010450450450450451,116,11100,0.27111438525151754,0.39685579688653366,23.968590045183372,0.4064864864864865,True,True,0.3969158517;0.64914127;0.685168137;0.2123384503;0.8391928019;0.2547057577;0.6450583303;0.3536782427;0.3495021855;0.2638904463;0.8142278578;0.4332858251,1.177446822;0.7134614509;0.6676722331;2.128067317;0.4876767217;1.782678959;0.7188179662;1.310923092;1.325454306;1.723560971;0.5165166625;1.084128614,8.687567568;5.974054054;5.402702703;12.53513514;4.656486486;11.07594595;5.702432432;10.29594595;9.604594595;10.82297297;4.872702703;8.881081081,0.3147283531;0.196876795;0.183880542;0.3968557969;0.1281139928;0.3801442429;0.1968007026;0.323124827;0.3396028872;0.3647427676;0.1337359359;0.29476578,0.09594594595;0.1616216216;0.1710810811;0.06162162162;0.1994594595;0.06810810811;0.1640540541;0.08216216216;0.08108108108;0.07486486486;0.1945945946;0.1051351351,11.97148961;2.594230156;1.873705632;23.96205154;0.6630301652;23.96859005;1.994089831;14.84030803;15.13635766;23.91419474;0.8660666499;9.903215356,Known transition,2.0,2
Known-Transition Safe,2,15,254.56513513513514,14.731351351351352,12.496864864864863,21.0,35.0,30.26081081081081,0.006058558558558558,0.0013513513513513514,0.1420045045045045,0.057297297297297295,0.8672722973684664,20.0,97.0,0.026216216216216216,291,11100,0.23082367615789534,0.3980868878446934,23.995652036808416,0.4064864864864865,True,True,0.95;0.6682774533;0.3936552323;0.8783623152;0.2542081145;0.6112416568;0.1961261937;0.2603661895;0.4858854259;0.9440218225;0.777121657;0.6438927182,0.2609434761;0.6888292002;1.186565108;0.4408835581;1.786011998;0.7647485898;2.305041448;1.74572184;0.9708198352;0.349980936;0.5589976316;0.7203540735,4.127567568;5.231081081;8.83;4.618918919;10.66864865;6.23;14.73135135;10.31810811;7.24027027;4.226486486;5.380540541;6.511351351,0.06876213221;0.1947338766;0.3293519907;0.1102208895;0.3851993445;0.2135095387;0.3980868878;0.3887769718;0.2707800189;0.08919784397;0.1402026492;0.1810619698,0.2218918919;0.1732432432;0.09621621622;0.1983783784;0.07135135135;0.1562162162;0.0572972973;0.07027027027;0.1251351351;0.2159459459;0.1756756757;0.1424324324,0.2609434761;2.132975201;12.38351834;0.5226506742;23.98572777;2.812234488;23.99565204;23.86709664;8.162297528;0.349980936;0.9539857896;2.562832588,Known transition,2.0,2
Known-Transition Safe,2,16,294.9443243243243,15.042702702702703,13.96366216216216,25.0,40.0,36.725675675675674,0.009617117117117118,0.003018018018018018,0.13484234234234235,0.05702702702702703,0.8203299384229069,21.0,148.0,0.05837837837837838,648,11100,0.2668953942137553,0.3986981283567031,23.996663320488846,0.4064864864864865,True,True,0.3932789834;0.7735119064;0.901603995;0.8416273572;0.2260479039;0.7045979448;0.6624829137;0.1982197585;0.7522839954;0.3841282698;0.2247729528;0.2144342016,1.187626136;0.5631378354;0.4113518347;0.4848363331;2.00065631;0.6439160289;0.6962092138;2.280313362;0.5876051337;1.214015836;2.011774821;2.107404393,9.182432432;4.716486486;3.963783784;4.950810811;12.13864865;5.322702703;5.301351351;15.0427027;4.760540541;8.375405405;12.42972973;13.08081081,0.313918476;0.1701589459;0.1121767571;0.1255332992;0.3947240828;0.1863875857;0.205663965;0.3968977851;0.165005874;0.339924434;0.3936553973;0.3986981284,0.0972972973;0.2035135135;0.2256756757;0.1913513514;0.06648648649;0.1818918919;0.1751351351;0.05702702703;0.1959459459;0.1008108108;0.06162162162;0.06135135135,16.68029771;1.305102683;0.4340555041;0.8241816656;23.82380175;2.59524426;1.881046069;23.99666332;0.9628154011;14.77087097;23.98925689;23.99544315,Known transition,2.0,2
Known-Transition Safe,2,17,234.48567567567568,13.201891891891892,12.827,21.0,34.0,29.20045045045045,0.004009009009009009,0.00013513513513513514,0.1579054054054054,0.05918918918918919,0.8520851054004177,19.0,66.0,0.01756756756756757,195,11100,0.20796186356450927,0.39473916497902223,23.994171082599415,0.4064864864864865,True,True,0.6058267012;0.4606290406;0.8627452041;0.95;0.8920394043;0.9329954481;0.2434414901;0.2237143759;0.7874097494;0.2072792387;0.95;0.5223938409,0.772389876;1.022513998;0.4598691245;0.2139841101;0.4237308779;0.3673358894;1.861711545;2.021113381;0.5472165522;2.179902851;0.241873434;0.9032962107,6.297567568;7.776216216;4.285945946;3.543783784;4.344054054;4.101351351;10.94054054;13.20189189;4.842432432;12.52027027;3.938648649;6.775135135,0.2043701861;0.2672354152;0.1255318421;0.06043605272;0.1129185529;0.09759221061;0.3869341021;0.3851040361;0.1499669146;0.394739165;0.06242949445;0.2482843909,0.1475675676;0.1135135135;0.2143243243;0.2432432432;0.2102702703;0.22;0.07135135135;0.05918918919;0.1902702703;0.05972972973;0.2254054054;0.14,3.241068388;5.380111985;0.5796073736;0.2139841101;0.4711926338;0.3673358894;23.97476943;23.96123596;0.988866209;23.99417108;0.241873434;5.485701479,Known transition,2.0,2
Known-Transition Safe,2,18,216.88108108108108,12.326486486486486,11.554405405405404,19.0,33.0,27.346846846846848,0.002837837837837838,0.0,0.16844594594594595,0.06243243243243243,0.8663465693503914,17.0,57.0,0.008738738738738738,97,11100,0.1855755456896605,0.3915500640005823,23.998326969205763,0.4064864864864865,True,True,0.95;0.2298402862;0.2514208534;0.95;0.8064515181;0.2889292384;0.86964094;0.95;0.4229897239;0.9113191376;0.93510967;0.8418183031,0.2641897105;1.968390267;1.804941085;0.3377909827;0.5254308787;1.582364629;0.451552802;0.2372894534;1.10910177;0.3983676074;0.3641087485;0.4846132827,3.864324324;12.32648649;10.9227027;3.978918919;4.907567568;10.65702703;4.287567568;3.917837838;8.404864865;4.199459459;4.265945946;4.684594595,0.07111701395;0.391550064;0.3858671346;0.08764306578;0.1332038282;0.3562458746;0.1191123067;0.06342682956;0.2922633043;0.1024989087;0.09653802223;0.1274401957,0.2297297297;0.06243243243;0.06918918919;0.2245945946;0.182972973;0.07405405405;0.2086486486;0.2294594595;0.1040540541;0.2143243243;0.2210810811;0.2008108108,0.2641897105;23.99649048;23.99832697;0.3377909827;0.776292636;23.91261791;0.554658406;0.2372894534;12.96395134;0.3983676074;0.3641087485;0.6538398482,Known transition,2.0,2
Known-Transition Safe,2,19,304.15216216216214,13.48081081081081,13.21472972972973,25.0,37.0,32.66306306306306,0.006599099099099099,6.756756756756757e-05,0.11247747747747748,0.05621621621621622,0.8542903399152644,25.0,63.0,0.02738738738738739,304,11100,0.28963199720698973,0.39438245549816636,23.998072555965575,0.4064864864864865,True,True,0.8339118425;0.4218873338;0.3658373363;0.3670076204;0.481511622;0.1930715746;0.2120595117;0.3057773787;0.5446939528;0.4653449839;0.3623629999;0.8770434254,0.4938172966;1.111838862;1.270411673;1.266646367;0.9794527448;2.342239302;2.1308523;1.500722279;0.8655191693;1.012509865;1.281724896;0.4425090154,4.484864865;9.080810811;9.748108108;8.985405405;7.907837838;13.48081081;12.99702703;9.728918919;6.670810811;7.504864865;8.911081081;4.605135135,0.1345318473;0.2893786012;0.3285902624;0.3392558244;0.2734526177;0.3943824555;0.3881606622;0.3686909598;0.2430471397;0.2862392753;0.3173135147;0.1125408064,0.2056756757;0.09594594595;0.09243243243;0.08918918919;0.1183783784;0.05621621622;0.06189189189;0.07945945946;0.1397297297;0.1148648649;0.09378378378;0.2021621622,0.7752691863;10.90126066;12.04193851;13.9316485;6.8041296;23.99721232;23.99807256;23.78595118;8.837979232;7.98764797;10.7613975;0.5700360617,Known transition,2.0,2
Known-Transition Safe,4,0,260.3081081081081,13.742432432432432,13.284743243243243,23.0,38.0,32.15045045045045,0.007004504504504504,0.0005855855855855856,0.15376126126126125,0.061621621621621624,0.8521311282030017,20.0,71.0,0.019189189189189187,213,11100,0.21556083450485616,0.39786856078438243,23.99862288397779,0.4064864864864865,True,True,0.95;0.2315765095;0.95;0.8081176242;0.6281327393;0.795200025;0.3394136806;0.9476946562;0.5005847781;0.95;0.23436609;0.2528380647,0.3369544871;1.95400716;0.2191119648;0.5235225351;0.7414402559;0.5383055036;1.361973486;0.3438720469;0.9427001774;0.2738400263;1.931388168;1.795260579,4.124594595;13.74243243;3.958648649;4.908648649;6.448378378;4.805675676;10.02432432;4.43;7.998648649;4.439189189;12.91027027;11.49243243,0.08824564811;0.3892171018;0.05886413324;0.1420585474;0.1953795269;0.1502890771;0.3655242357;0.08550331976;0.2517264258;0.06742385512;0.3946295825;0.3978685608,0.2240540541;0.06162162162;0.2286486486;0.1991891892;0.1578378378;0.1962162162;0.08540540541;0.2148648649;0.1248648649;0.2108108108;0.06567567568;0.07594594595,0.3369544871;23.99862288;0.2191119648;0.6470450703;1.765761024;0.8149165108;16.97063276;0.3438720469;4.711303371;0.2738400263;23.95190192;23.98480181,Known transition,2.0,4
Known-Transition Safe,4,1,312.8248648648649,15.053783783783784,14.70327027027027,29.0,44.0,38.627027027027026,0.015247747747747748,0.001554054054054054,0.13313063063063066,0.05945945945945946,0.7549730668043342,24.0,100.0,0.05027027027027027,558,11100,0.27574193677825015,0.4009319510861356,23.995863924018686,0.4064864864864865,True,True,0.5605092249;0.2181252996;0.2316669551;0.3707979081;0.95;0.95;0.2020086086;0.95;0.325972712;0.8362721814;0.2993435181;0.2334007936,0.8400796556;2.072097608;1.953264399;1.254604531;0.2976063768;0.2276934429;2.237061952;0.2579608484;1.414030367;0.4910760745;1.530799061;1.939147999,6.577837838;14.41648649;13.65459459;9.283243243;3.994054054;3.641081081;15.05378378;4.046486486;9.605135135;4.551351351;11.47891892;12.75864865,0.2477099741;0.3931385192;0.3969877913;0.3546800917;0.08228414146;0.06726187382;0.396625038;0.06937055247;0.3729982805;0.1421466151;0.3847684125;0.4009319511,0.1537837838;0.05945945946;0.06297297297;0.09351351351;0.2359459459;0.2548648649;0.06081081081;0.2337837838;0.08891891892;0.2116216216;0.0772972973;0.06459459459,3.640876212;23.99102781;23.99586392;15.85655405;0.2976063768;0.2276934429;23.98800058;0.2579608484;19.13288485;1.00183682;23.24034081;23.99511572,Known transition,2.0,4
Known-Transition Safe,4,2,279.10513513513513,16.086216216216215,13.89424324324324,24.0,39.0,33.65,0.008513513513513513,0.0012162162162162162,0.14126126126126126,0.051351351351351354,0.8618721857357444,22.0,77.0,0.03135135135135135,348,11100,0.23737886874493266,0.3981103912887708,23.999999667560022,0.4064864864864865,True,True,0.2983974043;0.4720337023;0.7619171253;0.95;0.6042558466;0.7527600943;0.6803453125;0.2438339011;0.7053294905;0.1925045361;0.95;0.2931742638,1.535332493;0.9986066978;0.5764720931;0.328976203;0.7746227687;0.5870535051;0.6736618433;1.858825842;0.6430324214;2.34929577;0.2710575607;1.560894842,11.59243243;8.162432432;5.271621622;4.336216216;6.695135135;5.191081081;6.333243243;12.10081081;5.974054054;16.08621622;4.478648649;9.834594595,0.3809284401;0.2612571036;0.1511291704;0.08553381277;0.2135446551;0.1580284571;0.1771548577;0.3928653536;0.1748353016;0.3981103913;0.07084125978;0.3843176218,0.07405405405;0.1208108108;0.1881081081;0.2167567568;0.1521621622;0.1851351351;0.1624324324;0.06783783784;0.1694594595;0.05135135135;0.2186486486;0.08837837838,23.99061455;5.580493769;0.9294162793;0.328976203;2.247736612;1.14821402;1.368309217;23.97690999;1.372129686;23.99999967;0.2710575607;23.01905955,Known transition,2.0,4
Known-Transition Safe,4,3,333.26054054054055,13.270810810810811,13.232905405405406,28.0,41.0,36.001801801801804,0.010585585585585585,0.0003153153153153153,0.11790540540540541,0.06351351351351352,0.7620180140080036,27.0,69.0,0.03846846846846847,427,11100,0.3134932333935992,0.3975515265929991,23.997678383697536,0.4064864864864865,True,True,0.2469621281;0.8215561338;0.8932287906;0.3220866759;0.225348274;0.2465631425;0.4834834838;0.2778755806;0.2645088005;0.3014458345;0.9387067142;0.2969367479,1.836175919;0.5080937316;0.4222105672;1.429873819;2.006740312;1.839030251;0.9755450403;1.641436133;1.719737046;1.520828652;0.3585144156;1.542388958,12.39540541;4.513513514;4.195945946;9.456216216;13.27081081;13.20189189;7.350540541;10.90108108;12.57864865;10.6372973;4.156216216;11.28837838,0.3920483718;0.1467978916;0.1205011781;0.3914762645;0.3975515266;0.3951429863;0.2905542255;0.3890647266;0.3894972012;0.3793850935;0.09805853746;0.3718407976,0.06864864865;0.2140540541;0.2354054054;0.09405405405;0.06378378378;0.06351351351;0.1367567568;0.07864864865;0.06810810811;0.08162162162;0.2316216216;0.07864864865,23.99174042;0.7242811947;0.4888422689;20.99649864;23.99767838;23.9956318;5.792986329;23.97622089;23.99608666;23.28700847;0.3585144156;23.68900376,Known transition,2.0,4
Known-Transition Safe,4,4,309.0191891891892,13.246216216216217,12.901054054054054,25.0,38.0,33.14324324324324,0.007184684684684685,0.0003828828828828829,0.1128828828828829,0.06297297297297297,0.9027047927887527,26.0,70.0,0.012882882882882883,143,11100,0.28206855302190753,0.39819951094957795,23.994352713156076,0.4064864864864865,True,True,0.662118963;0.6741961796;0.3640876;0.2460798207;0.2372011855;0.4128728207;0.5024050881;0.4159209977;0.2309431598;0.4380235493;0.7287104513;0.5641011845,0.6966749552;0.6813572012;1.27608378;1.842501298;1.908996959;1.13470463;0.9393093506;1.126874486;1.959226317;1.072981387;0.6151471375;0.8344446437,6.148918919;6.059459459;10.94918919;11.82513514;13.24621622;8.774324324;7.933783784;9.451081081;12.61864865;8.478378378;5.84;6.945945946,0.1933743727;0.180467583;0.31695162;0.3933989257;0.3967618004;0.3057568964;0.2541212594;0.2774547721;0.3981995109;0.2743352412;0.1650921912;0.2289084631,0.1602702703;0.1616216216;0.08486486486;0.07081081081;0.06297297297;0.1037837838;0.1240540541;0.09756756757;0.06486486486;0.11;0.1664864865;0.1472972973,1.973399642;1.406786006;14.98684853;23.99257917;23.95781146;11.05348059;4.611021558;7.810615238;23.99435271;5.69472081;1.26058855;2.67555715,Known transition,2.0,4
Known-Transition Safe,4,5,294.70216216216215,15.082432432432432,13.629243243243241,26.0,41.0,34.93108108108108,0.010045045045045045,0.0006081081081081081,0.13243243243243244,0.05702702702702703,0.8271248254574849,23.0,75.0,0.012522522522522523,139,11100,0.2511924473396567,0.38949688898182366,23.995785780785155,0.4064864864864865,True,True,0.9411489522;0.4821824971;0.3825098869;0.7544254172;0.3523107703;0.8677360717;0.95;0.2189202535;0.8265150398;0.3376263363;0.2625732011;0.2699141276,0.3546353857;0.9781203331;1.218803669;0.5851252029;1.315645181;0.4538598372;0.2241414152;2.064668323;0.5023771293;1.368663091;1.731770293;1.687095206,4.507837838;7.852432432;9.35;5.511891892;10.49972973;4.873243243;4.178648649;15.08243243;4.694324324;10.80486486;12.44027027;12.32054054,0.08923393082;0.2664717016;0.3336886802;0.1496022816;0.345267965;0.1148142723;0.05827676796;0.389496889;0.1329262729;0.3713885794;0.3828616486;0.3802803788,0.2102702703;0.1245945946;0.09702702703;0.1751351351;0.08432432432;0.1972972973;0.2189189189;0.05702702703;0.2016216216;0.08486486486;0.06594594595;0.07216216216,0.3546353857;4.759323664;11.06325137;0.9553756086;13.41629097;0.5077196745;0.2241414152;23.99489188;0.7071313878;17.52256656;23.99578578;23.96113974,Known transition,2.0,4
Known-Transition Safe,4,6,223.63864864864865,11.551891891891891,10.686905405405405,20.0,30.0,26.03963963963964,0.0013963963963963964,0.0,0.15734234234234235,0.07270270270270271,0.906001311955323,19.0,58.0,0.0,0,11100,0.17315929333165006,0.35973858271048503,19.890770435322917,0.4064864864864865,True,True,0.6600953202;0.4082536129;0.95;0.8542797728;0.5796663152;0.95;0.7238759829;0.298421524;0.95;0.3698913443;0.95;0.5870736138,0.6992694381;1.146768836;0.2551559305;0.4699577518;0.8105930222;0.2156180293;0.6208604762;1.535216558;0.2628816135;1.257463669;0.2571157349;0.7995478023,5.892702703;9.159189189;4.306216216;4.743783784;7.307567568;4.357027027;6.553243243;11.55189189;4.241351351;9.979189189;4.304864865;7.094594595,0.1852119052;0.2901015219;0.06240976139;0.1190136252;0.2013337804;0.05349658132;0.1422945092;0.3597385827;0.06508096161;0.3225224383;0.0660162022;0.2106916506,0.1624324324;0.09837837838;0.2121621622;0.202972973;0.1308108108;0.2083783784;0.1508108108;0.0727027027;0.2108108108;0.08648648649;0.2156756757;0.1364864865,1.297808314;7.067688364;0.2551559305;0.5399155036;2.474151156;0.2156180293;1.062581429;19.89077044;0.2628816135;11.26420071;0.2571157349;1.998191209,Known transition,2.0,4
Known-Transition Safe,4,7,247.15324324324325,16.27972972972973,13.97597297297297,23.0,38.0,32.887387387387385,0.007905405405405406,0.001036036036036036,0.1629054054054054,0.05297297297297297,0.8585406235692026,18.0,104.0,0.028018018018018016,311,11100,0.19177636714697202,0.39831410988022425,23.998884423624883,0.4064864864864865,True,True,0.95;0.8194645516;0.5139536145;0.1957148488;0.2668165055;0.95;0.9166527097;0.2817874583;0.4060368001;0.95;0.95;0.8957240492,0.2129344738;0.5105004868;0.9182376412;2.309972111;1.705631049;0.2143947682;0.3910280632;1.619983796;1.152645744;0.2643493157;0.2202876177;0.4190042049,4.241351351;4.955135135;7.119189189;16.27972973;12.09108108;4.241351351;4.227837838;11.10567568;8.845405405;4.257567568;4.086216216;4.501621622,0.05432706575;0.1314883686;0.2643035373;0.3983141099;0.3789266817;0.05487347175;0.102724129;0.3730341066;0.3046723075;0.06851648479;0.05870367327;0.1114324696,0.22;0.1910810811;0.1321621622;0.05297297297;0.07351351351;0.2183783784;0.2232432432;0.07540540541;0.1075675676;0.2172972973;0.2289189189;0.2143243243,0.2129344738;0.6210009736;4.782376412;23.99888442;23.83223189;0.2143947682;0.3910280632;23.63899536;9.194977648;0.2643493157;0.2202876177;0.4950210247,Known transition,2.0,4
Known-Transition Safe,4,8,271.0908108108108,13.441621621621621,13.17108108108108,24.0,38.0,32.25855855855856,0.007027027027027027,4.5045045045045046e-05,0.14720720720720723,0.057297297297297295,0.8281383082003175,21.0,62.0,0.023423423423423424,260,11100,0.22748716765662114,0.3954717594455085,23.995774499710453,0.4064864864864865,True,True,0.924502767;0.7675714746;0.2938168902;0.223720696;0.8564804989;0.95;0.4732619221;0.198994158;0.3554966144;0.365156396;0.95;0.8950142286,0.3798996382;0.5699618165;1.557699888;2.021057334;0.4673466129;0.2347890628;0.9960890923;2.271318822;1.304697623;1.272612991;0.2590903055;0.4199186836,4.212972973;4.991621622;11.45675676;12.94972973;5.042162162;4.071351351;8.164594595;13.44162162;10.36891892;10.00297297;4.193783784;4.237567568,0.1013407954;0.153581603;0.3717429733;0.3954717594;0.1199944006;0.06167972137;0.2732514672;0.3928767692;0.3498000113;0.3260640851;0.06771360145;0.1163288245,0.2162162162;0.1932432432;0.0772972973;0.06324324324;0.1943243243;0.2248648649;0.1175675676;0.0572972973;0.08756756757;0.09081081081;0.2221621622;0.2218918919,0.3798996382;0.9098854496;21.48499442;23.95868948;0.6020398386;0.2347890628;5.88267277;23.9957745;15.42548589;11.99748579;0.2590903055;0.4796747345,Known transition,2.0,4
Known-Transition Safe,4,9,309.9135135135135,16.934594594594593,14.943148648648645,26.0,43.0,37.141441441441444,0.01231981981981982,0.00259009009009009,0.13648648648648648,0.04972972972972973,0.7968087034225046,23.0,111.0,0.056396396396396396,626,11100,0.25687425914776674,0.4002668397430444,23.995085171435008,0.4064864864864865,True,True,0.3257577326;0.6871221964;0.2523803769;0.1963495047;0.5437054116;0.2493362779;0.95;0.4363495231;0.95;0.6652629851;0.95;0.2127973752,1.414897118;0.6652565043;1.798374164;2.302374716;0.8671448273;1.819394726;0.209506079;1.076896197;0.2790122724;0.6926602831;0.247425482;2.123503268,10.74378378;5.944594595;11.51594595;16.93459459;6.925675676;13.31378378;3.827837838;7.798378378;4.048918919;5.78;4.035945946;12.73918919,0.3571659211;0.1753040788;0.3830050923;0.3994931264;0.2467847306;0.4002668397;0.05718949723;0.3175388515;0.07623821821;0.2031179479;0.06693862364;0.3994481824,0.07945945946;0.1675675676;0.07432432432;0.04972972973;0.1440540541;0.06216216216;0.2343243243;0.12;0.2324324324;0.1756756757;0.2354054054;0.0627027027,20.90016453;1.461026017;23.96750548;23.9920901;5.877186201;23.99284056;0.209506079;8.491366887;0.2790122724;2.155961698;0.247425482;23.99508517,Known transition,2.0,4
Known-Transition Safe,4,10,346.97837837837835,16.002702702702702,15.196432432432431,30.0,47.0,40.23153153153153,0.0181981981981982,0.0024774774774774773,0.11265765765765766,0.05675675675675676,0.8220242267782465,28.0,86.0,0.08522522522522523,946,11100,0.3068855206340812,0.3995649708675487,23.99444946378427,0.4064864864864865,True,True,0.2210551088;0.5230742899;0.4621770162;0.8877431859;0.3493760462;0.4491418585;0.5565464418;0.34857734;0.2223217792;0.6900300697;0.2104662511;0.2177243916,2.045012567;0.9021077578;1.019211399;0.4291816563;1.325898395;1.047619095;0.8463561798;1.328717478;2.03354937;0.6616731043;2.146920017;2.075867389,16.0027027;7.196486486;8.205135135;4.368108108;11.05189189;7.942162162;6.965675676;10.08621622;14.53675676;5.578108108;13.6372973;14.07810811,0.3985010974;0.2547844884;0.283450954;0.1192429034;0.3246659312;0.3097554837;0.2468157616;0.356958155;0.3995649709;0.1936735059;0.3963098301;0.3989031659,0.05675675676;0.1432432432;0.12;0.2248648649;0.08432432432;0.1251351351;0.1502702703;0.08621621622;0.05972972973;0.1818918919;0.05972972973;0.05972972973,23.99077913;5.837939641;8.165016585;0.4583633126;15.0503101;7.161905517;3.541698877;20.85381088;23.99237507;2.093384835;23.98780361;23.99444946,Known transition,2.0,4
Known-Transition Safe,4,11,283.0508108108108,14.427297297297297,12.943486486486485,25.0,38.0,33.16171171171171,0.007364864864864865,0.0002927927927927928,0.12765765765765766,0.05837837837837838,0.8656063265180313,24.0,70.0,0.00954954954954955,106,11100,0.25356533481345994,0.381691503285553,23.965992316476967,0.4064864864864865,True,True,0.95;0.2935060875;0.6227889451;0.4312530983;0.6153269509;0.4183303984;0.9434799305;0.4987828682;0.6260188518;0.4351735249;0.2492611008;0.2092716103,0.3358641596;1.559243329;0.7487311135;1.088976442;0.7590395275;1.120756955;0.3508668233;0.9460759936;0.7443154627;1.079661914;1.819920828;2.159149808,4.312432432;11.72945946;6.611891892;8.235135135;7.048648649;9.425405405;4.061081081;8.007027027;7.29972973;9.016216216;11.46675676;14.4272973,0.08496455498;0.3695828106;0.1983125652;0.3007929525;0.1965296939;0.3041189142;0.09274263601;0.2472582394;0.1822567052;0.3052233412;0.3816915033;0.3793101014,0.2178378378;0.07486486486;0.1508108108;0.1135135135;0.1456756757;0.09810810811;0.2243243243;0.1224324324;0.1410810811;0.1108108108;0.07405405405;0.05837837838,0.3358641596;19.69956987;2.041117795;6.600787981;2.154237165;16.0416325;0.3508668233;5.060759936;1.777261851;6.913576373;23.89327034;23.96599232,Known transition,2.0,4
Known-Transition Safe,4,12,311.4054054054054,13.337837837837839,12.743986486486486,26.0,37.0,32.71621621621622,0.005923423423423424,0.0,0.11731981981981983,0.06027027027027027,0.8432235035326056,25.0,57.0,0.011351351351351352,126,11100,0.2748155926122197,0.39672903185982844,23.983853969632403,0.4064864864864865,True,True,0.2277146089;0.9318683167;0.4490225566;0.364868936;0.3264467419;0.2532754659;0.5108922966;0.7249468559;0.885090931;0.3371942215;0.4510893652;0.3770521179,1.986329388;0.369039043;1.047885528;1.273544601;1.412123145;1.792296255;0.9237509324;0.6195927545;0.4325165816;1.370290719;1.043286736;1.235229773,13.33783784;4.407567568;8.502972973;9.829189189;10.08594595;12.25810811;7.935135135;5.937567568;4.606216216;11.41378378;9.230810811;9.627837838,0.3967290319;0.09315742329;0.299921831;0.3383498224;0.3473059627;0.3957583892;0.2426718666;0.1554005611;0.1133894822;0.3384988424;0.2664610718;0.3101428267,0.06027027027;0.2181081081;0.1159459459;0.08972972973;0.08;0.06945945946;0.1240540541;0.1643243243;0.2083783784;0.0772972973;0.1075675676;0.0927027027,23.98385397;0.369039043;7.870397399;14.33382632;21.23643323;23.97064376;5.646271445;1.097963773;0.4650331633;17.04133803;6.119440835;8.903501589,Known transition,2.0,4
Known-Transition Safe,4,13,223.25756756756758,12.845675675675675,12.264013513513513,21.0,35.0,29.077927927927927,0.004864864864864865,9.009009009009009e-05,0.159009009009009,0.06378378378378378,0.9043962531377597,19.0,62.0,0.002882882882882883,32,11100,0.18126172573389646,0.38981095465995225,23.99397830532949,0.4064864864864865,True,True,0.931036637;0.7159624459;0.6775674106;0.3509019354;0.95;0.7562371291;0.2357345475;0.5713184825;0.95;0.8385292043;0.9458583108;0.3749843981,0.3702883284;0.6302691506;0.6771299559;1.320546841;0.2764601871;0.5830294735;1.920506701;0.8232731646;0.2265612916;0.488449848;0.3469497415;1.241568686,4.622162162;5.409189189;6.937837838;11.78810811;4.312972973;5.464864865;12.84567568;6.826486486;4.172702703;4.877567568;4.780810811;10.16837838,0.09137114699;0.1672768394;0.1643412704;0.3412007514;0.07135661586;0.1511149365;0.3898109547;0.2253988421;0.05890593582;0.1276570278;0.07698533453;0.3097210533,0.2054054054;0.1767567568;0.1475675676;0.08;0.2148648649;0.1772972973;0.06378378378;0.1437837838;0.22;0.1935135135;0.1927027027;0.09243243243,0.3702883284;1.090807452;1.231389868;13.20538781;0.2764601871;0.9490884205;23.99397831;2.139638988;0.2265612916;0.6653495441;0.3469497415;10.83137372,Known transition,2.0,4
Known-Transition Safe,4,14,305.9140540540541,14.17945945945946,12.834932432432431,26.0,39.0,34.2454954954955,0.008490990990990991,0.0006756756756756757,0.1201126126126126,0.05918918918918919,0.8560949648139108,25.0,82.0,0.015855855855855857,176,11100,0.2725020670084138,0.4014570235171022,23.98756778180913,0.4064864864864865,True,True,0.3969158517;0.64914127;0.685168137;0.2123384503;0.8391928019;0.2547057577;0.6450583303;0.3536782427;0.3495021855;0.2638904463;0.8142278578;0.4332858251,1.177446822;0.7134614509;0.6676722331;2.128067317;0.4876767217;1.782678959;0.7188179662;1.310923092;1.325454306;1.723560971;0.5165166625;1.084128614,9.682432432;6.42027027;5.883513514;14.17945946;4.977297297;11.73486486;5.828918919;11.28675676;10.43567568;11.51;5.128648649;9.434324324,0.3195017862;0.195527003;0.1831587342;0.4014570235;0.1271913612;0.3854440993;0.1923323747;0.3312738084;0.3446181197;0.3721960042;0.1316419494;0.2856825402,0.09378378378;0.1567567568;0.1708108108;0.05918918919;0.197027027;0.07054054054;0.1632432432;0.08297297297;0.08135135135;0.07351351351;0.1916216216;0.1005405405,11.6497879;2.280768706;1.473705632;23.98756778;0.5753534435;23.9780586;1.594089831;14.01676967;18.6963524;23.88487765;0.633033325;8.209543371,Known transition,2.0,4
Known-Transition Safe,4,15,277.3359459459459,16.433513513513514,14.166918918918917,24.0,40.0,33.91846846846847,0.009211711711711711,0.0017117117117117118,0.14261261261261263,0.05378378378378378,0.8620602880667994,21.0,108.0,0.034684684684684684,385,11100,0.23129385330408614,0.39870987201972424,23.997947466909626,0.4064864864864865,True,True,0.95;0.6682774533;0.3936552323;0.8783623152;0.2542081145;0.6112416568;0.1961261937;0.2603661895;0.4858854259;0.9440218225;0.777121657;0.6438927182,0.2609434761;0.6888292002;1.186565108;0.4408835581;1.786011998;0.7647485898;2.305041448;1.74572184;0.9708198352;0.349980936;0.5589976316;0.7203540735,4.229459459;5.469459459;9.062432432;4.763513514;12.31243243;6.186756757;16.43351351;11.92567568;7.548918919;4.311621622;5.825675676;6.898918919,0.06784530378;0.1975264274;0.3206932724;0.1096251009;0.3924399337;0.2112359618;0.398709872;0.3953824058;0.2673690303;0.08919784397;0.1417134536;0.1837876339,0.2202702703;0.1808108108;0.1002702703;0.2018918919;0.06756756757;0.1608108108;0.05378378378;0.06486486486;0.1267567568;0.2132432432;0.1759459459;0.1451351351,0.2609434761;1.732975201;14.90443237;0.5226506742;23.99794747;2.482737308;23.99157501;23.97165519;5.191477693;0.349980936;0.8769928948;2.162832588,Known transition,2.0,4
Known-Transition Safe,4,16,320.8748648648649,16.59216216216216,15.781432432432432,28.0,46.0,39.46576576576577,0.015923423423423424,0.0033783783783783786,0.13536036036036034,0.05243243243243243,0.8150692436864352,23.0,104.0,0.06855855855855855,761,11100,0.2678688472359937,0.3993629887541558,23.99967441619609,0.4064864864864865,True,True,0.3932789834;0.7735119064;0.901603995;0.8416273572;0.2260479039;0.7045979448;0.6624829137;0.1982197585;0.7522839954;0.3841282698;0.2247729528;0.2144342016,1.187626136;0.5631378354;0.4113518347;0.4848363331;2.00065631;0.6439160289;0.6962092138;2.280313362;0.5876051337;1.214015836;2.011774821;2.107404393,9.543783784;4.665135135;4.122432432;5.082432432;12.95702703;5.49027027;5.363783784;15.11810811;4.876216216;9.304324324;13.11486486;16.59216216,0.3200170967;0.1652885647;0.1121767571;0.1233056728;0.3974276724;0.1848213034;0.2043468125;0.3993629888;0.166593996;0.3487834685;0.3947428432;0.3975589908,0.09972972973;0.2075675676;0.2248648649;0.1883783784;0.06621621622;0.1854054054;0.1783783784;0.05891891892;0.1994594595;0.1016216216;0.06135135135;0.05243243243,13.79368066;1.052551342;0.4227036694;0.6545089994;23.72272999;1.39524426;1.96967371;23.99666332;1.313235936;10.69323519;23.9909764;23.99967442,Known transition,2.0,4
Known-Transition Safe,4,17,251.35594594594593,14.422972972972973,14.168189189189189,24.0,38.0,32.52927927927928,0.00759009009009009,0.00045045045045045046,0.15691441441441442,0.054324324324324325,0.8478305471079493,20.0,75.0,0.027567567567567567,306,11100,0.20914924979180305,0.39709581671024025,23.998635128657384,0.4064864864864865,True,True,0.6058267012;0.4606290406;0.8627452041;0.95;0.8920394043;0.9329954481;0.2434414901;0.2237143759;0.7874097494;0.2072792387;0.95;0.5223938409,0.772389876;1.022513998;0.4598691245;0.2139841101;0.4237308779;0.3673358894;1.861711545;2.021113381;0.5472165522;2.179902851;0.241873434;0.9032962107,6.748648649;8.236486486;4.416216216;3.663243243;4.525135135;4.170810811;12.80756757;14.42297297;4.793243243;13.95972973;4.18;7.052432432,0.2062489723;0.2733152281;0.1251589752;0.0597420502;0.112002378;0.09650013093;0.3874372674;0.3922052453;0.1474526764;0.3970958167;0.06190652486;0.250725732,0.1494594595;0.1116216216;0.2154054054;0.2378378378;0.2091891892;0.2205405405;0.06513513514;0.06108108108;0.1981081081;0.05432432432;0.2205405405;0.1397297297,2.551508884;5.382737968;0.5796073736;0.2139841101;0.4711926338;0.3673358894;23.99863513;23.98234934;0.8416496567;23.99611406;0.241873434;6.195590111,Known transition,2.0,4
Known-Transition Safe,4,18,233.43756756756756,13.455675675675675,12.581324324324322,22.0,36.0,30.09009009009009,0.004977477477477478,0.0003153153153153153,0.16583333333333336,0.06243243243243243,0.8655882483864074,18.0,69.0,0.01072072072072072,119,11100,0.1876734512015703,0.3920820613701483,23.978146952250253,0.4064864864864865,True,True,0.95;0.2298402862;0.2514208534;0.95;0.8064515181;0.2889292384;0.86964094;0.95;0.4229897239;0.9113191376;0.93510967;0.8418183031,0.2641897105;1.968390267;1.804941085;0.3377909827;0.5254308787;1.582364629;0.451552802;0.2372894534;1.10910177;0.3983676074;0.3641087485;0.4846132827,4.097567568;13.45567568;11.79648649;4.107027027;5.295405405;11.86594595;4.613243243;4.067567568;9.298648649;4.285405405;4.28972973;4.875675676,0.06990316933;0.3920820614;0.3887940661;0.08627364288;0.1333458365;0.369075858;0.1182580176;0.06208005158;0.3099489812;0.102175908;0.0946682746;0.1254755473,0.2237837838;0.06243243243;0.06891891892;0.2178378378;0.1808108108;0.07135135135;0.2045945946;0.222972973;0.1002702703;0.2175675676;0.222972973;0.1964864865,0.2641897105;23.97814695;23.9557581;0.3377909827;0.776292636;21.56552402;0.65776401;0.2372894534;9.236646026;0.3983676074;0.3641087485;0.6538398482,Known transition,2.0,4
Known-Transition Safe,4,19,330.71702702702703,14.766756756756756,14.05562162162162,27.0,40.0,35.277477477477476,0.009594594594594594,0.0007207207207207207,0.10988738738738739,0.053513513513513515,0.8557928323851702,27.0,77.0,0.024864864864864864,276,11100,0.29117850364539083,0.3975476437445401,23.99375297010034,0.4064864864864865,True,True,0.8339118425;0.4218873338;0.3658373363;0.3670076204;0.481511622;0.1930715746;0.2120595117;0.3057773787;0.5446939528;0.4653449839;0.3623629999;0.8770434254,0.4938172966;1.111838862;1.270411673;1.266646367;0.9794527448;2.342239302;2.1308523;1.500722279;0.8655191693;1.012509865;1.281724896;0.4425090154,4.776756757;9.938918919;10.35459459;9.733243243;8.48;14.76675676;13.47378378;10.51054054;6.988918919;8.034864865;10.8427027;4.831081081,0.1323964211;0.2884771102;0.3327105165;0.3491835932;0.2599520528;0.3975476437;0.3904642863;0.3788309752;0.2360294167;0.2804925977;0.3367125942;0.111344836,0.1991891892;0.09513513514;0.08864864865;0.08945945946;0.1156756757;0.05351351351;0.06;0.08324324324;0.1362162162;0.1156756757;0.08486486486;0.197027027,0.7752691863;8.46045497;14.99922877;16.33250107;4.953432938;23.98270046;23.99375297;23.05922686;3.920710862;5.687726888;14.01766426;0.5275270463,Known transition,2.0,4
Known-Transition Safe,8,0,265.69054054054055,13.486486486486486,13.300229729729729,24.0,39.0,33.053153153153154,0.008063063063063062,0.00018018018018018018,0.15346846846846848,0.06486486486486487,0.8592663739683571,21.0,66.0,0.015405405405405406,171,11100,0.21722370552038495,0.39835376634631464,23.995757662313697,0.4064864864864865,True,True,0.95;0.2315765095;0.95;0.8081176242;0.6281327393;0.795200025;0.3394136806;0.9476946562;0.5005847781;0.95;0.23436609;0.2528380647,0.3369544871;1.95400716;0.2191119648;0.5235225351;0.7414402559;0.5383055036;1.361973486;0.3438720469;0.9427001774;0.2738400263;1.931388168;1.795260579,4.183243243;13.48648649;4.194054054;5.161081081;6.571621622;4.965405405;10.72945946;4.487837838;8.15027027;4.293243243;13.14783784;12.38378378,0.08724389153;0.3950263123;0.05803506094;0.1396531736;0.1965818624;0.1497071252;0.3835611818;0.08457393585;0.2512168581;0.0665357253;0.3961955729;0.3983537663,0.2216216216;0.06486486486;0.2235135135;0.1937837838;0.1589189189;0.1943243243;0.08513513514;0.2140540541;0.1289189189;0.2118918919;0.06837837838;0.07621621622,0.3369544871;23.98887347;0.2191119648;0.7705676054;1.70720128;0.8149165108;19.29746616;0.3438720469;3.684301597;0.2738400263;23.99575766;23.99240981,Known transition,2.0,8
Known-Transition Safe,8,1,337.76405405405404,15.851621621621621,15.766891891891891,31.0,46.0,40.27972972972973,0.018378378378378378,0.0018018018018018018,0.1320045045045045,0.05621621621621622,0.7529283072358909,27.0,91.0,0.08207207207207207,911,11100,0.277325722467942,0.40250423324725776,23.99669688203118,0.4064864864864865,True,True,0.5605092249;0.2181252996;0.2316669551;0.3707979081;0.95;0.95;0.2020086086;0.95;0.325972712;0.8362721814;0.2993435181;0.2334007936,0.8400796556;2.072097608;1.953264399;1.254604531;0.2976063768;0.2276934429;2.237061952;0.2579608484;1.414030367;0.4910760745;1.530799061;1.939147999,7.324864865;15.85162162;13.81783784;9.412162162;4.013783784;3.742702703;15.69756757;4.154864865;10.61027027;4.62027027;11.4127027;14.68702703,0.2524779938;0.394258572;0.3959319727;0.3618008201;0.07971024848;0.06584648215;0.396625038;0.06881279929;0.3859920731;0.1404212127;0.3835272241;0.4025042332,0.1537837838;0.05675675676;0.06243243243;0.09756756757;0.2327027027;0.252972973;0.05621621622;0.2302702703;0.08540540541;0.212972973;0.08216216216;0.06081081081,4.480955867;23.99669688;23.99586392;18.68082073;0.2976063768;0.2276934429;23.98800058;0.2579608484;22.99258118;0.6732282236;23.8867333;23.99592366,Known transition,2.0,8
Known-Transition Safe,8,2,298.51756756756754,15.824054054054054,15.679864864864864,27.0,43.0,37.47477477477477,0.013018018018018019,0.0024774774774774773,0.14020270270270271,0.055945945945945944,0.8629565389582853,23.0,108.0,0.036036036036036036,400,11100,0.23896972039834127,0.401285115302238,23.99999867023993,0.4064864864864865,True,True,0.2983974043;0.4720337023;0.7619171253;0.95;0.6042558466;0.7527600943;0.6803453125;0.2438339011;0.7053294905;0.1925045361;0.95;0.2931742638,1.535332493;0.9986066978;0.5764720931;0.328976203;0.7746227687;0.5870535051;0.6736618433;1.858825842;0.6430324214;2.34929577;0.2710575607;1.560894842,12.11162162;8.223783784;5.549189189;4.64;7.178918919;5.357027027;6.341351351;15.56189189;6.107567568;15.82405405;4.707567568;10.93297297,0.3850779874;0.2680044462;0.1509733671;0.0832220881;0.2139633702;0.1559658366;0.1760624331;0.3973868219;0.1732711687;0.4012851153;0.06966911897;0.3927548912,0.07621621622;0.1267567568;0.1837837838;0.2118918919;0.1475675676;0.1872972973;0.1610810811;0.06135135135;0.1727027027;0.05594594595;0.2156756757;0.08216216216,23.79922154;3.97492056;0.9294162793;0.328976203;2.920850455;1.14821402;1.22098553;23.97738176;1.215162107;23.99999867;0.2710575607;23.97780562,Known transition,2.0,8
Known-Transition Safe,8,3,364.02378378378376,14.42081081081081,14.119054054054054,31.0,47.0,40.322522522522526,0.01779279279279279,0.0017342342342342343,0.1147972972972973,0.06,0.7685112480303126,29.0,102.0,0.05531531531531531,614,11100,0.3156150926153958,0.39812519749386766,23.99977546268054,0.4064864864864865,True,True,0.2469621281;0.8215561338;0.8932287906;0.3220866759;0.225348274;0.2465631425;0.4834834838;0.2778755806;0.2645088005;0.3014458345;0.9387067142;0.2969367479,1.836175919;0.5080937316;0.4222105672;1.429873819;2.006740312;1.839030251;0.9755450403;1.641436133;1.719737046;1.520828652;0.3585144156;1.542388958,13.38027027;4.824864865;4.500540541;9.521351351;14.42081081;13.87216216;7.552432432;13.29621622;13.59486486;11.65405405;4.377837838;11.84675676,0.3960184819;0.1443260843;0.1178766259;0.393022074;0.3975515266;0.3981251975;0.291345208;0.3961628288;0.3941451392;0.3888388932;0.09437649752;0.3755925545,0.06810810811;0.2089189189;0.227027027;0.09432432432;0.06;0.06459459459;0.137027027;0.07324324324;0.06432432432;0.08405405405;0.2191891892;0.07675675676,23.97736667;0.7242811947;0.4444211345;21.64769767;23.99977546;23.98593431;5.861990886;23.98281227;23.99345712;20.77054778;0.3585144156;23.95601503,Known transition,2.0,8
Known-Transition Safe,8,4,333.72675675675674,14.253243243243244,14.188283783783785,29.0,43.0,37.93423423423423,0.013423423423423423,0.0015765765765765765,0.11191441441441441,0.06432432432432432,0.9022847562712744,28.0,81.0,0.015585585585585586,173,11100,0.2832649650860066,0.40037055227788215,23.99288450918143,0.4064864864864865,True,True,0.662118963;0.6741961796;0.3640876;0.2460798207;0.2372011855;0.4128728207;0.5024050881;0.4159209977;0.2309431598;0.4380235493;0.7287104513;0.5641011845,0.6966749552;0.6813572012;1.27608378;1.842501298;1.908996959;1.13470463;0.9393093506;1.126874486;1.959226317;1.072981387;0.6151471375;0.8344446437,6.262972973;6.536216216;11.34891892;14.25324324;14.13513514;9.4;7.90972973;10.89243243;13.57324324;9.568648649;6.065675676;7.686486486,0.1890436905;0.1771528723;0.3193658326;0.4003705523;0.3962458553;0.3131171426;0.2523441877;0.2865915923;0.3987290316;0.2810051255;0.1581094399;0.2271042584,0.1589189189;0.1613513514;0.08351351351;0.06432432432;0.06567567568;0.1018918919;0.1318918919;0.09621621622;0.06567567568;0.1078378378;0.1618918919;0.1437837838,1.290024866;1.244071604;15.57369706;23.99257917;23.96857122;6.76761576;3.271712207;6.795619349;23.99288451;5.916460233;1.26058855;2.378891081,Known transition,2.0,8
Known-Transition Safe,8,5,309.74297297297295,15.032702702702704,13.926756756756756,28.0,42.0,36.313963963963964,0.012297297297297297,0.0005405405405405405,0.13315315315315315,0.06243243243243243,0.8405398271426513,25.0,70.0,0.0090990990990991,101,11100,0.2532862931558089,0.3961931105689037,23.99744594244585,0.4064864864864865,True,True,0.9411489522;0.4821824971;0.3825098869;0.7544254172;0.3523107703;0.8677360717;0.95;0.2189202535;0.8265150398;0.3376263363;0.2625732011;0.2699141276,0.3546353857;0.9781203331;1.218803669;0.5851252029;1.315645181;0.4538598372;0.2241414152;2.064668323;0.5023771293;1.368663091;1.731770293;1.687095206,4.481621622;8.420810811;9.488648649;6.306216216;11.6172973;5.027027027;4.292162162;15.0327027;4.964324324;10.87162162;13.02189189;12.26189189,0.08645435618;0.2696439837;0.3386297762;0.1508674172;0.3538018797;0.1122383111;0.05633824761;0.3961931106;0.1314327192;0.3747177599;0.3847338327;0.3843841239,0.2102702703;0.1237837838;0.09891891892;0.1718918919;0.08648648649;0.1943243243;0.2154054054;0.06243243243;0.2010810811;0.08756756757;0.07324324324;0.07243243243,0.3546353857;3.381203331;13.97095044;0.9553756086;18.46661386;0.5615795117;0.2241414152;23.99744594;0.7071313878;16.16310094;23.99578578;23.94499659,Known transition,2.0,8
Known-Transition Safe,8,6,234.3408108108108,11.768378378378378,11.17631081081081,22.0,34.0,29.408558558558557,0.004076576576576577,0.00033783783783783786,0.15740990990990988,0.07945945945945945,0.9151110604028755,19.0,75.0,0.0,0,11100,0.17473394541138232,0.36803705059308034,17.749904202202657,0.4064864864864865,True,True,0.6600953202;0.4082536129;0.95;0.8542797728;0.5796663152;0.95;0.7238759829;0.298421524;0.95;0.3698913443;0.95;0.5870736138,0.6992694381;1.146768836;0.2551559305;0.4699577518;0.8105930222;0.2156180293;0.6208604762;1.535216558;0.2628816135;1.257463669;0.2571157349;0.7995478023,6.273243243;9.960540541;4.38972973;4.889189189;7.680810811;4.651081081;6.771891892;11.76837838;4.458108108;10.69189189;4.090810811;7.976756757,0.1865348474;0.2981598975;0.06123742333;0.1177434692;0.2024291764;0.05268072932;0.1414555085;0.3680370506;0.06415732351;0.3255811337;0.06420944298;0.2145813426,0.16;0.1021621622;0.2083783784;0.1964864865;0.1340540541;0.2056756757;0.1502702703;0.07945945946;0.2110810811;0.09135135135;0.217027027;0.132972973,1.896347191;6.401532546;0.2551559305;0.5399155036;2.042372089;0.2156180293;1.062581429;17.7499042;0.2628816135;10.86869207;0.2571157349;1.998191209,Known transition,2.0,8
Known-Transition Safe,8,7,265.0843243243243,17.232702702702703,15.031364864864862,25.0,42.0,35.43693693693694,0.011126126126126127,0.0020045045045045044,0.1609009009009009,0.05243243243243243,0.8581852364673492,20.0,93.0,0.03198198198198198,355,11100,0.194639707425448,0.4001870602401627,23.996653270875186,0.4064864864864865,True,True,0.95;0.8194645516;0.5139536145;0.1957148488;0.2668165055;0.95;0.9166527097;0.2817874583;0.4060368001;0.95;0.95;0.8957240492,0.2129344738;0.5105004868;0.9182376412;2.309972111;1.705631049;0.2143947682;0.3910280632;1.619983796;1.152645744;0.2643493157;0.2202876177;0.4190042049,4.445405405;5.18;6.888108108;17.2327027;12.39918919;4.371621622;4.451891892;13.23027027;9.497027027;4.343243243;4.067837838;4.602972973,0.05323361846;0.13066053;0.2657925713;0.4001870602;0.3886072903;0.05371458111;0.1019843462;0.3905474449;0.3171333425;0.06665889501;0.05798922694;0.109167582,0.2113513514;0.1886486486;0.1375675676;0.05243243243;0.07486486486;0.2148648649;0.2202702703;0.06891891892;0.1048648649;0.2175675676;0.2281081081;0.2113513514,0.2129344738;0.6210009736;3.582376412;23.99665327;22.73087301;0.2143947682;0.3910280632;23.9161759;9.379372319;0.2643493157;0.2202876177;0.4950210247,Known transition,2.0,8
Known-Transition Safe,8,8,286.522972972973,14.702432432432433,14.40781081081081,26.0,41.0,35.31846846846847,0.011171171171171172,0.0009234234234234234,0.14768018018018017,0.055675675675675676,0.8366707143593843,22.0,81.0,0.03801801801801802,422,11100,0.22938109441881568,0.4014803082768629,23.99577449971135,0.4064864864864865,True,True,0.924502767;0.7675714746;0.2938168902;0.223720696;0.8564804989;0.95;0.4732619221;0.198994158;0.3554966144;0.365156396;0.95;0.8950142286,0.3798996382;0.5699618165;1.557699888;2.021057334;0.4673466129;0.2347890628;0.9960890923;2.271318822;1.304697623;1.272612991;0.2590903055;0.4199186836,4.377027027;5.195675676;11.40081081;14.16675676;5.155675676;4.252702703;8.607567568;14.70243243;10.36216216;10.68108108;4.278918919;4.161621622,0.09908193266;0.1538896905;0.3721639733;0.4014803083;0.1184786819;0.06047404781;0.2743283203;0.3971738588;0.354384084;0.338790215;0.06645316213;0.1158748584,0.2127027027;0.1951351351;0.08135135135;0.06459459459;0.1943243243;0.2191891892;0.1197297297;0.05567567568;0.09621621622;0.09054054054;0.22;0.2227027027,0.3798996382;0.9098854496;23.83529006;23.98072966;0.6020398386;0.2347890628;5.33351457;23.9957745;10.26576672;13.01281055;0.2590903055;0.4398373672,Known transition,2.0,8
Known-Transition Safe,8,9,333.5472972972973,17.354054054054053,16.05397297297297,29.0,47.0,40.55855855855856,0.017477477477477476,0.0036036036036036037,0.13454954954954956,0.051351351351351354,0.8023058527651874,25.0,107.0,0.07531531531531531,836,11100,0.25878527572539073,0.39949312644280854,23.996770524048777,0.4064864864864865,True,True,0.3257577326;0.6871221964;0.2523803769;0.1963495047;0.5437054116;0.2493362779;0.95;0.4363495231;0.95;0.6652629851;0.95;0.2127973752,1.414897118;0.6652565043;1.798374164;2.302374716;0.8671448273;1.819394726;0.209506079;1.076896197;0.2790122724;0.6926602831;0.247425482;2.123503268,11.97837838;6.74027027;13.19513514;17.35405405;7.384864865;13.32621622;4.111351351;7.685405405;4.064054054;5.782162162;4.215135135;14.99027027,0.3751389385;0.1753040788;0.3907818454;0.3994931264;0.2524094538;0.3978081982;0.05605703194;0.3204493818;0.07465463504;0.1988122218;0.06506621458;0.3994481824,0.08513513514;0.162972973;0.06540540541;0.05135135135;0.1418918919;0.06432432432;0.2281081081;0.1248648649;0.2302702703;0.1743243243;0.2262162162;0.05972972973,21.29382706;1.461026017;23.99677052;23.99472673;2.472882755;23.98939065;0.209506079;5.722754361;0.2790122724;1.277980849;0.247425482;23.99665371,Known transition,2.0,8
Known-Transition Safe,8,10,362.10135135135135,17.03810810810811,15.885783783783783,32.0,47.0,41.946846846846846,0.020923423423423425,0.00277027027027027,0.1107882882882883,0.05162162162162162,0.8194858140391503,30.0,105.0,0.08864864864864865,984,11100,0.3080358123112092,0.4012137946813076,23.99816164770518,0.4064864864864865,True,True,0.2210551088;0.5230742899;0.4621770162;0.8877431859;0.3493760462;0.4491418585;0.5565464418;0.34857734;0.2223217792;0.6900300697;0.2104662511;0.2177243916,2.045012567;0.9021077578;1.019211399;0.4291816563;1.325898395;1.047619095;0.8463561798;1.328717478;2.03354937;0.6616731043;2.146920017;2.075867389,14.94297297;8.071081081;8.908108108;4.328918919;12.33756757;8.386756757;7.01;10.07432432;14.65810811;5.976216216;14.84918919;17.03810811,0.3990538035;0.2569788045;0.2862055794;0.115299072;0.3361331606;0.3165508508;0.243155843;0.3609083962;0.4012137947;0.1868779443;0.3951493328;0.3989031659,0.06054054054;0.1386486486;0.1191891892;0.2205405405;0.08;0.1267567568;0.15;0.09054054054;0.05837837838;0.1781081081;0.05513513514;0.05162162162,23.99790288;3.821077578;6.68028498;0.4583633126;13.95390367;7.504762802;2.817205619;13.87537192;23.9952723;2.355057939;23.99816165;23.98766464,Known transition,2.0,8
Known-Transition Safe,8,11,305.4578378378378,16.039459459459458,14.78531081081081,29.0,43.0,37.91126126126126,0.013963963963963964,0.001328828828828829,0.12592342342342344,0.05675675675675676,0.8697417670064583,26.0,74.0,0.010990990990990991,122,11100,0.2559373276664552,0.3989069705729176,23.945669650084515,0.4064864864864865,True,True,0.95;0.2935060875;0.6227889451;0.4312530983;0.6153269509;0.4183303984;0.9434799305;0.4987828682;0.6260188518;0.4351735249;0.2492611008;0.2092716103,0.3358641596;1.559243329;0.7487311135;1.088976442;0.7590395275;1.120756955;0.3508668233;0.9460759936;0.7443154627;1.079661914;1.819920828;2.159149808,4.392702703;13.73810811;6.874864865;8.37;7.926486486;9.273513514;4.372702703;8.752432432;8.224864865;9.18;13.75918919;16.03945946,0.08242288026;0.3809610727;0.1983125652;0.3019702243;0.1967348397;0.2992723976;0.08894948116;0.2485367205;0.1830613706;0.302305336;0.3989069706;0.3898140734,0.2124324324;0.06945945946;0.1556756757;0.1156756757;0.1413513514;0.1032432432;0.2116216216;0.1216216216;0.1418918919;0.1151351351;0.06621621622;0.05675675676,0.3358641596;21.39913974;1.794924454;5.580316828;1.83615811;6.3283265;0.3508668233;3.429367886;1.432946388;5.876281058;23.89010344;23.94566965,Known transition,2.0,8
Known-Transition Safe,8,12,331.1821621621622,13.832972972972973,13.463283783783783,28.0,42.0,36.83783783783784,0.012184684684684685,0.0010585585585585586,0.11684684684684686,0.0654054054054054,0.8563121760912933,27.0,76.0,0.011711711711711712,130,11100,0.2766671173805359,0.3994132607628044,23.996986161784626,0.4064864864864865,True,True,0.2277146089;0.9318683167;0.4490225566;0.364868936;0.3264467419;0.2532754659;0.5108922966;0.7249468559;0.885090931;0.3371942215;0.4510893652;0.3770521179,1.986329388;0.369039043;1.047885528;1.273544601;1.412123145;1.792296255;0.9237509324;0.6195927545;0.4325165816;1.370290719;1.043286736;1.235229773,13.83297297;4.647567568;8.700540541;10.62081081;11.36621622;13.16081081;8.508648649;6.050810811;4.631621622;12.50837838;9.481891892;10.22864865,0.3994132608;0.08986599399;0.3021875294;0.3390382249;0.3587556099;0.3991492199;0.2449188283;0.1517164961;0.1091812128;0.3425726797;0.2650512249;0.3181551279,0.06540540541;0.2086486486;0.112972973;0.09297297297;0.08108108108;0.06810810811;0.1251351351;0.1618918919;0.2059459459;0.07756756757;0.1086486486;0.09378378378,23.99698616;0.369039043;6.214053984;11.32380282;14.99409791;23.97064376;3.513758392;1.058778264;0.4650331633;15.91668653;4.676154099;12.06827182,Known transition,2.0,8
Known-Transition Safe,8,13,238.86054054054054,13.913513513513514,12.908351351351351,23.0,37.0,31.41936936936937,0.005945945945945946,0.00015765765765765765,0.1571846846846847,0.062162162162162166,0.9041428808293817,20.0,67.0,0.007927927927927928,88,11100,0.1826892017923333,0.39396340158043114,23.99397830532972,0.4064864864864865,True,True,0.931036637;0.7159624459;0.6775674106;0.3509019354;0.95;0.7562371291;0.2357345475;0.5713184825;0.95;0.8385292043;0.9458583108;0.3749843981,0.3702883284;0.6302691506;0.6771299559;1.320546841;0.2764601871;0.5830294735;1.920506701;0.8232731646;0.2265612916;0.488449848;0.3469497415;1.241568686,4.667297297;5.985675676;7.656756757;12.08594595;4.305135135;5.911891892;13.91351351;6.680810811;4.334324324;5.13;4.887567568;11.16216216,0.09037036772;0.1672768394;0.1639752542;0.3440559878;0.07001167441;0.1507997854;0.3939634016;0.2253988421;0.05798744409;0.1277890413;0.07548501132;0.3251567721,0.2056756757;0.1751351351;0.1456756757;0.07810810811;0.2127027027;0.17;0.06216216216;0.1521621622;0.2156756757;0.1902702703;0.1889189189;0.08972972973,0.3702883284;1.321076603;1.231389868;14.01640523;0.2764601871;0.9490884205;23.99397831;1.856004811;0.2265612916;0.6653495441;0.3469497415;10.4054919,Known transition,2.0,8
Known-Transition Safe,8,14,324.2462162162162,13.837837837837839,13.747310810810811,29.0,45.0,38.616216216216216,0.015518018018018017,0.0012162162162162162,0.12040540540540541,0.06324324324324325,0.8590397367236466,27.0,73.0,0.014504504504504504,161,11100,0.2738838893239219,0.40030671685946007,23.99636166438151,0.4064864864864865,True,True,0.3969158517;0.64914127;0.685168137;0.2123384503;0.8391928019;0.2547057577;0.6450583303;0.3536782427;0.3495021855;0.2638904463;0.8142278578;0.4332858251,1.177446822;0.7134614509;0.6676722331;2.128067317;0.4876767217;1.782678959;0.7188179662;1.310923092;1.325454306;1.723560971;0.5165166625;1.084128614,10.13027027;6.530810811;6.02027027;13.83783784;5.016486486;13.67324324;6.236756757;13.24945946;11.28027027;13.27594595;5.243783784;9.822432432,0.3198200151;0.1905134901;0.1802715029;0.4003067169;0.1238962482;0.3907439557;0.1956350519;0.3422572181;0.3489168904;0.38151255;0.129687562;0.2830454706,0.09810810811;0.1578378378;0.1710810811;0.06324324324;0.1918918919;0.06405405405;0.1659459459;0.07837837838;0.08756756757;0.06783783784;0.1891891892;0.1097297297,9.19404279;2.280768706;1.476722331;23.99636166;0.5753534435;23.9939914;1.356453898;13.37138513;13.84180934;23.98956077;0.633033325;7.850829513,Known transition,2.0,8
Known-Transition Safe,8,15,289.5564864864865,15.82918918918919,15.083121621621622,26.0,42.0,36.26891891891892,0.011463963963963963,0.0018468468468468468,0.14065315315315316,0.05459459459459459,0.8636118785441832,23.0,104.0,0.03567567567567568,396,11100,0.23286492255479097,0.40151602309572343,23.989020418561978,0.4064864864864865,True,True,0.95;0.6682774533;0.3936552323;0.8783623152;0.2542081145;0.6112416568;0.1961261937;0.2603661895;0.4858854259;0.9440218225;0.777121657;0.6438927182,0.2609434761;0.6888292002;1.186565108;0.4408835581;1.786011998;0.7647485898;2.305041448;1.74572184;0.9708198352;0.349980936;0.5589976316;0.7203540735,4.235405405;5.890810811;9.391891892;5.244864865;13.03108108;6.561351351;15.82918919;14.4727027;8.198378378;4.54027027;5.880540541;7.507027027,0.06572954586;0.1971540873;0.3274278311;0.1079568929;0.3967842872;0.2124760947;0.3993328562;0.4015160231;0.2765524612;0.0876844129;0.1391450861;0.1826194922,0.2172972973;0.1754054054;0.1040540541;0.1986486486;0.06756756757;0.1559459459;0.05459459459;0.05810810811;0.13;0.21;0.1718918919;0.1443243243,0.2609434761;1.555316801;8.783518341;0.5226506742;23.97830742;1.858994359;23.98902042;23.97965073;4.382955386;0.349980936;0.8769928948;1.681416294,Known transition,2.0,8
Known-Transition Safe,8,16,334.49108108108106,16.602432432432433,15.98122972972973,30.0,48.0,40.98288288288288,0.020585585585585587,0.0022972972972972973,0.13457207207207209,0.05378378378378378,0.8200174704305039,24.0,77.0,0.09630630630630631,1069,11100,0.26913616520036615,0.40182819238844075,23.992514211306403,0.4064864864864865,True,True,0.3932789834;0.7735119064;0.901603995;0.8416273572;0.2260479039;0.7045979448;0.6624829137;0.1982197585;0.7522839954;0.3841282698;0.2247729528;0.2144342016,1.187626136;0.5631378354;0.4113518347;0.4848363331;2.00065631;0.6439160289;0.6962092138;2.280313362;0.5876051337;1.214015836;2.011774821;2.107404393,9.961081081;5.182972973;4.362972973;5.276486486;13.93702703;5.513243243;5.727837838;15.47297297;5.07972973;9.796756757;14.37540541;16.60243243,0.3280415976;0.1654407641;0.1092861766;0.1217332307;0.3990498262;0.1823848644;0.2054758004;0.4018281924;0.1643706252;0.3543613791;0.4018112412;0.3958502846,0.1013513514;0.2048648649;0.2175675676;0.1916216216;0.06351351351;0.1808108108;0.1775675676;0.05513513514;0.1978378378;0.1054054054;0.06540540541;0.05378378378,13.90504544;1.215689177;0.4227036694;0.5696726663;23.98459773;1.39524426;1.584836855;23.98705941;1.338025668;14.11858592;23.98960079;23.99251421,Known transition,2.0,8
Known-Transition Safe,8,17,268.2805405405405,15.935945945945946,15.715945945945945,27.0,43.0,36.72927927927928,0.012702702702702703,0.001599099099099099,0.15527027027027027,0.05540540540540541,0.8498699424880147,21.0,91.0,0.03135135135135135,348,11100,0.21075680784253695,0.3976849796430448,23.99192404785384,0.4064864864864865,True,True,0.6058267012;0.4606290406;0.8627452041;0.95;0.8920394043;0.9329954481;0.2434414901;0.2237143759;0.7874097494;0.2072792387;0.95;0.5223938409,0.772389876;1.022513998;0.4598691245;0.2139841101;0.4237308779;0.3673358894;1.861711545;2.021113381;0.5472165522;2.179902851;0.241873434;0.9032962107,7.284864865;9.107027027;4.876486486;3.777297297;4.671351351;4.310810811;13.24513514;15.53594595;5.046216216;15.93594595;4.34972973;7.081351351,0.2089627746;0.2863039195;0.1235432189;0.05841187871;0.1098264627;0.09491165141;0.3914625897;0.3949364796;0.1470089873;0.3976849796;0.0606644721;0.2553642801,0.1448648649;0.1124324324;0.2108108108;0.2356756757;0.2081081081;0.2135135135;0.06594594595;0.0572972973;0.1940540541;0.05540540541;0.2205405405;0.1445945946,1.889559504;4.625139981;0.5197382491;0.2139841101;0.4474617559;0.3673358894;23.95403903;23.9869663;0.6944331045;23.99192405;0.241873434;3.369220425,Known transition,2.0,8
Known-Transition Safe,8,18,244.99567567567567,13.819459459459459,13.737108108108108,24.0,40.0,33.97207207207207,0.009752252252252252,0.0013963963963963964,0.16527027027027028,0.06513513513513514,0.8699740589083803,19.0,89.0,0.010630630630630631,118,11100,0.189032371940256,0.39580604295711025,23.988444799812854,0.4064864864864865,True,True,0.95;0.2298402862;0.2514208534;0.95;0.8064515181;0.2889292384;0.86964094;0.95;0.4229897239;0.9113191376;0.93510967;0.8418183031,0.2641897105;1.968390267;1.804941085;0.3377909827;0.5254308787;1.582364629;0.451552802;0.2372894534;1.10910177;0.3983676074;0.3641087485;0.4846132827,4.254594595;13.66972973;13.12351351;4.437297297;5.467567568;13.81945946;4.604594595;4.14027027;9.622972973;4.483243243;4.52972973;5.135675676,0.06897493522;0.395806043;0.3902575318;0.0850868097;0.131499728;0.3814781754;0.1178918937;0.06163112559;0.313546068;0.1017452403;0.09447145906;0.1259994535,0.222972973;0.06513513514;0.06756756757;0.2113513514;0.1818918919;0.07216216216;0.2081081081;0.2213513514;0.1035135135;0.2145945946;0.2186486486;0.1959459459,0.2641897105;23.96527872;23.9884448;0.3377909827;0.776292636;23.97193232;0.503105604;0.2372894534;6.909460188;0.3983676074;0.3641087485;0.6538398482,Known transition,2.0,8
Known-Transition Safe,8,19,346.5824324324324,15.17972972972973,15.039108108108108,30.0,44.0,38.51756756756757,0.014797297297297297,0.001463963963963964,0.1111036036036036,0.055945945945945944,0.8667302721494038,28.0,79.0,0.027567567567567567,306,11100,0.2918056172548968,0.3962815684459906,23.995961857905346,0.4064864864864865,True,True,0.8339118425;0.4218873338;0.3658373363;0.3670076204;0.481511622;0.1930715746;0.2120595117;0.3057773787;0.5446939528;0.4653449839;0.3623629999;0.8770434254,0.4938172966;1.111838862;1.270411673;1.266646367;0.9794527448;2.342239302;2.1308523;1.500722279;0.8655191693;1.012509865;1.281724896;0.4425090154,4.984324324;10.40918919;11.01378378;10.42567568;8.70027027;15.17972973;14.92405405;11.48756757;7.117837838;8.790810811;10.60189189;4.851081081,0.1294602102;0.2839696554;0.3340839345;0.354318646;0.2602167698;0.3962815684;0.3950715345;0.3808589783;0.2402400505;0.2854183213;0.3325556486;0.1091920895,0.1943243243;0.09162162162;0.0927027027;0.09243243243;0.1156756757;0.05594594595;0.06189189189;0.08189189189;0.1405405405;0.1151351351;0.09459459459;0.1964864865,0.6814518897;6.907810419;12.04193851;11.39823397;5.532885683;23.99596186;23.95966098;20.33250255;3.855191693;4.712588782;11.38932323;0.4850180308,Known transition,2.0,8
Known-Transition Safe,2,0,388.50216216216216,20.172432432432434,19.813743243243245,34.0,62.0,50.74324324324324,0.03236486486486487,0.010653153153153154,0.13648648648648648,0.04297297297297297,0.8187191137726089,26.0,136.0,0.045675675675675674,507,11100,0.2167460997393115,0.3871940384218746,23.99879184648302,0.4064864864864865,True,True,0.95;0.2315765095;0.95;0.8081176242;0.6281327393;0.795200025;0.3394136806;0.9476946562;0.5005847781;0.95;0.23436609;0.2528380647,0.3369544871;1.95400716;0.2191119648;0.5235225351;0.7414402559;0.5383055036;1.361973486;0.3438720469;0.9427001774;0.2738400263;1.931388168;1.795260579,4.657567568;20.17243243;4.902972973;6.253513514;9.066486486;6.221081081;13.80891892;4.947567568;10.96702703;4.698378378;19.52027027;18.98972973,0.08451182812;0.3865765516;0.05750208589;0.1410680993;0.2174223453;0.1515984689;0.3806163743;0.08243635286;0.2718543485;0.06172502214;0.3784476816;0.3871940384,0.2035135135;0.04297297297;0.2089189189;0.1821621622;0.1343243243;0.1864864865;0.07702702703;0.1959459459;0.1072972973;0.1978378378;0.04864864865;0.0527027027,0.3369544871;23.99862288;0.2191119648;2.252838027;12.39905049;3.181026583;23.99879185;0.3438720469;18.67880781;0.2738400263;23.99858589;23.9962049,Known transition,8.0,2
Known-Transition Safe,2,1,518.9208108108108,26.17,25.95445945945946,46.0,85.0,68.68288288288288,0.06804054054054054,0.025878378378378378,0.11824324324324324,0.031621621621621625,0.6907911357380708,32.0,155.0,0.12873873873873873,1429,11100,0.2772553015198551,0.39420659263459773,23.999461816734847,0.4064864864864865,True,True,0.5605092249;0.2181252996;0.2316669551;0.3707979081;0.95;0.95;0.2020086086;0.95;0.325972712;0.8362721814;0.2993435181;0.2334007936,0.8400796556;2.072097608;1.953264399;1.254604531;0.2976063768;0.2276934429;2.237061952;0.2579608484;1.414030367;0.4910760745;1.530799061;1.939147999,9.318108108;25.77810811;22.01405405;13.05378378;4.128378378;3.908918919;26.17;4.333783784;14.35243243;5.941621622;14.72810811;21.38918919,0.2774533349;0.3892183346;0.391180789;0.3699387955;0.0772972238;0.06289262127;0.3942065926;0.06602403336;0.377584325;0.1474555456;0.3802173883;0.3935946343,0.1354054054;0.03783783784;0.04297297297;0.08594594595;0.2232432432;0.24;0.03162162162;0.2248648649;0.07540540541;0.2054054054;0.06918918919;0.04702702703,15.16310657;23.99874277;23.99308655;23.98743043;0.2976063768;0.2276934429;23.98732788;0.2579608484;23.99946182;1.310760745;23.98634551;23.99430778,Known transition,8.0,2
Known-Transition Safe,2,2,409.62108108108106,22.844324324324326,21.593297297297298,35.0,57.0,49.20945945945946,0.03513513513513514,0.0075675675675675675,0.12545045045045047,0.03594594594594595,0.8245086045756136,27.949999999999818,124.0,0.06765765765765766,751,11100,0.23778083831315402,0.3958796658178613,23.999013945593514,0.4064864864864865,True,True,0.2983974043;0.4720337023;0.7619171253;0.95;0.6042558466;0.7527600943;0.6803453125;0.2438339011;0.7053294905;0.1925045361;0.95;0.2931742638,1.535332493;0.9986066978;0.5764720931;0.328976203;0.7746227687;0.5870535051;0.6736618433;1.858825842;0.6430324214;2.34929577;0.2710575607;1.560894842,15.92297297;9.495405405;6.283783784;4.950810811;8.831081081;6.684054054;7.474594595;20.56972973;7.180540541;22.84432432;4.805675676;15.74243243,0.378023757;0.2545097611;0.1515965802;0.080465801;0.2309213281;0.1629470134;0.1740596547;0.3958796658;0.1805704556;0.3898561089;0.06769113137;0.3868488027,0.05972972973;0.1151351351;0.1724324324;0.1959459459;0.1332432432;0.17;0.1564864865;0.04378378378;0.1591891892;0.03594594595;0.2013513514;0.06216216216,23.99791679;10.97074065;2.517665117;0.328976203;7.517832605;3.179909587;4.820560553;23.97714588;3.888518743;23.98309848;0.2710575607;23.99901395,Known transition,8.0,2
Known-Transition Safe,2,3,500.41945945945946,21.08108108108108,19.662229729729727,42.0,62.0,54.3454954954955,0.05540540540540541,0.011036036036036036,0.10346846846846845,0.04540540540540541,0.7010721887069129,35.0,116.0,0.1072972972972973,1191,11100,0.3135845814219468,0.39365188066809387,23.996089023231427,0.4064864864864865,True,True,0.2469621281;0.8215561338;0.8932287906;0.3220866759;0.225348274;0.2465631425;0.4834834838;0.2778755806;0.2645088005;0.3014458345;0.9387067142;0.2969367479,1.836175919;0.5080937316;0.4222105672;1.429873819;2.006740312;1.839030251;0.9755450403;1.641436133;1.719737046;1.520828652;0.3585144156;1.542388958,17.25567568;5.797567568;4.65027027;12.48189189;18.50135135;21.08108108;9.365675676;16.55297297;18.02405405;15.37432432;4.45;16.4727027,0.3905595805;0.1500936348;0.1170778492;0.3918627169;0.3801959347;0.3936518807;0.3113834304;0.3890647266;0.3927507578;0.3810292326;0.09350443543;0.3718407976,0.05;0.2040540541;0.2254054054;0.07972972973;0.04864864865;0.04540540541;0.1275675676;0.0627027027;0.05648648649;0.06405405405;0.2145945946;0.06297297297,23.97935105;2.669968363;0.5998951051;23.99608902;23.98861646;23.97623681;23.45933754;23.99058221;23.99211138;23.98667143;0.3585144156;23.95601503,Known transition,8.0,2
Known-Transition Safe,2,4,465.5472972972973,20.774324324324326,20.303554054054054,37.0,59.0,50.090090090090094,0.03722972972972973,0.008693693693693693,0.09795045045045044,0.043243243243243246,0.866541691658919,34.0,119.0,0.046306306306306305,514,11100,0.2802961724302101,0.38390245404048406,23.99793309742025,0.4064864864864865,True,True,0.662118963;0.6741961796;0.3640876;0.2460798207;0.2372011855;0.4128728207;0.5024050881;0.4159209977;0.2309431598;0.4380235493;0.7287104513;0.5641011845,0.6966749552;0.6813572012;1.27608378;1.842501298;1.908996959;1.13470463;0.9393093506;1.126874486;1.959226317;1.072981387;0.6151471375;0.8344446437,7.558648649;7.901891892;13.22459459;18.65594595;20.77432432;11.79027027;10.02324324;12.14135135;19.91837838;12.31594595;7.300540541;8.557297297,0.1882905284;0.1788102277;0.3048805572;0.3734799928;0.3745761601;0.3247708658;0.2647836899;0.2789775755;0.383902454;0.3001447935;0.1629308634;0.2280063608,0.1454054054;0.1462162162;0.07972972973;0.05;0.04324324324;0.09378378378;0.11;0.0872972973;0.04567567568;0.0872972973;0.1551351351;0.1316216216,5.62352397;6.589858426;23.99551877;23.99257917;23.9979331;20.23702502;14.75444597;23.93934366;23.99644225;19.07080879;3.902942749;7.923337518,Known transition,8.0,2
Known-Transition Safe,2,5,415.72162162162164,20.82972972972973,19.86410810810811,36.0,56.0,48.33963963963964,0.03405405405405405,0.007184684684684685,0.12083333333333335,0.042702702702702704,0.8008295029704162,29.0,119.0,0.04612612612612613,512,11100,0.2509363748729205,0.3807363504512948,23.993474436295358,0.4064864864864865,True,True,0.9411489522;0.4821824971;0.3825098869;0.7544254172;0.3523107703;0.8677360717;0.95;0.2189202535;0.8265150398;0.3376263363;0.2625732011;0.2699141276,0.3546353857;0.9781203331;1.218803669;0.5851252029;1.315645181;0.4538598372;0.2241414152;2.064668323;0.5023771293;1.368663091;1.731770293;1.687095206,4.969459459;10.35945946;11.36945946;7.217027027;13.32621622;6.045675676;4.583243243;20.82972973;5.962702703;13.05621622;19.07405405;17.08081081,0.08511249256;0.2749311207;0.3366533378;0.1562442434;0.342067747;0.1165315798;0.05536898744;0.3788945381;0.138357377;0.36768949;0.3786492343;0.3807363505,0.2;0.1124324324;0.08621621622;0.1681081081;0.08459459459;0.1797297297;0.2094594595;0.0427027027;0.182972973;0.07945945946;0.04675675676;0.05756756757,0.3546353857;10.806166;23.94190087;4.628130071;23.96048494;0.9924582096;0.2241414152;23.99272794;1.935656939;23.99347444;23.98688244;23.97409316,Known transition,8.0,2
Known-Transition Safe,2,6,311.42945945945945,15.244864864864866,14.9055,27.0,43.0,37.51441441441442,0.013806306306306306,0.0018918918918918919,0.14096846846846847,0.060810810810810814,0.8962156511620654,23.0,92.0,0.007387387387387387,82,11100,0.17796442418926875,0.3593236593163553,23.953764736339426,0.4064864864864865,True,True,0.6600953202;0.4082536129;0.95;0.8542797728;0.5796663152;0.95;0.7238759829;0.298421524;0.95;0.3698913443;0.95;0.5870736138,0.6992694381;1.146768836;0.2551559305;0.4699577518;0.8105930222;0.2156180293;0.6208604762;1.535216558;0.2628816135;1.257463669;0.2571157349;0.7995478023,8.148108108;12.84216216;4.788108108;6.093243243;9.691891892;4.692702703;8.015945946;15.24486486;4.514054054;14.62783784;4.704594595;9.126486486,0.2010872114;0.3176859614;0.05765144809;0.1197757189;0.2081252354;0.04895112016;0.1438047103;0.3593236593;0.05904178941;0.3401949006;0.06059592454;0.2193354106,0.1405405405;0.08405405405;0.1924324324;0.1748648649;0.1167567568;0.1943243243;0.1348648649;0.06081081081;0.1932432432;0.07216216216;0.1967567568;0.1308108108,8.77662202;21.0433716;0.2551559305;1.58928178;7.411860445;0.2156180293;3.175488572;23.91563052;0.2628816135;23.95376474;0.2571157349;9.986886268,Known transition,8.0,2
Known-Transition Safe,2,7,363.14,26.273243243243243,22.12237837837837,35.0,62.0,52.07117117117117,0.03626126126126126,0.010945945945945945,0.1485135135135135,0.030810810810810812,0.8235953952886398,22.0,133.0,0.05954954954954955,661,11100,0.19431117186353028,0.38770072450723997,23.999351847622403,0.4064864864864865,True,True,0.95;0.8194645516;0.5139536145;0.1957148488;0.2668165055;0.95;0.9166527097;0.2817874583;0.4060368001;0.95;0.95;0.8957240492,0.2129344738;0.5105004868;0.9182376412;2.309972111;1.705631049;0.2143947682;0.3910280632;1.619983796;1.152645744;0.2643493157;0.2202876177;0.4190042049,4.840810811;5.46972973;9.672972973;26.27324324;18.72621622;4.647027027;5.084054054;17.60972973;10.94918919;4.638648649;4.526756757;5.168648649,0.05283076945;0.1279010679;0.2925951835;0.3877007245;0.3770827562;0.05243980141;0.1030411788;0.3866069438;0.318379446;0.0659444374;0.05679848306;0.1104132702,0.2067567568;0.1856756757;0.1221621622;0.03081081081;0.05243243243;0.2051351351;0.2037837838;0.05594594595;0.09648648649;0.2048648649;0.2159459459;0.2021621622,0.2129344738;1.615505355;16.6389315;23.99776885;23.99689119;0.2143947682;0.3910280632;23.99935185;21.44789253;0.2643493157;0.2202876177;0.8370967137,Known transition,8.0,2
Known-Transition Safe,2,8,418.6837837837838,23.99081081081081,23.556905405405406,37.0,64.0,53.85405405405405,0.04112612612612613,0.012567567567567568,0.13353603603603606,0.03486486486486486,0.7891644012985091,26.0,141.0,0.08117117117117117,901,11100,0.22887855673090182,0.3850933569186236,23.998847492736438,0.4064864864864865,True,True,0.924502767;0.7675714746;0.2938168902;0.223720696;0.8564804989;0.95;0.4732619221;0.198994158;0.3554966144;0.365156396;0.95;0.8950142286,0.3798996382;0.5699618165;1.557699888;2.021057334;0.4673466129;0.2347890628;0.9960890923;2.271318822;1.304697623;1.272612991;0.2590903055;0.4199186836,4.587567568;6.667027027;16.46702703;23.99081081;5.414594595;4.564054054;10.38837838;23.20189189;12.38378378;13.36540541;4.497567568;4.848648649,0.09682306995;0.1655970143;0.3725849733;0.3850933569;0.1168366532;0.05895109172;0.284019998;0.3848964598;0.3533262211;0.3484207998;0.06491262518;0.1150804176,0.202972973;0.1740540541;0.0572972973;0.03945945946;0.1875675676;0.2110810811;0.1121621622;0.03486486486;0.08432432432;0.07945945946;0.2102702703;0.2089189189,0.3798996382;3.739159964;23.99338414;23.97965746;1.208159354;0.2347890628;12.70613822;23.99884749;23.95971917;23.95552233;0.2590903055;0.5991868362,Known transition,8.0,2
Known-Transition Safe,2,9,516.127027027027,25.888648648648648,25.216459459459458,45.0,78.0,63.70135135135135,0.06252252252252252,0.022972972972972974,0.11777027027027027,0.03405405405405405,0.7316234940310312,30.0,123.0,0.13054054054054054,1449,11100,0.25972467662794363,0.39600466354667485,23.99864068348007,0.4064864864864865,True,True,0.3257577326;0.6871221964;0.2523803769;0.1963495047;0.5437054116;0.2493362779;0.95;0.4363495231;0.95;0.6652629851;0.95;0.2127973752,1.414897118;0.6652565043;1.798374164;2.302374716;0.8671448273;1.819394726;0.209506079;1.076896197;0.2790122724;0.6926602831;0.247425482;2.123503268,15.65405405;7.618648649;20.02;24.66648649;9.255675676;22.5227027;4.258108108;10.00108108;4.49027027;7.349189189;4.357837838;25.88864865,0.37360932;0.1853728259;0.3902957983;0.3914037018;0.2636589002;0.395841285;0.05209340342;0.3239420181;0.07186451232;0.2104189617;0.06219072925;0.3960046635,0.0627027027;0.1527027027;0.04486486486;0.03405405405;0.1221621622;0.04081081081;0.2183783784;0.107027027;0.2151351351;0.1635135135;0.217027027;0.03486486486,23.99810689;7.292438624;23.99026718;23.99736337;10.68866206;23.99284056;0.209506079;23.99860223;0.2790122724;5.560545379;0.247425482;23.99864068,Known transition,8.0,2
Known-Transition Safe,2,10,555.0648648648648,25.47081081081081,25.20354054054054,46.0,79.0,65.97072072072072,0.06887387387387388,0.023896396396396395,0.09452702702702703,0.036756756756756756,0.769379936380347,37.0,152.0,0.11144144144144144,1237,11100,0.3060782269568473,0.3951493328242854,23.9972424715577,0.4064864864864865,True,True,0.2210551088;0.5230742899;0.4621770162;0.8877431859;0.3493760462;0.4491418585;0.5565464418;0.34857734;0.2223217792;0.6900300697;0.2104662511;0.2177243916,2.045012567;0.9021077578;1.019211399;0.4291816563;1.325898395;1.047619095;0.8463561798;1.328717478;2.03354937;0.6616731043;2.146920017;2.075867389,19.51648649;11.19810811;11.67540541;5.080540541;14.57810811;10.91432432;8.927027027;14.61486486;23.14351351;7.264594595;24.98486486;25.47081081,0.3835780328;0.2840420373;0.2873074296;0.1099633;0.3239492294;0.3270270418;0.2399534142;0.3598310577;0.3902216359;0.1915275391;0.3951493328;0.3803886729,0.04675675676;0.1094594595;0.1048648649;0.2078378378;0.07378378378;0.1116216216;0.1316216216;0.07405405405;0.03918918919;0.1613513514;0.03675675676;0.03702702703,23.99589223;11.65901722;22.77978136;0.8669065008;23.96827799;22.40000793;14.11517865;23.90715644;23.98978262;6.358558652;23.99724247;23.99321517,Known transition,8.0,2
Known-Transition Safe,2,11,437.5191891891892,26.156756756756756,22.325189189189185,38.0,63.0,52.91306306306306,0.04193693693693694,0.011531531531531532,0.11049549549549549,0.033783783783783786,0.8377242369414506,32.0,116.0,0.036036036036036036,400,11100,0.2553686108189624,0.37972402130985417,23.995356387257193,0.4064864864864865,True,True,0.95;0.2935060875;0.6227889451;0.4312530983;0.6153269509;0.4183303984;0.9434799305;0.4987828682;0.6260188518;0.4351735249;0.2492611008;0.2092716103,0.3358641596;1.559243329;0.7487311135;1.088976442;0.7590395275;1.120756955;0.3508668233;0.9460759936;0.7443154627;1.079661914;1.819920828;2.159149808,5.097837838;15.86756757;8.294864865;11.62324324;9.05027027;12.51756757;5.04027027;11.32540541;9.514594595;11.66108108;19.19027027;26.15675676,0.07888269047;0.3569402971;0.19426537;0.3278702045;0.1946833815;0.3210817221;0.08563047067;0.2626000123;0.1834637032;0.3052233412;0.3797240213;0.3740581154,0.1945945946;0.06486486486;0.1494594595;0.09513513514;0.1305405405;0.08918918919;0.1908108108;0.1010810811;0.127027027;0.1008108108;0.04864864865;0.03378378378,0.3358641596;23.99535639;14.26752238;21.8724452;7.25310677;23.48693118;0.3508668233;13.79797583;12.28398758;20.26951935;23.99208275;23.98724712,Known transition,8.0,2
Known-Transition Safe,2,12,448.6348648648649,19.422162162162163,18.94395945945946,36.0,53.0,46.73063063063063,0.03313063063063063,0.0052027027027027025,0.10380630630630629,0.04432432432432432,0.8222045392230493,32.0,85.0,0.036036036036036036,400,11100,0.27567207733748794,0.3865547057168539,23.999405237997955,0.4064864864864865,True,True,0.2277146089;0.9318683167;0.4490225566;0.364868936;0.3264467419;0.2532754659;0.5108922966;0.7249468559;0.885090931;0.3371942215;0.4510893652;0.3770521179,1.986329388;0.369039043;1.047885528;1.273544601;1.412123145;1.792296255;0.9237509324;0.6195927545;0.4325165816;1.370290719;1.043286736;1.235229773,18.5527027;4.857567568;11.52540541;13.71297297;13.84;19.42216216;9.786756757;6.931351351;5.664324324;15.20459459;11.75513514;12.12135135,0.3774025838;0.08547742158;0.3188970554;0.3541830796;0.3507408569;0.3865547057;0.2476651148;0.1512141236;0.111752933;0.3481279123;0.2749201535;0.3011289878,0.04432432432;0.1948648649;0.1016216216;0.07837837838;0.07405405405;0.04567567568;0.1159459459;0.1554054054;0.1859459459;0.06918918919;0.09675675676;0.08351351351,23.9934339;0.369039043;23.91542114;23.99469485;23.90923589;23.99940524;13.3787845;3.113484072;0.7251658164;23.87686169;15.47174903;22.55120386,Known transition,8.0,2
Known-Transition Safe,2,13,319.0254054054054,22.065675675675674,17.63891891891891,29.0,49.0,41.75990990990991,0.01975225225225225,0.004572072072072072,0.144009009009009,0.04216216216216216,0.8895622742653293,23.0,117.0,0.02891891891891892,321,11100,0.18254692980069245,0.3789107814936951,23.988911298115006,0.4064864864864865,True,True,0.931036637;0.7159624459;0.6775674106;0.3509019354;0.95;0.7562371291;0.2357345475;0.5713184825;0.95;0.8385292043;0.9458583108;0.3749843981,0.3702883284;0.6302691506;0.6771299559;1.320546841;0.2764601871;0.5830294735;1.920506701;0.8232731646;0.2265612916;0.488449848;0.3469497415;1.241568686,5.96;7.050540541;8.671891892;14.01702703;4.99;6.506756757;22.06567568;9.073243243;4.563783784;5.812972973;5.366216216;12.59702703,0.09287231589;0.1691506126;0.1709295618;0.3433421787;0.06829313812;0.1503270588;0.3789107815;0.2460919243;0.05510950336;0.1262048797;0.07323452651;0.3160966763,0.1786486486;0.1540540541;0.1364864865;0.07324324324;0.1994594595;0.1640540541;0.04216216216;0.1318918919;0.2078378378;0.1827027027;0.1762162162;0.08135135135,0.3702883284;4.08430641;5.142599117;23.9506231;0.2764601871;2.413324208;23.9889113;11.87492177;0.2265612916;1.28449848;0.3469497415;23.96941511,Known transition,8.0,2
Known-Transition Safe,2,14,476.74108108108106,25.493513513513513,21.97336486486486,40.0,66.0,55.87927927927928,0.04707207207207207,0.013445945945945946,0.10123873873873875,0.03810810810810811,0.8302873065850066,33.0,170.0,0.044864864864864865,498,11100,0.2727340118746879,0.3962806435577126,23.993763574612938,0.4064864864864865,True,True,0.3969158517;0.64914127;0.685168137;0.2123384503;0.8391928019;0.2547057577;0.6450583303;0.3536782427;0.3495021855;0.2638904463;0.8142278578;0.4332858251,1.177446822;0.7134614509;0.6676722331;2.128067317;0.4876767217;1.782678959;0.7188179662;1.310923092;1.325454306;1.723560971;0.5165166625;1.084128614,12.20027027;8.715945946;7.892702703;25.49351351;5.910540541;18.50135135;8.86;15.20297297;14.33027027;19.09324324;6.166486486;11.96081081,0.3217293883;0.1970696224;0.1853241577;0.3962806436;0.11928309;0.3709899456;0.2113713371;0.3486346818;0.3514245067;0.3680035586;0.1222888098;0.280408401,0.08783783784;0.1343243243;0.1391891892;0.03810810811;0.1754054054;0.05027027027;0.1345945946;0.06945945946;0.07135135135;0.05243243243;0.1708108108;0.09108108108,20.41063876;13.56538094;5.485772429;23.99093361;1.364443939;23.99376357;7.651631188;23.92261625;23.9636029;23.98956077;1.79819995;17.30165903,Known transition,8.0,2
Known-Transition Safe,2,15,401.08324324324326,23.905135135135136,21.59439189189189,36.0,57.0,48.7536036036036,0.03617117117117117,0.007387387387387387,0.1286036036036036,0.030810810810810812,0.8302079679349834,27.0,100.0,0.06837837837837837,759,11100,0.2323753429399524,0.3918570460943852,23.99744540922825,0.4064864864864865,True,True,0.95;0.6682774533;0.3936552323;0.8783623152;0.2542081145;0.6112416568;0.1961261937;0.2603661895;0.4858854259;0.9440218225;0.777121657;0.6438927182,0.2609434761;0.6888292002;1.186565108;0.4408835581;1.786011998;0.7647485898;2.305041448;1.74572184;0.9708198352;0.349980936;0.5589976316;0.7203540735,4.358648649;6.858108108;11.95324324;5.678108108;19.70378378;7.852162162;23.90513514;17.60567568;9.925135135;4.797297297;7.072702703;8.627297297,0.06170960583;0.1943615365;0.3341623898;0.1070036311;0.381337697;0.2190901365;0.3918570461;0.3906642387;0.2849487408;0.08371165632;0.14730343;0.1923540067,0.2083783784;0.1686486486;0.09162162162;0.1821621622;0.04756756757;0.1518918919;0.03081081081;0.05297297297;0.1186486486;0.1989189189;0.1591891892;0.1324324324,0.2609434761;4.798925604;23.73559675;1.217671161;23.98869591;9.883463335;23.99744541;23.99517707;11.17869423;0.349980936;3.57494079;5.125665177,Known transition,8.0,2
Known-Transition Safe,2,16,500.00216216216216,29.112972972972972,25.422324324324318,44.0,76.0,63.61891891891892,0.061644144144144146,0.021216216216216215,0.11907657657657655,0.031081081081081083,0.7684137567558322,30.0,149.0,0.11918918918918919,1323,11100,0.2672594216669954,0.3944325814855861,23.996663320489095,0.4064864864864865,True,True,0.3932789834;0.7735119064;0.901603995;0.8416273572;0.2260479039;0.7045979448;0.6624829137;0.1982197585;0.7522839954;0.3841282698;0.2247729528;0.2144342016,1.187626136;0.5631378354;0.4113518347;0.4848363331;2.00065631;0.6439160289;0.6962092138;2.280313362;0.5876051337;1.214015836;2.011774821;2.107404393,13.79972973;6.735675676;5.111621622;5.767297297;19.93;6.158918919;7.582702703;29.11297297;6.13027027;11.84108108;22.4027027;21.32216216,0.3428066793;0.1742683301;0.1092861766;0.1178021253;0.3898576215;0.1789042372;0.2118733986;0.3944325815;0.1659587472;0.3428774455;0.3860432764;0.3930024408,0.08459459459;0.1821621622;0.202972973;0.1764864865;0.04513513514;0.1748648649;0.1616216216;0.03108108108;0.1910810811;0.09486486486;0.04216216216;0.04189189189,23.85958634;4.494135062;0.513518347;1.418035998;23.80279983;4.234404549;10.2635317;23.99666332;4.127312941;23.23449091;23.97713816;23.99576873,Known transition,8.0,2
Known-Transition Safe,2,17,406.3535135135135,31.064594594594595,26.565445945945942,40.0,74.0,60.68828828828829,0.04781531531531531,0.01813063063063063,0.1423873873873874,0.02891891891891892,0.8062681062765304,24.0,127.0,0.08486486486486486,942,11100,0.21075339055164535,0.39356083911341316,23.998057027533108,0.4064864864864865,True,True,0.6058267012;0.4606290406;0.8627452041;0.95;0.8920394043;0.9329954481;0.2434414901;0.2237143759;0.7874097494;0.2072792387;0.95;0.5223938409,0.772389876;1.022513998;0.4598691245;0.2139841101;0.4237308779;0.3673358894;1.861711545;2.021113381;0.5472165522;2.179902851;0.241873434;0.9032962107,8.295675676;10.03702703;4.706756757;4.052702703;5.118918919;4.73;19.34243243;22.88432432;6.321081081;31.06459459;4.504864865;9.563243243,0.2175216894;0.2763551346;0.1186959497;0.05713954076;0.109597419;0.09173469237;0.3844182757;0.3905665047;0.1557348728;0.3935608391;0.05955316172;0.2741626067,0.1348648649;0.1083783784;0.2062162162;0.2245945946;0.1943243243;0.2108108108;0.04918918919;0.03648648649;0.1851351351;0.02891891892;0.2062162162;0.1235135135,7.7097469;12.5482139;0.8789529963;0.2139841101;0.732232291;0.3673358894;23.9896348;23.9869663;3.680413806;23.99805703;0.241873434;16.95821811,Known transition,8.0,2
Known-Transition Safe,2,18,326.3972972972973,21.407297297297298,19.145608108108103,31.0,54.0,44.825225225225225,0.025585585585585584,0.006238738738738738,0.1561936936936937,0.04216216216216216,0.8462320030939564,21.0,96.0,0.04540540540540541,504,11100,0.18761349998939758,0.38995407189188436,23.998830160981296,0.4064864864864865,True,True,0.95;0.2298402862;0.2514208534;0.95;0.8064515181;0.2889292384;0.86964094;0.95;0.4229897239;0.9113191376;0.93510967;0.8418183031,0.2641897105;1.968390267;1.804941085;0.3377909827;0.5254308787;1.582364629;0.451552802;0.2372894534;1.10910177;0.3983676074;0.3641087485;0.4846132827,4.415135135;21.4072973;17.29513514;4.472702703;6.235135135;16.50675676;5.608378378;4.583783784;10.21783784;4.678918919;5.260540541;6.078918919,0.06847511685;0.3899540719;0.3863549565;0.08481292512;0.1360439951;0.3707865225;0.1216751739;0.0611821996;0.3069514088;0.09829989881;0.09584916784;0.1309765629,0.2202702703;0.04216216216;0.05216216216;0.2116216216;0.1816216216;0.06351351351;0.192972973;0.2110810811;0.1013513514;0.1986486486;0.2037837838;0.1951351351,0.2641897105;23.99883016;23.9927023;0.3377909827;2.257755816;23.98877293;1.121739228;0.2372894534;23.23712392;0.3983676074;0.3641087485;2.584531309,Known transition,8.0,2
Known-Transition Safe,2,19,498.57675675675677,26.601891891891892,24.770986486486485,39.0,66.0,55.46801801801802,0.04488738738738739,0.013355855855855856,0.09763513513513515,0.033783783783783786,0.8086462927419446,34.0,135.0,0.06378378378378378,708,11100,0.29062097116400104,0.3858570380588825,23.996876485050194,0.4064864864864865,True,True,0.8339118425;0.4218873338;0.3658373363;0.3670076204;0.481511622;0.1930715746;0.2120595117;0.3057773787;0.5446939528;0.4653449839;0.3623629999;0.8770434254,0.4938172966;1.111838862;1.270411673;1.266646367;0.9794527448;2.342239302;2.1308523;1.500722279;0.8655191693;1.012509865;1.281724896;0.4425090154,5.713783784;11.82135135;14.26081081;11.81216216;10.44648649;23.27297297;26.60189189;15.00135135;8.987297297;10.31135135;13.08567568;5.446486486,0.1303944591;0.2842701524;0.333053871;0.3495259301;0.2686877124;0.3823547402;0.3858570381;0.3703133623;0.2502987868;0.2876075318;0.3394838913;0.1056041785,0.1840540541;0.08648648649;0.07675675676;0.08621621622;0.1067567568;0.03459459459;0.03378378378;0.06324324324;0.1286486486;0.1081081081;0.07567567568;0.1872972973,1.150538373;18.69068245;23.98499219;23.93274466;15.26029881;23.99135023;23.99687649;23.98450662;12.5034984;14.53776635;23.99179083;0.7825811388,Known transition,8.0,2
Known-Transition Safe,4,0,382.64351351351354,22.21135135135135,19.914878378378376,33.0,57.0,48.14369369369369,0.029572072072072072,0.008243243243243244,0.1411936936936937,0.04675675675675676,0.8285658765383249,26.0,125.0,0.03720720720720721,413,11100,0.21780343682210268,0.39344198213284043,23.998677685145807,0.4064864864864865,True,True,0.95;0.2315765095;0.95;0.8081176242;0.6281327393;0.795200025;0.3394136806;0.9476946562;0.5005847781;0.95;0.23436609;0.2528380647,0.3369544871;1.95400716;0.2191119648;0.5235225351;0.7414402559;0.5383055036;1.361973486;0.3438720469;0.9427001774;0.2738400263;1.931388168;1.795260579,4.735945946;22.21135135;4.898918919;6.021891892;8.564864865;6.328648649;13.77135135;5.254054054;10.92135135;4.697567568;18.03594595;16.89783784,0.08542251592;0.3934419821;0.05649535524;0.1388042181;0.2070021039;0.1514529809;0.3828249799;0.0830869216;0.2713447808;0.06342727095;0.3873216272;0.3930165052,0.2108108108;0.04675675676;0.2075675676;0.1924324324;0.1427027027;0.1910810811;0.08054054054;0.1948648649;0.1164864865;0.202972973;0.04972972973;0.05837837838,0.3369544871;23.99867769;0.2191119648;1.358747886;8.291849213;1.397971547;23.96220855;0.3438720469;13.05290479;0.2738400263;23.99858589;23.99428066,Known transition,8.0,4
Known-Transition Safe,4,1,535.5224324324324,30.04216216216216,27.430405405405402,49.0,83.0,69.60135135135135,0.0763963963963964,0.02822072072072072,0.12162162162162164,0.03216216216216216,0.7051416725380111,33.0,162.0,0.1263063063063063,1402,11100,0.27868242039799257,0.39988376297872086,23.998581329000118,0.4064864864864865,True,True,0.5605092249;0.2181252996;0.2316669551;0.3707979081;0.95;0.95;0.2020086086;0.95;0.325972712;0.8362721814;0.2993435181;0.2334007936,0.8400796556;2.072097608;1.953264399;1.254604531;0.2976063768;0.2276934429;2.237061952;0.2579608484;1.414030367;0.4910760745;1.530799061;1.939147999,8.902162162;25.29351351;22.17918919;12.85621622;4.172432432;3.954594595;30.04216216;4.464054054;14.25648649;5.926486486;14.87810811;23.45216216,0.2692795869;0.3920184665;0.3954040634;0.3743468654;0.07665375055;0.06356954772;0.3899743133;0.06588459506;0.3894316064;0.1421466151;0.3855958715;0.399883763,0.147027027;0.04243243243;0.0427027027;0.09432432432;0.2191891892;0.2467567568;0.03216216216;0.2243243243;0.0827027027;0.2067567568;0.07432432432;0.04675675676,6.764699682;23.99590823;23.99858133;23.62426668;0.2976063768;0.2276934429;23.98665517;0.2579608484;23.99615604;0.8553803727;23.94910699;23.99349984,Known transition,8.0,4
Known-Transition Safe,4,2,423.92972972972973,26.49810810810811,23.46166216216216,38.0,60.0,51.90855855855856,0.04054054054054054,0.009954954954954956,0.13074324324324324,0.03135135135135135,0.8245111585652839,28.0,129.0,0.06315315315315315,701,11100,0.2384623035390435,0.3983915926314264,23.999013945593607,0.4064864864864865,True,True,0.2983974043;0.4720337023;0.7619171253;0.95;0.6042558466;0.7527600943;0.6803453125;0.2438339011;0.7053294905;0.1925045361;0.95;0.2931742638,1.535332493;0.9986066978;0.5764720931;0.328976203;0.7746227687;0.5870535051;0.6736618433;1.858825842;0.6430324214;2.34929577;0.2710575607;1.560894842,15.26972973;9.402702703;6.675135135;4.946486486;9.423513514;6.841351351;7.576756757;20.9772973;7.441621622;26.49810811;5.006216216;15.48702703,0.3792686212;0.2574785918;0.1514407769;0.08162166333;0.2261061055;0.1602497406;0.174605867;0.3983915926;0.17813736;0.3930308329;0.06761787257;0.3935986182,0.06513513514;0.1262162162;0.1810810811;0.2037837838;0.1402702703;0.1748648649;0.1613513514;0.04486486486;0.1672972973;0.03135135135;0.2064864865;0.06621621622,23.98331232;10.73033489;1.717665117;0.328976203;7.390946448;1.335267526;3.031265807;23.97718519;2.273356636;23.99436549;0.2710575607;23.99901395,Known transition,8.0,4
Known-Transition Safe,4,3,514.3383783783784,22.357567567567568,21.013486486486485,43.0,64.0,57.06261261261261,0.05952702702702703,0.013378378378378379,0.10684684684684685,0.047837837837837835,0.7144010424007315,36.0,142.0,0.10558558558558559,1172,11100,0.31531900475069613,0.39693390193464523,23.99871619886818,0.4064864864864865,True,True,0.2469621281;0.8215561338;0.8932287906;0.3220866759;0.225348274;0.2465631425;0.4834834838;0.2778755806;0.2645088005;0.3014458345;0.9387067142;0.2969367479,1.836175919;0.5080937316;0.4222105672;1.429873819;2.006740312;1.839030251;0.9755450403;1.641436133;1.719737046;1.520828652;0.3585144156;1.542388958,17.49756757;5.664864865;4.624864865;13.18837838;19.91378378;22.35756757;9.945405405;15.63351351;18.14189189;16.30459459;4.591081081;16.98081081,0.3930408993;0.1461112785;0.114567408;0.393022074;0.3942973531;0.3921607751;0.309010483;0.3890647266;0.3969339019;0.3847285455;0.09321374806;0.3776768639,0.05378378378;0.2067567568;0.2245945946;0.08378378378;0.04783783784;0.04783783784;0.1364864865;0.06945945946;0.05702702703;0.06675675676;0.2197297297;0.06810810811,23.99434167;1.621405973;0.5332634034;23.99804451;23.99767838;23.9956318;18.75715738;23.98893437;23.9987162;23.98667143;0.3585144156;23.99861981,Known transition,8.0,4
Known-Transition Safe,4,4,468.35297297297296,20.25945945945946,19.93391891891892,37.0,55.0,48.59639639639639,0.03822072072072072,0.006013513513513514,0.10355855855855856,0.04594594594594595,0.8669534859383761,34.0,112.0,0.03918918918918919,435,11100,0.28199960540602936,0.3918452634344251,23.997933097420248,0.4064864864864865,True,True,0.662118963;0.6741961796;0.3640876;0.2460798207;0.2372011855;0.4128728207;0.5024050881;0.4159209977;0.2309431598;0.4380235493;0.7287104513;0.5641011845,0.6966749552;0.6813572012;1.27608378;1.842501298;1.908996959;1.13470463;0.9393093506;1.126874486;1.959226317;1.072981387;0.6151471375;0.8344446437,7.592432432;7.97;13.76621622;18.74189189;20.25945946;11.63756757;10.18351351;12.15405405;19.66756757;12.67054054;7.587297297;8.741891892,0.1871607853;0.1766004205;0.3210902701;0.3879212192;0.3802515564;0.3180239734;0.2607218116;0.2774547721;0.3918452634;0.2981148287;0.1586082079;0.2262021561,0.1559459459;0.1532432432;0.08324324324;0.04972972973;0.04594594595;0.1013513514;0.1162162162;0.09567567568;0.04675675676;0.09648648649;0.1605405405;0.1375675676,4.230174059;3.18307242;21.25202145;23.99257917;23.9979331;14.35938798;9.204115063;17.10497123;23.99644225;18.70869711;1.7211771;5.020003587,Known transition,8.0,4
Known-Transition Safe,4,5,438.90054054054053,27.458108108108107,22.646351351351345,38.0,66.0,56.288738738738736,0.04123873873873874,0.013581081081081081,0.12497747747747746,0.04081081081081081,0.813376558936026,29.0,170.0,0.04441441441441441,493,11100,0.2527814029495985,0.38782283358505365,23.992727939271898,0.4064864864864865,True,True,0.9411489522;0.4821824971;0.3825098869;0.7544254172;0.3523107703;0.8677360717;0.95;0.2189202535;0.8265150398;0.3376263363;0.2625732011;0.2699141276,0.3546353857;0.9781203331;1.218803669;0.5851252029;1.315645181;0.4538598372;0.2241414152;2.064668323;0.5023771293;1.368663091;1.731770293;1.687095206,4.928648649;9.95027027;11.92405405;6.777837838;13.34864865;6.061891892;4.749459459;27.45810811;5.912702703;13.02297297;18.02945946;18.70945946,0.08655020358;0.2757241912;0.3462061233;0.1511837011;0.3449123852;0.1135876241;0.05518725116;0.3878228336;0.1326547176;0.3732381241;0.3819255565;0.3843841239,0.2078378378;0.1205405405;0.09162162162;0.1759459459;0.08891891892;0.1794594595;0.2062162162;0.04081081081;0.1872972973;0.08486486486;0.05486486486;0.06135135135,0.3546353857;10.00924899;23.69233022;1.69587642;23.95096868;0.6692991862;0.2241414152;23.99272794;0.9309026806;23.97315266;23.95779791;23.98704658,Known transition,8.0,4
Known-Transition Safe,4,6,313.12702702702705,16.167837837837837,15.661243243243241,28.0,46.0,39.07072072072072,0.016531531531531533,0.002635135135135135,0.14927927927927928,0.0645945945945946,0.9073289230056453,23.0,77.0,0.006666666666666667,74,11100,0.17826705194679482,0.366792280410691,23.986439269722634,0.4064864864864865,True,True,0.6600953202;0.4082536129;0.95;0.8542797728;0.5796663152;0.95;0.7238759829;0.298421524;0.95;0.3698913443;0.95;0.5870736138,0.6992694381;1.146768836;0.2551559305;0.4699577518;0.8105930222;0.2156180293;0.6208604762;1.535216558;0.2628816135;1.257463669;0.2571157349;0.7995478023,8.19027027;13.15783784;4.829189189;5.855405405;9.41972973;4.724324324;7.745675676;16.16783784;4.450810811;15.24675676;4.634594595;8.899189189,0.1973073766;0.3198555241;0.05875482508;0.1169813755;0.2063726019;0.04994179759;0.1401131075;0.3667922804;0.05996542751;0.3490311318;0.06080439676;0.2132847786,0.1508108108;0.09405405405;0.2;0.1875675676;0.1310810811;0.1967567568;0.1427027027;0.06459459459;0.2021621622;0.07972972973;0.2013513514;0.1405405405,4.883197077;15.66242644;0.2551559305;0.6798310071;4.158895334;0.2156180293;1.629465239;23.98643927;0.2628816135;23.96274746;0.2571157349;4.393217035,Known transition,8.0,4
Known-Transition Safe,4,7,372.8781081081081,28.44054054054054,22.75086486486486,35.0,68.0,55.236936936936935,0.0363063063063063,0.013243243243243243,0.15349099099099098,0.033243243243243244,0.8407519686541728,23.0,237.0,0.055135135135135134,612,11100,0.1958260223117649,0.3951925259469936,23.99935184762249,0.4064864864864865,True,True,0.95;0.8194645516;0.5139536145;0.1957148488;0.2668165055;0.95;0.9166527097;0.2817874583;0.4060368001;0.95;0.95;0.8957240492,0.2129344738;0.5105004868;0.9182376412;2.309972111;1.705631049;0.2143947682;0.3910280632;1.619983796;1.152645744;0.2643493157;0.2202876177;0.4190042049,4.861351351;5.527837838;9.952162162;28.44054054;18.09567568;4.756756757;5.245405405;17.16135135;11.72054054;4.687297297;4.542162162;5.151891892,0.05237037059;0.1279010679;0.2839091518;0.3951925259;0.3872243462;0.05255569047;0.1019843462;0.3883582776;0.3286598;0.06565865435;0.05602449954;0.1100735371,0.2078378378;0.192972973;0.1308108108;0.03324324324;0.06054054054;0.2072972973;0.2064864865;0.06594594595;0.1056756757;0.207027027;0.217027027;0.207027027,0.2129344738;0.8420019473;10.74712924;23.99442212;23.99844559;0.2143947682;0.3910280632;23.99935185;15.47408083;0.2643493157;0.2202876177;0.5140252297,Known transition,8.0,4
Known-Transition Safe,4,8,415.8764864864865,23.625945945945947,23.010689189189186,37.0,63.0,53.41081081081081,0.04063063063063063,0.011103603603603603,0.1386711711711712,0.03486486486486486,0.7999150426609835,25.599999999999454,141.0,0.06432432432432432,714,11100,0.22978606056665618,0.39410450905865646,23.998591499903377,0.4064864864864865,True,True,0.924502767;0.7675714746;0.2938168902;0.223720696;0.8564804989;0.95;0.4732619221;0.198994158;0.3554966144;0.365156396;0.95;0.8950142286,0.3798996382;0.5699618165;1.557699888;2.021057334;0.4673466129;0.2347890628;0.9960890923;2.271318822;1.304697623;1.272612991;0.2590903055;0.4199186836,4.737567568;6.811081081;16.72297297;22.5072973;5.672702703;4.527837838;10.80783784;23.62594595;12.23135135;13.78216216;4.428108108;4.692972973,0.09764447457;0.1597433524;0.3835309725;0.3818159666;0.1172155829;0.05907800473;0.288058197;0.3941045091;0.3522683581;0.3453252547;0.06470255196;0.1139455023,0.2105405405;0.1808108108;0.0627027027;0.0427027027;0.1913513514;0.2127027027;0.1210810811;0.03486486486;0.08810810811;0.09;0.2156756757;0.2135135135,0.3798996382;1.749427248;23.99259576;23.98010421;0.6693864514;0.2347890628;13.8983164;23.9985915;23.99724593;23.98994317;0.2590903055;0.4995934181,Known transition,8.0,4
Known-Transition Safe,4,9,526.5567567567567,28.848108108108107,26.32732432432432,46.0,76.0,63.7509009009009,0.06731981981981983,0.022342342342342343,0.12240990990990991,0.033243243243243244,0.7473330086878097,30.0,152.0,0.13585585585585586,1508,11100,0.2601793942501867,0.39887426255788255,23.999493627995992,0.4064864864864865,True,True,0.3257577326;0.6871221964;0.2523803769;0.1963495047;0.5437054116;0.2493362779;0.95;0.4363495231;0.95;0.6652629851;0.95;0.2127973752,1.414897118;0.6652565043;1.798374164;2.302374716;0.8671448273;1.819394726;0.209506079;1.076896197;0.2790122724;0.6926602831;0.247425482;2.123503268,15.83081081;7.673513514;20.73783784;28.84810811;9.465675676;21.94108108;4.176756757;9.976216216;4.658108108;7.250810811;4.397837838;24.26486486,0.3812574125;0.1789000599;0.3898097513;0.3957595458;0.2662368983;0.3943661001;0.05305599891;0.3251062302;0.07193992104;0.2040539753;0.06279257502;0.3988742626,0.07243243243;0.1608108108;0.04405405405;0.03324324324;0.1332432432;0.04675675676;0.2197297297;0.1205405405;0.2156756757;0.1667567568;0.2191891892;0.03648648649,23.98098759;4.500899598;23.99677052;23.99949363;8.212910337;23.9977866;0.209506079;23.19825279;0.2790122724;2.448621982;0.247425482;23.99267976,Known transition,8.0,4
Known-Transition Safe,4,10,567.2402702702702,31.264864864864865,28.053459459459454,49.0,83.0,69.66576576576577,0.07801801801801801,0.028896396396396396,0.09972972972972975,0.0327027027027027,0.7792933985283432,37.0,185.0,0.10756756756756757,1194,11100,0.30803206924985155,0.3992110733966348,23.999080823852445,0.4064864864864865,True,True,0.2210551088;0.5230742899;0.4621770162;0.8877431859;0.3493760462;0.4491418585;0.5565464418;0.34857734;0.2223217792;0.6900300697;0.2104662511;0.2177243916,2.045012567;0.9021077578;1.019211399;0.4291816563;1.325898395;1.047619095;0.8463561798;1.328717478;2.03354937;0.6616731043;2.146920017;2.075867389,19.73837838;11.02243243;11.35783784;5.267027027;15.48108108;11.02621622;9.704324324;13.72675676;22.51;7.217027027;25.42594595;31.26486486,0.3885523877;0.2733142693;0.2873074296;0.10973131;0.3350581078;0.3239124985;0.2445283125;0.3594719448;0.3968169312;0.1829436718;0.3992110734;0.3955368944,0.05189189189;0.1186486486;0.1162162162;0.2105405405;0.07756756757;0.1210810811;0.1413513514;0.08243243243;0.04405405405;0.1635135135;0.03675675676;0.0327027027,23.99589223;8.161124977;12.08372436;0.5167266252;23.89491973;14.36190651;12.65424719;23.88355071;23.98719018;3.001750357;23.99908082;23.99321517,Known transition,8.0,4
Known-Transition Safe,4,11,436.2081081081081,25.322702702702703,22.69563513513513,38.0,63.0,52.9509009009009,0.043018018018018016,0.011824324324324325,0.11684684684684687,0.036216216216216214,0.8468002904536642,31.0,104.0,0.033063063063063065,367,11100,0.2562393987057125,0.39103704267012235,23.995356387257225,0.4064864864864865,True,True,0.95;0.2935060875;0.6227889451;0.4312530983;0.6153269509;0.4183303984;0.9434799305;0.4987828682;0.6260188518;0.4351735249;0.2492611008;0.2092716103,0.3358641596;1.559243329;0.7487311135;1.088976442;0.7590395275;1.120756955;0.3508668233;0.9460759936;0.7443154627;1.079661914;1.819920828;2.159149808,4.908918919;14.66864865;8.101351351;11.43486486;9.291621622;12.97189189;5.07027027;11.2427027;9.804054054;11.26756757;20.54621622;25.3227027,0.07833804588;0.3573617142;0.1977054859;0.3190406658;0.1957091106;0.3165381128;0.08572529954;0.2602987464;0.1824578715;0.3043479397;0.3910370427;0.3863127494,0.1983783784;0.07054054054;0.1564864865;0.102972973;0.1375675676;0.09621621622;0.2;0.1108108108;0.1343243243;0.1081081081;0.05054054054;0.03621621622,0.3358641596;23.99535639;7.908126746;19.49370433;5.694067242;19.569959;0.3508668233;14.74405183;8.56241027;16.2305336;23.99524965;23.98724712,Known transition,8.0,4
Known-Transition Safe,4,12,471.94756756756755,21.086216216216215,20.270729729729727,38.0,58.0,51.42072072072072,0.04,0.008738738738738738,0.10840090090090089,0.047837837837837835,0.8421801081918404,33.0,113.0,0.033963963963963964,377,11100,0.27726980033169485,0.3894611320756274,23.9994052379981,0.4064864864864865,True,True,0.2277146089;0.9318683167;0.4490225566;0.364868936;0.3264467419;0.2532754659;0.5108922966;0.7249468559;0.885090931;0.3371942215;0.4510893652;0.3770521179,1.986329388;0.369039043;1.047885528;1.273544601;1.412123145;1.792296255;0.9237509324;0.6195927545;0.4325165816;1.370290719;1.043286736;1.235229773,19.60351351;5.029459459;12.09108108;13.47135135;14.48621622;21.08621622;10.14756757;7.051351351;5.740540541;15.64513514;12.16243243;12.85216216,0.3854552705;0.08547742158;0.3135160216;0.3531504759;0.3595189197;0.3894611321;0.2451684907;0.1493720911;0.1064925962;0.3510907031;0.272382429;0.3161520526,0.05135135135;0.1964864865;0.1075675676;0.08486486486;0.08;0.04783783784;0.12;0.16;0.1862162162;0.07513513514;0.1027027027;0.08864864865,23.9934339;0.369039043;23.95484878;23.99469485;23.75157121;23.99940524;8.227516783;1.756742036;0.5625829082;23.81744312;14.23888167;19.28074432,Known transition,8.0,4
Known-Transition Safe,4,13,336.4818918918919,26.284864864864865,19.645770270270262,30.0,57.0,47.244144144144144,0.02364864864864865,0.008963963963963964,0.15022522522522522,0.03945945945945946,0.8931865427570077,23.0,156.0,0.03576576576576577,397,11100,0.1836570593883454,0.3918871781201917,23.991444801722317,0.4064864864864865,True,True,0.931036637;0.7159624459;0.6775674106;0.3509019354;0.95;0.7562371291;0.2357345475;0.5713184825;0.95;0.8385292043;0.9458583108;0.3749843981,0.3702883284;0.6302691506;0.6771299559;1.320546841;0.2764601871;0.5830294735;1.920506701;0.8232731646;0.2265612916;0.488449848;0.3469497415;1.241568686,5.718108108;7.166216216;8.743513514;14.21378378;4.994864865;6.434324324;26.28486486;9.13972973;4.711891892;5.904324324;5.196486486;12.46783784,0.09047044565;0.1711947288;0.1663543594;0.3469112242;0.06821841915;0.1493816056;0.3918871781;0.2409742803;0.05633415899;0.1251487719;0.07285944571;0.3241500948,0.1864864865;0.1643243243;0.1437837838;0.07891891892;0.2067567568;0.1708108108;0.03945945946;0.1381081081;0.2132432432;0.1889189189;0.1797297297;0.09216216216,0.3702883284;2.072422356;3.32555947;23.97796516;0.2764601871;1.464235788;23.9914448;8.60510228;0.2265612916;0.9306990882;0.3469497415;19.48627774,Known transition,8.0,4
Known-Transition Safe,4,14,469.25,23.94810810810811,21.091527027027023,38.0,61.0,51.66981981981982,0.04123873873873874,0.010292792792792793,0.11036036036036036,0.0372972972972973,0.8407851904145586,33.0,103.0,0.043153153153153156,479,11100,0.27305744498324186,0.399731563530639,23.99598236154746,0.4064864864864865,True,True,0.3969158517;0.64914127;0.685168137;0.2123384503;0.8391928019;0.2547057577;0.6450583303;0.3536782427;0.3495021855;0.2638904463;0.8142278578;0.4332858251,1.177446822;0.7134614509;0.6676722331;2.128067317;0.4876767217;1.782678959;0.7188179662;1.310923092;1.325454306;1.723560971;0.5165166625;1.084128614,12.09297297;8.238108108;7.66972973;23.94810811;6.002162162;18.75432432;8.168648649;14.08648649;14.08540541;18.22054054;5.954864865;12.09783784,0.322365846;0.196876795;0.1851437057;0.3997315635;0.1211283533;0.3835168788;0.202046131;0.3426115216;0.3446181197;0.3652085949;0.1242431972;0.289198633,0.09621621622;0.1497297297;0.1516216216;0.0372972973;0.1794594595;0.05540540541;0.1467567568;0.08;0.08324324324;0.05891891892;0.1837837838;0.1018918919,17.14297922;7.317304979;3.215083496;23.99598236;0.750706887;23.9939914;3.34463356;19.63692368;23.96543327;23.99585338;0.9321332999;13.89211566,Known transition,8.0,4
Known-Transition Safe,4,15,416.8521621621622,28.22,23.163121621621613,37.0,65.0,54.46036036036036,0.039009009009009006,0.012567567567567568,0.13495495495495494,0.03,0.8392067416154736,27.0,145.0,0.06423423423423423,713,11100,0.2334471112081414,0.40151602309572343,23.992579651628304,0.4064864864864865,True,True,0.95;0.6682774533;0.3936552323;0.8783623152;0.2542081145;0.6112416568;0.1961261937;0.2603661895;0.4858854259;0.9440218225;0.777121657;0.6438927182,0.2609434761;0.6888292002;1.186565108;0.4408835581;1.786011998;0.7647485898;2.305041448;1.74572184;0.9708198352;0.349980936;0.5589976316;0.7203540735,4.478378378;6.948378378;11.8072973;5.758648649;19.02567568;8.135675676;28.22;18.00621622;10.07;4.847837838;7.16;8.609189189,0.06326116163;0.1939891964;0.3364072427;0.1055737385;0.3909918159;0.2166098708;0.3924800303;0.4015160231;0.286785427;0.08418460353;0.1424688558;0.1870973688,0.2132432432;0.1743243243;0.1051351351;0.1859459459;0.05162162162;0.1627027027;0.03;0.05513513514;0.1297297297;0.2027027027;0.1651351351;0.1437837838,0.2609434761;3.243608803;17.75207841;0.6044177903;23.99257965;7.553966155;23.99157501;23.98047589;11.41213555;0.349980936;1.589976316;2.884957029,Known transition,8.0,4
Known-Transition Safe,4,16,502.4572972972973,25.537567567567567,24.857945945945943,44.0,74.0,62.806306306306304,0.06195945945945946,0.02123873873873874,0.12407657657657657,0.03513513513513514,0.7766481022956622,30.0,129.0,0.1090990990990991,1211,11100,0.2685763917991775,0.39812855960190774,23.992514211306432,0.4064864864864865,True,True,0.3932789834;0.7735119064;0.901603995;0.8416273572;0.2260479039;0.7045979448;0.6624829137;0.1982197585;0.7522839954;0.3841282698;0.2247729528;0.2144342016,1.187626136;0.5631378354;0.4113518347;0.4848363331;2.00065631;0.6439160289;0.6962092138;2.280313362;0.5876051337;1.214015836;2.011774821;2.107404393,13.83945946;6.82027027;5.010810811;5.817837838;20.21675676;6.03;7.244864865;25.53756757;6.420540541;12.01378378;24.30189189;22.48783784,0.3444115794;0.1698545471;0.1077297102;0.1170159042;0.3903983394;0.1787302059;0.2082982702;0.397514086;0.1684997424;0.3497678057;0.3925679515;0.3981285596,0.09540540541;0.1854054054;0.2102702703;0.1794594595;0.04945945946;0.1843243243;0.1740540541;0.03513513514;0.1897297297;0.102972973;0.04135135135;0.04135135135,23.98332498;1.883929696;0.4454073388;0.7393453325;23.80279983;2.614824404;6.9900672;23.98726247;1.801682139;23.9848868;23.98891298;23.99251421,Known transition,8.0,4
Known-Transition Safe,4,17,420.9789189189189,31.31810810810811,27.23889189189189,43.0,80.0,65.08243243243243,0.05551801801801802,0.022725225225225226,0.1465765765765766,0.031621621621621625,0.8135867592518321,24.0,196.0,0.08144144144144144,904,11100,0.2119545537943348,0.40004163137426285,23.998057027533097,0.4064864864864865,True,True,0.6058267012;0.4606290406;0.8627452041;0.95;0.8920394043;0.9329954481;0.2434414901;0.2237143759;0.7874097494;0.2072792387;0.95;0.5223938409,0.772389876;1.022513998;0.4598691245;0.2139841101;0.4237308779;0.3673358894;1.861711545;2.021113381;0.5472165522;2.179902851;0.241873434;0.9032962107,8.143513514;10.85297297;4.786756757;4.051891892;5.215135135;4.867567568;23.90135135;22.85864865;6.617297297;31.31810811;4.460810811;9.144864865,0.212929101;0.281329527;0.1180745049;0.05713954076;0.1099409845;0.09282677204;0.3964942425;0.3916589984;0.1523332564;0.4000416314;0.05896482094;0.2717212656,0.1435135135;0.1167567568;0.2094594595;0.2286486486;0.2;0.2113513514;0.04756756757;0.03891891892;0.1897297297;0.03162162162;0.2081081081;0.1332432432,6.937357024;9.382737968;0.6394764981;0.2139841101;0.4949235117;0.3673358894;23.99590539;23.98465782;1.513815179;23.99805703;0.241873434;11.84832948,Known transition,8.0,4
Known-Transition Safe,4,18,336.9637837837838,24.62135135135135,20.80197297297297,32.0,57.0,48.39009009009009,0.026824324324324324,0.008626126126126126,0.15954954954954956,0.04216216216216216,0.8516957114895412,21.0,188.0,0.04054054054054054,450,11100,0.188517396145773,0.3926140587397143,23.996490482943884,0.4064864864864865,True,True,0.95;0.2298402862;0.2514208534;0.95;0.8064515181;0.2889292384;0.86964094;0.95;0.4229897239;0.9113191376;0.93510967;0.8418183031,0.2641897105;1.968390267;1.804941085;0.3377909827;0.5254308787;1.582364629;0.451552802;0.2372894534;1.10910177;0.3983676074;0.3641087485;0.4846132827,4.512432432;24.62135135;17.67702703;4.485405405;6.330810811;14.82540541;5.504324324;4.487027027;10.7027027;4.70972973;5.213243243;6.202432432,0.06854651947;0.3926140587;0.3897697099;0.08453904054;0.1350499367;0.3699311903;0.119234348;0.06105393503;0.318641941;0.09937656802;0.09496349791;0.1284880082,0.2186486486;0.04216216216;0.05324324324;0.2135135135;0.1864864865;0.07162162162;0.1975675676;0.217027027;0.1062162162;0.2056756757;0.2064864865;0.1959459459,0.2641897105;23.99649048;23.98798908;0.3377909827;0.9017235147;23.95429695;0.65776401;0.2372894534;19.63712392;0.3983676074;0.3641087485;1.584585958,Known transition,8.0,4
Known-Transition Safe,4,19,504.0162162162162,26.64675675675676,25.426054054054053,40.0,68.0,57.41171171171171,0.047747747747747746,0.014414414414414415,0.1038963963963964,0.034594594594594595,0.8270556871034035,34.0,153.0,0.049189189189189186,546,11100,0.2920738343951634,0.3899511919532432,23.996876485050137,0.4064864864864865,True,True,0.8339118425;0.4218873338;0.3658373363;0.3670076204;0.481511622;0.1930715746;0.2120595117;0.3057773787;0.5446939528;0.4653449839;0.3623629999;0.8770434254,0.4938172966;1.111838862;1.270411673;1.266646367;0.9794527448;2.342239302;2.1308523;1.500722279;0.8655191693;1.012509865;1.281724896;0.4425090154,5.974594595;12.41135135;14.44;12.06135135;10.82702703;26.64675676;24.4272973;14.80378378;9.407567568;9.783783784;13.00783784;5.484324324,0.1277251764;0.2902800921;0.3478181148;0.3553456566;0.2641875241;0.389951192;0.3875847561;0.3739637679;0.2465560012;0.2821345055;0.3363661821;0.1029730439,0.1875675676;0.09702702703;0.08297297297;0.09432432432;0.1137837838;0.03459459459;0.03810810811;0.06891891892;0.137027027;0.1191891892;0.08378378378;0.1894594595,0.7752691863;12.99597156;23.83816572;23.06500213;14.54248783;23.99288744;23.99687649;23.97295016;9.906940894;8.862707158;22.35729291;0.5700360617,Known transition,8.0,4
Known-Transition Safe,8,0,391.23432432432435,19.80837837837838,19.461581081081082,36.0,61.0,50.59279279279279,0.0361036036036036,0.010472972972972974,0.14567567567567566,0.05081081081081081,0.8345171161785998,25.0,109.0,0.03504504504504505,389,11100,0.21841909846630445,0.4007797941559755,23.998585887437777,0.4064864864864865,True,True,0.95;0.2315765095;0.95;0.8081176242;0.6281327393;0.795200025;0.3394136806;0.9476946562;0.5005847781;0.95;0.23436609;0.2528380647,0.3369544871;1.95400716;0.2191119648;0.5235225351;0.7414402559;0.5383055036;1.361973486;0.3438720469;0.9427001774;0.2738400263;1.931388168;1.795260579,4.578378378;19.80837838;4.863513514;6.388108108;8.615135135;6.248108108;14.39513514;5.115405405;11.4672973;4.627837838;19.17783784;18.89513514,0.08469396568;0.391857652;0.05655457469;0.1392286958;0.2019923724;0.1479612695;0.3865059894;0.08327279838;0.2687969425;0.0652775414;0.3941075857;0.4007797942,0.212972973;0.05081081081;0.2140540541;0.1937837838;0.1467567568;0.1945945946;0.08567567568;0.1994594595;0.1264864865;0.2124324324;0.05243243243;0.05864864865,0.3369544871;23.98474212;0.2191119648;0.7705676054;1.765761024;0.9532220145;23.86642066;0.3438720469;5.796703726;0.2738400263;23.99858589;23.99809355,Known transition,8.0,8
Known-Transition Safe,8,1,535.2267567567568,28.725135135135137,27.093418918918918,50.0,84.0,69.66531531531531,0.08036036036036036,0.030675675675675675,0.12245495495495497,0.03,0.7036434156797655,33.0,145.0,0.1236936936936937,1373,11100,0.27958295039177905,0.40302832730096516,23.99946181673495,0.4064864864864865,True,True,0.5605092249;0.2181252996;0.2316669551;0.3707979081;0.95;0.95;0.2020086086;0.95;0.325972712;0.8362721814;0.2993435181;0.2334007936,0.8400796556;2.072097608;1.953264399;1.254604531;0.2976063768;0.2276934429;2.237061952;0.2579608484;1.414030367;0.4910760745;1.530799061;1.939147999,9.523243243;25.75837838;25.47810811;14.15891892;4.218378378;3.911351351;28.72513514;4.399189189;13.99945946;6.022162162;13.99243243;22.30702703,0.2563378192;0.3964986775;0.3975157006;0.3770595239;0.07753852627;0.06369262526;0.3978342607;0.06713953973;0.3917246286;0.1389612568;0.3876645188;0.4030283273,0.1464864865;0.04216216216;0.03756756757;0.09783783784;0.2245945946;0.2464864865;0.03;0.2272972973;0.08378378378;0.2051351351;0.07891891892;0.04918918919,4.040876212;23.99874277;23.99722263;23.80584856;0.2976063768;0.2276934429;23.99405494;0.2579608484;23.99946182;0.7643042981;23.98634551;23.98376792,Known transition,8.0,8
Known-Transition Safe,8,2,436.23945945945945,26.107027027027026,23.8055,38.0,67.0,56.02612612612613,0.04378378378378378,0.014099099099099099,0.13463963963963965,0.03351351351351351,0.8277940264360515,28.0,171.0,0.0590990990990991,656,11100,0.2396031772283315,0.40203588760444586,23.999999335120002,0.4064864864864865,True,True,0.2983974043;0.4720337023;0.7619171253;0.95;0.6042558466;0.7527600943;0.6803453125;0.2438339011;0.7053294905;0.1925045361;0.95;0.2931742638,1.535332493;0.9986066978;0.5764720931;0.328976203;0.7746227687;0.5870535051;0.6736618433;1.858825842;0.6430324214;2.34929577;0.2710575607;1.560894842,15.92648649;9.711891892;6.365135135;4.750540541;9.395945946;6.699189189;7.072432432;21.92243243;7.591891892;26.10702703;4.990810811;17.25486486,0.3850779874;0.2698937021;0.1512849736;0.08064362597;0.2196160228;0.1570764784;0.1756982916;0.398893978;0.1746615091;0.3930308329;0.06732483737;0.4020358876,0.06189189189;0.1345945946;0.1848648649;0.2059459459;0.1451351351;0.18;0.1737837838;0.04972972973;0.1672972973;0.03351351351;0.2105405405;0.06837837838,23.99061455;6.752627724;0.9294162793;0.328976203;2.546227687;1.335267526;1.915632903;23.97738176;1.372129686;23.99999934;0.2710575607;23.99274429,Known transition,8.0,8
Known-Transition Safe,8,3,526.9356756756757,22.681081081081082,21.824567567567566,44.0,68.0,59.259009009009006,0.06486486486486487,0.016486486486486488,0.10851351351351352,0.047027027027027025,0.7216680955077684,36.0,128.0,0.09423423423423423,1046,11100,0.31638566541112745,0.3987930771193509,23.999550604747906,0.4064864864864865,True,True,0.2469621281;0.8215561338;0.8932287906;0.3220866759;0.225348274;0.2465631425;0.4834834838;0.2778755806;0.2645088005;0.3014458345;0.9387067142;0.2969367479,1.836175919;0.5080937316;0.4222105672;1.429873819;2.006740312;1.839030251;0.9755450403;1.641436133;1.719737046;1.520828652;0.3585144156;1.542388958,18.50135135;5.562972973;4.583513514;13.05648649;21.12378378;22.68108108;9.983783784;16.93054054;18.54108108;16.27756757;4.747837838;15.95,0.3965147457;0.142952858;0.1146815189;0.3953407883;0.3948397154;0.3981251975;0.3026826233;0.3912828835;0.3987930771;0.3896609628;0.09282616491;0.3789274495,0.05243243243;0.2091891892;0.2267567568;0.08864864865;0.04918918919;0.04702702703;0.1413513514;0.06405405405;0.05918918919;0.07324324324;0.2164864865;0.07459459459,23.99021188;0.7242811947;0.4666317017;23.95246085;23.99722931;23.98737595;10.14407641;23.99552575;23.97896367;23.9995506;0.3585144156;23.95411793,Known transition,8.0,8
Known-Transition Safe,8,4,480.2710810810811,22.05108108108108,21.801945945945945,40.0,61.0,52.99144144144144,0.0481981981981982,0.010427927927927927,0.10704954954954954,0.04297297297297297,0.8708486582745121,34.0,103.0,0.04513513513513513,501,11100,0.2829583055029398,0.3966109490707897,23.997933097420226,0.4064864864864865,True,True,0.662118963;0.6741961796;0.3640876;0.2460798207;0.2372011855;0.4128728207;0.5024050881;0.4159209977;0.2309431598;0.4380235493;0.7287104513;0.5641011845,0.6966749552;0.6813572012;1.27608378;1.842501298;1.908996959;1.13470463;0.9393093506;1.126874486;1.959226317;1.072981387;0.6151471375;0.8344446437,8.219459459;7.939459459;13.25027027;18.86432432;21.59810811;11.84918919;10.1627027;12.21567568;22.05108108;12.42864865;7.772972973;9.016486486,0.1862193326;0.1749430652;0.3214351576;0.3924029791;0.3900545138;0.3143438503;0.2558983312;0.2893326384;0.3966109491;0.2899949696;0.157610672;0.2266532073,0.1578378378;0.1591891892;0.09135135135;0.0527027027;0.04945945946;0.1027027027;0.1218918919;0.1018918919;0.04297297297;0.1024324324;0.1635135135;0.1386486486,1.586699821;1.806786006;15.59551877;23.99257917;23.9979331;8.489978717;4.125496362;8.791238697;23.99497405;7.059627747;1.26058855;2.744446437,Known transition,8.0,8
Known-Transition Safe,8,5,450.48486486486485,26.196216216216218,22.934418918918915,40.0,68.0,56.86981981981982,0.0484009009009009,0.01572072072072072,0.12626126126126128,0.041891891891891894,0.8199082999445032,29.0,157.0,0.04378378378378378,486,11100,0.25515922501874305,0.3928449997753637,23.997445942445758,0.4064864864864865,True,True,0.9411489522;0.4821824971;0.3825098869;0.7544254172;0.3523107703;0.8677360717;0.95;0.2189202535;0.8265150398;0.3376263363;0.2625732011;0.2699141276,0.3546353857;0.9781203331;1.218803669;0.5851252029;1.315645181;0.4538598372;0.2241414152;2.064668323;0.5023771293;1.368663091;1.731770293;1.687095206,4.960540541;10.72810811;11.97243243;6.835675676;13.07432432;6.330810811;4.52972973;26.19621622;6.282972973;14.04783784;20.26567568;18.5772973,0.08501664515;0.2775746891;0.3445590913;0.1489697138;0.3509572415;0.1096623499;0.05464204231;0.3928449998;0.1288529448;0.3876645729;0.3922225691;0.3889438406,0.2056756757;0.1245945946;0.09810810811;0.1789189189;0.09405405405;0.1789189189;0.2091891892;0.04189189189;0.182972973;0.08594594595;0.05405405405;0.06081081081,0.3546353857;6.893684664;12.82055037;0.9553756086;19.04483976;0.5615795117;0.2241414152;23.99744594;0.8095085171;23.96031987;23.99626068;23.98366234,Known transition,8.0,8
Known-Transition Safe,8,6,312.7205405405405,15.814054054054054,15.12789189189189,29.0,46.0,39.72162162162162,0.0175,0.002882882882882883,0.1523873873873874,0.06648648648648649,0.9127576925751745,23.0,83.0,0.00045045045045045046,5,11100,0.1773997600371756,0.36969674416959936,23.811674987561826,0.4064864864864865,True,True,0.6600953202;0.4082536129;0.95;0.8542797728;0.5796663152;0.95;0.7238759829;0.298421524;0.95;0.3698913443;0.95;0.5870736138,0.6992694381;1.146768836;0.2551559305;0.4699577518;0.8105930222;0.2156180293;0.6208604762;1.535216558;0.2628816135;1.257463669;0.2571157349;0.7995478023,8.402702703;13.7372973;4.712702703;5.925675676;9.587027027;4.827837838;7.74027027;15.81405405;4.475675676;14.56648649;4.592702703;9.271081081,0.1882357731;0.3201654616;0.05951339677;0.1159652506;0.2035245723;0.05069937445;0.140784308;0.3696967442;0.06216794913;0.3415543208;0.0621247208;0.2143652486,0.1483783784;0.09945945946;0.2010810811;0.19;0.1332432432;0.1978378378;0.1467567568;0.06648648649;0.2081081081;0.08810810811;0.2059459459;0.1432432432,1.597077752;9.764291128;0.2551559305;0.6098732553;2.127116267;0.2156180293;1.062581429;23.81167499;0.2628816135;18.40898272;0.2571157349;1.998191209,Known transition,8.0,8
Known-Transition Safe,8,7,372.1524324324324,32.51864864864865,24.60295945945945,36.0,74.0,58.68738738738739,0.03795045045045045,0.015157657657657657,0.15702702702702703,0.03216216216216216,0.8431320880545401,22.0,254.0,0.04423423423423423,491,11100,0.19621008491158154,0.39831410988022425,23.998445593946602,0.4064864864864865,True,True,0.95;0.8194645516;0.5139536145;0.1957148488;0.2668165055;0.95;0.9166527097;0.2817874583;0.4060368001;0.95;0.95;0.8957240492,0.2129344738;0.5105004868;0.9182376412;2.309972111;1.705631049;0.2143947682;0.3910280632;1.619983796;1.152645744;0.2643493157;0.2202876177;0.4190042049,4.615675676;5.541621622;9.700810811;32.51864865;18.12648649;4.860810811;5.152432432;15.65162162;11.37648649;4.773513514;4.394864865;5.403783784,0.05225527087;0.1284529603;0.2782011881;0.3983141099;0.3950610294;0.05284541313;0.1006104638;0.3905474449;0.326167593;0.06587299163;0.05679848306;0.1093940708,0.2135135135;0.1956756757;0.1343243243;0.03216216216;0.06081081081;0.2097297297;0.2124324324;0.07135135135;0.1127027027;0.2083783784;0.2240540541;0.2091891892,0.2129344738;0.7315014605;3.846515184;23.99665327;23.99844559;0.2143947682;0.3910280632;23.97742359;14.43730955;0.2643493157;0.2202876177;0.4950210247,Known transition,8.0,8
Known-Transition Safe,8,8,419.46054054054053,25.495135135135136,23.4307027027027,39.0,64.0,54.48828828828829,0.04432432432432432,0.012274774774774774,0.14049549549549548,0.034594594594594595,0.8028586345158796,25.0,128.0,0.04891891891891892,543,11100,0.23130968719579678,0.3960179911574498,23.998591499903192,0.4064864864864865,True,True,0.924502767;0.7675714746;0.2938168902;0.223720696;0.8564804989;0.95;0.4732619221;0.198994158;0.3554966144;0.365156396;0.95;0.8950142286,0.3798996382;0.5699618165;1.557699888;2.021057334;0.4673466129;0.2347890628;0.9960890923;2.271318822;1.304697623;1.272612991;0.2590903055;0.4199186836,4.586756757;6.99;16.28189189;21.74162162;5.664864865;4.641351351;10.42243243;25.49513514;12.52621622;14.19162162;4.266756757;4.659459459,0.09559096301;0.1555841715;0.3885829721;0.3960179912;0.1172155829;0.05939528725;0.2791741591;0.395332249;0.3621417455;0.3487647493;0.06533277162;0.1125836038,0.2145945946;0.1810810811;0.06081081081;0.04324324324;0.1937837838;0.2116216216;0.1281081081;0.03459459459;0.09459459459;0.09135135135;0.217027027;0.2151351351,0.3798996382;1.079847266;23.94367979;23.97947876;0.6020398386;0.2347890628;7.113960032;23.9985915;17.70194355;19.88542354;0.2590903055;0.4398373672,Known transition,8.0,8
Known-Transition Safe,8,9,503.4675675675676,28.054324324324323,25.13397297297297,45.0,74.0,61.84144144144144,0.06367117117117117,0.02123873873873874,0.126509009009009,0.03486486486486486,0.7514131975474789,30.0,122.0,0.10153153153153154,1127,11100,0.2601969081468393,0.40011538987963535,23.999493627996173,0.4064864864864865,True,True,0.3257577326;0.6871221964;0.2523803769;0.1963495047;0.5437054116;0.2493362779;0.95;0.4363495231;0.95;0.6652629851;0.95;0.2127973752,1.414897118;0.6652565043;1.798374164;2.302374716;0.8671448273;1.819394726;0.209506079;1.076896197;0.2790122724;0.6926602831;0.247425482;2.123503268,14.46783784;7.942702703;20.3327027;28.05432432;9.953243243;21.22054054;4.078378378;10.24945946;4.614864865;7.312972973;4.194324324;22.74459459,0.379727794;0.1765626722;0.3922399866;0.4001153899;0.2561592693;0.3968247416;0.05447158053;0.3306362377;0.0721661472;0.1993738382;0.0640631383;0.4000221022,0.07945945946;0.1635135135;0.04837837838;0.03486486486;0.1332432432;0.0472972973;0.2286486486;0.1210810811;0.2191891892;0.1735135135;0.2286486486;0.04027027027,23.87703683;1.726282521;23.98376384;23.99949363;4.674317237;23.98913103;0.209506079;10.42964026;0.2790122724;1.941282265;0.247425482;23.99487595,Known transition,8.0,8
Known-Transition Safe,8,10,602.3172972972973,28.014594594594595,27.922729729729728,52.0,97.0,76.06621621621622,0.08673423423423424,0.03441441441441442,0.10263513513513513,0.033243243243243244,0.7785399749952423,38.0,195.0,0.12153153153153153,1349,11100,0.3087577787004545,0.3992110733966348,23.997242471557815,0.4064864864864865,True,True,0.2210551088;0.5230742899;0.4621770162;0.8877431859;0.3493760462;0.4491418585;0.5565464418;0.34857734;0.2223217792;0.6900300697;0.2104662511;0.2177243916,2.045012567;0.9021077578;1.019211399;0.4291816563;1.325898395;1.047619095;0.8463561798;1.328717478;2.03354937;0.6616731043;2.146920017;2.075867389,21.2027027;12.00432432;11.6172973;5.198108108;16.00432432;10.50918919;9.928918919;14.48108108;27.6372973;7.973513514;27.84756757;28.01459459,0.3940794486;0.2647808176;0.2892356673;0.1103112852;0.347242039;0.312870027;0.2422408634;0.3648586373;0.398465755;0.1840166552;0.3992110734;0.3977810754,0.04945945946;0.1213513514;0.1194594595;0.2132432432;0.08216216216;0.1291891892;0.1454054054;0.08918918919;0.04108108108;0.1691891892;0.03324324324;0.03864864865,23.99589223;4.323185336;7.907382387;0.4875449689;20.5244117;7.428572845;6.219835956;20.82202636;23.99496751;2.755057939;23.99724247;23.99321517,Known transition,8.0,8
Known-Transition Safe,8,11,450.4218918918919,28.00189189189189,24.21105405405405,41.0,66.0,55.87072072072072,0.05029279279279279,0.01445945945945946,0.12004504504504505,0.03783783783783784,0.8507343849907516,32.0,111.0,0.03432432432432433,381,11100,0.2576376967884,0.4018581935364658,23.995249651278325,0.4064864864864865,True,True,0.95;0.2935060875;0.6227889451;0.4312530983;0.6153269509;0.4183303984;0.9434799305;0.4987828682;0.6260188518;0.4351735249;0.2492611008;0.2092716103,0.3358641596;1.559243329;0.7487311135;1.088976442;0.7590395275;1.120756955;0.3508668233;0.9460759936;0.7443154627;1.079661914;1.819920828;2.159149808,5.148108108;15.76324324;7.888378378;11.3127027;9.244594595;13.19162162;5.152972973;11.5027027;9.497297297;11.34189189;21.10945946;28.00189189,0.07969965734;0.3771683187;0.195074809;0.3137429426;0.1926319233;0.3132061327;0.08534598406;0.2546734296;0.1788368774;0.3055151417;0.4018581935;0.3938989514,0.2032432432;0.07027027027;0.1632432432;0.1075675676;0.1413513514;0.09783783784;0.1964864865;0.1154054054;0.1408108108;0.1164864865;0.05;0.03783783784,0.3358641596;23.82476299;2.338580022;7.914963464;2.94463244;12.26422255;0.3508668233;8.41367186;1.554523702;8.952562117;23.99524965;23.98299616,Known transition,8.0,8
Known-Transition Safe,8,12,467.11243243243246,20.675405405405407,20.26691891891892,39.0,58.0,51.616216216216216,0.043243243243243246,0.0084009009009009,0.11326576576576579,0.04675675675675676,0.8535267538159715,33.0,138.0,0.02081081081081081,231,11100,0.2778559293695136,0.39818041115194774,23.999405237997912,0.4064864864864865,True,True,0.2277146089;0.9318683167;0.4490225566;0.364868936;0.3264467419;0.2532754659;0.5108922966;0.7249468559;0.885090931;0.3371942215;0.4510893652;0.3770521179,1.986329388;0.369039043;1.047885528;1.273544601;1.412123145;1.792296255;0.9237509324;0.6195927545;0.4325165816;1.370290719;1.043286736;1.235229773,19.9327027;5.020540541;12.00783784;13.46054054;14.47540541;20.67540541;9.684054054;7.308918919;5.603783784;14.83297297;12.56783784;13.3727027,0.3918974198;0.08637508412;0.3070021386;0.3438570423;0.3637171236;0.3981804112;0.2396759176;0.1495395486;0.1055574252;0.3462761681;0.2743562147;0.3278366586,0.05297297297;0.1975675676;0.117027027;0.09162162162;0.08405405405;0.04675675676;0.1283783784;0.1627027027;0.19;0.08054054054;0.1110810811;0.09648648649,23.98331555;0.369039043;14.79427642;18.17406104;21.64862017;23.99940524;3.485011189;1.278371018;0.4650331633;17.53628025;7.071749032;12.73982523,Known transition,8.0,8
Known-Transition Safe,8,13,325.43,22.274054054054055,17.974986486486483,31.0,53.0,43.795495495495494,0.023153153153153153,0.006058558558558558,0.15436936936936937,0.04432432432432432,0.9035365572005553,22.0,102.0,0.021351351351351352,237,11100,0.18430779575073863,0.39396340158043114,23.972755589016018,0.4064864864864865,True,True,0.931036637;0.7159624459;0.6775674106;0.3509019354;0.95;0.7562371291;0.2357345475;0.5713184825;0.95;0.8385292043;0.9458583108;0.3749843981,0.3702883284;0.6302691506;0.6771299559;1.320546841;0.2764601871;0.5830294735;1.920506701;0.8232731646;0.2265612916;0.488449848;0.3469497415;1.241568686,5.916486486;7.706486486;8.537297297;14.45756757;4.811621622;6.600540541;22.27405405;9.763513514;4.438918919;5.756216216;5.327027027;12.88567568,0.08936958846;0.1694912986;0.1639752542;0.3522647925;0.0678448243;0.1490664546;0.3939634016;0.2354116238;0.05633415899;0.1256768258;0.07407845831;0.3342168679,0.1867567568;0.1654054054;0.1494594595;0.08648648649;0.2075675676;0.1748648649;0.04432432432;0.1408108108;0.2137837838;0.1956756757;0.1867567568;0.1005405405,0.3702883284;1.321076603;1.508519823;19.27663835;0.2764601871;0.9490884205;23.97275559;3.712009622;0.2265612916;0.6653495441;0.3469497415;13.62117876,Known transition,8.0,8
Known-Transition Safe,8,14,479.20864864864865,25.194594594594594,22.956540540540537,42.0,67.0,56.56036036036036,0.05358108108108108,0.014572072072072072,0.11331081081081079,0.03783783783783784,0.8425787443330321,33.0,110.0,0.03126126126126126,347,11100,0.27476699749928696,0.3980061035441758,23.997223529127762,0.4064864864864865,True,True,0.3969158517;0.64914127;0.685168137;0.2123384503;0.8391928019;0.2547057577;0.6450583303;0.3536782427;0.3495021855;0.2638904463;0.8142278578;0.4332858251,1.177446822;0.7134614509;0.6676722331;2.128067317;0.4876767217;1.782678959;0.7188179662;1.310923092;1.325454306;1.723560971;0.5165166625;1.084128614,12.84297297;8.257567568;8.134864865;25.19459459;5.843783784;18.61459459;8.634594595;15.41459459;13.63594595;21.12540541;6.226486486;12.08216216,0.3258663636;0.189549353;0.1788278873;0.3980061035;0.1202057217;0.38833493;0.1968007026;0.3454459499;0.3499915831;0.3884999593;0.1264767828;0.289198633,0.0972972973;0.1532432432;0.1527027027;0.03783783784;0.1851351351;0.05972972973;0.1475675676;0.08351351351;0.08756756757;0.05756756757;0.1894594595;0.1081081081,12.19106418;2.280768706;1.470688932;23.99429945;0.6630301652;23.99722353;1.675271865;16.54446243;17.79087443;23.98956077;0.7495499874;9.734958127,Known transition,8.0,8
Known-Transition Safe,8,15,419.74,28.23891891891892,22.877459459459452,38.0,64.0,53.443243243243245,0.04277027027027027,0.012139639639639639,0.13936936936936936,0.032432432432432434,0.8437868441390673,27.0,110.0,0.07207207207207207,800,11100,0.2335986550095911,0.4005788245448167,23.99896784593186,0.4064864864864865,True,True,0.95;0.6682774533;0.3936552323;0.8783623152;0.2542081145;0.6112416568;0.1961261937;0.2603661895;0.4858854259;0.9440218225;0.777121657;0.6438927182,0.2609434761;0.6888292002;1.186565108;0.4408835581;1.786011998;0.7647485898;2.305041448;1.74572184;0.9708198352;0.349980936;0.5589976316;0.7203540735,4.360540541;6.579459459;11.9172973;5.824864865;18.38513514;7.966756757;28.23891892;18.49081081;10.14351351;4.951351351;7.19027027;8.925675676,0.06474219217;0.1956647269;0.3399348687;0.1050971076;0.3934053456;0.2139229163;0.4005788245;0.3996287562;0.2804882173;0.08607639238;0.1400515688;0.1835929436,0.2205405405;0.1862162162;0.1140540541;0.1886486486;0.05513513514;0.1672972973;0.03243243243;0.05675675676;0.1310810811;0.2035135135;0.1697297297;0.147027027,0.2609434761;1.844146001;10.82382302;0.5226506742;23.98961151;2.341731668;23.99896785;23.99223683;5.87049588;0.349980936;0.8769928948;1.762832588,Known transition,8.0,8
Known-Transition Safe,8,16,502.71162162162165,29.66189189189189,25.960689189189182,46.0,73.0,62.39954954954955,0.06686936936936937,0.021846846846846846,0.1267792792792793,0.031621621621621625,0.7804779527136239,31.0,119.0,0.11027027027027027,1224,11100,0.2701120706255794,0.40126751828070056,23.99967441619585,0.4064864864864865,True,True,0.3932789834;0.7735119064;0.901603995;0.8416273572;0.2260479039;0.7045979448;0.6624829137;0.1982197585;0.7522839954;0.3841282698;0.2247729528;0.2144342016,1.187626136;0.5631378354;0.4113518347;0.4848363331;2.00065631;0.6439160289;0.6962092138;2.280313362;0.5876051337;1.214015836;2.011774821;2.107404393,14.04162162;7.002432432;5.064864865;5.837027027;18.35594595;6.201621622;7.436216216;29.66189189;6.473783784;12.31648649;21.68783784;22.93243243,0.3453745196;0.1642231688;0.1073961817;0.1178021253;0.3958055187;0.1804705194;0.2047231418;0.397514086;0.164211813;0.3615798516;0.4012675183;0.4009764034,0.0972972973;0.1848648649;0.2110810811;0.1824324324;0.05054054054;0.19;0.177027027;0.03162162162;0.1956756757;0.1110810811;0.04513513514;0.04459459459,21.99569884;1.215689177;0.4227036694;0.6545089994;23.81855127;1.39524426;1.584836855;23.98726247;1.150420535;16.71480762;23.98960079;23.99967442,Known transition,8.0,8
Known-Transition Safe,8,17,422.6135135135135,27.854594594594595,27.63072972972973,43.0,79.0,64.71801801801801,0.05698198198198198,0.023783783783783784,0.14932432432432433,0.033783783783783786,0.8122928008337861,23.0,136.0,0.08036036036036036,892,11100,0.21172170398291432,0.39821396075243687,23.999662937369244,0.4064864864864865,True,True,0.6058267012;0.4606290406;0.8627452041;0.95;0.8920394043;0.9329954481;0.2434414901;0.2237143759;0.7874097494;0.2072792387;0.95;0.5223938409,0.772389876;1.022513998;0.4598691245;0.2139841101;0.4237308779;0.3673358894;1.861711545;2.021113381;0.5472165522;2.179902851;0.241873434;0.9032962107,9.017027027;10.05189189;4.862702703;3.994324324;5.017567568;4.799189189;23.59756757;27.85459459;6.502972973;27.44756757;4.506486486;9.119459459,0.2108415607;0.2846457887;0.1219274625;0.05783354328;0.1085667222;0.09441525156;0.3964942425;0.3982139608;0.1478963655;0.3970958167;0.05955316172;0.2631765717,0.1491891892;0.1202702703;0.2151351351;0.2281081081;0.202972973;0.2181081081;0.04594594595;0.03513513514;0.1924324324;0.03378378378;0.2110810811;0.1397297297,2.579119008;6.897933941;0.5796073736;0.2139841101;0.4711926338;0.3673358894;23.9896348;23.99966294;0.8416496567;23.99611406;0.241873434;5.356035582,Known transition,8.0,8
Known-Transition Safe,8,18,327.27864864864864,22.553243243243244,19.35893243243243,32.0,57.0,46.97207207207207,0.029256756756756756,0.007815315315315315,0.1628378378378378,0.046486486486486484,0.8581765520100015,21.0,113.0,0.03054054054054054,339,11100,0.18968258976365393,0.39740203506580823,23.9987826900948,0.4064864864864865,True,True,0.95;0.2298402862;0.2514208534;0.95;0.8064515181;0.2889292384;0.86964094;0.95;0.4229897239;0.9113191376;0.93510967;0.8418183031,0.2641897105;1.968390267;1.804941085;0.3377909827;0.5254308787;1.582364629;0.451552802;0.2372894534;1.10910177;0.3983676074;0.3641087485;0.4846132827,4.512702703;22.55324324;16.56918919;4.581351351;6.255945946;16.74540541;5.476216216;4.514054054;10.45918919;4.601081081;5.213243243;5.985135135,0.06840371422;0.3974020351;0.3912331757;0.0850868097;0.1334878449;0.3853271704;0.1181359763;0.06092567046;0.3159441259;0.1005609041;0.0936841969;0.1259994535,0.2156756757;0.04648648649;0.05621621622;0.2137837838;0.1894594595;0.07297297297;0.202972973;0.2178378378;0.1127027027;0.2137837838;0.2094594595;0.2027027027,0.2641897105;23.99298097;23.99878269;0.3377909827;0.9017235147;23.95429695;0.554658406;0.2372894534;14.80071684;0.3983676074;0.3641087485;0.7384531309,Known transition,8.0,8
Known-Transition Safe,8,19,509.14405405405404,26.52972972972973,26.370378378378376,41.0,74.0,60.03693693693694,0.05337837837837838,0.016779279279279278,0.10810810810810811,0.033783783783783786,0.8332212245748186,34.0,154.0,0.048558558558558555,539,11100,0.29285656797361675,0.3962815684459906,23.996876485050272,0.4064864864864865,True,True,0.8339118425;0.4218873338;0.3658373363;0.3670076204;0.481511622;0.1930715746;0.2120595117;0.3057773787;0.5446939528;0.4653449839;0.3623629999;0.8770434254,0.4938172966;1.111838862;1.270411673;1.266646367;0.9794527448;2.342239302;2.1308523;1.500722279;0.8655191693;1.012509865;1.281724896;0.4425090154,6.020810811;12.19135135;14.67216216;12.66621622;10.68162162;26.52972973;26.24;14.32567568;9.07027027;9.782162162;13.09054054;5.492972973,0.1265239992;0.2833686614;0.3509083053;0.3580843515;0.2610109206;0.3962815684;0.3870088501;0.3861317863;0.23907043;0.2804925977;0.3408695398;0.1045278053,0.1932432432;0.1002702703;0.08891891892;0.1013513514;0.117027027;0.03378378378;0.03918918919;0.07594594595;0.142972973;0.1237837838;0.08837837838;0.1924324324,0.7752691863;8.46045497;13.97152684;15.79945192;5.891791172;23.97837558;23.99687649;23.92094609;3.455191693;6.250197294;13.64312239;0.5275270463,Known transition,8.0,8
Known-Transition Safe,2,0,458.32378378378377,25.233513513513515,23.88497297297297,43.0,73.0,61.75630630630631,0.05869369369369369,0.020472972972972972,0.1342792792792793,0.034594594594594595,0.8055150064812049,27.0,137.0,0.07720720720720721,857,11100,0.21746093457378057,0.3913295419603151,23.99858588743779,0.4064864864864865,True,True,0.95;0.2315765095;0.95;0.8081176242;0.6281327393;0.795200025;0.3394136806;0.9476946562;0.5005847781;0.95;0.23436609;0.2528380647,0.3369544871;1.95400716;0.2191119648;0.5235225351;0.7414402559;0.5383055036;1.361973486;0.3438720469;0.9427001774;0.2738400263;1.931388168;1.795260579,4.903783784;25.23351351;5.307837838;7.267837838;9.243513514;6.625675676;16.64648649;4.973513514;13.7827027;5.289189189;21.64216216;22.78162162,0.08469396568;0.391329542;0.05773896369;0.1392286958;0.2080040502;0.1473793176;0.3765672639;0.08039170826;0.2866318107;0.06424138995;0.3841896464;0.3891348607,0.2067567568;0.03459459459;0.2010810811;0.18;0.1397297297;0.1862162162;0.07432432432;0.1964864865;0.107027027;0.1948648649;0.04513513514;0.04513513514,0.3369544871;23.98749635;0.2191119648;3.982153519;11.31616998;4.747136655;23.98892441;0.3438720469;17.02040923;0.2738400263;23.99858589;23.9962049,Known transition,14.0,2
Known-Transition Safe,2,1,619.3527027027027,30.09891891891892,30.039013513513513,57.0,93.0,77.96621621621621,0.10173423423423424,0.042387387387387385,0.115,0.02945945945945946,0.6605118093000519,35.0,169.0,0.16513513513513514,1833,11100,0.2772845077277097,0.395415815311391,23.997954114979194,0.4064864864864865,True,True,0.5605092249;0.2181252996;0.2316669551;0.3707979081;0.95;0.95;0.2020086086;0.95;0.325972712;0.8362721814;0.2993435181;0.2334007936,0.8400796556;2.072097608;1.953264399;1.254604531;0.2976063768;0.2276934429;2.237061952;0.2579608484;1.414030367;0.4910760745;1.530799061;1.939147999,9.524594595;29.99;28.10837838;16.26945946;4.321891892;4.256216216;30.09891892;4.411891892;15.49378378;5.791621622;21.05027027;22.17081081,0.263603373;0.3780178069;0.391180789;0.3821457585;0.07810156536;0.06363108649;0.3954158153;0.06658178655;0.3856099027;0.1450665269;0.3839409536;0.3941187284,0.1481081081;0.03189189189;0.03594594595;0.07540540541;0.2248648649;0.2351351351;0.02945945946;0.2213513514;0.06837837838;0.2127027027;0.05162162162;0.04513513514,15.08374381;23.99795411;23.99586392;23.98613075;0.2976063768;0.2276934429;23.98800058;0.2579608484;23.99285027;2.130445416;23.9947239;23.99349984,Known transition,14.0,2
Known-Transition Safe,2,2,546.7713513513513,32.3354054054054,28.342999999999996,48.0,85.0,69.17747747747748,0.0745045045045045,0.026396396396396397,0.1172972972972973,0.03054054054054054,0.811191079981711,32.0,179.0,0.08693693693693694,965,11100,0.23844316408710928,0.3917609432618365,23.999999335119842,0.4064864864864865,True,True,0.2983974043;0.4720337023;0.7619171253;0.95;0.6042558466;0.7527600943;0.6803453125;0.2438339011;0.7053294905;0.1925045361;0.95;0.2931742638,1.535332493;0.9986066978;0.5764720931;0.328976203;0.7746227687;0.5870535051;0.6736618433;1.858825842;0.6430324214;2.34929577;0.2710575607;1.560894842,18.01675676;12.45783784;8.934594595;4.872162162;11.1272973;9.443783784;11.11081081;25.07648649;7.983513514;32.33540541;4.905675676;21.07567568,0.3763639381;0.2677345525;0.1581403174;0.07602017663;0.2246406029;0.1645336445;0.1984571376;0.3903534268;0.1682311848;0.3917609433;0.06329560336;0.381786441,0.05540540541;0.1043243243;0.1567567568;0.1918918919;0.1324324324;0.1624324324;0.1313513514;0.04027027027;0.1532432432;0.03054054054;0.1951351351;0.05378378378,23.98331232;20.93172819;4.458858142;0.328976203;10.83868306;9.378568246;9.47281189;23.97730313;9.478264435;23.99999934;0.2710575607;23.99901395,Known transition,14.0,2
Known-Transition Safe,2,3,660.9083783783784,27.096486486486487,26.701824324324324,54.0,84.0,72.41981981981982,0.10155405405405406,0.034977477477477474,0.0972072072072072,0.03351351351351351,0.6658099854827422,42.0,212.0,0.16423423423423422,1823,11100,0.3129072977091129,0.3994923282451474,23.99871619886841,0.4064864864864865,True,True,0.2469621281;0.8215561338;0.8932287906;0.3220866759;0.225348274;0.2465631425;0.4834834838;0.2778755806;0.2645088005;0.3014458345;0.9387067142;0.2969367479,1.836175919;0.5080937316;0.4222105672;1.429873819;2.006740312;1.839030251;0.9755450403;1.641436133;1.719737046;1.520828652;0.3585144156;1.542388958,21.27;6.358918919;5.243783784;16.79567568;27.09648649;26.37891892;12.92378378;18.38216216;26.27189189;18.60486486;4.638648649;16.13891892,0.3994923282;0.1518788289;0.1168496273;0.3895440026;0.3953820776;0.3911667047;0.3198205767;0.3784175733;0.3839196756;0.3703423285;0.09457028909;0.3635035599,0.0427027027;0.1972972973;0.2191891892;0.07081081081;0.03351351351;0.0372972973;0.1121621622;0.06027027027;0.04864864865;0.06351351351;0.2175675676;0.06351351351,23.99434167;3.45899941;0.7553690757;23.99804451;23.99535677;23.99611235;23.97725201;23.99552575;23.9987162;23.99126408;0.3585144156;23.99534252,Known transition,14.0,2
Known-Transition Safe,2,4,576.8608108108108,23.97756756756757,23.76514864864865,47.0,75.0,63.69414414414415,0.0741891891891892,0.022747747747747748,0.09342342342342341,0.04027027027027027,0.8596250363216835,39.04999999999973,137.0,0.05837837837837838,648,11100,0.2805874879292663,0.38760909842432323,23.997933097420244,0.4064864864864865,True,True,0.662118963;0.6741961796;0.3640876;0.2460798207;0.2372011855;0.4128728207;0.5024050881;0.4159209977;0.2309431598;0.4380235493;0.7287104513;0.5641011845,0.6966749552;0.6813572012;1.27608378;1.842501298;1.908996959;1.13470463;0.9393093506;1.126874486;1.959226317;1.072981387;0.6151471375;0.8344446437,9.877027027;8.850540541;16.50297297;23.59135135;22.69459459;16.48027027;11.89;15.84972973;23.97756757;14.12432432;8.882432432;10.61783784,0.202035737;0.1743906134;0.3217800451;0.3764678327;0.3647732027;0.3342778506;0.2579292703;0.2771502115;0.3876090984;0.2885449947;0.1561143681;0.2259766305,0.1310810811;0.1443243243;0.07297297297;0.04432432432;0.04243243243;0.08432432432;0.1110810811;0.08324324324;0.04027027027;0.09216216216;0.1527027027;0.1221621622,14.57389695;7.152572829;23.95859719;23.99257917;23.9979331;23.95991487;14.85789922;23.98180461;23.99435271;17.66801353;3.718089887;8.688892874,Known transition,14.0,2
Known-Transition Safe,2,5,531.9562162162163,25.24135135135135,25.15558108108108,46.0,78.0,64.9027027027027,0.06813063063063063,0.022590090090090092,0.11391891891891891,0.03486486486486486,0.7863312897555302,34.0,146.0,0.06756756756756757,750,11100,0.25207430549465637,0.3852960672231668,23.999036586479704,0.4064864864864865,True,True,0.9411489522;0.4821824971;0.3825098869;0.7544254172;0.3523107703;0.8677360717;0.95;0.2189202535;0.8265150398;0.3376263363;0.2625732011;0.2699141276,0.3546353857;0.9781203331;1.218803669;0.5851252029;1.315645181;0.4538598372;0.2241414152;2.064668323;0.5023771293;1.368663091;1.731770293;1.687095206,5.332162162;12.32162162;15.28432432;7.28;15.63756757;6.05972973;5.502702703;25.24135135;7.33972973;17.45405405;21.97756757;25.08540541,0.08309969712;0.2849766808;0.3511472193;0.1492859977;0.3456235448;0.1096623499;0.05754982283;0.3828006674;0.1368638233;0.373977942;0.3646078536;0.3852960672,0.1875675676;0.1078378378;0.08405405405;0.1694594595;0.07837837838;0.1721621622;0.1981081081;0.03486486486;0.1740540541;0.06810810811;0.04756756757;0.04486486486,0.3546353857;17.21849799;23.99831188;3.732253651;23.99451687;1.100177884;0.2241414152;23.98073788;2.857051103;23.99903659;23.94841967;23.99342604,Known transition,14.0,2
Known-Transition Safe,2,6,373.64675675675676,19.78054054054054,18.104527027027025,35.0,56.0,47.62792792792793,0.032432432432432434,0.0069594594594594595,0.1405855855855856,0.05027027027027027,0.8938811711825803,25.0,103.0,0.022342342342342343,248,11100,0.17869799603885975,0.3572490423457065,23.991713306680797,0.4064864864864865,True,True,0.6600953202;0.4082536129;0.95;0.8542797728;0.5796663152;0.95;0.7238759829;0.298421524;0.95;0.3698913443;0.95;0.5870736138,0.6992694381;1.146768836;0.2551559305;0.4699577518;0.8105930222;0.2156180293;0.6208604762;1.535216558;0.2628816135;1.257463669;0.2571157349;0.7995478023,9.435945946;16.21;4.971081081;6.051081081;9.988918919;4.971351351;9.47972973;19.78054054;4.650810811;16.73324324;4.835675676;11.19027027,0.1986303188;0.3350424627;0.05620326578;0.1139330009;0.2006765428;0.04877629473;0.1500133151;0.3572490423;0.05840234764;0.3286398291;0.05997050789;0.2368390247,0.1505405405;0.0772972973;0.1908108108;0.1791891892;0.1237837838;0.1845945946;0.1372972973;0.05027027027;0.1935135135;0.07972972973;0.1945945946;0.1254054054,11.17369977;23.98181342;0.2551559305;1.029619766;13.9813488;0.2156180293;6.66753524;23.99171331;0.2628816135;23.97173018;0.2571157349;14.38326869,Known transition,14.0,2
Known-Transition Safe,2,7,410.71675675675675,27.39027027027027,25.11,41.0,68.0,57.50405405405405,0.050135135135135137,0.01632882882882883,0.14720720720720723,0.03432432432432433,0.8152258609781897,23.649999999999636,130.0,0.06063063063063063,673,11100,0.1953438905241681,0.38957367486717837,23.99888442362499,0.4064864864864865,True,True,0.95;0.8194645516;0.5139536145;0.1957148488;0.2668165055;0.95;0.9166527097;0.2817874583;0.4060368001;0.95;0.95;0.8957240492,0.2129344738;0.5105004868;0.9182376412;2.309972111;1.705631049;0.2143947682;0.3910280632;1.619983796;1.152645744;0.2643493157;0.2202876177;0.4190042049,5.117837838;6.440540541;11.5172973;27.39027027;23.24432432;4.881891892;5.593783784;20.31594595;12.03648649;5.073243243;4.171351351;5.275405405,0.05219772102;0.1307985031;0.3007848706;0.3895736749;0.3890682717;0.05255569047;0.1024070793;0.3822286092;0.3152641873;0.06608732892;0.05501236724;0.1081483826,0.2018918919;0.1835135135;0.1186486486;0.03432432432;0.0427027027;0.2064864865;0.207027027;0.05216216216;0.09621621622;0.2008108108;0.2240540541;0.1986486486,0.2129344738;3.825515092;18.44774329;23.99888442;23.99689119;0.2143947682;0.3910280632;23.99643516;23.63838609;0.2643493157;0.2202876177;0.5710378445,Known transition,14.0,2
Known-Transition Safe,2,8,511.1621621621622,29.786756756756755,25.383783783783777,45.0,87.0,68.67612612612612,0.06493243243243244,0.02421171171171171,0.1276801801801802,0.033783783783783786,0.7833105293211924,29.0,187.0,0.07990990990990991,887,11100,0.2298386213083424,0.3842825898297804,23.996927006974115,0.4064864864864865,True,True,0.924502767;0.7675714746;0.2938168902;0.223720696;0.8564804989;0.95;0.4732619221;0.198994158;0.3554966144;0.365156396;0.95;0.8950142286,0.3798996382;0.5699618165;1.557699888;2.021057334;0.4673466129;0.2347890628;0.9960890923;2.271318822;1.304697623;1.272612991;0.2590903055;0.4199186836,4.775405405;6.95972973;19.89405405;21.78135135;7.547297297;4.442432432;15.83324324;29.78675676;16.6372973;16.84675676;4.994324324;5.46027027,0.09322942472;0.1486522035;0.3671119737;0.3779923447;0.125552036;0.05793578767;0.3109413248;0.3842825898;0.3691941651;0.3453252547;0.06526274721;0.1125836038,0.2013513514;0.1691891892;0.0572972973;0.04162162162;0.1675675676;0.2094594595;0.1;0.03378378378;0.07891891892;0.06945945946;0.202972973;0.2005405405,0.3798996382;2.719389065;23.99338414;23.97938941;2.689784837;0.2347890628;23.96143463;23.99692701;23.98655498;23.99622869;0.2590903055;0.6788615707,Known transition,14.0,2
Known-Transition Safe,2,9,647.5540540540541,33.83378378378379,31.01674324324324,58.0,112.0,85.57117117117117,0.09736486486486487,0.045698198198198196,0.11551801801801802,0.028648648648648647,0.7172558567560495,34.0,265.0,0.1573873873873874,1747,11100,0.26133010758410136,0.3985585985507492,23.998952331540472,0.4064864864864865,True,True,0.3257577326;0.6871221964;0.2523803769;0.1963495047;0.5437054116;0.2493362779;0.95;0.4363495231;0.95;0.6652629851;0.95;0.2127973752,1.414897118;0.6652565043;1.798374164;2.302374716;0.8671448273;1.819394726;0.209506079;1.076896197;0.2790122724;0.6926602831;0.247425482;2.123503268,19.62027027;7.897837838;28.71189189;33.83378378;12.47891892;24.15540541;4.344054054;13.61;4.701351351;8.738648649;4.418378378;28.28351351,0.3785805801;0.1688313128;0.3985585986;0.3926482286;0.2753770735;0.3923991869;0.05181028709;0.3457709951;0.07073338148;0.2068620575;0.06125452473;0.3931350645,0.06;0.1535135135;0.03648648649;0.02864864865;0.1205405405;0.03675675676;0.2156756757;0.1005405405;0.2121621622;0.1681081081;0.2162162162;0.03756756757,23.99810689;4.909360573;23.99354105;23.99895233;11.68148965;23.99655009;0.209506079;23.87270289;0.2790122724;11.3550333;0.247425482;23.99644449,Known transition,14.0,2
Known-Transition Safe,2,10,706.0908108108108,36.02648648648648,32.52878378378378,59.0,98.0,81.4990990990991,0.1148873873873874,0.047207207207207204,0.0888063063063063,0.030810810810810812,0.7513941189695873,43.29999999999973,167.0,0.1573873873873874,1747,11100,0.30747993136323937,0.39340858686470703,23.99908082385243,0.4064864864864865,True,True,0.2210551088;0.5230742899;0.4621770162;0.8877431859;0.3493760462;0.4491418585;0.5565464418;0.34857734;0.2223217792;0.6900300697;0.2104662511;0.2177243916,2.045012567;0.9021077578;1.019211399;0.4291816563;1.325898395;1.047619095;0.8463561798;1.328717478;2.03354937;0.6616731043;2.146920017;2.075867389,23.67054054;11.86;14.70783784;5.229189189;18.28135135;13.57675676;12.07864865;18.13756757;25.60081081;8.403783784;29.66702703;36.02648649,0.379156384;0.2640493788;0.293643068;0.1038155628;0.3372082133;0.3193822538;0.2593967319;0.36773154;0.3918704597;0.1884874195;0.3934085869;0.3916095777,0.0427027027;0.1167567568;0.102972973;0.1975675676;0.05891891892;0.09918918919;0.1251351351;0.07108108108;0.03567567568;0.1537837838;0.03108108108;0.03081081081,23.99589223;17.19906462;18.47239897;0.8085431882;23.99851331;23.98096069;18.76416517;23.99842062;23.98978262;9.035212444;23.99908082;23.99444946,Known transition,14.0,2
Known-Transition Safe,2,11,551.1391891891892,28.32702702702703,26.90966216216216,48.0,74.0,64.89504504504505,0.07587837837837838,0.024864864864864864,0.1044144144144144,0.030810810810810812,0.8209534635705531,36.0,171.0,0.0627027027027027,696,11100,0.25598582404809633,0.3723459639009836,23.99841655042613,0.4064864864864865,True,True,0.95;0.2935060875;0.6227889451;0.4312530983;0.6153269509;0.4183303984;0.9434799305;0.4987828682;0.6260188518;0.4351735249;0.2492611008;0.2092716103,0.3358641596;1.559243329;0.7487311135;1.088976442;0.7590395275;1.120756955;0.3508668233;0.9460759936;0.7443154627;1.079661914;1.819920828;2.159149808,5.413243243;18.57702703;12.00594595;13.73027027;9.456216216;17.49432432;5.341891892;13.88216216;10.72189189;13.24783784;25.75;28.32702703,0.07615946755;0.3615758854;0.2215839376;0.3172747581;0.1825797782;0.3344096427;0.08155282921;0.2636227971;0.1782333784;0.310767551;0.3723459639;0.3717238994,0.1867567568;0.05702702703;0.1308108108;0.09432432432;0.1321621622;0.07810810811;0.1856756757;0.1002702703;0.1264864865;0.09405405405;0.03648648649;0.03081081081,0.3358641596;23.99535639;20.37006015;23.91496346;7.18079055;23.98509809;0.3508668233;23.92633164;14.4055649;23.02377189;23.99841655;23.98817925,Known transition,14.0,2
Known-Transition Safe,2,12,599.8332432432433,26.305675675675676,24.765675675675674,48.0,80.0,67.32792792792793,0.07675675675675675,0.02542792792792793,0.0957207207207207,0.04216216216216216,0.8131197942326363,39.0,157.0,0.06441441441441441,715,11100,0.2764197657430488,0.3773510222474046,23.999405237997912,0.4064864864864865,True,True,0.2277146089;0.9318683167;0.4490225566;0.364868936;0.3264467419;0.2532754659;0.5108922966;0.7249468559;0.885090931;0.3371942215;0.4510893652;0.3770521179,1.986329388;0.369039043;1.047885528;1.273544601;1.412123145;1.792296255;0.9237509324;0.6195927545;0.4325165816;1.370290719;1.043286736;1.235229773,23.50567568;5.622432432;12.3727027;15.24837838;18.18405405;26.30567568;15.38783784;8.717297297;6.228648649;19.94135135;14.14324324;17.25162162,0.3725709717;0.08308365482;0.2956736464;0.3442012436;0.3530307863;0.3773510222;0.2701347321;0.1507117511;0.1060250107;0.3522017496;0.2752021229;0.3368504975,0.04216216216;0.1821621622;0.09837837838;0.07459459459;0.06540540541;0.04297297297;0.09891891892;0.142972973;0.177027027;0.05972972973;0.09351351351;0.07081081081,23.9934339;0.369039043;23.91542114;23.93014086;23.99403412;23.99940524;23.94880688;6.109411617;0.8877487245;23.99569881;23.90461639;23.99562454,Known transition,14.0,2
Known-Transition Safe,2,13,404.3297297297297,28.14135135135135,22.018959459459452,38.0,65.0,54.85675675675676,0.04195945945945946,0.01295045045045045,0.13713963963963965,0.033243243243243244,0.880953063226409,25.0,155.0,0.04279279279279279,475,11100,0.18416257541084038,0.38929189879489234,23.99437038826822,0.4064864864864865,True,True,0.931036637;0.7159624459;0.6775674106;0.3509019354;0.95;0.7562371291;0.2357345475;0.5713184825;0.95;0.8385292043;0.9458583108;0.3749843981,0.3702883284;0.6302691506;0.6771299559;1.320546841;0.2764601871;0.5830294735;1.920506701;0.8232731646;0.2265612916;0.488449848;0.3469497415;1.241568686,6.149459459;7.959189189;10.11378378;17.00972973;5.401081081;8.822702703;28.14135135;10.75351351;5.072162162;7.242972973;5.632972973;16.06216216,0.08886919882;0.1650623803;0.1698315133;0.3294229012;0.06642516388;0.1591512887;0.3892918988;0.2472044556;0.05412977886;0.1301652838;0.0701401099;0.3402569318,0.1721621622;0.1586486486;0.1316216216;0.07459459459;0.1924324324;0.1491891892;0.03324324324;0.1248648649;0.2024324324;0.1708108108;0.1656756757;0.07,0.3702883284;3.45403726;9.485198234;23.99437039;0.2764601871;9.002385254;23.9889113;10.65164861;0.2265612916;2.522796353;0.3469497415;23.98510197,Known transition,14.0,2
Known-Transition Safe,2,14,596.3418918918919,28.508108108108107,25.38455405405405,50.0,80.0,68.25540540540541,0.08533783783783784,0.029414414414414416,0.09736486486486488,0.033243243243243244,0.8239380565385797,39.0,158.0,0.05981981981981982,664,11100,0.2709810986542443,0.383052116994828,23.997223529128174,0.4064864864864865,True,True,0.3969158517;0.64914127;0.685168137;0.2123384503;0.8391928019;0.2547057577;0.6450583303;0.3536782427;0.3495021855;0.2638904463;0.8142278578;0.4332858251,1.177446822;0.7134614509;0.6676722331;2.128067317;0.4876767217;1.782678959;0.7188179662;1.310923092;1.325454306;1.723560971;0.5165166625;1.084128614,15.81351351;11.69567568;9.138648649;28.50810811;7.807567568;22.82891892;8.817567568;18.71648649;17.08864865;22.06675676;8.26;16.00756757,0.3179106418;0.207482303;0.1826173783;0.383052117;0.1249506844;0.3642446738;0.1851441951;0.3419029146;0.3345876547;0.3735934861;0.1333171386;0.3029699965,0.08054054054;0.1324324324;0.1367567568;0.03324324324;0.16;0.04459459459;0.1443243243;0.06486486486;0.07621621622;0.04891891892;0.1621621622;0.08432432432,23.9310648;21.71537866;8.297839226;23.99261653;2.4165646;23.99722353;7.570449154;23.99323131;23.99090073;23.99585338;3.495499874;23.98267498,Known transition,14.0,2
Known-Transition Safe,2,15,511.1978378378378,31.577567567567566,26.3588108108108,45.0,80.0,65.53513513513514,0.06337837837837838,0.022252252252252254,0.12254504504504506,0.03135135135135135,0.8252728368329084,31.0,188.0,0.08459459459459459,939,11100,0.23208904165831526,0.38906099207946676,23.997445409228426,0.4064864864864865,True,True,0.95;0.6682774533;0.3936552323;0.8783623152;0.2542081145;0.6112416568;0.1961261937;0.2603661895;0.4858854259;0.9440218225;0.777121657;0.6438927182,0.2609434761;0.6888292002;1.186565108;0.4408835581;1.786011998;0.7647485898;2.305041448;1.74572184;0.9708198352;0.349980936;0.5589976316;0.7203540735,4.79972973;8.734594595;15.09513514;7.018378378;21.43837838;10.07432432;31.57756757;22.08891892;12.9772973;5.156486486;7.902702703;9.588378378,0.06220328267;0.2038562093;0.3251829782;0.1072419466;0.3890609921;0.230458021;0.3856272043;0.3793406376;0.2951817067;0.08087397306;0.1418645341;0.1841770145,0.2016216216;0.1610810811;0.08189189189;0.1754054054;0.04459459459;0.1345945946;0.03135135135;0.04810810811;0.1110810811;0.1894594595;0.1559459459;0.1354054054,0.2609434761;10.70848481;23.99695323;1.013253371;23.99406372;19.25184206;23.99744541;23.9874139;23.96164962;0.349980936;4.533938422;7.371684427,Known transition,14.0,2
Known-Transition Safe,2,16,612.4227027027027,29.483243243243244,28.387554054054053,53.0,86.0,73.17657657657658,0.09234234234234234,0.03518018018018018,0.11135135135135134,0.03027027027027027,0.7634233457639188,36.0,169.0,0.13207207207207208,1466,11100,0.2668155173824201,0.39300244080875,23.999348832391703,0.4064864864864865,True,True,0.3932789834;0.7735119064;0.901603995;0.8416273572;0.2260479039;0.7045979448;0.6624829137;0.1982197585;0.7522839954;0.3841282698;0.2247729528;0.2144342016,1.187626136;0.5631378354;0.4113518347;0.4848363331;2.00065631;0.6439160289;0.6962092138;2.280313362;0.5876051337;1.214015836;2.011774821;2.107404393,15.41972973;7.129459459;5.821081081;7.741621622;22.95594595;9.375945946;8.678918919;29.48324324;8.234864865;15.36216216;27.31243243;27.49108108,0.3312513979;0.1623967758;0.1066179485;0.1213401201;0.3925612111;0.19334884;0.2045349771;0.3888858733;0.1734229205;0.3543613791;0.3800623242;0.3930024408,0.08594594595;0.1821621622;0.1935135135;0.1602702703;0.04081081081;0.1608108108;0.1581081081;0.03027027027;0.1683783784;0.08135135135;0.03837837838;0.03621621622,23.94216703;5.220410733;0.5929811899;1.927053996;23.78311052;6.956641155;8.5900672;23.99666332;6.566179679;23.99134604;23.99028859;23.99934883,Known transition,14.0,2
Known-Transition Safe,2,17,510.2059459459459,32.78405405405405,31.875067567567566,51.0,93.0,75.14009009009008,0.078490990990991,0.03452702702702703,0.13423423423423422,0.03189189189189189,0.7963992894429474,27.0,176.0,0.10981981981981982,1219,11100,0.21172907751813383,0.3900258615165861,23.998635128657497,0.4064864864864865,True,True,0.6058267012;0.4606290406;0.8627452041;0.95;0.8920394043;0.9329954481;0.2434414901;0.2237143759;0.7874097494;0.2072792387;0.95;0.5223938409,0.772389876;1.022513998;0.4598691245;0.2139841101;0.4237308779;0.3673358894;1.861711545;2.021113381;0.5472165522;2.179902851;0.241873434;0.9032962107,10.50648649;13.27756757;5.212702703;4.491891892;6.404594595;4.799459459;32.78405405;31.13135135;8.421351351;27.39594595;4.874324324;11.50945946,0.2171041814;0.2923837324;0.1150915701;0.05494186611;0.1110862031;0.08895485321;0.3854246063;0.3861965298;0.159432282;0.3900258615;0.05837648015;0.2817307641,0.1345945946;0.09594594595;0.1986486486;0.2132432432;0.1805405405;0.2002702703;0.03351351351;0.03378378378;0.1694594595;0.03189189189;0.2024324324;0.1164864865,7.84779752;23.97335388;1.597382491;0.2139841101;0.732232291;0.3673358894;23.99863513;23.9869663;5.699795881;23.99805703;0.241873434;18.41754991,Known transition,14.0,2
Known-Transition Safe,2,18,408.08972972972975,24.916486486486487,24.82714864864865,41.0,67.0,56.72477477477477,0.05018018018018018,0.015382882882882884,0.15047297297297296,0.036756756756756756,0.826189576095621,23.0,135.0,0.06927927927927928,769,11100,0.18918768605830613,0.39580604295711025,23.997565525335716,0.4064864864864865,True,True,0.95;0.2298402862;0.2514208534;0.95;0.8064515181;0.2889292384;0.86964094;0.95;0.4229897239;0.9113191376;0.93510967;0.8418183031,0.2641897105;1.968390267;1.804941085;0.3377909827;0.5254308787;1.582364629;0.451552802;0.2372894534;1.10910177;0.3983676074;0.3641087485;0.4846132827,4.787837838;24.91648649;20.53081081;4.409459459;7.90972973;24.75405405;5.831891892;4.558918919;12.27432432;4.835405405;5.234864865;7.522702703,0.0680467011;0.395806043;0.3756228744;0.08243925875;0.1407302705;0.3870378349;0.119234348;0.06054087675;0.3189416983;0.09614656039;0.09210967259;0.1335960942,0.2086486486;0.03675675676;0.05054054054;0.2083783784;0.17;0.04054054054;0.1905405405;0.2172972973;0.09756756757;0.2010810811;0.2002702703;0.1840540541,0.2641897105;23.99688846;23.98327585;0.3377909827;3.535771967;23.99756553;1.018633624;0.2372894534;23.80059736;0.3983676074;0.3641087485;2.861437571,Known transition,14.0,2
Known-Transition Safe,2,19,643.1686486486486,35.016756756756756,30.044310810810803,50.0,83.0,69.25450450450451,0.08668918918918919,0.027837837837837838,0.09000000000000001,0.024594594594594593,0.7952481183595754,42.0,172.0,0.09108108108108108,1011,11100,0.2915501334380947,0.38425385310977045,23.999391024646503,0.4064864864864865,True,True,0.8339118425;0.4218873338;0.3658373363;0.3670076204;0.481511622;0.1930715746;0.2120595117;0.3057773787;0.5446939528;0.4653449839;0.3623629999;0.8770434254,0.4938172966;1.111838862;1.270411673;1.266646367;0.9794527448;2.342239302;2.1308523;1.500722279;0.8655191693;1.012509865;1.281724896;0.4425090154,6.372432432;13.59837838;17.39216216;15.46243243;12.91405405;35.01675676;25.97594595;19.28216216;12.42027027;13.82972973;15.55378378;6.132162162,0.1234543241;0.2815656794;0.3419810881;0.354318646;0.265246392;0.3842538531;0.3806738838;0.3699077617;0.2652699292;0.3040266107;0.328398703;0.09950472995,0.1778378378;0.08081081081;0.06945945946;0.07459459459;0.0927027027;0.02459459459;0.03810810811;0.05621621622;0.1135135135;0.1;0.07513513514;0.177027027,3.308336194;23.92998102;23.99399688;23.99939102;16.68084607;23.99135023;23.98199028;23.97583927;15.94492013;21.93792418;23.97864646;0.8675991696,Known transition,14.0,2
Known-Transition Safe,4,0,458.5554054054054,25.784594594594594,24.498486486486485,44.0,73.0,61.483333333333334,0.0593018018018018,0.01988738738738739,0.1395045045045045,0.03567567567567568,0.8177634938864321,27.0,137.0,0.07,777,11100,0.2188703519078077,0.39661064239162835,23.999982200446535,0.4064864864864865,True,True,0.95;0.2315765095;0.95;0.8081176242;0.6281327393;0.795200025;0.3394136806;0.9476946562;0.5005847781;0.95;0.23436609;0.2528380647,0.3369544871;1.95400716;0.2191119648;0.5235225351;0.7414402559;0.5383055036;1.361973486;0.3438720469;0.9427001774;0.2738400263;1.931388168;1.795260579,4.860540541;25.78459459;5.51027027;7.270540541;8.875945946;6.603513514;15.98756757;5.107837838;14.23351351;5.563783784;23.44621622;21.30783784,0.08332793398;0.3966106424;0.05667301359;0.1406436216;0.2041966543;0.1462154138;0.3791439705;0.08085640021;0.2899440005;0.06364930341;0.3941075857;0.3910756829,0.2086486486;0.03567567568;0.2045945946;0.1886486486;0.1540540541;0.1940540541;0.08054054054;0.2;0.1137837838;0.1935135135;0.04918918919;0.05135135135,0.3369544871;23.99586865;0.2191119648;3.829198589;8.877446654;1.734248598;23.98194341;0.3438720469;16.4237055;0.2738400263;23.97524391;23.9999822,Known transition,14.0,4
Known-Transition Safe,4,1,611.4391891891892,30.723513513513513,29.881418918918918,57.0,88.0,75.76711711711712,0.1045045045045045,0.04222972972972973,0.11824324324324326,0.030810810810810812,0.6849661285647315,35.0,146.0,0.1616216216216216,1794,11100,0.2791023584595778,0.4009319510861356,23.99795411497916,0.4064864864864865,True,True,0.5605092249;0.2181252996;0.2316669551;0.3707979081;0.95;0.95;0.2020086086;0.95;0.325972712;0.8362721814;0.2993435181;0.2334007936,0.8400796556;2.072097608;1.953264399;1.254604531;0.2976063768;0.2276934429;2.237061952;0.2579608484;1.414030367;0.4910760745;1.530799061;1.939147999,9.736756757;29.19243243;25.44837838;17.45297297;4.53972973;4.838918919;30.72351351;4.477027027;15.45864865;5.708648649;21.08189189;23.22459459,0.2699607326;0.3858581763;0.3917086983;0.3855365815;0.07649288224;0.06332339265;0.3978342607;0.06483880784;0.3863742435;0.1420138918;0.384354683;0.4009319511,0.1586486486;0.03675675676;0.0427027027;0.08027027027;0.2194594595;0.2340540541;0.03081081081;0.2221621622;0.07594594595;0.2135135135;0.05864864865;0.04594594595,11.76350485;23.99795411;23.99586392;23.98613075;0.2976063768;0.2276934429;23.99136411;0.2579608484;23.99285027;1.275065043;23.99782619;23.99511572,Known transition,14.0,4
Known-Transition Safe,4,2,541.5656756756757,31.835405405405407,27.312770270270263,49.0,83.0,68.92477477477478,0.07527027027027026,0.027972972972972972,0.12234234234234233,0.0327027027027027,0.8280402291186512,32.0,179.0,0.08072072072072072,896,11100,0.23969592709621626,0.3940204816606007,23.999013945593376,0.4064864864864865,True,True,0.2983974043;0.4720337023;0.7619171253;0.95;0.6042558466;0.7527600943;0.6803453125;0.2438339011;0.7053294905;0.1925045361;0.95;0.2931742638,1.535332493;0.9986066978;0.5764720931;0.328976203;0.7746227687;0.5870535051;0.6736618433;1.858825842;0.6430324214;2.34929577;0.2710575607;1.560894842,19.03135135;12.30702703;8.763783784;5.158918919;11.0672973;9.235135135;11.70513514;23.61243243;8.228108108;31.83540541;5.115675676;22.25567568,0.3850779874;0.2715130643;0.1536220227;0.07495322679;0.2227563854;0.1631056766;0.1964543592;0.3918605829;0.1692739401;0.3904910537;0.06322234456;0.3940204817,0.06162162162;0.1154054054;0.1643243243;0.1916216216;0.1413513514;0.1643243243;0.1356756757;0.04594594595;0.1589189189;0.0327027027;0.1967567568;0.05945945946,23.96454143;18.11779517;2.729441862;0.328976203;8.140191986;8.81740773;9.89379742;23.97730313;5.934005064;23.99436583;0.2710575607;23.99901395,Known transition,14.0,4
Known-Transition Safe,4,3,658.0416216216216,29.972972972972972,26.80571621621621,54.0,84.0,72.92117117117117,0.10236486486486486,0.03493243243243243,0.10081081081081082,0.03891891891891892,0.7089652759258536,42.0,179.0,0.15873873873873873,1762,11100,0.31566717203198086,0.40197364705412353,23.99955092536146,0.4064864864864865,True,True,0.2469621281;0.8215561338;0.8932287906;0.3220866759;0.225348274;0.2465631425;0.4834834838;0.2778755806;0.2645088005;0.3014458345;0.9387067142;0.2969367479,1.836175919;0.5080937316;0.4222105672;1.429873819;2.006740312;1.839030251;0.9755450403;1.641436133;1.719737046;1.520828652;0.3585144156;1.542388958,21.94162162;6.888378378;5.435135135;18.00135135;29.97297297;24.21432432;12.54648649;17.43351351;23.92756757;18.69054054;4.796486486;17.16297297,0.4019736471;0.1465232464;0.1138827422;0.3953407883;0.3970091643;0.3926578103;0.3203478984;0.3837411499;0.3885676136;0.3806181978;0.090500666;0.3768431401,0.04972972973;0.1962162162;0.2140540541;0.07486486486;0.03891891892;0.04324324324;0.1240540541;0.06783783784;0.05621621622;0.06648648649;0.2097297297;0.06837837838,23.99847146;1.297124779;0.5332634034;23.99397502;23.99955093;23.99611235;23.97725201;23.99552575;23.9987162;23.99126408;0.3585144156;23.99534252,Known transition,14.0,4
Known-Transition Safe,4,4,594.2389189189189,26.885945945945945,24.835040540540536,48.0,79.0,66.46801801801801,0.07765765765765766,0.02454954954954955,0.0986036036036036,0.04108108108108108,0.8703130766704735,39.0,131.0,0.062342342342342344,692,11100,0.280956769390004,0.38866813967684866,23.997933097420248,0.4064864864864865,True,True,0.662118963;0.6741961796;0.3640876;0.2460798207;0.2372011855;0.4128728207;0.5024050881;0.4159209977;0.2309431598;0.4380235493;0.7287104513;0.5641011845,0.6966749552;0.6813572012;1.27608378;1.842501298;1.908996959;1.13470463;0.9393093506;1.126874486;1.959226317;1.072981387;0.6151471375;0.8344446437,10.20027027;8.934054054;16.58486486;23.15702703;22.56783784;15.79837838;12.43216216;15.76216216;26.88594595;14.79162162;8.867297297;11.04216216,0.2007177033;0.1719966557;0.3193658326;0.3779617527;0.3652891478;0.3266109274;0.2630066182;0.2835459856;0.3886681397;0.295504874;0.1532880164;0.2255255794,0.14;0.147027027;0.08054054054;0.05054054054;0.04783783784;0.09162162162;0.1118918919;0.09081081081;0.04108108108;0.09324324324;0.1567567568;0.1318918919,7.196923611;3.464429622;23.93901609;23.99512199;23.9979331;23.95991487;17.92270493;23.97809674;23.99497405;23.91428764;2.151471375;8.723337518,Known transition,14.0,4
Known-Transition Safe,4,5,531.2656756756757,24.42162162162162,23.56674324324324,45.0,77.0,64.13693693693693,0.06653153153153153,0.022117117117117117,0.11925675675675673,0.04108108108108108,0.8141458802228321,34.0,140.0,0.06144144144144144,682,11100,0.25409533806327406,0.38670679665387364,23.994437849815778,0.4064864864864865,True,True,0.9411489522;0.4821824971;0.3825098869;0.7544254172;0.3523107703;0.8677360717;0.95;0.2189202535;0.8265150398;0.3376263363;0.2625732011;0.2699141276,0.3546353857;0.9781203331;1.218803669;0.5851252029;1.315645181;0.4538598372;0.2241414152;2.064668323;0.5023771293;1.368663091;1.731770293;1.687095206,5.339459459;13.13189189;14.66405405;7.336756757;15.90675676;6.294594595;5.388648649;24.42162162;7.554324324;19.58216216;22.8672973;21.90135135,0.08204537571;0.2939648136;0.3547706896;0.1488115719;0.3509572415;0.1089263609;0.05470262107;0.3867067967;0.1330620505;0.380636303;0.3683522218;0.3862080106,0.1883783784;0.1178378378;0.09027027027;0.1740540541;0.08756756757;0.18;0.1962162162;0.04108108108;0.1740540541;0.07378378378;0.05351351351;0.05432432432,0.3546353857;18.99045233;23.61711555;3.517378854;23.97951747;1.207897559;0.2241414152;23.98545588;1.228525551;23.99443785;23.98640754;23.98685207,Known transition,14.0,4
Known-Transition Safe,4,6,373.4045945945946,20.12972972972973,17.87413513513513,34.0,55.0,46.863063063063066,0.03036036036036036,0.006283783783783784,0.14563063063063064,0.05621621621621622,0.9070715606909734,25.0,109.0,0.017297297297297298,192,11100,0.17898631855405941,0.365132586834172,23.99547723880553,0.4064864864864865,True,True,0.6600953202;0.4082536129;0.95;0.8542797728;0.5796663152;0.95;0.7238759829;0.298421524;0.95;0.3698913443;0.95;0.5870736138,0.6992694381;1.146768836;0.2551559305;0.4699577518;0.8105930222;0.2156180293;0.6208604762;1.535216558;0.2628816135;1.257463669;0.2571157349;0.7995478023,9.408918919;16.02864865;5.228108108;6.306756757;10.04162162;5.070810811;9.172432432;20.12972973;4.611351351;15.78378378;4.927567568;11.29162162,0.1944725005;0.3313232125;0.05675495428;0.1139330009;0.2052772059;0.04906767045;0.1453149115;0.3651325868;0.05847339673;0.3347572199;0.06059592454;0.2327332387,0.1548648649;0.08621621622;0.1889189189;0.1827027027;0.13;0.1918918919;0.1440540541;0.05621621622;0.1962162162;0.08540540541;0.1959459459;0.1351351351,11.37223865;23.98181342;0.2551559305;1.099577518;13.1813488;0.2156180293;5.30065143;23.99547724;0.2628816135;23.97622155;0.2571157349;11.98643407,Known transition,14.0,4
Known-Transition Safe,4,7,420.5910810810811,28.041621621621623,25.16289189189189,42.0,68.0,58.07657657657658,0.05400900900900901,0.017545045045045046,0.15,0.03567567567567568,0.8332803557926547,24.0,115.0,0.05675675675675676,630,11100,0.1976745891079423,0.39275612262132875,23.999027771433685,0.4064864864864865,True,True,0.95;0.8194645516;0.5139536145;0.1957148488;0.2668165055;0.95;0.9166527097;0.2817874583;0.4060368001;0.95;0.95;0.8957240492,0.2129344738;0.5105004868;0.9182376412;2.309972111;1.705631049;0.2143947682;0.3910280632;1.619983796;1.152645744;0.2643493157;0.2202876177;0.4190042049,5.496486486;6.797567568;12.13243243;28.04162162;22.80756757;4.971891892;6.054594595;19.79162162;12.71864865;5.241621622;4.312162162;5.423783784,0.05110427372;0.1307985031;0.3074855236;0.3901979917;0.3927561226;0.05041174279;0.1021957127;0.3901096115;0.331152007;0.06430118489;0.05400023494;0.1075821607,0.2005405405;0.1854054054;0.1321621622;0.03567567568;0.0472972973;0.2035135135;0.2075675676;0.06216216216;0.102972973;0.1986486486;0.2194594595;0.2045945946,0.2129344738;3.162512171;23.95716914;23.99888442;23.98989146;0.2143947682;0.3910280632;23.99902777;20.71641273;0.2643493157;0.2202876177;0.5520336396,Known transition,14.0,4
Known-Transition Safe,4,8,500.405945945946,26.145945945945947,25.193405405405404,46.0,80.0,65.8617117117117,0.0668018018018018,0.023153153153153153,0.1336261261261261,0.03351351351351351,0.8030707401499037,29.0,182.0,0.07675675675675675,852,11100,0.2314881566351488,0.38735193958880415,23.998591499903686,0.4064864864864865,True,True,0.924502767;0.7675714746;0.2938168902;0.223720696;0.8564804989;0.95;0.4732619221;0.198994158;0.3554966144;0.365156396;0.95;0.8950142286,0.3798996382;0.5699618165;1.557699888;2.021057334;0.4673466129;0.2347890628;0.9960890923;2.271318822;1.304697623;1.272612991;0.2590903055;0.4199186836,4.917027027;6.933783784;20.40108108;24.41405405;8.297837838;4.471891892;14.80945946;26.14594595;17.58108108;16.18567568;5.040540541;5.394594595,0.09261337125;0.1498845534;0.3734269732;0.3850933569;0.1250467964;0.05685702711;0.3136334575;0.3873519396;0.3755413427;0.3442934064;0.0641423567;0.1099732985,0.2;0.1789189189;0.06162162162;0.04648648649;0.1727027027;0.21;0.1108108108;0.03351351351;0.09027027027;0.08351351351;0.2078378378;0.2078378378,0.3798996382;1.529656349;23.99708626;23.97930006;1.751011934;0.2347890628;19.21618734;23.9985915;23.97850966;23.99622869;0.2590903055;0.6788615707,Known transition,14.0,4
Known-Transition Safe,4,9,663.6308108108108,33.35918918918919,32.51189189189189,59.0,114.0,85.61756756756756,0.10472972972972973,0.046734234234234236,0.11871621621621621,0.031621621621621625,0.7355372839448127,34.0,280.0,0.16918918918918918,1878,11100,0.26259582090823513,0.40050278683636265,23.997363366626043,0.4064864864864865,True,True,0.3257577326;0.6871221964;0.2523803769;0.1963495047;0.5437054116;0.2493362779;0.95;0.4363495231;0.95;0.6652629851;0.95;0.2127973752,1.414897118;0.6652565043;1.798374164;2.302374716;0.8671448273;1.819394726;0.209506079;1.076896197;0.2790122724;0.6926602831;0.247425482;2.123503268,18.75081081;8.15972973;29.40891892;33.35918919;11.96297297;25.71;4.417297297;13.88162162;4.896756757;8.797027027;4.720810811;31.81864865,0.3846990542;0.1700899062;0.4005027868;0.3951372824;0.2690492599;0.3968247416;0.05152717077;0.3513010026;0.07028092915;0.2034923588;0.06051893545;0.397726423,0.0672972973;0.1605405405;0.03945945946;0.03162162162;0.1302702703;0.04108108108;0.2162162162;0.1078378378;0.2110810811;0.1735135135;0.21;0.03567567568,23.99242754;3.578847564;23.99685931;23.99736337;8.677186201;23.99284056;0.209506079;22.89136689;0.2790122724;8.877052456;0.247425482;23.99487595,Known transition,14.0,4
Known-Transition Safe,4,10,687.4078378378379,32.74945945945946,30.97697297297297,58.0,95.0,79.16576576576577,0.11475225225225225,0.0447972972972973,0.09506756756756757,0.033783783783783786,0.7723707298142705,42.399999999999636,161.0,0.13414414414414413,1489,11100,0.3086605960194283,0.3957177153021114,23.998513306657223,0.4064864864864865,True,True,0.2210551088;0.5230742899;0.4621770162;0.8877431859;0.3493760462;0.4491418585;0.5565464418;0.34857734;0.2223217792;0.6900300697;0.2104662511;0.2177243916,2.045012567;0.9021077578;1.019211399;0.4291816563;1.325898395;1.047619095;0.8463561798;1.328717478;2.03354937;0.6616731043;2.146920017;2.075867389,24.66378378;12.85864865;13.3727027;5.552972973;18.84405405;13.58891892;11.99783784;18.23621622;25.10297297;8.607567568;29.52675676;32.74945946,0.3852361511;0.2703885144;0.2884092797;0.1027716074;0.347242039;0.3171171314;0.2495607006;0.3738364581;0.3957177153;0.1858049609;0.3939888355;0.3938537587,0.04972972973;0.1262162162;0.1127027027;0.2002702703;0.06486486486;0.1075675676;0.1343243243;0.07945945946;0.03864864865;0.1589189189;0.03378378378;0.03432432432,23.99589223;18.6201422;15.16845597;0.6334532504;23.99851331;23.9809597;17.11780899;23.99275185;23.99755995;7.711866235;23.99724247;23.99352375,Known transition,14.0,4
Known-Transition Safe,4,11,544.5427027027027,29.604054054054053,26.26778378378378,48.0,72.0,63.457207207207205,0.07547297297297298,0.023175675675675675,0.11101351351351352,0.03189189189189189,0.8461525843013138,35.0,134.0,0.05153153153153153,572,11100,0.25683721828765194,0.3793101013899354,23.99841655042612,0.4064864864864865,True,True,0.95;0.2935060875;0.6227889451;0.4312530983;0.6153269509;0.4183303984;0.9434799305;0.4987828682;0.6260188518;0.4351735249;0.2492611008;0.2092716103,0.3358641596;1.559243329;0.7487311135;1.088976442;0.7590395275;1.120756955;0.3508668233;0.9460759936;0.7443154627;1.079661914;1.819920828;2.159149808,5.605405405;18.48810811;11.90648649;14.01513514;9.71972973;16.30864865;5.658108108;14.26972973;10.80216216;13.30702703;23.53810811;29.60405405,0.07525172658;0.3624187196;0.2157155046;0.3187463479;0.1858621113;0.3286544042;0.08088902711;0.2654126706;0.1786357111;0.3133937557;0.3777565393;0.3793101014,0.1878378378;0.06675675676;0.1402702703;0.1;0.14;0.0872972973;0.1867567568;0.1086486486;0.132972973;0.1027027027;0.04702702703;0.03189189189,0.3358641596;23.98314606;13.93909345;22.20393991;6.739830077;23.95860468;0.3508668233;15.37341971;10.39535666;22.65937678;23.99841655;23.98724712,Known transition,14.0,4
Known-Transition Safe,4,12,590.3275675675676,26.57918918918919,23.99463513513513,47.0,80.0,66.92432432432433,0.07369369369369369,0.02412162162162162,0.1027252252252252,0.049189189189189186,0.8463214891487293,38.0,137.0,0.055675675675675676,618,11100,0.27734693038166014,0.38364827935808044,23.997812270548884,0.4064864864864865,True,True,0.2277146089;0.9318683167;0.4490225566;0.364868936;0.3264467419;0.2532754659;0.5108922966;0.7249468559;0.885090931;0.3371942215;0.4510893652;0.3770521179,1.986329388;0.369039043;1.047885528;1.273544601;1.412123145;1.792296255;0.9237509324;0.6195927545;0.4325165816;1.370290719;1.043286736;1.235229773,21.88;5.892432432;12.30081081;15.69405405;17.62783784;26.57918919;14.61513514;8.728108108;6.420540541;19.14594595;14.04621622;18.14216216,0.3827710416;0.08238547285;0.3019043171;0.3390382249;0.3553207157;0.3836482794;0.2626448597;0.1518839536;0.1042715651;0.3499796565;0.2737922759;0.3405228022,0.04918918919;0.1835135135;0.1083783784;0.08702702703;0.07459459459;0.05027027027;0.1048648649;0.1513513514;0.1767567568;0.06810810811;0.102972973;0.07567567568,23.99698616;0.369039043;19.72387902;23.97140847;23.98806823;23.99199887;23.86256527;2.674298563;0.5625829082;23.99569881;23.7106307;23.99781227,Known transition,14.0,4
Known-Transition Safe,4,13,397.497027027027,26.844054054054055,21.300351351351345,37.0,65.0,54.84954954954955,0.04011261261261261,0.0125,0.14551801801801803,0.04027027027027027,0.8980716269445318,24.399999999999636,176.0,0.0372972972972973,414,11100,0.18517129359403217,0.39240623398525154,23.995557121480612,0.4064864864864865,True,True,0.931036637;0.7159624459;0.6775674106;0.3509019354;0.95;0.7562371291;0.2357345475;0.5713184825;0.95;0.8385292043;0.9458583108;0.3749843981,0.3702883284;0.6302691506;0.6771299559;1.320546841;0.2764601871;0.5830294735;1.920506701;0.8232731646;0.2265612916;0.488449848;0.3469497415;1.241568686,6.013783784;7.989459459;10.36864865;16.76459459;5.318108108;8.487837838;26.84405405;10.59459459;4.997027027;7.405135135;5.722432432;16.53189189,0.08776834163;0.1654030663;0.1694654971;0.3426283696;0.06597685006;0.1564725046;0.392406234;0.244089368;0.05412977886;0.1285811222;0.0705151907;0.3446192002,0.1813513514;0.1683783784;0.1432432432;0.08486486486;0.1978378378;0.1616216216;0.04027027027;0.1391891892;0.2027027027;0.1767567568;0.1705405405;0.07945945946,0.3702883284;2.302691506;7.422418499;23.97804576;0.2764601871;8.602385254;23.99555712;9.614560762;0.2265612916;1.638297872;0.3469497415;23.97961007,Known transition,14.0,4
Known-Transition Safe,4,14,599.07,26.500810810810812,25.579337837837837,51.0,78.0,67.78963963963965,0.08912162162162163,0.02921171171171171,0.10380630630630631,0.034594594594594595,0.8330333800302079,39.0,138.0,0.06009009009009009,667,11100,0.2731172173100742,0.39110426359832295,23.997223529128103,0.4064864864864865,True,True,0.3969158517;0.64914127;0.685168137;0.2123384503;0.8391928019;0.2547057577;0.6450583303;0.3536782427;0.3495021855;0.2638904463;0.8142278578;0.4332858251,1.177446822;0.7134614509;0.6676722331;2.128067317;0.4876767217;1.782678959;0.7188179662;1.310923092;1.325454306;1.723560971;0.5165166625;1.084128614,15.29027027;12.11135135;9.265945946;26.50081081;8.154864865;24.82540541;8.615405405;19.6072973;16.13945946;23.39567568;8.043513514;15.7827027,0.310273149;0.2065181659;0.1775647236;0.3911042636;0.1232372256;0.3786988276;0.1849499199;0.3489889853;0.3388864254;0.3852391683;0.1292687647;0.3026769888,0.08918918919;0.1408108108;0.1456756757;0.03459459459;0.1618918919;0.04594594595;0.1543243243;0.07297297297;0.08594594595;0.05243243243;0.1705405405;0.09135135135,23.90851162;18.63460996;6.033183692;23.9892507;2.717978374;23.99722353;7.48926712;23.99323131;23.99090073;23.98541415;3.429433225;22.56514457,Known transition,14.0,4
Known-Transition Safe,4,15,513.2059459459459,27.58,26.43436486486486,47.0,78.0,65.82522522522522,0.06873873873873874,0.02493243243243243,0.12745495495495499,0.036756756756756756,0.84640113522054,30.0,136.0,0.07405405405405406,822,11100,0.23363982559677376,0.39437075748005523,23.999174838050827,0.4064864864864865,True,True,0.95;0.6682774533;0.3936552323;0.8783623152;0.2542081145;0.6112416568;0.1961261937;0.2603661895;0.4858854259;0.9440218225;0.777121657;0.6438927182,0.2609434761;0.6888292002;1.186565108;0.4408835581;1.786011998;0.7647485898;2.305041448;1.74572184;0.9708198352;0.349980936;0.5589976316;0.7203540735,5.000810811;9.322432432;15.47621622;7.217837838;22.3627027;10.19405405;27.58;25.49702703;13.14432432;5.188648649;8.782972973;9.795675676,0.06178013109;0.2034838691;0.3338416965;0.1029522687;0.3943707575;0.2242573567;0.388119141;0.3892487885;0.2991174627;0.08040102585;0.1423177754;0.1837876339,0.2024324324;0.1651351351;0.0927027027;0.1740540541;0.05108108108;0.142972973;0.03675675676;0.05297297297;0.1216216216;0.1908108108;0.1562162162;0.1427027027,0.2609434761;8.241997209;23.99695323;0.6861849064;23.9842437;18.20217808;23.99489082;23.99917484;23.8564166;0.349980936;3.97494079;7.047789618,Known transition,14.0,4
Known-Transition Safe,4,16,608.1594594594594,30.187567567567566,29.793945945945946,53.0,85.0,72.52117117117118,0.09405405405405405,0.035315315315315315,0.1168918918918919,0.03135135135135135,0.7742827103335661,35.0,174.0,0.12936936936936938,1436,11100,0.26868916979835006,0.3935720095635453,23.99967441619599,0.4064864864864865,True,True,0.3932789834;0.7735119064;0.901603995;0.8416273572;0.2260479039;0.7045979448;0.6624829137;0.1982197585;0.7522839954;0.3841282698;0.2247729528;0.2144342016,1.187626136;0.5631378354;0.4113518347;0.4848363331;2.00065631;0.6439160289;0.6962092138;2.280313362;0.5876051337;1.214015836;2.011774821;2.107404393,15.52864865;6.874594595;5.667567568;7.625135135;23.31945946;9.510540541;8.684054054;30.18756757;8.258918919;15.60945946;29.47189189;24.43027027,0.3437696194;0.1573741951;0.1031714872;0.1183262727;0.3925612111;0.1935228714;0.2054758004;0.3913510769;0.1726288595;0.3615798516;0.3909367827;0.3935720096,0.09459459459;0.1862162162;0.1932432432;0.1659459459;0.04513513514;0.1751351351;0.1678378378;0.03135135135;0.1732432432;0.09081081081;0.04;0.03918918919,23.86765904;2.967859391;0.5475738511;0.9938543319;23.80345614;5.366152635;7.005230345;23.99939081;3.189287273;23.99134604;23.99028859;23.99967442,Known transition,14.0,4
Known-Transition Safe,4,17,478.6510810810811,28.27972972972973,28.24360810810811,47.0,86.0,69.88513513513513,0.06986486486486486,0.027297297297297296,0.13984234234234233,0.03594594594594595,0.8168747349775551,27.0,226.0,0.08297297297297297,921,11100,0.21308554278697747,0.3976677138926942,23.998057027533086,0.4064864864864865,True,True,0.6058267012;0.4606290406;0.8627452041;0.95;0.8920394043;0.9329954481;0.2434414901;0.2237143759;0.7874097494;0.2072792387;0.95;0.5223938409,0.772389876;1.022513998;0.4598691245;0.2139841101;0.4237308779;0.3673358894;1.861711545;2.021113381;0.5472165522;2.179902851;0.241873434;0.9032962107,10.43783784;13.17945946;5.25027027;4.575135135;6.372972973;5.019189189;28.21405405;28.27972973;8.163513514;28.21135135;4.937297297;11.52594595,0.2181479515;0.2940418632;0.115215859;0.05488403257;0.1097119408;0.08835917339;0.3889467633;0.3976677139;0.1573617329;0.3912041874;0.05706905618;0.2844162393,0.1437837838;0.1062162162;0.2018918919;0.2159459459;0.187027027;0.1994594595;0.04081081081;0.04027027027;0.18;0.03594594595;0.2008108108;0.1259459459,8.592577272;19.87804593;0.6993456227;0.2139841101;0.6373087793;0.3673358894;23.99767581;23.9869663;4.752579328;23.99805703;0.241873434;15.32084612,Known transition,14.0,4
Known-Transition Safe,4,18,427.1413513513514,26.686486486486487,26.040608108108106,44.0,73.0,61.695945945945944,0.05851351351351351,0.021846846846846846,0.15259009009009009,0.03648648648648649,0.8362723625112259,23.0,135.0,0.07747747747747748,860,11100,0.19045666794270033,0.3984660298049402,23.99883016098116,0.4064864864864865,True,True,0.95;0.2298402862;0.2514208534;0.95;0.8064515181;0.2889292384;0.86964094;0.95;0.4229897239;0.9113191376;0.93510967;0.8418183031,0.2641897105;1.968390267;1.804941085;0.3377909827;0.5254308787;1.582364629;0.451552802;0.2372894534;1.10910177;0.3983676074;0.3641087485;0.4846132827,5.16;26.68648649;23.30378378;4.578108108;7.952972973;25.51216216;6.019189189;4.701891892;12.25297297;5.144864865;5.441621622;7.485675676,0.06818950635;0.3984660298;0.3809889154;0.08125242557;0.1387421536;0.3930251605;0.1178918937;0.0595147602;0.3261358719;0.0977615642;0.09201126482;0.1315004691,0.2108108108;0.03648648649;0.05216216216;0.2037837838;0.1705405405;0.04405405405;0.1948648649;0.2124324324;0.1137837838;0.2016216216;0.2024324324;0.1881081081,0.2641897105;23.99883016;23.9927023;0.3377909827;3.034048452;23.99518123;0.709316812;0.2372894534;23.96430976;0.3983676074;0.3641087485;2.853785199,Known transition,14.0,4
Known-Transition Safe,4,19,642.7691891891892,36.51162162162162,29.523202702702694,49.0,86.0,70.66486486486487,0.08403153153153153,0.027702702702702704,0.09567567567567568,0.02702702702702703,0.8282325364164295,41.0,233.0,0.07702702702702703,855,11100,0.29283694471280525,0.38805207900541894,23.999025639434365,0.4064864864864865,True,True,0.8339118425;0.4218873338;0.3658373363;0.3670076204;0.481511622;0.1930715746;0.2120595117;0.3057773787;0.5446939528;0.4653449839;0.3623629999;0.8770434254,0.4938172966;1.111838862;1.270411673;1.266646367;0.9794527448;2.342239302;2.1308523;1.500722279;0.8655191693;1.012509865;1.281724896;0.4425090154,6.30027027;13.82486486;16.59864865;15.36648649;13.36432432;36.51162162;23.80540541;18.89756757;12.81108108;13.84513514;15.94945946;6.386216216,0.1175819022;0.2845706493;0.335113998;0.3580843515;0.2668346937;0.388052079;0.3800979778;0.3820757802;0.2605914472;0.3018374002;0.3401767156;0.09902634183,0.1756756757;0.08810810811;0.07972972973;0.08702702703;0.1005405405;0.02702702703;0.04135135135;0.06432432432;0.1172972973;0.1116216216;0.08;0.1754054054,0.9381729657;23.00252132;23.99399688;23.99902564;15.24522411;23.99135023;23.99687649;23.98739573;14.88284345;19.67537486;23.89692156;0.6125450771,Known transition,14.0,4
Known-Transition Safe,8,0,459.4543243243243,28.70216216216216,25.462810810810808,44.0,77.0,63.795495495495494,0.06240990990990991,0.022274774774774776,0.1440990990990991,0.03648648648648649,0.8276502744438093,26.0,135.0,0.0654054054054054,726,11100,0.21977546368497178,0.4027206164037042,23.998585887437788,0.4064864864864865,True,True,0.95;0.2315765095;0.95;0.8081176242;0.6281327393;0.795200025;0.3394136806;0.9476946562;0.5005847781;0.95;0.23436609;0.2528380647,0.3369544871;1.95400716;0.2191119648;0.5235225351;0.7414402559;0.5383055036;1.361973486;0.3438720469;0.9427001774;0.2738400263;1.931388168;1.795260579,4.878108108;28.70216216;5.919459459;6.743513514;9.421891892;6.632702703;15.56378378;5.05;14.26054054;5.259459459;22.81243243;21.15297297,0.08405648422;0.4008355227;0.05667301359;0.1389457107;0.2009904261;0.1460699258;0.3865059894;0.08057758504;0.2812813502;0.0640193575;0.3946295825;0.4027206164,0.2094594595;0.03648648649;0.2051351351;0.1951351351;0.1556756757;0.2008108108;0.09432432432;0.2016216216;0.1197297297;0.2037837838;0.0527027027;0.05432432432,0.3369544871;23.97493791;0.2191119648;0.8940901405;3.453125886;0.9532220145;23.99590542;0.3438720469;8.082104081;0.2738400263;23.99858589;23.99428066,Known transition,14.0,8
Known-Transition Safe,8,1,626.9054054054054,31.795675675675675,31.221148648648647,59.0,96.0,80.16936936936936,0.11087837837837838,0.047207207207207204,0.12112612612612612,0.03,0.695802085504491,35.0,154.0,0.15387387387387388,1708,11100,0.28033011548334646,0.40302832730096516,23.999531419124523,0.4064864864864865,True,True,0.5605092249;0.2181252996;0.2316669551;0.3707979081;0.95;0.95;0.2020086086;0.95;0.325972712;0.8362721814;0.2993435181;0.2334007936,0.8400796556;2.072097608;1.953264399;1.254604531;0.2976063768;0.2276934429;2.237061952;0.2579608484;1.414030367;0.4910760745;1.530799061;1.939147999,9.934864865;31.79567568;26.54540541;18.61648649;4.457567568;4.734054054;30.75108108;4.461891892;15.14162162;5.933783784;20.59378378;23.58243243,0.2552025765;0.3914584401;0.3980436099;0.3929963922;0.0765733164;0.06412339664;0.394811204;0.06476908869;0.3928711398;0.1386958102;0.3913880841;0.4030283273,0.1594594595;0.03567567568;0.04351351351;0.08837837838;0.2194594595;0.242972973;0.03;0.2216216216;0.08702702703;0.212972973;0.06513513514;0.0472972973,4.361513457;23.99953142;23.99586392;23.97746023;0.2976063768;0.2276934429;23.98800058;0.2579608484;23.96371317;0.7643042981;23.99317275;23.98699968,Known transition,14.0,8
Known-Transition Safe,8,2,550.1845945945946,33.82918918918919,27.92486486486486,49.0,87.0,70.79594594594595,0.07743243243243243,0.02867117117117117,0.12963963963963965,0.036756756756756756,0.8389577614352771,32.0,193.0,0.08828828828828829,980,11100,0.24048041987415536,0.3981103912887708,23.999013945593568,0.4064864864864865,True,True,0.2983974043;0.4720337023;0.7619171253;0.95;0.6042558466;0.7527600943;0.6803453125;0.2438339011;0.7053294905;0.1925045361;0.95;0.2931742638,1.535332493;0.9986066978;0.5764720931;0.328976203;0.7746227687;0.5870535051;0.6736618433;1.858825842;0.6430324214;2.34929577;0.2710575607;1.560894842,18.21594595;12.70621622;8.546756757;4.981891892;11.28918919;9.264324324;12.60216216;23.09405405;8.071351351;33.82918919;4.782972973;20.45351351,0.3933770819;0.2766410447;0.1500385475;0.07842081379;0.2208721678;0.1588217726;0.1853480423;0.3938701244;0.1694477327;0.3981103913;0.06468752056;0.396129799,0.07054054054;0.1256756757;0.1705405405;0.1991891892;0.1481081081;0.1735135135;0.1416216216;0.04891891892;0.1648648649;0.03675675676;0.2078378378;0.06810810811,23.96715094;10.92894159;1.458832559;0.328976203;2.920850455;1.335267526;3.36788424;23.97710656;2.10122695;23.99436583;0.2710575607;23.99901395,Known transition,14.0,8
Known-Transition Safe,8,3,667.864054054054,29.95756756756757,28.02959459459459,56.0,87.0,75.80675675675676,0.11164414414414414,0.040968468468468466,0.10619369369369369,0.04351351351351351,0.7315497074291476,41.0,212.0,0.14693693693693693,1631,11100,0.3171458463585234,0.39998859200694264,23.999550925361252,0.4064864864864865,True,True,0.2469621281;0.8215561338;0.8932287906;0.3220866759;0.225348274;0.2465631425;0.4834834838;0.2778755806;0.2645088005;0.3014458345;0.9387067142;0.2969367479,1.836175919;0.5080937316;0.4222105672;1.429873819;2.006740312;1.839030251;0.9755450403;1.641436133;1.719737046;1.520828652;0.3585144156;1.542388958,22.02513514;6.576216216;5.031891892;17.94189189;29.95756757;23.64972973;13.38648649;19.29;26.45216216;18.49594595;4.617297297;17.67648649,0.399988592;0.1426782127;0.1126275216;0.3984324074;0.3997209756;0.3976281623;0.3140200386;0.3917265149;0.394609933;0.3822623369;0.09020997863;0.3818454827,0.05243243243;0.1986486486;0.2197297297;0.08378378378;0.04351351351;0.04783783784;0.1308108108;0.07162162162;0.05945945946;0.0772972973;0.2143243243;0.07486486486,23.99648708;0.8323749262;0.4666317017;23.99495276;23.99955093;23.98641486;18.90388713;23.99552575;23.9987162;23.99126408;0.3585144156;23.99534252,Known transition,14.0,8
Known-Transition Safe,8,4,574.99,23.332702702702704,22.823283783783783,48.0,73.0,63.10720720720721,0.07862612612612613,0.022229729729729728,0.10601351351351351,0.04864864864864865,0.8861013992306753,39.0,137.0,0.04612612612612613,512,11100,0.2835316866631658,0.39489284571686656,23.99512199284601,0.4064864864864865,True,True,0.662118963;0.6741961796;0.3640876;0.2460798207;0.2372011855;0.4128728207;0.5024050881;0.4159209977;0.2309431598;0.4380235493;0.7287104513;0.5641011845,0.6966749552;0.6813572012;1.27608378;1.842501298;1.908996959;1.13470463;0.9393093506;1.126874486;1.959226317;1.072981387;0.6151471375;0.8344446437,10.17162162;9.041891892;16.66;22.40513514;22.40648649;16.11297297;12.04756757;16.12216216;23.3327027;14.27027027;8.806486486;10.79,0.1881022379;0.1708917521;0.3307471204;0.3948928457;0.3838631723;0.3287576659;0.2553905964;0.2954238518;0.3939633459;0.2868050249;0.1516254566;0.2219171701,0.1416216216;0.1559459459;0.08486486486;0.05810810811;0.04864864865;0.1035135135;0.1227027027;0.1016216216;0.04945945946;0.1072972973;0.1616216216;0.1367567568,2.166749552;1.525428805;23.61509987;23.99512199;23.97890573;23.95991487;9.747539477;16.88997534;23.98514768;10.27857191;1.26058855;3.578891081,Known transition,14.0,8
Known-Transition Safe,8,5,534.824054054054,27.324054054054056,24.646594594594593,48.0,79.0,66.7081081081081,0.0743918918918919,0.025202702702702702,0.12563063063063062,0.04081081081081081,0.8291973250849821,32.0,139.0,0.05477477477477478,608,11100,0.2561097793938512,0.394871472444098,23.99626068267984,0.4064864864864865,True,True,0.9411489522;0.4821824971;0.3825098869;0.7544254172;0.3523107703;0.8677360717;0.95;0.2189202535;0.8265150398;0.3376263363;0.2625732011;0.2699141276,0.3546353857;0.9781203331;1.218803669;0.5851252029;1.315645181;0.4538598372;0.2241414152;2.064668323;0.5023771293;1.368663091;1.731770293;1.687095206,5.133243243;13.02675676;13.90648649;7.137027027;15.63513514;6.182432432;5.38027027;27.32405405;8.036216216;18.27405405;22.25243243;22.45594595,0.08242876531;0.2865628219;0.3511472193;0.1459650168;0.3577132573;0.1070863886;0.05391509718;0.3922869813;0.1308896088;0.3861849371;0.3842657866;0.3948714724,0.1967567568;0.1245945946;0.1005405405;0.18;0.1010810811;0.1827027027;0.2;0.04081081081;0.1805405405;0.08297297297;0.06108108108;0.05648648649,0.3546353857;9.387369327;14.84104216;1.140500811;23.89790422;0.615439349;0.2241414152;23.98034776;0.9118856464;23.98427696;23.99626068;23.98704658,Known transition,14.0,8
Known-Transition Safe,8,6,378.8681081081081,22.80162162162162,18.496310810810805,35.0,60.0,50.46666666666667,0.03286036036036036,0.009504504504504505,0.1532882882882883,0.06189189189189189,0.917852779077627,24.0,164.0,0.017027027027027027,189,11100,0.1786344732906411,0.37550567168741605,23.99773861940289,0.4064864864864865,True,True,0.6600953202;0.4082536129;0.95;0.8542797728;0.5796663152;0.95;0.7238759829;0.298421524;0.95;0.3698913443;0.95;0.5870736138,0.6992694381;1.146768836;0.2551559305;0.4699577518;0.8105930222;0.2156180293;0.6208604762;1.535216558;0.2628816135;1.257463669;0.2571157349;0.7995478023,9.186216216;14.97378378;4.765135135;6.131081081;10.07864865;5.101891892;9.13;22.80162162;4.757297297;14.87189189;4.951081081;11.41351351,0.1901256905;0.3229548993;0.05758248702;0.1143140477;0.2041818099;0.05011662302;0.1434691101;0.3755056717;0.06060486927;0.3418941759;0.06115185046;0.2217124446,0.1662162162;0.09918918919;0.2016216216;0.1908108108;0.1381081081;0.1962162162;0.1454054054;0.06189189189;0.2008108108;0.09756756757;0.2018918919;0.1397297297,2.287580448;12.69813531;0.2551559305;0.6098732553;3.411860445;0.2156180293;1.283441905;23.99773862;0.2628816135;17.92324924;0.2571157349;4.790956047,Known transition,14.0,8
Known-Transition Safe,8,7,425.237027027027,29.854324324324324,26.629689189189186,43.0,71.0,61.074774774774774,0.05768018018018018,0.019301801801801802,0.15522522522522522,0.038378378378378375,0.8401779845632563,23.0,135.0,0.05828828828828829,647,11100,0.19800040477782532,0.39956274345351656,23.99776884724997,0.4064864864864865,True,True,0.95;0.8194645516;0.5139536145;0.1957148488;0.2668165055;0.95;0.9166527097;0.2817874583;0.4060368001;0.95;0.95;0.8957240492,0.2129344738;0.5105004868;0.9182376412;2.309972111;1.705631049;0.2143947682;0.3910280632;1.619983796;1.152645744;0.2643493157;0.2202876177;0.4190042049,5.078108108;6.546486486;12.48864865;29.85432432;23.99135135;5.018918919;5.536216216;18.88891892;13.37918919;4.935945946;4.168918919;5.294864865,0.05144957286;0.129280799;0.2898652878;0.3995627435;0.3992098617;0.05197624515;0.1005047806;0.389671778;0.3380055763;0.06444407641;0.05513144163;0.1069026945,0.2021621622;0.1935135135;0.1356756757;0.03837837838;0.04891891892;0.2089189189;0.2124324324;0.06918918919;0.1118918919;0.2064864865;0.2264864865;0.2086486486,0.2129344738;0.9525024341;9.78360452;23.99776885;23.98368363;0.2143947682;0.3910280632;23.99254625;17.25345315;0.2643493157;0.2202876177;0.4950210247,Known transition,14.0,8
Known-Transition Safe,8,8,503.91135135135136,26.89135135135135,24.981067567567564,47.0,78.0,65.53288288288289,0.06972972972972973,0.02572072072072072,0.1373873873873874,0.03810810810810811,0.8174970468166346,28.0,141.0,0.06855855855855855,761,11100,0.23351556578383562,0.395332248962266,23.998591499902957,0.4064864864864865,True,True,0.924502767;0.7675714746;0.2938168902;0.223720696;0.8564804989;0.95;0.4732619221;0.198994158;0.3554966144;0.365156396;0.95;0.8950142286,0.3798996382;0.5699618165;1.557699888;2.021057334;0.4673466129;0.2347890628;0.9960890923;2.271318822;1.304697623;1.272612991;0.2590903055;0.4199186836,4.968648649;7.143513514;20.80432432;23.41810811;8.09;4.52972973;14.51918919;26.89135135;16.75324324;16.65;5.204054054;5.303513514,0.09384547819;0.1498845534;0.390266972;0.3938330643;0.1188576115;0.05723776613;0.2972114481;0.395332249;0.3787149315;0.3535800417;0.06288191738;0.1105407562,0.2043243243;0.1856756757;0.06945945946;0.04594594595;0.1791891892;0.2075675676;0.1164864865;0.03810810811;0.1010810811;0.08594594595;0.2032432432;0.2116216216,0.3798996382;1.079847266;23.99787465;23.98001486;0.6693864514;0.2347890628;16.42400916;23.9985915;23.88720283;23.99497158;0.2590903055;0.4796747345,Known transition,14.0,8
Known-Transition Safe,8,9,653.9562162162163,36.46108108108108,32.75437837837838,60.0,106.0,84.35720720720721,0.10711711711711712,0.04849099099099099,0.12403153153153153,0.033243243243243244,0.7496064986257608,34.0,196.0,0.16324324324324324,1812,11100,0.2619118694974544,0.39887426255788255,23.99736336662601,0.4064864864864865,True,True,0.3257577326;0.6871221964;0.2523803769;0.1963495047;0.5437054116;0.2493362779;0.95;0.4363495231;0.95;0.6652629851;0.95;0.2127973752,1.414897118;0.6652565043;1.798374164;2.302374716;0.8671448273;1.819394726;0.209506079;1.076896197;0.2790122724;0.6926602831;0.247425482;2.123503268,19.29297297;8.212162162;29.72162162;36.46108108;12.91567568;23.53567568;4.357567568;13.70648649;5.26972973;8.881351351;4.507297297;27.43297297,0.3873758865;0.1717080977;0.3936981278;0.398870863;0.2631901733;0.3968247416;0.05248976627;0.3457709951;0.07058256404;0.2014330985;0.0621238575;0.3988742626,0.07540540541;0.1691891892;0.04324324324;0.03324324324;0.1337837838;0.04756756757;0.2202702703;0.1167567568;0.2154054054;0.1810810811;0.2145945946;0.03783783784,23.98609007;1.991539026;23.99354105;23.99736337;7.742896546;23.99062716;0.209506079;11.99930112;0.2790122724;2.419263114;0.247425482;23.99487595,Known transition,14.0,8
Known-Transition Safe,8,10,652.3451351351351,29.94810810810811,28.08777027027027,55.0,82.0,71.57792792792793,0.10718468468468469,0.036216216216216214,0.10150900900900904,0.03567567567567568,0.7905178636447346,42.0,153.0,0.11243243243243244,1248,11100,0.3092511031785323,0.39689007878386373,23.997242471557833,0.4064864864864865,True,True,0.2210551088;0.5230742899;0.4621770162;0.8877431859;0.3493760462;0.4491418585;0.5565464418;0.34857734;0.2223217792;0.6900300697;0.2104662511;0.2177243916,2.045012567;0.9021077578;1.019211399;0.4291816563;1.325898395;1.047619095;0.8463561798;1.328717478;2.03354937;0.6616731043;2.146920017;2.075867389,22.58594595;13.60783784;13.56378378;5.238918919;18.85810811;13.07108108;11.69405405;17.35594595;23.23567568;8.623243243;26.56567568;29.94810811,0.3913159181;0.2642931918;0.2897865924;0.1054394934;0.3536923555;0.317683412;0.245900782;0.3749137966;0.3962673232;0.1809765356;0.3968900788;0.3938537587,0.05054054054;0.1327027027;0.1216216216;0.2027027027;0.07702702703;0.1224324324;0.1391891892;0.09135135135;0.04189189189;0.1651351351;0.03567567568;0.03783783784,23.99589223;10.28852583;8.745805186;0.4875449689;23.98909611;17.61905121;6.097973035;23.91942463;23.99267986;3.016731043;23.99724247;23.99321517,Known transition,14.0,8
Known-Transition Safe,8,11,546.844054054054,29.844054054054055,26.51328378378378,50.0,74.0,65.74774774774775,0.08182432432432432,0.026846846846846847,0.11894144144144143,0.03594594594594595,0.8595037473787086,34.0,137.0,0.04738738738738739,526,11100,0.2578118083939262,0.38956143118834824,23.99683310085229,0.4064864864864865,True,True,0.95;0.2935060875;0.6227889451;0.4312530983;0.6153269509;0.4183303984;0.9434799305;0.4987828682;0.6260188518;0.4351735249;0.2492611008;0.2092716103,0.3358641596;1.559243329;0.7487311135;1.088976442;0.7590395275;1.120756955;0.3508668233;0.9460759936;0.7443154627;1.079661914;1.819920828;2.159149808,5.374324324;17.59891892;11.75;13.97432432;9.514324324;17.12108108;5.299459459;14.10405405;10.65594595;14.32432432;23.78810811;29.84405405,0.07634101574;0.3704256448;0.2039786385;0.3149202144;0.1875032779;0.326231146;0.08288043341;0.2608101388;0.1764228813;0.3154363593;0.3895614312;0.3892305194,0.1932432432;0.07189189189;0.1478378378;0.1148648649;0.1475675676;0.09972972973;0.1943243243;0.1164864865;0.1416216216;0.1145945946;0.04918918919;0.03594594595,0.3358641596;23.98314606;3.918277838;12.3133875;2.226553385;20.50573646;0.3508668233;6.521519873;2.886309254;13.50174338;23.9968331;23.98724712,Known transition,14.0,8
Known-Transition Safe,8,12,586.4291891891892,24.07702702702703,23.670324324324326,48.0,79.0,66.8454954954955,0.07603603603603604,0.026914414414414414,0.1078153153153153,0.05027027027027027,0.856265829359412,37.0,131.0,0.03666666666666667,407,11100,0.27905782755683955,0.39478958040004536,23.997524581430095,0.4064864864864865,True,True,0.2277146089;0.9318683167;0.4490225566;0.364868936;0.3264467419;0.2532754659;0.5108922966;0.7249468559;0.885090931;0.3371942215;0.4510893652;0.3770521179,1.986329388;0.369039043;1.047885528;1.273544601;1.412123145;1.792296255;0.9237509324;0.6195927545;0.4325165816;1.370290719;1.043286736;1.235229773,23.33756757;5.591351351;12.13297297;16.65459459;17.57135135;24.07702703;14.95756757;8.882432432;6.334324324;20.16081081;13.08837838;17.09378378,0.3935079572;0.08288417425;0.2987889818;0.3510852684;0.3606638844;0.3947895804;0.2546556624;0.1466927711;0.1027519122;0.3562755869;0.2667430412;0.3398551104,0.05081081081;0.187027027;0.1183783784;0.09162162162;0.08324324324;0.05027027027;0.1102702703;0.1545945946;0.1824324324;0.07108108108;0.1083783784;0.08567567568,23.99752458;0.369039043;13.93233691;18.45924883;23.98806823;23.99199887;12.33128263;1.497963773;0.5300663265;23.99139762;14.13146945;23.48993522,Known transition,14.0,8
Known-Transition Safe,8,13,394.202972972973,25.767567567567568,20.861270270270264,38.0,62.0,52.891441441441444,0.0431981981981982,0.010810810810810811,0.15227477477477477,0.04135135135135135,0.9057497470263959,24.0,117.0,0.02972972972972973,330,11100,0.18574766770875853,0.3960396250406706,23.996511808936837,0.4064864864864865,True,True,0.931036637;0.7159624459;0.6775674106;0.3509019354;0.95;0.7562371291;0.2357345475;0.5713184825;0.95;0.8385292043;0.9458583108;0.3749843981,0.3702883284;0.6302691506;0.6771299559;1.320546841;0.2764601871;0.5830294735;1.920506701;0.8232731646;0.2265612916;0.488449848;0.3469497415;1.241568686,6.00027027;7.832972973;10.26081081;16.84702703;5.321351351;9.224594595;25.76756757;10.79972973;4.694324324;7.52;5.623243243;15.91324324,0.087267952;0.1650623803;0.1647072866;0.3572614562;0.06679875873;0.1547391738;0.396039625;0.2365241551;0.05486457224;0.1256768258;0.07239059471;0.3476392321,0.1867567568;0.1737837838;0.1491891892;0.09675675676;0.2013513514;0.1643243243;0.04135135135;0.1481081081;0.2127027027;0.1818918919;0.1816216216;0.08945945946,0.3702883284;1.551345753;1.785649779;23.78077996;0.2764601871;1.132117894;23.99651181;5.028375445;0.2265612916;0.6653495441;0.3469497415;18.12000299,Known transition,14.0,8
Known-Transition Safe,8,14,624.5105405405405,33.27216216216216,28.01044594594594,54.0,93.0,77.00135135135135,0.0981981981981982,0.038265765765765763,0.11036036036036034,0.037567567567567565,0.8425732136816202,38.0,263.0,0.06342342342342343,704,11100,0.27537492271449926,0.39513033690007043,23.99722352912814,0.4064864864864865,True,True,0.3969158517;0.64914127;0.685168137;0.2123384503;0.8391928019;0.2547057577;0.6450583303;0.3536782427;0.3495021855;0.2638904463;0.8142278578;0.4332858251,1.177446822;0.7134614509;0.6676722331;2.128067317;0.4876767217;1.782678959;0.7188179662;1.310923092;1.325454306;1.723560971;0.5165166625;1.084128614,15.51135135;10.96486486;9.43;33.27216216;7.593243243;23.70540541;8.245675676;19.15567568;17.50243243;23.32621622;8.071081081;17.71945946,0.3239569904;0.1949485208;0.175940656;0.3951303369;0.1183604584;0.3864077096;0.1833957189;0.3493432889;0.3521409684;0.3926924049;0.1274539764;0.3047280429,0.1037837838;0.1502702703;0.1516216216;0.03756756757;0.1691891892;0.05054054054;0.1627027027;0.07810810811;0.09027027027;0.05756756757;0.177027027;0.09567567568,19.46340527;5.07884239;1.738361165;23.99429945;0.8383836087;23.99722353;1.994089831;23.90907888;23.76906772;23.99585338;0.8660666499;15.30165903,Known transition,14.0,8
Known-Transition Safe,8,15,500.10675675675674,26.352162162162163,25.39189189189189,45.0,77.0,64.89594594594594,0.06522522522522523,0.0215990990990991,0.13432432432432434,0.03891891891891892,0.8559409202819998,29.0,156.0,0.06252252252252252,694,11100,0.23450682584340768,0.4001005729555505,23.999431536584545,0.4064864864864865,True,True,0.95;0.6682774533;0.3936552323;0.8783623152;0.2542081145;0.6112416568;0.1961261937;0.2603661895;0.4858854259;0.9440218225;0.777121657;0.6438927182,0.2609434761;0.6888292002;1.186565108;0.4408835581;1.786011998;0.7647485898;2.305041448;1.74572184;0.9708198352;0.349980936;0.5589976316;0.7203540735,4.888918919;8.951351351;14.61081081;7.032432432;22.73081081;9.94027027;26.35216216;24.60621622;12.65540541;4.946756757;8.229459459;9.994594595,0.06283801005;0.2001328082;0.343783188;0.1049779499;0.3996805229;0.2172299373;0.3918570461;0.400100573;0.2915083343;0.08191445692;0.1376342817;0.1824248019,0.2086486486;0.1686486486;0.1045945946;0.18;0.05837837838;0.1564864865;0.03891891892;0.05513513514;0.1308108108;0.1978378378;0.1643243243;0.1481081081,0.2609434761;2.132975201;23.85955754;0.5635342323;23.99943154;5.636703464;23.99489082;23.99646698;9.170171925;0.349980936;1.194988158;3.127435544,Known transition,14.0,8
Known-Transition Safe,8,16,608.7056756756757,32.37405405405406,28.92451351351351,54.0,87.0,73.58873873873874,0.09621621621621622,0.03599099099099099,0.12362612612612613,0.0327027027027027,0.7807053397864541,34.0,173.0,0.1400900900900901,1555,11100,0.26994249372930185,0.3996363495072018,23.999796937624925,0.4064864864864865,True,True,0.3932789834;0.7735119064;0.901603995;0.8416273572;0.2260479039;0.7045979448;0.6624829137;0.1982197585;0.7522839954;0.3841282698;0.2247729528;0.2144342016,1.187626136;0.5631378354;0.4113518347;0.4848363331;2.00065631;0.6439160289;0.6962092138;2.280313362;0.5876051337;1.214015836;2.011774821;2.107404393,14.57216216;6.987297297;5.772702703;7.665405405;23.45027027;10.44486486;8.513783784;32.37405405;8.224324324;15.00675676;26.02864865;26.10216216,0.3415227591;0.1587439898;0.1045056012;0.1192435306;0.3968869545;0.188998056;0.2047231418;0.3968977851;0.165799935;0.3665015374;0.3996363495;0.3958502846,0.1072972973;0.1927027027;0.2048648649;0.1740540541;0.04783783784;0.1845945946;0.177027027;0.0327027027;0.1767567568;0.1027027027;0.04216216216;0.04081081081,17.30706362;1.215689177;0.4454073388;0.7393453325;23.89599586;1.814824404;2.177255283;23.99979694;1.338025668;23.99134604;23.98925689;23.98502842,Known transition,14.0,8
Known-Transition Safe,8,17,489.3083783783784,30.244864864864866,28.852324324324325,50.0,85.0,70.87657657657658,0.07743243243243243,0.03036036036036036,0.14551801801801803,0.03648648648648649,0.8201121950717342,26.399999999999636,181.0,0.07945945945945945,882,11100,0.2137589367280148,0.4014914419108932,23.99863512865734,0.4064864864864865,True,True,0.6058267012;0.4606290406;0.8627452041;0.95;0.8920394043;0.9329954481;0.2434414901;0.2237143759;0.7874097494;0.2072792387;0.95;0.5223938409,0.772389876;1.022513998;0.4598691245;0.2139841101;0.4237308779;0.3673358894;1.861711545;2.021113381;0.5472165522;2.179902851;0.241873434;0.9032962107,10.99108108;14.70918919;5.266486486;4.323243243;6.142702703;5.041351351;27.71297297;30.24486486;8.354054054;26.73405405;4.814594595;12.35540541,0.212929101;0.3034379378;0.1173287712;0.05598286989;0.1068488944;0.0906426127;0.3954879119;0.4014914419;0.1490795364;0.3994524684;0.05850722255;0.2739184725,0.1505405405;0.1178378378;0.2108108108;0.2248648649;0.1889189189;0.2059459459;0.04513513514;0.04216216216;0.1859459459;0.03648648649;0.2105405405;0.127027027,3.58584814;12.94558792;0.5796073736;0.2139841101;0.4949235117;0.3673358894;23.99863513;23.9985087;1.136082761;23.99805703;0.241873434;14.95821811,Known transition,14.0,8
Known-Transition Safe,8,18,413.23135135135135,25.674864864864865,24.57962162162162,42.0,68.0,58.263513513513516,0.05506756756756757,0.017027027027027027,0.15779279279279282,0.03864864864864865,0.8452145435479754,22.0,143.0,0.07216216216216216,801,11100,0.19097077418032052,0.3989980271745062,23.997871248317953,0.4064864864864865,True,True,0.95;0.2298402862;0.2514208534;0.95;0.8064515181;0.2889292384;0.86964094;0.95;0.4229897239;0.9113191376;0.93510967;0.8418183031,0.2641897105;1.968390267;1.804941085;0.3377909827;0.5254308787;1.582364629;0.451552802;0.2372894534;1.10910177;0.3983676074;0.3641087485;0.4846132827,4.971081081;25.67486486;21.47891892;4.394594595;8.255405405;23.68351351;5.899459459;4.535405405;12.74324324;4.866486486;5.401351351;7.836216216,0.0677610906;0.3989980272;0.3922088195;0.08353479707;0.1371800618;0.3913144961;0.1159392329;0.05970715705;0.3258361147;0.09840756573;0.0924048959;0.1283570316,0.2135135135;0.03864864865;0.0572972973;0.2124324324;0.1794594595;0.05351351351;0.1959459459;0.217027027;0.1164864865;0.2102702703;0.2062162162;0.1927027027,0.2641897105;23.99766032;23.99787125;0.3377909827;1.027154393;23.995976;0.554658406;0.2372894534;18.80047789;0.3983676074;0.3641087485;0.8230664136,Known transition,14.0,8
Known-Transition Safe,8,19,628.4310810810811,34.405675675675674,29.356378378378373,51.0,82.0,69.68648648648649,0.0913063063063063,0.030608108108108108,0.10502252252252252,0.03027027027027027,0.8373831918950297,39.0,134.0,0.07207207207207207,800,11100,0.29339578364894187,0.3975476437445401,23.989433384234758,0.4064864864864865,True,True,0.8339118425;0.4218873338;0.3658373363;0.3670076204;0.481511622;0.1930715746;0.2120595117;0.3057773787;0.5446939528;0.4653449839;0.3623629999;0.8770434254,0.4938172966;1.111838862;1.270411673;1.266646367;0.9794527448;2.342239302;2.1308523;1.500722279;0.8655191693;1.012509865;1.281724896;0.4425090154,6.325405405;13.76837838;17.25918919;15.61918919;13.3427027;34.40567568;25.22513514;17.03;12.71837838;13.70756757;15.51945946;6.482972973,0.1203846491;0.2866741283;0.3426677972;0.3550033198;0.2647169581;0.3975476437;0.385281132;0.3857261857;0.2477256217;0.2930805581;0.3405231277;0.1014182825,0.1913513514;0.09648648649;0.08972972973;0.09648648649;0.112972973;0.03027027027;0.04405405405;0.07405405405;0.1281081081;0.1197297297;0.09081081081;0.1862162162,0.7752691863;12.29723222;23.33482022;23.73256196;7.368507641;23.98856256;23.98943338;23.97006104;6.30005591;10.26286499;19.27762031;0.5700360617,Known transition,14.0,8
