seed,delay,window_start,method,squared_error_sum,observations,brier,window_center,posterior_correlation,true_correlation
0,4,300,Bayesian ensemble,51.62238140976681,300,0.1720746046992227,350.0,0.5732531146806178,0.08661090939932832
0,4,300,Fixed pre-shift law,49.377044797456854,300,0.1645901493248562,350.0,0.5732531146806178,0.08661090939932832
0,4,300,Static geometry,50.09098211029918,300,0.16696994036766394,350.0,0.5732531146806178,0.08661090939932832
0,4,400,Bayesian ensemble,57.61786190859764,300,0.19205953969532547,450.0,0.5600446166152797,0.08661090939932832
0,4,400,Fixed pre-shift law,55.75361237447902,300,0.18584537458159672,450.0,0.5600446166152797,0.08661090939932832
0,4,400,Static geometry,56.207314377653404,300,0.187357714592178,450.0,0.5600446166152797,0.08661090939932832
0,4,500,Bayesian ensemble,61.28315664977411,300,0.20427718883258036,550.0,0.5416065566875017,0.08661090939932832
0,4,500,Fixed pre-shift law,58.92913682307421,300,0.19643045607691403,550.0,0.5416065566875017,0.08661090939932832
0,4,500,Static geometry,59.39282399618892,300,0.1979760799872964,550.0,0.5416065566875017,0.08661090939932832
0,4,600,Bayesian ensemble,56.55518670496822,300,0.18851728901656073,650.0,0.5582661410606419,0.08661090939932832
0,4,600,Fixed pre-shift law,54.84377463466932,300,0.18281258211556442,650.0,0.5582661410606419,0.08661090939932832
0,4,600,Static geometry,54.56659931057001,300,0.1818886643685667,650.0,0.5582661410606419,0.08661090939932832
0,4,700,Bayesian ensemble,57.89683440561938,300,0.19298944801873127,750.0,0.5470977565058491,0.08661090939932832
0,4,700,Fixed pre-shift law,56.424529319761604,300,0.18808176439920535,750.0,0.5470977565058491,0.08661090939932832
0,4,700,Static geometry,55.788295041437806,300,0.18596098347145934,750.0,0.5470977565058491,0.08661090939932832
0,4,800,Bayesian ensemble,58.595451184258025,300,0.1953181706141934,850.0,0.5510320539210783,0.08661090939932832
0,4,800,Fixed pre-shift law,58.091320389741455,300,0.19363773463247153,850.0,0.5510320539210783,0.08661090939932832
0,4,800,Static geometry,59.66517685542598,300,0.19888392285141995,850.0,0.5510320539210783,0.08661090939932832
0,4,900,Bayesian ensemble,53.555557874207835,300,0.17851852624735945,950.0,0.547277492148554,0.08661090939932832
0,4,900,Fixed pre-shift law,52.092241029682754,300,0.17364080343227584,950.0,0.547277492148554,0.08661090939932832
0,4,900,Static geometry,51.4006191490478,300,0.17133539716349266,950.0,0.547277492148554,0.08661090939932832
0,4,1000,Bayesian ensemble,56.94607812311618,300,0.18982026041038727,1050.0,0.5551963917297991,0.08661090939932832
0,4,1000,Fixed pre-shift law,56.423974423186536,300,0.1880799147439551,1050.0,0.5551963917297991,0.08661090939932832
0,4,1000,Static geometry,56.558582861224224,300,0.18852860953741407,1050.0,0.5551963917297991,0.08661090939932832
0,4,1100,Bayesian ensemble,60.74351236507407,300,0.2024783745502469,1150.0,0.5665174965309012,0.08661090939932832
0,4,1100,Fixed pre-shift law,59.75807517321495,300,0.19919358391071648,1150.0,0.5665174965309012,0.08661090939932832
0,4,1100,Static geometry,61.38882848474725,300,0.20462942828249084,1150.0,0.5665174965309012,0.08661090939932832
0,4,1200,Bayesian ensemble,47.2309926705589,300,0.15743664223519632,1250.0,0.5772267945446939,0.08661090939932832
0,4,1200,Fixed pre-shift law,45.40003776396311,300,0.15133345921321037,1250.0,0.5772267945446939,0.08661090939932832
0,4,1200,Static geometry,45.0276235013965,300,0.15009207833798832,1250.0,0.5772267945446939,0.08661090939932832
0,4,1300,Bayesian ensemble,58.986327425538356,300,0.19662109141846118,1350.0,0.5677787048681129,0.08661090939932832
0,4,1300,Fixed pre-shift law,58.34951926333805,300,0.1944983975444602,1350.0,0.5677787048681129,0.08661090939932832
0,4,1300,Static geometry,59.242637272170896,300,0.19747545757390297,1350.0,0.5677787048681129,0.08661090939932832
0,4,1400,Bayesian ensemble,50.7939220846758,300,0.169313073615586,1450.0,0.5505923409523166,0.08661090939932832
0,4,1400,Fixed pre-shift law,50.28793642275991,300,0.16762645474253304,1450.0,0.5505923409523166,0.08661090939932832
0,4,1400,Static geometry,50.27205334883694,300,0.16757351116278982,1450.0,0.5505923409523166,0.08661090939932832
0,4,1500,Bayesian ensemble,54.26577804050128,300,0.18088592680167093,1550.0,0.5441383520082363,0.08661090939932832
0,4,1500,Fixed pre-shift law,53.90570484685658,300,0.17968568282285527,1550.0,0.5441383520082363,0.08661090939932832
0,4,1500,Static geometry,54.72934827937284,300,0.18243116093124281,1550.0,0.5441383520082363,0.08661090939932832
0,4,1600,Bayesian ensemble,55.0177187795124,300,0.183392395931708,1650.0,0.5303965797362286,0.08661090939932832
0,4,1600,Fixed pre-shift law,54.80010330097229,300,0.18266701100324095,1650.0,0.5303965797362286,0.08661090939932832
0,4,1600,Static geometry,55.54004528589606,300,0.1851334842863202,1650.0,0.5303965797362286,0.08661090939932832
0,4,1700,Bayesian ensemble,52.59543446806293,300,0.1753181148935431,1750.0,0.5284988720029414,0.08661090939932832
0,4,1700,Fixed pre-shift law,51.373925300999986,300,0.17124641766999996,1750.0,0.5284988720029414,0.08661090939932832
0,4,1700,Static geometry,50.76166040524611,300,0.1692055346841537,1750.0,0.5284988720029414,0.08661090939932832
0,4,1800,Bayesian ensemble,56.13088032028137,300,0.1871029344009379,1850.0,0.5354608070414613,0.08661090939932832
0,4,1800,Fixed pre-shift law,54.9784492845905,300,0.18326149761530167,1850.0,0.5354608070414613,0.08661090939932832
0,4,1800,Static geometry,55.32371789456155,300,0.18441239298187181,1850.0,0.5354608070414613,0.08661090939932832
0,4,1900,Bayesian ensemble,51.01632713211539,300,0.170054423773718,1950.0,0.5269658832222582,0.08661090939932832
0,4,1900,Fixed pre-shift law,50.39892996523304,300,0.16799643321744345,1950.0,0.5269658832222582,0.08661090939932832
0,4,1900,Static geometry,50.13601460098174,300,0.16712004866993913,1950.0,0.5269658832222582,0.08661090939932832
0,4,2000,Bayesian ensemble,45.74140994982324,300,0.15247136649941082,2050.0,0.5764611064323477,0.8465259653268178
0,4,2000,Fixed pre-shift law,47.521837244395996,300,0.15840612414798666,2050.0,0.5764611064323477,0.8465259653268178
0,4,2000,Static geometry,46.27104589835931,300,0.1542368196611977,2050.0,0.5764611064323477,0.8465259653268178
0,4,2100,Bayesian ensemble,58.45803312611494,300,0.19486011042038315,2150.0,0.6274856164046829,0.8465259653268178
0,4,2100,Fixed pre-shift law,57.329754360023166,300,0.1910991812000772,2150.0,0.6274856164046829,0.8465259653268178
0,4,2100,Static geometry,57.175377194432265,300,0.19058459064810754,2150.0,0.6274856164046829,0.8465259653268178
0,4,2200,Bayesian ensemble,64.21593202111633,300,0.21405310673705444,2250.0,0.6666182711858437,0.8465259653268178
0,4,2200,Fixed pre-shift law,63.68082818350835,300,0.21226942727836118,2250.0,0.6666182711858437,0.8465259653268178
0,4,2200,Static geometry,63.825516710377464,300,0.2127517223679249,2250.0,0.6666182711858437,0.8465259653268178
0,4,2300,Bayesian ensemble,55.30881592220657,300,0.18436271974068857,2350.0,0.7192283475710003,0.8465259653268178
0,4,2300,Fixed pre-shift law,59.70478589398262,300,0.19901595297994207,2350.0,0.7192283475710003,0.8465259653268178
0,4,2300,Static geometry,59.835242476017385,300,0.1994508082533913,2350.0,0.7192283475710003,0.8465259653268178
0,4,2400,Bayesian ensemble,47.229696672769116,300,0.15743232224256373,2450.0,0.7638227202431431,0.8465259653268178
0,4,2400,Fixed pre-shift law,52.95979776234567,300,0.1765326592078189,2450.0,0.7638227202431431,0.8465259653268178
0,4,2400,Static geometry,51.75210432789935,300,0.17250701442633118,2450.0,0.7638227202431431,0.8465259653268178
0,4,2500,Bayesian ensemble,57.288359710547944,300,0.19096119903515982,2550.0,0.7671114564047921,0.8465259653268178
0,4,2500,Fixed pre-shift law,60.19008958149356,300,0.20063363193831185,2550.0,0.7671114564047921,0.8465259653268178
0,4,2500,Static geometry,59.589865505460416,300,0.1986328850182014,2550.0,0.7671114564047921,0.8465259653268178
0,4,2600,Bayesian ensemble,51.284138104248115,300,0.17094712701416037,2650.0,0.7646970416402108,0.8465259653268178
0,4,2600,Fixed pre-shift law,52.80276755707857,300,0.17600922519026188,2650.0,0.7646970416402108,0.8465259653268178
0,4,2600,Static geometry,51.56402860995759,300,0.1718800953665253,2650.0,0.7646970416402108,0.8465259653268178
0,4,2700,Bayesian ensemble,65.74846640979662,300,0.21916155469932208,2750.0,0.7760644662146993,0.8465259653268178
0,4,2700,Fixed pre-shift law,64.11555218166542,300,0.21371850727221808,2750.0,0.7760644662146993,0.8465259653268178
0,4,2700,Static geometry,64.73560289203931,300,0.21578534297346436,2750.0,0.7760644662146993,0.8465259653268178
0,4,2800,Bayesian ensemble,58.37044178087834,300,0.19456813926959446,2850.0,0.7650346491150551,0.8465259653268178
0,4,2800,Fixed pre-shift law,56.31444663383894,300,0.18771482211279647,2850.0,0.7650346491150551,0.8465259653268178
0,4,2800,Static geometry,55.94327296420556,300,0.18647757654735186,2850.0,0.7650346491150551,0.8465259653268178
0,4,2900,Bayesian ensemble,46.836522822645705,300,0.15612174274215235,2950.0,0.7560763668707571,0.8465259653268178
0,4,2900,Fixed pre-shift law,48.730129478481125,300,0.1624337649282704,2950.0,0.7560763668707571,0.8465259653268178
0,4,2900,Static geometry,48.46419176649275,300,0.16154730588830918,2950.0,0.7560763668707571,0.8465259653268178
0,4,3000,Bayesian ensemble,57.48562087338033,300,0.1916187362446011,3050.0,0.7719546985352398,0.8465259653268178
0,4,3000,Fixed pre-shift law,57.72671978692723,300,0.19242239928975743,3050.0,0.7719546985352398,0.8465259653268178
0,4,3000,Static geometry,57.37812079746028,300,0.19126040265820093,3050.0,0.7719546985352398,0.8465259653268178
0,4,3100,Bayesian ensemble,48.85867646741355,300,0.1628622548913785,3150.0,0.7671844489626074,0.8465259653268178
0,4,3100,Fixed pre-shift law,50.75374150129906,300,0.16917913833766354,3150.0,0.7671844489626074,0.8465259653268178
0,4,3100,Static geometry,50.08792614401656,300,0.16695975381338854,3150.0,0.7671844489626074,0.8465259653268178
0,4,3200,Bayesian ensemble,55.10743426085862,300,0.1836914475361954,3250.0,0.7683835760055073,0.8465259653268178
0,4,3200,Fixed pre-shift law,58.841199984611904,300,0.1961373332820397,3250.0,0.7683835760055073,0.8465259653268178
0,4,3200,Static geometry,58.85218407268146,300,0.1961739469089382,3250.0,0.7683835760055073,0.8465259653268178
0,4,3300,Bayesian ensemble,44.772706597208256,300,0.14924235532402752,3350.0,0.7874285553646544,0.8465259653268178
0,4,3300,Fixed pre-shift law,50.67802375563711,300,0.16892674585212372,3350.0,0.7874285553646544,0.8465259653268178
0,4,3300,Static geometry,48.83270030763255,300,0.1627756676921085,3350.0,0.7874285553646544,0.8465259653268178
0,4,3400,Bayesian ensemble,51.15137606124739,300,0.17050458687082462,3450.0,0.797016645456508,0.8465259653268178
0,4,3400,Fixed pre-shift law,53.9978965368216,300,0.179992988456072,3450.0,0.797016645456508,0.8465259653268178
0,4,3400,Static geometry,53.56277967224213,300,0.17854259890747376,3450.0,0.797016645456508,0.8465259653268178
0,4,3500,Bayesian ensemble,52.15006018539144,300,0.1738335339513048,3550.0,0.787044757088431,0.8465259653268178
0,4,3500,Fixed pre-shift law,51.774724916150326,300,0.17258241638716776,3550.0,0.787044757088431,0.8465259653268178
0,4,3500,Static geometry,51.915516737542575,300,0.17305172245847525,3550.0,0.787044757088431,0.8465259653268178
0,4,3600,Bayesian ensemble,52.11282634620191,300,0.17370942115400637,3650.0,0.7843318342353736,0.8465259653268178
0,4,3600,Fixed pre-shift law,52.28516417491287,300,0.1742838805830429,3650.0,0.7843318342353736,0.8465259653268178
0,4,3600,Static geometry,51.605666808794915,300,0.17201888936264972,3650.0,0.7843318342353736,0.8465259653268178
0,4,3700,Bayesian ensemble,44.95108954448478,300,0.1498369651482826,3750.0,0.7878244341234389,0.8465259653268178
0,4,3700,Fixed pre-shift law,45.03165037746947,300,0.15010550125823155,3750.0,0.7878244341234389,0.8465259653268178
0,4,3700,Static geometry,43.903227846225754,300,0.1463440928207525,3750.0,0.7878244341234389,0.8465259653268178
0,4,3800,Bayesian ensemble,49.443431973562774,300,0.1648114399118759,3850.0,0.7716550589498509,0.8465259653268178
0,4,3800,Fixed pre-shift law,50.547715102346864,300,0.16849238367448954,3850.0,0.7716550589498509,0.8465259653268178
0,4,3800,Static geometry,50.155213842093076,300,0.16718404614031027,3850.0,0.7716550589498509,0.8465259653268178
0,4,3900,Bayesian ensemble,53.57410123771507,300,0.17858033745905022,3950.0,0.7875714671413742,0.8465259653268178
0,4,3900,Fixed pre-shift law,53.042488346212316,300,0.1768082944873744,3950.0,0.7875714671413742,0.8465259653268178
0,4,3900,Static geometry,53.66429236059471,300,0.17888097453531568,3950.0,0.7875714671413742,0.8465259653268178
1,4,300,Bayesian ensemble,63.81516032009807,300,0.21271720106699357,350.0,0.5722217299369848,-0.006687077858443236
1,4,300,Fixed pre-shift law,61.477874777055575,300,0.2049262492568519,350.0,0.5722217299369848,-0.006687077858443236
1,4,300,Static geometry,62.132838300057955,300,0.20710946100019317,350.0,0.5722217299369848,-0.006687077858443236
1,4,400,Bayesian ensemble,57.202439895953574,300,0.19067479965317857,450.0,0.5524441073862968,-0.006687077858443236
1,4,400,Fixed pre-shift law,56.11122699201047,300,0.18703742330670156,450.0,0.5524441073862968,-0.006687077858443236
1,4,400,Static geometry,56.28231416042461,300,0.18760771386808203,450.0,0.5524441073862968,-0.006687077858443236
1,4,500,Bayesian ensemble,61.430042806255535,300,0.20476680935418512,550.0,0.5283506300970463,-0.006687077858443236
1,4,500,Fixed pre-shift law,60.19098282634076,300,0.20063660942113587,550.0,0.5283506300970463,-0.006687077858443236
1,4,500,Static geometry,60.11249608761873,300,0.2003749869587291,550.0,0.5283506300970463,-0.006687077858443236
1,4,600,Bayesian ensemble,62.4420904285203,300,0.208140301428401,650.0,0.5452963185881886,-0.006687077858443236
1,4,600,Fixed pre-shift law,60.511879248776076,300,0.2017062641625869,650.0,0.5452963185881886,-0.006687077858443236
1,4,600,Static geometry,60.680774405922065,300,0.20226924801974022,650.0,0.5452963185881886,-0.006687077858443236
1,4,700,Bayesian ensemble,60.970698577188216,300,0.20323566192396073,750.0,0.5288739771542341,-0.006687077858443236
1,4,700,Fixed pre-shift law,58.925977882082115,300,0.19641992627360705,750.0,0.5288739771542341,-0.006687077858443236
1,4,700,Static geometry,59.59195586127151,300,0.19863985287090502,750.0,0.5288739771542341,-0.006687077858443236
1,4,800,Bayesian ensemble,60.02257343115185,300,0.20007524477050617,850.0,0.5222339661924048,-0.006687077858443236
1,4,800,Fixed pre-shift law,59.34193550609036,300,0.19780645168696787,850.0,0.5222339661924048,-0.006687077858443236
1,4,800,Static geometry,59.767389778121014,300,0.1992246325937367,850.0,0.5222339661924048,-0.006687077858443236
1,4,900,Bayesian ensemble,57.587131797396815,300,0.1919571059913227,950.0,0.5293585300075225,-0.006687077858443236
1,4,900,Fixed pre-shift law,56.53765358328656,300,0.18845884527762188,950.0,0.5293585300075225,-0.006687077858443236
1,4,900,Static geometry,57.7087882738795,300,0.19236262757959832,950.0,0.5293585300075225,-0.006687077858443236
1,4,1000,Bayesian ensemble,61.911358203034666,300,0.20637119401011556,1050.0,0.5163136883018192,-0.006687077858443236
1,4,1000,Fixed pre-shift law,61.01524178459251,300,0.20338413928197505,1050.0,0.5163136883018192,-0.006687077858443236
1,4,1000,Static geometry,61.91795639407934,300,0.20639318798026446,1050.0,0.5163136883018192,-0.006687077858443236
1,4,1100,Bayesian ensemble,59.753699836118436,300,0.1991789994537281,1150.0,0.5197238186864301,-0.006687077858443236
1,4,1100,Fixed pre-shift law,58.60502935832151,300,0.1953500978610717,1150.0,0.5197238186864301,-0.006687077858443236
1,4,1100,Static geometry,59.02964371921364,300,0.19676547906404546,1150.0,0.5197238186864301,-0.006687077858443236
1,4,1200,Bayesian ensemble,58.65223001908945,300,0.19550743339696483,1250.0,0.5117512797118919,-0.006687077858443236
1,4,1200,Fixed pre-shift law,57.96149006787703,300,0.19320496689292344,1250.0,0.5117512797118919,-0.006687077858443236
1,4,1200,Static geometry,58.13198320338028,300,0.19377327734460092,1250.0,0.5117512797118919,-0.006687077858443236
1,4,1300,Bayesian ensemble,63.263080775176185,300,0.21087693591725395,1350.0,0.5103167036741943,-0.006687077858443236
1,4,1300,Fixed pre-shift law,62.24227076711388,300,0.2074742358903796,1350.0,0.5103167036741943,-0.006687077858443236
1,4,1300,Static geometry,62.893023805043136,300,0.2096434126834771,1350.0,0.5103167036741943,-0.006687077858443236
1,4,1400,Bayesian ensemble,58.45674537720588,300,0.1948558179240196,1450.0,0.5105750756993057,-0.006687077858443236
1,4,1400,Fixed pre-shift law,58.19728016104751,300,0.19399093387015837,1450.0,0.5105750756993057,-0.006687077858443236
1,4,1400,Static geometry,58.372354242771785,300,0.19457451414257262,1450.0,0.5105750756993057,-0.006687077858443236
1,4,1500,Bayesian ensemble,61.05352417851611,300,0.2035117472617204,1550.0,0.5094153776288121,-0.006687077858443236
1,4,1500,Fixed pre-shift law,59.523658567090216,300,0.19841219522363404,1550.0,0.5094153776288121,-0.006687077858443236
1,4,1500,Static geometry,59.681618303204495,300,0.19893872767734833,1550.0,0.5094153776288121,-0.006687077858443236
1,4,1600,Bayesian ensemble,63.133015323171186,300,0.21044338441057062,1650.0,0.5036687203660025,-0.006687077858443236
1,4,1600,Fixed pre-shift law,62.084736724625536,300,0.20694912241541846,1650.0,0.5036687203660025,-0.006687077858443236
1,4,1600,Static geometry,62.00338738702219,300,0.20667795795674063,1650.0,0.5036687203660025,-0.006687077858443236
1,4,1700,Bayesian ensemble,58.165322821957645,300,0.1938844094065255,1750.0,0.512088588685319,-0.006687077858443236
1,4,1700,Fixed pre-shift law,56.90126600357422,300,0.18967088667858073,1750.0,0.512088588685319,-0.006687077858443236
1,4,1700,Static geometry,58.55871042574014,300,0.19519570141913378,1750.0,0.512088588685319,-0.006687077858443236
1,4,1800,Bayesian ensemble,62.697822324139864,300,0.2089927410804662,1850.0,0.5082501381908862,-0.006687077858443236
1,4,1800,Fixed pre-shift law,60.07977080896769,300,0.20026590269655895,1850.0,0.5082501381908862,-0.006687077858443236
1,4,1800,Static geometry,59.75718730223233,300,0.19919062434077445,1850.0,0.5082501381908862,-0.006687077858443236
1,4,1900,Bayesian ensemble,59.23600756918933,300,0.19745335856396445,1950.0,0.5005689992750758,-0.006687077858443236
1,4,1900,Fixed pre-shift law,58.94892380383314,300,0.1964964126794438,1950.0,0.5005689992750758,-0.006687077858443236
1,4,1900,Static geometry,58.879707042994454,300,0.19626569014331485,1950.0,0.5005689992750758,-0.006687077858443236
1,4,2000,Bayesian ensemble,58.610452541757084,300,0.19536817513919028,2050.0,0.5507916321476203,0.8433449481642011
1,4,2000,Fixed pre-shift law,59.895423439144395,300,0.19965141146381465,2050.0,0.5507916321476203,0.8433449481642011
1,4,2000,Static geometry,60.3119550875093,300,0.20103985029169766,2050.0,0.5507916321476203,0.8433449481642011
1,4,2100,Bayesian ensemble,63.7246706312013,300,0.212415568770671,2150.0,0.59848302215361,0.8433449481642011
1,4,2100,Fixed pre-shift law,64.12385169046715,300,0.21374617230155715,2150.0,0.59848302215361,0.8433449481642011
1,4,2100,Static geometry,64.80142628293689,300,0.2160047542764563,2150.0,0.59848302215361,0.8433449481642011
1,4,2200,Bayesian ensemble,58.352848090864796,300,0.19450949363621597,2250.0,0.6785371907491625,0.8433449481642011
1,4,2200,Fixed pre-shift law,59.54463328249659,300,0.1984821109416553,2250.0,0.6785371907491625,0.8433449481642011
1,4,2200,Static geometry,59.72830729569783,300,0.1990943576523261,2250.0,0.6785371907491625,0.8433449481642011
1,4,2300,Bayesian ensemble,60.48458014785292,300,0.20161526715950973,2350.0,0.732256466081652,0.8433449481642011
1,4,2300,Fixed pre-shift law,56.27300626712793,300,0.1875766875570931,2350.0,0.732256466081652,0.8433449481642011
1,4,2300,Static geometry,56.20578508497709,300,0.1873526169499236,2350.0,0.732256466081652,0.8433449481642011
1,4,2400,Bayesian ensemble,54.05363187329356,300,0.18017877291097853,2450.0,0.7387113399530542,0.8433449481642011
1,4,2400,Fixed pre-shift law,54.92280615331111,300,0.18307602051103702,2450.0,0.7387113399530542,0.8433449481642011
1,4,2400,Static geometry,54.61357271111528,300,0.18204524237038427,2450.0,0.7387113399530542,0.8433449481642011
1,4,2500,Bayesian ensemble,65.22796558122177,300,0.2174265519374059,2550.0,0.7303975696253421,0.8433449481642011
1,4,2500,Fixed pre-shift law,63.460978419790955,300,0.21153659473263653,2550.0,0.7303975696253421,0.8433449481642011
1,4,2500,Static geometry,62.89594083358641,300,0.20965313611195469,2550.0,0.7303975696253421,0.8433449481642011
1,4,2600,Bayesian ensemble,60.099303245084705,300,0.200331010816949,2650.0,0.7467916316837448,0.8433449481642011
1,4,2600,Fixed pre-shift law,70.19253167800527,300,0.23397510559335088,2650.0,0.7467916316837448,0.8433449481642011
1,4,2600,Static geometry,69.65965314550473,300,0.23219884381834913,2650.0,0.7467916316837448,0.8433449481642011
1,4,2700,Bayesian ensemble,56.678761860036715,300,0.18892920620012238,2750.0,0.7658072030651704,0.8433449481642011
1,4,2700,Fixed pre-shift law,62.743826589308235,300,0.20914608863102746,2750.0,0.7658072030651704,0.8433449481642011
1,4,2700,Static geometry,62.19968114919507,300,0.2073322704973169,2750.0,0.7658072030651704,0.8433449481642011
1,4,2800,Bayesian ensemble,53.94360882628914,300,0.1798120294209638,2850.0,0.7757963479085123,0.8433449481642011
1,4,2800,Fixed pre-shift law,52.7170799952632,300,0.17572359998421067,2850.0,0.7757963479085123,0.8433449481642011
1,4,2800,Static geometry,52.16149542731433,300,0.1738716514243811,2850.0,0.7757963479085123,0.8433449481642011
1,4,2900,Bayesian ensemble,65.6644252622277,300,0.218881417540759,2950.0,0.775555149307208,0.8433449481642011
1,4,2900,Fixed pre-shift law,65.06301709100845,300,0.21687672363669483,2950.0,0.775555149307208,0.8433449481642011
1,4,2900,Static geometry,65.72607682993153,300,0.21908692276643843,2950.0,0.775555149307208,0.8433449481642011
1,4,3000,Bayesian ensemble,55.163196925965664,300,0.18387732308655222,3050.0,0.7810611892979324,0.8433449481642011
1,4,3000,Fixed pre-shift law,53.41387700321321,300,0.17804625667737736,3050.0,0.7810611892979324,0.8433449481642011
1,4,3000,Static geometry,52.84349214035264,300,0.17614497380117547,3050.0,0.7810611892979324,0.8433449481642011
1,4,3100,Bayesian ensemble,61.83044346777941,300,0.20610147822593136,3150.0,0.774155499432342,0.8433449481642011
1,4,3100,Fixed pre-shift law,73.77089354008378,300,0.24590297846694592,3150.0,0.774155499432342,0.8433449481642011
1,4,3100,Static geometry,73.73062747092538,300,0.24576875823641794,3150.0,0.774155499432342,0.8433449481642011
1,4,3200,Bayesian ensemble,56.195636794994755,300,0.1873187893166492,3250.0,0.7712017597479845,0.8433449481642011
1,4,3200,Fixed pre-shift law,53.825889207490505,300,0.17941963069163502,3250.0,0.7712017597479845,0.8433449481642011
1,4,3200,Static geometry,53.51020638887025,300,0.17836735462956751,3250.0,0.7712017597479845,0.8433449481642011
1,4,3300,Bayesian ensemble,52.4748387642633,300,0.174916129214211,3350.0,0.7907826106849438,0.8433449481642011
1,4,3300,Fixed pre-shift law,52.71560573527959,300,0.1757186857842653,3350.0,0.7907826106849438,0.8433449481642011
1,4,3300,Static geometry,52.160930327621294,300,0.17386976775873764,3350.0,0.7907826106849438,0.8433449481642011
1,4,3400,Bayesian ensemble,50.4839099914709,300,0.16827969997156966,3450.0,0.7910281200550489,0.8433449481642011
1,4,3400,Fixed pre-shift law,52.69540513398284,300,0.17565135044660946,3450.0,0.7910281200550489,0.8433449481642011
1,4,3400,Static geometry,51.1640262258378,300,0.17054675408612602,3450.0,0.7910281200550489,0.8433449481642011
1,4,3500,Bayesian ensemble,59.6455547589986,300,0.19881851586332866,3550.0,0.787691444738401,0.8433449481642011
1,4,3500,Fixed pre-shift law,57.705165945545524,300,0.1923505531518184,3550.0,0.787691444738401,0.8433449481642011
1,4,3500,Static geometry,56.91037441226924,300,0.18970124804089747,3550.0,0.787691444738401,0.8433449481642011
1,4,3600,Bayesian ensemble,66.67977098938469,300,0.22226590329794899,3650.0,0.7694521735095744,0.8433449481642011
1,4,3600,Fixed pre-shift law,64.48521246046502,300,0.21495070820155007,3650.0,0.7694521735095744,0.8433449481642011
1,4,3600,Static geometry,64.4247244712023,300,0.21474908157067432,3650.0,0.7694521735095744,0.8433449481642011
1,4,3700,Bayesian ensemble,57.276669761473684,300,0.1909222325382456,3750.0,0.7701415872979541,0.8433449481642011
1,4,3700,Fixed pre-shift law,68.88790723257351,300,0.2296263574419117,3750.0,0.7701415872979541,0.8433449481642011
1,4,3700,Static geometry,68.59935063683899,300,0.22866450212279663,3750.0,0.7701415872979541,0.8433449481642011
1,4,3800,Bayesian ensemble,62.410720874587945,300,0.20803573624862648,3850.0,0.7709040590934244,0.8433449481642011
1,4,3800,Fixed pre-shift law,61.00171635115945,300,0.20333905450386483,3850.0,0.7709040590934244,0.8433449481642011
1,4,3800,Static geometry,60.93192768430619,300,0.20310642561435396,3850.0,0.7709040590934244,0.8433449481642011
1,4,3900,Bayesian ensemble,57.951924023791975,300,0.19317308007930659,3950.0,0.78131440862227,0.8433449481642011
1,4,3900,Fixed pre-shift law,55.17732284321268,300,0.1839244094773756,3950.0,0.78131440862227,0.8433449481642011
1,4,3900,Static geometry,54.85231470686467,300,0.18284104902288223,3950.0,0.78131440862227,0.8433449481642011
2,4,300,Bayesian ensemble,54.30171142358363,300,0.18100570474527877,350.0,0.5841075627316727,0.16319007622605886
2,4,300,Fixed pre-shift law,53.07173127188008,300,0.17690577090626694,350.0,0.5841075627316727,0.16319007622605886
2,4,300,Static geometry,52.75159997097582,300,0.1758386665699194,350.0,0.5841075627316727,0.16319007622605886
2,4,400,Bayesian ensemble,50.47461617685563,300,0.16824872058951879,450.0,0.5749669798846972,0.16319007622605886
2,4,400,Fixed pre-shift law,50.341746908598495,300,0.16780582302866165,450.0,0.5749669798846972,0.16319007622605886
2,4,400,Static geometry,50.456883380369916,300,0.16818961126789972,450.0,0.5749669798846972,0.16319007622605886
2,4,500,Bayesian ensemble,59.217768696774996,300,0.19739256232258331,550.0,0.5562441608734126,0.16319007622605886
2,4,500,Fixed pre-shift law,58.03836151193761,300,0.19346120503979203,550.0,0.5562441608734126,0.16319007622605886
2,4,500,Static geometry,58.73669191287695,300,0.19578897304292317,550.0,0.5562441608734126,0.16319007622605886
2,4,600,Bayesian ensemble,58.71156488188614,300,0.1957052162729538,650.0,0.5355287433768897,0.16319007622605886
2,4,600,Fixed pre-shift law,58.465276220598206,300,0.1948842540686607,650.0,0.5355287433768897,0.16319007622605886
2,4,600,Static geometry,59.18485516686596,300,0.19728285055621986,650.0,0.5355287433768897,0.16319007622605886
2,4,700,Bayesian ensemble,53.2519996422542,300,0.17750666547418065,750.0,0.5361040889012711,0.16319007622605886
2,4,700,Fixed pre-shift law,52.138011501855686,300,0.17379337167285228,750.0,0.5361040889012711,0.16319007622605886
2,4,700,Static geometry,52.02171026730114,300,0.1734057008910038,750.0,0.5361040889012711,0.16319007622605886
2,4,800,Bayesian ensemble,55.79281521790957,300,0.18597605072636522,850.0,0.5475928645456516,0.16319007622605886
2,4,800,Fixed pre-shift law,54.72403202338937,300,0.18241344007796456,850.0,0.5475928645456516,0.16319007622605886
2,4,800,Static geometry,55.41724493675217,300,0.1847241497891739,850.0,0.5475928645456516,0.16319007622605886
2,4,900,Bayesian ensemble,60.25694088909459,300,0.20085646963031528,950.0,0.5216511144771885,0.16319007622605886
2,4,900,Fixed pre-shift law,59.13689844892153,300,0.1971229948297384,950.0,0.5216511144771885,0.16319007622605886
2,4,900,Static geometry,59.8551028956664,300,0.19951700965222133,950.0,0.5216511144771885,0.16319007622605886
2,4,1000,Bayesian ensemble,58.17110547455618,300,0.19390368491518725,1050.0,0.5304870736695865,0.16319007622605886
2,4,1000,Fixed pre-shift law,57.320267146128685,300,0.19106755715376228,1050.0,0.5304870736695865,0.16319007622605886
2,4,1000,Static geometry,58.03216106311734,300,0.1934405368770578,1050.0,0.5304870736695865,0.16319007622605886
2,4,1100,Bayesian ensemble,52.293616597187935,300,0.17431205532395977,1150.0,0.5512150139045624,0.16319007622605886
2,4,1100,Fixed pre-shift law,50.72805787857812,300,0.16909352626192706,1150.0,0.5512150139045624,0.16319007622605886
2,4,1100,Static geometry,50.59661766776757,300,0.1686553922258919,1150.0,0.5512150139045624,0.16319007622605886
2,4,1200,Bayesian ensemble,57.81266060574695,300,0.19270886868582315,1250.0,0.540013411613485,0.16319007622605886
2,4,1200,Fixed pre-shift law,55.56809472967548,300,0.1852269824322516,1250.0,0.540013411613485,0.16319007622605886
2,4,1200,Static geometry,56.04542732194216,300,0.1868180910731405,1250.0,0.540013411613485,0.16319007622605886
2,4,1300,Bayesian ensemble,52.646647473105226,300,0.17548882491035075,1350.0,0.5252696167835075,0.16319007622605886
2,4,1300,Fixed pre-shift law,52.37621014609972,300,0.17458736715366574,1350.0,0.5252696167835075,0.16319007622605886
2,4,1300,Static geometry,53.490667519299656,300,0.1783022250643322,1350.0,0.5252696167835075,0.16319007622605886
2,4,1400,Bayesian ensemble,57.57933569055485,300,0.19193111896851617,1450.0,0.5226019521807185,0.16319007622605886
2,4,1400,Fixed pre-shift law,57.25263701109812,300,0.19084212337032708,1450.0,0.5226019521807185,0.16319007622605886
2,4,1400,Static geometry,58.556749166467235,300,0.1951891638882241,1450.0,0.5226019521807185,0.16319007622605886
2,4,1500,Bayesian ensemble,53.52002274895729,300,0.17840007582985762,1550.0,0.5175751431327081,0.16319007622605886
2,4,1500,Fixed pre-shift law,52.275349310294544,300,0.17425116436764848,1550.0,0.5175751431327081,0.16319007622605886
2,4,1500,Static geometry,52.361772293925306,300,0.17453924097975101,1550.0,0.5175751431327081,0.16319007622605886
2,4,1600,Bayesian ensemble,59.48819626175498,300,0.19829398753918326,1650.0,0.5292108398134533,0.16319007622605886
2,4,1600,Fixed pre-shift law,58.82286139797537,300,0.1960762046599179,1650.0,0.5292108398134533,0.16319007622605886
2,4,1600,Static geometry,58.697596001070686,300,0.19565865333690227,1650.0,0.5292108398134533,0.16319007622605886
2,4,1700,Bayesian ensemble,56.10062781000038,300,0.1870020927000013,1750.0,0.5346096057155002,0.16319007622605886
2,4,1700,Fixed pre-shift law,53.30021817658509,300,0.1776673939219503,1750.0,0.5346096057155002,0.16319007622605886
2,4,1700,Static geometry,53.38835635988996,300,0.17796118786629986,1750.0,0.5346096057155002,0.16319007622605886
2,4,1800,Bayesian ensemble,63.9494490191129,300,0.21316483006370965,1850.0,0.5310868861708258,0.16319007622605886
2,4,1800,Fixed pre-shift law,63.18654765497616,300,0.2106218255165872,1850.0,0.5310868861708258,0.16319007622605886
2,4,1800,Static geometry,63.67207192337629,300,0.21224023974458764,1850.0,0.5310868861708258,0.16319007622605886
2,4,1900,Bayesian ensemble,58.28324978421275,300,0.19427749928070917,1950.0,0.528661752962002,0.16319007622605886
2,4,1900,Fixed pre-shift law,57.26765527034435,300,0.19089218423448118,1950.0,0.528661752962002,0.16319007622605886
2,4,1900,Static geometry,57.15886117427918,300,0.19052953724759727,1950.0,0.528661752962002,0.16319007622605886
2,4,2000,Bayesian ensemble,57.00055017179072,300,0.19000183390596906,2050.0,0.5611991672801628,0.8706712693957441
2,4,2000,Fixed pre-shift law,53.630054918382214,300,0.1787668497279407,2050.0,0.5611991672801628,0.8706712693957441
2,4,2000,Static geometry,53.52056138826715,300,0.17840187129422383,2050.0,0.5611991672801628,0.8706712693957441
2,4,2100,Bayesian ensemble,48.156489060784416,300,0.16052163020261473,2150.0,0.6125395897158181,0.8706712693957441
2,4,2100,Fixed pre-shift law,52.14885536871526,300,0.17382951789571754,2150.0,0.6125395897158181,0.8706712693957441
2,4,2100,Static geometry,51.62641347776675,300,0.17208804492588917,2150.0,0.6125395897158181,0.8706712693957441
2,4,2200,Bayesian ensemble,59.83481219766182,300,0.19944937399220605,2250.0,0.6629729893743996,0.8706712693957441
2,4,2200,Fixed pre-shift law,57.482408307105864,300,0.19160802769035287,2250.0,0.6629729893743996,0.8706712693957441
2,4,2200,Static geometry,57.76329622901668,300,0.19254432076338893,2250.0,0.6629729893743996,0.8706712693957441
2,4,2300,Bayesian ensemble,49.04799890059982,300,0.16349332966866606,2350.0,0.6670378022008475,0.8706712693957441
2,4,2300,Fixed pre-shift law,51.849118495480944,300,0.1728303949849365,2350.0,0.6670378022008475,0.8706712693957441
2,4,2300,Static geometry,51.3238966334685,300,0.171079655444895,2350.0,0.6670378022008475,0.8706712693957441
2,4,2400,Bayesian ensemble,49.045363748682945,300,0.16348454582894315,2450.0,0.6982945443131401,0.8706712693957441
2,4,2400,Fixed pre-shift law,46.74119468313206,300,0.15580398227710687,2450.0,0.6982945443131401,0.8706712693957441
2,4,2400,Static geometry,46.43293443020271,300,0.1547764481006757,2450.0,0.6982945443131401,0.8706712693957441
2,4,2500,Bayesian ensemble,47.941300109472365,300,0.1598043336982412,2550.0,0.7115877659473334,0.8706712693957441
2,4,2500,Fixed pre-shift law,46.18974097075827,300,0.1539658032358609,2550.0,0.7115877659473334,0.8706712693957441
2,4,2500,Static geometry,45.6933625372938,300,0.152311208457646,2550.0,0.7115877659473334,0.8706712693957441
2,4,2600,Bayesian ensemble,53.7600537843882,300,0.179200179281294,2650.0,0.7179283226420979,0.8706712693957441
2,4,2600,Fixed pre-shift law,53.88448426948519,300,0.17961494756495064,2650.0,0.7179283226420979,0.8706712693957441
2,4,2600,Static geometry,53.17480371513187,300,0.17724934571710624,2650.0,0.7179283226420979,0.8706712693957441
2,4,2700,Bayesian ensemble,50.77597084505215,300,0.16925323615017385,2750.0,0.7363069570678913,0.8706712693957441
2,4,2700,Fixed pre-shift law,50.070739492873656,300,0.16690246497624553,2750.0,0.7363069570678913,0.8706712693957441
2,4,2700,Static geometry,49.9813576147839,300,0.166604525382613,2750.0,0.7363069570678913,0.8706712693957441
2,4,2800,Bayesian ensemble,53.40996482033951,300,0.17803321606779837,2850.0,0.7384061959318912,0.8706712693957441
2,4,2800,Fixed pre-shift law,54.47418828255405,300,0.1815806276085135,2850.0,0.7384061959318912,0.8706712693957441
2,4,2800,Static geometry,54.38155778168139,300,0.1812718592722713,2850.0,0.7384061959318912,0.8706712693957441
2,4,2900,Bayesian ensemble,51.83644427993491,300,0.17278814759978303,2950.0,0.7454803688030971,0.8706712693957441
2,4,2900,Fixed pre-shift law,49.309215703182616,300,0.16436405234394205,2950.0,0.7454803688030971,0.8706712693957441
2,4,2900,Static geometry,49.400923809792744,300,0.16466974603264248,2950.0,0.7454803688030971,0.8706712693957441
2,4,3000,Bayesian ensemble,44.854626720541276,300,0.14951542240180427,3050.0,0.7494710579892369,0.8706712693957441
2,4,3000,Fixed pre-shift law,44.95710497738722,300,0.14985701659129072,3050.0,0.7494710579892369,0.8706712693957441
2,4,3000,Static geometry,44.02338400672674,300,0.14674461335575578,3050.0,0.7494710579892369,0.8706712693957441
2,4,3100,Bayesian ensemble,49.70263951834717,300,0.16567546506115724,3150.0,0.7437980388679479,0.8706712693957441
2,4,3100,Fixed pre-shift law,49.68805948365476,300,0.16562686494551587,3150.0,0.7437980388679479,0.8706712693957441
2,4,3100,Static geometry,48.985066026228026,300,0.1632835534207601,3150.0,0.7437980388679479,0.8706712693957441
2,4,3200,Bayesian ensemble,53.31749688872593,300,0.17772498962908642,3250.0,0.7479810491066091,0.8706712693957441
2,4,3200,Fixed pre-shift law,52.169342261577015,300,0.17389780753859005,3250.0,0.7479810491066091,0.8706712693957441
2,4,3200,Static geometry,51.0575761602459,300,0.170191920534153,3250.0,0.7479810491066091,0.8706712693957441
2,4,3300,Bayesian ensemble,50.38738508803602,300,0.1679579502934534,3350.0,0.7386247081858014,0.8706712693957441
2,4,3300,Fixed pre-shift law,50.36687857439036,300,0.16788959524796787,3350.0,0.7386247081858014,0.8706712693957441
2,4,3300,Static geometry,50.04106051476688,300,0.16680353504922293,3350.0,0.7386247081858014,0.8706712693957441
2,4,3400,Bayesian ensemble,49.79423927330643,300,0.1659807975776881,3450.0,0.7375472604599367,0.8706712693957441
2,4,3400,Fixed pre-shift law,60.58542892507596,300,0.2019514297502532,3450.0,0.7375472604599367,0.8706712693957441
2,4,3400,Static geometry,59.69569764998525,300,0.19898565883328417,3450.0,0.7375472604599367,0.8706712693957441
2,4,3500,Bayesian ensemble,58.382265840962326,300,0.19460755280320774,3550.0,0.7585094329687614,0.8706712693957441
2,4,3500,Fixed pre-shift law,55.402069252801084,300,0.1846735641760036,3550.0,0.7585094329687614,0.8706712693957441
2,4,3500,Static geometry,55.282769036984845,300,0.1842758967899495,3550.0,0.7585094329687614,0.8706712693957441
2,4,3600,Bayesian ensemble,52.777452719649325,300,0.17592484239883108,3650.0,0.766318183775627,0.8706712693957441
2,4,3600,Fixed pre-shift law,59.00626923754932,300,0.1966875641251644,3650.0,0.766318183775627,0.8706712693957441
2,4,3600,Static geometry,58.92332268746871,300,0.1964110756248957,3650.0,0.766318183775627,0.8706712693957441
2,4,3700,Bayesian ensemble,47.7965201260619,300,0.15932173375353967,3750.0,0.7635015614428938,0.8706712693957441
2,4,3700,Fixed pre-shift law,54.63982609755646,300,0.18213275365852152,3750.0,0.7635015614428938,0.8706712693957441
2,4,3700,Static geometry,54.121917027603835,300,0.18040639009201279,3750.0,0.7635015614428938,0.8706712693957441
2,4,3800,Bayesian ensemble,46.02604392171465,300,0.1534201464057155,3850.0,0.7663169691441258,0.8706712693957441
2,4,3800,Fixed pre-shift law,47.20694390901081,300,0.1573564796967027,3850.0,0.7663169691441258,0.8706712693957441
2,4,3800,Static geometry,46.268670829144895,300,0.15422890276381632,3850.0,0.7663169691441258,0.8706712693957441
2,4,3900,Bayesian ensemble,54.786915481060866,300,0.18262305160353623,3950.0,0.7469949423999632,0.8706712693957441
2,4,3900,Fixed pre-shift law,54.854408888894625,300,0.18284802962964875,3950.0,0.7469949423999632,0.8706712693957441
2,4,3900,Static geometry,54.34758026375612,300,0.18115860087918706,3950.0,0.7469949423999632,0.8706712693957441
3,4,300,Bayesian ensemble,60.57472960095226,300,0.20191576533650754,350.0,0.5484349306668067,-0.009906203911314785
3,4,300,Fixed pre-shift law,59.65777074803936,300,0.19885923582679788,350.0,0.5484349306668067,-0.009906203911314785
3,4,300,Static geometry,61.411136747277155,300,0.20470378915759052,350.0,0.5484349306668067,-0.009906203911314785
3,4,400,Bayesian ensemble,54.13164853438691,300,0.18043882844795636,450.0,0.5399067768210734,-0.009906203911314785
3,4,400,Fixed pre-shift law,52.26182300226454,300,0.17420607667421514,450.0,0.5399067768210734,-0.009906203911314785
3,4,400,Static geometry,52.979568090828494,300,0.17659856030276164,450.0,0.5399067768210734,-0.009906203911314785
3,4,500,Bayesian ensemble,57.857081965099844,300,0.19285693988366615,550.0,0.5515298791001232,-0.009906203911314785
3,4,500,Fixed pre-shift law,58.01617229749458,300,0.19338724099164858,550.0,0.5515298791001232,-0.009906203911314785
3,4,500,Static geometry,59.401782926556336,300,0.19800594308852112,550.0,0.5515298791001232,-0.009906203911314785
3,4,600,Bayesian ensemble,58.541051525159006,300,0.19513683841719667,650.0,0.5389687712370356,-0.009906203911314785
3,4,600,Fixed pre-shift law,57.603469890959644,300,0.19201156630319882,650.0,0.5389687712370356,-0.009906203911314785
3,4,600,Static geometry,58.9308049576907,300,0.19643601652563566,650.0,0.5389687712370356,-0.009906203911314785
3,4,700,Bayesian ensemble,60.137036716559734,300,0.20045678905519912,750.0,0.5299545213422817,-0.009906203911314785
3,4,700,Fixed pre-shift law,59.32624223528554,300,0.19775414078428513,750.0,0.5299545213422817,-0.009906203911314785
3,4,700,Static geometry,58.98607258675801,300,0.19662024195586003,750.0,0.5299545213422817,-0.009906203911314785
3,4,800,Bayesian ensemble,58.17522724707264,300,0.1939174241569088,850.0,0.5070664554994004,-0.009906203911314785
3,4,800,Fixed pre-shift law,58.69488874476064,300,0.19564962914920214,850.0,0.5070664554994004,-0.009906203911314785
3,4,800,Static geometry,59.43886345007112,300,0.1981295448335704,850.0,0.5070664554994004,-0.009906203911314785
3,4,900,Bayesian ensemble,59.61801145556224,300,0.19872670485187413,950.0,0.5172986147797295,-0.009906203911314785
3,4,900,Fixed pre-shift law,58.47341975931005,300,0.19491139919770015,950.0,0.5172986147797295,-0.009906203911314785
3,4,900,Static geometry,59.43061485479557,300,0.19810204951598523,950.0,0.5172986147797295,-0.009906203911314785
3,4,1000,Bayesian ensemble,56.8588808487324,300,0.189529602829108,1050.0,0.5025620441254417,-0.009906203911314785
3,4,1000,Fixed pre-shift law,57.03107367855665,300,0.19010357892852217,1050.0,0.5025620441254417,-0.009906203911314785
3,4,1000,Static geometry,56.77118729573603,300,0.18923729098578676,1050.0,0.5025620441254417,-0.009906203911314785
3,4,1100,Bayesian ensemble,60.63076066281427,300,0.20210253554271423,1150.0,0.49974433756069625,-0.009906203911314785
3,4,1100,Fixed pre-shift law,58.936317915609635,300,0.1964543930520321,1150.0,0.49974433756069625,-0.009906203911314785
3,4,1100,Static geometry,59.847960297567155,300,0.19949320099189052,1150.0,0.49974433756069625,-0.009906203911314785
3,4,1200,Bayesian ensemble,59.793388917034974,300,0.19931129639011658,1250.0,0.5038112824617652,-0.009906203911314785
3,4,1200,Fixed pre-shift law,59.18474581355379,300,0.19728248604517928,1250.0,0.5038112824617652,-0.009906203911314785
3,4,1200,Static geometry,61.07183830182794,300,0.20357279433942646,1250.0,0.5038112824617652,-0.009906203911314785
3,4,1300,Bayesian ensemble,59.30330351412242,300,0.19767767838040806,1350.0,0.5130302847918431,-0.009906203911314785
3,4,1300,Fixed pre-shift law,57.85346569509217,300,0.19284488565030722,1350.0,0.5130302847918431,-0.009906203911314785
3,4,1300,Static geometry,57.7501962672146,300,0.19250065422404866,1350.0,0.5130302847918431,-0.009906203911314785
3,4,1400,Bayesian ensemble,54.4593144498579,300,0.181531048166193,1450.0,0.5031253350599725,-0.009906203911314785
3,4,1400,Fixed pre-shift law,53.66260451161445,300,0.17887534837204816,1450.0,0.5031253350599725,-0.009906203911314785
3,4,1400,Static geometry,53.69164142141956,300,0.17897213807139853,1450.0,0.5031253350599725,-0.009906203911314785
3,4,1500,Bayesian ensemble,57.40042548702579,300,0.1913347516234193,1550.0,0.4975229825941145,-0.009906203911314785
3,4,1500,Fixed pre-shift law,57.221708911172705,300,0.19073902970390902,1550.0,0.4975229825941145,-0.009906203911314785
3,4,1500,Static geometry,57.839103716480665,300,0.19279701238826888,1550.0,0.4975229825941145,-0.009906203911314785
3,4,1600,Bayesian ensemble,61.76589515124535,300,0.20588631717081785,1650.0,0.4904282616962475,-0.009906203911314785
3,4,1600,Fixed pre-shift law,61.720801782813766,300,0.20573600594271255,1650.0,0.4904282616962475,-0.009906203911314785
3,4,1600,Static geometry,63.442400747143516,300,0.21147466915714505,1650.0,0.4904282616962475,-0.009906203911314785
3,4,1700,Bayesian ensemble,62.77481988424595,300,0.20924939961415318,1750.0,0.5077329733588519,-0.009906203911314785
3,4,1700,Fixed pre-shift law,61.669863065431464,300,0.20556621021810487,1750.0,0.5077329733588519,-0.009906203911314785
3,4,1700,Static geometry,63.5791433714245,300,0.21193047790474834,1750.0,0.5077329733588519,-0.009906203911314785
3,4,1800,Bayesian ensemble,62.392973894494965,300,0.20797657964831656,1850.0,0.4912517865090054,-0.009906203911314785
3,4,1800,Fixed pre-shift law,61.24147479534216,300,0.2041382493178072,1850.0,0.4912517865090054,-0.009906203911314785
3,4,1800,Static geometry,62.18598660007069,300,0.20728662200023565,1850.0,0.4912517865090054,-0.009906203911314785
3,4,1900,Bayesian ensemble,58.37790915425559,300,0.1945930305141853,1950.0,0.4825064246359043,-0.009906203911314785
3,4,1900,Fixed pre-shift law,57.11139304241855,300,0.19037131014139516,1950.0,0.4825064246359043,-0.009906203911314785
3,4,1900,Static geometry,58.18572104133113,300,0.19395240347110376,1950.0,0.4825064246359043,-0.009906203911314785
3,4,2000,Bayesian ensemble,51.43350881520788,300,0.17144502938402625,2050.0,0.5246659948089373,0.8327028872650256
3,4,2000,Fixed pre-shift law,50.47156670355534,300,0.1682385556785178,2050.0,0.5246659948089373,0.8327028872650256
3,4,2000,Static geometry,50.95544389439506,300,0.16985147964798353,2050.0,0.5246659948089373,0.8327028872650256
3,4,2100,Bayesian ensemble,54.69103037197627,300,0.18230343457325424,2150.0,0.5820833254663903,0.8327028872650256
3,4,2100,Fixed pre-shift law,54.852288460196945,300,0.18284096153398982,2150.0,0.5820833254663903,0.8327028872650256
3,4,2100,Static geometry,54.15213529889742,300,0.1805071176629914,2150.0,0.5820833254663903,0.8327028872650256
3,4,2200,Bayesian ensemble,52.07429997723881,300,0.17358099992412937,2250.0,0.6285882319654532,0.8327028872650256
3,4,2200,Fixed pre-shift law,52.183598849983746,300,0.17394532949994582,2250.0,0.6285882319654532,0.8327028872650256
3,4,2200,Static geometry,49.99322747184673,300,0.16664409157282242,2250.0,0.6285882319654532,0.8327028872650256
3,4,2300,Bayesian ensemble,60.86449911792574,300,0.20288166372641914,2350.0,0.6662102782709668,0.8327028872650256
3,4,2300,Fixed pre-shift law,58.52553666751479,300,0.1950851222250493,2350.0,0.6662102782709668,0.8327028872650256
3,4,2300,Static geometry,58.148841753833366,300,0.19382947251277788,2350.0,0.6662102782709668,0.8327028872650256
3,4,2400,Bayesian ensemble,60.43457241603879,300,0.2014485747201293,2450.0,0.6887975921650538,0.8327028872650256
3,4,2400,Fixed pre-shift law,58.116118829248734,300,0.19372039609749578,2450.0,0.6887975921650538,0.8327028872650256
3,4,2400,Static geometry,58.00503795560612,300,0.19335012651868708,2450.0,0.6887975921650538,0.8327028872650256
3,4,2500,Bayesian ensemble,52.10453145264164,300,0.17368177150880545,2550.0,0.7127125013308074,0.8327028872650256
3,4,2500,Fixed pre-shift law,52.588092749430494,300,0.17529364249810164,2550.0,0.7127125013308074,0.8327028872650256
3,4,2500,Static geometry,53.08868250559045,300,0.17696227501863482,2550.0,0.7127125013308074,0.8327028872650256
3,4,2600,Bayesian ensemble,52.6862719687607,300,0.17562090656253568,2650.0,0.715347732870834,0.8327028872650256
3,4,2600,Fixed pre-shift law,52.40943720033803,300,0.17469812400112678,2650.0,0.715347732870834,0.8327028872650256
3,4,2600,Static geometry,51.01928450624718,300,0.1700642816874906,2650.0,0.715347732870834,0.8327028872650256
3,4,2700,Bayesian ensemble,54.506967690895145,300,0.18168989230298382,2750.0,0.7001334447070475,0.8327028872650256
3,4,2700,Fixed pre-shift law,54.316305027009626,300,0.1810543500900321,2750.0,0.7001334447070475,0.8327028872650256
3,4,2700,Static geometry,53.82692729198599,300,0.17942309097328663,2750.0,0.7001334447070475,0.8327028872650256
3,4,2800,Bayesian ensemble,59.27103961326366,300,0.1975701320442122,2850.0,0.700387828012583,0.8327028872650256
3,4,2800,Fixed pre-shift law,60.290734623505486,300,0.20096911541168494,2850.0,0.700387828012583,0.8327028872650256
3,4,2800,Static geometry,59.892015856271485,300,0.19964005285423828,2850.0,0.700387828012583,0.8327028872650256
3,4,2900,Bayesian ensemble,55.26847491234921,300,0.18422824970783072,2950.0,0.7329727766996583,0.8327028872650256
3,4,2900,Fixed pre-shift law,55.234783616392036,300,0.18411594538797346,2950.0,0.7329727766996583,0.8327028872650256
3,4,2900,Static geometry,53.74781894086927,300,0.17915939646956425,2950.0,0.7329727766996583,0.8327028872650256
3,4,3000,Bayesian ensemble,65.21138642254034,300,0.21737128807513448,3050.0,0.7439644371764813,0.8327028872650256
3,4,3000,Fixed pre-shift law,62.82833825885118,300,0.2094277941961706,3050.0,0.7439644371764813,0.8327028872650256
3,4,3000,Static geometry,63.024683947855756,300,0.21008227982618585,3050.0,0.7439644371764813,0.8327028872650256
3,4,3100,Bayesian ensemble,67.920100485475,300,0.22640033495158335,3150.0,0.7158471244867503,0.8327028872650256
3,4,3100,Fixed pre-shift law,67.26696138715364,300,0.22422320462384548,3150.0,0.7158471244867503,0.8327028872650256
3,4,3100,Static geometry,68.47309506715631,300,0.22824365022385437,3150.0,0.7158471244867503,0.8327028872650256
3,4,3200,Bayesian ensemble,56.35435730092565,300,0.18784785766975218,3250.0,0.7368252890199897,0.8327028872650256
3,4,3200,Fixed pre-shift law,56.38029722173606,300,0.18793432407245353,3250.0,0.7368252890199897,0.8327028872650256
3,4,3200,Static geometry,57.55340531972919,300,0.1918446843990973,3250.0,0.7368252890199897,0.8327028872650256
3,4,3300,Bayesian ensemble,56.980893601718186,300,0.18993631200572728,3350.0,0.7448353621629562,0.8327028872650256
3,4,3300,Fixed pre-shift law,58.41747419638819,300,0.19472491398796063,3350.0,0.7448353621629562,0.8327028872650256
3,4,3300,Static geometry,58.819965693049795,300,0.19606655231016598,3350.0,0.7448353621629562,0.8327028872650256
3,4,3400,Bayesian ensemble,55.6783886473306,300,0.18559462882443534,3450.0,0.7591960551694164,0.8327028872650256
3,4,3400,Fixed pre-shift law,59.62616753578405,300,0.19875389178594682,3450.0,0.7591960551694164,0.8327028872650256
3,4,3400,Static geometry,58.71109293676779,300,0.1957036431225593,3450.0,0.7591960551694164,0.8327028872650256
3,4,3500,Bayesian ensemble,58.026019232827494,300,0.19342006410942497,3550.0,0.7789542765127229,0.8327028872650256
3,4,3500,Fixed pre-shift law,61.8180081893269,300,0.20606002729775635,3550.0,0.7789542765127229,0.8327028872650256
3,4,3500,Static geometry,60.99765498338929,300,0.20332551661129764,3550.0,0.7789542765127229,0.8327028872650256
3,4,3600,Bayesian ensemble,51.62959716334884,300,0.1720986572111628,3650.0,0.7753678868975569,0.8327028872650256
3,4,3600,Fixed pre-shift law,52.88878234788616,300,0.17629594115962055,3650.0,0.7753678868975569,0.8327028872650256
3,4,3600,Static geometry,51.296283639520254,300,0.1709876121317342,3650.0,0.7753678868975569,0.8327028872650256
3,4,3700,Bayesian ensemble,50.43563677601065,300,0.16811878925336882,3750.0,0.7644665210791807,0.8327028872650256
3,4,3700,Fixed pre-shift law,50.92218481934981,300,0.16974061606449936,3750.0,0.7644665210791807,0.8327028872650256
3,4,3700,Static geometry,50.41299764875357,300,0.16804332549584522,3750.0,0.7644665210791807,0.8327028872650256
3,4,3800,Bayesian ensemble,55.87862469540822,300,0.1862620823180274,3850.0,0.7662959075157607,0.8327028872650256
3,4,3800,Fixed pre-shift law,58.928303964018184,300,0.1964276798800606,3850.0,0.7662959075157607,0.8327028872650256
3,4,3800,Static geometry,58.38794455336953,300,0.1946264818445651,3850.0,0.7662959075157607,0.8327028872650256
3,4,3900,Bayesian ensemble,54.53260298304832,300,0.18177534327682773,3950.0,0.7530840130062718,0.8327028872650256
3,4,3900,Fixed pre-shift law,58.46241367087848,300,0.1948747122362616,3950.0,0.7530840130062718,0.8327028872650256
3,4,3900,Static geometry,57.49364231748964,300,0.19164547439163213,3950.0,0.7530840130062718,0.8327028872650256
4,4,300,Bayesian ensemble,64.60997764453143,300,0.2153665921484381,350.0,0.5563433989940137,0.10391266415522454
4,4,300,Fixed pre-shift law,62.10926490536021,300,0.20703088301786737,350.0,0.5563433989940137,0.10391266415522454
4,4,300,Static geometry,63.263770298320225,300,0.2108792343277341,350.0,0.5563433989940137,0.10391266415522454
4,4,400,Bayesian ensemble,56.83610298358332,300,0.1894536766119444,450.0,0.5530618404214134,0.10391266415522454
4,4,400,Fixed pre-shift law,55.384594531519944,300,0.18461531510506649,450.0,0.5530618404214134,0.10391266415522454
4,4,400,Static geometry,56.523701681478414,300,0.18841233893826137,450.0,0.5530618404214134,0.10391266415522454
4,4,500,Bayesian ensemble,54.77114944504091,300,0.18257049815013637,550.0,0.5508392638768101,0.10391266415522454
4,4,500,Fixed pre-shift law,53.39518714507956,300,0.17798395715026522,550.0,0.5508392638768101,0.10391266415522454
4,4,500,Static geometry,53.60451801109218,300,0.1786817267036406,550.0,0.5508392638768101,0.10391266415522454
4,4,600,Bayesian ensemble,56.52072733221292,300,0.18840242444070973,650.0,0.5434933891394971,0.10391266415522454
4,4,600,Fixed pre-shift law,55.37882229760791,300,0.1845960743253597,650.0,0.5434933891394971,0.10391266415522454
4,4,600,Static geometry,55.75293464227686,300,0.18584311547425622,650.0,0.5434933891394971,0.10391266415522454
4,4,700,Bayesian ensemble,63.10972299177508,300,0.21036574330591692,750.0,0.5409574176662274,0.10391266415522454
4,4,700,Fixed pre-shift law,61.7699770356828,300,0.205899923452276,750.0,0.5409574176662274,0.10391266415522454
4,4,700,Static geometry,62.50043794923805,300,0.2083347931641268,750.0,0.5409574176662274,0.10391266415522454
4,4,800,Bayesian ensemble,52.92911267576549,300,0.17643037558588495,850.0,0.5591100502835277,0.10391266415522454
4,4,800,Fixed pre-shift law,52.344055068107515,300,0.17448018356035838,850.0,0.5591100502835277,0.10391266415522454
4,4,800,Static geometry,51.54590125895008,300,0.17181967086316693,850.0,0.5591100502835277,0.10391266415522454
4,4,900,Bayesian ensemble,55.68022556187787,300,0.18560075187292624,950.0,0.5689825133651705,0.10391266415522454
4,4,900,Fixed pre-shift law,54.450171906158594,300,0.18150057302052866,950.0,0.5689825133651705,0.10391266415522454
4,4,900,Static geometry,53.84804651302686,300,0.1794934883767562,950.0,0.5689825133651705,0.10391266415522454
4,4,1000,Bayesian ensemble,59.53429094348114,300,0.19844763647827046,1050.0,0.543505669140102,0.10391266415522454
4,4,1000,Fixed pre-shift law,58.670792333697804,300,0.19556930777899267,1050.0,0.543505669140102,0.10391266415522454
4,4,1000,Static geometry,59.839061849545025,300,0.19946353949848342,1050.0,0.543505669140102,0.10391266415522454
4,4,1100,Bayesian ensemble,52.97574884972059,300,0.17658582949906862,1150.0,0.5286725727587648,0.10391266415522454
4,4,1100,Fixed pre-shift law,52.63712208431723,300,0.17545707361439075,1150.0,0.5286725727587648,0.10391266415522454
4,4,1100,Static geometry,52.473443408814646,300,0.17491147802938214,1150.0,0.5286725727587648,0.10391266415522454
4,4,1200,Bayesian ensemble,55.879095811683655,300,0.18626365270561218,1250.0,0.5326617787481771,0.10391266415522454
4,4,1200,Fixed pre-shift law,54.92587235278723,300,0.18308624117595743,1250.0,0.5326617787481771,0.10391266415522454
4,4,1200,Static geometry,54.35310725328374,300,0.18117702417761247,1250.0,0.5326617787481771,0.10391266415522454
4,4,1300,Bayesian ensemble,58.45253139466682,300,0.19484177131555608,1350.0,0.5198512562733506,0.10391266415522454
4,4,1300,Fixed pre-shift law,57.93797646281449,300,0.19312658820938164,1350.0,0.5198512562733506,0.10391266415522454
4,4,1300,Static geometry,58.77757764089965,300,0.19592525880299883,1350.0,0.5198512562733506,0.10391266415522454
4,4,1400,Bayesian ensemble,63.55798398910555,300,0.21185994663035185,1450.0,0.5113880937376861,0.10391266415522454
4,4,1400,Fixed pre-shift law,62.245925225930286,300,0.20748641741976762,1450.0,0.5113880937376861,0.10391266415522454
4,4,1400,Static geometry,62.28392558554588,300,0.20761308528515293,1450.0,0.5113880937376861,0.10391266415522454
4,4,1500,Bayesian ensemble,57.56723315061283,300,0.19189077716870942,1550.0,0.5145724201811828,0.10391266415522454
4,4,1500,Fixed pre-shift law,56.87608813316545,300,0.18958696044388484,1550.0,0.5145724201811828,0.10391266415522454
4,4,1500,Static geometry,57.20554883675813,300,0.19068516278919379,1550.0,0.5145724201811828,0.10391266415522454
4,4,1600,Bayesian ensemble,59.59850833613173,300,0.19866169445377244,1650.0,0.5184772862331465,0.10391266415522454
4,4,1600,Fixed pre-shift law,58.61476001036082,300,0.1953825333678694,1650.0,0.5184772862331465,0.10391266415522454
4,4,1600,Static geometry,59.47260864801913,300,0.19824202882673045,1650.0,0.5184772862331465,0.10391266415522454
4,4,1700,Bayesian ensemble,58.614859113241366,300,0.19538286371080454,1750.0,0.5104196516238851,0.10391266415522454
4,4,1700,Fixed pre-shift law,58.734298802416276,300,0.19578099600805426,1750.0,0.5104196516238851,0.10391266415522454
4,4,1700,Static geometry,59.44327633790223,300,0.19814425445967412,1750.0,0.5104196516238851,0.10391266415522454
4,4,1800,Bayesian ensemble,57.310017693596656,300,0.19103339231198885,1850.0,0.5224016434432123,0.10391266415522454
4,4,1800,Fixed pre-shift law,55.07642063034851,300,0.18358806876782835,1850.0,0.5224016434432123,0.10391266415522454
4,4,1800,Static geometry,55.58324042918432,300,0.18527746809728107,1850.0,0.5224016434432123,0.10391266415522454
4,4,1900,Bayesian ensemble,56.97927094068949,300,0.18993090313563163,1950.0,0.5286009116376736,0.10391266415522454
4,4,1900,Fixed pre-shift law,57.1037434782929,300,0.19034581159430966,1950.0,0.5286009116376736,0.10391266415522454
4,4,1900,Static geometry,56.62480678466924,300,0.18874935594889747,1950.0,0.5286009116376736,0.10391266415522454
4,4,2000,Bayesian ensemble,54.76788262346553,300,0.1825596087448851,2050.0,0.5657486623658986,0.8583977653163136
4,4,2000,Fixed pre-shift law,54.70852031972471,300,0.18236173439908238,2050.0,0.5657486623658986,0.8583977653163136
4,4,2000,Static geometry,54.87590202929507,300,0.18291967343098356,2050.0,0.5657486623658986,0.8583977653163136
4,4,2100,Bayesian ensemble,51.7949257805206,300,0.17264975260173535,2150.0,0.6144625319004456,0.8583977653163136
4,4,2100,Fixed pre-shift law,49.98131384166871,300,0.16660437947222903,2150.0,0.6144625319004456,0.8583977653163136
4,4,2100,Static geometry,49.72589262995639,300,0.16575297543318798,2150.0,0.6144625319004456,0.8583977653163136
4,4,2200,Bayesian ensemble,63.247983926052356,300,0.2108266130868412,2250.0,0.6687634903510455,0.8583977653163136
4,4,2200,Fixed pre-shift law,68.2507932464906,300,0.22750264415496868,2250.0,0.6687634903510455,0.8583977653163136
4,4,2200,Static geometry,68.6277792885433,300,0.22875926429514432,2250.0,0.6687634903510455,0.8583977653163136
4,4,2300,Bayesian ensemble,62.10006824606641,300,0.207000227486888,2350.0,0.7150137170286537,0.8583977653163136
4,4,2300,Fixed pre-shift law,60.59870589194619,300,0.2019956863064873,2350.0,0.7150137170286537,0.8583977653163136
4,4,2300,Static geometry,60.50510299460304,300,0.2016836766486768,2350.0,0.7150137170286537,0.8583977653163136
4,4,2400,Bayesian ensemble,51.126040812258786,300,0.17042013604086262,2450.0,0.739949240618886,0.8583977653163136
4,4,2400,Fixed pre-shift law,47.767279199851124,300,0.15922426399950373,2450.0,0.739949240618886,0.8583977653163136
4,4,2400,Static geometry,47.173429238645454,300,0.1572447641288182,2450.0,0.739949240618886,0.8583977653163136
4,4,2500,Bayesian ensemble,50.883644892041474,300,0.16961214964013824,2550.0,0.7245197039302415,0.8583977653163136
4,4,2500,Fixed pre-shift law,51.95738206878541,300,0.17319127356261801,2550.0,0.7245197039302415,0.8583977653163136
4,4,2500,Static geometry,52.16289910721635,300,0.17387633035738784,2550.0,0.7245197039302415,0.8583977653163136
4,4,2600,Bayesian ensemble,59.98575901607516,300,0.19995253005358385,2650.0,0.719698764311319,0.8583977653163136
4,4,2600,Fixed pre-shift law,56.41203593381325,300,0.1880401197793775,2650.0,0.719698764311319,0.8583977653163136
4,4,2600,Static geometry,57.07467715427418,300,0.1902489238475806,2650.0,0.719698764311319,0.8583977653163136
4,4,2700,Bayesian ensemble,52.55200326940157,300,0.17517334423133857,2750.0,0.7221890382857075,0.8583977653163136
4,4,2700,Fixed pre-shift law,51.68245137885127,300,0.17227483792950424,2750.0,0.7221890382857075,0.8583977653163136
4,4,2700,Static geometry,51.12927986661406,300,0.17043093288871355,2750.0,0.7221890382857075,0.8583977653163136
4,4,2800,Bayesian ensemble,50.13979629916043,300,0.16713265433053476,2850.0,0.7138645561838949,0.8583977653163136
4,4,2800,Fixed pre-shift law,56.18220077973412,300,0.18727400259911373,2850.0,0.7138645561838949,0.8583977653163136
4,4,2800,Static geometry,55.88093117530543,300,0.18626977058435143,2850.0,0.7138645561838949,0.8583977653163136
4,4,2900,Bayesian ensemble,49.61436007721673,300,0.1653812002573891,2950.0,0.7132561612027544,0.8583977653163136
4,4,2900,Fixed pre-shift law,55.25549596380789,300,0.1841849865460263,2950.0,0.7132561612027544,0.8583977653163136
4,4,2900,Static geometry,54.18379188203421,300,0.1806126396067807,2950.0,0.7132561612027544,0.8583977653163136
4,4,3000,Bayesian ensemble,55.37111912197995,300,0.1845703970732665,3050.0,0.7349474146065401,0.8583977653163136
4,4,3000,Fixed pre-shift law,55.90790351825608,300,0.18635967839418693,3050.0,0.7349474146065401,0.8583977653163136
4,4,3000,Static geometry,56.25894109103661,300,0.1875298036367887,3050.0,0.7349474146065401,0.8583977653163136
4,4,3100,Bayesian ensemble,62.38702797271591,300,0.20795675990905305,3150.0,0.7360625200539479,0.8583977653163136
4,4,3100,Fixed pre-shift law,62.66881116003885,300,0.2088960372001295,3150.0,0.7360625200539479,0.8583977653163136
4,4,3100,Static geometry,61.95020508758749,300,0.20650068362529164,3150.0,0.7360625200539479,0.8583977653163136
4,4,3200,Bayesian ensemble,55.09030633367375,300,0.18363435444557918,3250.0,0.7509100158954074,0.8583977653163136
4,4,3200,Fixed pre-shift law,53.68256799557795,300,0.17894189331859317,3250.0,0.7509100158954074,0.8583977653163136
4,4,3200,Static geometry,53.877703362265464,300,0.17959234454088488,3250.0,0.7509100158954074,0.8583977653163136
4,4,3300,Bayesian ensemble,55.71636881129651,300,0.18572122937098837,3350.0,0.738411227048073,0.8583977653163136
4,4,3300,Fixed pre-shift law,58.60624080210154,300,0.19535413600700513,3350.0,0.738411227048073,0.8583977653163136
4,4,3300,Static geometry,58.683949056933706,300,0.19561316352311237,3350.0,0.738411227048073,0.8583977653163136
4,4,3400,Bayesian ensemble,61.65855073845007,300,0.20552850246150023,3450.0,0.7257255616579514,0.8583977653163136
4,4,3400,Fixed pre-shift law,59.89310359265807,300,0.19964367864219357,3450.0,0.7257255616579514,0.8583977653163136
4,4,3400,Static geometry,59.95428762836869,300,0.19984762542789564,3450.0,0.7257255616579514,0.8583977653163136
4,4,3500,Bayesian ensemble,53.59165978830141,300,0.1786388659610047,3550.0,0.7485539626142613,0.8583977653163136
4,4,3500,Fixed pre-shift law,53.3013532232754,300,0.177671177410918,3550.0,0.7485539626142613,0.8583977653163136
4,4,3500,Static geometry,53.66938887472852,300,0.17889796291576174,3550.0,0.7485539626142613,0.8583977653163136
4,4,3600,Bayesian ensemble,56.4314293367926,300,0.18810476445597532,3650.0,0.7474288878028353,0.8583977653163136
4,4,3600,Fixed pre-shift law,56.125154138235985,300,0.1870838471274533,3650.0,0.7474288878028353,0.8583977653163136
4,4,3600,Static geometry,55.838329534902826,300,0.18612776511634274,3650.0,0.7474288878028353,0.8583977653163136
4,4,3700,Bayesian ensemble,48.98999525799199,300,0.16329998419330663,3750.0,0.7504862419983891,0.8583977653163136
4,4,3700,Fixed pre-shift law,48.775366723655935,300,0.16258455574551978,3750.0,0.7504862419983891,0.8583977653163136
4,4,3700,Static geometry,48.54120764272807,300,0.16180402547576023,3750.0,0.7504862419983891,0.8583977653163136
4,4,3800,Bayesian ensemble,52.27077080442107,300,0.17423590268140357,3850.0,0.7583201636598095,0.8583977653163136
4,4,3800,Fixed pre-shift law,53.81540989068605,300,0.17938469963562015,3850.0,0.7583201636598095,0.8583977653163136
4,4,3800,Static geometry,53.86814249756593,300,0.17956047499188643,3850.0,0.7583201636598095,0.8583977653163136
4,4,3900,Bayesian ensemble,49.2272483337763,300,0.16409082777925435,3950.0,0.7465382623251504,0.8583977653163136
4,4,3900,Fixed pre-shift law,53.89366098184581,300,0.1796455366061527,3950.0,0.7465382623251504,0.8583977653163136
4,4,3900,Static geometry,53.276083846159494,300,0.17758694615386497,3950.0,0.7465382623251504,0.8583977653163136
5,4,300,Bayesian ensemble,66.42417951325118,300,0.22141393171083726,350.0,0.5323486047497034,-0.06210889529460032
5,4,300,Fixed pre-shift law,65.30646739867174,300,0.21768822466223914,350.0,0.5323486047497034,-0.06210889529460032
5,4,300,Static geometry,66.06552937209823,300,0.22021843124032742,350.0,0.5323486047497034,-0.06210889529460032
5,4,400,Bayesian ensemble,66.89678264717692,300,0.22298927549058972,450.0,0.5135434738834169,-0.06210889529460032
5,4,400,Fixed pre-shift law,65.20632046851168,300,0.2173544015617056,450.0,0.5135434738834169,-0.06210889529460032
5,4,400,Static geometry,65.61839413076432,300,0.21872798043588104,450.0,0.5135434738834169,-0.06210889529460032
5,4,500,Bayesian ensemble,64.17591802086258,300,0.2139197267362086,550.0,0.5130151260524352,-0.06210889529460032
5,4,500,Fixed pre-shift law,63.37165224371399,300,0.21123884081237995,550.0,0.5130151260524352,-0.06210889529460032
5,4,500,Static geometry,63.69191178538637,300,0.21230637261795457,550.0,0.5130151260524352,-0.06210889529460032
5,4,600,Bayesian ensemble,63.962932386301205,300,0.21320977462100402,650.0,0.49635953666082394,-0.06210889529460032
5,4,600,Fixed pre-shift law,62.599414127093475,300,0.20866471375697826,650.0,0.49635953666082394,-0.06210889529460032
5,4,600,Static geometry,63.34386381933409,300,0.21114621273111364,650.0,0.49635953666082394,-0.06210889529460032
5,4,700,Bayesian ensemble,58.525635070499504,300,0.19508545023499835,750.0,0.4983424560847589,-0.06210889529460032
5,4,700,Fixed pre-shift law,58.949388901696324,300,0.19649796300565442,750.0,0.4983424560847589,-0.06210889529460032
5,4,700,Static geometry,58.9086473852826,300,0.196362157950942,750.0,0.4983424560847589,-0.06210889529460032
5,4,800,Bayesian ensemble,63.260586248033,300,0.21086862082677668,850.0,0.5021163650699887,-0.06210889529460032
5,4,800,Fixed pre-shift law,61.22484969432818,300,0.20408283231442725,850.0,0.5021163650699887,-0.06210889529460032
5,4,800,Static geometry,61.906357063966595,300,0.2063545235465553,850.0,0.5021163650699887,-0.06210889529460032
5,4,900,Bayesian ensemble,65.47404811905258,300,0.21824682706350862,950.0,0.5076689699954592,-0.06210889529460032
5,4,900,Fixed pre-shift law,64.14543539830777,300,0.21381811799435924,950.0,0.5076689699954592,-0.06210889529460032
5,4,900,Static geometry,64.57666275736997,300,0.21525554252456658,950.0,0.5076689699954592,-0.06210889529460032
5,4,1000,Bayesian ensemble,67.77286564594556,300,0.22590955215315187,1050.0,0.4906791445516887,-0.06210889529460032
5,4,1000,Fixed pre-shift law,67.44659384547799,300,0.22482197948492663,1050.0,0.4906791445516887,-0.06210889529460032
5,4,1000,Static geometry,68.24999718072297,300,0.2274999906024099,1050.0,0.4906791445516887,-0.06210889529460032
5,4,1100,Bayesian ensemble,66.64250854975407,300,0.2221416951658469,1150.0,0.4828792999282689,-0.06210889529460032
5,4,1100,Fixed pre-shift law,64.0030339109515,300,0.21334344636983835,1150.0,0.4828792999282689,-0.06210889529460032
5,4,1100,Static geometry,64.22297364059689,300,0.21407657880198963,1150.0,0.4828792999282689,-0.06210889529460032
5,4,1200,Bayesian ensemble,64.56442062770678,300,0.21521473542568928,1250.0,0.4836273042314659,-0.06210889529460032
5,4,1200,Fixed pre-shift law,63.12567241168005,300,0.2104189080389335,1250.0,0.4836273042314659,-0.06210889529460032
5,4,1200,Static geometry,63.12199772777272,300,0.21040665909257575,1250.0,0.4836273042314659,-0.06210889529460032
5,4,1300,Bayesian ensemble,64.3128158407119,300,0.214376052802373,1350.0,0.4947587338648931,-0.06210889529460032
5,4,1300,Fixed pre-shift law,62.82573616196242,300,0.20941912053987471,1350.0,0.4947587338648931,-0.06210889529460032
5,4,1300,Static geometry,63.64135323207526,300,0.21213784410691752,1350.0,0.4947587338648931,-0.06210889529460032
5,4,1400,Bayesian ensemble,59.307656822025535,300,0.1976921894067518,1450.0,0.48061857496086074,-0.06210889529460032
5,4,1400,Fixed pre-shift law,58.56081461049818,300,0.19520271536832726,1450.0,0.48061857496086074,-0.06210889529460032
5,4,1400,Static geometry,58.74030364831652,300,0.19580101216105505,1450.0,0.48061857496086074,-0.06210889529460032
5,4,1500,Bayesian ensemble,62.01587597837382,300,0.2067195865945794,1550.0,0.48756704194601425,-0.06210889529460032
5,4,1500,Fixed pre-shift law,61.208533562907796,300,0.20402844520969265,1550.0,0.48756704194601425,-0.06210889529460032
5,4,1500,Static geometry,62.153761214582445,300,0.20717920404860815,1550.0,0.48756704194601425,-0.06210889529460032
5,4,1600,Bayesian ensemble,60.914936796058576,300,0.20304978932019527,1650.0,0.4884847509435737,-0.06210889529460032
5,4,1600,Fixed pre-shift law,59.681932102467556,300,0.19893977367489185,1650.0,0.4884847509435737,-0.06210889529460032
5,4,1600,Static geometry,59.0123281845215,300,0.19670776061507167,1650.0,0.4884847509435737,-0.06210889529460032
5,4,1700,Bayesian ensemble,63.801490301108906,300,0.21267163433702968,1750.0,0.49179149994172106,-0.06210889529460032
5,4,1700,Fixed pre-shift law,63.28539427180749,300,0.2109513142393583,1750.0,0.49179149994172106,-0.06210889529460032
5,4,1700,Static geometry,63.525128306414175,300,0.21175042768804725,1750.0,0.49179149994172106,-0.06210889529460032
5,4,1800,Bayesian ensemble,65.1661712178211,300,0.21722057072607034,1850.0,0.47257450665118256,-0.06210889529460032
5,4,1800,Fixed pre-shift law,63.51016807701922,300,0.21170056025673076,1850.0,0.47257450665118256,-0.06210889529460032
5,4,1800,Static geometry,63.227079247974906,300,0.21075693082658303,1850.0,0.47257450665118256,-0.06210889529460032
5,4,1900,Bayesian ensemble,65.79124455811026,300,0.21930414852703423,1950.0,0.4724417496852784,-0.06210889529460032
5,4,1900,Fixed pre-shift law,65.95649931485673,300,0.2198549977161891,1950.0,0.4724417496852784,-0.06210889529460032
5,4,1900,Static geometry,65.2865052856331,300,0.21762168428544365,1950.0,0.4724417496852784,-0.06210889529460032
5,4,2000,Bayesian ensemble,59.33077997093143,300,0.19776926656977142,2050.0,0.5160673238768494,0.8359801907003956
5,4,2000,Fixed pre-shift law,56.968037495016006,300,0.18989345831672003,2050.0,0.5160673238768494,0.8359801907003956
5,4,2000,Static geometry,56.301089933980634,300,0.18767029977993543,2050.0,0.5160673238768494,0.8359801907003956
5,4,2100,Bayesian ensemble,52.12716619827209,300,0.17375722066090699,2150.0,0.5991196173639184,0.8359801907003956
5,4,2100,Fixed pre-shift law,61.92781502910786,300,0.2064260500970262,2150.0,0.5991196173639184,0.8359801907003956
5,4,2100,Static geometry,61.45093464942315,300,0.2048364488314105,2150.0,0.5991196173639184,0.8359801907003956
5,4,2200,Bayesian ensemble,57.90020135940106,300,0.19300067119800354,2250.0,0.6825947216466476,0.8359801907003956
5,4,2200,Fixed pre-shift law,55.08698386409189,300,0.18362327954697297,2250.0,0.6825947216466476,0.8359801907003956
5,4,2200,Static geometry,54.72496887326372,300,0.18241656291087907,2250.0,0.6825947216466476,0.8359801907003956
5,4,2300,Bayesian ensemble,67.76755967848253,300,0.22589186559494176,2350.0,0.699193887408474,0.8359801907003956
5,4,2300,Fixed pre-shift law,64.32113086465208,300,0.21440376954884025,2350.0,0.699193887408474,0.8359801907003956
5,4,2300,Static geometry,64.87600249045988,300,0.2162533416348663,2350.0,0.699193887408474,0.8359801907003956
5,4,2400,Bayesian ensemble,57.45449808937459,300,0.19151499363124863,2450.0,0.7110756330623755,0.8359801907003956
5,4,2400,Fixed pre-shift law,56.13514278911042,300,0.18711714263036805,2450.0,0.7110756330623755,0.8359801907003956
5,4,2400,Static geometry,55.91932825674584,300,0.18639776085581947,2450.0,0.7110756330623755,0.8359801907003956
5,4,2500,Bayesian ensemble,54.458691850434874,300,0.18152897283478292,2550.0,0.7358238645553438,0.8359801907003956
5,4,2500,Fixed pre-shift law,54.741947336109426,300,0.1824731577870314,2550.0,0.7358238645553438,0.8359801907003956
5,4,2500,Static geometry,53.58848487152008,300,0.17862828290506694,2550.0,0.7358238645553438,0.8359801907003956
5,4,2600,Bayesian ensemble,60.736314255597016,300,0.20245438085199005,2650.0,0.7416750599320829,0.8359801907003956
5,4,2600,Fixed pre-shift law,60.02280377419521,300,0.2000760125806507,2650.0,0.7416750599320829,0.8359801907003956
5,4,2600,Static geometry,59.11320105236716,300,0.19704400350789053,2650.0,0.7416750599320829,0.8359801907003956
5,4,2700,Bayesian ensemble,58.962694359309666,300,0.19654231453103221,2750.0,0.7609175366853169,0.8359801907003956
5,4,2700,Fixed pre-shift law,62.082426357728785,300,0.20694142119242928,2750.0,0.7609175366853169,0.8359801907003956
5,4,2700,Static geometry,62.50294127758176,300,0.2083431375919392,2750.0,0.7609175366853169,0.8359801907003956
5,4,2800,Bayesian ensemble,61.77360035342573,300,0.20591200117808575,2850.0,0.7497129112182565,0.8359801907003956
5,4,2800,Fixed pre-shift law,65.73819875175437,300,0.21912732917251457,2850.0,0.7497129112182565,0.8359801907003956
5,4,2800,Static geometry,66.36225450903603,300,0.22120751503012012,2850.0,0.7497129112182565,0.8359801907003956
5,4,2900,Bayesian ensemble,59.657233626571674,300,0.1988574454219056,2950.0,0.7038088797714538,0.8359801907003956
5,4,2900,Fixed pre-shift law,58.927299963383916,300,0.19642433321127972,2950.0,0.7038088797714538,0.8359801907003956
5,4,2900,Static geometry,59.824193790293855,300,0.1994139793009795,2950.0,0.7038088797714538,0.8359801907003956
5,4,3000,Bayesian ensemble,60.213503629931225,300,0.20071167876643742,3050.0,0.7062040657197438,0.8359801907003956
5,4,3000,Fixed pre-shift law,59.53452995016665,300,0.19844843316722216,3050.0,0.7062040657197438,0.8359801907003956
5,4,3000,Static geometry,58.51193835084326,300,0.19503979450281086,3050.0,0.7062040657197438,0.8359801907003956
5,4,3100,Bayesian ensemble,58.306980490965145,300,0.1943566016365505,3150.0,0.7433514632695778,0.8359801907003956
5,4,3100,Fixed pre-shift law,55.32539974523731,300,0.18441799915079105,3150.0,0.7433514632695778,0.8359801907003956
5,4,3100,Static geometry,54.875999365685885,300,0.1829199978856196,3150.0,0.7433514632695778,0.8359801907003956
5,4,3200,Bayesian ensemble,61.28067676027525,300,0.20426892253425083,3250.0,0.7450776480973995,0.8359801907003956
5,4,3200,Fixed pre-shift law,62.27648035248397,300,0.20758826784161324,3250.0,0.7450776480973995,0.8359801907003956
5,4,3200,Static geometry,61.85074155179098,300,0.20616913850596993,3250.0,0.7450776480973995,0.8359801907003956
5,4,3300,Bayesian ensemble,53.93614204853844,300,0.1797871401617948,3350.0,0.7374062707793912,0.8359801907003956
5,4,3300,Fixed pre-shift law,57.93867564222487,300,0.19312891880741623,3350.0,0.7374062707793912,0.8359801907003956
5,4,3300,Static geometry,56.95889905841701,300,0.18986299686139005,3350.0,0.7374062707793912,0.8359801907003956
5,4,3400,Bayesian ensemble,63.6062943490948,300,0.21202098116364934,3450.0,0.7546994733028142,0.8359801907003956
5,4,3400,Fixed pre-shift law,70.09949926920132,300,0.23366499756400438,3450.0,0.7546994733028142,0.8359801907003956
5,4,3400,Static geometry,69.88872047850258,300,0.23296240159500858,3450.0,0.7546994733028142,0.8359801907003956
5,4,3500,Bayesian ensemble,60.38912612859394,300,0.20129708709531313,3550.0,0.7709355392539118,0.8359801907003956
5,4,3500,Fixed pre-shift law,56.53222294101584,300,0.18844074313671946,3550.0,0.7709355392539118,0.8359801907003956
5,4,3500,Static geometry,56.104506075036625,300,0.1870150202501221,3550.0,0.7709355392539118,0.8359801907003956
5,4,3600,Bayesian ensemble,57.53865611120366,300,0.19179552037067885,3650.0,0.7608741387214422,0.8359801907003956
5,4,3600,Fixed pre-shift law,62.08871310450945,300,0.2069623770150315,3650.0,0.7608741387214422,0.8359801907003956
5,4,3600,Static geometry,61.35655707095881,300,0.20452185690319602,3650.0,0.7608741387214422,0.8359801907003956
5,4,3700,Bayesian ensemble,67.18936919683111,300,0.22396456398943704,3750.0,0.7514991329281776,0.8359801907003956
5,4,3700,Fixed pre-shift law,65.8121605870791,300,0.219373868623597,3750.0,0.7514991329281776,0.8359801907003956
5,4,3700,Static geometry,65.22552492243841,300,0.21741841640812803,3750.0,0.7514991329281776,0.8359801907003956
5,4,3800,Bayesian ensemble,63.9024599653437,300,0.213008199884479,3850.0,0.7488008800764281,0.8359801907003956
5,4,3800,Fixed pre-shift law,61.3548456499533,300,0.20451615216651098,3850.0,0.7488008800764281,0.8359801907003956
5,4,3800,Static geometry,61.85372837462129,300,0.20617909458207098,3850.0,0.7488008800764281,0.8359801907003956
5,4,3900,Bayesian ensemble,62.1931801510322,300,0.20731060050344066,3950.0,0.7610097339294579,0.8359801907003956
5,4,3900,Fixed pre-shift law,61.12095834906905,300,0.20373652783023016,3950.0,0.7610097339294579,0.8359801907003956
5,4,3900,Static geometry,60.90856572768699,300,0.20302855242562332,3950.0,0.7610097339294579,0.8359801907003956
6,4,300,Bayesian ensemble,68.70798436738797,300,0.2290266145579599,350.0,0.4705687256076214,-0.02482648927478237
6,4,300,Fixed pre-shift law,66.78202894256312,300,0.22260676314187705,350.0,0.4705687256076214,-0.02482648927478237
6,4,300,Static geometry,66.70691420405463,300,0.2223563806801821,350.0,0.4705687256076214,-0.02482648927478237
6,4,400,Bayesian ensemble,67.86641927916953,300,0.22622139759723178,450.0,0.4712464626124558,-0.02482648927478237
6,4,400,Fixed pre-shift law,67.86816413709982,300,0.22622721379033275,450.0,0.4712464626124558,-0.02482648927478237
6,4,400,Static geometry,68.22218304864708,300,0.2274072768288236,450.0,0.4712464626124558,-0.02482648927478237
6,4,500,Bayesian ensemble,63.50979037452436,300,0.21169930124841452,550.0,0.4576712654408777,-0.02482648927478237
6,4,500,Fixed pre-shift law,62.999985624253426,300,0.20999995208084477,550.0,0.4576712654408777,-0.02482648927478237
6,4,500,Static geometry,62.84699275475099,300,0.20948997584916998,550.0,0.4576712654408777,-0.02482648927478237
6,4,600,Bayesian ensemble,66.84959389578745,300,0.22283197965262483,650.0,0.44172808259373414,-0.02482648927478237
6,4,600,Fixed pre-shift law,66.38969443439476,300,0.22129898144798252,650.0,0.44172808259373414,-0.02482648927478237
6,4,600,Static geometry,66.72157993105485,300,0.2224052664368495,650.0,0.44172808259373414,-0.02482648927478237
6,4,700,Bayesian ensemble,67.4443620527589,300,0.22481454017586303,750.0,0.4498908194157354,-0.02482648927478237
6,4,700,Fixed pre-shift law,67.42987197454516,300,0.22476623991515055,750.0,0.4498908194157354,-0.02482648927478237
6,4,700,Static geometry,68.6857786472233,300,0.22895259549074434,750.0,0.4498908194157354,-0.02482648927478237
6,4,800,Bayesian ensemble,68.40321035942615,300,0.22801070119808717,850.0,0.44330226829392705,-0.02482648927478237
6,4,800,Fixed pre-shift law,66.35786555110766,300,0.22119288517035887,850.0,0.44330226829392705,-0.02482648927478237
6,4,800,Static geometry,66.45068365059099,300,0.2215022788353033,850.0,0.44330226829392705,-0.02482648927478237
6,4,900,Bayesian ensemble,71.38623557076528,300,0.2379541185692176,950.0,0.4488425338455071,-0.02482648927478237
6,4,900,Fixed pre-shift law,69.45821939748988,300,0.23152739799163294,950.0,0.4488425338455071,-0.02482648927478237
6,4,900,Static geometry,70.28665200690646,300,0.23428884002302156,950.0,0.4488425338455071,-0.02482648927478237
6,4,1000,Bayesian ensemble,71.89372679461465,300,0.23964575598204885,1050.0,0.44113838350717577,-0.02482648927478237
6,4,1000,Fixed pre-shift law,70.0955402961956,300,0.23365180098731864,1050.0,0.44113838350717577,-0.02482648927478237
6,4,1000,Static geometry,70.63905267838194,300,0.23546350892793982,1050.0,0.44113838350717577,-0.02482648927478237
6,4,1100,Bayesian ensemble,71.46398042027718,300,0.2382132680675906,1150.0,0.4340744909505326,-0.02482648927478237
6,4,1100,Fixed pre-shift law,70.59348384457626,300,0.23531161281525417,1150.0,0.4340744909505326,-0.02482648927478237
6,4,1100,Static geometry,71.06188229847982,300,0.23687294099493272,1150.0,0.4340744909505326,-0.02482648927478237
6,4,1200,Bayesian ensemble,68.07849210238132,300,0.22692830700793773,1250.0,0.4178212551057196,-0.02482648927478237
6,4,1200,Fixed pre-shift law,67.01213342998322,300,0.22337377809994408,1250.0,0.4178212551057196,-0.02482648927478237
6,4,1200,Static geometry,67.5726726739767,300,0.22524224224658898,1250.0,0.4178212551057196,-0.02482648927478237
6,4,1300,Bayesian ensemble,62.43172913335653,300,0.20810576377785509,1350.0,0.4198543524817936,-0.02482648927478237
6,4,1300,Fixed pre-shift law,62.18322564847874,300,0.20727741882826248,1350.0,0.4198543524817936,-0.02482648927478237
6,4,1300,Static geometry,62.104841769413625,300,0.20701613923137874,1350.0,0.4198543524817936,-0.02482648927478237
6,4,1400,Bayesian ensemble,64.85142105764433,300,0.21617140352548112,1450.0,0.42250910453555646,-0.02482648927478237
6,4,1400,Fixed pre-shift law,64.62588765614076,300,0.2154196255204692,1450.0,0.42250910453555646,-0.02482648927478237
6,4,1400,Static geometry,64.31541111656479,300,0.21438470372188262,1450.0,0.42250910453555646,-0.02482648927478237
6,4,1500,Bayesian ensemble,69.80932730589221,300,0.23269775768630738,1550.0,0.41894039104123343,-0.02482648927478237
6,4,1500,Fixed pre-shift law,69.12251051879504,300,0.23040836839598347,1550.0,0.41894039104123343,-0.02482648927478237
6,4,1500,Static geometry,70.08689908844066,300,0.23362299696146888,1550.0,0.41894039104123343,-0.02482648927478237
6,4,1600,Bayesian ensemble,67.51173851858178,300,0.2250391283952726,1650.0,0.41788370063690505,-0.02482648927478237
6,4,1600,Fixed pre-shift law,66.74983063013497,300,0.22249943543378323,1650.0,0.41788370063690505,-0.02482648927478237
6,4,1600,Static geometry,67.56132722310433,300,0.22520442407701444,1650.0,0.41788370063690505,-0.02482648927478237
6,4,1700,Bayesian ensemble,66.48903159182534,300,0.22163010530608446,1750.0,0.40762090404887824,-0.02482648927478237
6,4,1700,Fixed pre-shift law,66.1436480354852,300,0.22047882678495068,1750.0,0.40762090404887824,-0.02482648927478237
6,4,1700,Static geometry,66.85702883334797,300,0.22285676277782657,1750.0,0.40762090404887824,-0.02482648927478237
6,4,1800,Bayesian ensemble,62.609719944362055,300,0.20869906648120684,1850.0,0.4252467986196338,-0.02482648927478237
6,4,1800,Fixed pre-shift law,65.23408770911706,300,0.2174469590303902,1850.0,0.4252467986196338,-0.02482648927478237
6,4,1800,Static geometry,65.74260441862035,300,0.21914201472873449,1850.0,0.4252467986196338,-0.02482648927478237
6,4,1900,Bayesian ensemble,66.89700990326206,300,0.22299003301087353,1950.0,0.4552119443915441,-0.02482648927478237
6,4,1900,Fixed pre-shift law,65.62393039203697,300,0.21874643464012322,1950.0,0.4552119443915441,-0.02482648927478237
6,4,1900,Static geometry,66.01764698046051,300,0.2200588232682017,1950.0,0.4552119443915441,-0.02482648927478237
6,4,2000,Bayesian ensemble,63.46508178216912,300,0.21155027260723042,2050.0,0.518662397538139,0.8415430563106518
6,4,2000,Fixed pre-shift law,61.65296403331939,300,0.20550988011106464,2050.0,0.518662397538139,0.8415430563106518
6,4,2000,Static geometry,60.61663812427368,300,0.2020554604142456,2050.0,0.518662397538139,0.8415430563106518
6,4,2100,Bayesian ensemble,65.25198858734731,300,0.21750662862449105,2150.0,0.5780506463283887,0.8415430563106518
6,4,2100,Fixed pre-shift law,68.21952245629151,300,0.22739840818763837,2150.0,0.5780506463283887,0.8415430563106518
6,4,2100,Static geometry,69.04538155372303,300,0.23015127184574344,2150.0,0.5780506463283887,0.8415430563106518
6,4,2200,Bayesian ensemble,61.45901692196909,300,0.20486338973989696,2250.0,0.6407528725043915,0.8415430563106518
6,4,2200,Fixed pre-shift law,62.04954438924213,300,0.2068318146308071,2250.0,0.6407528725043915,0.8415430563106518
6,4,2200,Static geometry,61.5334757296447,300,0.20511158576548233,2250.0,0.6407528725043915,0.8415430563106518
6,4,2300,Bayesian ensemble,68.76076485106405,300,0.22920254950354685,2350.0,0.6717547491878022,0.8415430563106518
6,4,2300,Fixed pre-shift law,73.08202847258278,300,0.24360676157527592,2350.0,0.6717547491878022,0.8415430563106518
6,4,2300,Static geometry,73.22963284798318,300,0.24409877615994394,2350.0,0.6717547491878022,0.8415430563106518
6,4,2400,Bayesian ensemble,58.92222896396943,300,0.1964074298798981,2450.0,0.7219791547838207,0.8415430563106518
6,4,2400,Fixed pre-shift law,61.68319598091619,300,0.20561065326972064,2450.0,0.7219791547838207,0.8415430563106518
6,4,2400,Static geometry,60.5517564067404,300,0.201839188022468,2450.0,0.7219791547838207,0.8415430563106518
6,4,2500,Bayesian ensemble,64.27722152959058,300,0.21425740509863525,2550.0,0.7553071328901971,0.8415430563106518
6,4,2500,Fixed pre-shift law,65.5245397973992,300,0.21841513265799734,2550.0,0.7553071328901971,0.8415430563106518
6,4,2500,Static geometry,65.18953488401337,300,0.2172984496133779,2550.0,0.7553071328901971,0.8415430563106518
6,4,2600,Bayesian ensemble,63.49410322826993,300,0.21164701076089976,2650.0,0.7760570280282066,0.8415430563106518
6,4,2600,Fixed pre-shift law,64.18565453338725,300,0.2139521817779575,2650.0,0.7760570280282066,0.8415430563106518
6,4,2600,Static geometry,63.72390144622375,300,0.21241300482074582,2650.0,0.7760570280282066,0.8415430563106518
6,4,2700,Bayesian ensemble,68.23361162113456,300,0.22744537207044851,2750.0,0.7742571585401846,0.8415430563106518
6,4,2700,Fixed pre-shift law,69.37057763957519,300,0.23123525879858395,2750.0,0.7742571585401846,0.8415430563106518
6,4,2700,Static geometry,69.1580231156815,300,0.23052674371893833,2750.0,0.7742571585401846,0.8415430563106518
6,4,2800,Bayesian ensemble,57.19224422211592,300,0.19064081407371972,2850.0,0.7872428926410845,0.8415430563106518
6,4,2800,Fixed pre-shift law,64.31214162498314,300,0.21437380541661047,2850.0,0.7872428926410845,0.8415430563106518
6,4,2800,Static geometry,63.39164832468802,300,0.21130549441562674,2850.0,0.7872428926410845,0.8415430563106518
6,4,2900,Bayesian ensemble,62.85949968549338,300,0.20953166561831127,2950.0,0.787647150425072,0.8415430563106518
6,4,2900,Fixed pre-shift law,61.94534235811981,300,0.20648447452706603,2950.0,0.787647150425072,0.8415430563106518
6,4,2900,Static geometry,60.64581853755248,300,0.20215272845850826,2950.0,0.787647150425072,0.8415430563106518
6,4,3000,Bayesian ensemble,71.91742878322624,300,0.23972476261075415,3050.0,0.7928800813297814,0.8415430563106518
6,4,3000,Fixed pre-shift law,66.41301547971214,300,0.22137671826570715,3050.0,0.7928800813297814,0.8415430563106518
6,4,3000,Static geometry,66.39211758383564,300,0.22130705861278546,3050.0,0.7928800813297814,0.8415430563106518
6,4,3100,Bayesian ensemble,53.24711719930224,300,0.1774903906643408,3150.0,0.7935846812367765,0.8415430563106518
6,4,3100,Fixed pre-shift law,62.415207243912846,300,0.2080506908130428,3150.0,0.7935846812367765,0.8415430563106518
6,4,3100,Static geometry,61.61294664297006,300,0.2053764888099002,3150.0,0.7935846812367765,0.8415430563106518
6,4,3200,Bayesian ensemble,65.52310388770098,300,0.2184103462923366,3250.0,0.7838046530812965,0.8415430563106518
6,4,3200,Fixed pre-shift law,68.75060245373304,300,0.2291686748457768,3250.0,0.7838046530812965,0.8415430563106518
6,4,3200,Static geometry,69.2655558419595,300,0.230885186139865,3250.0,0.7838046530812965,0.8415430563106518
6,4,3300,Bayesian ensemble,62.494814607093275,300,0.20831604869031092,3350.0,0.8017847810852785,0.8415430563106518
6,4,3300,Fixed pre-shift law,63.00588466371037,300,0.21001961554570123,3350.0,0.8017847810852785,0.8415430563106518
6,4,3300,Static geometry,62.61132219242633,300,0.20870440730808776,3350.0,0.8017847810852785,0.8415430563106518
6,4,3400,Bayesian ensemble,61.245615166963134,300,0.20415205055654378,3450.0,0.8129289369275007,0.8415430563106518
6,4,3400,Fixed pre-shift law,64.48896562850396,300,0.21496321876167987,3450.0,0.8129289369275007,0.8415430563106518
6,4,3400,Static geometry,63.93732300717792,300,0.2131244100239264,3450.0,0.8129289369275007,0.8415430563106518
6,4,3500,Bayesian ensemble,55.80763799715792,300,0.1860254599905264,3550.0,0.8036824951351186,0.8415430563106518
6,4,3500,Fixed pre-shift law,60.646359819885426,300,0.20215453273295142,3550.0,0.8036824951351186,0.8415430563106518
6,4,3500,Static geometry,60.36505091379457,300,0.20121683637931523,3550.0,0.8036824951351186,0.8415430563106518
6,4,3600,Bayesian ensemble,63.26816293614676,300,0.21089387645382252,3650.0,0.7909744824769085,0.8415430563106518
6,4,3600,Fixed pre-shift law,65.35664525866942,300,0.21785548419556472,3650.0,0.7909744824769085,0.8415430563106518
6,4,3600,Static geometry,64.91250780386497,300,0.21637502601288322,3650.0,0.7909744824769085,0.8415430563106518
6,4,3700,Bayesian ensemble,62.75750617208258,300,0.20919168724027526,3750.0,0.7813056070494155,0.8415430563106518
6,4,3700,Fixed pre-shift law,62.42297035853182,300,0.20807656786177273,3750.0,0.7813056070494155,0.8415430563106518
6,4,3700,Static geometry,61.64236636398794,300,0.20547455454662647,3750.0,0.7813056070494155,0.8415430563106518
6,4,3800,Bayesian ensemble,64.24602865697862,300,0.2141534288565954,3850.0,0.7707933493377317,0.8415430563106518
6,4,3800,Fixed pre-shift law,66.5425945695744,300,0.221808648565248,3850.0,0.7707933493377317,0.8415430563106518
6,4,3800,Static geometry,66.23397834454445,300,0.22077992781514819,3850.0,0.7707933493377317,0.8415430563106518
6,4,3900,Bayesian ensemble,61.84893611472395,300,0.20616312038241316,3950.0,0.7666449429291333,0.8415430563106518
6,4,3900,Fixed pre-shift law,64.63769413311829,300,0.21545898044372763,3950.0,0.7666449429291333,0.8415430563106518
6,4,3900,Static geometry,64.2958272159682,300,0.21431942405322735,3950.0,0.7666449429291333,0.8415430563106518
7,4,300,Bayesian ensemble,67.92146903774079,300,0.2264048967924693,350.0,0.49567661113362677,-0.005819858147952845
7,4,300,Fixed pre-shift law,66.31051142160584,300,0.22103503807201946,350.0,0.49567661113362677,-0.005819858147952845
7,4,300,Static geometry,66.6605103078795,300,0.22220170102626502,350.0,0.49567661113362677,-0.005819858147952845
7,4,400,Bayesian ensemble,65.54272653113183,300,0.2184757551037728,450.0,0.48939820923260785,-0.005819858147952845
7,4,400,Fixed pre-shift law,63.84970098875656,300,0.21283233662918855,450.0,0.48939820923260785,-0.005819858147952845
7,4,400,Static geometry,63.74463233406319,300,0.21248210778021062,450.0,0.48939820923260785,-0.005819858147952845
7,4,500,Bayesian ensemble,66.6736065374296,300,0.22224535512476534,550.0,0.47629984326349567,-0.005819858147952845
7,4,500,Fixed pre-shift law,65.27110352372699,300,0.21757034507908998,550.0,0.47629984326349567,-0.005819858147952845
7,4,500,Static geometry,65.88578671919286,300,0.2196192890639762,550.0,0.47629984326349567,-0.005819858147952845
7,4,600,Bayesian ensemble,64.25022696803728,300,0.21416742322679094,650.0,0.4676290687166918,-0.005819858147952845
7,4,600,Fixed pre-shift law,64.30660457157566,300,0.21435534857191887,650.0,0.4676290687166918,-0.005819858147952845
7,4,600,Static geometry,64.04668121637776,300,0.21348893738792588,650.0,0.4676290687166918,-0.005819858147952845
7,4,700,Bayesian ensemble,67.73988757855798,300,0.22579962526185995,750.0,0.4729728834440362,-0.005819858147952845
7,4,700,Fixed pre-shift law,66.4974471903652,300,0.22165815730121732,750.0,0.4729728834440362,-0.005819858147952845
7,4,700,Static geometry,67.65767448161714,300,0.22552558160539046,750.0,0.4729728834440362,-0.005819858147952845
7,4,800,Bayesian ensemble,68.52146714485238,300,0.22840489048284127,850.0,0.45683281702487255,-0.005819858147952845
7,4,800,Fixed pre-shift law,67.38148366751116,300,0.22460494555837054,850.0,0.45683281702487255,-0.005819858147952845
7,4,800,Static geometry,68.13079680189641,300,0.22710265600632137,850.0,0.45683281702487255,-0.005819858147952845
7,4,900,Bayesian ensemble,61.758905683854636,300,0.2058630189461821,950.0,0.4518065348804079,-0.005819858147952845
7,4,900,Fixed pre-shift law,60.345040364347845,300,0.20115013454782615,950.0,0.4518065348804079,-0.005819858147952845
7,4,900,Static geometry,60.32375875193862,300,0.2010791958397954,950.0,0.4518065348804079,-0.005819858147952845
7,4,1000,Bayesian ensemble,66.51972854240556,300,0.2217324284746852,1050.0,0.4495809664058256,-0.005819858147952845
7,4,1000,Fixed pre-shift law,65.1970840353852,300,0.217323613451284,1050.0,0.4495809664058256,-0.005819858147952845
7,4,1000,Static geometry,66.00460072687878,300,0.2200153357562626,1050.0,0.4495809664058256,-0.005819858147952845
7,4,1100,Bayesian ensemble,66.17560767851906,300,0.22058535892839687,1150.0,0.44371347213076495,-0.005819858147952845
7,4,1100,Fixed pre-shift law,65.36190207948535,300,0.21787300693161782,1150.0,0.44371347213076495,-0.005819858147952845
7,4,1100,Static geometry,65.62068269915592,300,0.21873560899718641,1150.0,0.44371347213076495,-0.005819858147952845
7,4,1200,Bayesian ensemble,63.537327692521316,300,0.2117910923084044,1250.0,0.45248679432944733,-0.005819858147952845
7,4,1200,Fixed pre-shift law,62.34555461786932,300,0.20781851539289772,1250.0,0.45248679432944733,-0.005819858147952845
7,4,1200,Static geometry,62.80336845714933,300,0.2093445615238311,1250.0,0.45248679432944733,-0.005819858147952845
7,4,1300,Bayesian ensemble,64.40768869200285,300,0.2146922956400095,1350.0,0.4493823964708269,-0.005819858147952845
7,4,1300,Fixed pre-shift law,64.09196916266406,300,0.2136398972088802,1350.0,0.4493823964708269,-0.005819858147952845
7,4,1300,Static geometry,63.90909336265396,300,0.21303031120884655,1350.0,0.4493823964708269,-0.005819858147952845
7,4,1400,Bayesian ensemble,65.26798695810282,300,0.2175599565270094,1450.0,0.45873318303206095,-0.005819858147952845
7,4,1400,Fixed pre-shift law,64.35995945107838,300,0.21453319817026129,1450.0,0.45873318303206095,-0.005819858147952845
7,4,1400,Static geometry,64.65165298321178,300,0.21550550994403925,1450.0,0.45873318303206095,-0.005819858147952845
7,4,1500,Bayesian ensemble,63.702881690526844,300,0.21234293896842282,1550.0,0.4542079064353141,-0.005819858147952845
7,4,1500,Fixed pre-shift law,62.88299754869932,300,0.20960999182899773,1550.0,0.4542079064353141,-0.005819858147952845
7,4,1500,Static geometry,63.61278292891579,300,0.21204260976305264,1550.0,0.4542079064353141,-0.005819858147952845
7,4,1600,Bayesian ensemble,63.893912511926985,300,0.21297970837308994,1650.0,0.45403456001767223,-0.005819858147952845
7,4,1600,Fixed pre-shift law,62.89824556480915,300,0.20966081854936383,1650.0,0.45403456001767223,-0.005819858147952845
7,4,1600,Static geometry,62.75445798743378,300,0.20918152662477926,1650.0,0.45403456001767223,-0.005819858147952845
7,4,1700,Bayesian ensemble,62.28370869481635,300,0.20761236231605448,1750.0,0.4422259345473648,-0.005819858147952845
7,4,1700,Fixed pre-shift law,60.735840277149514,300,0.20245280092383172,1750.0,0.4422259345473648,-0.005819858147952845
7,4,1700,Static geometry,60.91810771947622,300,0.20306035906492073,1750.0,0.4422259345473648,-0.005819858147952845
7,4,1800,Bayesian ensemble,65.58379491002083,300,0.21861264970006944,1850.0,0.45970899205622723,-0.005819858147952845
7,4,1800,Fixed pre-shift law,64.43547922504212,300,0.21478493075014038,1850.0,0.45970899205622723,-0.005819858147952845
7,4,1800,Static geometry,65.0828706729503,300,0.2169429022431677,1850.0,0.45970899205622723,-0.005819858147952845
7,4,1900,Bayesian ensemble,61.54649723219898,300,0.2051549907739966,1950.0,0.4698960470997872,-0.005819858147952845
7,4,1900,Fixed pre-shift law,60.632620051565226,300,0.2021087335052174,1950.0,0.4698960470997872,-0.005819858147952845
7,4,1900,Static geometry,60.770758649406474,300,0.20256919549802158,1950.0,0.4698960470997872,-0.005819858147952845
7,4,2000,Bayesian ensemble,64.38650834795159,300,0.21462169449317198,2050.0,0.5102647170290392,0.8441783518118348
7,4,2000,Fixed pre-shift law,63.86552547316074,300,0.2128850849105358,2050.0,0.5102647170290392,0.8441783518118348
7,4,2000,Static geometry,64.19222990711646,300,0.2139740996903882,2050.0,0.5102647170290392,0.8441783518118348
7,4,2100,Bayesian ensemble,65.38487765097838,300,0.21794959216992793,2150.0,0.5889430587782516,0.8441783518118348
7,4,2100,Fixed pre-shift law,63.06870431758845,300,0.21022901439196148,2150.0,0.5889430587782516,0.8441783518118348
7,4,2100,Static geometry,63.05180166445873,300,0.21017267221486244,2150.0,0.5889430587782516,0.8441783518118348
7,4,2200,Bayesian ensemble,60.93982042271898,300,0.2031327347423966,2250.0,0.6281582986677607,0.8441783518118348
7,4,2200,Fixed pre-shift law,61.36893787470195,300,0.2045631262490065,2250.0,0.6281582986677607,0.8441783518118348
7,4,2200,Static geometry,61.745528404055484,300,0.20581842801351827,2250.0,0.6281582986677607,0.8441783518118348
7,4,2300,Bayesian ensemble,59.71188948099398,300,0.19903963160331328,2350.0,0.7071080706890435,0.8441783518118348
7,4,2300,Fixed pre-shift law,59.87693004618943,300,0.19958976682063143,2350.0,0.7071080706890435,0.8441783518118348
7,4,2300,Static geometry,58.79973772663186,300,0.19599912575543954,2350.0,0.7071080706890435,0.8441783518118348
7,4,2400,Bayesian ensemble,61.92835292625337,300,0.20642784308751122,2450.0,0.7260581005050737,0.8441783518118348
7,4,2400,Fixed pre-shift law,63.64374122355466,300,0.21214580407851555,2450.0,0.7260581005050737,0.8441783518118348
7,4,2400,Static geometry,62.76699711294073,300,0.20922332370980243,2450.0,0.7260581005050737,0.8441783518118348
7,4,2500,Bayesian ensemble,62.357595107934735,300,0.20785865035978246,2550.0,0.7203133755819978,0.8441783518118348
7,4,2500,Fixed pre-shift law,65.65177340041765,300,0.21883924466805885,2550.0,0.7203133755819978,0.8441783518118348
7,4,2500,Static geometry,65.05012080453312,300,0.2168337360151104,2550.0,0.7203133755819978,0.8441783518118348
7,4,2600,Bayesian ensemble,63.81231439892708,300,0.21270771466309027,2650.0,0.7310421061711659,0.8441783518118348
7,4,2600,Fixed pre-shift law,61.60388697393521,300,0.20534628991311737,2650.0,0.7310421061711659,0.8441783518118348
7,4,2600,Static geometry,61.065803712837194,300,0.20355267904279065,2650.0,0.7310421061711659,0.8441783518118348
7,4,2700,Bayesian ensemble,58.601032972131286,300,0.19533677657377096,2750.0,0.7421441777284987,0.8441783518118348
7,4,2700,Fixed pre-shift law,59.42968610714713,300,0.19809895369049044,2750.0,0.7421441777284987,0.8441783518118348
7,4,2700,Static geometry,59.67629220412971,300,0.19892097401376568,2750.0,0.7421441777284987,0.8441783518118348
7,4,2800,Bayesian ensemble,52.70992193290808,300,0.17569973977636028,2850.0,0.7433053790883336,0.8441783518118348
7,4,2800,Fixed pre-shift law,53.42783029579035,300,0.17809276765263451,2850.0,0.7433053790883336,0.8441783518118348
7,4,2800,Static geometry,52.247154033663165,300,0.17415718011221054,2850.0,0.7433053790883336,0.8441783518118348
7,4,2900,Bayesian ensemble,53.301132599645,300,0.17767044199881668,2950.0,0.7560357796625286,0.8441783518118348
7,4,2900,Fixed pre-shift law,53.640237700526605,300,0.1788007923350887,2950.0,0.7560357796625286,0.8441783518118348
7,4,2900,Static geometry,53.16547287613981,300,0.17721824292046603,2950.0,0.7560357796625286,0.8441783518118348
7,4,3000,Bayesian ensemble,65.43813177522466,300,0.21812710591741555,3050.0,0.7380094099730424,0.8441783518118348
7,4,3000,Fixed pre-shift law,67.06541126777275,300,0.22355137089257582,3050.0,0.7380094099730424,0.8441783518118348
7,4,3000,Static geometry,66.75844855164773,300,0.22252816183882576,3050.0,0.7380094099730424,0.8441783518118348
7,4,3100,Bayesian ensemble,56.98671429405793,300,0.18995571431352645,3150.0,0.750692008899676,0.8441783518118348
7,4,3100,Fixed pre-shift law,57.974452766961434,300,0.19324817588987145,3150.0,0.750692008899676,0.8441783518118348
7,4,3100,Static geometry,57.29573006911132,300,0.19098576689703775,3150.0,0.750692008899676,0.8441783518118348
7,4,3200,Bayesian ensemble,58.63477170233189,300,0.19544923900777297,3250.0,0.7445840701625619,0.8441783518118348
7,4,3200,Fixed pre-shift law,61.20615040823838,300,0.2040205013607946,3250.0,0.7445840701625619,0.8441783518118348
7,4,3200,Static geometry,60.36974296680529,300,0.20123247655601764,3250.0,0.7445840701625619,0.8441783518118348
7,4,3300,Bayesian ensemble,67.87683103851572,300,0.22625610346171907,3350.0,0.7442412366080561,0.8441783518118348
7,4,3300,Fixed pre-shift law,64.69202171441312,300,0.21564007238137706,3350.0,0.7442412366080561,0.8441783518118348
7,4,3300,Static geometry,64.89783795997171,300,0.21632612653323904,3350.0,0.7442412366080561,0.8441783518118348
7,4,3400,Bayesian ensemble,54.29167170391854,300,0.1809722390130618,3450.0,0.7402158265362783,0.8441783518118348
7,4,3400,Fixed pre-shift law,54.891606229381495,300,0.18297202076460498,3450.0,0.7402158265362783,0.8441783518118348
7,4,3400,Static geometry,54.484145467844286,300,0.1816138182261476,3450.0,0.7402158265362783,0.8441783518118348
7,4,3500,Bayesian ensemble,62.094944364225135,300,0.20698314788075045,3550.0,0.7451896449286687,0.8441783518118348
7,4,3500,Fixed pre-shift law,64.22765984616035,300,0.21409219948720118,3550.0,0.7451896449286687,0.8441783518118348
7,4,3500,Static geometry,63.40151785756153,300,0.21133839285853842,3550.0,0.7451896449286687,0.8441783518118348
7,4,3600,Bayesian ensemble,60.43307418221218,300,0.20144358060737394,3650.0,0.7619687626081157,0.8441783518118348
7,4,3600,Fixed pre-shift law,62.69728549866959,300,0.20899095166223197,3650.0,0.7619687626081157,0.8441783518118348
7,4,3600,Static geometry,61.63210919191551,300,0.2054403639730517,3650.0,0.7619687626081157,0.8441783518118348
7,4,3700,Bayesian ensemble,52.10067887655382,300,0.17366892958851274,3750.0,0.7642739350795437,0.8441783518118348
7,4,3700,Fixed pre-shift law,54.07159081181813,300,0.18023863603939377,3750.0,0.7642739350795437,0.8441783518118348
7,4,3700,Static geometry,53.8325022050918,300,0.17944167401697267,3750.0,0.7642739350795437,0.8441783518118348
7,4,3800,Bayesian ensemble,56.16026460556974,300,0.1872008820185658,3850.0,0.7683247773774646,0.8441783518118348
7,4,3800,Fixed pre-shift law,59.47298635590023,300,0.19824328785300077,3850.0,0.7683247773774646,0.8441783518118348
7,4,3800,Static geometry,58.81419341637351,300,0.1960473113879117,3850.0,0.7683247773774646,0.8441783518118348
7,4,3900,Bayesian ensemble,61.16292310163696,300,0.20387641033878987,3950.0,0.7578081763237194,0.8441783518118348
7,4,3900,Fixed pre-shift law,60.44628634589038,300,0.20148762115296792,3950.0,0.7578081763237194,0.8441783518118348
7,4,3900,Static geometry,60.10798476137913,300,0.2003599492045971,3950.0,0.7578081763237194,0.8441783518118348
8,4,300,Bayesian ensemble,53.921557889275924,300,0.1797385262975864,350.0,0.597440524093756,0.1657505490812655
8,4,300,Fixed pre-shift law,53.133275123810044,300,0.17711091707936683,350.0,0.597440524093756,0.1657505490812655
8,4,300,Static geometry,53.57350241538283,300,0.17857834138460946,350.0,0.597440524093756,0.1657505490812655
8,4,400,Bayesian ensemble,56.84378784986663,300,0.18947929283288875,450.0,0.572706228860971,0.1657505490812655
8,4,400,Fixed pre-shift law,55.90260749186497,300,0.18634202497288324,450.0,0.572706228860971,0.1657505490812655
8,4,400,Static geometry,57.608004795459294,300,0.19202668265153097,450.0,0.572706228860971,0.1657505490812655
8,4,500,Bayesian ensemble,52.45945430620503,300,0.1748648476873501,550.0,0.5682358066319056,0.1657505490812655
8,4,500,Fixed pre-shift law,49.82547163848654,300,0.1660849054616218,550.0,0.5682358066319056,0.1657505490812655
8,4,500,Static geometry,50.63113703799347,300,0.16877045679331157,550.0,0.5682358066319056,0.1657505490812655
8,4,600,Bayesian ensemble,53.168147923828506,300,0.17722715974609501,650.0,0.5507576673307728,0.1657505490812655
8,4,600,Fixed pre-shift law,51.73033952032568,300,0.17243446506775226,650.0,0.5507576673307728,0.1657505490812655
8,4,600,Static geometry,52.66595119960559,300,0.17555317066535195,650.0,0.5507576673307728,0.1657505490812655
8,4,700,Bayesian ensemble,51.865857208734056,300,0.17288619069578018,750.0,0.5464393833970295,0.1657505490812655
8,4,700,Fixed pre-shift law,49.99021643529012,300,0.1666340547843004,750.0,0.5464393833970295,0.1657505490812655
8,4,700,Static geometry,50.91017868023005,300,0.16970059560076683,750.0,0.5464393833970295,0.1657505490812655
8,4,800,Bayesian ensemble,53.21576245408027,300,0.17738587484693424,850.0,0.5514629363292245,0.1657505490812655
8,4,800,Fixed pre-shift law,51.53229491838533,300,0.17177431639461777,850.0,0.5514629363292245,0.1657505490812655
8,4,800,Static geometry,52.33520205221229,300,0.17445067350737428,850.0,0.5514629363292245,0.1657505490812655
8,4,900,Bayesian ensemble,46.70780038401963,300,0.1556926679467321,950.0,0.5513296411744301,0.1657505490812655
8,4,900,Fixed pre-shift law,45.91773242872918,300,0.15305910809576392,950.0,0.5513296411744301,0.1657505490812655
8,4,900,Static geometry,47.44747405418403,300,0.15815824684728008,950.0,0.5513296411744301,0.1657505490812655
8,4,1000,Bayesian ensemble,54.22336033096414,300,0.18074453443654714,1050.0,0.5526491577876462,0.1657505490812655
8,4,1000,Fixed pre-shift law,53.03319480940536,300,0.1767773160313512,1050.0,0.5526491577876462,0.1657505490812655
8,4,1000,Static geometry,53.810936639831425,300,0.17936978879943807,1050.0,0.5526491577876462,0.1657505490812655
8,4,1100,Bayesian ensemble,52.17790732250799,300,0.1739263577416933,1150.0,0.5549237243872231,0.1657505490812655
8,4,1100,Fixed pre-shift law,50.619570230281894,300,0.1687319007676063,1150.0,0.5549237243872231,0.1657505490812655
8,4,1100,Static geometry,52.23102879330989,300,0.17410342931103295,1150.0,0.5549237243872231,0.1657505490812655
8,4,1200,Bayesian ensemble,56.89733578493315,300,0.18965778594977717,1250.0,0.5499317698204528,0.1657505490812655
8,4,1200,Fixed pre-shift law,56.38210053204821,300,0.18794033510682737,1250.0,0.5499317698204528,0.1657505490812655
8,4,1200,Static geometry,57.39795993618964,300,0.19132653312063214,1250.0,0.5499317698204528,0.1657505490812655
8,4,1300,Bayesian ensemble,45.94430007303965,300,0.15314766691013215,1350.0,0.5397103911359937,0.1657505490812655
8,4,1300,Fixed pre-shift law,45.634383898164536,300,0.1521146129938818,1350.0,0.5397103911359937,0.1657505490812655
8,4,1300,Static geometry,47.19052960095056,300,0.15730176533650186,1350.0,0.5397103911359937,0.1657505490812655
8,4,1400,Bayesian ensemble,47.333401861840784,300,0.15777800620613594,1450.0,0.5613650606736876,0.1657505490812655
8,4,1400,Fixed pre-shift law,46.061215769256215,300,0.15353738589752072,1450.0,0.5613650606736876,0.1657505490812655
8,4,1400,Static geometry,46.49495256584373,300,0.1549831752194791,1450.0,0.5613650606736876,0.1657505490812655
8,4,1500,Bayesian ensemble,51.554454375532394,300,0.17184818125177465,1550.0,0.5601619942424374,0.1657505490812655
8,4,1500,Fixed pre-shift law,51.01126900882601,300,0.17003756336275339,1550.0,0.5601619942424374,0.1657505490812655
8,4,1500,Static geometry,51.71647400912355,300,0.1723882466970785,1550.0,0.5601619942424374,0.1657505490812655
8,4,1600,Bayesian ensemble,49.567822516395346,300,0.16522607505465114,1650.0,0.5526014851209238,0.1657505490812655
8,4,1600,Fixed pre-shift law,47.9278870485717,300,0.159759623495239,1650.0,0.5526014851209238,0.1657505490812655
8,4,1600,Static geometry,47.575605797753084,300,0.15858535265917695,1650.0,0.5526014851209238,0.1657505490812655
8,4,1700,Bayesian ensemble,50.573503477456505,300,0.16857834492485502,1750.0,0.5551066581682008,0.1657505490812655
8,4,1700,Fixed pre-shift law,49.55329128597254,300,0.16517763761990847,1750.0,0.5551066581682008,0.1657505490812655
8,4,1700,Static geometry,50.48783748475671,300,0.1682927916158557,1750.0,0.5551066581682008,0.1657505490812655
8,4,1800,Bayesian ensemble,54.38175255193891,300,0.18127250850646304,1850.0,0.5443716409173992,0.1657505490812655
8,4,1800,Fixed pre-shift law,53.31201353840108,300,0.17770671179467026,1850.0,0.5443716409173992,0.1657505490812655
8,4,1800,Static geometry,55.04039586838138,300,0.18346798622793795,1850.0,0.5443716409173992,0.1657505490812655
8,4,1900,Bayesian ensemble,48.2122832527022,300,0.16070761084234067,1950.0,0.5478262326710017,0.1657505490812655
8,4,1900,Fixed pre-shift law,47.96576235372037,300,0.15988587451240124,1950.0,0.5478262326710017,0.1657505490812655
8,4,1900,Static geometry,47.57247126925112,300,0.15857490423083706,1950.0,0.5478262326710017,0.1657505490812655
8,4,2000,Bayesian ensemble,44.34929926961366,300,0.14783099756537887,2050.0,0.5649613031239729,0.855308505509258
8,4,2000,Fixed pre-shift law,43.65140170846692,300,0.1455046723615564,2050.0,0.5649613031239729,0.855308505509258
8,4,2000,Static geometry,42.69675318328878,300,0.1423225106109626,2050.0,0.5649613031239729,0.855308505509258
8,4,2100,Bayesian ensemble,41.28133041867037,300,0.13760443472890124,2150.0,0.6083324192445613,0.855308505509258
8,4,2100,Fixed pre-shift law,43.68714000405834,300,0.14562380001352782,2150.0,0.6083324192445613,0.855308505509258
8,4,2100,Static geometry,42.46459370750992,300,0.14154864569169973,2150.0,0.6083324192445613,0.855308505509258
8,4,2200,Bayesian ensemble,40.53040951482004,300,0.13510136504940015,2250.0,0.6410307791483416,0.855308505509258
8,4,2200,Fixed pre-shift law,39.40891035905255,300,0.13136303453017517,2250.0,0.6410307791483416,0.855308505509258
8,4,2200,Static geometry,38.82125569199087,300,0.12940418563996958,2250.0,0.6410307791483416,0.855308505509258
8,4,2300,Bayesian ensemble,52.80467386180213,300,0.17601557953934044,2350.0,0.6497013563483517,0.855308505509258
8,4,2300,Fixed pre-shift law,52.34519776483153,300,0.17448399254943844,2350.0,0.6497013563483517,0.855308505509258
8,4,2300,Static geometry,52.72955359571783,300,0.17576517865239277,2350.0,0.6497013563483517,0.855308505509258
8,4,2400,Bayesian ensemble,47.9060711261582,300,0.1596869037538607,2450.0,0.667790214314103,0.855308505509258
8,4,2400,Fixed pre-shift law,53.79895568042096,300,0.17932985226806986,2450.0,0.667790214314103,0.855308505509258
8,4,2400,Static geometry,51.69117137199489,300,0.1723039045733163,2450.0,0.667790214314103,0.855308505509258
8,4,2500,Bayesian ensemble,49.46465562526635,300,0.1648821854175545,2550.0,0.7037868006197052,0.855308505509258
8,4,2500,Fixed pre-shift law,48.367904107126506,300,0.16122634702375502,2550.0,0.7037868006197052,0.855308505509258
8,4,2500,Static geometry,47.50273660402147,300,0.15834245534673824,2550.0,0.7037868006197052,0.855308505509258
8,4,2600,Bayesian ensemble,45.0286543783238,300,0.15009551459441267,2650.0,0.7129258933604257,0.855308505509258
8,4,2600,Fixed pre-shift law,44.91146997495495,300,0.1497048999165165,2650.0,0.7129258933604257,0.855308505509258
8,4,2600,Static geometry,44.64134629696582,300,0.14880448765655274,2650.0,0.7129258933604257,0.855308505509258
8,4,2700,Bayesian ensemble,58.24724758823555,300,0.19415749196078516,2750.0,0.7082185266507195,0.855308505509258
8,4,2700,Fixed pre-shift law,61.766475624264075,300,0.20588825208088024,2750.0,0.7082185266507195,0.855308505509258
8,4,2700,Static geometry,62.25852867811242,300,0.2075284289270414,2750.0,0.7082185266507195,0.855308505509258
8,4,2800,Bayesian ensemble,52.06680939570648,300,0.1735560313190216,2850.0,0.7523806531584727,0.855308505509258
8,4,2800,Fixed pre-shift law,47.35393985616931,300,0.15784646618723103,2850.0,0.7523806531584727,0.855308505509258
8,4,2800,Static geometry,47.03618951099865,300,0.1567872983699955,2850.0,0.7523806531584727,0.855308505509258
8,4,2900,Bayesian ensemble,41.65811121413982,300,0.13886037071379942,2950.0,0.7595982732158043,0.855308505509258
8,4,2900,Fixed pre-shift law,46.0693510199358,300,0.153564503399786,2950.0,0.7595982732158043,0.855308505509258
8,4,2900,Static geometry,45.758307668543644,300,0.1525276922284788,2950.0,0.7595982732158043,0.855308505509258
8,4,3000,Bayesian ensemble,42.1647465406763,300,0.14054915513558766,3050.0,0.7709712729729755,0.855308505509258
8,4,3000,Fixed pre-shift law,41.19514390510501,300,0.13731714635035006,3050.0,0.7709712729729755,0.855308505509258
8,4,3000,Static geometry,42.02737668971956,300,0.14009125563239852,3050.0,0.7709712729729755,0.855308505509258
8,4,3100,Bayesian ensemble,46.57341291353961,300,0.1552447097117987,3150.0,0.7649200656723372,0.855308505509258
8,4,3100,Fixed pre-shift law,43.73702210088202,300,0.14579007366960675,3150.0,0.7649200656723372,0.855308505509258
8,4,3100,Static geometry,44.5040396348885,300,0.14834679878296167,3150.0,0.7649200656723372,0.855308505509258
8,4,3200,Bayesian ensemble,45.03738517052881,300,0.15012461723509601,3250.0,0.7571577910949293,0.855308505509258
8,4,3200,Fixed pre-shift law,43.588043194042065,300,0.14529347731347356,3250.0,0.7571577910949293,0.855308505509258
8,4,3200,Static geometry,43.62235749810242,300,0.14540785832700806,3250.0,0.7571577910949293,0.855308505509258
8,4,3300,Bayesian ensemble,50.96007767425029,300,0.1698669255808343,3350.0,0.7590216553660352,0.855308505509258
8,4,3300,Fixed pre-shift law,51.91683748728265,300,0.17305612495760883,3350.0,0.7590216553660352,0.855308505509258
8,4,3300,Static geometry,51.27033834688988,300,0.17090112782296626,3350.0,0.7590216553660352,0.855308505509258
8,4,3400,Bayesian ensemble,38.343129673805635,300,0.1278104322460188,3450.0,0.7586647366213736,0.855308505509258
8,4,3400,Fixed pre-shift law,39.786518827891896,300,0.13262172942630632,3450.0,0.7586647366213736,0.855308505509258
8,4,3400,Static geometry,37.98551674816033,300,0.12661838916053442,3450.0,0.7586647366213736,0.855308505509258
8,4,3500,Bayesian ensemble,43.89656792455631,300,0.14632189308185437,3550.0,0.7527967518755249,0.855308505509258
8,4,3500,Fixed pre-shift law,45.950633915330364,300,0.15316877971776788,3550.0,0.7527967518755249,0.855308505509258
8,4,3500,Static geometry,46.16613011493187,300,0.1538871003831062,3550.0,0.7527967518755249,0.855308505509258
8,4,3600,Bayesian ensemble,45.6488712745346,300,0.15216290424844867,3650.0,0.7567498329009413,0.855308505509258
8,4,3600,Fixed pre-shift law,47.944023841404544,300,0.1598134128046818,3650.0,0.7567498329009413,0.855308505509258
8,4,3600,Static geometry,47.26440694375329,300,0.15754802314584432,3650.0,0.7567498329009413,0.855308505509258
8,4,3700,Bayesian ensemble,42.226738078653206,300,0.1407557935955107,3750.0,0.7635891404317857,0.855308505509258
8,4,3700,Fixed pre-shift law,47.355836690856094,300,0.15785278896952032,3750.0,0.7635891404317857,0.855308505509258
8,4,3700,Static geometry,46.16269461664311,300,0.15387564872214368,3750.0,0.7635891404317857,0.855308505509258
8,4,3800,Bayesian ensemble,42.65861813618563,300,0.14219539378728543,3850.0,0.7597180450537272,0.855308505509258
8,4,3800,Fixed pre-shift law,43.304218032170866,300,0.14434739344056954,3850.0,0.7597180450537272,0.855308505509258
8,4,3800,Static geometry,42.49274672144535,300,0.1416424890714845,3850.0,0.7597180450537272,0.855308505509258
8,4,3900,Bayesian ensemble,44.84269226795548,300,0.14947564089318494,3950.0,0.7428649491346703,0.855308505509258
8,4,3900,Fixed pre-shift law,46.06598858366744,300,0.15355329527889147,3950.0,0.7428649491346703,0.855308505509258
8,4,3900,Static geometry,44.33148961929761,300,0.14777163206432536,3950.0,0.7428649491346703,0.855308505509258
9,4,300,Bayesian ensemble,57.46391866078407,300,0.19154639553594688,350.0,0.5374801790917602,-0.0805202220953513
9,4,300,Fixed pre-shift law,57.69227576046266,300,0.19230758586820887,350.0,0.5374801790917602,-0.0805202220953513
9,4,300,Static geometry,57.66893761373356,300,0.19222979204577853,350.0,0.5374801790917602,-0.0805202220953513
9,4,400,Bayesian ensemble,58.32137033077251,300,0.1944045677692417,450.0,0.5336781315902155,-0.0805202220953513
9,4,400,Fixed pre-shift law,57.54854180919398,300,0.19182847269731326,450.0,0.5336781315902155,-0.0805202220953513
9,4,400,Static geometry,58.0085700974885,300,0.19336190032496167,450.0,0.5336781315902155,-0.0805202220953513
9,4,500,Bayesian ensemble,59.031961763854866,300,0.19677320587951622,550.0,0.5359805393923778,-0.0805202220953513
9,4,500,Fixed pre-shift law,58.150415479499316,300,0.1938347182649977,550.0,0.5359805393923778,-0.0805202220953513
9,4,500,Static geometry,58.82220033364703,300,0.19607400111215678,550.0,0.5359805393923778,-0.0805202220953513
9,4,600,Bayesian ensemble,65.54248471688864,300,0.21847494905629547,650.0,0.5384470098572262,-0.0805202220953513
9,4,600,Fixed pre-shift law,64.1289282789692,300,0.21376309426323067,650.0,0.5384470098572262,-0.0805202220953513
9,4,600,Static geometry,65.0782685002839,300,0.21692756166761298,650.0,0.5384470098572262,-0.0805202220953513
9,4,700,Bayesian ensemble,67.96966444273403,300,0.22656554814244675,750.0,0.5278167542526302,-0.0805202220953513
9,4,700,Fixed pre-shift law,66.10208816626282,300,0.22034029388754273,750.0,0.5278167542526302,-0.0805202220953513
9,4,700,Static geometry,67.3713235732436,300,0.22457107857747866,750.0,0.5278167542526302,-0.0805202220953513
9,4,800,Bayesian ensemble,64.85543373733941,300,0.2161847791244647,850.0,0.5163742875745794,-0.0805202220953513
9,4,800,Fixed pre-shift law,62.48643226372898,300,0.20828810754576327,850.0,0.5163742875745794,-0.0805202220953513
9,4,800,Static geometry,62.99790739407768,300,0.2099930246469256,850.0,0.5163742875745794,-0.0805202220953513
9,4,900,Bayesian ensemble,58.58539687940612,300,0.19528465626468705,950.0,0.5124097564258766,-0.0805202220953513
9,4,900,Fixed pre-shift law,58.33282702154704,300,0.19444275673849012,950.0,0.5124097564258766,-0.0805202220953513
9,4,900,Static geometry,58.48107354337958,300,0.19493691181126527,950.0,0.5124097564258766,-0.0805202220953513
9,4,1000,Bayesian ensemble,61.8483156613403,300,0.20616105220446768,1050.0,0.5108319543851169,-0.0805202220953513
9,4,1000,Fixed pre-shift law,61.154564035004235,300,0.20384854678334746,1050.0,0.5108319543851169,-0.0805202220953513
9,4,1000,Static geometry,62.645502409837206,300,0.208818341366124,1050.0,0.5108319543851169,-0.0805202220953513
9,4,1100,Bayesian ensemble,64.29022185546162,300,0.2143007395182054,1150.0,0.4919894285146033,-0.0805202220953513
9,4,1100,Fixed pre-shift law,62.87735386018048,300,0.2095911795339349,1150.0,0.4919894285146033,-0.0805202220953513
9,4,1100,Static geometry,63.829877771071395,300,0.21276625923690465,1150.0,0.4919894285146033,-0.0805202220953513
9,4,1200,Bayesian ensemble,61.536421198254594,300,0.20512140399418197,1250.0,0.48594792280091925,-0.0805202220953513
9,4,1200,Fixed pre-shift law,60.38456217632648,300,0.2012818739210883,1250.0,0.48594792280091925,-0.0805202220953513
9,4,1200,Static geometry,60.43580237158542,300,0.2014526745719514,1250.0,0.48594792280091925,-0.0805202220953513
9,4,1300,Bayesian ensemble,61.25223268136406,300,0.2041741089378802,1350.0,0.49866560101305496,-0.0805202220953513
9,4,1300,Fixed pre-shift law,60.757882060024336,300,0.20252627353341446,1350.0,0.49866560101305496,-0.0805202220953513
9,4,1300,Static geometry,60.05145728831018,300,0.20017152429436727,1350.0,0.49866560101305496,-0.0805202220953513
9,4,1400,Bayesian ensemble,54.36065917969696,300,0.18120219726565653,1450.0,0.4954722241023811,-0.0805202220953513
9,4,1400,Fixed pre-shift law,54.6512541925847,300,0.18217084730861569,1450.0,0.4954722241023811,-0.0805202220953513
9,4,1400,Static geometry,52.56522038666774,300,0.17521740128889246,1450.0,0.4954722241023811,-0.0805202220953513
9,4,1500,Bayesian ensemble,60.624861480611926,300,0.20208287160203975,1550.0,0.48768061445551486,-0.0805202220953513
9,4,1500,Fixed pre-shift law,60.10072831432676,300,0.20033576104775586,1550.0,0.48768061445551486,-0.0805202220953513
9,4,1500,Static geometry,60.87066092110314,300,0.2029022030703438,1550.0,0.48768061445551486,-0.0805202220953513
9,4,1600,Bayesian ensemble,57.47649932401747,300,0.19158833108005824,1650.0,0.5018960761076514,-0.0805202220953513
9,4,1600,Fixed pre-shift law,55.78178226826096,300,0.18593927422753653,1650.0,0.5018960761076514,-0.0805202220953513
9,4,1600,Static geometry,55.63528935199576,300,0.18545096450665252,1650.0,0.5018960761076514,-0.0805202220953513
9,4,1700,Bayesian ensemble,67.16341421191729,300,0.2238780473730576,1750.0,0.4891840518895789,-0.0805202220953513
9,4,1700,Fixed pre-shift law,65.86480554008486,300,0.21954935180028287,1750.0,0.4891840518895789,-0.0805202220953513
9,4,1700,Static geometry,67.00920270768415,300,0.22336400902561385,1750.0,0.4891840518895789,-0.0805202220953513
9,4,1800,Bayesian ensemble,61.54847840795485,300,0.20516159469318285,1850.0,0.49854365694045577,-0.0805202220953513
9,4,1800,Fixed pre-shift law,60.12392886105618,300,0.2004130962035206,1850.0,0.49854365694045577,-0.0805202220953513
9,4,1800,Static geometry,61.08854223416292,300,0.2036284741138764,1850.0,0.49854365694045577,-0.0805202220953513
9,4,1900,Bayesian ensemble,64.00505297197151,300,0.21335017657323838,1950.0,0.4787165156393422,-0.0805202220953513
9,4,1900,Fixed pre-shift law,65.10531410356616,300,0.21701771367855385,1950.0,0.4787165156393422,-0.0805202220953513
9,4,1900,Static geometry,67.5028517049041,300,0.22500950568301367,1950.0,0.4787165156393422,-0.0805202220953513
9,4,2000,Bayesian ensemble,62.138819964198284,300,0.20712939988066095,2050.0,0.5145725488401043,0.8156962371046214
9,4,2000,Fixed pre-shift law,58.4284579221645,300,0.194761526407215,2050.0,0.5145725488401043,0.8156962371046214
9,4,2000,Static geometry,59.25610983780153,300,0.1975203661260051,2050.0,0.5145725488401043,0.8156962371046214
9,4,2100,Bayesian ensemble,69.3466579831439,300,0.23115552661047967,2150.0,0.592312311876378,0.8156962371046214
9,4,2100,Fixed pre-shift law,66.05833295200839,300,0.2201944431733613,2150.0,0.592312311876378,0.8156962371046214
9,4,2100,Static geometry,65.69984820804453,300,0.2189994940268151,2150.0,0.592312311876378,0.8156962371046214
9,4,2200,Bayesian ensemble,58.902024950921906,300,0.1963400831697397,2250.0,0.6309774637415123,0.8156962371046214
9,4,2200,Fixed pre-shift law,56.61663547226163,300,0.1887221182408721,2250.0,0.6309774637415123,0.8156962371046214
9,4,2200,Static geometry,54.793907052220256,300,0.1826463568407342,2250.0,0.6309774637415123,0.8156962371046214
9,4,2300,Bayesian ensemble,55.54559541010649,300,0.185151984700355,2350.0,0.6788361421278628,0.8156962371046214
9,4,2300,Fixed pre-shift law,56.32884282486349,300,0.18776280941621165,2350.0,0.6788361421278628,0.8156962371046214
9,4,2300,Static geometry,55.45226671229669,300,0.18484088904098897,2350.0,0.6788361421278628,0.8156962371046214
9,4,2400,Bayesian ensemble,47.727717868161555,300,0.15909239289387186,2450.0,0.6899195134852077,0.8156962371046214
9,4,2400,Fixed pre-shift law,49.488042273429784,300,0.1649601409114326,2450.0,0.6899195134852077,0.8156962371046214
9,4,2400,Static geometry,47.52521251140355,300,0.15841737503801184,2450.0,0.6899195134852077,0.8156962371046214
9,4,2500,Bayesian ensemble,60.30104355510864,300,0.2010034785170288,2550.0,0.7354378060244852,0.8156962371046214
9,4,2500,Fixed pre-shift law,62.35419476074354,300,0.20784731586914512,2550.0,0.7354378060244852,0.8156962371046214
9,4,2500,Static geometry,61.61827084677834,300,0.20539423615592778,2550.0,0.7354378060244852,0.8156962371046214
9,4,2600,Bayesian ensemble,56.02998893326293,300,0.1867666297775431,2650.0,0.7223371748489177,0.8156962371046214
9,4,2600,Fixed pre-shift law,56.342809795106085,300,0.18780936598368694,2650.0,0.7223371748489177,0.8156962371046214
9,4,2600,Static geometry,56.08580972863713,300,0.18695269909545711,2650.0,0.7223371748489177,0.8156962371046214
9,4,2700,Bayesian ensemble,67.24050120878404,300,0.22413500402928013,2750.0,0.721766798660991,0.8156962371046214
9,4,2700,Fixed pre-shift law,63.45095408980987,300,0.21150318029936624,2750.0,0.721766798660991,0.8156962371046214
9,4,2700,Static geometry,62.90841203137155,300,0.2096947067712385,2750.0,0.721766798660991,0.8156962371046214
9,4,2800,Bayesian ensemble,61.739933388719585,300,0.20579977796239862,2850.0,0.7183582640589619,0.8156962371046214
9,4,2800,Fixed pre-shift law,64.85251729923155,300,0.21617505766410516,2850.0,0.7183582640589619,0.8156962371046214
9,4,2800,Static geometry,65.31853367947527,300,0.21772844559825089,2850.0,0.7183582640589619,0.8156962371046214
9,4,2900,Bayesian ensemble,52.31978129160919,300,0.17439927097203062,2950.0,0.7400255392704804,0.8156962371046214
9,4,2900,Fixed pre-shift law,54.877319204479015,300,0.18292439734826338,2950.0,0.7400255392704804,0.8156962371046214
9,4,2900,Static geometry,54.39030108656948,300,0.18130100362189827,2950.0,0.7400255392704804,0.8156962371046214
9,4,3000,Bayesian ensemble,57.27900510920055,300,0.1909300170306685,3050.0,0.7378154319864264,0.8156962371046214
9,4,3000,Fixed pre-shift law,63.47541746434801,300,0.21158472488116004,3050.0,0.7378154319864264,0.8156962371046214
9,4,3000,Static geometry,63.177120252635824,300,0.2105904008421194,3050.0,0.7378154319864264,0.8156962371046214
9,4,3100,Bayesian ensemble,54.54574727719756,300,0.18181915759065853,3150.0,0.744738929268237,0.8156962371046214
9,4,3100,Fixed pre-shift law,56.17222683922333,300,0.18724075613074442,3150.0,0.744738929268237,0.8156962371046214
9,4,3100,Static geometry,56.20698616726795,300,0.18735662055755983,3150.0,0.744738929268237,0.8156962371046214
9,4,3200,Bayesian ensemble,48.15496266937301,300,0.16051654223124337,3250.0,0.7476531417671155,0.8156962371046214
9,4,3200,Fixed pre-shift law,48.23873206533098,300,0.16079577355110325,3250.0,0.7476531417671155,0.8156962371046214
9,4,3200,Static geometry,46.460106628388914,300,0.1548670220946297,3250.0,0.7476531417671155,0.8156962371046214
9,4,3300,Bayesian ensemble,58.93523825949196,300,0.19645079419830652,3350.0,0.7445059690639867,0.8156962371046214
9,4,3300,Fixed pre-shift law,57.666965228927445,300,0.19222321742975815,3350.0,0.7445059690639867,0.8156962371046214
9,4,3300,Static geometry,57.49116145003591,300,0.19163720483345303,3350.0,0.7445059690639867,0.8156962371046214
9,4,3400,Bayesian ensemble,53.79369737128249,300,0.17931232457094162,3450.0,0.7386064534041897,0.8156962371046214
9,4,3400,Fixed pre-shift law,53.357294416173985,300,0.1778576480539133,3450.0,0.7386064534041897,0.8156962371046214
9,4,3400,Static geometry,52.21391092823439,300,0.1740463697607813,3450.0,0.7386064534041897,0.8156962371046214
9,4,3500,Bayesian ensemble,57.99230608810226,300,0.19330768696034087,3550.0,0.7421507800523002,0.8156962371046214
9,4,3500,Fixed pre-shift law,58.102292567803225,300,0.1936743085593441,3550.0,0.7421507800523002,0.8156962371046214
9,4,3500,Static geometry,57.68942590026142,300,0.19229808633420473,3550.0,0.7421507800523002,0.8156962371046214
9,4,3600,Bayesian ensemble,60.20341074000834,300,0.2006780358000278,3650.0,0.7404056555405432,0.8156962371046214
9,4,3600,Fixed pre-shift law,65.36907065696742,300,0.2178969021898914,3650.0,0.7404056555405432,0.8156962371046214
9,4,3600,Static geometry,63.53603358124974,300,0.2117867786041658,3650.0,0.7404056555405432,0.8156962371046214
9,4,3700,Bayesian ensemble,61.45772451669283,300,0.20485908172230943,3750.0,0.746305766163546,0.8156962371046214
9,4,3700,Fixed pre-shift law,60.49517526609574,300,0.20165058422031915,3750.0,0.746305766163546,0.8156962371046214
9,4,3700,Static geometry,60.63873466361036,300,0.20212911554536786,3750.0,0.746305766163546,0.8156962371046214
9,4,3800,Bayesian ensemble,62.104902989507316,300,0.20701634329835772,3850.0,0.7389952871587928,0.8156962371046214
9,4,3800,Fixed pre-shift law,61.08325093412301,300,0.2036108364470767,3850.0,0.7389952871587928,0.8156962371046214
9,4,3800,Static geometry,61.85898992475549,300,0.20619663308251832,3850.0,0.7389952871587928,0.8156962371046214
9,4,3900,Bayesian ensemble,54.603677062586044,300,0.18201225687528683,3950.0,0.7568475408456358,0.8156962371046214
9,4,3900,Fixed pre-shift law,53.807236884367015,300,0.17935745628122338,3950.0,0.7568475408456358,0.8156962371046214
9,4,3900,Static geometry,52.83356434876463,300,0.17611188116254878,3950.0,0.7568475408456358,0.8156962371046214
10,4,300,Bayesian ensemble,65.69249662859943,300,0.21897498876199809,350.0,0.5365041100775747,0.18965862482840692
10,4,300,Fixed pre-shift law,64.3849986751039,300,0.21461666225034634,350.0,0.5365041100775747,0.18965862482840692
10,4,300,Static geometry,66.21095070273957,300,0.2207031690091319,350.0,0.5365041100775747,0.18965862482840692
10,4,400,Bayesian ensemble,63.843480483175924,300,0.2128116016105864,450.0,0.5273326468628116,0.18965862482840692
10,4,400,Fixed pre-shift law,61.21319664394844,300,0.20404398881316146,450.0,0.5273326468628116,0.18965862482840692
10,4,400,Static geometry,61.467108060098624,300,0.20489036020032875,450.0,0.5273326468628116,0.18965862482840692
10,4,500,Bayesian ensemble,59.53466518875642,300,0.1984488839625214,550.0,0.5129219473451831,0.18965862482840692
10,4,500,Fixed pre-shift law,57.82787328590277,300,0.19275957761967588,550.0,0.5129219473451831,0.18965862482840692
10,4,500,Static geometry,59.17386234129003,300,0.1972462078043001,550.0,0.5129219473451831,0.18965862482840692
10,4,600,Bayesian ensemble,59.57546623710326,300,0.19858488745701086,650.0,0.5216512171355422,0.18965862482840692
10,4,600,Fixed pre-shift law,58.199728445316794,300,0.19399909481772265,650.0,0.5216512171355422,0.18965862482840692
10,4,600,Static geometry,57.59886379663563,300,0.19199621265545208,650.0,0.5216512171355422,0.18965862482840692
10,4,700,Bayesian ensemble,60.61847761273851,300,0.20206159204246169,750.0,0.5079075207598369,0.18965862482840692
10,4,700,Fixed pre-shift law,59.62134277800278,300,0.19873780926000925,750.0,0.5079075207598369,0.18965862482840692
10,4,700,Static geometry,61.20906671770728,300,0.2040302223923576,750.0,0.5079075207598369,0.18965862482840692
10,4,800,Bayesian ensemble,55.30615099013987,300,0.18435383663379956,850.0,0.5072356539636769,0.18965862482840692
10,4,800,Fixed pre-shift law,54.524603135935685,300,0.18174867711978562,850.0,0.5072356539636769,0.18965862482840692
10,4,800,Static geometry,54.95712933437329,300,0.18319043111457764,850.0,0.5072356539636769,0.18965862482840692
10,4,900,Bayesian ensemble,60.95518518490451,300,0.20318395061634836,950.0,0.4959202548945154,0.18965862482840692
10,4,900,Fixed pre-shift law,60.15521688484816,300,0.20051738961616053,950.0,0.4959202548945154,0.18965862482840692
10,4,900,Static geometry,60.62834914097107,300,0.20209449713657024,950.0,0.4959202548945154,0.18965862482840692
10,4,1000,Bayesian ensemble,60.637641919142155,300,0.20212547306380718,1050.0,0.4909910257750398,0.18965862482840692
10,4,1000,Fixed pre-shift law,60.48953590101483,300,0.2016317863367161,1050.0,0.4909910257750398,0.18965862482840692
10,4,1000,Static geometry,60.96044575944347,300,0.20320148586481157,1050.0,0.4909910257750398,0.18965862482840692
10,4,1100,Bayesian ensemble,60.91144091195665,300,0.20303813637318885,1150.0,0.488417365739801,0.18965862482840692
10,4,1100,Fixed pre-shift law,60.02111249763911,300,0.20007037499213037,1150.0,0.488417365739801,0.18965862482840692
10,4,1100,Static geometry,60.87647388212393,300,0.20292157960707977,1150.0,0.488417365739801,0.18965862482840692
10,4,1200,Bayesian ensemble,63.72213436794207,300,0.2124071145598069,1250.0,0.49603317987276363,0.18965862482840692
10,4,1200,Fixed pre-shift law,62.82696059216658,300,0.20942320197388858,1250.0,0.49603317987276363,0.18965862482840692
10,4,1200,Static geometry,63.21705434181213,300,0.2107235144727071,1250.0,0.49603317987276363,0.18965862482840692
10,4,1300,Bayesian ensemble,64.64866193090967,300,0.2154955397696989,1350.0,0.4815763456150684,0.18965862482840692
10,4,1300,Fixed pre-shift law,63.131774289293055,300,0.21043924763097685,1350.0,0.4815763456150684,0.18965862482840692
10,4,1300,Static geometry,63.181943526773736,300,0.21060647842257912,1350.0,0.4815763456150684,0.18965862482840692
10,4,1400,Bayesian ensemble,59.40963889990803,300,0.1980321296663601,1450.0,0.4798663806411843,0.18965862482840692
10,4,1400,Fixed pre-shift law,58.15803623490932,300,0.19386012078303105,1450.0,0.4798663806411843,0.18965862482840692
10,4,1400,Static geometry,59.54714966948036,300,0.19849049889826786,1450.0,0.4798663806411843,0.18965862482840692
10,4,1500,Bayesian ensemble,56.27092827104162,300,0.18756976090347208,1550.0,0.4797243707820285,0.18965862482840692
10,4,1500,Fixed pre-shift law,55.98534012057405,300,0.1866178004019135,1550.0,0.4797243707820285,0.18965862482840692
10,4,1500,Static geometry,56.618829231984286,300,0.18872943077328094,1550.0,0.4797243707820285,0.18965862482840692
10,4,1600,Bayesian ensemble,63.55944533135415,300,0.2118648177711805,1650.0,0.47652801429996766,0.18965862482840692
10,4,1600,Fixed pre-shift law,62.5676686128939,300,0.208558895376313,1650.0,0.47652801429996766,0.18965862482840692
10,4,1600,Static geometry,63.71709041826331,300,0.21239030139421103,1650.0,0.47652801429996766,0.18965862482840692
10,4,1700,Bayesian ensemble,58.34404733843584,300,0.19448015779478614,1750.0,0.4691976314936732,0.18965862482840692
10,4,1700,Fixed pre-shift law,57.575490395985724,300,0.1919183013199524,1750.0,0.4691976314936732,0.18965862482840692
10,4,1700,Static geometry,58.62036510125757,300,0.19540121700419188,1750.0,0.4691976314936732,0.18965862482840692
10,4,1800,Bayesian ensemble,57.33226945168602,300,0.1911075648389534,1850.0,0.48123083058545285,0.18965862482840692
10,4,1800,Fixed pre-shift law,56.062923167236214,300,0.18687641055745405,1850.0,0.48123083058545285,0.18965862482840692
10,4,1800,Static geometry,56.22059082305943,300,0.1874019694101981,1850.0,0.48123083058545285,0.18965862482840692
10,4,1900,Bayesian ensemble,61.45040350438432,300,0.20483467834794772,1950.0,0.4892574568967846,0.18965862482840692
10,4,1900,Fixed pre-shift law,60.2067488348807,300,0.20068916278293567,1950.0,0.4892574568967846,0.18965862482840692
10,4,1900,Static geometry,60.788678706700466,300,0.2026289290223349,1950.0,0.4892574568967846,0.18965862482840692
10,4,2000,Bayesian ensemble,49.1561437013729,300,0.16385381233790966,2050.0,0.5364125177607914,0.8664575744097534
10,4,2000,Fixed pre-shift law,50.156667176345614,300,0.16718889058781872,2050.0,0.5364125177607914,0.8664575744097534
10,4,2000,Static geometry,48.91163107939496,300,0.16303877026464986,2050.0,0.5364125177607914,0.8664575744097534
10,4,2100,Bayesian ensemble,52.006744887866006,300,0.17335581629288668,2150.0,0.6216207788292558,0.8664575744097534
10,4,2100,Fixed pre-shift law,53.03362027581243,300,0.1767787342527081,2150.0,0.6216207788292558,0.8664575744097534
10,4,2100,Static geometry,51.00451113828575,300,0.17001503712761917,2150.0,0.6216207788292558,0.8664575744097534
10,4,2200,Bayesian ensemble,63.77258275965718,300,0.21257527586552394,2250.0,0.7060314866444659,0.8664575744097534
10,4,2200,Fixed pre-shift law,67.19758743834979,300,0.22399195812783262,2250.0,0.7060314866444659,0.8664575744097534
10,4,2200,Static geometry,66.42818050560014,300,0.22142726835200047,2250.0,0.7060314866444659,0.8664575744097534
10,4,2300,Bayesian ensemble,53.154733192804855,300,0.17718244397601618,2350.0,0.7461212876168779,0.8664575744097534
10,4,2300,Fixed pre-shift law,57.95138330690612,300,0.1931712776896871,2350.0,0.7461212876168779,0.8664575744097534
10,4,2300,Static geometry,57.03065343445872,300,0.1901021781148624,2350.0,0.7461212876168779,0.8664575744097534
10,4,2400,Bayesian ensemble,58.94918088991589,300,0.19649726963305295,2450.0,0.7526880253339414,0.8664575744097534
10,4,2400,Fixed pre-shift law,60.008999534541466,300,0.20002999844847155,2450.0,0.7526880253339414,0.8664575744097534
10,4,2400,Static geometry,59.70975032827812,300,0.1990325010942604,2450.0,0.7526880253339414,0.8664575744097534
10,4,2500,Bayesian ensemble,59.44410408795212,300,0.19814701362650708,2550.0,0.7427108681767011,0.8664575744097534
10,4,2500,Fixed pre-shift law,60.69179252229848,300,0.20230597507432826,2550.0,0.7427108681767011,0.8664575744097534
10,4,2500,Static geometry,61.07010830571113,300,0.20356702768570376,2550.0,0.7427108681767011,0.8664575744097534
10,4,2600,Bayesian ensemble,62.45387150646008,300,0.20817957168820028,2650.0,0.76586165526219,0.8664575744097534
10,4,2600,Fixed pre-shift law,62.48203989168347,300,0.20827346630561158,2650.0,0.76586165526219,0.8664575744097534
10,4,2600,Static geometry,62.88862416539239,300,0.20962874721797464,2650.0,0.76586165526219,0.8664575744097534
10,4,2700,Bayesian ensemble,54.354042124200575,300,0.1811801404140019,2750.0,0.7890237998339176,0.8664575744097534
10,4,2700,Fixed pre-shift law,59.14468704398297,300,0.19714895681327657,2750.0,0.7890237998339176,0.8664575744097534
10,4,2700,Static geometry,58.766798838542286,300,0.19588932946180762,2750.0,0.7890237998339176,0.8664575744097534
10,4,2800,Bayesian ensemble,48.79724090043351,300,0.1626574696681117,2850.0,0.7739473965110503,0.8664575744097534
10,4,2800,Fixed pre-shift law,51.490295875670725,300,0.17163431958556907,2850.0,0.7739473965110503,0.8664575744097534
10,4,2800,Static geometry,50.74699595309481,300,0.1691566531769827,2850.0,0.7739473965110503,0.8664575744097534
10,4,2900,Bayesian ensemble,55.81126632432155,300,0.18603755441440517,2950.0,0.7795480208217657,0.8664575744097534
10,4,2900,Fixed pre-shift law,61.99119629286569,300,0.20663732097621895,2950.0,0.7795480208217657,0.8664575744097534
10,4,2900,Static geometry,60.41713463838409,300,0.20139044879461362,2950.0,0.7795480208217657,0.8664575744097534
10,4,3000,Bayesian ensemble,59.7180851744873,300,0.19906028391495767,3050.0,0.7948597663511108,0.8664575744097534
10,4,3000,Fixed pre-shift law,57.80117431312462,300,0.19267058104374873,3050.0,0.7948597663511108,0.8664575744097534
10,4,3000,Static geometry,57.64085926360001,300,0.19213619754533334,3050.0,0.7948597663511108,0.8664575744097534
10,4,3100,Bayesian ensemble,64.62378508504287,300,0.21541261695014288,3150.0,0.7956522725179508,0.8664575744097534
10,4,3100,Fixed pre-shift law,66.06876256150652,300,0.22022920853835506,3150.0,0.7956522725179508,0.8664575744097534
10,4,3100,Static geometry,65.8833551128733,300,0.2196111837095777,3150.0,0.7956522725179508,0.8664575744097534
10,4,3200,Bayesian ensemble,52.50062882792391,300,0.1750020960930797,3250.0,0.8023246663407976,0.8664575744097534
10,4,3200,Fixed pre-shift law,51.31461987336801,300,0.1710487329112267,3250.0,0.8023246663407976,0.8664575744097534
10,4,3200,Static geometry,51.08904136918758,300,0.1702968045639586,3250.0,0.8023246663407976,0.8664575744097534
10,4,3300,Bayesian ensemble,52.578863773098,300,0.17526287924366,3350.0,0.797066027380377,0.8664575744097534
10,4,3300,Fixed pre-shift law,54.79046497330479,300,0.18263488324434932,3350.0,0.797066027380377,0.8664575744097534
10,4,3300,Static geometry,54.04981810999784,300,0.18016606036665947,3350.0,0.797066027380377,0.8664575744097534
10,4,3400,Bayesian ensemble,55.74375515003167,300,0.18581251716677222,3450.0,0.7944180839072306,0.8664575744097534
10,4,3400,Fixed pre-shift law,64.25268812413593,300,0.2141756270804531,3450.0,0.7944180839072306,0.8664575744097534
10,4,3400,Static geometry,63.50565059827918,300,0.21168550199426395,3450.0,0.7944180839072306,0.8664575744097534
10,4,3500,Bayesian ensemble,59.43174071611411,300,0.19810580238704703,3550.0,0.8181592917351362,0.8664575744097534
10,4,3500,Fixed pre-shift law,64.16311674788791,300,0.21387705582629304,3550.0,0.8181592917351362,0.8664575744097534
10,4,3500,Static geometry,64.11388717265423,300,0.21371295724218076,3550.0,0.8181592917351362,0.8664575744097534
10,4,3600,Bayesian ensemble,50.736299555398354,300,0.1691209985179945,3650.0,0.816998192870008,0.8664575744097534
10,4,3600,Fixed pre-shift law,55.4812512477435,300,0.184937504159145,3650.0,0.816998192870008,0.8664575744097534
10,4,3600,Static geometry,53.97856184219268,300,0.1799285394739756,3650.0,0.816998192870008,0.8664575744097534
10,4,3700,Bayesian ensemble,53.608865310922795,300,0.17869621770307598,3750.0,0.8252604657074345,0.8664575744097534
10,4,3700,Fixed pre-shift law,52.287570348549195,300,0.17429190116183066,3750.0,0.8252604657074345,0.8664575744097534
10,4,3700,Static geometry,52.78224473760315,300,0.1759408157920105,3750.0,0.8252604657074345,0.8664575744097534
10,4,3800,Bayesian ensemble,60.04364259073535,300,0.20014547530245116,3850.0,0.8231493667902702,0.8664575744097534
10,4,3800,Fixed pre-shift law,59.7361994128794,300,0.199120664709598,3850.0,0.8231493667902702,0.8664575744097534
10,4,3800,Static geometry,60.096295660779944,300,0.20032098553593314,3850.0,0.8231493667902702,0.8664575744097534
10,4,3900,Bayesian ensemble,55.09110473503271,300,0.18363701578344235,3950.0,0.8003695539791801,0.8664575744097534
10,4,3900,Fixed pre-shift law,61.18079624616122,300,0.20393598748720407,3950.0,0.8003695539791801,0.8664575744097534
10,4,3900,Static geometry,60.353051472383925,300,0.20117683824127974,3950.0,0.8003695539791801,0.8664575744097534
11,4,300,Bayesian ensemble,64.68692815258501,300,0.21562309384195003,350.0,0.504573948062191,-0.18277123115022353
11,4,300,Fixed pre-shift law,62.673036269573544,300,0.20891012089857847,350.0,0.504573948062191,-0.18277123115022353
11,4,300,Static geometry,64.4383134382482,300,0.214794378127494,350.0,0.504573948062191,-0.18277123115022353
11,4,400,Bayesian ensemble,62.88600318406391,300,0.20962001061354638,450.0,0.5120923958269057,-0.18277123115022353
11,4,400,Fixed pre-shift law,61.16623414702054,300,0.20388744715673512,450.0,0.5120923958269057,-0.18277123115022353
11,4,400,Static geometry,62.00259900881317,300,0.20667533002937724,450.0,0.5120923958269057,-0.18277123115022353
11,4,500,Bayesian ensemble,60.69028167510492,300,0.2023009389170164,550.0,0.5185213469090607,-0.18277123115022353
11,4,500,Fixed pre-shift law,59.51532584103777,300,0.19838441947012592,550.0,0.5185213469090607,-0.18277123115022353
11,4,500,Static geometry,59.24864013482137,300,0.19749546711607124,550.0,0.5185213469090607,-0.18277123115022353
11,4,600,Bayesian ensemble,61.13702172283797,300,0.2037900724094599,650.0,0.49845642853963446,-0.18277123115022353
11,4,600,Fixed pre-shift law,61.74114750285568,300,0.20580382500951894,650.0,0.49845642853963446,-0.18277123115022353
11,4,600,Static geometry,62.70380034518043,300,0.2090126678172681,650.0,0.49845642853963446,-0.18277123115022353
11,4,700,Bayesian ensemble,67.80624678586881,300,0.2260208226195627,750.0,0.4935007734204235,-0.18277123115022353
11,4,700,Fixed pre-shift law,67.5418752922324,300,0.22513958430744135,750.0,0.4935007734204235,-0.18277123115022353
11,4,700,Static geometry,69.71800656490797,300,0.2323933552163599,750.0,0.4935007734204235,-0.18277123115022353
11,4,800,Bayesian ensemble,62.04296844225526,300,0.20680989480751752,850.0,0.4900163366652686,-0.18277123115022353
11,4,800,Fixed pre-shift law,61.92135377246824,300,0.20640451257489412,850.0,0.4900163366652686,-0.18277123115022353
11,4,800,Static geometry,62.66200955826547,300,0.20887336519421823,850.0,0.4900163366652686,-0.18277123115022353
11,4,900,Bayesian ensemble,63.47462975647718,300,0.21158209918825727,950.0,0.49437180310124856,-0.18277123115022353
11,4,900,Fixed pre-shift law,61.83544208436146,300,0.20611814028120487,950.0,0.49437180310124856,-0.18277123115022353
11,4,900,Static geometry,61.23374176944509,300,0.20411247256481696,950.0,0.49437180310124856,-0.18277123115022353
11,4,1000,Bayesian ensemble,62.87388294356395,300,0.20957960981187984,1050.0,0.49797049433051926,-0.18277123115022353
11,4,1000,Fixed pre-shift law,61.591911579160666,300,0.20530637193053555,1050.0,0.49797049433051926,-0.18277123115022353
11,4,1000,Static geometry,62.05620556796997,300,0.2068540185598999,1050.0,0.49797049433051926,-0.18277123115022353
11,4,1100,Bayesian ensemble,58.4700339390919,300,0.19490011313030633,1150.0,0.4919943484372559,-0.18277123115022353
11,4,1100,Fixed pre-shift law,59.466029568614786,300,0.19822009856204928,1150.0,0.4919943484372559,-0.18277123115022353
11,4,1100,Static geometry,59.7622310492741,300,0.19920743683091366,1150.0,0.4919943484372559,-0.18277123115022353
11,4,1200,Bayesian ensemble,63.410376241572564,300,0.2113679208052419,1250.0,0.48521532230802356,-0.18277123115022353
11,4,1200,Fixed pre-shift law,62.52640929741339,300,0.20842136432471128,1250.0,0.48521532230802356,-0.18277123115022353
11,4,1200,Static geometry,64.06856649019757,300,0.21356188830065856,1250.0,0.48521532230802356,-0.18277123115022353
11,4,1300,Bayesian ensemble,71.70781971517093,300,0.23902606571723642,1350.0,0.4734278117102517,-0.18277123115022353
11,4,1300,Fixed pre-shift law,70.98866179784356,300,0.23662887265947855,1350.0,0.4734278117102517,-0.18277123115022353
11,4,1300,Static geometry,75.18121064434231,300,0.2506040354811411,1350.0,0.4734278117102517,-0.18277123115022353
11,4,1400,Bayesian ensemble,63.69710980165662,300,0.21232369933885542,1450.0,0.4527806334444491,-0.18277123115022353
11,4,1400,Fixed pre-shift law,63.62910931869771,300,0.2120970310623257,1450.0,0.4527806334444491,-0.18277123115022353
11,4,1400,Static geometry,66.94625291142462,300,0.2231541763714154,1450.0,0.4527806334444491,-0.18277123115022353
11,4,1500,Bayesian ensemble,66.92081600779889,300,0.22306938669266296,1550.0,0.4558660791870658,-0.18277123115022353
11,4,1500,Fixed pre-shift law,65.51361022888653,300,0.21837870076295512,1550.0,0.4558660791870658,-0.18277123115022353
11,4,1500,Static geometry,66.36081648864638,300,0.22120272162882126,1550.0,0.4558660791870658,-0.18277123115022353
11,4,1600,Bayesian ensemble,59.56589091693612,300,0.1985529697231204,1650.0,0.45167016734978804,-0.18277123115022353
11,4,1600,Fixed pre-shift law,58.87721646350734,300,0.19625738821169111,1650.0,0.45167016734978804,-0.18277123115022353
11,4,1600,Static geometry,59.84016992019909,300,0.1994672330673303,1650.0,0.45167016734978804,-0.18277123115022353
11,4,1700,Bayesian ensemble,64.91401499188039,300,0.21638004997293464,1750.0,0.44679457225430236,-0.18277123115022353
11,4,1700,Fixed pre-shift law,63.73599831373621,300,0.21245332771245404,1750.0,0.44679457225430236,-0.18277123115022353
11,4,1700,Static geometry,65.41016574098137,300,0.21803388580327124,1750.0,0.44679457225430236,-0.18277123115022353
11,4,1800,Bayesian ensemble,65.55633925224032,300,0.21852113084080108,1850.0,0.46478353774539016,-0.18277123115022353
11,4,1800,Fixed pre-shift law,63.974337102265714,300,0.2132477903408857,1850.0,0.46478353774539016,-0.18277123115022353
11,4,1800,Static geometry,64.74627299573889,300,0.2158209099857963,1850.0,0.46478353774539016,-0.18277123115022353
11,4,1900,Bayesian ensemble,64.72996305053485,300,0.21576654350178284,1950.0,0.46728776840532016,-0.18277123115022353
11,4,1900,Fixed pre-shift law,62.78397793853305,300,0.20927992646177682,1950.0,0.46728776840532016,-0.18277123115022353
11,4,1900,Static geometry,63.92703666834781,300,0.21309012222782603,1950.0,0.46728776840532016,-0.18277123115022353
11,4,2000,Bayesian ensemble,56.16536921663297,300,0.18721789738877656,2050.0,0.5411548531279028,0.7885898206489976
11,4,2000,Fixed pre-shift law,56.66997961508998,300,0.18889993205029992,2050.0,0.5411548531279028,0.7885898206489976
11,4,2000,Static geometry,54.0264074284757,300,0.18008802476158567,2050.0,0.5411548531279028,0.7885898206489976
11,4,2100,Bayesian ensemble,61.32752008540534,300,0.20442506695135113,2150.0,0.6058915079586643,0.7885898206489976
11,4,2100,Fixed pre-shift law,63.21636389790113,300,0.21072121299300378,2150.0,0.6058915079586643,0.7885898206489976
11,4,2100,Static geometry,65.63813278520648,300,0.21879377595068827,2150.0,0.6058915079586643,0.7885898206489976
11,4,2200,Bayesian ensemble,60.36044518316083,300,0.2012014839438694,2250.0,0.6116188286683167,0.7885898206489976
11,4,2200,Fixed pre-shift law,60.15053241581855,300,0.20050177471939518,2250.0,0.6116188286683167,0.7885898206489976
11,4,2200,Static geometry,60.49553757225267,300,0.2016517919075089,2250.0,0.6116188286683167,0.7885898206489976
11,4,2300,Bayesian ensemble,57.85639635544425,300,0.19285465451814748,2350.0,0.6191065452504806,0.7885898206489976
11,4,2300,Fixed pre-shift law,57.72801477741898,300,0.19242671592472993,2350.0,0.6191065452504806,0.7885898206489976
11,4,2300,Static geometry,56.184979249637195,300,0.18728326416545732,2350.0,0.6191065452504806,0.7885898206489976
11,4,2400,Bayesian ensemble,52.48002402174922,300,0.17493341340583074,2450.0,0.6314481615412004,0.7885898206489976
11,4,2400,Fixed pre-shift law,54.95980628018974,300,0.18319935426729914,2450.0,0.6314481615412004,0.7885898206489976
11,4,2400,Static geometry,52.805960228907395,300,0.1760198674296913,2450.0,0.6314481615412004,0.7885898206489976
11,4,2500,Bayesian ensemble,56.65787679242164,300,0.18885958930807212,2550.0,0.6677995193127146,0.7885898206489976
11,4,2500,Fixed pre-shift law,58.77859365272971,300,0.19592864550909903,2550.0,0.6677995193127146,0.7885898206489976
11,4,2500,Static geometry,57.466111353295716,300,0.19155370451098572,2550.0,0.6677995193127146,0.7885898206489976
11,4,2600,Bayesian ensemble,56.37935065081816,300,0.18793116883606054,2650.0,0.6682307108129109,0.7885898206489976
11,4,2600,Fixed pre-shift law,55.579316407631545,300,0.1852643880254385,2650.0,0.6682307108129109,0.7885898206489976
11,4,2600,Static geometry,52.992156282288946,300,0.17664052094096316,2650.0,0.6682307108129109,0.7885898206489976
11,4,2700,Bayesian ensemble,51.704812240343735,300,0.17234937413447912,2750.0,0.658112143550398,0.7885898206489976
11,4,2700,Fixed pre-shift law,53.51315876638132,300,0.17837719588793774,2750.0,0.658112143550398,0.7885898206489976
11,4,2700,Static geometry,51.08435978400039,300,0.1702811992800013,2750.0,0.658112143550398,0.7885898206489976
11,4,2800,Bayesian ensemble,61.14224142886,300,0.20380747142953332,2850.0,0.6557305927550193,0.7885898206489976
11,4,2800,Fixed pre-shift law,60.910952982509336,300,0.20303650994169778,2850.0,0.6557305927550193,0.7885898206489976
11,4,2800,Static geometry,59.7418107286132,300,0.19913936909537736,2850.0,0.6557305927550193,0.7885898206489976
11,4,2900,Bayesian ensemble,61.88048508055033,300,0.20626828360183444,2950.0,0.6576032668682555,0.7885898206489976
11,4,2900,Fixed pre-shift law,61.69290931131432,300,0.2056430310377144,2950.0,0.6576032668682555,0.7885898206489976
11,4,2900,Static geometry,62.31585374529636,300,0.2077195124843212,2950.0,0.6576032668682555,0.7885898206489976
11,4,3000,Bayesian ensemble,57.59736633717106,300,0.19199122112390354,3050.0,0.6908284421319837,0.7885898206489976
11,4,3000,Fixed pre-shift law,58.942976449801264,300,0.19647658816600422,3050.0,0.6908284421319837,0.7885898206489976
11,4,3000,Static geometry,58.98838308367493,300,0.19662794361224978,3050.0,0.6908284421319837,0.7885898206489976
11,4,3100,Bayesian ensemble,59.86374285389115,300,0.1995458095129705,3150.0,0.7078540662889644,0.7885898206489976
11,4,3100,Fixed pre-shift law,59.66818944528833,300,0.19889396481762775,3150.0,0.7078540662889644,0.7885898206489976
11,4,3100,Static geometry,58.26925480157254,300,0.19423084933857512,3150.0,0.7078540662889644,0.7885898206489976
11,4,3200,Bayesian ensemble,52.39695043736471,300,0.17465650145788236,3250.0,0.7201578297025771,0.7885898206489976
11,4,3200,Fixed pre-shift law,53.48025170779161,300,0.1782675056926387,3250.0,0.7201578297025771,0.7885898206489976
11,4,3200,Static geometry,50.70411364080795,300,0.16901371213602648,3250.0,0.7201578297025771,0.7885898206489976
11,4,3300,Bayesian ensemble,65.30287422640346,300,0.21767624742134487,3350.0,0.7244765419954858,0.7885898206489976
11,4,3300,Fixed pre-shift law,65.5302077435452,300,0.21843402581181734,3350.0,0.7244765419954858,0.7885898206489976
11,4,3300,Static geometry,66.70286858688142,300,0.22234289528960474,3350.0,0.7244765419954858,0.7885898206489976
11,4,3400,Bayesian ensemble,58.28752142673727,300,0.19429173808912423,3450.0,0.7244843643109071,0.7885898206489976
11,4,3400,Fixed pre-shift law,57.04106078659357,300,0.19013686928864523,3450.0,0.7244843643109071,0.7885898206489976
11,4,3400,Static geometry,56.4603550848015,300,0.188201183616005,3450.0,0.7244843643109071,0.7885898206489976
11,4,3500,Bayesian ensemble,51.99293485397424,300,0.1733097828465808,3550.0,0.7384640042263239,0.7885898206489976
11,4,3500,Fixed pre-shift law,53.1085347614574,300,0.177028449204858,3550.0,0.7384640042263239,0.7885898206489976
11,4,3500,Static geometry,50.78951558828509,300,0.16929838529428365,3550.0,0.7384640042263239,0.7885898206489976
11,4,3600,Bayesian ensemble,57.283161283111106,300,0.1909438709437037,3650.0,0.7343138167828107,0.7885898206489976
11,4,3600,Fixed pre-shift law,57.55218981626825,300,0.1918406327208942,3650.0,0.7343138167828107,0.7885898206489976
11,4,3600,Static geometry,57.06052906202514,300,0.1902017635400838,3650.0,0.7343138167828107,0.7885898206489976
11,4,3700,Bayesian ensemble,62.00520681700834,300,0.20668402272336114,3750.0,0.7127379470536522,0.7885898206489976
11,4,3700,Fixed pre-shift law,60.79585322426649,300,0.2026528440808883,3750.0,0.7127379470536522,0.7885898206489976
11,4,3700,Static geometry,61.65527566630759,300,0.20551758555435862,3750.0,0.7127379470536522,0.7885898206489976
11,4,3800,Bayesian ensemble,57.30002189752536,300,0.1910000729917512,3850.0,0.7113661532755705,0.7885898206489976
11,4,3800,Fixed pre-shift law,59.71194745965311,300,0.19903982486551036,3850.0,0.7113661532755705,0.7885898206489976
11,4,3800,Static geometry,58.736574209410776,300,0.19578858069803592,3850.0,0.7113661532755705,0.7885898206489976
11,4,3900,Bayesian ensemble,61.795073944476,300,0.20598357981492,3950.0,0.7147511049864218,0.7885898206489976
11,4,3900,Fixed pre-shift law,63.709427337340976,300,0.2123647577911366,3950.0,0.7147511049864218,0.7885898206489976
11,4,3900,Static geometry,62.915925637014624,300,0.2097197521233821,3950.0,0.7147511049864218,0.7885898206489976
12,4,300,Bayesian ensemble,58.872073210336694,300,0.19624024403445564,350.0,0.589866446955965,0.07972968222623625
12,4,300,Fixed pre-shift law,56.31206252221398,300,0.1877068750740466,350.0,0.589866446955965,0.07972968222623625
12,4,300,Static geometry,57.833503097294695,300,0.19277834365764898,350.0,0.589866446955965,0.07972968222623625
12,4,400,Bayesian ensemble,55.05098921434336,300,0.18350329738114454,450.0,0.5824831472237725,0.07972968222623625
12,4,400,Fixed pre-shift law,53.803440233675396,300,0.17934480077891798,450.0,0.5824831472237725,0.07972968222623625
12,4,400,Static geometry,53.95015508003594,300,0.17983385026678647,450.0,0.5824831472237725,0.07972968222623625
12,4,500,Bayesian ensemble,54.40362473564488,300,0.18134541578548294,550.0,0.5975258807807573,0.07972968222623625
12,4,500,Fixed pre-shift law,53.401642425974195,300,0.17800547475324732,550.0,0.5975258807807573,0.07972968222623625
12,4,500,Static geometry,54.054735560754935,300,0.1801824518691831,550.0,0.5975258807807573,0.07972968222623625
12,4,600,Bayesian ensemble,49.15884121086111,300,0.1638628040362037,650.0,0.5830793935716764,0.07972968222623625
12,4,600,Fixed pre-shift law,48.7066473743977,300,0.1623554912479923,650.0,0.5830793935716764,0.07972968222623625
12,4,600,Static geometry,46.8307058159809,300,0.15610235271993633,650.0,0.5830793935716764,0.07972968222623625
12,4,700,Bayesian ensemble,59.50264362230541,300,0.19834214540768472,750.0,0.571047324803521,0.07972968222623625
12,4,700,Fixed pre-shift law,58.19311825195254,300,0.19397706083984181,750.0,0.571047324803521,0.07972968222623625
12,4,700,Static geometry,60.05771534401316,300,0.20019238448004387,750.0,0.571047324803521,0.07972968222623625
12,4,800,Bayesian ensemble,50.236692697827586,300,0.16745564232609195,850.0,0.565166032665617,0.07972968222623625
12,4,800,Fixed pre-shift law,50.592479934019934,300,0.16864159978006646,850.0,0.565166032665617,0.07972968222623625
12,4,800,Static geometry,49.405114941905666,300,0.16468371647301888,850.0,0.565166032665617,0.07972968222623625
12,4,900,Bayesian ensemble,55.01761158672868,300,0.18339203862242892,950.0,0.5638707778216147,0.07972968222623625
12,4,900,Fixed pre-shift law,52.66636078119297,300,0.1755545359373099,950.0,0.5638707778216147,0.07972968222623625
12,4,900,Static geometry,52.84314912781899,300,0.1761438304260633,950.0,0.5638707778216147,0.07972968222623625
12,4,1000,Bayesian ensemble,58.84036017713823,300,0.1961345339237941,1050.0,0.5602780320707964,0.07972968222623625
12,4,1000,Fixed pre-shift law,57.463469395482235,300,0.1915448979849408,1050.0,0.5602780320707964,0.07972968222623625
12,4,1000,Static geometry,59.08760654709109,300,0.19695868849030365,1050.0,0.5602780320707964,0.07972968222623625
12,4,1100,Bayesian ensemble,55.459440580938924,300,0.18486480193646307,1150.0,0.5466347883331253,0.07972968222623625
12,4,1100,Fixed pre-shift law,54.62180367673372,300,0.18207267892244572,1150.0,0.5466347883331253,0.07972968222623625
12,4,1100,Static geometry,56.72574210752099,300,0.18908580702506997,1150.0,0.5466347883331253,0.07972968222623625
12,4,1200,Bayesian ensemble,56.04378768518045,300,0.18681262561726816,1250.0,0.5539543271212666,0.07972968222623625
12,4,1200,Fixed pre-shift law,54.62249507253007,300,0.18207498357510024,1250.0,0.5539543271212666,0.07972968222623625
12,4,1200,Static geometry,54.320644633023846,300,0.18106881544341283,1250.0,0.5539543271212666,0.07972968222623625
12,4,1300,Bayesian ensemble,55.732821289512835,300,0.18577607096504278,1350.0,0.5504582829706687,0.07972968222623625
12,4,1300,Fixed pre-shift law,54.767512124515086,300,0.18255837374838363,1350.0,0.5504582829706687,0.07972968222623625
12,4,1300,Static geometry,54.235199035917674,300,0.18078399678639226,1350.0,0.5504582829706687,0.07972968222623625
12,4,1400,Bayesian ensemble,54.10125199178484,300,0.1803375066392828,1450.0,0.5422907139154698,0.07972968222623625
12,4,1400,Fixed pre-shift law,53.23679265032605,300,0.17745597550108683,1450.0,0.5422907139154698,0.07972968222623625
12,4,1400,Static geometry,53.67936069974843,300,0.17893120233249477,1450.0,0.5422907139154698,0.07972968222623625
12,4,1500,Bayesian ensemble,50.979119820791624,300,0.16993039940263874,1550.0,0.5501982896590774,0.07972968222623625
12,4,1500,Fixed pre-shift law,50.32787848903867,300,0.16775959496346224,1550.0,0.5501982896590774,0.07972968222623625
12,4,1500,Static geometry,50.426235989363114,300,0.16808745329787705,1550.0,0.5501982896590774,0.07972968222623625
12,4,1600,Bayesian ensemble,57.01925052675025,300,0.19006416842250082,1650.0,0.557052310764448,0.07972968222623625
12,4,1600,Fixed pre-shift law,56.46397538681557,300,0.18821325128938524,1650.0,0.557052310764448,0.07972968222623625
12,4,1600,Static geometry,56.67286148130739,300,0.18890953827102464,1650.0,0.557052310764448,0.07972968222623625
12,4,1700,Bayesian ensemble,57.11607839073419,300,0.19038692796911397,1750.0,0.5345045477982819,0.07972968222623625
12,4,1700,Fixed pre-shift law,57.20524894170524,300,0.19068416313901748,1750.0,0.5345045477982819,0.07972968222623625
12,4,1700,Static geometry,57.893852110297885,300,0.1929795070343263,1750.0,0.5345045477982819,0.07972968222623625
12,4,1800,Bayesian ensemble,56.79552438613679,300,0.18931841462045595,1850.0,0.5260363245492894,0.07972968222623625
12,4,1800,Fixed pre-shift law,56.07435026405039,300,0.18691450088016795,1850.0,0.5260363245492894,0.07972968222623625
12,4,1800,Static geometry,55.56306923139862,300,0.18521023077132873,1850.0,0.5260363245492894,0.07972968222623625
12,4,1900,Bayesian ensemble,63.36336258309922,300,0.21121120861033071,1950.0,0.5223675002198167,0.07972968222623625
12,4,1900,Fixed pre-shift law,63.77084830014084,300,0.21256949433380282,1950.0,0.5223675002198167,0.07972968222623625
12,4,1900,Static geometry,64.94613150835518,300,0.2164871050278506,1950.0,0.5223675002198167,0.07972968222623625
12,4,2000,Bayesian ensemble,54.71124423398794,300,0.18237081411329314,2050.0,0.5565025059500927,0.8415199948636368
12,4,2000,Fixed pre-shift law,57.53725059117106,300,0.19179083530390353,2050.0,0.5565025059500927,0.8415199948636368
12,4,2000,Static geometry,57.14353246884553,300,0.19047844156281843,2050.0,0.5565025059500927,0.8415199948636368
12,4,2100,Bayesian ensemble,53.28692007406022,300,0.17762306691353408,2150.0,0.593482923231536,0.8415199948636368
12,4,2100,Fixed pre-shift law,50.16268566792398,300,0.16720895222641327,2150.0,0.593482923231536,0.8415199948636368
12,4,2100,Static geometry,49.34848688410154,300,0.16449495628033847,2150.0,0.593482923231536,0.8415199948636368
12,4,2200,Bayesian ensemble,44.7766168465138,300,0.14925538948837933,2250.0,0.6419533489450596,0.8415199948636368
12,4,2200,Fixed pre-shift law,44.436510421752445,300,0.1481217014058415,2250.0,0.6419533489450596,0.8415199948636368
12,4,2200,Static geometry,44.327680685670515,300,0.14775893561890172,2250.0,0.6419533489450596,0.8415199948636368
12,4,2300,Bayesian ensemble,42.10079069761642,300,0.14033596899205472,2350.0,0.6632786595284392,0.8415199948636368
12,4,2300,Fixed pre-shift law,43.426301850679934,300,0.14475433950226646,2350.0,0.6632786595284392,0.8415199948636368
12,4,2300,Static geometry,43.061134953763776,300,0.14353711651254591,2350.0,0.6632786595284392,0.8415199948636368
12,4,2400,Bayesian ensemble,49.55929157302688,300,0.1651976385767563,2450.0,0.6751143351200384,0.8415199948636368
12,4,2400,Fixed pre-shift law,53.22677855812566,300,0.1774225951937522,2450.0,0.6751143351200384,0.8415199948636368
12,4,2400,Static geometry,53.0123987957407,300,0.17670799598580234,2450.0,0.6751143351200384,0.8415199948636368
12,4,2500,Bayesian ensemble,51.28609083160653,300,0.1709536361053551,2550.0,0.705629948832645,0.8415199948636368
12,4,2500,Fixed pre-shift law,49.266496552298854,300,0.16422165517432952,2550.0,0.705629948832645,0.8415199948636368
12,4,2500,Static geometry,48.13471578127272,300,0.1604490526042424,2550.0,0.705629948832645,0.8415199948636368
12,4,2600,Bayesian ensemble,59.735277614216166,300,0.19911759204738722,2650.0,0.7067582051726715,0.8415199948636368
12,4,2600,Fixed pre-shift law,73.64579772983127,300,0.24548599243277092,2650.0,0.7067582051726715,0.8415199948636368
12,4,2600,Static geometry,72.14790685327193,300,0.2404930228442398,2650.0,0.7067582051726715,0.8415199948636368
12,4,2700,Bayesian ensemble,50.83941254820139,300,0.16946470849400463,2750.0,0.726874040330014,0.8415199948636368
12,4,2700,Fixed pre-shift law,48.65680856384429,300,0.16218936187948096,2750.0,0.726874040330014,0.8415199948636368
12,4,2700,Static geometry,48.8811599020166,300,0.16293719967338866,2750.0,0.726874040330014,0.8415199948636368
12,4,2800,Bayesian ensemble,52.73750370814234,300,0.17579167902714113,2850.0,0.7312251540452754,0.8415199948636368
12,4,2800,Fixed pre-shift law,52.344433593531875,300,0.17448144531177293,2850.0,0.7312251540452754,0.8415199948636368
12,4,2800,Static geometry,51.42863443022974,300,0.17142878143409915,2850.0,0.7312251540452754,0.8415199948636368
12,4,2900,Bayesian ensemble,56.89865919462922,300,0.18966219731543071,2950.0,0.7190371473627131,0.8415199948636368
12,4,2900,Fixed pre-shift law,58.68334824498842,300,0.19561116081662808,2950.0,0.7190371473627131,0.8415199948636368
12,4,2900,Static geometry,58.87703972017677,300,0.1962567990672559,2950.0,0.7190371473627131,0.8415199948636368
12,4,3000,Bayesian ensemble,44.27221332468942,300,0.14757404441563138,3050.0,0.7335213268386709,0.8415199948636368
12,4,3000,Fixed pre-shift law,47.618625847527625,300,0.15872875282509208,3050.0,0.7335213268386709,0.8415199948636368
12,4,3000,Static geometry,46.080265978922796,300,0.15360088659640933,3050.0,0.7335213268386709,0.8415199948636368
12,4,3100,Bayesian ensemble,56.65206963246063,300,0.1888402321082021,3150.0,0.734207292736191,0.8415199948636368
12,4,3100,Fixed pre-shift law,57.45488099855133,300,0.1915162699951711,3150.0,0.734207292736191,0.8415199948636368
12,4,3100,Static geometry,55.74827740792545,300,0.1858275913597515,3150.0,0.734207292736191,0.8415199948636368
12,4,3200,Bayesian ensemble,46.14882855051763,300,0.15382942850172543,3250.0,0.735222201656018,0.8415199948636368
12,4,3200,Fixed pre-shift law,48.20792246810655,300,0.1606930748936885,3250.0,0.735222201656018,0.8415199948636368
12,4,3200,Static geometry,46.52831356614442,300,0.15509437855381472,3250.0,0.735222201656018,0.8415199948636368
12,4,3300,Bayesian ensemble,48.60846585079235,300,0.16202821950264115,3350.0,0.7370351386400418,0.8415199948636368
12,4,3300,Fixed pre-shift law,49.83628148014687,300,0.16612093826715624,3350.0,0.7370351386400418,0.8415199948636368
12,4,3300,Static geometry,49.53596507390269,300,0.16511988357967564,3350.0,0.7370351386400418,0.8415199948636368
12,4,3400,Bayesian ensemble,60.36888847765487,300,0.20122962825884957,3450.0,0.7399184940909725,0.8415199948636368
12,4,3400,Fixed pre-shift law,62.123186648915855,300,0.2070772888297195,3450.0,0.7399184940909725,0.8415199948636368
12,4,3400,Static geometry,61.162449798067925,300,0.2038748326602264,3450.0,0.7399184940909725,0.8415199948636368
12,4,3500,Bayesian ensemble,50.37742510329855,300,0.1679247503443285,3550.0,0.7593976251129964,0.8415199948636368
12,4,3500,Fixed pre-shift law,55.86092014548815,300,0.18620306715162718,3550.0,0.7593976251129964,0.8415199948636368
12,4,3500,Static geometry,54.84649546089685,300,0.18282165153632282,3550.0,0.7593976251129964,0.8415199948636368
12,4,3600,Bayesian ensemble,56.18691523093555,300,0.1872897174364518,3650.0,0.7620886004928645,0.8415199948636368
12,4,3600,Fixed pre-shift law,55.22454368816593,300,0.18408181229388643,3650.0,0.7620886004928645,0.8415199948636368
12,4,3600,Static geometry,55.54579210967205,300,0.1851526403655735,3650.0,0.7620886004928645,0.8415199948636368
12,4,3700,Bayesian ensemble,47.99669736918968,300,0.1599889912306323,3750.0,0.7661997623926794,0.8415199948636368
12,4,3700,Fixed pre-shift law,48.4710711001198,300,0.16157023700039932,3750.0,0.7661997623926794,0.8415199948636368
12,4,3700,Static geometry,47.039679004746354,300,0.15679893001582118,3750.0,0.7661997623926794,0.8415199948636368
12,4,3800,Bayesian ensemble,50.90472696709487,300,0.16968242322364954,3850.0,0.7810629726312611,0.8415199948636368
12,4,3800,Fixed pre-shift law,50.85838616875991,300,0.16952795389586636,3850.0,0.7810629726312611,0.8415199948636368
12,4,3800,Static geometry,50.06426970908486,300,0.16688089903028286,3850.0,0.7810629726312611,0.8415199948636368
12,4,3900,Bayesian ensemble,51.65440033760715,300,0.1721813344586905,3950.0,0.7620245720297176,0.8415199948636368
12,4,3900,Fixed pre-shift law,53.50834573044052,300,0.17836115243480172,3950.0,0.7620245720297176,0.8415199948636368
12,4,3900,Static geometry,54.56347214637475,300,0.18187824048791584,3950.0,0.7620245720297176,0.8415199948636368
13,4,300,Bayesian ensemble,64.18629883732045,300,0.21395432945773482,350.0,0.5271494832629532,-0.08028469545488569
13,4,300,Fixed pre-shift law,62.9388317434243,300,0.20979610581141434,350.0,0.5271494832629532,-0.08028469545488569
13,4,300,Static geometry,62.52679017296968,300,0.20842263390989893,350.0,0.5271494832629532,-0.08028469545488569
13,4,400,Bayesian ensemble,65.07266929016285,300,0.21690889763387616,450.0,0.515012815170347,-0.08028469545488569
13,4,400,Fixed pre-shift law,62.67688792393833,300,0.2089229597464611,450.0,0.515012815170347,-0.08028469545488569
13,4,400,Static geometry,62.818531064393646,300,0.20939510354797883,450.0,0.515012815170347,-0.08028469545488569
13,4,500,Bayesian ensemble,63.26175035629688,300,0.21087250118765627,550.0,0.4864879514854784,-0.08028469545488569
13,4,500,Fixed pre-shift law,62.912457393103594,300,0.20970819131034532,550.0,0.4864879514854784,-0.08028469545488569
13,4,500,Static geometry,63.39905155987823,300,0.21133017186626077,550.0,0.4864879514854784,-0.08028469545488569
13,4,600,Bayesian ensemble,62.34658824303359,300,0.20782196081011195,650.0,0.4960602043491748,-0.08028469545488569
13,4,600,Fixed pre-shift law,61.76315090912125,300,0.20587716969707084,650.0,0.4960602043491748,-0.08028469545488569
13,4,600,Static geometry,61.33944628967047,300,0.20446482096556823,650.0,0.4960602043491748,-0.08028469545488569
13,4,700,Bayesian ensemble,64.3978458160638,300,0.214659486053546,750.0,0.4895322308988081,-0.08028469545488569
13,4,700,Fixed pre-shift law,63.37249763367084,300,0.2112416587789028,750.0,0.4895322308988081,-0.08028469545488569
13,4,700,Static geometry,63.924885471718795,300,0.21308295157239598,750.0,0.4895322308988081,-0.08028469545488569
13,4,800,Bayesian ensemble,62.52542567752994,300,0.20841808559176647,850.0,0.47904281226147893,-0.08028469545488569
13,4,800,Fixed pre-shift law,61.68719847814564,300,0.20562399492715214,850.0,0.47904281226147893,-0.08028469545488569
13,4,800,Static geometry,62.444455408146695,300,0.20814818469382232,850.0,0.47904281226147893,-0.08028469545488569
13,4,900,Bayesian ensemble,60.56033133819719,300,0.20186777112732396,950.0,0.4775257611922612,-0.08028469545488569
13,4,900,Fixed pre-shift law,59.15291316070745,300,0.19717637720235817,950.0,0.4775257611922612,-0.08028469545488569
13,4,900,Static geometry,58.876134658602915,300,0.19625378219534306,950.0,0.4775257611922612,-0.08028469545488569
13,4,1000,Bayesian ensemble,67.03522967456917,300,0.22345076558189722,1050.0,0.4950411940573989,-0.08028469545488569
13,4,1000,Fixed pre-shift law,64.81791198276014,300,0.21605970660920046,1050.0,0.4950411940573989,-0.08028469545488569
13,4,1000,Static geometry,65.53403079007828,300,0.2184467693002609,1050.0,0.4950411940573989,-0.08028469545488569
13,4,1100,Bayesian ensemble,61.51057887681882,300,0.2050352629227294,1150.0,0.4716196719737924,-0.08028469545488569
13,4,1100,Fixed pre-shift law,60.481755629718194,300,0.20160585209906065,1150.0,0.4716196719737924,-0.08028469545488569
13,4,1100,Static geometry,60.40304521616919,300,0.2013434840538973,1150.0,0.4716196719737924,-0.08028469545488569
13,4,1200,Bayesian ensemble,64.79796840333923,300,0.21599322801113074,1250.0,0.4587679084482163,-0.08028469545488569
13,4,1200,Fixed pre-shift law,64.34785862031539,300,0.21449286206771798,1250.0,0.4587679084482163,-0.08028469545488569
13,4,1200,Static geometry,65.32989790422198,300,0.21776632634740659,1250.0,0.4587679084482163,-0.08028469545488569
13,4,1300,Bayesian ensemble,66.68591644745972,300,0.22228638815819907,1350.0,0.45517615680291823,-0.08028469545488569
13,4,1300,Fixed pre-shift law,65.26056203015516,300,0.21753520676718385,1350.0,0.45517615680291823,-0.08028469545488569
13,4,1300,Static geometry,66.09873519298955,300,0.22032911730996518,1350.0,0.45517615680291823,-0.08028469545488569
13,4,1400,Bayesian ensemble,58.72415322415641,300,0.1957471774138547,1450.0,0.46904959835377696,-0.08028469545488569
13,4,1400,Fixed pre-shift law,58.51062112677444,300,0.1950354037559148,1450.0,0.46904959835377696,-0.08028469545488569
13,4,1400,Static geometry,57.896530410493106,300,0.1929884347016437,1450.0,0.46904959835377696,-0.08028469545488569
13,4,1500,Bayesian ensemble,65.18980916363937,300,0.2172993638787979,1550.0,0.46147115303118524,-0.08028469545488569
13,4,1500,Fixed pre-shift law,63.845267193531335,300,0.21281755731177113,1550.0,0.46147115303118524,-0.08028469545488569
13,4,1500,Static geometry,64.5374762081443,300,0.21512492069381434,1550.0,0.46147115303118524,-0.08028469545488569
13,4,1600,Bayesian ensemble,64.70851521176156,300,0.2156950507058719,1650.0,0.44809075059373554,-0.08028469545488569
13,4,1600,Fixed pre-shift law,63.37865189799572,300,0.21126217299331906,1650.0,0.44809075059373554,-0.08028469545488569
13,4,1600,Static geometry,63.790130848180425,300,0.21263376949393475,1650.0,0.44809075059373554,-0.08028469545488569
13,4,1700,Bayesian ensemble,59.97817810924187,300,0.19992726036413955,1750.0,0.45104629383609407,-0.08028469545488569
13,4,1700,Fixed pre-shift law,60.54177408390616,300,0.20180591361302055,1750.0,0.45104629383609407,-0.08028469545488569
13,4,1700,Static geometry,60.20338433448715,300,0.20067794778162382,1750.0,0.45104629383609407,-0.08028469545488569
13,4,1800,Bayesian ensemble,64.61633768931137,300,0.21538779229770455,1850.0,0.45197994015247955,-0.08028469545488569
13,4,1800,Fixed pre-shift law,63.708616440482935,300,0.21236205480160977,1850.0,0.45197994015247955,-0.08028469545488569
13,4,1800,Static geometry,64.70226852231764,300,0.21567422840772546,1850.0,0.45197994015247955,-0.08028469545488569
13,4,1900,Bayesian ensemble,61.87871608719388,300,0.20626238695731294,1950.0,0.44071325922504584,-0.08028469545488569
13,4,1900,Fixed pre-shift law,60.576291481153845,300,0.20192097160384614,1950.0,0.44071325922504584,-0.08028469545488569
13,4,1900,Static geometry,60.356039986157896,300,0.20118679995385966,1950.0,0.44071325922504584,-0.08028469545488569
13,4,2000,Bayesian ensemble,56.61336255125633,300,0.18871120850418777,2050.0,0.5072835939751368,0.8332919044304715
13,4,2000,Fixed pre-shift law,58.80943852374525,300,0.1960314617458175,2050.0,0.5072835939751368,0.8332919044304715
13,4,2000,Static geometry,58.48491614378333,300,0.19494972047927778,2050.0,0.5072835939751368,0.8332919044304715
13,4,2100,Bayesian ensemble,59.51633059849688,300,0.19838776866165625,2150.0,0.5724799261680524,0.8332919044304715
13,4,2100,Fixed pre-shift law,56.69139859230974,300,0.18897132864103247,2150.0,0.5724799261680524,0.8332919044304715
13,4,2100,Static geometry,57.0343417286362,300,0.19011447242878735,2150.0,0.5724799261680524,0.8332919044304715
13,4,2200,Bayesian ensemble,69.39956151571882,300,0.23133187171906272,2250.0,0.6613697347886807,0.8332919044304715
13,4,2200,Fixed pre-shift law,71.74226968310235,300,0.2391408989436745,2250.0,0.6613697347886807,0.8332919044304715
13,4,2200,Static geometry,72.12281036649802,300,0.24040936788832673,2250.0,0.6613697347886807,0.8332919044304715
13,4,2300,Bayesian ensemble,60.81350314591167,300,0.2027116771530389,2350.0,0.7097883854043913,0.8332919044304715
13,4,2300,Fixed pre-shift law,58.650501761252556,300,0.19550167253750853,2350.0,0.7097883854043913,0.8332919044304715
13,4,2300,Static geometry,58.78458307463461,300,0.19594861024878205,2350.0,0.7097883854043913,0.8332919044304715
13,4,2400,Bayesian ensemble,59.42943870336609,300,0.1980981290112203,2450.0,0.7242494474304959,0.8332919044304715
13,4,2400,Fixed pre-shift law,58.11846346221935,300,0.19372821154073117,2450.0,0.7242494474304959,0.8332919044304715
13,4,2400,Static geometry,57.019468423498715,300,0.19006489474499572,2450.0,0.7242494474304959,0.8332919044304715
13,4,2500,Bayesian ensemble,61.410573833177125,300,0.20470191277725708,2550.0,0.7363802891843416,0.8332919044304715
13,4,2500,Fixed pre-shift law,59.384556034138896,300,0.19794852011379632,2550.0,0.7363802891843416,0.8332919044304715
13,4,2500,Static geometry,59.32638032335052,300,0.19775460107783507,2550.0,0.7363802891843416,0.8332919044304715
13,4,2600,Bayesian ensemble,61.31329216749378,300,0.2043776405583126,2650.0,0.7212235892741359,0.8332919044304715
13,4,2600,Fixed pre-shift law,61.35126909411447,300,0.2045042303137149,2650.0,0.7212235892741359,0.8332919044304715
13,4,2600,Static geometry,60.86679464309275,300,0.20288931547697583,2650.0,0.7212235892741359,0.8332919044304715
13,4,2700,Bayesian ensemble,63.92637192708127,300,0.21308790642360423,2750.0,0.7356966271459955,0.8332919044304715
13,4,2700,Fixed pre-shift law,61.260322483418854,300,0.2042010749447295,2750.0,0.7356966271459955,0.8332919044304715
13,4,2700,Static geometry,61.05205911872779,300,0.20350686372909263,2750.0,0.7356966271459955,0.8332919044304715
13,4,2800,Bayesian ensemble,60.03303641557421,300,0.20011012138524736,2850.0,0.7376636414111245,0.8332919044304715
13,4,2800,Fixed pre-shift law,60.55898634017001,300,0.2018632878005667,2850.0,0.7376636414111245,0.8332919044304715
13,4,2800,Static geometry,59.73007014783651,300,0.1991002338261217,2850.0,0.7376636414111245,0.8332919044304715
13,4,2900,Bayesian ensemble,52.65971373161788,300,0.17553237910539293,2950.0,0.7339736849841251,0.8332919044304715
13,4,2900,Fixed pre-shift law,53.8163514873742,300,0.17938783829124733,2950.0,0.7339736849841251,0.8332919044304715
13,4,2900,Static geometry,52.508140273759736,300,0.17502713424586577,2950.0,0.7339736849841251,0.8332919044304715
13,4,3000,Bayesian ensemble,70.49541113558034,300,0.2349847037852678,3050.0,0.7365882830510055,0.8332919044304715
13,4,3000,Fixed pre-shift law,71.48064702509676,300,0.23826882341698918,3050.0,0.7365882830510055,0.8332919044304715
13,4,3000,Static geometry,72.62993380044065,300,0.24209977933480217,3050.0,0.7365882830510055,0.8332919044304715
13,4,3100,Bayesian ensemble,55.11405338243986,300,0.18371351127479954,3150.0,0.74256133411202,0.8332919044304715
13,4,3100,Fixed pre-shift law,56.75802525763268,300,0.18919341752544228,3150.0,0.74256133411202,0.8332919044304715
13,4,3100,Static geometry,56.07170937422133,300,0.1869056979140711,3150.0,0.74256133411202,0.8332919044304715
13,4,3200,Bayesian ensemble,64.9173795494646,300,0.216391265164882,3250.0,0.7713214571569539,0.8332919044304715
13,4,3200,Fixed pre-shift law,61.86451089131719,300,0.20621503630439061,3250.0,0.7713214571569539,0.8332919044304715
13,4,3200,Static geometry,62.02369500570645,300,0.2067456500190215,3250.0,0.7713214571569539,0.8332919044304715
13,4,3300,Bayesian ensemble,59.35298386306915,300,0.19784327954356382,3350.0,0.7893556119811608,0.8332919044304715
13,4,3300,Fixed pre-shift law,58.746410054110854,300,0.1958213668470362,3350.0,0.7893556119811608,0.8332919044304715
13,4,3300,Static geometry,58.08033993979602,300,0.1936011331326534,3350.0,0.7893556119811608,0.8332919044304715
13,4,3400,Bayesian ensemble,58.72338763159736,300,0.19574462543865787,3450.0,0.7962371339294773,0.8332919044304715
13,4,3400,Fixed pre-shift law,59.728957665433455,300,0.19909652555144486,3450.0,0.7962371339294773,0.8332919044304715
13,4,3400,Static geometry,59.460784862390895,300,0.19820261620796964,3450.0,0.7962371339294773,0.8332919044304715
13,4,3500,Bayesian ensemble,61.886591929226014,300,0.2062886397640867,3550.0,0.7830409724853713,0.8332919044304715
13,4,3500,Fixed pre-shift law,66.81956620340702,300,0.22273188734469007,3550.0,0.7830409724853713,0.8332919044304715
13,4,3500,Static geometry,66.1350828804495,300,0.22045027626816502,3550.0,0.7830409724853713,0.8332919044304715
13,4,3600,Bayesian ensemble,59.91142284672848,300,0.19970474282242826,3650.0,0.7573192837829663,0.8332919044304715
13,4,3600,Fixed pre-shift law,60.78617523545513,300,0.2026205841181838,3650.0,0.7573192837829663,0.8332919044304715
13,4,3600,Static geometry,59.41079912175735,300,0.1980359970725245,3650.0,0.7573192837829663,0.8332919044304715
13,4,3700,Bayesian ensemble,59.145119256198726,300,0.1971503975206624,3750.0,0.765325455768227,0.8332919044304715
13,4,3700,Fixed pre-shift law,57.84066264225931,300,0.19280220880753104,3750.0,0.765325455768227,0.8332919044304715
13,4,3700,Static geometry,58.28638516071501,300,0.19428795053571668,3750.0,0.765325455768227,0.8332919044304715
13,4,3800,Bayesian ensemble,65.1657886595859,300,0.217219295531953,3850.0,0.7665952270787291,0.8332919044304715
13,4,3800,Fixed pre-shift law,64.15927602396184,300,0.2138642534132061,3850.0,0.7665952270787291,0.8332919044304715
13,4,3800,Static geometry,64.1837871367508,300,0.21394595712250264,3850.0,0.7665952270787291,0.8332919044304715
13,4,3900,Bayesian ensemble,60.39180477101864,300,0.20130601590339547,3950.0,0.7759071125055906,0.8332919044304715
13,4,3900,Fixed pre-shift law,62.09981005669856,300,0.20699936685566186,3950.0,0.7759071125055906,0.8332919044304715
13,4,3900,Static geometry,61.69616594235328,300,0.20565388647451094,3950.0,0.7759071125055906,0.8332919044304715
14,4,300,Bayesian ensemble,67.09384796501132,300,0.22364615988337108,350.0,0.5255979525598178,0.011481942626452135
14,4,300,Fixed pre-shift law,67.11154474397686,300,0.22370514914658954,350.0,0.5255979525598178,0.011481942626452135
14,4,300,Static geometry,68.11146418457996,300,0.22703821394859985,350.0,0.5255979525598178,0.011481942626452135
14,4,400,Bayesian ensemble,68.34840055076543,300,0.22782800183588478,450.0,0.523382557717689,0.011481942626452135
14,4,400,Fixed pre-shift law,66.22621439205712,300,0.22075404797352371,450.0,0.523382557717689,0.011481942626452135
14,4,400,Static geometry,67.78767483613974,300,0.2259589161204658,450.0,0.523382557717689,0.011481942626452135
14,4,500,Bayesian ensemble,61.83769843159279,300,0.20612566143864264,550.0,0.5109029239372812,0.011481942626452135
14,4,500,Fixed pre-shift law,61.71414616443672,300,0.2057138205481224,550.0,0.5109029239372812,0.011481942626452135
14,4,500,Static geometry,62.54336824281811,300,0.20847789414272705,550.0,0.5109029239372812,0.011481942626452135
14,4,600,Bayesian ensemble,68.28613340533462,300,0.22762044468444875,650.0,0.4996188435808843,0.011481942626452135
14,4,600,Fixed pre-shift law,66.5747872261652,300,0.22191595742055067,650.0,0.4996188435808843,0.011481942626452135
14,4,600,Static geometry,68.21178991468818,300,0.2273726330489606,650.0,0.4996188435808843,0.011481942626452135
14,4,700,Bayesian ensemble,65.49803175295365,300,0.2183267725098455,750.0,0.5126487311375633,0.011481942626452135
14,4,700,Fixed pre-shift law,64.6194398652976,300,0.2153981328843253,750.0,0.5126487311375633,0.011481942626452135
14,4,700,Static geometry,64.2204111217422,300,0.21406803707247402,750.0,0.5126487311375633,0.011481942626452135
14,4,800,Bayesian ensemble,68.39337283784391,300,0.2279779094594797,850.0,0.5107486566594585,0.011481942626452135
14,4,800,Fixed pre-shift law,66.40473579879747,300,0.2213491193293249,850.0,0.5107486566594585,0.011481942626452135
14,4,800,Static geometry,67.4504068817838,300,0.22483468960594602,850.0,0.5107486566594585,0.011481942626452135
14,4,900,Bayesian ensemble,65.70949485999247,300,0.21903164953330825,950.0,0.4971126935015058,0.011481942626452135
14,4,900,Fixed pre-shift law,64.77690098027969,300,0.21592300326759897,950.0,0.4971126935015058,0.011481942626452135
14,4,900,Static geometry,65.84543664639205,300,0.21948478882130681,950.0,0.4971126935015058,0.011481942626452135
14,4,1000,Bayesian ensemble,60.4058525282653,300,0.20135284176088433,1050.0,0.4699685171897112,0.011481942626452135
14,4,1000,Fixed pre-shift law,59.6787007932776,300,0.19892900264425867,1050.0,0.4699685171897112,0.011481942626452135
14,4,1000,Static geometry,59.88539027531679,300,0.1996179675843893,1050.0,0.4699685171897112,0.011481942626452135
14,4,1100,Bayesian ensemble,66.2084057570917,300,0.22069468585697233,1150.0,0.4676477726139784,0.011481942626452135
14,4,1100,Fixed pre-shift law,65.50099331844939,300,0.2183366443948313,1150.0,0.4676477726139784,0.011481942626452135
14,4,1100,Static geometry,66.90663291982523,300,0.22302210973275075,1150.0,0.4676477726139784,0.011481942626452135
14,4,1200,Bayesian ensemble,69.89918981290693,300,0.2329972993763564,1250.0,0.46033959946270137,0.011481942626452135
14,4,1200,Fixed pre-shift law,67.93304108453658,300,0.2264434702817886,1250.0,0.46033959946270137,0.011481942626452135
14,4,1200,Static geometry,70.07346885561097,300,0.23357822951870322,1250.0,0.46033959946270137,0.011481942626452135
14,4,1300,Bayesian ensemble,68.54668493080503,300,0.2284889497693501,1350.0,0.4596388355371843,0.011481942626452135
14,4,1300,Fixed pre-shift law,67.62613969691081,300,0.22542046565636936,1350.0,0.4596388355371843,0.011481942626452135
14,4,1300,Static geometry,68.35852691726505,300,0.22786175639088352,1350.0,0.4596388355371843,0.011481942626452135
14,4,1400,Bayesian ensemble,69.51938851151809,300,0.23173129503839363,1450.0,0.43785537614686004,0.011481942626452135
14,4,1400,Fixed pre-shift law,68.80074919328995,300,0.22933583064429983,1450.0,0.43785537614686004,0.011481942626452135
14,4,1400,Static geometry,70.79742304330085,300,0.23599141014433617,1450.0,0.43785537614686004,0.011481942626452135
14,4,1500,Bayesian ensemble,68.84062095207052,300,0.22946873650690175,1550.0,0.4462921354864448,0.011481942626452135
14,4,1500,Fixed pre-shift law,68.84076801744237,300,0.2294692267248079,1550.0,0.4462921354864448,0.011481942626452135
14,4,1500,Static geometry,72.71083455401377,300,0.24236944851337924,1550.0,0.4462921354864448,0.011481942626452135
14,4,1600,Bayesian ensemble,70.01924992709087,300,0.23339749975696955,1650.0,0.4555228497520266,0.011481942626452135
14,4,1600,Fixed pre-shift law,68.76594593451698,300,0.22921981978172326,1650.0,0.4555228497520266,0.011481942626452135
14,4,1600,Static geometry,70.98057905178209,300,0.23660193017260694,1650.0,0.4555228497520266,0.011481942626452135
14,4,1700,Bayesian ensemble,67.91752540607753,300,0.22639175135359177,1750.0,0.46741611001278716,0.011481942626452135
14,4,1700,Fixed pre-shift law,66.87657963796552,300,0.22292193212655173,1750.0,0.46741611001278716,0.011481942626452135
14,4,1700,Static geometry,68.60890515442412,300,0.22869635051474707,1750.0,0.46741611001278716,0.011481942626452135
14,4,1800,Bayesian ensemble,66.05957419813123,300,0.22019858066043743,1850.0,0.45015872044098265,0.011481942626452135
14,4,1800,Fixed pre-shift law,65.44305997577496,300,0.2181435332525832,1850.0,0.45015872044098265,0.011481942626452135
14,4,1800,Static geometry,67.1368534054015,300,0.22378951135133832,1850.0,0.45015872044098265,0.011481942626452135
14,4,1900,Bayesian ensemble,64.68257517767482,300,0.21560858392558274,1950.0,0.44058068523162575,0.011481942626452135
14,4,1900,Fixed pre-shift law,63.772399958868334,300,0.2125746665295611,1950.0,0.44058068523162575,0.011481942626452135
14,4,1900,Static geometry,64.49634716098532,300,0.21498782386995108,1950.0,0.44058068523162575,0.011481942626452135
14,4,2000,Bayesian ensemble,61.63155027889348,300,0.2054385009296449,2050.0,0.47808317116655763,0.825268969987897
14,4,2000,Fixed pre-shift law,60.32760606635319,300,0.2010920202211773,2050.0,0.47808317116655763,0.825268969987897
14,4,2000,Static geometry,58.42813310956242,300,0.1947604436985414,2050.0,0.47808317116655763,0.825268969987897
14,4,2100,Bayesian ensemble,53.20846542689272,300,0.17736155142297574,2150.0,0.5725775034276753,0.825268969987897
14,4,2100,Fixed pre-shift law,57.40689896294216,300,0.19135632987647386,2150.0,0.5725775034276753,0.825268969987897
14,4,2100,Static geometry,54.56077654143434,300,0.18186925513811447,2150.0,0.5725775034276753,0.825268969987897
14,4,2200,Bayesian ensemble,59.51482333040734,300,0.19838274443469112,2250.0,0.658188834986771,0.825268969987897
14,4,2200,Fixed pre-shift law,61.24762012003351,300,0.20415873373344504,2250.0,0.658188834986771,0.825268969987897
14,4,2200,Static geometry,59.886882836624,300,0.19962294278874665,2250.0,0.658188834986771,0.825268969987897
14,4,2300,Bayesian ensemble,61.16721576686189,300,0.20389071922287297,2350.0,0.7353688421707878,0.825268969987897
14,4,2300,Fixed pre-shift law,59.71900137898633,300,0.19906333792995443,2350.0,0.7353688421707878,0.825268969987897
14,4,2300,Static geometry,58.581787854767995,300,0.19527262618255997,2350.0,0.7353688421707878,0.825268969987897
14,4,2400,Bayesian ensemble,55.751391051933595,300,0.185837970173112,2450.0,0.7344169246454625,0.825268969987897
14,4,2400,Fixed pre-shift law,58.95381004415151,300,0.1965127001471717,2450.0,0.7344169246454625,0.825268969987897
14,4,2400,Static geometry,57.093955883465945,300,0.1903131862782198,2450.0,0.7344169246454625,0.825268969987897
14,4,2500,Bayesian ensemble,55.70585244991111,300,0.18568617483303704,2550.0,0.7500276141812057,0.825268969987897
14,4,2500,Fixed pre-shift law,60.7212057760695,300,0.20240401925356502,2550.0,0.7500276141812057,0.825268969987897
14,4,2500,Static geometry,58.73792787127824,300,0.1957930929042608,2550.0,0.7500276141812057,0.825268969987897
14,4,2600,Bayesian ensemble,50.91813730804366,300,0.16972712436014553,2650.0,0.7642957309644691,0.825268969987897
14,4,2600,Fixed pre-shift law,55.58386476068757,300,0.1852795492022919,2650.0,0.7642957309644691,0.825268969987897
14,4,2600,Static geometry,54.69243759457948,300,0.18230812531526494,2650.0,0.7642957309644691,0.825268969987897
14,4,2700,Bayesian ensemble,62.05086403843554,300,0.2068362134614518,2750.0,0.7466029509249907,0.825268969987897
14,4,2700,Fixed pre-shift law,60.29311947677396,300,0.20097706492257986,2750.0,0.7466029509249907,0.825268969987897
14,4,2700,Static geometry,60.465034001475495,300,0.20155011333825165,2750.0,0.7466029509249907,0.825268969987897
14,4,2800,Bayesian ensemble,61.76902857207491,300,0.20589676190691636,2850.0,0.7495894407907585,0.825268969987897
14,4,2800,Fixed pre-shift law,63.30140116533205,300,0.21100467055110683,2850.0,0.7495894407907585,0.825268969987897
14,4,2800,Static geometry,63.158191908862996,300,0.21052730636287664,2850.0,0.7495894407907585,0.825268969987897
14,4,2900,Bayesian ensemble,63.18992899806832,300,0.21063309666022773,2950.0,0.7563504554184257,0.825268969987897
14,4,2900,Fixed pre-shift law,69.30047407322137,300,0.23100158024407122,2950.0,0.7563504554184257,0.825268969987897
14,4,2900,Static geometry,68.76733521796504,300,0.22922445072655015,2950.0,0.7563504554184257,0.825268969987897
14,4,3000,Bayesian ensemble,65.20985880962725,300,0.21736619603209084,3050.0,0.7683190627453397,0.825268969987897
14,4,3000,Fixed pre-shift law,67.88820023429874,300,0.2262940007809958,3050.0,0.7683190627453397,0.825268969987897
14,4,3000,Static geometry,67.50336539112,300,0.2250112179704,3050.0,0.7683190627453397,0.825268969987897
14,4,3100,Bayesian ensemble,55.67484998562123,300,0.1855828332854041,3150.0,0.7522721025101262,0.825268969987897
14,4,3100,Fixed pre-shift law,60.88601820476798,300,0.20295339401589327,3150.0,0.7522721025101262,0.825268969987897
14,4,3100,Static geometry,60.47362334217474,300,0.2015787444739158,3150.0,0.7522721025101262,0.825268969987897
14,4,3200,Bayesian ensemble,64.63398589689888,300,0.21544661965632958,3250.0,0.7484143415924034,0.825268969987897
14,4,3200,Fixed pre-shift law,61.53698446899374,300,0.20512328156331244,3250.0,0.7484143415924034,0.825268969987897
14,4,3200,Static geometry,60.80854485297008,300,0.20269514950990028,3250.0,0.7484143415924034,0.825268969987897
14,4,3300,Bayesian ensemble,55.87821409576654,300,0.18626071365255512,3350.0,0.7437696559892304,0.825268969987897
14,4,3300,Fixed pre-shift law,60.21349925955008,300,0.20071166419850028,3350.0,0.7437696559892304,0.825268969987897
14,4,3300,Static geometry,58.065323243151546,300,0.19355107747717182,3350.0,0.7437696559892304,0.825268969987897
14,4,3400,Bayesian ensemble,61.91182055460997,300,0.20637273518203322,3450.0,0.7587621793310393,0.825268969987897
14,4,3400,Fixed pre-shift law,64.23959994603452,300,0.21413199982011505,3450.0,0.7587621793310393,0.825268969987897
14,4,3400,Static geometry,62.863750521083034,300,0.20954583507027677,3450.0,0.7587621793310393,0.825268969987897
14,4,3500,Bayesian ensemble,61.56285920147315,300,0.20520953067157718,3550.0,0.7667458131905985,0.825268969987897
14,4,3500,Fixed pre-shift law,63.35672326661558,300,0.21118907755538527,3550.0,0.7667458131905985,0.825268969987897
14,4,3500,Static geometry,62.81121777994718,300,0.20937072593315725,3550.0,0.7667458131905985,0.825268969987897
14,4,3600,Bayesian ensemble,66.74582261536469,300,0.22248607538454895,3650.0,0.7673849028360411,0.825268969987897
14,4,3600,Fixed pre-shift law,62.64758225921719,300,0.20882527419739064,3650.0,0.7673849028360411,0.825268969987897
14,4,3600,Static geometry,63.890851430695704,300,0.21296950476898568,3650.0,0.7673849028360411,0.825268969987897
14,4,3700,Bayesian ensemble,61.56908061058316,300,0.20523026870194386,3750.0,0.7604105278521027,0.825268969987897
14,4,3700,Fixed pre-shift law,67.8937569404949,300,0.22631252313498298,3750.0,0.7604105278521027,0.825268969987897
14,4,3700,Static geometry,66.10095293969229,300,0.22033650979897432,3750.0,0.7604105278521027,0.825268969987897
14,4,3800,Bayesian ensemble,65.7594207254562,300,0.21919806908485398,3850.0,0.7720839855406179,0.825268969987897
14,4,3800,Fixed pre-shift law,64.33887838101212,300,0.21446292793670707,3850.0,0.7720839855406179,0.825268969987897
14,4,3800,Static geometry,65.0763391967416,300,0.21692113065580534,3850.0,0.7720839855406179,0.825268969987897
14,4,3900,Bayesian ensemble,67.82786519614473,300,0.2260928839871491,3950.0,0.7623282156282205,0.825268969987897
14,4,3900,Fixed pre-shift law,69.2934129021188,300,0.23097804300706268,3950.0,0.7623282156282205,0.825268969987897
14,4,3900,Static geometry,69.26616293516022,300,0.23088720978386743,3950.0,0.7623282156282205,0.825268969987897
15,4,300,Bayesian ensemble,59.38947748930509,300,0.19796492496435028,350.0,0.5478500454668924,0.11289294276188962
15,4,300,Fixed pre-shift law,57.84173257920622,300,0.19280577526402073,350.0,0.5478500454668924,0.11289294276188962
15,4,300,Static geometry,58.597936836986136,300,0.1953264561232871,350.0,0.5478500454668924,0.11289294276188962
15,4,400,Bayesian ensemble,51.688935324213176,300,0.1722964510807106,450.0,0.559461423517519,0.11289294276188962
15,4,400,Fixed pre-shift law,51.820586940739496,300,0.172735289802465,450.0,0.559461423517519,0.11289294276188962
15,4,400,Static geometry,51.334469318971514,300,0.17111489772990504,450.0,0.559461423517519,0.11289294276188962
15,4,500,Bayesian ensemble,53.36068392393916,300,0.17786894641313056,550.0,0.5543191900808542,0.11289294276188962
15,4,500,Fixed pre-shift law,52.63215395326127,300,0.1754405131775376,550.0,0.5543191900808542,0.11289294276188962
15,4,500,Static geometry,53.376805434412326,300,0.1779226847813744,550.0,0.5543191900808542,0.11289294276188962
15,4,600,Bayesian ensemble,58.02612482747156,300,0.19342041609157187,650.0,0.5336089037010434,0.11289294276188962
15,4,600,Fixed pre-shift law,57.21294266781951,300,0.1907098088927317,650.0,0.5336089037010434,0.11289294276188962
15,4,600,Static geometry,57.508257033641364,300,0.19169419011213787,650.0,0.5336089037010434,0.11289294276188962
15,4,700,Bayesian ensemble,58.350851782867,300,0.19450283927622333,750.0,0.5183536613952665,0.11289294276188962
15,4,700,Fixed pre-shift law,57.7088629968979,300,0.19236287665632634,750.0,0.5183536613952665,0.11289294276188962
15,4,700,Static geometry,58.70714323868799,300,0.1956904774622933,750.0,0.5183536613952665,0.11289294276188962
15,4,800,Bayesian ensemble,55.13966046058646,300,0.18379886820195487,850.0,0.5156749909631206,0.11289294276188962
15,4,800,Fixed pre-shift law,55.39432303661207,300,0.18464774345537358,850.0,0.5156749909631206,0.11289294276188962
15,4,800,Static geometry,55.72869731455235,300,0.18576232438184118,850.0,0.5156749909631206,0.11289294276188962
15,4,900,Bayesian ensemble,52.56982444888852,300,0.17523274816296172,950.0,0.5249365201130197,0.11289294276188962
15,4,900,Fixed pre-shift law,51.58525938598485,300,0.1719508646199495,950.0,0.5249365201130197,0.11289294276188962
15,4,900,Static geometry,52.620367205761525,300,0.17540122401920508,950.0,0.5249365201130197,0.11289294276188962
15,4,1000,Bayesian ensemble,57.54849035207486,300,0.19182830117358285,1050.0,0.5431885552121831,0.11289294276188962
15,4,1000,Fixed pre-shift law,55.221394300663626,300,0.1840713143355454,1050.0,0.5431885552121831,0.11289294276188962
15,4,1000,Static geometry,56.05126645154167,300,0.18683755483847223,1050.0,0.5431885552121831,0.11289294276188962
15,4,1100,Bayesian ensemble,50.2011180427701,300,0.167337060142567,1150.0,0.5307911776560932,0.11289294276188962
15,4,1100,Fixed pre-shift law,50.02239751073387,300,0.16674132503577957,1150.0,0.5307911776560932,0.11289294276188962
15,4,1100,Static geometry,50.45930684662897,300,0.16819768948876324,1150.0,0.5307911776560932,0.11289294276188962
15,4,1200,Bayesian ensemble,52.740158106997384,300,0.1758005270233246,1250.0,0.5212702108576457,0.11289294276188962
15,4,1200,Fixed pre-shift law,52.31687275039753,300,0.17438957583465842,1250.0,0.5212702108576457,0.11289294276188962
15,4,1200,Static geometry,53.21119511731289,300,0.17737065039104297,1250.0,0.5212702108576457,0.11289294276188962
15,4,1300,Bayesian ensemble,56.1646209718992,300,0.18721540323966399,1350.0,0.5333153197971825,0.11289294276188962
15,4,1300,Fixed pre-shift law,54.36804588452028,300,0.1812268196150676,1350.0,0.5333153197971825,0.11289294276188962
15,4,1300,Static geometry,53.96067212559501,300,0.1798689070853167,1350.0,0.5333153197971825,0.11289294276188962
15,4,1400,Bayesian ensemble,58.50462923449985,300,0.19501543078166617,1450.0,0.5161750045575808,0.11289294276188962
15,4,1400,Fixed pre-shift law,57.86711315808233,300,0.19289037719360777,1450.0,0.5161750045575808,0.11289294276188962
15,4,1400,Static geometry,59.42364900403778,300,0.19807883001345925,1450.0,0.5161750045575808,0.11289294276188962
15,4,1500,Bayesian ensemble,54.46395631703564,300,0.18154652105678545,1550.0,0.5215935750454852,0.11289294276188962
15,4,1500,Fixed pre-shift law,54.00152779263473,300,0.18000509264211578,1550.0,0.5215935750454852,0.11289294276188962
15,4,1500,Static geometry,53.99386743680983,300,0.17997955812269942,1550.0,0.5215935750454852,0.11289294276188962
15,4,1600,Bayesian ensemble,54.169019636520105,300,0.18056339878840036,1650.0,0.5416477012911847,0.11289294276188962
15,4,1600,Fixed pre-shift law,54.41833352339726,300,0.18139444507799085,1650.0,0.5416477012911847,0.11289294276188962
15,4,1600,Static geometry,56.26837932703094,300,0.18756126442343649,1650.0,0.5416477012911847,0.11289294276188962
15,4,1700,Bayesian ensemble,58.67976148616296,300,0.19559920495387653,1750.0,0.5514261109701304,0.11289294276188962
15,4,1700,Fixed pre-shift law,55.13233686470957,300,0.18377445621569857,1750.0,0.5514261109701304,0.11289294276188962
15,4,1700,Static geometry,55.34091774954092,300,0.18446972583180307,1750.0,0.5514261109701304,0.11289294276188962
15,4,1800,Bayesian ensemble,56.019530951464176,300,0.18673176983821393,1850.0,0.5483822222303352,0.11289294276188962
15,4,1800,Fixed pre-shift law,55.40092011679334,300,0.18466973372264445,1850.0,0.5483822222303352,0.11289294276188962
15,4,1800,Static geometry,56.76392826932146,300,0.18921309423107155,1850.0,0.5483822222303352,0.11289294276188962
15,4,1900,Bayesian ensemble,54.24018227036818,300,0.18080060756789393,1950.0,0.5461066171231783,0.11289294276188962
15,4,1900,Fixed pre-shift law,52.47377633070053,300,0.17491258776900176,1950.0,0.5461066171231783,0.11289294276188962
15,4,1900,Static geometry,52.605664038748984,300,0.1753522134624966,1950.0,0.5461066171231783,0.11289294276188962
15,4,2000,Bayesian ensemble,56.5887653247925,300,0.18862921774930833,2050.0,0.5664872125987199,0.8485137263397107
15,4,2000,Fixed pre-shift law,57.084781651207535,300,0.19028260550402512,2050.0,0.5664872125987199,0.8485137263397107
15,4,2000,Static geometry,56.80675083361232,300,0.18935583611204107,2050.0,0.5664872125987199,0.8485137263397107
15,4,2100,Bayesian ensemble,46.004137957629034,300,0.15334712652543012,2150.0,0.6110482748123016,0.8485137263397107
15,4,2100,Fixed pre-shift law,43.93313597492039,300,0.14644378658306798,2150.0,0.6110482748123016,0.8485137263397107
15,4,2100,Static geometry,43.04842107452697,300,0.1434947369150899,2150.0,0.6110482748123016,0.8485137263397107
15,4,2200,Bayesian ensemble,39.12990481477693,300,0.13043301604925642,2250.0,0.6806277887729446,0.8485137263397107
15,4,2200,Fixed pre-shift law,41.36368805631538,300,0.13787896018771795,2250.0,0.6806277887729446,0.8485137263397107
15,4,2200,Static geometry,39.29955406556164,300,0.13099851355187211,2250.0,0.6806277887729446,0.8485137263397107
15,4,2300,Bayesian ensemble,39.575843514863806,300,0.13191947838287935,2350.0,0.6949250713263783,0.8485137263397107
15,4,2300,Fixed pre-shift law,40.446112453074605,300,0.134820374843582,2350.0,0.6949250713263783,0.8485137263397107
15,4,2300,Static geometry,39.444727909984515,300,0.13148242636661506,2350.0,0.6949250713263783,0.8485137263397107
15,4,2400,Bayesian ensemble,51.35427519540941,300,0.17118091731803137,2450.0,0.6780484390160847,0.8485137263397107
15,4,2400,Fixed pre-shift law,47.04527238906789,300,0.1568175746302263,2450.0,0.6780484390160847,0.8485137263397107
15,4,2400,Static geometry,46.38269582612298,300,0.1546089860870766,2450.0,0.6780484390160847,0.8485137263397107
15,4,2500,Bayesian ensemble,42.53156684307572,300,0.14177188947691907,2550.0,0.7054080212722055,0.8485137263397107
15,4,2500,Fixed pre-shift law,47.78048970013824,300,0.1592682990004608,2550.0,0.7054080212722055,0.8485137263397107
15,4,2500,Static geometry,46.58520057599471,300,0.15528400191998237,2550.0,0.7054080212722055,0.8485137263397107
15,4,2600,Bayesian ensemble,44.4073074925839,300,0.148024358308613,2650.0,0.7301901516455978,0.8485137263397107
15,4,2600,Fixed pre-shift law,52.24535278215326,300,0.17415117594051088,2650.0,0.7301901516455978,0.8485137263397107
15,4,2600,Static geometry,51.02865106474733,300,0.17009550354915776,2650.0,0.7301901516455978,0.8485137263397107
15,4,2700,Bayesian ensemble,48.582828016846825,300,0.16194276005615607,2750.0,0.7289749426685439,0.8485137263397107
15,4,2700,Fixed pre-shift law,47.91357954654776,300,0.15971193182182586,2750.0,0.7289749426685439,0.8485137263397107
15,4,2700,Static geometry,47.04290019437083,300,0.15680966731456944,2750.0,0.7289749426685439,0.8485137263397107
15,4,2800,Bayesian ensemble,51.82371081536717,300,0.17274570271789058,2850.0,0.7245631718528027,0.8485137263397107
15,4,2800,Fixed pre-shift law,48.34630313025447,300,0.1611543437675149,2850.0,0.7245631718528027,0.8485137263397107
15,4,2800,Static geometry,49.12429624939955,300,0.16374765416466516,2850.0,0.7245631718528027,0.8485137263397107
15,4,2900,Bayesian ensemble,45.22195056456356,300,0.15073983521521186,2950.0,0.7150926923071548,0.8485137263397107
15,4,2900,Fixed pre-shift law,46.677619291800966,300,0.15559206430600322,2950.0,0.7150926923071548,0.8485137263397107
15,4,2900,Static geometry,45.280644926141065,300,0.1509354830871369,2950.0,0.7150926923071548,0.8485137263397107
15,4,3000,Bayesian ensemble,45.35161602543203,300,0.15117205341810677,3050.0,0.7254073719977506,0.8485137263397107
15,4,3000,Fixed pre-shift law,45.22302246478371,300,0.1507434082159457,3050.0,0.7254073719977506,0.8485137263397107
15,4,3000,Static geometry,43.843878452682105,300,0.14614626150894036,3050.0,0.7254073719977506,0.8485137263397107
15,4,3100,Bayesian ensemble,49.676578330340156,300,0.1655885944344672,3150.0,0.7189127631210711,0.8485137263397107
15,4,3100,Fixed pre-shift law,49.83058988806797,300,0.1661019662935599,3150.0,0.7189127631210711,0.8485137263397107
15,4,3100,Static geometry,50.081977744394074,300,0.16693992581464692,3150.0,0.7189127631210711,0.8485137263397107
15,4,3200,Bayesian ensemble,46.34975744777816,300,0.15449919149259386,3250.0,0.7196667169134517,0.8485137263397107
15,4,3200,Fixed pre-shift law,47.500339519636384,300,0.15833446506545462,3250.0,0.7196667169134517,0.8485137263397107
15,4,3200,Static geometry,46.514873588601844,300,0.1550495786286728,3250.0,0.7196667169134517,0.8485137263397107
15,4,3300,Bayesian ensemble,56.29032233604575,300,0.18763440778681917,3350.0,0.7409094597323186,0.8485137263397107
15,4,3300,Fixed pre-shift law,59.46294508942774,300,0.19820981696475914,3350.0,0.7409094597323186,0.8485137263397107
15,4,3300,Static geometry,59.15477156084767,300,0.19718257186949223,3350.0,0.7409094597323186,0.8485137263397107
15,4,3400,Bayesian ensemble,50.986335976813805,300,0.16995445325604602,3450.0,0.7505456584668488,0.8485137263397107
15,4,3400,Fixed pre-shift law,54.3492421384469,300,0.18116414046148965,3450.0,0.7505456584668488,0.8485137263397107
15,4,3400,Static geometry,53.66237533614003,300,0.1788745844538001,3450.0,0.7505456584668488,0.8485137263397107
15,4,3500,Bayesian ensemble,44.14901222332454,300,0.14716337407774846,3550.0,0.7693479329400468,0.8485137263397107
15,4,3500,Fixed pre-shift law,45.67438093179927,300,0.1522479364393309,3550.0,0.7693479329400468,0.8485137263397107
15,4,3500,Static geometry,44.90991611174305,300,0.14969972037247684,3550.0,0.7693479329400468,0.8485137263397107
15,4,3600,Bayesian ensemble,47.29067699140721,300,0.15763558997135738,3650.0,0.7754241489428673,0.8485137263397107
15,4,3600,Fixed pre-shift law,52.40381997465948,300,0.17467939991553158,3650.0,0.7754241489428673,0.8485137263397107
15,4,3600,Static geometry,51.60604649369727,300,0.1720201549789909,3650.0,0.7754241489428673,0.8485137263397107
15,4,3700,Bayesian ensemble,52.29763076473714,300,0.17432543588245714,3750.0,0.7671153964748476,0.8485137263397107
15,4,3700,Fixed pre-shift law,56.2835562160331,300,0.18761185405344366,3750.0,0.7671153964748476,0.8485137263397107
15,4,3700,Static geometry,57.01977997463218,300,0.19006593324877394,3750.0,0.7671153964748476,0.8485137263397107
15,4,3800,Bayesian ensemble,53.85917693408855,300,0.17953058978029518,3850.0,0.7744096306480498,0.8485137263397107
15,4,3800,Fixed pre-shift law,52.21628136391881,300,0.1740542712130627,3850.0,0.7744096306480498,0.8485137263397107
15,4,3800,Static geometry,53.183844990119056,300,0.17727948330039686,3850.0,0.7744096306480498,0.8485137263397107
15,4,3900,Bayesian ensemble,51.2003479032604,300,0.17066782634420133,3950.0,0.755462844453372,0.8485137263397107
15,4,3900,Fixed pre-shift law,53.77577834386,300,0.17925259447953332,3950.0,0.755462844453372,0.8485137263397107
15,4,3900,Static geometry,54.997546987166466,300,0.1833251566238882,3950.0,0.755462844453372,0.8485137263397107
16,4,300,Bayesian ensemble,62.398080790956776,300,0.20799360263652258,350.0,0.556551157176437,-0.13199970889113527
16,4,300,Fixed pre-shift law,59.693486557906326,300,0.1989782885263544,350.0,0.556551157176437,-0.13199970889113527
16,4,300,Static geometry,60.10713483835702,300,0.20035711612785673,350.0,0.556551157176437,-0.13199970889113527
16,4,400,Bayesian ensemble,61.168457813648004,300,0.20389485937882668,450.0,0.5383551402999651,-0.13199970889113527
16,4,400,Fixed pre-shift law,59.52593856563646,300,0.1984197952187882,450.0,0.5383551402999651,-0.13199970889113527
16,4,400,Static geometry,59.70983947794676,300,0.19903279825982254,450.0,0.5383551402999651,-0.13199970889113527
16,4,500,Bayesian ensemble,58.21084546401819,300,0.1940361515467273,550.0,0.5277148496849562,-0.13199970889113527
16,4,500,Fixed pre-shift law,57.02062177348771,300,0.19006873924495904,550.0,0.5277148496849562,-0.13199970889113527
16,4,500,Static geometry,57.30942047672568,300,0.1910314015890856,550.0,0.5277148496849562,-0.13199970889113527
16,4,600,Bayesian ensemble,62.08374047572002,300,0.2069458015857334,650.0,0.5232101006491373,-0.13199970889113527
16,4,600,Fixed pre-shift law,63.80776020484947,300,0.21269253401616492,650.0,0.5232101006491373,-0.13199970889113527
16,4,600,Static geometry,65.02929635074986,300,0.2167643211691662,650.0,0.5232101006491373,-0.13199970889113527
16,4,700,Bayesian ensemble,63.023886582493816,300,0.21007962194164606,750.0,0.5015934301066534,-0.13199970889113527
16,4,700,Fixed pre-shift law,60.44415179009251,300,0.20148050596697503,750.0,0.5015934301066534,-0.13199970889113527
16,4,700,Static geometry,61.75299901183021,300,0.20584333003943403,750.0,0.5015934301066534,-0.13199970889113527
16,4,800,Bayesian ensemble,62.36443960059254,300,0.20788146533530846,850.0,0.5058450451891422,-0.13199970889113527
16,4,800,Fixed pre-shift law,61.57690883685208,300,0.20525636278950693,850.0,0.5058450451891422,-0.13199970889113527
16,4,800,Static geometry,60.327131740327886,300,0.20109043913442629,850.0,0.5058450451891422,-0.13199970889113527
16,4,900,Bayesian ensemble,56.75058101255074,300,0.18916860337516914,950.0,0.5137004643722305,-0.13199970889113527
16,4,900,Fixed pre-shift law,54.54419432594536,300,0.18181398108648453,950.0,0.5137004643722305,-0.13199970889113527
16,4,900,Static geometry,54.759331211221756,300,0.18253110403740586,950.0,0.5137004643722305,-0.13199970889113527
16,4,1000,Bayesian ensemble,59.375086074593334,300,0.19791695358197778,1050.0,0.5189457345249747,-0.13199970889113527
16,4,1000,Fixed pre-shift law,59.242290293727905,300,0.19747430097909302,1050.0,0.5189457345249747,-0.13199970889113527
16,4,1000,Static geometry,59.171292668742694,300,0.1972376422291423,1050.0,0.5189457345249747,-0.13199970889113527
16,4,1100,Bayesian ensemble,58.18961324083301,300,0.19396537746944337,1150.0,0.504536458239293,-0.13199970889113527
16,4,1100,Fixed pre-shift law,58.17498589675052,300,0.19391661965583507,1150.0,0.504536458239293,-0.13199970889113527
16,4,1100,Static geometry,58.90385039481157,300,0.19634616798270524,1150.0,0.504536458239293,-0.13199970889113527
16,4,1200,Bayesian ensemble,60.94581071884976,300,0.20315270239616587,1250.0,0.48528324534845946,-0.13199970889113527
16,4,1200,Fixed pre-shift law,59.39365354618167,300,0.1979788451539389,1250.0,0.48528324534845946,-0.13199970889113527
16,4,1200,Static geometry,61.61485823541105,300,0.2053828607847035,1250.0,0.48528324534845946,-0.13199970889113527
16,4,1300,Bayesian ensemble,61.04885042390241,300,0.2034961680796747,1350.0,0.49447816298317315,-0.13199970889113527
16,4,1300,Fixed pre-shift law,60.0575763446153,300,0.20019192114871767,1350.0,0.49447816298317315,-0.13199970889113527
16,4,1300,Static geometry,61.625467388532805,300,0.20541822462844267,1350.0,0.49447816298317315,-0.13199970889113527
16,4,1400,Bayesian ensemble,64.05790383449822,300,0.21352634611499408,1450.0,0.5027816279714529,-0.13199970889113527
16,4,1400,Fixed pre-shift law,62.57551062445709,300,0.20858503541485696,1450.0,0.5027816279714529,-0.13199970889113527
16,4,1400,Static geometry,65.32985576227706,300,0.2177661858742569,1450.0,0.5027816279714529,-0.13199970889113527
16,4,1500,Bayesian ensemble,56.407630469828966,300,0.18802543489942988,1550.0,0.5191646320068536,-0.13199970889113527
16,4,1500,Fixed pre-shift law,56.32394283675327,300,0.18774647612251089,1550.0,0.5191646320068536,-0.13199970889113527
16,4,1500,Static geometry,57.87653863757996,300,0.1929217954585999,1550.0,0.5191646320068536,-0.13199970889113527
16,4,1600,Bayesian ensemble,60.74627236592845,300,0.20248757455309482,1650.0,0.5024191166686073,-0.13199970889113527
16,4,1600,Fixed pre-shift law,60.11609561248355,300,0.20038698537494515,1650.0,0.5024191166686073,-0.13199970889113527
16,4,1600,Static geometry,59.27484458024725,300,0.19758281526749083,1650.0,0.5024191166686073,-0.13199970889113527
16,4,1700,Bayesian ensemble,61.63695078471909,300,0.2054565026157303,1750.0,0.5093161031757648,-0.13199970889113527
16,4,1700,Fixed pre-shift law,59.75575439602954,300,0.1991858479867651,1750.0,0.5093161031757648,-0.13199970889113527
16,4,1700,Static geometry,59.38015885806237,300,0.19793386286020792,1750.0,0.5093161031757648,-0.13199970889113527
16,4,1800,Bayesian ensemble,55.764856482325534,300,0.1858828549410851,1850.0,0.5017689297573795,-0.13199970889113527
16,4,1800,Fixed pre-shift law,55.11861000751416,300,0.18372870002504718,1850.0,0.5017689297573795,-0.13199970889113527
16,4,1800,Static geometry,55.683566859020246,300,0.1856118895300675,1850.0,0.5017689297573795,-0.13199970889113527
16,4,1900,Bayesian ensemble,55.741561226699105,300,0.185805204088997,1950.0,0.5110100103159925,-0.13199970889113527
16,4,1900,Fixed pre-shift law,56.13745746003024,300,0.1871248582001008,1950.0,0.5110100103159925,-0.13199970889113527
16,4,1900,Static geometry,55.74356122029741,300,0.1858118707343247,1950.0,0.5110100103159925,-0.13199970889113527
16,4,2000,Bayesian ensemble,51.469547769269155,300,0.17156515923089719,2050.0,0.5458459653652461,0.7947358653378687
16,4,2000,Fixed pre-shift law,52.58043068839328,300,0.17526810229464426,2050.0,0.5458459653652461,0.7947358653378687
16,4,2000,Static geometry,50.86639204463504,300,0.16955464014878346,2050.0,0.5458459653652461,0.7947358653378687
16,4,2100,Bayesian ensemble,54.3556217246841,300,0.181185405748947,2150.0,0.6033464606536889,0.7947358653378687
16,4,2100,Fixed pre-shift law,57.056855191725546,300,0.19018951730575182,2150.0,0.6033464606536889,0.7947358653378687
16,4,2100,Static geometry,54.74342161976637,300,0.1824780720658879,2150.0,0.6033464606536889,0.7947358653378687
16,4,2200,Bayesian ensemble,60.97389586687608,300,0.20324631955625358,2250.0,0.6661758535093104,0.7947358653378687
16,4,2200,Fixed pre-shift law,63.193458660657015,300,0.21064486220219006,2250.0,0.6661758535093104,0.7947358653378687
16,4,2200,Static geometry,62.11276910474444,300,0.20704256368248145,2250.0,0.6661758535093104,0.7947358653378687
16,4,2300,Bayesian ensemble,56.419815853820175,300,0.18806605284606726,2350.0,0.6892071739525838,0.7947358653378687
16,4,2300,Fixed pre-shift law,55.48646577661138,300,0.18495488592203793,2350.0,0.6892071739525838,0.7947358653378687
16,4,2300,Static geometry,54.72894603591789,300,0.1824298201197263,2350.0,0.6892071739525838,0.7947358653378687
16,4,2400,Bayesian ensemble,60.99571683179119,300,0.20331905610597065,2450.0,0.6951799763916604,0.7947358653378687
16,4,2400,Fixed pre-shift law,58.54196828264027,300,0.19513989427546757,2450.0,0.6951799763916604,0.7947358653378687
16,4,2400,Static geometry,58.365895391024544,300,0.19455298463674847,2450.0,0.6951799763916604,0.7947358653378687
16,4,2500,Bayesian ensemble,54.564216612470524,300,0.1818807220415684,2550.0,0.7076051939186944,0.7947358653378687
16,4,2500,Fixed pre-shift law,53.45492905215549,300,0.1781830968405183,2550.0,0.7076051939186944,0.7947358653378687
16,4,2500,Static geometry,53.11055047054815,300,0.1770351682351605,2550.0,0.7076051939186944,0.7947358653378687
16,4,2600,Bayesian ensemble,60.549702360042545,300,0.20183234120014182,2650.0,0.7271067035188797,0.7947358653378687
16,4,2600,Fixed pre-shift law,61.00892607424066,300,0.20336308691413554,2650.0,0.7271067035188797,0.7947358653378687
16,4,2600,Static geometry,60.8972035144204,300,0.20299067838140133,2650.0,0.7271067035188797,0.7947358653378687
16,4,2700,Bayesian ensemble,56.23978583939103,300,0.1874659527979701,2750.0,0.7377501940110561,0.7947358653378687
16,4,2700,Fixed pre-shift law,55.49146821703981,300,0.18497156072346604,2750.0,0.7377501940110561,0.7947358653378687
16,4,2700,Static geometry,56.072503956413065,300,0.1869083465213769,2750.0,0.7377501940110561,0.7947358653378687
16,4,2800,Bayesian ensemble,47.63658928195531,300,0.15878863093985104,2850.0,0.7459191495665131,0.7947358653378687
16,4,2800,Fixed pre-shift law,49.6126711153339,300,0.16537557038444634,2850.0,0.7459191495665131,0.7947358653378687
16,4,2800,Static geometry,46.511920764090696,300,0.15503973588030232,2850.0,0.7459191495665131,0.7947358653378687
16,4,2900,Bayesian ensemble,57.677592234573375,300,0.19225864078191124,2950.0,0.7564985260230841,0.7947358653378687
16,4,2900,Fixed pre-shift law,61.69533668151898,300,0.20565112227172994,2950.0,0.7564985260230841,0.7947358653378687
16,4,2900,Static geometry,60.40231962561891,300,0.2013410654187297,2950.0,0.7564985260230841,0.7947358653378687
16,4,3000,Bayesian ensemble,54.897175588679595,300,0.18299058529559864,3050.0,0.7530826247187773,0.7947358653378687
16,4,3000,Fixed pre-shift law,58.40906531082832,300,0.19469688436942773,3050.0,0.7530826247187773,0.7947358653378687
16,4,3000,Static geometry,57.72878970123744,300,0.19242929900412478,3050.0,0.7530826247187773,0.7947358653378687
16,4,3100,Bayesian ensemble,50.18785140134515,300,0.16729283800448383,3150.0,0.7510696341453357,0.7947358653378687
16,4,3100,Fixed pre-shift law,52.35062082238411,300,0.17450206940794702,3150.0,0.7510696341453357,0.7947358653378687
16,4,3100,Static geometry,50.29235773508796,300,0.1676411924502932,3150.0,0.7510696341453357,0.7947358653378687
16,4,3200,Bayesian ensemble,57.92369620906333,300,0.19307898736354442,3250.0,0.7450975088800809,0.7947358653378687
16,4,3200,Fixed pre-shift law,57.3142048149116,300,0.19104734938303866,3250.0,0.7450975088800809,0.7947358653378687
16,4,3200,Static geometry,56.542088660758964,300,0.18847362886919655,3250.0,0.7450975088800809,0.7947358653378687
16,4,3300,Bayesian ensemble,55.66175815830618,300,0.18553919386102058,3350.0,0.7394704833894528,0.7947358653378687
16,4,3300,Fixed pre-shift law,55.67319379323183,300,0.1855773126441061,3350.0,0.7394704833894528,0.7947358653378687
16,4,3300,Static geometry,54.66420909279854,300,0.18221403030932845,3350.0,0.7394704833894528,0.7947358653378687
16,4,3400,Bayesian ensemble,47.86704963789891,300,0.1595568321263297,3450.0,0.7353223496044644,0.7947358653378687
16,4,3400,Fixed pre-shift law,49.82181998671609,300,0.16607273328905364,3450.0,0.7353223496044644,0.7947358653378687
16,4,3400,Static geometry,47.27259006927354,300,0.1575753002309118,3450.0,0.7353223496044644,0.7947358653378687
16,4,3500,Bayesian ensemble,60.92990479409541,300,0.2030996826469847,3550.0,0.7232162275624023,0.7947358653378687
16,4,3500,Fixed pre-shift law,62.306042590181555,300,0.2076868086339385,3550.0,0.7232162275624023,0.7947358653378687
16,4,3500,Static geometry,63.39838558334137,300,0.21132795194447124,3550.0,0.7232162275624023,0.7947358653378687
16,4,3600,Bayesian ensemble,56.91237219237027,300,0.1897079073079009,3650.0,0.7135430767509251,0.7947358653378687
16,4,3600,Fixed pre-shift law,56.79633895636181,300,0.18932112985453936,3650.0,0.7135430767509251,0.7947358653378687
16,4,3600,Static geometry,56.43879989094348,300,0.1881293329698116,3650.0,0.7135430767509251,0.7947358653378687
16,4,3700,Bayesian ensemble,47.77280410669571,300,0.15924268035565237,3750.0,0.7192159533473891,0.7947358653378687
16,4,3700,Fixed pre-shift law,47.66706399589031,300,0.15889021331963438,3750.0,0.7192159533473891,0.7947358653378687
16,4,3700,Static geometry,47.45861405980375,300,0.15819538019934584,3750.0,0.7192159533473891,0.7947358653378687
16,4,3800,Bayesian ensemble,56.47107966459398,300,0.18823693221531326,3850.0,0.712060741616212,0.7947358653378687
16,4,3800,Fixed pre-shift law,64.64802602851807,300,0.21549342009506026,3850.0,0.712060741616212,0.7947358653378687
16,4,3800,Static geometry,63.67995329722031,300,0.21226651099073435,3850.0,0.712060741616212,0.7947358653378687
16,4,3900,Bayesian ensemble,48.80666347289459,300,0.16268887824298198,3950.0,0.7498746431395078,0.7947358653378687
16,4,3900,Fixed pre-shift law,50.94811992439372,300,0.16982706641464573,3950.0,0.7498746431395078,0.7947358653378687
16,4,3900,Static geometry,48.229282510430316,300,0.16076427503476773,3950.0,0.7498746431395078,0.7947358653378687
17,4,300,Bayesian ensemble,61.88059538957929,300,0.20626865129859764,350.0,0.5929710816352486,0.0462874066056844
17,4,300,Fixed pre-shift law,60.0659783937086,300,0.20021992797902866,350.0,0.5929710816352486,0.0462874066056844
17,4,300,Static geometry,60.29220588428876,300,0.20097401961429587,350.0,0.5929710816352486,0.0462874066056844
17,4,400,Bayesian ensemble,58.69486595056806,300,0.1956495531685602,450.0,0.5956591113461785,0.0462874066056844
17,4,400,Fixed pre-shift law,55.23274285935197,300,0.18410914286450658,450.0,0.5956591113461785,0.0462874066056844
17,4,400,Static geometry,56.14689060926075,300,0.18715630203086916,450.0,0.5956591113461785,0.0462874066056844
17,4,500,Bayesian ensemble,60.2053802184283,300,0.20068460072809435,550.0,0.5917222604616957,0.0462874066056844
17,4,500,Fixed pre-shift law,59.875379973132304,300,0.199584599910441,550.0,0.5917222604616957,0.0462874066056844
17,4,500,Static geometry,61.93643555664763,300,0.20645478518882543,550.0,0.5917222604616957,0.0462874066056844
17,4,600,Bayesian ensemble,59.45113443343969,300,0.19817044811146564,650.0,0.580004204460802,0.0462874066056844
17,4,600,Fixed pre-shift law,58.05348216756305,300,0.19351160722521016,650.0,0.580004204460802,0.0462874066056844
17,4,600,Static geometry,59.02007100715048,300,0.19673357002383493,650.0,0.580004204460802,0.0462874066056844
17,4,700,Bayesian ensemble,59.497961277716755,300,0.1983265375923892,750.0,0.5554612921468969,0.0462874066056844
17,4,700,Fixed pre-shift law,59.69241224775499,300,0.1989747074925166,750.0,0.5554612921468969,0.0462874066056844
17,4,700,Static geometry,59.561821930421246,300,0.1985394064347375,750.0,0.5554612921468969,0.0462874066056844
17,4,800,Bayesian ensemble,55.28454686206056,300,0.1842818228735352,850.0,0.5439018269080509,0.0462874066056844
17,4,800,Fixed pre-shift law,53.716121674983604,300,0.17905373891661203,850.0,0.5439018269080509,0.0462874066056844
17,4,800,Static geometry,53.449799900721054,300,0.17816599966907018,850.0,0.5439018269080509,0.0462874066056844
17,4,900,Bayesian ensemble,55.623070388463645,300,0.18541023462821216,950.0,0.5407829968144032,0.0462874066056844
17,4,900,Fixed pre-shift law,55.58977755456092,300,0.18529925851520307,950.0,0.5407829968144032,0.0462874066056844
17,4,900,Static geometry,55.78334806782816,300,0.1859444935594272,950.0,0.5407829968144032,0.0462874066056844
17,4,1000,Bayesian ensemble,53.3089039207459,300,0.17769634640248633,1050.0,0.5469268930201309,0.0462874066056844
17,4,1000,Fixed pre-shift law,52.136426289854725,300,0.1737880876328491,1050.0,0.5469268930201309,0.0462874066056844
17,4,1000,Static geometry,51.37141741104059,300,0.17123805803680198,1050.0,0.5469268930201309,0.0462874066056844
17,4,1100,Bayesian ensemble,55.275402899441765,300,0.18425134299813922,1150.0,0.5438527357127922,0.0462874066056844
17,4,1100,Fixed pre-shift law,53.52644199300758,300,0.17842147331002528,1150.0,0.5438527357127922,0.0462874066056844
17,4,1100,Static geometry,53.846804807989066,300,0.17948934935996355,1150.0,0.5438527357127922,0.0462874066056844
17,4,1200,Bayesian ensemble,59.52301079667128,300,0.19841003598890428,1250.0,0.5435612063334249,0.0462874066056844
17,4,1200,Fixed pre-shift law,59.63857862550222,300,0.1987952620850074,1250.0,0.5435612063334249,0.0462874066056844
17,4,1200,Static geometry,60.08232251388259,300,0.20027440837960864,1250.0,0.5435612063334249,0.0462874066056844
17,4,1300,Bayesian ensemble,52.769009894904016,300,0.17589669964968005,1350.0,0.5363262634584715,0.0462874066056844
17,4,1300,Fixed pre-shift law,51.60170457286865,300,0.17200568190956217,1350.0,0.5363262634584715,0.0462874066056844
17,4,1300,Static geometry,52.180688990738304,300,0.17393562996912768,1350.0,0.5363262634584715,0.0462874066056844
17,4,1400,Bayesian ensemble,52.82417707909085,300,0.17608059026363618,1450.0,0.5549100287859203,0.0462874066056844
17,4,1400,Fixed pre-shift law,50.47653652348558,300,0.1682551217449519,1450.0,0.5549100287859203,0.0462874066056844
17,4,1400,Static geometry,50.032646829994775,300,0.1667754894333159,1450.0,0.5549100287859203,0.0462874066056844
17,4,1500,Bayesian ensemble,55.757166372433545,300,0.18585722124144516,1550.0,0.5566108349414232,0.0462874066056844
17,4,1500,Fixed pre-shift law,55.18602191824185,300,0.18395340639413948,1550.0,0.5566108349414232,0.0462874066056844
17,4,1500,Static geometry,55.74184412397416,300,0.18580614707991386,1550.0,0.5566108349414232,0.0462874066056844
17,4,1600,Bayesian ensemble,59.18722888951534,300,0.19729076296505113,1650.0,0.5378922039748256,0.0462874066056844
17,4,1600,Fixed pre-shift law,57.387272264845954,300,0.19129090754948652,1650.0,0.5378922039748256,0.0462874066056844
17,4,1600,Static geometry,57.594726926420854,300,0.1919824230880695,1650.0,0.5378922039748256,0.0462874066056844
17,4,1700,Bayesian ensemble,51.99555266999826,300,0.1733185088999942,1750.0,0.5407926938431997,0.0462874066056844
17,4,1700,Fixed pre-shift law,51.174457323667944,300,0.1705815244122265,1750.0,0.5407926938431997,0.0462874066056844
17,4,1700,Static geometry,51.78185557074804,300,0.1726061852358268,1750.0,0.5407926938431997,0.0462874066056844
17,4,1800,Bayesian ensemble,55.52393700197929,300,0.18507979000659763,1850.0,0.550984343551733,0.0462874066056844
17,4,1800,Fixed pre-shift law,53.879759638279666,300,0.17959919879426556,1850.0,0.550984343551733,0.0462874066056844
17,4,1800,Static geometry,53.59618929352158,300,0.1786539643117386,1850.0,0.550984343551733,0.0462874066056844
17,4,1900,Bayesian ensemble,60.839946393303066,300,0.2027998213110102,1950.0,0.5440902633911122,0.0462874066056844
17,4,1900,Fixed pre-shift law,59.86943726283375,300,0.1995647908761125,1950.0,0.5440902633911122,0.0462874066056844
17,4,1900,Static geometry,61.42300958786439,300,0.2047433652928813,1950.0,0.5440902633911122,0.0462874066056844
17,4,2000,Bayesian ensemble,47.96919050074924,300,0.15989730166916413,2050.0,0.5650344573131454,0.8440627513044852
17,4,2000,Fixed pre-shift law,48.02114393544881,300,0.16007047978482938,2050.0,0.5650344573131454,0.8440627513044852
17,4,2000,Static geometry,48.28015813214916,300,0.1609338604404972,2050.0,0.5650344573131454,0.8440627513044852
17,4,2100,Bayesian ensemble,60.221448851566485,300,0.20073816283855495,2150.0,0.6455335951645353,0.8440627513044852
17,4,2100,Fixed pre-shift law,64.07343661763058,300,0.21357812205876858,2150.0,0.6455335951645353,0.8440627513044852
17,4,2100,Static geometry,63.964505734015376,300,0.21321501911338459,2150.0,0.6455335951645353,0.8440627513044852
17,4,2200,Bayesian ensemble,55.738451437535105,300,0.18579483812511702,2250.0,0.6913420602766414,0.8440627513044852
17,4,2200,Fixed pre-shift law,56.2670912709248,300,0.18755697090308268,2250.0,0.6913420602766414,0.8440627513044852
17,4,2200,Static geometry,57.201448655126754,300,0.19067149551708917,2250.0,0.6913420602766414,0.8440627513044852
17,4,2300,Bayesian ensemble,60.36892795691892,300,0.20122975985639638,2350.0,0.6904067368753634,0.8440627513044852
17,4,2300,Fixed pre-shift law,56.45974239307426,300,0.18819914131024754,2350.0,0.6904067368753634,0.8440627513044852
17,4,2300,Static geometry,56.585285337388186,300,0.18861761779129396,2350.0,0.6904067368753634,0.8440627513044852
17,4,2400,Bayesian ensemble,52.43162048847338,300,0.17477206829491126,2450.0,0.7162645492481938,0.8440627513044852
17,4,2400,Fixed pre-shift law,52.72183676323711,300,0.175739455877457,2450.0,0.7162645492481938,0.8440627513044852
17,4,2400,Static geometry,51.523561016619745,300,0.17174520338873248,2450.0,0.7162645492481938,0.8440627513044852
17,4,2500,Bayesian ensemble,45.82961840291529,300,0.15276539467638428,2550.0,0.7348671591949575,0.8440627513044852
17,4,2500,Fixed pre-shift law,45.961205131500954,300,0.15320401710500317,2550.0,0.7348671591949575,0.8440627513044852
17,4,2500,Static geometry,45.06426297966419,300,0.150214209932214,2550.0,0.7348671591949575,0.8440627513044852
17,4,2600,Bayesian ensemble,52.45999067832711,300,0.1748666355944237,2650.0,0.7664694944804367,0.8440627513044852
17,4,2600,Fixed pre-shift law,53.28549494602222,300,0.17761831648674073,2650.0,0.7664694944804367,0.8440627513044852
17,4,2600,Static geometry,52.681877820639905,300,0.175606259402133,2650.0,0.7664694944804367,0.8440627513044852
17,4,2700,Bayesian ensemble,49.54142575974442,300,0.16513808586581474,2750.0,0.7744466978378436,0.8440627513044852
17,4,2700,Fixed pre-shift law,56.39138278151637,300,0.1879712759383879,2750.0,0.7744466978378436,0.8440627513044852
17,4,2700,Static geometry,54.86998901204293,300,0.18289996337347644,2750.0,0.7744466978378436,0.8440627513044852
17,4,2800,Bayesian ensemble,57.56566672592887,300,0.19188555575309624,2850.0,0.7764222991735391,0.8440627513044852
17,4,2800,Fixed pre-shift law,57.45313439494111,300,0.19151044798313704,2850.0,0.7764222991735391,0.8440627513044852
17,4,2800,Static geometry,57.56645138817829,300,0.19188817129392763,2850.0,0.7764222991735391,0.8440627513044852
17,4,2900,Bayesian ensemble,43.591011139499436,300,0.1453033704649981,2950.0,0.7769200679112932,0.8440627513044852
17,4,2900,Fixed pre-shift law,44.999526717175975,300,0.14999842239058658,2950.0,0.7769200679112932,0.8440627513044852
17,4,2900,Static geometry,44.541702929881104,300,0.1484723430996037,2950.0,0.7769200679112932,0.8440627513044852
17,4,3000,Bayesian ensemble,52.16244862963317,300,0.17387482876544388,3050.0,0.7764806782398235,0.8440627513044852
17,4,3000,Fixed pre-shift law,50.869205831677625,300,0.1695640194389254,3050.0,0.7764806782398235,0.8440627513044852
17,4,3000,Static geometry,50.69459140727682,300,0.16898197135758938,3050.0,0.7764806782398235,0.8440627513044852
17,4,3100,Bayesian ensemble,50.04076197664308,300,0.1668025399221436,3150.0,0.7641637649583245,0.8440627513044852
17,4,3100,Fixed pre-shift law,49.75342480151012,300,0.16584474933836707,3150.0,0.7641637649583245,0.8440627513044852
17,4,3100,Static geometry,49.59686617887544,300,0.16532288726291813,3150.0,0.7641637649583245,0.8440627513044852
17,4,3200,Bayesian ensemble,53.14128003151404,300,0.1771376001050468,3250.0,0.7637803342969656,0.8440627513044852
17,4,3200,Fixed pre-shift law,52.03405950652079,300,0.17344686502173598,3250.0,0.7637803342969656,0.8440627513044852
17,4,3200,Static geometry,50.93602481589252,300,0.16978674938630842,3250.0,0.7637803342969656,0.8440627513044852
17,4,3300,Bayesian ensemble,40.55826196237798,300,0.13519420654125994,3350.0,0.763285426715542,0.8440627513044852
17,4,3300,Fixed pre-shift law,45.09667240270179,300,0.15032224134233932,3350.0,0.763285426715542,0.8440627513044852
17,4,3300,Static geometry,43.33732927111454,300,0.14445776423704848,3350.0,0.763285426715542,0.8440627513044852
17,4,3400,Bayesian ensemble,46.515508382915094,300,0.155051694609717,3450.0,0.7660965820229023,0.8440627513044852
17,4,3400,Fixed pre-shift law,46.773231607201055,300,0.15591077202400352,3450.0,0.7660965820229023,0.8440627513044852
17,4,3400,Static geometry,46.65549445620671,300,0.15551831485402237,3450.0,0.7660965820229023,0.8440627513044852
17,4,3500,Bayesian ensemble,50.30508474082057,300,0.16768361580273522,3550.0,0.756613680781238,0.8440627513044852
17,4,3500,Fixed pre-shift law,51.88409766057242,300,0.17294699220190807,3550.0,0.756613680781238,0.8440627513044852
17,4,3500,Static geometry,50.76867009057335,300,0.16922890030191118,3550.0,0.756613680781238,0.8440627513044852
17,4,3600,Bayesian ensemble,46.82312914626388,300,0.15607709715421295,3650.0,0.7618323493653493,0.8440627513044852
17,4,3600,Fixed pre-shift law,48.20896123407212,300,0.16069653744690707,3650.0,0.7618323493653493,0.8440627513044852
17,4,3600,Static geometry,47.06111037609709,300,0.15687036792032363,3650.0,0.7618323493653493,0.8440627513044852
17,4,3700,Bayesian ensemble,53.602651974739594,300,0.1786755065824653,3750.0,0.764676154503407,0.8440627513044852
17,4,3700,Fixed pre-shift law,60.90252257757952,300,0.20300840859193173,3750.0,0.764676154503407,0.8440627513044852
17,4,3700,Static geometry,60.21407357447846,300,0.2007135785815949,3750.0,0.764676154503407,0.8440627513044852
17,4,3800,Bayesian ensemble,57.572456383342164,300,0.19190818794447387,3850.0,0.7588278393795928,0.8440627513044852
17,4,3800,Fixed pre-shift law,60.57111125429868,300,0.2019037041809956,3850.0,0.7588278393795928,0.8440627513044852
17,4,3800,Static geometry,60.873628053839205,300,0.20291209351279735,3850.0,0.7588278393795928,0.8440627513044852
17,4,3900,Bayesian ensemble,51.2769409013287,300,0.17092313633776232,3950.0,0.7831158826464659,0.8440627513044852
17,4,3900,Fixed pre-shift law,48.76619896776743,300,0.16255399655922476,3950.0,0.7831158826464659,0.8440627513044852
17,4,3900,Static geometry,47.89328651204714,300,0.15964428837349046,3950.0,0.7831158826464659,0.8440627513044852
18,4,300,Bayesian ensemble,60.36377324349668,300,0.20121257747832227,350.0,0.540183343923326,-0.15238405892214194
18,4,300,Fixed pre-shift law,57.96808239659908,300,0.19322694132199694,350.0,0.540183343923326,-0.15238405892214194
18,4,300,Static geometry,58.94025119009933,300,0.19646750396699778,350.0,0.540183343923326,-0.15238405892214194
18,4,400,Bayesian ensemble,65.03551922135252,300,0.21678506407117507,450.0,0.5328551771424788,-0.15238405892214194
18,4,400,Fixed pre-shift law,64.0374527092421,300,0.2134581756974737,450.0,0.5328551771424788,-0.15238405892214194
18,4,400,Static geometry,67.84120225271835,300,0.22613734084239448,450.0,0.5328551771424788,-0.15238405892214194
18,4,500,Bayesian ensemble,55.53895128886225,300,0.18512983762954083,550.0,0.5419312974655179,-0.15238405892214194
18,4,500,Fixed pre-shift law,54.482814542554465,300,0.18160938180851488,550.0,0.5419312974655179,-0.15238405892214194
18,4,500,Static geometry,54.92557781510296,300,0.18308525938367654,550.0,0.5419312974655179,-0.15238405892214194
18,4,600,Bayesian ensemble,65.18594597602224,300,0.2172864865867408,650.0,0.5207135708538937,-0.15238405892214194
18,4,600,Fixed pre-shift law,63.69905081777803,300,0.21233016939259344,650.0,0.5207135708538937,-0.15238405892214194
18,4,600,Static geometry,64.75943632819326,300,0.2158647877606442,650.0,0.5207135708538937,-0.15238405892214194
18,4,700,Bayesian ensemble,62.987061393435,300,0.20995687131145,750.0,0.5087659618765179,-0.15238405892214194
18,4,700,Fixed pre-shift law,61.68644631577368,300,0.2056214877192456,750.0,0.5087659618765179,-0.15238405892214194
18,4,700,Static geometry,63.12344810882966,300,0.21041149369609888,750.0,0.5087659618765179,-0.15238405892214194
18,4,800,Bayesian ensemble,57.23101533274799,300,0.19077005110915995,850.0,0.5094930297429848,-0.15238405892214194
18,4,800,Fixed pre-shift law,56.12312218589948,300,0.18707707395299827,850.0,0.5094930297429848,-0.15238405892214194
18,4,800,Static geometry,56.052516480271855,300,0.18684172160090617,850.0,0.5094930297429848,-0.15238405892214194
18,4,900,Bayesian ensemble,60.207394673690445,300,0.20069131557896816,950.0,0.5256688582288668,-0.15238405892214194
18,4,900,Fixed pre-shift law,59.58202104646779,300,0.1986067368215593,950.0,0.5256688582288668,-0.15238405892214194
18,4,900,Static geometry,61.64195876843114,300,0.20547319589477045,950.0,0.5256688582288668,-0.15238405892214194
18,4,1000,Bayesian ensemble,59.15933160809902,300,0.19719777202699673,1050.0,0.5225772016444886,-0.15238405892214194
18,4,1000,Fixed pre-shift law,59.1959458495301,300,0.19731981949843366,1050.0,0.5225772016444886,-0.15238405892214194
18,4,1000,Static geometry,60.01386799560275,300,0.20004622665200916,1050.0,0.5225772016444886,-0.15238405892214194
18,4,1100,Bayesian ensemble,62.172200727287034,300,0.2072406690909568,1150.0,0.5260815332541277,-0.15238405892214194
18,4,1100,Fixed pre-shift law,60.12363398505092,300,0.20041211328350308,1150.0,0.5260815332541277,-0.15238405892214194
18,4,1100,Static geometry,61.524233651651976,300,0.2050807788388399,1150.0,0.5260815332541277,-0.15238405892214194
18,4,1200,Bayesian ensemble,56.302070488532735,300,0.18767356829510912,1250.0,0.5026297875318099,-0.15238405892214194
18,4,1200,Fixed pre-shift law,54.9882900920809,300,0.18329430030693633,1250.0,0.5026297875318099,-0.15238405892214194
18,4,1200,Static geometry,54.27132393170487,300,0.1809044131056829,1250.0,0.5026297875318099,-0.15238405892214194
18,4,1300,Bayesian ensemble,60.34340337157268,300,0.20114467790524226,1350.0,0.5189958773839585,-0.15238405892214194
18,4,1300,Fixed pre-shift law,59.14374412520726,300,0.19714581375069087,1350.0,0.5189958773839585,-0.15238405892214194
18,4,1300,Static geometry,59.688609781694836,300,0.19896203260564946,1350.0,0.5189958773839585,-0.15238405892214194
18,4,1400,Bayesian ensemble,59.54065349827656,300,0.1984688449942552,1450.0,0.5103892604791632,-0.15238405892214194
18,4,1400,Fixed pre-shift law,58.240662353599156,300,0.19413554117866386,1450.0,0.5103892604791632,-0.15238405892214194
18,4,1400,Static geometry,60.72558299411402,300,0.20241860998038008,1450.0,0.5103892604791632,-0.15238405892214194
18,4,1500,Bayesian ensemble,66.83872603946541,300,0.2227957534648847,1550.0,0.49777441079971235,-0.15238405892214194
18,4,1500,Fixed pre-shift law,65.62166269416475,300,0.21873887564721584,1550.0,0.49777441079971235,-0.15238405892214194
18,4,1500,Static geometry,68.5495481556995,300,0.22849849385233165,1550.0,0.49777441079971235,-0.15238405892214194
18,4,1600,Bayesian ensemble,53.99575835530807,300,0.17998586118436022,1650.0,0.4946811678855687,-0.15238405892214194
18,4,1600,Fixed pre-shift law,52.9580699835927,300,0.176526899945309,1650.0,0.4946811678855687,-0.15238405892214194
18,4,1600,Static geometry,52.811287611370425,300,0.17603762537123474,1650.0,0.4946811678855687,-0.15238405892214194
18,4,1700,Bayesian ensemble,54.42728576395508,300,0.18142428587985027,1750.0,0.5060147847007294,-0.15238405892214194
18,4,1700,Fixed pre-shift law,53.31758238184767,300,0.17772527460615892,1750.0,0.5060147847007294,-0.15238405892214194
18,4,1700,Static geometry,53.74081083876977,300,0.17913603612923257,1750.0,0.5060147847007294,-0.15238405892214194
18,4,1800,Bayesian ensemble,60.55262904233208,300,0.2018420968077736,1850.0,0.508476021275265,-0.15238405892214194
18,4,1800,Fixed pre-shift law,59.41187165407774,300,0.19803957218025914,1850.0,0.508476021275265,-0.15238405892214194
18,4,1800,Static geometry,61.35468768963886,300,0.20451562563212952,1850.0,0.508476021275265,-0.15238405892214194
18,4,1900,Bayesian ensemble,57.335217907498446,300,0.1911173930249948,1950.0,0.5114034837643467,-0.15238405892214194
18,4,1900,Fixed pre-shift law,57.495950804398305,300,0.19165316934799434,1950.0,0.5114034837643467,-0.15238405892214194
18,4,1900,Static geometry,59.36449597107536,300,0.19788165323691786,1950.0,0.5114034837643467,-0.15238405892214194
18,4,2000,Bayesian ensemble,66.84682129430371,300,0.22282273764767904,2050.0,0.532025121612643,0.7870729243946738
18,4,2000,Fixed pre-shift law,64.1283167184033,300,0.213761055728011,2050.0,0.532025121612643,0.7870729243946738
18,4,2000,Static geometry,65.14127693057918,300,0.21713758976859726,2050.0,0.532025121612643,0.7870729243946738
18,4,2100,Bayesian ensemble,55.93540624462503,300,0.18645135414875008,2150.0,0.5969654142220822,0.7870729243946738
18,4,2100,Fixed pre-shift law,58.71577898186443,300,0.19571926327288144,2150.0,0.5969654142220822,0.7870729243946738
18,4,2100,Static geometry,56.886337175546394,300,0.18962112391848798,2150.0,0.5969654142220822,0.7870729243946738
18,4,2200,Bayesian ensemble,54.277228072338396,300,0.18092409357446132,2250.0,0.6617741038606069,0.7870729243946738
18,4,2200,Fixed pre-shift law,52.083789422650725,300,0.17361263140883576,2250.0,0.6617741038606069,0.7870729243946738
18,4,2200,Static geometry,50.37205593499619,300,0.16790685311665396,2250.0,0.6617741038606069,0.7870729243946738
18,4,2300,Bayesian ensemble,59.52168885707946,300,0.1984056295235982,2350.0,0.6693810676985233,0.7870729243946738
18,4,2300,Fixed pre-shift law,58.768768448775155,300,0.19589589482925052,2350.0,0.6693810676985233,0.7870729243946738
18,4,2300,Static geometry,58.225253091923754,300,0.19408417697307917,2350.0,0.6693810676985233,0.7870729243946738
18,4,2400,Bayesian ensemble,61.036050583046936,300,0.2034535019434898,2450.0,0.656947936474605,0.7870729243946738
18,4,2400,Fixed pre-shift law,64.3557925299013,300,0.21451930843300432,2450.0,0.656947936474605,0.7870729243946738
18,4,2400,Static geometry,64.1252546155262,300,0.21375084871842068,2450.0,0.656947936474605,0.7870729243946738
18,4,2500,Bayesian ensemble,55.33372252915173,300,0.1844457417638391,2550.0,0.6966608265185756,0.7870729243946738
18,4,2500,Fixed pre-shift law,60.707940937022556,300,0.2023598031234085,2550.0,0.6966608265185756,0.7870729243946738
18,4,2500,Static geometry,59.62023552212262,300,0.1987341184070754,2550.0,0.6966608265185756,0.7870729243946738
18,4,2600,Bayesian ensemble,58.73975134343018,300,0.19579917114476728,2650.0,0.7193889068422251,0.7870729243946738
18,4,2600,Fixed pre-shift law,58.350831101150234,300,0.19450277033716745,2650.0,0.7193889068422251,0.7870729243946738
18,4,2600,Static geometry,57.61954071770753,300,0.19206513572569175,2650.0,0.7193889068422251,0.7870729243946738
18,4,2700,Bayesian ensemble,54.12055153558644,300,0.18040183845195482,2750.0,0.7113207175832744,0.7870729243946738
18,4,2700,Fixed pre-shift law,52.91358087423379,300,0.17637860291411261,2750.0,0.7113207175832744,0.7870729243946738
18,4,2700,Static geometry,51.71134507422422,300,0.17237115024741406,2750.0,0.7113207175832744,0.7870729243946738
18,4,2800,Bayesian ensemble,47.25718827160109,300,0.15752396090533696,2850.0,0.7082759113699205,0.7870729243946738
18,4,2800,Fixed pre-shift law,48.250546260444885,300,0.16083515420148295,2850.0,0.7082759113699205,0.7870729243946738
18,4,2800,Static geometry,46.4694433302282,300,0.154898144434094,2850.0,0.7082759113699205,0.7870729243946738
18,4,2900,Bayesian ensemble,63.202584739802276,300,0.21067528246600759,2950.0,0.7085411665232576,0.7870729243946738
18,4,2900,Fixed pre-shift law,60.54610059701807,300,0.20182033532339355,2950.0,0.7085411665232576,0.7870729243946738
18,4,2900,Static geometry,61.566087662075276,300,0.2052202922069176,2950.0,0.7085411665232576,0.7870729243946738
18,4,3000,Bayesian ensemble,53.04456889531612,300,0.17681522965105373,3050.0,0.7198373857182212,0.7870729243946738
18,4,3000,Fixed pre-shift law,52.19487824864939,300,0.17398292749549796,3050.0,0.7198373857182212,0.7870729243946738
18,4,3000,Static geometry,50.51737425628867,300,0.16839124752096224,3050.0,0.7198373857182212,0.7870729243946738
18,4,3100,Bayesian ensemble,53.149006033696665,300,0.17716335344565556,3150.0,0.7239669562982138,0.7870729243946738
18,4,3100,Fixed pre-shift law,52.49323881913991,300,0.17497746273046638,3150.0,0.7239669562982138,0.7870729243946738
18,4,3100,Static geometry,52.367286617478484,300,0.1745576220582616,3150.0,0.7239669562982138,0.7870729243946738
18,4,3200,Bayesian ensemble,51.91400194520027,300,0.17304667315066757,3250.0,0.7125495431373406,0.7870729243946738
18,4,3200,Fixed pre-shift law,53.6023301346355,300,0.17867443378211834,3250.0,0.7125495431373406,0.7870729243946738
18,4,3200,Static geometry,50.69769625012779,300,0.1689923208337593,3250.0,0.7125495431373406,0.7870729243946738
18,4,3300,Bayesian ensemble,50.62053924070503,300,0.1687351308023501,3350.0,0.7113466784678308,0.7870729243946738
18,4,3300,Fixed pre-shift law,53.00447094723404,300,0.17668156982411345,3350.0,0.7113466784678308,0.7870729243946738
18,4,3300,Static geometry,52.05808329109951,300,0.17352694430366503,3350.0,0.7113466784678308,0.7870729243946738
18,4,3400,Bayesian ensemble,56.43211631397155,300,0.18810705437990516,3450.0,0.7103059407167877,0.7870729243946738
18,4,3400,Fixed pre-shift law,58.811710957008536,300,0.1960390365233618,3450.0,0.7103059407167877,0.7870729243946738
18,4,3400,Static geometry,57.47340598782443,300,0.19157801995941476,3450.0,0.7103059407167877,0.7870729243946738
18,4,3500,Bayesian ensemble,56.36972181540623,300,0.18789907271802075,3550.0,0.7117175736007372,0.7870729243946738
18,4,3500,Fixed pre-shift law,56.24391763867816,300,0.18747972546226055,3550.0,0.7117175736007372,0.7870729243946738
18,4,3500,Static geometry,55.130377521853276,300,0.18376792507284426,3550.0,0.7117175736007372,0.7870729243946738
18,4,3600,Bayesian ensemble,42.07811969301958,300,0.14026039897673193,3650.0,0.7168001617889485,0.7870729243946738
18,4,3600,Fixed pre-shift law,44.80714899100732,300,0.14935716330335772,3650.0,0.7168001617889485,0.7870729243946738
18,4,3600,Static geometry,42.225713747378876,300,0.1407523791579296,3650.0,0.7168001617889485,0.7870729243946738
18,4,3700,Bayesian ensemble,57.86681893856177,300,0.19288939646187256,3750.0,0.7165896363658436,0.7870729243946738
18,4,3700,Fixed pre-shift law,54.59682357573299,300,0.18198941191910997,3750.0,0.7165896363658436,0.7870729243946738
18,4,3700,Static geometry,54.076602730886,300,0.1802553424362867,3750.0,0.7165896363658436,0.7870729243946738
18,4,3800,Bayesian ensemble,59.686402256326325,300,0.19895467418775442,3850.0,0.7235451790611465,0.7870729243946738
18,4,3800,Fixed pre-shift law,56.85103655689038,300,0.1895034551896346,3850.0,0.7235451790611465,0.7870729243946738
18,4,3800,Static geometry,56.432760529576115,300,0.18810920176525373,3850.0,0.7235451790611465,0.7870729243946738
18,4,3900,Bayesian ensemble,48.2437877988914,300,0.16081262599630466,3950.0,0.7173002862527844,0.7870729243946738
18,4,3900,Fixed pre-shift law,48.03435322693631,300,0.16011451075645436,3950.0,0.7173002862527844,0.7870729243946738
18,4,3900,Static geometry,46.66667552177049,300,0.1555555850725683,3950.0,0.7173002862527844,0.7870729243946738
19,4,300,Bayesian ensemble,58.81244556449204,300,0.19604148521497347,350.0,0.5352287787975165,-0.014995574365030073
19,4,300,Fixed pre-shift law,56.988864431122366,300,0.18996288143707454,350.0,0.5352287787975165,-0.014995574365030073
19,4,300,Static geometry,57.69907069607364,300,0.1923302356535788,350.0,0.5352287787975165,-0.014995574365030073
19,4,400,Bayesian ensemble,56.621043551200145,300,0.18873681183733382,450.0,0.5237984866166143,-0.014995574365030073
19,4,400,Fixed pre-shift law,54.56842092642742,300,0.18189473642142473,450.0,0.5237984866166143,-0.014995574365030073
19,4,400,Static geometry,54.542959968776046,300,0.18180986656258682,450.0,0.5237984866166143,-0.014995574365030073
19,4,500,Bayesian ensemble,58.918645110575255,300,0.1963954837019175,550.0,0.5276904545194872,-0.014995574365030073
19,4,500,Fixed pre-shift law,57.65510430663393,300,0.1921836810221131,550.0,0.5276904545194872,-0.014995574365030073
19,4,500,Static geometry,58.264392875861056,300,0.19421464291953686,550.0,0.5276904545194872,-0.014995574365030073
19,4,600,Bayesian ensemble,56.40049979096348,300,0.18800166596987827,650.0,0.5248281154266123,-0.014995574365030073
19,4,600,Fixed pre-shift law,55.11689652101017,300,0.18372298840336723,650.0,0.5248281154266123,-0.014995574365030073
19,4,600,Static geometry,54.81618131420147,300,0.1827206043806716,650.0,0.5248281154266123,-0.014995574365030073
19,4,700,Bayesian ensemble,53.616157719757304,300,0.17872052573252434,750.0,0.5243801077360558,-0.014995574365030073
19,4,700,Fixed pre-shift law,53.21749971132214,300,0.17739166570440715,750.0,0.5243801077360558,-0.014995574365030073
19,4,700,Static geometry,52.72710791413211,300,0.17575702638044038,750.0,0.5243801077360558,-0.014995574365030073
19,4,800,Bayesian ensemble,57.757011236873375,300,0.1925233707895779,850.0,0.5366026455691921,-0.014995574365030073
19,4,800,Fixed pre-shift law,56.82940587465366,300,0.1894313529155122,850.0,0.5366026455691921,-0.014995574365030073
19,4,800,Static geometry,56.39090742247345,300,0.18796969140824482,850.0,0.5366026455691921,-0.014995574365030073
19,4,900,Bayesian ensemble,57.10432453552096,300,0.19034774845173652,950.0,0.5375891406490426,-0.014995574365030073
19,4,900,Fixed pre-shift law,56.00291146510395,300,0.1866763715503465,950.0,0.5375891406490426,-0.014995574365030073
19,4,900,Static geometry,56.55272961613215,300,0.1885090987204405,950.0,0.5375891406490426,-0.014995574365030073
19,4,1000,Bayesian ensemble,55.504898519914434,300,0.18501632839971477,1050.0,0.5262812399465931,-0.014995574365030073
19,4,1000,Fixed pre-shift law,55.05622313654694,300,0.1835207437884898,1050.0,0.5262812399465931,-0.014995574365030073
19,4,1000,Static geometry,55.83358121019278,300,0.18611193736730927,1050.0,0.5262812399465931,-0.014995574365030073
19,4,1100,Bayesian ensemble,58.439599078115734,300,0.1947986635937191,1150.0,0.5149075866438332,-0.014995574365030073
19,4,1100,Fixed pre-shift law,57.39495755613987,300,0.1913165251871329,1150.0,0.5149075866438332,-0.014995574365030073
19,4,1100,Static geometry,57.78054809344133,300,0.19260182697813777,1150.0,0.5149075866438332,-0.014995574365030073
19,4,1200,Bayesian ensemble,63.65477684609959,300,0.2121825894869986,1250.0,0.5208321018089707,-0.014995574365030073
19,4,1200,Fixed pre-shift law,62.80103171037871,300,0.20933677236792902,1250.0,0.5208321018089707,-0.014995574365030073
19,4,1200,Static geometry,62.20608330152503,300,0.20735361100508343,1250.0,0.5208321018089707,-0.014995574365030073
19,4,1300,Bayesian ensemble,63.02883412882957,300,0.21009611376276524,1350.0,0.5108286513076173,-0.014995574365030073
19,4,1300,Fixed pre-shift law,62.33368664798566,300,0.20777895549328554,1350.0,0.5108286513076173,-0.014995574365030073
19,4,1300,Static geometry,62.147814073319175,300,0.20715938024439726,1350.0,0.5108286513076173,-0.014995574365030073
19,4,1400,Bayesian ensemble,54.336071439911336,300,0.1811202381330378,1450.0,0.5119523498567495,-0.014995574365030073
19,4,1400,Fixed pre-shift law,53.858362851663486,300,0.1795278761722116,1450.0,0.5119523498567495,-0.014995574365030073
19,4,1400,Static geometry,53.20916111413444,300,0.17736387038044812,1450.0,0.5119523498567495,-0.014995574365030073
19,4,1500,Bayesian ensemble,58.12359822983254,300,0.19374532743277512,1550.0,0.5199771312240344,-0.014995574365030073
19,4,1500,Fixed pre-shift law,57.449642325986304,300,0.19149880775328768,1550.0,0.5199771312240344,-0.014995574365030073
19,4,1500,Static geometry,57.45289964594368,300,0.19150966548647894,1550.0,0.5199771312240344,-0.014995574365030073
19,4,1600,Bayesian ensemble,68.89235734646068,300,0.22964119115486895,1650.0,0.5042266681373513,-0.014995574365030073
19,4,1600,Fixed pre-shift law,68.41424839044747,300,0.2280474946348249,1650.0,0.5042266681373513,-0.014995574365030073
19,4,1600,Static geometry,69.94354502469024,300,0.2331451500823008,1650.0,0.5042266681373513,-0.014995574365030073
19,4,1700,Bayesian ensemble,60.05154353338601,300,0.20017181177795337,1750.0,0.4911977402361258,-0.014995574365030073
19,4,1700,Fixed pre-shift law,59.03156134789475,300,0.19677187115964917,1750.0,0.4911977402361258,-0.014995574365030073
19,4,1700,Static geometry,59.567095065672376,300,0.19855698355224125,1750.0,0.4911977402361258,-0.014995574365030073
19,4,1800,Bayesian ensemble,64.83459330556776,300,0.21611531101855921,1850.0,0.4957310368629011,-0.014995574365030073
19,4,1800,Fixed pre-shift law,63.75392249954862,300,0.2125130749984954,1850.0,0.4957310368629011,-0.014995574365030073
19,4,1800,Static geometry,63.46604809761685,300,0.21155349365872284,1850.0,0.4957310368629011,-0.014995574365030073
19,4,1900,Bayesian ensemble,56.313821519403845,300,0.1877127383980128,1950.0,0.5038796398837868,-0.014995574365030073
19,4,1900,Fixed pre-shift law,55.107418872578,300,0.18369139624192668,1950.0,0.5038796398837868,-0.014995574365030073
19,4,1900,Static geometry,55.06672584204319,300,0.18355575280681063,1950.0,0.5038796398837868,-0.014995574365030073
19,4,2000,Bayesian ensemble,58.649711094511346,300,0.19549903698170448,2050.0,0.5549399124358999,0.8356538536053263
19,4,2000,Fixed pre-shift law,59.027041124684324,300,0.19675680374894775,2050.0,0.5549399124358999,0.8356538536053263
19,4,2000,Static geometry,58.738395837490856,300,0.1957946527916362,2050.0,0.5549399124358999,0.8356538536053263
19,4,2100,Bayesian ensemble,59.925300942391424,300,0.19975100314130476,2150.0,0.6257608304619776,0.8356538536053263
19,4,2100,Fixed pre-shift law,57.87279397693347,300,0.19290931325644492,2150.0,0.6257608304619776,0.8356538536053263
19,4,2100,Static geometry,57.830827468488515,300,0.1927694248949617,2150.0,0.6257608304619776,0.8356538536053263
19,4,2200,Bayesian ensemble,54.92779659546118,300,0.18309265531820393,2250.0,0.6311633201373149,0.8356538536053263
19,4,2200,Fixed pre-shift law,53.766329877424766,300,0.17922109959141588,2250.0,0.6311633201373149,0.8356538536053263
19,4,2200,Static geometry,53.24220961467463,300,0.17747403204891543,2250.0,0.6311633201373149,0.8356538536053263
19,4,2300,Bayesian ensemble,55.847579099489394,300,0.18615859699829798,2350.0,0.6658743514171763,0.8356538536053263
19,4,2300,Fixed pre-shift law,54.738807876160315,300,0.18246269292053438,2350.0,0.6658743514171763,0.8356538536053263
19,4,2300,Static geometry,54.45985099753638,300,0.1815328366584546,2350.0,0.6658743514171763,0.8356538536053263
19,4,2400,Bayesian ensemble,52.78894363609183,300,0.17596314545363942,2450.0,0.6892632965641308,0.8356538536053263
19,4,2400,Fixed pre-shift law,52.24715673338622,300,0.17415718911128739,2450.0,0.6892632965641308,0.8356538536053263
19,4,2400,Static geometry,51.00340805899076,300,0.17001136019663585,2450.0,0.6892632965641308,0.8356538536053263
19,4,2500,Bayesian ensemble,58.54731499041518,300,0.19515771663471726,2550.0,0.7063402295690113,0.8356538536053263
19,4,2500,Fixed pre-shift law,59.545823145361275,300,0.19848607715120425,2550.0,0.7063402295690113,0.8356538536053263
19,4,2500,Static geometry,59.197933075420096,300,0.19732644358473364,2550.0,0.7063402295690113,0.8356538536053263
19,4,2600,Bayesian ensemble,60.48468487027152,300,0.2016156162342384,2650.0,0.73456649826616,0.8356538536053263
19,4,2600,Fixed pre-shift law,60.45654200147328,300,0.2015218066715776,2650.0,0.73456649826616,0.8356538536053263
19,4,2600,Static geometry,60.69348639813519,300,0.2023116213271173,2650.0,0.73456649826616,0.8356538536053263
19,4,2700,Bayesian ensemble,59.149606499305555,300,0.19716535499768517,2750.0,0.739783683982451,0.8356538536053263
19,4,2700,Fixed pre-shift law,61.99231370549436,300,0.2066410456849812,2750.0,0.739783683982451,0.8356538536053263
19,4,2700,Static geometry,62.0045437255186,300,0.20668181241839534,2750.0,0.739783683982451,0.8356538536053263
19,4,2800,Bayesian ensemble,54.730454206917756,300,0.1824348473563925,2850.0,0.7525593097596848,0.8356538536053263
19,4,2800,Fixed pre-shift law,52.42912914290785,300,0.17476376380969283,2850.0,0.7525593097596848,0.8356538536053263
19,4,2800,Static geometry,51.16560701771838,300,0.17055202339239459,2850.0,0.7525593097596848,0.8356538536053263
19,4,2900,Bayesian ensemble,56.041124763444316,300,0.18680374921148105,2950.0,0.7314309941898073,0.8356538536053263
19,4,2900,Fixed pre-shift law,54.911084512355636,300,0.18303694837451878,2950.0,0.7314309941898073,0.8356538536053263
19,4,2900,Static geometry,55.090953546183094,300,0.1836365118206103,2950.0,0.7314309941898073,0.8356538536053263
19,4,3000,Bayesian ensemble,52.37927710766621,300,0.17459759035888736,3050.0,0.7499501526778245,0.8356538536053263
19,4,3000,Fixed pre-shift law,53.296991825601744,300,0.1776566394186725,3050.0,0.7499501526778245,0.8356538536053263
19,4,3000,Static geometry,53.00732233038631,300,0.17669107443462104,3050.0,0.7499501526778245,0.8356538536053263
19,4,3100,Bayesian ensemble,52.08054898816629,300,0.17360182996055432,3150.0,0.7540715636829965,0.8356538536053263
19,4,3100,Fixed pre-shift law,52.68658876458086,300,0.17562196254860288,3150.0,0.7540715636829965,0.8356538536053263
19,4,3100,Static geometry,51.049558907941886,300,0.1701651963598063,3150.0,0.7540715636829965,0.8356538536053263
19,4,3200,Bayesian ensemble,49.420918832575126,300,0.16473639610858376,3250.0,0.7664122554780711,0.8356538536053263
19,4,3200,Fixed pre-shift law,51.88162468150478,300,0.17293874893834926,3250.0,0.7664122554780711,0.8356538536053263
19,4,3200,Static geometry,50.8215919122682,300,0.16940530637422732,3250.0,0.7664122554780711,0.8356538536053263
19,4,3300,Bayesian ensemble,63.44790795706093,300,0.21149302652353644,3350.0,0.7668498410761457,0.8356538536053263
19,4,3300,Fixed pre-shift law,60.64599575877565,300,0.20215331919591883,3350.0,0.7668498410761457,0.8356538536053263
19,4,3300,Static geometry,61.33076273680239,300,0.2044358757893413,3350.0,0.7668498410761457,0.8356538536053263
19,4,3400,Bayesian ensemble,57.121251166233975,300,0.19040417055411324,3450.0,0.7561829489017282,0.8356538536053263
19,4,3400,Fixed pre-shift law,70.27503942271834,300,0.23425013140906112,3450.0,0.7561829489017282,0.8356538536053263
19,4,3400,Static geometry,69.47557828047903,300,0.2315852609349301,3450.0,0.7561829489017282,0.8356538536053263
19,4,3500,Bayesian ensemble,48.665308983452185,300,0.16221769661150728,3550.0,0.7527186538845432,0.8356538536053263
19,4,3500,Fixed pre-shift law,47.403147890338964,300,0.15801049296779654,3550.0,0.7527186538845432,0.8356538536053263
19,4,3500,Static geometry,47.39976380241621,300,0.1579992126747207,3550.0,0.7527186538845432,0.8356538536053263
19,4,3600,Bayesian ensemble,57.79274811057532,300,0.19264249370191772,3650.0,0.7532798210364049,0.8356538536053263
19,4,3600,Fixed pre-shift law,63.85007013465822,300,0.2128335671155274,3650.0,0.7532798210364049,0.8356538536053263
19,4,3600,Static geometry,63.97661656648462,300,0.21325538855494874,3650.0,0.7532798210364049,0.8356538536053263
19,4,3700,Bayesian ensemble,61.237620910745896,300,0.20412540303581966,3750.0,0.7527646673329798,0.8356538536053263
19,4,3700,Fixed pre-shift law,61.21930945468474,300,0.20406436484894913,3750.0,0.7527646673329798,0.8356538536053263
19,4,3700,Static geometry,60.55597750807296,300,0.20185325836024318,3750.0,0.7527646673329798,0.8356538536053263
19,4,3800,Bayesian ensemble,47.176302100189616,300,0.15725434033396538,3850.0,0.7668791330873461,0.8356538536053263
19,4,3800,Fixed pre-shift law,49.89094145489586,300,0.1663031381829862,3850.0,0.7668791330873461,0.8356538536053263
19,4,3800,Static geometry,48.341916631052555,300,0.16113972210350852,3850.0,0.7668791330873461,0.8356538536053263
19,4,3900,Bayesian ensemble,47.95963626007662,300,0.1598654542002554,3950.0,0.755664483785897,0.8356538536053263
19,4,3900,Fixed pre-shift law,50.61262986818391,300,0.1687087662272797,3950.0,0.755664483785897,0.8356538536053263
19,4,3900,Static geometry,49.5701240304957,300,0.165233746768319,3950.0,0.755664483785897,0.8356538536053263
