policy,extra_delay,seed,wAoI,worst_user_mean_aoi,p95_user_mean_aoi,p95_slot_aoi,p99_slot_aoi,cvar95_slot_aoi,slot_aoi_gt40,slot_aoi_gt60,mean_service_rate,worst_service_rate,jain_service_fairness,starvation_p95,starvation_max,rejection_rate,rejected_candidates,proposed_candidates,mean_power,max_avg_power,max_queue,finite_window_bound,bound_ok,certificate_ok,uav_pi_los,uav_pth,uav_mean_aoi,uav_avg_power,uav_service_rate,uav_max_queue,mean_dwell
Conservative-AoI Bayes-Safe,2,0,287.5943243243243,13.52108108108108,12.73993243243243,25.0,39.0,33.51981981981982,0.008198198198198198,0.0006756756756756757,0.1562162162162162,0.06135135135135135,0.8262173130617505,22.0,71.0,0.017027027027027027,189,11100,0.21016497873522413,0.3881608817015272,23.996187103855153,0.4064864864864865,True,True,0.95;0.2315765095;0.95;0.8081176242;0.6281327393;0.795200025;0.3394136806;0.9476946562;0.5005847781;0.95;0.23436609;0.2528380647,0.3369544871;1.95400716;0.2191119648;0.5235225351;0.7414402559;0.5383055036;1.361973486;0.3438720469;0.9427001774;0.2738400263;1.931388168;1.795260579,5.797837838;13.52108108;5.594864865;6.864324324;8.302162162;6.842162162;9.854054054;6.254864865;9.952972973;6.105135135;12.10081081;11.96081081,0.09507580663;0.3881608817;0.06253573913;0.1460203395;0.1817530573;0.1469428537;0.3519045008;0.09247369909;0.2183497438;0.07290065565;0.3815796624;0.3842828051,0.2435135135;0.06135135135;0.2402702703;0.1997297297;0.1486486486;0.1889189189;0.08;0.2343243243;0.1075675676;0.2310810811;0.06864864865;0.07054054054,0.3369544871;23.96237946;0.2191119648;1.635225351;3.131522047;1.644749533;17.83104551;0.3438720469;5.969701952;0.2738400263;23.98408667;23.9961871,2.0
Conservative-AoI Bayes-Safe,2,1,330.34864864864863,15.187567567567568,15.106554054054053,30.0,46.0,39.74864864864865,0.017274774774774775,0.001981981981981982,0.13565315315315318,0.05405405405405406,0.7220001149578748,25.0,83.0,0.052792792792792795,586,11100,0.269657832877599,0.39988376297872086,23.99795411497915,0.4064864864864865,True,True,0.5605092249;0.2181252996;0.2316669551;0.3707979081;0.95;0.95;0.2020086086;0.95;0.325972712;0.8362721814;0.2993435181;0.2334007936,0.8400796556;2.072097608;1.953264399;1.254604531;0.2976063768;0.2276934429;2.237061952;0.2579608484;1.414030367;0.4910760745;1.530799061;1.939147999,8.830810811;15.18756757;13.18432432;9.891891892;5.879459459;5.018648649;15.04027027;5.696486486;9.595675676;6.307297297;11.17675676;12.94810811,0.2097928654;0.3864182027;0.3932924262;0.3167028735;0.08871887393;0.07316959559;0.3936019813;0.07738825452;0.3806416879;0.1459955897;0.3702878809;0.399883763,0.1256756757;0.05837837838;0.06594594595;0.08837837838;0.2521621622;0.2794594595;0.05405405405;0.2540540541;0.08756756757;0.217027027;0.07675675676;0.06837837838,4.040876212;23.99795411;23.99308655;15.82491652;0.2976063768;0.2276934429;23.98665517;0.2579608484;23.96094558;1.766141118;23.53235021;23.99511572,2.0
Conservative-AoI Bayes-Safe,2,2,300.5597297297297,15.124324324324323,13.434337837837834,26.0,40.0,35.406306306306305,0.009166666666666667,0.0016666666666666668,0.14407657657657658,0.053513513513513515,0.8347968018829273,23.0,114.0,0.03045045045045045,338,11100,0.2342487333018836,0.4025550049076248,23.99436582728478,0.4064864864864865,True,True,0.2983974043;0.4720337023;0.7619171253;0.95;0.6042558466;0.7527600943;0.6803453125;0.2438339011;0.7053294905;0.1925045361;0.95;0.2931742638,1.535332493;0.9986066978;0.5764720931;0.328976203;0.7746227687;0.5870535051;0.6736618433;1.858825842;0.6430324214;2.34929577;0.2710575607;1.560894842,10.80378378;10.39027027;6.998918919;5.821621622;8.245135135;6.718918919;8.324864865;12.05162162;7.77;15.12432432;5.864054054;9.922972973,0.368894753;0.2334580523;0.1578287109;0.09460288648;0.2001457748;0.1602497406;0.1709644516;0.3863343439;0.1687525625;0.4025550049;0.07824039859;0.38895812,0.07891891892;0.1045945946;0.1924324324;0.2462162162;0.1440540541;0.1924324324;0.1589189189;0.06621621622;0.1662162162;0.05351351351;0.2424324324;0.08297297297,22.98722659;5.78746028;1.988248838;0.328976203;4.146227687;2.457588556;3.410280277;23.95354477;2.344259371;23.99436583;0.2710575607;23.93306354,2.0
Conservative-AoI Bayes-Safe,2,3,340.7935135135135,13.984324324324325,13.27958108108108,29.0,44.0,38.553153153153154,0.015405405405405406,0.0016666666666666668,0.12060810810810808,0.05891891891891892,0.7298978428987128,27.0,82.0,0.04738738738738739,526,11100,0.3079506735090026,0.38956705300924305,23.991284582442653,0.4064864864864865,True,True,0.2469621281;0.8215561338;0.8932287906;0.3220866759;0.225348274;0.2465631425;0.4834834838;0.2778755806;0.2645088005;0.3014458345;0.9387067142;0.2969367479,1.836175919;0.5080937316;0.4222105672;1.429873819;2.006740312;1.839030251;0.9755450403;1.641436133;1.719737046;1.520828652;0.3585144156;1.542388958,11.77297297;5.992972973;5.830810811;9.041621622;13.98432432;12.55324324;8.832972973;11.08810811;12.70297297;11.08837838;5.519459459;11.89162162,0.389567053;0.1559985079;0.1299723881;0.3845201216;0.3888737307;0.3876874582;0.2597059094;0.389508358;0.3746237997;0.3691092242;0.1090077615;0.3568337699,0.06945945946;0.2272972973;0.2472972973;0.09837837838;0.05891891892;0.06972972973;0.1216216216;0.07891891892;0.06702702703;0.07918918919;0.2581081081;0.07135135135,23.99128458;1.372843584;0.5998951051;23.95750808;23.95723651;23.96121002;6.730995443;23.98281227;23.98422275;23.90794947;0.3585144156;23.97567877,2.0
Conservative-AoI Bayes-Safe,2,4,330.0635135135135,13.26918918918919,12.987202702702703,28.0,42.0,36.83738738738739,0.012252252252252252,0.0009234234234234234,0.11263513513513514,0.06324324324324325,0.894083498315148,27.399999999999636,80.0,0.04279279279279279,475,11100,0.2806080952630876,0.39788068565923873,23.99853179602591,0.4064864864864865,True,True,0.662118963;0.6741961796;0.3640876;0.2460798207;0.2372011855;0.4128728207;0.5024050881;0.4159209977;0.2309431598;0.4380235493;0.7287104513;0.5641011845,0.6966749552;0.6813572012;1.27608378;1.842501298;1.908996959;1.13470463;0.9393093506;1.126874486;1.959226317;1.072981387;0.6151471375;0.8344446437,7.327297297;7.071891892;11.03;12.75648649;12.3927027;9.328648649;8.855945946;10.12;13.26918919;10.1127027;6.940810811;9.001621622,0.2003411223;0.1894909622;0.3093640948;0.3978806857;0.3941820748;0.311583758;0.2416817572;0.2738000441;0.3876090984;0.2650554022;0.1750675502;0.2212405934,0.1683783784;0.1697297297;0.08405405405;0.06972972973;0.06594594595;0.102972973;0.1178378378;0.09945945946;0.06324324324;0.1040540541;0.1724324324;0.1337837838,3.353449373;2.65085761;20.11076475;23.99766482;23.99586619;12.04936669;5.950330908;8.683740752;23.9985318;9.681367169;2.98176565;4.310001793,2.0
Conservative-AoI Bayes-Safe,2,5,320.0518918918919,13.190810810810811,13.150229729729729,28.0,44.0,37.45,0.01349099099099099,0.001509009009009009,0.13914414414414417,0.06567567567567567,0.7882057440535492,24.0,87.0,0.014234234234234235,158,11100,0.2422187321454791,0.38670679665387364,23.996615764848112,0.4064864864864865,True,True,0.9411489522;0.4821824971;0.3825098869;0.7544254172;0.3523107703;0.8677360717;0.95;0.2189202535;0.8265150398;0.3376263363;0.2625732011;0.2699141276,0.3546353857;0.9781203331;1.218803669;0.5851252029;1.315645181;0.4538598372;0.2241414152;2.064668323;0.5023771293;1.368663091;1.731770293;1.687095206,6.071621622;9.881891892;10.92567568;7.455675676;10.87054054;6.552162162;5.742162162;13.19081081;6.140810811;10.80594595;13.11702703;11.85216216,0.09939375538;0.2331627389;0.2892188166;0.1554535336;0.326066657;0.1258541062;0.06536448299;0.3867067967;0.1478618091;0.3392065013;0.3580552092;0.3802803788,0.2391891892;0.1081081081;0.08324324324;0.1827027027;0.08;0.2145945946;0.2459459459;0.06594594595;0.2267567568;0.08648648649;0.06567567568;0.07108108108,0.3546353857;8.493684664;10.90769907;1.881001623;16.3850006;0.7770188607;0.2241414152;23.96619375;1.526148422;21.54652366;23.98171842;23.99661576,2.0
Conservative-AoI Bayes-Safe,2,6,270.5308108108108,12.676216216216217,11.384013513513512,25.0,37.0,32.597747747747746,0.007004504504504504,0.0005855855855855856,0.16234234234234238,0.06756756756756757,0.8681588328742835,21.0,72.0,0.0,0,11100,0.16554025095616473,0.3377476428216076,23.118643171641544,0.4064864864864865,True,True,0.6600953202;0.4082536129;0.95;0.8542797728;0.5796663152;0.95;0.7238759829;0.298421524;0.95;0.3698913443;0.95;0.5870736138,0.6992694381;1.146768836;0.2551559305;0.4699577518;0.8105930222;0.2156180293;0.6208604762;1.535216558;0.2628816135;1.257463669;0.2571157349;0.7995478023,7.636756757;10.30783784;5.751081081;6.521891892;9.371351351;6.236756757;8.737027027;12.67621622;5.634324324;10.32675676;5.885135135;9.965675676,0.1787861861;0.258797832;0.07027132249;0.1290478583;0.1879699495;0.05792549219;0.1404487077;0.3377476428;0.07225691916;0.2977130199;0.07227036872;0.1832477125,0.1608108108;0.0872972973;0.2372972973;0.2189189189;0.1227027027;0.2248648649;0.1491891892;0.06756756757;0.2351351351;0.08540540541;0.2391891892;0.1197297297,3.093424943;9.895070218;0.2551559305;0.8897042624;4.916523245;0.2156180293;2.387744286;23.11864317;0.2628816135;10.1194187;0.2571157349;3.995930221,2.0
Conservative-AoI Bayes-Safe,2,7,284.7316216216216,16.160810810810812,14.103513513513512,25.0,40.0,35.39954954954955,0.00990990990990991,0.0024774774774774773,0.16457207207207206,0.052702702702702706,0.8275563221430854,22.0,102.0,0.0218018018018018,242,11100,0.18515828863587191,0.39456820916034746,23.998703695244927,0.4064864864864865,True,True,0.95;0.8194645516;0.5139536145;0.1957148488;0.2668165055;0.95;0.9166527097;0.2817874583;0.4060368001;0.95;0.95;0.8957240492,0.2129344738;0.5105004868;0.9182376412;2.309972111;1.705631049;0.2143947682;0.3910280632;1.619983796;1.152645744;0.2643493157;0.2202876177;0.4190042049,6.340810811;7.208108108;8.894054054;16.16081081;11.69432432;6.25;5.758648649;12.42027027;10.32432432;5.933783784;5.688108108;6.142702703,0.05680170964;0.1309364762;0.2243477913;0.3945682092;0.3761607935;0.05806042101;0.110016274;0.347639766;0.2710275128;0.07166009827;0.06358572317;0.1170946886,0.2256756757;0.1856756757;0.1164864865;0.0527027027;0.07027027027;0.2256756757;0.2413513514;0.06486486486;0.09054054054;0.227027027;0.2494594595;0.2251351351,0.2129344738;1.394504381;5.064138771;23.99553769;22.58407468;0.2143947682;0.3910280632;23.9987037;9.194977648;0.2643493157;0.2202876177;0.5710378445,2.0
Conservative-AoI Bayes-Safe,2,8,305.2402702702703,15.40972972972973,14.452729729729729,26.0,41.0,36.693243243243245,0.011103603603603603,0.0024324324324324323,0.15166666666666667,0.053513513513513515,0.7981909850173675,22.0,116.0,0.01792792792792793,199,11100,0.21992242100976264,0.3883707471902715,23.980282907935035,0.4064864864864865,True,True,0.924502767;0.7675714746;0.2938168902;0.223720696;0.8564804989;0.95;0.4732619221;0.198994158;0.3554966144;0.365156396;0.95;0.8950142286,0.3798996382;0.5699618165;1.557699888;2.021057334;0.4673466129;0.2347890628;0.9960890923;2.271318822;1.304697623;1.272612991;0.2590903055;0.4199186836,5.756216216;6.72972973;10.67054054;13.66972973;6.754864865;5.902702703;10.52189189;15.40972973;10.39567568;10.3927027;5.916486486;5.656216216,0.1095548416;0.1563543902;0.3532189747;0.3883707472;0.1263098954;0.06707352417;0.2347539699;0.3848964598;0.3131274294;0.3085226628;0.07170499265;0.1251811643,0.2359459459;0.1945945946;0.08027027027;0.06054054054;0.2089189189;0.2408108108;0.09972972973;0.05351351351;0.08216216216;0.08756756757;0.232972973;0.242972973,0.3798996382;1.759694532;20.53139084;23.98028291;1.140812741;0.2347890628;6.956980016;23.97067857;11.20804532;10.75929364;0.2590903055;0.559349469,2.0
Conservative-AoI Bayes-Safe,2,9,329.9918918918919,16.913513513513514,14.6157027027027,28.0,44.0,38.82387387387387,0.014346846846846846,0.002657657657657658,0.13939189189189188,0.04972972972972973,0.7517886907264353,25.0,126.0,0.056486486486486485,627,11100,0.2502591020611995,0.3994481823601241,23.996770524048827,0.4064864864864865,True,True,0.3257577326;0.6871221964;0.2523803769;0.1963495047;0.5437054116;0.2493362779;0.95;0.4363495231;0.95;0.6652629851;0.95;0.2127973752,1.414897118;0.6652565043;1.798374164;2.302374716;0.8671448273;1.819394726;0.209506079;1.076896197;0.2790122724;0.6926602831;0.247425482;2.123503268,11.07243243;8.478108108;11.65135135;16.91351351;8.777027027;12.73567568;5.251081081;8.995945946;5.502972973;7.451351351;5.452162162;12.62594595,0.3476058054;0.1657747289;0.3844632335;0.3932704921;0.2249889282;0.3948578284;0.06477701468;0.2706793143;0.08362827299;0.1963785505;0.07723687343;0.3994481824,0.07864864865;0.1540540541;0.07135135135;0.04972972973;0.1272972973;0.06621621622;0.2635135135;0.1048648649;0.2564864865;0.1675675676;0.2721621622;0.06081081081,20.37465012;3.317821547;23.99677052;23.99472673;5.874317237;23.98073508;0.209506079;6.492065771;0.2790122724;3.326602831;0.247425482;23.99665371,2.0
Conservative-AoI Bayes-Safe,4,0,358.36405405405407,15.276756756756757,15.230081081081082,30.0,44.0,38.85900900900901,0.01626126126126126,0.0006081081081081081,0.15786036036036039,0.05783783783783784,0.8006159710025154,26.0,68.0,0.01126126126126126,125,11100,0.20699252061882034,0.3847680106122138,23.99858588743786,0.4064864864864865,True,True,0.95;0.2315765095;0.95;0.8081176242;0.6281327393;0.795200025;0.3394136806;0.9476946562;0.5005847781;0.95;0.23436609;0.2528380647,0.3369544871;1.95400716;0.2191119648;0.5235225351;0.7414402559;0.5383055036;1.361973486;0.3438720469;0.9427001774;0.2738400263;1.931388168;1.795260579,7.234324324;15.19189189;6.767297297;8.46;11.27027027;8.098108108;12.73567568;7.895135135;12.02594595;7.753513514;15.27675676;13.69405405,0.09826321394;0.3770705708;0.06668110063;0.1422000399;0.1739378763;0.1518894448;0.3360761603;0.09423952852;0.2066296875;0.07475092609;0.377403688;0.3847680106,0.2510810811;0.05918918919;0.2645945946;0.2008108108;0.1351351351;0.1989189189;0.07702702703;0.2394594595;0.1043243243;0.2381081081;0.05783783784;0.06783783784,0.3369544871;23.99443673;0.2191119648;1.635225351;3.814402559;1.92136054;16.00288643;0.3438720469;6.369701952;0.2738400263;23.99858589;23.9961871,2.0
Conservative-AoI Bayes-Safe,4,1,398.71,17.864324324324325,17.383891891891892,35.0,56.0,47.78108108108108,0.03209459459459459,0.007072072072072072,0.13698198198198197,0.05378378378378378,0.699726001816263,28.0,113.0,0.041891891891891894,465,11100,0.2668955439363411,0.3988355748713061,23.99036914554675,0.4064864864864865,True,True,0.5605092249;0.2181252996;0.2316669551;0.3707979081;0.95;0.95;0.2020086086;0.95;0.325972712;0.8362721814;0.2993435181;0.2334007936,0.8400796556;2.072097608;1.953264399;1.254604531;0.2976063768;0.2276934429;2.237061952;0.2579608484;1.414030367;0.4910760745;1.530799061;1.939147999,11.21216216;15.99027027;16.99081081;12.06891892;6.646216216;6.275135135;17.86432432;7.082972973;12.06297297;7.818648649;12.93594595;15.43837838,0.2091117197;0.3959386511;0.3864296054;0.3170419558;0.09233841095;0.07452344849;0.3875558679;0.07766713111;0.3630618509;0.1506409039;0.3496014071;0.3988355749,0.12;0.06;0.06;0.08972972973;0.2672972973;0.2854054054;0.05378378378;0.2597297297;0.08135135135;0.23;0.07351351351;0.06297297297,5.280955867;23.9841015;23.99036915;15.42751588;0.2976063768;0.2276934429;23.98665517;0.2579608484;20.80991732;1.40183682;22.10954175;23.98861556,2.0
Conservative-AoI Bayes-Safe,4,2,371.0616216216216,17.02945945945946,16.229432432432432,31.0,48.0,42.068018018018016,0.02036036036036036,0.003941441441441441,0.14452702702702702,0.05108108108108108,0.8144852612542988,27.0,103.0,0.014504504504504504,161,11100,0.23170606305289468,0.3911259984591431,23.97746463890021,0.4064864864864865,True,True,0.2983974043;0.4720337023;0.7619171253;0.95;0.6042558466;0.7527600943;0.6803453125;0.2438339011;0.7053294905;0.1925045361;0.95;0.2931742638,1.535332493;0.9986066978;0.5764720931;0.328976203;0.7746227687;0.5870535051;0.6736618433;1.858825842;0.6430324214;2.34929577;0.2710575607;1.560894842,12.66594595;13.1172973;9.166486486;6.772702703;10.37324324;8.483783784;9.562162162;15.57486486;9.285945946;17.02945946;7.073783784;12.20675676,0.3717994361;0.2213128357;0.1575171044;0.09993763572;0.1942837647;0.1616777086;0.1751520793;0.3838224171;0.1720546209;0.3911259985;0.0797055746;0.3720835812,0.07675675676;0.09945945946;0.1927027027;0.2575675676;0.1391891892;0.1886486486;0.1610810811;0.06189189189;0.1743243243;0.05108108108;0.2545945946;0.07702702703,23.6625843;7.583280373;2.69413721;0.328976203;4.520850455;2.457588556;4.231265807;23.95326957;3.073356636;23.97746464;0.2710575607;23.61458534,2.0
Conservative-AoI Bayes-Safe,4,3,409.1081081081081,16.862702702702702,15.573918918918917,33.0,51.0,44.0,0.026013513513513515,0.003963963963963964,0.11925675675675677,0.05891891891891892,0.6976002344424366,30.0,90.0,0.035495495495495494,394,11100,0.30667239066752544,0.39265781026236635,23.997678383697515,0.4064864864864865,True,True,0.2469621281;0.8215561338;0.8932287906;0.3220866759;0.225348274;0.2465631425;0.4834834838;0.2778755806;0.2645088005;0.3014458345;0.9387067142;0.2969367479,1.836175919;0.5080937316;0.4222105672;1.429873819;2.006740312;1.839030251;0.9755450403;1.641436133;1.719737046;1.520828652;0.3585144156;1.542388958,13.63486486;7.335675676;7.065405405;10.77675676;16.8627027;14.51945946;11.70108108;13.26162162;13.66945946;13.69756757;6.711621622;12.92594595,0.3855969429;0.1565477984;0.1327110513;0.384906574;0.3856195572;0.3926578103;0.2541690321;0.3761994163;0.3871732322;0.3555450768;0.1121084267;0.3568337699,0.06648648649;0.2264864865;0.2632432432;0.08621621622;0.05891891892;0.06513513514;0.1135135135;0.07108108108;0.0672972973;0.07324324324;0.2672972973;0.07216216216,23.97369272;1.480937316;0.7331585085;23.9241329;23.99767838;23.93696629;7.306540483;23.98610797;23.9684455;23.72889048;0.3585144156;23.98551064,2.0
Conservative-AoI Bayes-Safe,4,4,385.0424324324324,14.725135135135135,14.38116216216216,32.0,48.0,41.6018018018018,0.021666666666666667,0.0018918918918918919,0.11261261261261263,0.06513513513513514,0.8937102531302025,30.0,81.0,0.03945945945945946,438,11100,0.281010422324879,0.3983096357642259,23.993799292260615,0.4064864864864865,True,True,0.662118963;0.6741961796;0.3640876;0.2460798207;0.2372011855;0.4128728207;0.5024050881;0.4159209977;0.2309431598;0.4380235493;0.7287104513;0.5641011845,0.6966749552;0.6813572012;1.27608378;1.842501298;1.908996959;1.13470463;0.9393093506;1.126874486;1.959226317;1.072981387;0.6151471375;0.8344446437,8.946486486;9.154864865;12.48567568;13.61054054;14.72513514;11.0527027;10.90405405;12.02837838;14.09972973;11.95378378;8.632972973;9.867567568,0.1986465075;0.1926215223;0.3110885324;0.3958887924;0.3983096358;0.3020767732;0.2462513703;0.2738000441;0.3960814284;0.2636054273;0.1727399664;0.2210150678,0.1654054054;0.1702702703;0.08189189189;0.07297297297;0.06513513514;0.1;0.1175675676;0.09648648649;0.06702702703;0.09918918919;0.1727027027;0.1427027027,3.663424507;3.494929213;21.05845108;23.98515833;23.99379929;10.84936669;6.332402856;9.728728422;23.98870543;8.551553296;3.196912787;5.626671449,2.0
Conservative-AoI Bayes-Safe,4,5,379.83837837837837,15.058378378378379,14.721986486486486,32.0,49.0,42.1509009009009,0.022004504504504505,0.002882882882882883,0.13837837837837838,0.06108108108108108,0.7735131697946741,27.0,92.0,0.011621621621621621,129,11100,0.24134362457762695,0.38726481511946365,23.997055830511453,0.4064864864864865,True,True,0.9411489522;0.4821824971;0.3825098869;0.7544254172;0.3523107703;0.8677360717;0.95;0.2189202535;0.8265150398;0.3376263363;0.2625732011;0.2699141276,0.3546353857;0.9781203331;1.218803669;0.5851252029;1.315645181;0.4538598372;0.2241414152;2.064668323;0.5023771293;1.368663091;1.731770293;1.687095206,7.609189189;12.38162162;11.91081081;9.051081081;14.44675676;8.695405405;6.894054054;15.05837838;7.741081081;11.75945946;13.51405405;14.02189189,0.1040902781;0.2276112451;0.2967951638;0.1587745145;0.2908642589;0.1230328153;0.06681837325;0.3872648151;0.1459609227;0.3429055907;0.3753729122;0.3766326054,0.2527027027;0.1035135135;0.08756756757;0.1786486486;0.07027027027;0.2075675676;0.2537837838;0.06108108108;0.2243243243;0.08243243243;0.06621621622;0.07243243243,0.3546353857;8.493684664;11.47693209;2.251252029;18.4135494;0.9385983724;0.2241414152;23.99705583;1.628525551;16.98705804;23.9770293;23.86109111,2.0
Conservative-AoI Bayes-Safe,4,6,344.68756756756756,14.925405405405405,14.19435135135135,29.0,44.0,38.142342342342346,0.014617117117117117,0.0014414414414414415,0.16195945945945947,0.0645945945945946,0.8567939766833585,25.0,84.0,0.0,0,11100,0.16338572439540924,0.3207357836622872,17.504331165600483,0.4064864864864865,True,True,0.6600953202;0.4082536129;0.95;0.8542797728;0.5796663152;0.95;0.7238759829;0.298421524;0.95;0.3698913443;0.95;0.5870736138,0.6992694381;1.146768836;0.2551559305;0.4699577518;0.8105930222;0.2156180293;0.6208604762;1.535216558;0.2628816135;1.257463669;0.2571157349;0.7995478023,10.13405405;12.12783784;7.424594595;8.022432432;11.56702703;7.79;11.40540541;14.92540541;7.160540541;13.59621622;7.123243243;11.09621622,0.174439376;0.2684058952;0.07158158267;0.1290478583;0.1873127119;0.05920754534;0.1362537045;0.3207357837;0.07360685177;0.2725637466;0.07428560016;0.1931880366,0.1454054054;0.09162162162;0.2386486486;0.2156756757;0.1213513514;0.2367567568;0.1418918919;0.06459459459;0.2391891892;0.07351351351;0.2440540541;0.1308108108,3.991233257;9.361226037;0.2551559305;1.029619766;6.558895334;0.2156180293;2.387744286;17.50433117;0.2628816135;8.974636687;0.2571157349;4.395478023,2.0
Conservative-AoI Bayes-Safe,4,7,348.7445945945946,18.36027027027027,16.529216216216213,31.0,47.0,40.41306306306306,0.018468468468468467,0.00222972972972973,0.1658783783783784,0.04972972972972973,0.8171517825232837,25.0,75.0,0.012432432432432432,138,11100,0.18200410083634663,0.3920709420137629,23.99888442362497,0.4064864864864865,True,True,0.95;0.8194645516;0.5139536145;0.1957148488;0.2668165055;0.95;0.9166527097;0.2817874583;0.4060368001;0.95;0.95;0.8957240492,0.2129344738;0.5105004868;0.9182376412;2.309972111;1.705631049;0.2143947682;0.3910280632;1.619983796;1.152645744;0.2643493157;0.2202876177;0.4190042049,7.582702703;7.954054054;11.38135135;18.36027027;15.03108108;8.222972973;7.675945946;13.6572973;12.62459459;7.388648649;7.556756757;7.575945946,0.05852820537;0.1432160825;0.2067275554;0.392070942;0.3521897625;0.05962492337;0.1085367084;0.3550829348;0.2523359602;0.07330335078;0.06352618598;0.1189065987,0.2340540541;0.2081081081;0.1035135135;0.04972972973;0.06594594595;0.2405405405;0.2348648649;0.06783783784;0.08594594595;0.2308108108;0.2413513514;0.2278378378,0.2129344738;1.615505355;5.700614054;23.99888442;23.62096979;0.2143947682;0.3910280632;23.97742359;8.137040416;0.2643493157;0.2202876177;0.5710378445,2.0
Conservative-AoI Bayes-Safe,4,8,372.64243243243243,15.489189189189188,15.236189189189188,32.0,48.0,42.42342342342342,0.022184684684684684,0.0035585585585585586,0.15502252252252255,0.06027027027027027,0.7772828123752061,26.0,96.0,0.022252252252252254,247,11100,0.21582755216390892,0.3905556740380367,23.980153541748383,0.4064864864864865,True,True,0.924502767;0.7675714746;0.2938168902;0.223720696;0.8564804989;0.95;0.4732619221;0.198994158;0.3554966144;0.365156396;0.95;0.8950142286,0.3798996382;0.5699618165;1.557699888;2.021057334;0.4673466129;0.2347890628;0.9960890923;2.271318822;1.304697623;1.272612991;0.2590903055;0.4199186836,7.392432432;8.052432432;14.03054054;15.48918919;8.148918919;7.265135135;14.83621622;15.02918919;12.53621622;13.65027027;7.088378378;6.955945946,0.1119163799;0.1578948276;0.334273976;0.390555674;0.1285834735;0.06904067577;0.2132169084;0.3904212893;0.3018435581;0.2844462009;0.0783573113;0.1293803512,0.2424324324;0.2016216216;0.06891891892;0.06243243243;0.2094594595;0.25;0.09324324324;0.06027027027;0.07837837838;0.08054054054;0.2610810811;0.2518918919,0.3798996382;2.099618165;17.40409631;23.97956811;1.006119516;0.2347890628;7.929603662;23.98015354;15.28320728;14.36180785;0.2590903055;0.5991868362,2.0
Conservative-AoI Bayes-Safe,4,9,390.21189189189187,16.718108108108108,16.626986486486487,32.0,48.0,42.91216216216216,0.02099099099099099,0.004234234234234234,0.1402252252252252,0.051351351351351354,0.7433566524757413,27.0,126.0,0.04594594594594595,510,11100,0.2489514456994308,0.39451501894819396,23.998431463728856,0.4064864864864865,True,True,0.3257577326;0.6871221964;0.2523803769;0.1963495047;0.5437054116;0.2493362779;0.95;0.4363495231;0.95;0.6652629851;0.95;0.2127973752,1.414897118;0.6652565043;1.798374164;2.302374716;0.8671448273;1.819394726;0.209506079;1.076896197;0.2790122724;0.6926602831;0.247425482;2.123503268,13.08675676;9.707837838;13.30297297;16.55243243;11.0127027;14.12162162;6.72972973;10.32621622;7.184054054;8.318108108;6.624864865;16.71810811,0.3395753082;0.1718878968;0.3859213747;0.3945150189;0.2027243988;0.3928909152;0.06562636365;0.2773735339;0.08513644743;0.2014330985;0.07777184744;0.3925611447,0.07594594595;0.16;0.07054054054;0.05135135135;0.1202702703;0.06702702703;0.2724324324;0.1035135135;0.2616216216;0.1783783784;0.267027027;0.05459459459,19.99810689;3.317821547;23.99677052;23.98945347;6.674317237;23.93699959;0.209506079;10.89136689;0.2790122724;3.80458368;0.247425482;23.99843146,2.0
Conservative-AoI Bayes-Safe,8,0,478.63054054054055,19.606756756756756,19.486054054054055,39.0,59.0,51.33018018018018,0.045,0.008761261261261262,0.16011261261261261,0.05918918918918919,0.790595743093855,31.0,94.0,0.01036036036036036,115,11100,0.20307509582349995,0.3770705707957694,23.99575766231351,0.4064864864864865,True,True,0.95;0.2315765095;0.95;0.8081176242;0.6281327393;0.795200025;0.3394136806;0.9476946562;0.5005847781;0.95;0.23436609;0.2528380647,0.3369544871;1.95400716;0.2191119648;0.5235225351;0.7414402559;0.5383055036;1.361973486;0.3438720469;0.9427001774;0.2738400263;1.931388168;1.795260579,8.89;19.3872973;9.214594595;10.99486486;14.9327027;11.55810811;16.09297297;10.0827027;16.5827027;9.496486486;19.60675676;17.51567568,0.1006310022;0.3770705708;0.06602968668;0.1455958618;0.1751402118;0.1470883417;0.3077323877;0.1009310927;0.1977122534;0.08030173744;0.3674857488;0.3711822549,0.2597297297;0.05918918919;0.2613513514;0.2032432432;0.1418918919;0.1859459459;0.07351351351;0.2564864865;0.09756756757;0.2548648649;0.06;0.06756756757,0.3369544871;23.97631502;0.2191119648;2.005792957;5.180163583;2.336277051;14.84933716;0.3438720469;7.997802484;0.2738400263;23.99575766;23.87297996,2.0
Conservative-AoI Bayes-Safe,8,1,504.82891891891893,20.172432432432434,19.88212162162162,42.0,65.0,56.956756756756754,0.05655405405405405,0.01454954954954955,0.13878378378378378,0.05405405405405406,0.6776637744155497,33.0,113.0,0.04126126126126126,458,11100,0.2616793042997186,0.3881604792506315,23.995863924018735,0.4064864864864865,True,True,0.5605092249;0.2181252996;0.2316669551;0.3707979081;0.95;0.95;0.2020086086;0.95;0.325972712;0.8362721814;0.2993435181;0.2334007936,0.8400796556;2.072097608;1.953264399;1.254604531;0.2976063768;0.2276934429;2.237061952;0.2579608484;1.414030367;0.4910760745;1.530799061;1.939147999,14.11945946;20.17243243;19.64459459;14.85;8.780540541;7.19027027;19.43621622;8.912972973;17.41567568;10.18918919;16.34756757;17.62513514,0.2013920688;0.3836180708;0.3790388752;0.3177201204;0.09233841095;0.08116963547;0.3881604793;0.08247775234;0.3301951992;0.1514372435;0.3500151365;0.3825886592,0.1216216216;0.0572972973;0.05972972973;0.08567567568;0.2667567568;0.3072972973;0.05405405405;0.2772972973;0.07135135135;0.2289189189;0.07081081081;0.06459459459,6.121035523;23.99102781;23.99586392;17.12892686;0.2976063768;0.2276934429;23.98665517;0.2579608484;23.43824714;2.039369342;23.90193893;23.99188396,2.0
Conservative-AoI Bayes-Safe,8,2,475.36324324324323,19.98216216216216,18.93924324324324,38.0,55.0,48.68378378378378,0.0397972972972973,0.005765765765765766,0.1453828828828829,0.05189189189189189,0.8016804707160443,32.0,103.0,0.016576576576576577,184,11100,0.22851557962256322,0.3866813848402891,23.9999996675599,0.4064864864864865,True,True,0.2983974043;0.4720337023;0.7619171253;0.95;0.6042558466;0.7527600943;0.6803453125;0.2438339011;0.7053294905;0.1925045361;0.95;0.2931742638,1.535332493;0.9986066978;0.5764720931;0.328976203;0.7746227687;0.5870535051;0.6736618433;1.858825842;0.6430324214;2.34929577;0.2710575607;1.560894842,15.63324324;16.62783784;10.98243243;8.679189189;13.43189189;10.38027027;12.57594595;18.08594595;11.75567568;19.98216216;9.232972973;16.14054054,0.341507741;0.2132160247;0.1598541534;0.1020715354;0.1896778996;0.1661202756;0.1718748054;0.3752818659;0.1814394184;0.3866813848;0.08322199701;0.3712398542,0.07054054054;0.09405405405;0.1994594595;0.2643243243;0.1394594595;0.1951351351;0.1597297297;0.06189189189;0.1748648649;0.05189189189;0.2594594595;0.07378378378,23.3893098;9.379100467;2.870609304;0.328976203;6.01934153;3.018749072;3.957603963;23.97655616;4.531551164;23.99999967;0.2710575607;23.9844286,2.0
Conservative-AoI Bayes-Safe,8,3,510.33351351351354,19.49972972972973,18.579594594594592,39.0,56.0,49.608558558558556,0.04295045045045045,0.006666666666666667,0.11952702702702701,0.056486486486486485,0.7020721114714338,35.0,96.0,0.04531531531531532,503,11100,0.306466910650772,0.39116670465377507,23.998716198868223,0.4064864864864865,True,True,0.2469621281;0.8215561338;0.8932287906;0.3220866759;0.225348274;0.2465631425;0.4834834838;0.2778755806;0.2645088005;0.3014458345;0.9387067142;0.2969367479,1.836175919;0.5080937316;0.4222105672;1.429873819;2.006740312;1.839030251;0.9755450403;1.641436133;1.719737046;1.520828652;0.3585144156;1.542388958,17.82675676;9.123243243;8.808108108;14.12864865;19.49972973;16.56621622;14.74675676;15.49486486;15.74027027;16.31567568;8.898648649;15.23,0.3860932067;0.1565477984;0.1385307104;0.3794962406;0.3780264857;0.3911667047;0.2349217921;0.3855156755;0.3848492632;0.3723975024;0.1111394688;0.3589180793,0.06216216216;0.217027027;0.2732432432;0.08756756757;0.05648648649;0.06891891892;0.1027027027;0.07567567568;0.06945945946;0.08027027027;0.2635135135;0.0772972973,23.99174042;2.161874631;0.8442113446;23.98990552;23.99767838;23.98593431;8.457630564;23.96515525;23.9987162;23.81175569;0.3585144156;23.88995231,2.0
Conservative-AoI Bayes-Safe,8,4,495.0097297297297,17.699459459459458,17.335864864864863,39.0,57.0,50.347747747747746,0.04509009009009009,0.007094594594594595,0.11432432432432434,0.06324324324324325,0.8719418149921424,35.0,115.0,0.039729729729729726,441,11100,0.27911524195324117,0.3929009524219518,23.996442254590846,0.4064864864864865,True,True,0.662118963;0.6741961796;0.3640876;0.2460798207;0.2372011855;0.4128728207;0.5024050881;0.4159209977;0.2309431598;0.4380235493;0.7287104513;0.5641011845,0.6966749552;0.6813572012;1.27608378;1.842501298;1.908996959;1.13470463;0.9393093506;1.126874486;1.959226317;1.072981387;0.6151471375;0.8344446437,11.34513514;10.89567568;16.17513514;15.69621622;17.69945946;14.07702703;14.50756757;15.60108108;17.03837838;15.5027027;9.704054054;13.57162162,0.195633859;0.1992509437;0.3090192073;0.3929009524;0.386958843;0.2950232039;0.2378737464;0.2741046048;0.3902567016;0.2543255883;0.186705469;0.227329784,0.1648648649;0.1797297297;0.08135135135;0.06864864865;0.06675675676;0.09756756757;0.1175675676;0.09621621622;0.06324324324;0.09756756757;0.1940540541;0.1443243243,4.553449373;4.901715219;19.51719438;23.99003634;23.99586619;14.50643428;9.325496362;11.30311729;23.99644225;10.00559052;3.472648475;7.351114299,2.0
Conservative-AoI Bayes-Safe,8,5,508.0864864864865,21.924054054054054,20.29947297297297,40.0,62.0,53.94414414414415,0.04786036036036036,0.010698198198198198,0.1399099099099099,0.05891891891891892,0.7469222631430946,34.0,129.0,0.007387387387387387,82,11100,0.23616709267647976,0.38726481511946365,23.997445942445786,0.4064864864864865,True,True,0.9411489522;0.4821824971;0.3825098869;0.7544254172;0.3523107703;0.8677360717;0.95;0.2189202535;0.8265150398;0.3376263363;0.2625732011;0.2699141276,0.3546353857;0.9781203331;1.218803669;0.5851252029;1.315645181;0.4538598372;0.2241414152;2.064668323;0.5023771293;1.368663091;1.731770293;1.687095206,9.377567568;15.01243243;15.47243243;11.06972973;17.73486486;11.04;8.334594595;21.92405405;9.511621622;15.77783784;18.01351351;18.97027027,0.1087868007;0.2217953945;0.2875717846;0.1620954954;0.2897975195;0.1286753971;0.06996846881;0.3872648151;0.151663582;0.3266295972;0.3472901506;0.3524661065,0.2578378378;0.1024324324;0.08810810811;0.1897297297;0.06675675676;0.2218918919;0.2659459459;0.05891891892;0.2297297297;0.07297297297;0.06243243243;0.06216216216,0.3546353857;8.493684664;13.87693209;2.99175284;15.96596807;1.046318047;0.2241414152;23.99744594;2.038034068;16.53454511;23.95779791;23.99023631,2.0
Conservative-AoI Bayes-Safe,8,6,459.73243243243246,18.227297297297298,18.21377027027027,37.0,54.0,47.26171171171171,0.03423423423423423,0.00572072072072072,0.16398648648648648,0.06189189189189189,0.828528589156981,31.0,93.0,0.0,0,11100,0.15917147700511444,0.3165865497209896,18.845197398720575,0.4064864864864865,True,True,0.6600953202;0.4082536129;0.95;0.8542797728;0.5796663152;0.95;0.7238759829;0.298421524;0.95;0.3698913443;0.95;0.5870736138,0.6992694381;1.146768836;0.2551559305;0.4699577518;0.8105930222;0.2156180293;0.6208604762;1.535216558;0.2628816135;1.257463669;0.2571157349;0.7995478023,12.42540541;16.05189189;8.557297297;10.24621622;15.61054054;9.840810811;14.58081081;18.2272973;9.265135135;18.2027027;9.609189189;14.97459459,0.1784082026;0.2433009558;0.07785703934;0.1326042954;0.1647475548;0.06328680535;0.1344079031;0.3165865497;0.07921972947;0.2623680952;0.07359069276;0.1836799005,0.1575675676;0.08162162162;0.2556756757;0.2264864865;0.102972973;0.2521621622;0.1364864865;0.06189189189;0.2586486486;0.07594594595;0.2416216216;0.1167567568,4.589772134;10.10799487;0.2551559305;1.379408525;6.969488356;0.2156180293;3.271186191;18.8451974;0.2628816135;12.63659172;0.2571157349;5.993669233,2.0
Conservative-AoI Bayes-Safe,8,7,463.50702702702705,22.93054054054054,20.016729729729725,38.0,55.0,48.77657657657657,0.039707207207207204,0.005675675675675676,0.1684009009009009,0.045675675675675674,0.8032186168983588,30.0,100.0,0.00954954954954955,106,11100,0.177395685708877,0.378960289494194,23.996653270874894,0.4064864864864865,True,True,0.95;0.8194645516;0.5139536145;0.1957148488;0.2668165055;0.95;0.9166527097;0.2817874583;0.4060368001;0.95;0.95;0.8957240492,0.2129344738;0.5105004868;0.9182376412;2.309972111;1.705631049;0.2143947682;0.3910280632;1.619983796;1.152645744;0.2643493157;0.2202876177;0.4190042049,10.61081081;10.5127027;15.85567568;22.93054054;17.6327027;10.4927027;10.07648649;15.73108108;16.03459459;9.284054054;9.441621622;10.03486486,0.05870085495;0.1352136425;0.1955598004;0.3789602895;0.3245308807;0.06153709292;0.1123413057;0.3502667667;0.2464169685;0.07916190318;0.06703888042;0.1190198431,0.2340540541;0.19;0.09351351351;0.04567567568;0.06675675676;0.2462162162;0.2364864865;0.07027027027;0.08702702703;0.2578378378;0.2616216216;0.2313513514,0.2129344738;2.057507302;7.773564619;23.99665327;21.96893147;0.2143947682;0.3910280632;23.67896296;10.4161436;0.2643493157;0.2202876177;0.6090462544,2.0
Conservative-AoI Bayes-Safe,8,8,493.5324324324324,20.37135135135135,19.9422027027027,39.0,56.0,49.77072072072072,0.044436936936936934,0.005923423423423424,0.15344594594594593,0.052702702702702706,0.7662055630354339,33.0,111.0,0.012072072072072072,134,11100,0.21411437420285187,0.38735193958880415,23.990781020922164,0.4064864864864865,True,True,0.924502767;0.7675714746;0.2938168902;0.223720696;0.8564804989;0.95;0.4732619221;0.198994158;0.3554966144;0.365156396;0.95;0.8950142286,0.3798996382;0.5699618165;1.557699888;2.021057334;0.4673466129;0.2347890628;0.9960890923;2.271318822;1.304697623;1.272612991;0.2590903055;0.4199186836,9.283783784;10.20162162;16.78054054;20.37135135;11.07405405;9.508108108;17.17891892;19.59108108;16.24108108;17.14675676;9.207027027;8.873513514,0.1138672159;0.160513571;0.3565869744;0.3692526373;0.1309833615;0.07100782738;0.2089094961;0.3873519396;0.2944385175;0.2693124247;0.07674674994;0.130401775,0.2416216216;0.1932432432;0.0727027027;0.05891891892;0.2159459459;0.252972973;0.09027027027;0.0527027027;0.07540540541;0.07486486486;0.2578378378;0.2548648649,0.3798996382;2.949427248;23.18519151;23.9370067;1.34285258;0.2347890628;9.341336385;23.99078102;13.06576672;12.61658187;0.2590903055;0.6191055198,2.0
Conservative-AoI Bayes-Safe,8,9,514.2610810810811,23.11,20.385418918918916,40.0,59.0,51.28288288288288,0.04727477477477478,0.00891891891891892,0.14018018018018016,0.04675675675675676,0.7177637741166273,34.0,94.0,0.03486486486486486,387,11100,0.24605082493001643,0.39715250315115797,23.9947267332519,0.4064864864864865,True,True,0.3257577326;0.6871221964;0.2523803769;0.1963495047;0.5437054116;0.2493362779;0.95;0.4363495231;0.95;0.6652629851;0.95;0.2127973752,1.414897118;0.6652565043;1.798374164;2.302374716;0.8671448273;1.819394726;0.209506079;1.076896197;0.2790122724;0.6926602831;0.247425482;2.123503268,17.44594595;13.08324324;17.32459459;23.11;14.35837838;17.39135135;7.992702703;13.92189189;8.712432432;11.32189189;8.831621622;18.15621622,0.3372808805;0.1697303081;0.381060904;0.3907814383;0.2067085778;0.379614251;0.06919362932;0.2651493068;0.08920851844;0.186082249;0.08064733277;0.3971525032,0.07540540541;0.1562162162;0.06810810811;0.04675675676;0.1213513514;0.06216216216;0.2843243243;0.09432432432;0.2740540541;0.1608108108;0.2810810811;0.05756756757,20.506502;4.644104069;23.92523375;23.99472673;7.874317237;23.93947261;0.209506079;10.55344295;0.2790122724;4.497243963;0.247425482;23.99267976,2.0
Expected-AoI Bayes-Safe,2,0,242.9718918918919,12.848918918918919,12.52218918918919,21.0,37.0,30.922522522522524,0.006981981981981982,0.00042792792792792795,0.15522522522522522,0.05945945945945946,0.8490176421036798,19.0,71.0,0.02918918918918919,324,11100,0.21592199025045355,0.3968981496605181,23.9888734694863,0.4064864864864865,True,True,0.95;0.2315765095;0.95;0.8081176242;0.6281327393;0.795200025;0.3394136806;0.9476946562;0.5005847781;0.95;0.23436609;0.2528380647,0.3369544871;1.95400716;0.2191119648;0.5235225351;0.7414402559;0.5383055036;1.361973486;0.3438720469;0.9427001774;0.2738400263;1.931388168;1.795260579,4.053513514;12.84891892;3.878378378;4.779189189;5.794864865;4.925675676;8.661621622;4.274864865;7.744324324;4.362162162;12.25486486;10.98162162,0.08933847348;0.3944982022;0.05898257214;0.1393701884;0.1909709632;0.1481067575;0.3747267592;0.0861538885;0.2471403168;0.06868203902;0.3961955729;0.3968981497,0.2275675676;0.05945945946;0.2340540541;0.1986486486;0.1591891892;0.1905405405;0.09135135135;0.2205405405;0.1235135135;0.2172972973;0.06783783784;0.0727027027,0.3369544871;23.98887347;0.2191119648;0.8940901405;2.272962303;0.8149165108;20.60721607;0.3438720469;4.769701952;0.2738400263;23.9869149;23.97721162,2.0
Expected-AoI Bayes-Safe,2,1,297.27162162162165,14.452702702702704,13.830756756756756,27.0,42.0,35.854504504504504,0.011554054054054054,0.0002927927927927928,0.1335135135135135,0.057297297297297295,0.7582423386875436,23.0,70.0,0.06279279279279279,697,11100,0.276237564598019,0.39935966892501346,23.995923662637946,0.4064864864864865,True,True,0.5605092249;0.2181252996;0.2316669551;0.3707979081;0.95;0.95;0.2020086086;0.95;0.325972712;0.8362721814;0.2993435181;0.2334007936,0.8400796556;2.072097608;1.953264399;1.254604531;0.2976063768;0.2276934429;2.237061952;0.2579608484;1.414030367;0.4910760745;1.530799061;1.939147999,6.386486486;13.32189189;12.34189189;8.525405405;4.039459459;3.729459459;14.4527027;4.007297297;9.374054054;4.604594595;10.00675676;12.11621622,0.2408985175;0.3953786247;0.3980436099;0.351628351;0.08147979991;0.06713879629;0.3990434833;0.0704163397;0.3852277324;0.1418811686;0.384354683;0.3993596689,0.1516216216;0.05891891892;0.06405405405;0.09972972973;0.2335135135;0.2572972973;0.0572972973;0.2337837838;0.08567567568;0.2105405405;0.08027027027;0.06945945946,4.201194834;23.98977057;23.98623307;15.49468998;0.2976063768;0.2276934429;23.989346;0.2579608484;23.97140108;0.9464564472;23.95593424;23.99592366,2.0
Expected-AoI Bayes-Safe,2,2,255.9089189189189,14.107567567567568,12.889837837837836,22.0,36.0,30.295045045045047,0.005923423423423424,0.0004054054054054054,0.1425,0.05243243243243243,0.8640673197940169,20.0,78.0,0.03342342342342342,371,11100,0.23792846754233407,0.3981103912887708,23.993377019087696,0.4064864864864865,True,True,0.2983974043;0.4720337023;0.7619171253;0.95;0.6042558466;0.7527600943;0.6803453125;0.2438339011;0.7053294905;0.1925045361;0.95;0.2931742638,1.535332493;0.9986066978;0.5764720931;0.328976203;0.7746227687;0.5870535051;0.6736618433;1.858825842;0.6430324214;2.34929577;0.2710575607;1.560894842,9.268648649;7.537297297;4.962702703;4.342432432;6.114864865;5.010810811;6.433513514;11.89351351;5.430810811;14.10756757;4.198918919;9.121351351,0.3830032137;0.2650356155;0.1494153344;0.08553381277;0.2116604376;0.1562831628;0.1713285931;0.3923629683;0.1755304718;0.3981103913;0.07201340058;0.3948642086,0.08486486486;0.1194594595;0.1867567568;0.217027027;0.1548648649;0.1862162162;0.1575675676;0.06567567568;0.1762162162;0.05243243243;0.2224324324;0.08648648649,23.52594705;6.976313862;0.9294162793;0.328976203;2.870095993;1.683481546;2.04197106;23.97710656;1.630324214;23.98309748;0.2710575607;23.99337702,2.0
Expected-AoI Bayes-Safe,2,3,303.5421621621622,12.89054054054054,12.719594594594595,25.0,39.0,33.91126126126126,0.007905405405405406,0.0008108108108108108,0.11864864864864866,0.0627027027027027,0.7792363749577135,25.0,82.0,0.04171171171171171,463,11100,0.31385407451078995,0.39713112708814013,23.9976783836974,0.4064864864864865,True,True,0.2469621281;0.8215561338;0.8932287906;0.3220866759;0.225348274;0.2465631425;0.4834834838;0.2778755806;0.2645088005;0.3014458345;0.9387067142;0.2969367479,1.836175919;0.5080937316;0.4222105672;1.429873819;2.006740312;1.839030251;0.9755450403;1.641436133;1.719737046;1.520828652;0.3585144156;1.542388958,11.21081081;4.462432432;4.292702703;8.187567568;12.57972973;12.89054054;7.082972973;9.554324324;10.56648649;9.736486486;3.980540541;10.06351351,0.3905595805;0.1463859237;0.1195882904;0.389930455;0.3964668021;0.3971311271;0.2921361904;0.3886210952;0.3885676136;0.3851395803;0.09738026695;0.3743419688,0.06918918919;0.2116216216;0.2272972973;0.09675675676;0.0627027027;0.06756756757;0.1318918919;0.08540540541;0.07594594595;0.08432432432;0.2321621622;0.07891891892,23.99174042;0.9404686578;0.4666317017;23.99397502;23.99767838;23.97623681;9.859337538;23.94137614;23.98948183;23.01634835;0.3585144156;23.88667502,2.0
Expected-AoI Bayes-Safe,2,4,292.5483783783784,13.292162162162162,13.100256756756757,25.0,39.0,33.41846846846847,0.007972972972972973,0.0011036036036036036,0.11225225225225226,0.062162162162162166,0.9076246407173464,25.0,75.0,0.024054054054054055,267,11100,0.2823598990657609,0.3957299101439913,23.995121992846066,0.4064864864864865,True,True,0.662118963;0.6741961796;0.3640876;0.2460798207;0.2372011855;0.4128728207;0.5024050881;0.4159209977;0.2309431598;0.4380235493;0.7287104513;0.5641011845,0.6966749552;0.6813572012;1.27608378;1.842501298;1.908996959;1.13470463;0.9393093506;1.126874486;1.959226317;1.072981387;0.6151471375;0.8344446437,5.825945946;6.013513514;9.978648649;10.2027027;13.29216216;7.585675676;7.43;9.472162162;12.94324324;8.498108108;5.784324324;6.924054054,0.1911148864;0.17954683;0.3166067325;0.3948928457;0.3957299101;0.3140371734;0.249297779;0.2814140609;0.3944928666;0.2798451456;0.1624320955;0.2289084631,0.1621621622;0.1578378378;0.08810810811;0.07702702703;0.06216216216;0.1110810811;0.1254054054;0.09189189189;0.06243243243;0.1062162162;0.1640540541;0.1386486486,2.773399642;3.213572012;18.60642963;23.99512199;23.98553168;8.988185216;5.253784155;8.971862156;23.97887906;9.681367169;2.1211771;4.310001793,2.0
Expected-AoI Bayes-Safe,2,5,267.80135135135134,12.61918918918919,11.82912162162162,23.0,36.0,31.31756756756757,0.005945945945945946,0.0003153153153153153,0.1323873873873874,0.06243243243243243,0.842945940417665,22.0,69.0,0.012972972972972972,144,11100,0.2519483028578495,0.38726481511946365,23.99744594244589,0.4064864864864865,True,True,0.9411489522;0.4821824971;0.3825098869;0.7544254172;0.3523107703;0.8677360717;0.95;0.2189202535;0.8265150398;0.3376263363;0.2625732011;0.2699141276,0.3546353857;0.9781203331;1.218803669;0.5851252029;1.315645181;0.4538598372;0.2241414152;2.064668323;0.5023771293;1.368663091;1.731770293;1.687095206,4.606216216;7.72027027;8.762432432;5.493243243;10.00702703;4.881081081;4.398918919;12.61918919;4.602702703;8.788648649;10.90108108;11.1827027,0.08904223602;0.2627707057;0.337641557;0.1492859977;0.3591355764;0.1129743;0.05803445292;0.3872648151;0.1315684968;0.3665797631;0.3833296946;0.3857520389,0.2086486486;0.117027027;0.09513513514;0.1748648649;0.08513513514;0.1905405405;0.2143243243;0.06243243243;0.1986486486;0.09459459459;0.07324324324;0.07405405405,0.3546353857;6.537443997;17.1897541;1.140500811;16.38903374;0.6692991862;0.2241414152;23.99744594;1.423771293;20.79443785;23.99626068;23.97728289,2.0
Expected-AoI Bayes-Safe,2,6,212.14594594594595,10.652432432432432,9.943229729729728,19.0,29.0,25.07882882882883,0.0014414414414414415,0.0,0.15765765765765766,0.0745945945945946,0.9095981239557258,18.0,59.0,0.0,0,11100,0.17373609394455916,0.36637735701656127,23.12994252132168,0.4064864864864865,True,True,0.6600953202;0.4082536129;0.95;0.8542797728;0.5796663152;0.95;0.7238759829;0.298421524;0.95;0.3698913443;0.95;0.5870736138,0.6992694381;1.146768836;0.2551559305;0.4699577518;0.8105930222;0.2156180293;0.6208604762;1.535216558;0.2628816135;1.257463669;0.2571157349;0.7995478023,5.883243243;8.288108108;4.37;4.835405405;7.082972973;4.415405405;6.402432432;10.65243243;4.075135135;9.362972973;4.147027027;6.792972973,0.1818100539;0.2928909596;0.06254768351;0.1196487033;0.2015528596;0.05355485646;0.1412877084;0.366377357;0.06536515795;0.327960119;0.06525180407;0.2065858646,0.1535135135;0.1064864865;0.212972973;0.1951351351;0.1305405405;0.2110810811;0.1494594595;0.07459459459;0.2154054054;0.08837837838;0.2164864865;0.1378378378,1.994155505;10.13537673;0.2551559305;0.6098732553;4.116523245;0.2156180293;1.325162857;23.12994252;0.2628816135;12.41122841;0.2571157349;3.995930221,2.0
Expected-AoI Bayes-Safe,2,7,240.94351351351352,16.934594594594593,13.540499999999994,21.0,39.0,32.63603603603604,0.008716216216216216,0.0024324324324324323,0.1606981981981982,0.04891891891891892,0.8573839517053861,18.0,108.0,0.02873873873873874,319,11100,0.19391801740190676,0.39956274345351656,23.996653270875015,0.4064864864864865,True,True,0.95;0.8194645516;0.5139536145;0.1957148488;0.2668165055;0.95;0.9166527097;0.2817874583;0.4060368001;0.95;0.95;0.8957240492,0.2129344738;0.5105004868;0.9182376412;2.309972111;1.705631049;0.2143947682;0.3910280632;1.619983796;1.152645744;0.2643493157;0.2202876177;0.4190042049,4.304594595;5.085675676;7.017567568;16.93459459;10.76351351;4.526486486;4.240540541;9.826756757;8.537027027;4.194054054;4.039189189;4.407567568,0.05294586917;0.1307985031;0.2605809522;0.3995627435;0.3909121972;0.05452580456;0.1020900295;0.3831042761;0.3168218167;0.06730190685;0.05852506168;0.1098470483,0.2108108108;0.1867567568;0.1286486486;0.04891891892;0.07378378378;0.2151351351;0.2202702703;0.07810810811;0.1045945946;0.2167567568;0.2281081081;0.2164864865,0.2129344738;0.7315014605;4.782376412;23.99665327;23.84776615;0.2143947682;0.3910280632;23.97742359;10.59551592;0.2643493157;0.2202876177;0.5330294346,2.0
Expected-AoI Bayes-Safe,2,8,260.11135135135135,13.577297297297298,12.828999999999999,23.0,37.0,32.31531531531532,0.006554054054054054,0.0013513513513513514,0.1478828828828829,0.06054054054054054,0.8349111924583773,20.0,120.0,0.03342342342342342,371,11100,0.22812176072152304,0.3987491497171563,23.99884749273629,0.4064864864864865,True,True,0.924502767;0.7675714746;0.2938168902;0.223720696;0.8564804989;0.95;0.4732619221;0.198994158;0.3554966144;0.365156396;0.95;0.8950142286,0.3798996382;0.5699618165;1.557699888;2.021057334;0.4673466129;0.2347890628;0.9960890923;2.271318822;1.304697623;1.272612991;0.2590903055;0.4199186836,4.157567568;4.920540541;10.20810811;12.21675676;4.953243243;4.165945946;8.167567568;13.5772973;9.414594595;9.242972973;4.154594595;4.069459459,0.09938995939;0.1505007283;0.3725849733;0.3987491497;0.118352372;0.06263156892;0.2748667468;0.3922628992;0.3423949707;0.3418857602;0.06785365027;0.1159883499,0.2154054054;0.1886486486;0.08108108108;0.06378378378;0.1940540541;0.2227027027;0.1175675676;0.06054054054;0.09081081081;0.09243243243;0.2224324324;0.2251351351,0.3798996382;1.249809083;23.91989028;23.98072966;0.6020398386;0.2347890628;8.345247293;23.99884749;12.72213819;15.55803654;0.2590903055;0.4796747345,2.0
Expected-AoI Bayes-Safe,2,9,290.17621621621623,14.40081081081081,13.615797297297295,25.0,42.0,34.93648648648649,0.01096846846846847,0.0019369369369369369,0.1355855855855856,0.052162162162162164,0.7948778147663857,22.0,81.0,0.06063063063063063,673,11100,0.25753748339631516,0.40011538987963535,23.99677052404865,0.4064864864864865,True,True,0.3257577326;0.6871221964;0.2523803769;0.1963495047;0.5437054116;0.2493362779;0.95;0.4363495231;0.95;0.6652629851;0.95;0.2127973752,1.414897118;0.6652565043;1.798374164;2.302374716;0.8671448273;1.819394726;0.209506079;1.076896197;0.2790122724;0.6926602831;0.247425482;2.123503268,9.900810811;5.949189189;11.45675676;14.40081081;6.731621622;11.70459459;3.964594595;7.483783784;4.002432432;5.703513514;3.948918919;12.97351351,0.37360932;0.1736858873;0.3917539396;0.4001153899;0.2456129132;0.3978081982;0.05758586008;0.3108446319;0.07623821821;0.1976889889;0.06720611064;0.3983003428,0.08243243243;0.1643243243;0.07;0.05216216216;0.1391891892;0.06837837838;0.2375675676;0.1137837838;0.2356756757;0.1691891892;0.2343243243;0.06,19.49160488;1.726282521;23.99677052;23.99472673;6.744331028;23.98939065;0.209506079;7.445159281;0.2790122724;2.926602831;0.247425482;23.99267976,2.0
Expected-AoI Bayes-Safe,4,0,263.2908108108108,13.086216216216217,12.847783783783784,24.0,38.0,32.67207207207207,0.007815315315315315,0.0005630630630630631,0.15211711711711715,0.06432432432432432,0.8482636156894565,20.0,72.0,0.02027027027027027,225,11100,0.21717671627196491,0.402235410841772,23.990467759637276,0.4064864864864865,True,True,0.95;0.2315765095;0.95;0.8081176242;0.6281327393;0.795200025;0.3394136806;0.9476946562;0.5005847781;0.95;0.23436609;0.2528380647,0.3369544871;1.95400716;0.2191119648;0.5235225351;0.7414402559;0.5383055036;1.361973486;0.3438720469;0.9427001774;0.2738400263;1.931388168;1.795260579,4.196756757;12.64675676;4.008378378;5.328918919;6.422162162;5.101621622;10.51972973;4.288918919;8.06972973;4.509459459;12.6527027;13.08621622,0.08760816665;0.3960825323;0.05797584149;0.1407851142;0.1943775806;0.1486887094;0.3835611818;0.0851315662;0.2473951006;0.06712781185;0.3951515793;0.4022354108,0.2227027027;0.06432432432;0.2286486486;0.1913513514;0.1586486486;0.1932432432;0.08405405405;0.2178378378;0.1218918919;0.2097297297;0.06621621622;0.06675675676,0.3369544871;23.98611924;0.2191119648;0.8940901405;1.765761024;1.091527518;22.79301899;0.3438720469;4.369701952;0.2738400263;23.98550078;23.99046776,2.0
Expected-AoI Bayes-Safe,4,1,318.01324324324327,14.797837837837838,14.696756756756757,28.0,43.0,38.094144144144146,0.013851351351351352,0.002274774774774775,0.13313063063063066,0.05945945945945946,0.7575797609268877,25.0,88.0,0.07036036036036036,781,11100,0.2774375076596679,0.4009319510861356,23.99994003149108,0.4064864864864865,True,True,0.5605092249;0.2181252996;0.2316669551;0.3707979081;0.95;0.95;0.2020086086;0.95;0.325972712;0.8362721814;0.2993435181;0.2334007936,0.8400796556;2.072097608;1.953264399;1.254604531;0.2976063768;0.2276934429;2.237061952;0.2579608484;1.414030367;0.4910760745;1.530799061;1.939147999,6.566756757;14.79783784;13.51756757;9.306216216;3.934864865;3.757837838;14.61405405;4.105135135;9.540810811;4.571081081;11.39918919;13.08459459,0.2433960516;0.3970587039;0.3980436099;0.3546800917;0.08011241926;0.06664648614;0.398438872;0.06944027162;0.3867564138;0.1402884894;0.3934567315;0.4009319511,0.1502702703;0.05945945946;0.06567567568;0.09567567568;0.2305405405;0.2548648649;0.06081081081;0.2362162162;0.09054054054;0.2132432432;0.07513513514;0.06513513514,4.040876212;23.99102781;23.99994003;19.48212041;0.2976063768;0.2276934429;23.99741847;0.2579608484;22.52930998;0.8553803727;23.97113987;23.99592366,2.0
Expected-AoI Bayes-Safe,4,2,280.6418918918919,16.446216216216218,14.140378378378376,24.0,40.0,33.90810810810811,0.009144144144144144,0.0020495495495495494,0.14128378378378378,0.05189189189189189,0.8591241557663067,22.0,87.0,0.02945945945945946,327,11100,0.23866034128536376,0.40065017049954454,23.99999833779977,0.4064864864864865,True,True,0.2983974043;0.4720337023;0.7619171253;0.95;0.6042558466;0.7527600943;0.6803453125;0.2438339011;0.7053294905;0.1925045361;0.95;0.2931742638,1.535332493;0.9986066978;0.5764720931;0.328976203;0.7746227687;0.5870535051;0.6736618433;1.858825842;0.6430324214;2.34929577;0.2710575607;1.560894842,11.01297297;8.012162162;5.427567568;4.284054054;6.937837838;5.282162162;6.406756757;12.25378378;5.91972973;16.44621622;4.403243243;9.834864865,0.387152761;0.2628764658;0.15206399;0.08437795044;0.206845215;0.1567591522;0.1764265746;0.3963820512;0.1729235836;0.4006501705;0.07091451858;0.3965516625,0.07918918919;0.1194594595;0.1867567568;0.2224324324;0.1448648649;0.1862162162;0.1637837838;0.06675675676;0.1724324324;0.05189189189;0.2181081081;0.08351351351,23.89101478;4.984673675;0.9294162793;0.328976203;3.320850455;1.122321031;2.04197106;23.97730313;1.615162107;23.99999834;0.2710575607;22.82353376,2.0
Expected-AoI Bayes-Safe,4,3,338.9289189189189,13.16027027027027,12.961972972972973,29.0,44.0,37.82747747747748,0.014144144144144144,0.0012837837837837837,0.11635135135135137,0.06432432432432432,0.7635111799259136,27.0,74.0,0.045585585585585585,506,11100,0.3152239318282842,0.3965147456743761,23.996942914875593,0.4064864864864865,True,True,0.2469621281;0.8215561338;0.8932287906;0.3220866759;0.225348274;0.2465631425;0.4834834838;0.2778755806;0.2645088005;0.3014458345;0.9387067142;0.2969367479,1.836175919;0.5080937316;0.4222105672;1.429873819;2.006740312;1.839030251;0.9755450403;1.641436133;1.719737046;1.520828652;0.3585144156;1.542388958,13.16027027;4.581351351;4.305405405;9.581621622;12.79972973;12.79216216;7.644864865;10.80891892;12.64432432;11.49216216;4.302702703;12.00567568,0.3965147457;0.1450126974;0.1165072944;0.3934085264;0.3964668021;0.3951429863;0.2894995822;0.3917265149;0.3941451392;0.3896609628;0.09650820485;0.3780937258,0.06864864865;0.2175675676;0.2291891892;0.08837837838;0.06513513514;0.06432432432;0.132972973;0.08;0.07108108108;0.08054054054;0.2262162162;0.07216216216,23.99694291;0.9404686578;0.4666317017;23.64167269;23.98419776;23.96169057;8.397346652;23.95079393;23.97633413;23.98297756;0.3585144156;23.99396233,2.0
Expected-AoI Bayes-Safe,4,4,311.15216216216214,14.291891891891892,13.179851351351349,26.0,39.0,34.40495495495495,0.008018018018018018,0.0012612612612612612,0.11468468468468468,0.06405405405405405,0.9129157093335157,26.849999999999454,98.0,0.021351351351351352,237,11100,0.2823740628419867,0.3952139650199444,23.99586619484043,0.4064864864864865,True,True,0.662118963;0.6741961796;0.3640876;0.2460798207;0.2372011855;0.4128728207;0.5024050881;0.4159209977;0.2309431598;0.4380235493;0.7287104513;0.5641011845,0.6966749552;0.6813572012;1.27608378;1.842501298;1.908996959;1.13470463;0.9393093506;1.126874486;1.959226317;1.072981387;0.6151471375;0.8344446437,6.530540541;6.597297297;10.37864865;12.07189189;14.29189189;8.329189189;7.404054054;9.637567568;12.27;8.474324324;6.10027027;6.798378378,0.1922446295;0.1791785289;0.3172965075;0.3943948724;0.395213965;0.3103570503;0.2487900442;0.288723517;0.3934338253;0.2810051255;0.1620995835;0.225751105,0.1581081081;0.1564864865;0.08891891892;0.07135135135;0.06405405405;0.1127027027;0.1289189189;0.1018918919;0.06621621622;0.1143243243;0.162972973;0.1502702703,2.270074597;1.569500408;12.83468097;23.99257917;23.99586619;8.653480586;3.932402856;6.756866266;23.98158994;6.640683585;1.26058855;3.07555715,2.0
Expected-AoI Bayes-Safe,4,5,295.9908108108108,14.571621621621622,13.269905405405403,26.0,41.0,34.83468468468468,0.010337837837837838,0.0007657657657657658,0.13202702702702704,0.06108108108108108,0.8327857210160985,24.0,76.0,0.012432432432432432,138,11100,0.2523446406421191,0.3911709443785937,23.996260682679655,0.4064864864864865,True,True,0.9411489522;0.4821824971;0.3825098869;0.7544254172;0.3523107703;0.8677360717;0.95;0.2189202535;0.8265150398;0.3376263363;0.2625732011;0.2699141276,0.3546353857;0.9781203331;1.218803669;0.5851252029;1.315645181;0.4538598372;0.2241414152;2.064668323;0.5023771293;1.368663091;1.731770293;1.687095206,4.693243243;8.079459459;9.284864865;5.944864865;11.02918919;5.026756757;4.324864865;14.57162162;4.716216216;10.13945946;12.03594595;12.20486486,0.08885054122;0.2638281331;0.334347493;0.1503929913;0.345267965;0.1138329538;0.05748924407;0.3911709444;0.1308896088;0.3750876688;0.3889462469;0.3880318973,0.2110810811;0.1218918919;0.09621621622;0.1713513514;0.08216216216;0.1935135135;0.2183783784;0.06108108108;0.1997297297;0.08648648649;0.06918918919;0.07324324324,0.3546353857;6.053008328;10.25812842;1.140500811;16.69790422;0.615439349;0.2241414152;23.96874781;0.9118856464;20.79443785;23.99626068;23.95137604,2.0
Expected-AoI Bayes-Safe,4,6,221.3116216216216,10.784324324324324,10.242202702702702,20.0,30.0,26.232432432432432,0.0018918918918918919,0.00015765765765765765,0.15853603603603603,0.08,0.9154917114568685,19.0,67.0,0.0,0,11100,0.17412991284814372,0.37011166756372915,22.68474512260107,0.4064864864864865,True,True,0.6600953202;0.4082536129;0.95;0.8542797728;0.5796663152;0.95;0.7238759829;0.298421524;0.95;0.3698913443;0.95;0.5870736138,0.6992694381;1.146768836;0.2551559305;0.4699577518;0.8105930222;0.2156180293;0.6208604762;1.535216558;0.2628816135;1.257463669;0.2571157349;0.7995478023,5.845135135;9.156216216;4.497837838;4.836756757;7.715675676;4.491621622;6.473243243;10.78432432;4.222702703;9.798648649;4.249459459;6.991351351,0.1831329961;0.3006393976;0.06192703395;0.1193946721;0.1984857509;0.05332175589;0.1401131075;0.3701116676;0.0655783052;0.3242217135;0.06518231333;0.2074502406,0.1637837838;0.1016216216;0.2081081081;0.1997297297;0.1262162162;0.2094594595;0.1505405405;0.08;0.2108108108;0.0972972973;0.2183783784;0.1364864865,1.597077752;7.203065091;0.2551559305;0.6798310071;3.337709289;0.2156180293;1.283441905;22.68474512;0.2628816135;10.35151906;0.2571157349;2.795930221,2.0
Expected-AoI Bayes-Safe,4,7,253.07297297297296,17.687567567567566,14.484932432432426,23.0,41.0,35.30945945945946,0.010833333333333334,0.0033333333333333335,0.1624774774774775,0.05243243243243243,0.8619149300110808,19.0,119.0,0.025225225225225224,280,11100,0.19414219358325988,0.4020600106001011,23.999095240934455,0.4064864864864865,True,True,0.95;0.8194645516;0.5139536145;0.1957148488;0.2668165055;0.95;0.9166527097;0.2817874583;0.4060368001;0.95;0.95;0.8957240492,0.2129344738;0.5105004868;0.9182376412;2.309972111;1.705631049;0.2143947682;0.3910280632;1.619983796;1.152645744;0.2643493157;0.2202876177;0.4190042049,4.308918919;5.227567568;7.646216216;17.68756757;11.86459459;4.498378378;4.143783784;10.76972973;8.865945946;4.296486486;4.219189189;4.512162162,0.0535789176;0.1301086376;0.2580992289;0.4020600106;0.3941390667;0.05446786003;0.1014559299;0.3835421096;0.3161987649;0.06730190685;0.05822737571;0.1105265146,0.2202702703;0.1856756757;0.1297297297;0.05243243243;0.0772972973;0.2148648649;0.2216216216;0.0772972973;0.1094594595;0.2181081081;0.2272972973;0.2156756757,0.2129344738;0.7315014605;4.500614054;23.99909524;23.00659888;0.2143947682;0.3910280632;23.81593284;7.800538271;0.2643493157;0.2202876177;0.5520336396,2.0
Expected-AoI Bayes-Safe,4,8,292.5943243243243,16.045945945945945,15.592716216216216,26.0,43.0,38.07702702702703,0.011891891891891892,0.004369369369369369,0.14524774774774774,0.05324324324324324,0.8285554174018944,21.0,120.0,0.02927927927927928,325,11100,0.22921191049654713,0.3987491497171563,23.997182999806576,0.4064864864864865,True,True,0.924502767;0.7675714746;0.2938168902;0.223720696;0.8564804989;0.95;0.4732619221;0.198994158;0.3554966144;0.365156396;0.95;0.8950142286,0.3798996382;0.5699618165;1.557699888;2.021057334;0.4673466129;0.2347890628;0.9960890923;2.271318822;1.304697623;1.272612991;0.2590903055;0.4199186836,4.480540541;5.260540541;10.96;15.22189189;5.229459459;4.286756757;8.484594595;16.04594595;10.72054054;9.61;4.251891892;4.251891892,0.1003140396;0.1523492531;0.3826889726;0.3987491497;0.1177208225;0.06136243885;0.2654442824;0.3934906391;0.3624943665;0.3332870237;0.06631311332;0.1163288245,0.2121621622;0.187027027;0.07837837838;0.05945945946;0.1894594595;0.2210810811;0.1172972973;0.05324324324;0.08594594595;0.09675675676;0.2189189189;0.2232432432,0.3798996382;1.079847266;23.20449051;23.98028291;0.7367330643;0.2347890628;6.737425477;23.997183;13.85502155;11.59497158;0.2590903055;0.4597560509,2.0
Expected-AoI Bayes-Safe,4,9,309.0935135135135,15.037837837837838,14.493932432432432,27.0,43.0,37.07297297297297,0.01313063063063063,0.0021846846846846845,0.13594594594594595,0.05324324324324324,0.8067344519157136,24.0,93.0,0.0681081081081081,756,11100,0.258179740325948,0.400758568047397,23.99895233154084,0.4064864864864865,True,True,0.3257577326;0.6871221964;0.2523803769;0.1963495047;0.5437054116;0.2493362779;0.95;0.4363495231;0.95;0.6652629851;0.95;0.2127973752,1.414897118;0.6652565043;1.798374164;2.302374716;0.8671448273;1.819394726;0.209506079;1.076896197;0.2790122724;0.6926602831;0.247425482;2.123503268,10.76783784;6.089189189;11.65891892;15.03783784;7.28027027;12.74297297;4.020540541;7.89972973;4.092702703;6.018378378;4.061081081;14.04891892,0.3682556552;0.1738656864;0.3917539396;0.4007376533;0.247019094;0.400758568;0.05679313438;0.3166656925;0.07555953971;0.1997482492;0.06640364962;0.400596022,0.08432432432;0.1659459459;0.07216216216;0.05324324324;0.1405405405;0.07027027027;0.2310810811;0.1197297297;0.2310810811;0.1716216216;0.2308108108;0.06054054054,21.38954724;1.591539026;23.98376384;23.99895233;5.074317237;23.99407707;0.209506079;9.507235345;0.2790122724;2.048621982;0.247425482;23.99686293,2.0
Expected-AoI Bayes-Safe,8,0,265.21054054054053,13.86945945945946,13.263567567567566,25.0,39.0,33.847747747747746,0.008603603603603604,0.0013963963963963964,0.15304054054054053,0.060810810810810814,0.8596104364976259,20.0,87.0,0.024324324324324326,270,11100,0.21757523851366842,0.4007797941559755,23.998622883977745,0.4064864864864865,True,True,0.95;0.2315765095;0.95;0.8081176242;0.6281327393;0.795200025;0.3394136806;0.9476946562;0.5005847781;0.95;0.23436609;0.2528380647,0.3369544871;1.95400716;0.2191119648;0.5235225351;0.7414402559;0.5383055036;1.361973486;0.3438720469;0.9427001774;0.2738400263;1.931388168;1.795260579,4.205945946;13.86945946;4.221621622;5.102702703;6.475675676;5.148648649;9.958108108;4.513243243;8.615135135;4.487567568;12.39486486;12.76783784,0.08697068519;0.3971387524;0.05833115819;0.1400776513;0.1965818624;0.1492706613;0.3784077686;0.08373749033;0.2547838317;0.06601764958;0.3988055569;0.4007797942,0.2213513514;0.06081081081;0.2254054054;0.197027027;0.1575675676;0.1951351351;0.09297297297;0.2118918919;0.1251351351;0.2054054054;0.07081081081;0.07297297297,0.3369544871;23.99862288;0.2191119648;1.017612676;2.048641536;0.8149165108;16.33670083;0.3438720469;3.684301597;0.2738400263;23.99010121;23.99426286,2.0
Expected-AoI Bayes-Safe,8,1,332.4418918918919,15.26108108108108,14.73635135135135,31.0,47.0,40.51036036036036,0.01912162162162162,0.0019144144144144144,0.13166666666666668,0.06,0.7634105470904203,26.0,85.0,0.06630630630630631,736,11100,0.278596978346669,0.4046006094620873,23.997418465139447,0.4064864864864865,True,True,0.5605092249;0.2181252996;0.2316669551;0.3707979081;0.95;0.95;0.2020086086;0.95;0.325972712;0.8362721814;0.2993435181;0.2334007936,0.8400796556;2.072097608;1.953264399;1.254604531;0.2976063768;0.2276934429;2.237061952;0.2579608484;1.414030367;0.4910760745;1.530799061;1.939147999,7.164864865;15.26108108;14.19162162;9.986216216;3.995945946;3.833243243;14.27594595;4.291621622;11.45864865;4.860810811;11.61702703;14.30702703,0.2479370227;0.3976187303;0.3985715192;0.3618008201;0.0800319851;0.06529263323;0.3996480947;0.06790645036;0.3913424583;0.13909398;0.3893194367;0.4046006095,0.1486486486;0.06;0.06567567568;0.09864864865;0.2321621622;0.2467567568;0.06;0.2294594595;0.08432432432;0.21;0.07918918919;0.06513513514,4.440876212;23.99669688;23.99586392;16.17161167;0.2976063768;0.2276934429;23.99741847;0.2579608484;21.35737072;0.7643042981;23.40232672;23.99592366,2.0
Expected-AoI Bayes-Safe,8,2,301.37054054054056,18.618108108108107,16.665608108108106,27.0,46.0,38.76531531531531,0.015427927927927928,0.003288288288288288,0.14024774774774776,0.049189189189189186,0.8655067315974242,23.0,105.0,0.04297297297297297,477,11100,0.23910711849284447,0.39874533609146423,23.999999002679786,0.4064864864864865,True,True,0.2983974043;0.4720337023;0.7619171253;0.95;0.6042558466;0.7527600943;0.6803453125;0.2438339011;0.7053294905;0.1925045361;0.95;0.2931742638,1.535332493;0.9986066978;0.5764720931;0.328976203;0.7746227687;0.5870535051;0.6736618433;1.858825842;0.6430324214;2.34929577;0.2710575607;1.560894842,10.78351351;8.293513514;5.578378378;4.564324324;7.127837838;5.487297297;6.431891892;15.06810811;5.881891892;18.61810811;4.618108108;10.15432432,0.3875677158;0.2661151903;0.1500385475;0.08384447552;0.2135446551;0.1569178153;0.1762445039;0.3978892073;0.1715332432;0.3987453361;0.06944934257;0.3973953894,0.08513513514;0.1213513514;0.1821621622;0.2132432432;0.1494594595;0.1835135135;0.1656756757;0.05972972973;0.1754054054;0.04918918919;0.21;0.08810810811,23.12594705;4.190246884;0.9294162793;0.328976203;2.273113843;1.522321031;1.24197106;23.97734245;1.372129686;23.999999;0.2710575607;23.30174408,2.0
Expected-AoI Bayes-Safe,8,3,364.7562162162162,15.654054054054054,14.807054054054053,32.0,48.0,41.787837837837834,0.021396396396396396,0.002635135135135135,0.1156981981981982,0.06189189189189189,0.7752899084921328,28.0,96.0,0.05054054054054054,561,11100,0.315839947115887,0.4001133383053227,23.999775462680418,0.4064864864864865,True,True,0.2469621281;0.8215561338;0.8932287906;0.3220866759;0.225348274;0.2465631425;0.4834834838;0.2778755806;0.2645088005;0.3014458345;0.9387067142;0.2969367479,1.836175919;0.5080937316;0.4222105672;1.429873819;2.006740312;1.839030251;0.9755450403;1.641436133;1.719737046;1.520828652;0.3585144156;1.542388958,12.7327027;4.748648649;4.450540541;10.19324324;15.65405405;13.77243243;7.928378378;11.95135135;14.11405405;11.55189189;4.602972973;11.96513514,0.3945296906;0.1437767938;0.1167355163;0.3968865979;0.3970091643;0.4001133383;0.294245477;0.3921701463;0.3960043143;0.389249928;0.09418270594;0.3751756926,0.07135135135;0.2113513514;0.2254054054;0.09135135135;0.06189189189;0.06540540541;0.1343243243;0.07810810811;0.06783783784;0.08243243243;0.22;0.07891891892,23.97629397;0.7242811947;0.4444211345;23.80268214;23.99977546;23.99611235;5.91962145;23.99387791;23.9987162;23.92866578;0.3585144156;23.95929232,2.0
Expected-AoI Bayes-Safe,8,4,330.3116216216216,14.492432432432432,14.031472972972972,29.0,44.0,38.604504504504504,0.01545045045045045,0.001981981981981982,0.11168918918918919,0.0645945945945946,0.9108641291037756,28.0,88.0,0.01144144144144144,127,11100,0.28338928445167816,0.3988766323066961,23.99853179602583,0.4064864864864865,True,True,0.662118963;0.6741961796;0.3640876;0.2460798207;0.2372011855;0.4128728207;0.5024050881;0.4159209977;0.2309431598;0.4380235493;0.7287104513;0.5641011845,0.6966749552;0.6813572012;1.27608378;1.842501298;1.908996959;1.13470463;0.9393093506;1.126874486;1.959226317;1.072981387;0.6151471375;0.8344446437,6.712162162;6.368108108;11.71405405;13.65432432;14.49243243;9.839459459;8.258108108;10.34405405;12.32027027;9.558378378;6.353243243;7.577027027,0.1899851432;0.1764162699;0.3221249326;0.3988766323;0.3988255809;0.3161839119;0.2531057899;0.2853733496;0.3981995109;0.2778151808;0.157111904;0.2266532073,0.1559459459;0.1548648649;0.08405405405;0.06810810811;0.06459459459;0.1027027027;0.1254054054;0.1;0.07135135135;0.1037837838;0.1632432432;0.1462162162,2.180049731;1.525428805;10.98684853;23.99532964;23.99586619;9.649366694;4.071712207;5.995619349;23.9985318;6.240683585;1.475735687;3.041112506,2.0
Expected-AoI Bayes-Safe,8,5,312.8572972972973,17.026486486486487,14.566054054054051,28.0,45.0,38.82297297297297,0.015157657657657657,0.00259009009009009,0.13213963963963962,0.054324324324324325,0.8434111115260169,24.0,115.0,0.008468468468468469,94,11100,0.2538554278750005,0.3950770736377237,23.982193319350777,0.4064864864864865,True,True,0.9411489522;0.4821824971;0.3825098869;0.7544254172;0.3523107703;0.8677360717;0.95;0.2189202535;0.8265150398;0.3376263363;0.2625732011;0.2699141276,0.3546353857;0.9781203331;1.218803669;0.5851252029;1.315645181;0.4538598372;0.2241414152;2.064668323;0.5023771293;1.368663091;1.731770293;1.687095206,4.670540541;8.313783784;10.04189189;6.195675676;11.15540541;5.072702703;4.663783784;17.02648649;4.831351351;10.43945946;12.37216216;12.55297297,0.08635850878;0.2683221995;0.3389591826;0.1499185655;0.3502460819;0.1107663333;0.05688345646;0.3950770736;0.1300749432;0.3776770314;0.3884782009;0.3935035574,0.2078378378;0.1259459459;0.1013513514;0.1694594595;0.08783783784;0.19;0.2113513514;0.05432432432;0.2;0.08837837838;0.07243243243;0.07675675676,0.3546353857;3.337443997;10.29573576;0.9553756086;13.91290362;0.5615795117;0.2241414152;23.97740359;0.7071313878;17.31518675;23.98219332;23.88042399,2.0
Expected-AoI Bayes-Safe,8,6,240.9,12.69135135135135,11.898162162162162,22.0,35.0,30.557207207207206,0.005585585585585586,0.0010585585585585586,0.1572072072072072,0.07405405405405406,0.9095166772477384,20.0,85.0,0.000990990990990991,11,11100,0.17508164799133108,0.3688668973813399,23.961579189764517,0.4064864864864865,True,True,0.6600953202;0.4082536129;0.95;0.8542797728;0.5796663152;0.95;0.7238759829;0.298421524;0.95;0.3698913443;0.95;0.5870736138,0.6992694381;1.146768836;0.2551559305;0.4699577518;0.8105930222;0.2156180293;0.6208604762;1.535216558;0.2628816135;1.257463669;0.2571157349;0.7995478023,6.033783784;9.649189189;4.403513514;4.59027027;8.175945946;4.562162162;6.794864865;12.69135135;4.412972973;11.24918919;4.388378378;7.846756757,0.1852119052;0.3012592727;0.06172015076;0.1168543599;0.200895622;0.05227280332;0.1402809076;0.3688668974;0.06429942167;0.3340775098;0.06476536889;0.2104755566,0.1635135135;0.09918918919;0.2091891892;0.2032432432;0.132972973;0.2075675676;0.1518918919;0.07405405405;0.2089189189;0.08783783784;0.2137837838;0.1343243243,1.297808314;6.403065091;0.2551559305;0.6798310071;4.0953372;0.2156180293;1.283441905;23.96157919;0.2628816135;12.64782012;0.2571157349;2.397739012,2.0
Expected-AoI Bayes-Safe,8,7,258.1116216216216,16.913243243243244,14.67474324324324,24.0,43.0,35.95945945945946,0.012207207207207207,0.0023423423423423423,0.1621171171171171,0.05459459459459459,0.8701944581607597,19.0,104.0,0.02855855855855856,317,11100,0.19488161397301038,0.4020600106001011,23.996653270874976,0.4064864864864865,True,True,0.95;0.8194645516;0.5139536145;0.1957148488;0.2668165055;0.95;0.9166527097;0.2817874583;0.4060368001;0.95;0.95;0.8957240492,0.2129344738;0.5105004868;0.9182376412;2.309972111;1.705631049;0.2143947682;0.3910280632;1.619983796;1.152645744;0.2643493157;0.2202876177;0.4190042049,4.413783784;5.188378378;7.412972973;16.91324324;12.84324324;4.372972973;4.357027027;11.31648649;9.738648649;4.35027027;4.272432432;4.746216216,0.05375156718;0.1296947183;0.2650480543;0.4020600106;0.3946000481;0.05383047018;0.1011388801;0.3861691103;0.3186909719;0.06644455772;0.05787015255;0.1092808264,0.2181081081;0.1883783784;0.1367567568;0.05459459459;0.07837837838;0.217027027;0.2151351351;0.08243243243;0.1067567568;0.2164864865;0.2216216216;0.2097297297,0.2129344738;0.7315014605;3.582376412;23.99665327;20.83883077;0.2143947682;0.3910280632;23.93551154;7.189955295;0.2643493157;0.2202876177;0.5520336396,2.0
Expected-AoI Bayes-Safe,8,8,298.42972972972973,17.93891891891892,15.87924324324324,27.0,46.0,39.66171171171171,0.016193693693693695,0.0036036036036036037,0.14533783783783785,0.051351351351351354,0.8340387405755758,23.0,111.0,0.04288288288288288,476,11100,0.22993391416035858,0.3996293386248993,23.99718299980737,0.4064864864864865,True,True,0.924502767;0.7675714746;0.2938168902;0.223720696;0.8564804989;0.95;0.4732619221;0.198994158;0.3554966144;0.365156396;0.95;0.8950142286,0.3798996382;0.5699618165;1.557699888;2.021057334;0.4673466129;0.2347890628;0.9960890923;2.271318822;1.304697623;1.272612991;0.2590903055;0.4199186836,4.759459459;5.168648649;11.65216216;14.19405405;5.335675676;4.357297297;8.834054054;17.93891892;10.67324324;10.7;4.577567568;4.253783784,0.09969798613;0.1528113843;0.3793209728;0.398202918;0.1177208225;0.05983948277;0.2727130407;0.3996293386;0.3600260197;0.3374144172;0.06652318654;0.1153074007,0.2083783784;0.1902702703;0.07864864865;0.06459459459;0.1916216216;0.217027027;0.1205405405;0.05135135135;0.09162162162;0.09135135135;0.2197297297;0.2189189189,0.3798996382;0.9098854496;22.65088693;23.98072966;0.5346932257;0.2347890628;4.360890923;23.997183;14.36776449;13.9236157;0.2590903055;0.4597560509,2.0
Expected-AoI Bayes-Safe,8,9,328.417027027027,16.055675675675676,15.812783783783784,29.0,46.0,39.58918918918919,0.017747747747747747,0.002072072072072072,0.13574324324324324,0.052702702702702706,0.8068863448622204,25.0,82.0,0.07063063063063063,784,11100,0.259060597829417,0.40260444362694264,23.998640683480815,0.4064864864864865,True,True,0.3257577326;0.6871221964;0.2523803769;0.1963495047;0.5437054116;0.2493362779;0.95;0.4363495231;0.95;0.6652629851;0.95;0.2127973752,1.414897118;0.6652565043;1.798374164;2.302374716;0.8671448273;1.819394726;0.209506079;1.076896197;0.2790122724;0.6926602831;0.247425482;2.123503268,11.27081081;6.551081081;13.20135135;16.05567568;7.313243243;13.56135135;4.129459459;7.696486486;4.152432432;5.928918919;4.145405405;15.61405405,0.3747565339;0.1745848826;0.3898097513;0.4026044436;0.2500658191;0.3987916548;0.05600040867;0.3233599121;0.07367432165;0.2008714821;0.06533370159;0.3988742626,0.08783783784;0.1683783784;0.07;0.0527027027;0.1421621622;0.06675675676;0.2272972973;0.1240540541;0.227027027;0.1772972973;0.2289189189;0.05648648649,16.57053483;1.726282521;23.97400882;23.9920901;3.605737928;23.98073508;0.209506079;5.629989707;0.2790122724;1.570641132;0.247425482;23.99864068,2.0
Perfect-AoI Bayes-Safe,2,0,205.3,10.464054054054055,10.067013513513512,18.0,30.0,25.855405405405406,0.002815315315315315,0.000518018018018018,0.1538963963963964,0.07027027027027027,0.8775899679405418,17.0,77.0,0.03702702702702703,411,11100,0.21494313265961096,0.39723956648911785,23.99998220044637,0.4064864864864865,True,True,0.95;0.2315765095;0.95;0.8081176242;0.6281327393;0.795200025;0.3394136806;0.9476946562;0.5005847781;0.95;0.23436609;0.2528380647,0.3369544871;1.95400716;0.2191119648;0.5235225351;0.7414402559;0.5383055036;1.361973486;0.3438720469;0.9427001774;0.2738400263;1.931388168;1.795260579,3.812972973;10.46405405;3.684594595;4.470540541;5.299459459;4.373783784;7.227837838;4.015405405;6.45027027;4.014324324;9.742162162;8.742432432,0.08779030421;0.3881608817;0.05916023049;0.1448883989;0.197784198;0.1539262764;0.3710457498;0.08680445724;0.2287958809;0.06779390921;0.3972395665;0.3959277385,0.2167567568;0.07027027027;0.2245945946;0.1886486486;0.1502702703;0.1848648649;0.09891891892;0.217027027;0.1159459459;0.2113513514;0.08135135135;0.08675675676,0.3369544871;23.99443673;0.2191119648;1.758747886;2.955842815;1.783055036;22.31287139;0.3438720469;6.968603194;0.2738400263;23.98550078;23.9999822,2.0
Perfect-AoI Bayes-Safe,2,1,264.30945945945945,15.821621621621622,13.238405405405402,23.0,41.0,37.12027027027027,0.010450450450450451,0.0038513513513513515,0.13646396396396399,0.06108108108108108,0.7912124221589164,21.0,190.0,0.08504504504504505,944,11100,0.2745033856023849,0.39935966892501346,23.995923662637914,0.4064864864864865,True,True,0.5605092249;0.2181252996;0.2316669551;0.3707979081;0.95;0.95;0.2020086086;0.95;0.325972712;0.8362721814;0.2993435181;0.2334007936,0.8400796556;2.072097608;1.953264399;1.254604531;0.2976063768;0.2276934429;2.237061952;0.2579608484;1.414030367;0.4910760745;1.530799061;1.939147999,5.882162162;11.12486486;11.08702703;7.193783784;3.63972973;3.423243243;15.82162162;3.773513514;6.896756757;4.059459459;7.853783784;10.26486486,0.2254592157;0.3886583082;0.3948761541;0.3536628448;0.08405369289;0.06843111042;0.398438872;0.07083465459;0.3806416879;0.1469246526;0.3826997651;0.3993596689,0.1335135135;0.06837837838;0.07297297297;0.1043243243;0.2294594595;0.2537837838;0.06108108108;0.2340540541;0.1043243243;0.2072972973;0.09216216216;0.07621621622,4.481752424;23.97922108;23.99172785;19.0262162;0.2976063768;0.2276934429;23.99203682;0.2579608484;23.97140108;1.40183682;23.98634551;23.99592366,2.0
Perfect-AoI Bayes-Safe,2,2,223.27675675675675,13.368108108108109,10.987797297297295,19.0,33.0,27.93063063063063,0.0051126126126126124,0.0006981981981981982,0.1386036036036036,0.05837837837837838,0.8870982823819537,19.0,78.0,0.0372972972972973,414,11100,0.23660140902121474,0.39620555688069053,23.999999002679775,0.4064864864864865,True,True,0.2983974043;0.4720337023;0.7619171253;0.95;0.6042558466;0.7527600943;0.6803453125;0.2438339011;0.7053294905;0.1925045361;0.95;0.2931742638,1.535332493;0.9986066978;0.5764720931;0.328976203;0.7746227687;0.5870535051;0.6736618433;1.858825842;0.6430324214;2.34929577;0.2710575607;1.560894842,8.247567568;6.713783784;4.753243243;3.910540541;5.502972973;4.72972973;5.465945946;9.04027027;5.103513514;13.36810811;3.954594595;7.444324324,0.3755340286;0.2499215681;0.1519081867;0.08615620019;0.2114510801;0.1605670668;0.1782472823;0.3953772805;0.172402206;0.3962055569;0.07333205898;0.3881143931,0.09;0.1154054054;0.1718918919;0.2151351351;0.1437837838;0.1708108108;0.147027027;0.08162162162;0.1591891892;0.05837837838;0.217027027;0.09297297297,23.88579575;9.569347351;1.988248838;0.328976203;4.81934153;2.270535051;3.68394212;23.97671341;2.344259371;23.999999;0.2710575607;23.89726987,2.0
Perfect-AoI Bayes-Safe,2,3,261.01054054054055,12.121351351351352,11.126297297297295,22.0,38.0,32.57387387387387,0.007837837837837838,0.0025,0.12259009009009009,0.07027027027027027,0.814223697299755,22.0,89.0,0.0718018018018018,797,11100,0.31204023364845646,0.3930408993418096,23.997678383697526,0.4064864864864865,True,True,0.2469621281;0.8215561338;0.8932287906;0.3220866759;0.225348274;0.2465631425;0.4834834838;0.2778755806;0.2645088005;0.3014458345;0.9387067142;0.2969367479,1.836175919;0.5080937316;0.4222105672;1.429873819;2.006740312;1.839030251;0.9755450403;1.641436133;1.719737046;1.520828652;0.3585144156;1.542388958,8.869189189;4.067297297;3.919189189;6.501891892;12.12135135;10.28810811;6.163513514;8.487567568;10.31216216;7.947567568;3.816756757;8.193783784,0.3930408993;0.1509175705;0.1238103961;0.3922491693;0.3915855419;0.3921607751;0.279480471;0.3926137777;0.3834548818;0.3830844064;0.09941507849;0.3626698362,0.07972972973;0.2086486486;0.2283783784;0.1110810811;0.07027027027;0.07648648649;0.1221621622;0.08918918919;0.0772972973;0.09351351351;0.2254054054;0.08891891892,23.99174042;1.264749852;0.5332634034;23.98990552;23.99767838;23.9956318;9.110900806;23.99387791;23.97633413;23.99540734;0.3585144156;23.97240148,2.0
Perfect-AoI Bayes-Safe,2,4,241.5554054054054,10.947567567567567,10.44127027027027,20.0,32.0,27.6509009009009,0.0034684684684684686,0.0005630630630630631,0.11355855855855856,0.07162162162162163,0.9429700709752736,21.0,77.0,0.03126126126126126,347,11100,0.281538532797271,0.39714046969705247,23.995121992845988,0.4064864864864865,True,True,0.662118963;0.6741961796;0.3640876;0.2460798207;0.2372011855;0.4128728207;0.5024050881;0.4159209977;0.2309431598;0.4380235493;0.7287104513;0.5641011845,0.6966749552;0.6813572012;1.27608378;1.842501298;1.908996959;1.13470463;0.9393093506;1.126874486;1.959226317;1.072981387;0.6151471375;0.8344446437,5.077027027;5.390810811;7.612162162;8.824324324;10.94756757;6.59972973;6.147297297;7.315405405;10.02702703;6.611351351;4.986486486;6.097297297,0.2005294128;0.182309089;0.3124680824;0.3879212192;0.395213965;0.3164905888;0.2515825855;0.2795866969;0.3971404697;0.2702753116;0.167087263;0.2178577097,0.1527027027;0.1491891892;0.09675675676;0.08081081081;0.07162162162;0.1167567568;0.1194594595;0.1048648649;0.07405405405;0.1151351351;0.1527027027;0.1286486486,3.366749552;3.494929213;20.29985389;23.99512199;23.98553168;13.64113891;6.786187012;8.82999178;23.98870543;11.55434856;2.551471375;4.744446437,2.0
Perfect-AoI Bayes-Safe,2,5,221.01486486486488,11.089459459459459,9.952297297297296,19.0,31.0,26.901801801801803,0.003198198198198198,0.00042792792792792795,0.135990990990991,0.07027027027027027,0.8728394870197801,19.0,79.0,0.015045045045045046,167,11100,0.2502007337653403,0.3922869813097737,23.997445942445868,0.4064864864864865,True,True,0.9411489522;0.4821824971;0.3825098869;0.7544254172;0.3523107703;0.8677360717;0.95;0.2189202535;0.8265150398;0.3376263363;0.2625732011;0.2699141276,0.3546353857;0.9781203331;1.218803669;0.5851252029;1.315645181;0.4538598372;0.2241414152;2.064668323;0.5023771293;1.368663091;1.731770293;1.687095206,4.138108108;6.655675676;6.764594595;5.020810811;7.625135135;4.481351351;3.774594595;11.08945946;4.409459459;6.619459459;9.021891892;8.896486486,0.08904223602;0.2506102908;0.3320416482;0.1554535336;0.3367340503;0.1154275964;0.05918544938;0.3922869813;0.1367280457;0.3721283973;0.3861379707;0.3766326054,0.2032432432;0.1140540541;0.1075675676;0.1659459459;0.09594594595;0.1867567568;0.2213513514;0.07027027027;0.1940540541;0.1064864865;0.0827027027;0.08351351351,0.3546353857;6.359323664;19.8342018;2.066126826;17.75371024;0.8308786979;0.2241414152;23.99744594;1.423771293;23.02117602;23.98219332;23.97409316,2.0
Perfect-AoI Bayes-Safe,2,6,182.55378378378379,8.000540540540541,7.652702702702702,16.0,25.0,21.25990990990991,0.0002927927927927928,0.0,0.15632882882882884,0.09054054054054055,0.9210120520862033,16.0,46.0,0.0008108108108108108,9,11100,0.17243939779398584,0.35600427216331715,23.859885042643324,0.4064864864864865,True,True,0.6600953202;0.4082536129;0.95;0.8542797728;0.5796663152;0.95;0.7238759829;0.298421524;0.95;0.3698913443;0.95;0.5870736138,0.6992694381;1.146768836;0.2551559305;0.4699577518;0.8105930222;0.2156180293;0.6208604762;1.535216558;0.2628816135;1.257463669;0.2571157349;0.7995478023,5.118648649;7.009459459;4.005405405;4.182432432;6.549459459;4.032972973;5.534594595;8.000540541;3.893783784;7.368108108;3.977297297;6.444324324,0.1863458557;0.2922710845;0.06358209945;0.1205378126;0.1932278502;0.05343830618;0.1464895124;0.3560042722;0.06728348323;0.3228622933;0.06518231333;0.2020478906,0.1548648649;0.1081081081;0.2086486486;0.1924324324;0.1148648649;0.21;0.1481081081;0.09054054054;0.2116216216;0.1021621622;0.2094594595;0.1251351351,2.794155505;11.46922091;0.2551559305;1.099577518;5.7906744;0.2156180293;2.16688381;23.85988504;0.2628816135;12.86869207;0.2571157349;5.186886268,2.0
Perfect-AoI Bayes-Safe,2,7,208.05135135135134,15.684594594594595,11.958418918918914,19.0,37.0,30.541441441441442,0.008108108108108109,0.0029954954954954957,0.16101351351351353,0.05783783783783784,0.875692414197799,16.0,107.0,0.02891891891891892,321,11100,0.19203057530381218,0.40143569381345495,23.998055542867217,0.4064864864864865,True,True,0.95;0.8194645516;0.5139536145;0.1957148488;0.2668165055;0.95;0.9166527097;0.2817874583;0.4060368001;0.95;0.95;0.8957240492,0.2129344738;0.5105004868;0.9182376412;2.309972111;1.705631049;0.2143947682;0.3910280632;1.619983796;1.152645744;0.2643493157;0.2202876177;0.4190042049,3.974594595;4.702162162;5.950540541;15.68459459;8.90972973;4.084594595;4.107567568;8.361351351;6.796216216;3.89;3.615945946;4.08972973,0.05294586917;0.1305225569;0.2484205078;0.4014356938;0.3886072903;0.05458374909;0.1039923282;0.3879204442;0.2922112724;0.06951672545;0.06096608664;0.1132443797,0.2075675676;0.1762162162;0.1262162162;0.05783783784;0.08432432432;0.2135135135;0.2097297297;0.08594594595;0.1110810811;0.2216216216;0.2324324324;0.2056756757,0.2129344738;1.505004868;7.401228107;23.99686409;23.93087301;0.2143947682;0.3910280632;23.99805554;11.52143509;0.2643493157;0.2202876177;0.5710378445,2.0
Perfect-AoI Bayes-Safe,2,8,220.76702702702704,12.137837837837838,11.193770270270269,19.0,31.0,26.77207207207207,0.003063063063063063,0.0004954954954954955,0.14711711711711714,0.061621621621621624,0.8593111110896287,18.0,82.0,0.041891891891891894,465,11100,0.22590472520693897,0.3927406008858019,23.994110006781156,0.4064864864864865,True,True,0.924502767;0.7675714746;0.2938168902;0.223720696;0.8564804989;0.95;0.4732619221;0.198994158;0.3554966144;0.365156396;0.95;0.8950142286,0.3798996382;0.5699618165;1.557699888;2.021057334;0.4673466129;0.2347890628;0.9960890923;2.271318822;1.304697623;1.272612991;0.2590903055;0.4199186836,3.92027027;4.50972973;7.537297297;10.42135135;4.486216216;3.866486486;6.675675676;12.13783784;7.168918919;7.362432432;3.897027027;3.953513514,0.1023675512;0.1560463027;0.363322974;0.3927406009;0.123152148;0.0639641555;0.2584447375;0.3904212893;0.3455685595;0.3319112259;0.06806372349;0.1148534345,0.2078378378;0.1781081081;0.09540540541;0.0672972973;0.1916216216;0.2218918919;0.1143243243;0.06162162162;0.1027027027;0.09945945946;0.2181081081;0.207027027,0.3798996382;1.589732716;23.95478615;23.97947876;1.006119516;0.2347890628;8.243563694;23.99411001;18.28185736;13.77838972;0.2590903055;0.5991868362,2.0
Perfect-AoI Bayes-Safe,2,9,243.0818918918919,12.645675675675676,11.659391891891891,21.0,36.0,30.47972972972973,0.0058108108108108104,0.0010135135135135136,0.1383333333333333,0.06432432432432432,0.8259545114821277,19.0,87.0,0.07747747747747748,860,11100,0.255479774754172,0.40011538987963535,23.997363366625944,0.4064864864864865,True,True,0.3257577326;0.6871221964;0.2523803769;0.1963495047;0.5437054116;0.2493362779;0.95;0.4363495231;0.95;0.6652629851;0.95;0.2127973752,1.414897118;0.6652565043;1.798374164;2.302374716;0.8671448273;1.819394726;0.209506079;1.076896197;0.2790122724;0.6926602831;0.247425482;2.123503268,7.848918919;5.320540541;9.160540541;12.64567568;5.726216216;9.380540541;3.632432432;6.038108108;3.611891892;4.984324324;3.669459459;10.85243243,0.3590779442;0.1772818684;0.3936981278;0.4001153899;0.2348321938;0.3963330133;0.05832196252;0.2992025109;0.07880211476;0.2010586876;0.06988098072;0.3971525032,0.09324324324;0.1556756757;0.08243243243;0.06432432432;0.1313513514;0.08243243243;0.2343243243;0.1194594595;0.2348648649;0.1578378378;0.2375675676;0.06648648649,23.759753;3.317821547;23.9870377;23.99736337;5.071448273;23.9832081;0.209506079;9.32240492;0.2790122724;3.589904246;0.247425482;23.99665371,2.0
Perfect-AoI Bayes-Safe,4,0,204.6081081081081,9.783783783783784,9.702472972972972,17.0,29.0,25.59189189189189,0.0025,0.0011486486486486486,0.1536261261261261,0.07162162162162163,0.8784356970758537,16.399999999999636,111.0,0.04054054054054054,450,11100,0.21493024840025177,0.4007797941559755,23.99862288397781,0.4064864864864865,True,True,0.95;0.2315765095;0.95;0.8081176242;0.6281327393;0.795200025;0.3394136806;0.9476946562;0.5005847781;0.95;0.23436609;0.2528380647,0.3369544871;1.95400716;0.2191119648;0.5235225351;0.7414402559;0.5383055036;1.361973486;0.3438720469;0.9427001774;0.2738400263;1.931388168;1.795260579,3.847027027;9.783783784;3.67972973;4.499459459;5.255405405;4.388378378;7.188378378;3.952432432;6.511621622;4.046216216;8.982972973;9.635945946,0.08706175397;0.3839360014;0.05969320554;0.1423415325;0.1971830302;0.1523259087;0.3706776488;0.08791971793;0.2323628545;0.0681639633;0.3967175697;0.4007797942,0.2156756757;0.07162162162;0.23;0.1845945946;0.1518918919;0.182972973;0.09945945946;0.2154054054;0.1143243243;0.2089189189;0.08297297297;0.08567567568,0.3369544871;23.99862288;0.2191119648;1.882270422;3.472962303;1.506444029;20.28615552;0.3438720469;6.968603194;0.2738400263;23.98550078;23.99807575,2.0
Perfect-AoI Bayes-Safe,4,1,247.16675675675677,12.801891891891891,11.654918918918916,22.0,36.0,31.71171171171171,0.006576576576576576,0.001509009009009009,0.13774774774774776,0.06432432432432432,0.7959413761904395,20.0,96.0,0.09036036036036037,1003,11100,0.2747628959204764,0.3984388720033741,23.99874276705153,0.4064864864864865,True,True,0.5605092249;0.2181252996;0.2316669551;0.3707979081;0.95;0.95;0.2020086086;0.95;0.325972712;0.8362721814;0.2993435181;0.2334007936,0.8400796556;2.072097608;1.953264399;1.254604531;0.2976063768;0.2276934429;2.237061952;0.2579608484;1.414030367;0.4910760745;1.530799061;1.939147999,5.81;10.24108108;10.09810811;6.860810811;3.589459459;3.341891892;12.80189189;3.666216216;7.237027027;4.038648649;7.850540541;10.71648649,0.2254592157;0.3920184665;0.3980436099;0.3529846802;0.08332978549;0.06861572673;0.398438872;0.07160156522;0.3829347101;0.1451992501;0.3802173883;0.3983114808,0.1351351351;0.06918918919;0.0772972973;0.11;0.2340540541;0.2535135135;0.06432432432;0.2356756757;0.1021621622;0.2040540541;0.09081081081;0.07675675676,4.800796556;23.99874277;23.99166788;16.91180842;0.2976063768;0.2276934429;23.99203682;0.2579608484;23.97140108;1.40183682;23.97113987;23.99430778,2.0
Perfect-AoI Bayes-Safe,4,2,218.38297297297296,12.027567567567568,10.432864864864863,18.0,31.0,26.114864864864863,0.003220720720720721,0.00018018018018018018,0.13896396396396396,0.06135135135135135,0.8904375980515438,18.0,64.0,0.039009009009009006,433,11100,0.2368943501085047,0.39938028089415767,23.999999002679736,0.4064864864864865,True,True,0.2983974043;0.4720337023;0.7619171253;0.95;0.6042558466;0.7527600943;0.6803453125;0.2438339011;0.7053294905;0.1925045361;0.95;0.2931742638,1.535332493;0.9986066978;0.5764720931;0.328976203;0.7746227687;0.5870535051;0.6736618433;1.858825842;0.6430324214;2.34929577;0.2710575607;1.560894842,8.145675676;6.333513514;4.681891892;3.912702703;5.59;4.569459459;5.396486486;9.128108108;5.035675676;12.02756757;3.907297297;7.432972973,0.3755340286;0.25370008;0.1550242521;0.08402230049;0.20810136;0.1597737513;0.1736955131;0.3928653536;0.1753566792;0.3993802809;0.07421116458;0.3910674374,0.08972972973;0.1175675676;0.1743243243;0.2097297297;0.1381081081;0.1735135135;0.1489189189;0.08081081081;0.1605405405;0.06135135135;0.2181081081;0.09486486486,23.99791679;9.17492056;2.164720931;0.328976203;4.41934153;2.270535051;3.68394212;23.97675273;2.344259371;23.999999;0.2710575607;23.87937303,2.0
Perfect-AoI Bayes-Safe,4,3,257.9608108108108,11.525675675675675,10.437567567567566,21.0,34.0,30.17027027027027,0.00536036036036036,0.002027027027027027,0.12367117117117116,0.07405405405405406,0.8205428756517434,22.0,93.0,0.06738738738738739,748,11100,0.3128151008250086,0.39592443985387354,23.998716198868202,0.4064864864864865,True,True,0.2469621281;0.8215561338;0.8932287906;0.3220866759;0.225348274;0.2465631425;0.4834834838;0.2778755806;0.2645088005;0.3014458345;0.9387067142;0.2969367479,1.836175919;0.5080937316;0.4222105672;1.429873819;2.006740312;1.839030251;0.9755450403;1.641436133;1.719737046;1.520828652;0.3585144156;1.542388958,9.547297297;4.146216216;3.834594595;6.536756757;11.52567568;9.332972973;6.048378378;7.621351351;9.303243243;8.213783784;3.791891892;7.935405405,0.3905595805;0.1483084406;0.1224410645;0.3922491693;0.3959244399;0.3931548455;0.279480471;0.3899519893;0.3904267888;0.383906476;0.09970576586;0.3676721787,0.07810810811;0.2035135135;0.2272972973;0.1116216216;0.07405405405;0.07810810811;0.1286486486;0.0927027027;0.08324324324;0.08702702703;0.2294594595;0.09027027027,23.99281313;1.697124779;0.5554739706;23.99397502;23.99093807;23.9956318;8.184265685;23.99552575;23.9987162;23.9788343;0.3585144156;23.97705896,2.0
Perfect-AoI Bayes-Safe,4,4,247.4464864864865,11.552432432432433,11.340013513513513,20.0,32.0,28.915315315315315,0.00472972972972973,0.001599099099099099,0.11529279279279281,0.0718918918918919,0.9385160778091093,21.0,115.0,0.05315315315315315,590,11100,0.2818330306098649,0.39872903157584066,23.998358343439357,0.4064864864864865,True,True,0.662118963;0.6741961796;0.3640876;0.2460798207;0.2372011855;0.4128728207;0.5024050881;0.4159209977;0.2309431598;0.4380235493;0.7287104513;0.5641011845,0.6966749552;0.6813572012;1.27608378;1.842501298;1.908996959;1.13470463;0.9393093506;1.126874486;1.959226317;1.072981387;0.6151471375;0.8344446437,5.107837838;4.98;7.515945946;8.350810811;11.55243243;6.376756757;5.996486486;7.276486486;11.16621622;6.742162162;4.96027027;5.760540541,0.1980816359;0.1854396491;0.3190209451;0.3938968991;0.3931501845;0.3146505272;0.249297779;0.2823277429;0.3987290316;0.2624454474;0.1664222391;0.2185342864,0.1486486486;0.1613513514;0.09918918919;0.08486486486;0.07189189189;0.1156756757;0.1232432432;0.1032432432;0.07297297297;0.1105405405;0.157027027;0.1348648649,3.366749552;3.213572012;16.43468097;23.99512199;23.99835834;10.76761576;6.318589868;10.13310907;23.99079497;8.532609134;2.551471375;4.985558943,2.0
Perfect-AoI Bayes-Safe,4,5,216.1727027027027,10.713243243243243,9.652486486486485,19.0,30.0,26.094144144144146,0.003018018018018018,6.756756756756757e-05,0.13637387387387387,0.07108108108108108,0.8841101285582015,19.0,63.0,0.013243243243243243,147,11100,0.2505387625270936,0.38949688898182366,23.99673558457428,0.4064864864864865,True,True,0.9411489522;0.4821824971;0.3825098869;0.7544254172;0.3523107703;0.8677360717;0.95;0.2189202535;0.8265150398;0.3376263363;0.2625732011;0.2699141276,0.3546353857;0.9781203331;1.218803669;0.5851252029;1.315645181;0.4538598372;0.2241414152;2.064668323;0.5023771293;1.368663091;1.731770293;1.687095206,4.149189189;6.396216216;6.935675676;4.979459459;7.086756757;4.461081081;3.875135135;10.71324324;4.455945946;6.556216216;8.784594595;8.646216216,0.088083762;0.2521964318;0.3238064883;0.1554535336;0.3406454279;0.1172675688;0.05942776442;0.389496889;0.1340124937;0.3713885794;0.3884782009;0.3862080106,0.2016216216;0.1189189189;0.1062162162;0.1640540541;0.102972973;0.1864864865;0.2175675676;0.07108108108;0.1875675676;0.1086486486;0.08432432432;0.08702702703,0.3546353857;7.337443997;17.15214677;2.436377231;17.44483976;0.8847385352;0.2241414152;23.99272794;1.219017034;20.08106876;23.99673558;23.99342604,2.0
Perfect-AoI Bayes-Safe,4,6,181.87675675675675,7.650540540540541,7.603567567567567,16.0,23.0,20.381531531531532,0.00015765765765765765,0.0,0.15558558558558558,0.09243243243243243,0.9216485807445148,16.0,47.0,0.0,0,11100,0.17340146338663276,0.3688668973813399,23.719018809523234,0.4064864864864865,True,True,0.6600953202;0.4082536129;0.95;0.8542797728;0.5796663152;0.95;0.7238759829;0.298421524;0.95;0.3698913443;0.95;0.5870736138,0.6992694381;1.146768836;0.2551559305;0.4699577518;0.8105930222;0.2156180293;0.6208604762;1.535216558;0.2628816135;1.257463669;0.2571157349;0.7995478023,4.902432432;6.847837838;3.968378378;4.241621622;6.458918919;4.070540541;5.403513514;7.565135135;3.835675676;7.650540541;3.98027027;6.400540541,0.1859678722;0.2904114594;0.06365106051;0.121680953;0.1965140381;0.0527972796;0.1454827116;0.3688668974;0.06635984513;0.327960119;0.06469587815;0.1964294466,0.1575675676;0.1086486486;0.207027027;0.1908108108;0.1164864865;0.207027027;0.1454054054;0.09243243243;0.2127027027;0.09864864865;0.2078378378;0.1224324324,2.794155505;11.01598975;0.2551559305;0.9596620142;6.148302311;0.2156180293;2.387744286;23.71901881;0.2628816135;15.84108308;0.2571157349;4.39231264,2.0
Perfect-AoI Bayes-Safe,4,7,201.0745945945946,13.445945945945946,10.6732027027027,18.0,31.0,26.606306306306305,0.004797297297297297,0.0011711711711711711,0.16182432432432434,0.06108108108108108,0.8780165871346028,16.0,93.0,0.03432432432432433,381,11100,0.19080184702869243,0.40330864417339335,23.998884423624883,0.4064864864864865,True,True,0.95;0.8194645516;0.5139536145;0.1957148488;0.2668165055;0.95;0.9166527097;0.2817874583;0.4060368001;0.95;0.95;0.8957240492,0.2129344738;0.5105004868;0.9182376412;2.309972111;1.705631049;0.2143947682;0.3910280632;1.619983796;1.152645744;0.2643493157;0.2202876177;0.4190042049,3.978108108;4.694324324;5.898918919;13.44594595;8.262162162;3.913243243;4.152432432;8.404594595;6.545945946;3.86972973;3.719459459;3.987567568,0.05363646746;0.1323162073;0.2499095418;0.4033086442;0.3858414022;0.05597441786;0.1048377943;0.3765367742;0.2841115996;0.06987395425;0.0603707147;0.1129046466,0.2078378378;0.1748648649;0.1254054054;0.06108108108;0.08810810811;0.2189189189;0.2137837838;0.08297297297;0.112972973;0.2224324324;0.2264864865;0.207027027,0.2129344738;1.505004868;7.655326977;23.99888442;23.82368755;0.2143947682;0.3910280632;23.9987037;10.55820637;0.2643493157;0.2202876177;0.5900420495,2.0
Perfect-AoI Bayes-Safe,4,8,222.0627027027027,11.395675675675676,10.9475,19.0,31.0,26.6509009009009,0.00286036036036036,0.00047297297297297297,0.14657657657657658,0.06405405405405405,0.854519427264233,18.0,74.0,0.047207207207207204,524,11100,0.2267520171815616,0.3934906391068517,23.995774499710663,0.4064864864864865,True,True,0.924502767;0.7675714746;0.2938168902;0.223720696;0.8564804989;0.95;0.4732619221;0.198994158;0.3554966144;0.365156396;0.95;0.8950142286,0.3798996382;0.5699618165;1.557699888;2.021057334;0.4673466129;0.2347890628;0.9960890923;2.271318822;1.304697623;1.272612991;0.2590903055;0.4199186836,3.871351351;4.498648649;8.289459459;10.58081081;4.477837838;3.686756757;6.727837838;11.39567568;7.177567568;7.625135135;3.809459459;3.84,0.1022648756;0.1554301278;0.3645859739;0.3921943692;0.1225205985;0.06269502543;0.2600600171;0.3934906391;0.354736705;0.3301914786;0.06743350383;0.1154208922,0.2108108108;0.1791891892;0.08918918919;0.06621621622;0.1886486486;0.2262162162;0.11;0.06405405405;0.1021621622;0.09918918919;0.2140540541;0.2091891892,0.3798996382;1.929656349;23.97408515;23.97974681;0.9387729028;0.2347890628;9.490494586;23.9957745;18.28185736;16.76055074;0.2590903055;0.5991868362,2.0
Perfect-AoI Bayes-Safe,4,9,249.3043243243243,13.318648648648649,12.711716216216216,21.0,35.0,31.21981981981982,0.006306306306306306,0.0021846846846846845,0.13849099099099096,0.05810810810810811,0.8217838862012068,19.0,104.0,0.09450450450450451,1049,11100,0.25542965452398975,0.4000221021623656,23.998222243977303,0.4064864864864865,True,True,0.3257577326;0.6871221964;0.2523803769;0.1963495047;0.5437054116;0.2493362779;0.95;0.4363495231;0.95;0.6652629851;0.95;0.2127973752,1.414897118;0.6652565043;1.798374164;2.302374716;0.8671448273;1.819394726;0.209506079;1.076896197;0.2790122724;0.6926602831;0.247425482;2.123503268,7.725945946;5.300540541;9.144594595;13.31864865;5.493513514;8.436216216;3.522432432;5.817567568;3.69027027;5.010810811;3.710810811;12.21513514,0.3602251581;0.1760232751;0.3868934688;0.398870863;0.2428005516;0.3943661001;0.05956767434;0.2997846169;0.07729394032;0.2004970711;0.06881103269;0.4000221022,0.09513513514;0.1527027027;0.08027027027;0.05810810811;0.1389189189;0.08486486486;0.2440540541;0.1243243243;0.2316216216;0.1532432432;0.2348648649;0.06378378378,23.97465012;3.183078051;23.99677052;23.98259123;6.212910337;23.97578904;0.209506079;8.214820132;0.2790122724;4.282564529;0.247425482;23.99822224,2.0
Perfect-AoI Bayes-Safe,8,0,204.41405405405405,9.957567567567567,9.57227027027027,18.0,29.0,24.904504504504505,0.0020045045045045044,0.00013513513513513514,0.15295045045045044,0.07324324324324324,0.8754147894225441,16.0,66.0,0.037657657657657655,418,11100,0.2152445426975795,0.39980938303211117,23.999964400893177,0.4064864864864865,True,True,0.95;0.2315765095;0.95;0.8081176242;0.6281327393;0.795200025;0.3394136806;0.9476946562;0.5005847781;0.95;0.23436609;0.2528380647,0.3369544871;1.95400716;0.2191119648;0.5235225351;0.7414402559;0.5383055036;1.361973486;0.3438720469;0.9427001774;0.2738400263;1.931388168;1.795260579,3.72;9.957567568;3.696216216;4.382162162;5.65972973;4.355135135;7.027837838;3.978378378;6.610540541;3.990540541;9.257027027;8.976756757,0.08906526713;0.3897452118;0.05904179159;0.1433319806;0.192373688;0.1502890771;0.3721500526;0.08745502598;0.2351654767;0.06831198493;0.3961955729;0.399809383,0.222972973;0.07324324324;0.2243243243;0.1867567568;0.1397297297;0.1827027027;0.1016216216;0.2140540541;0.1148648649;0.2116216216;0.08189189189;0.08162162162,0.3369544871;23.98887347;0.2191119648;1.758747886;3.131522047;1.783055036;23.53958726;0.3438720469;7.111303371;0.2738400263;23.99717177;23.9999644,2.0
Perfect-AoI Bayes-Safe,8,1,243.8489189189189,11.791081081081082,11.390621621621621,22.0,37.0,31.406306306306305,0.007252252252252252,0.001081081081081081,0.1374774774774775,0.06405405405405405,0.7907325072781114,20.0,78.0,0.06882882882882883,764,11100,0.2747148905268151,0.39904348334177075,23.998347485618865,0.4064864864864865,True,True,0.5605092249;0.2181252996;0.2316669551;0.3707979081;0.95;0.95;0.2020086086;0.95;0.325972712;0.8362721814;0.2993435181;0.2334007936,0.8400796556;2.072097608;1.953264399;1.254604531;0.2976063768;0.2276934429;2.237061952;0.2579608484;1.414030367;0.4910760745;1.530799061;1.939147999,5.748108108;11.06297297;10.87540541;6.528378378;3.615945946;3.375675676;11.79108108;3.750810811;7.132432432;4.050810811;7.576216216;10.5572973,0.2261403614;0.3920184665;0.3959319727;0.3519674333;0.08413412705;0.06756956766;0.3990434833;0.07104381203;0.3779664953;0.1479864387;0.3839409536;0.3988355749,0.1340540541;0.06756756757;0.07243243243;0.1108108108;0.2345945946;0.2559459459;0.06405405405;0.2337837838;0.09864864865;0.2075675676;0.09378378378;0.07648648649,5.240876212;23.99102781;23.99586392;20.73152622;0.2976063768;0.2276934429;23.99741847;0.2579608484;23.99615604;1.310760745;23.8243596;23.99834749,2.0
Perfect-AoI Bayes-Safe,8,2,221.1535135135135,13.367837837837838,11.156986486486485,19.0,32.0,27.604504504504504,0.004842342342342342,0.0012387387387387387,0.13945945945945945,0.05945945945945946,0.8876171447652882,18.0,82.0,0.0445945945945946,495,11100,0.23697518093550793,0.40065017049954454,23.999999335119668,0.4064864864864865,True,True,0.2983974043;0.4720337023;0.7619171253;0.95;0.6042558466;0.7527600943;0.6803453125;0.2438339011;0.7053294905;0.1925045361;0.95;0.2931742638,1.535332493;0.9986066978;0.5764720931;0.328976203;0.7746227687;0.5870535051;0.6736618433;1.858825842;0.6430324214;2.34929577;0.2710575607;1.560894842,7.787027027;6.369459459;4.743513514;3.85;5.52972973;4.504594595;5.439459459;9.348108108;5.041351351;13.36783784;3.920540541;7.244324324,0.3755340286;0.2545097611;0.1514407769;0.08660076262;0.2118697951;0.159456425;0.1726030885;0.3918605829;0.1722284134;0.4006501705;0.07377161178;0.3931767547,0.0927027027;0.1186486486;0.1724324324;0.2189189189;0.1405405405;0.1772972973;0.1462162162;0.07810810811;0.16;0.05945945946;0.2137837838;0.09540540541,23.86127954;9.376313862;1.988248838;0.328976203;4.520850455;1.896428041;3.68394212;23.97675273;2.587291793;23.99999934;0.2710575607;23.98013106,2.0
Perfect-AoI Bayes-Safe,8,3,259.8327027027027,11.75027027027027,10.658148648648648,22.0,35.0,31.003153153153153,0.0063513513513513515,0.0019369369369369369,0.12295045045045046,0.0672972972972973,0.8090633714540081,22.0,89.0,0.06837837837837837,759,11100,0.31163388560582933,0.39514298627668515,23.99767838369749,0.4064864864864865,True,True,0.2469621281;0.8215561338;0.8932287906;0.3220866759;0.225348274;0.2465631425;0.4834834838;0.2778755806;0.2645088005;0.3014458345;0.9387067142;0.2969367479,1.836175919;0.5080937316;0.4222105672;1.429873819;2.006740312;1.839030251;0.9755450403;1.641436133;1.719737046;1.520828652;0.3585144156;1.542388958,9.582432432;3.989189189;3.861621622;6.464864865;11.75027027;9.764594595;6.072972973;7.592972973;9.760540541;8.053243243;3.672972973;8.581621622,0.3935371631;0.1511922158;0.124152729;0.3883846454;0.3910431796;0.3951429863;0.2789531494;0.3899519893;0.3871732322;0.3744526762;0.1008685153;0.3647541456,0.08027027027;0.2078378378;0.2291891892;0.1102702703;0.0672972973;0.07621621622;0.1235135135;0.09378378378;0.08216216216;0.08891891892;0.2318918919;0.08405405405,23.99388583;1.697124779;0.5332634034;23.99397502;23.99767838;23.99611235;8.135355765;23.98281227;23.98422275;23.92037926;0.3585144156;23.95929232,2.0
Perfect-AoI Bayes-Safe,8,4,243.16864864864866,11.461081081081081,10.766743243243242,20.0,33.0,28.027927927927927,0.005135135135135135,0.0007432432432432432,0.11475225225225227,0.07027027027027027,0.9396729395449066,21.0,75.0,0.04297297297297297,477,11100,0.2819622235128044,0.39978807282836615,23.996442254590818,0.4064864864864865,True,True,0.662118963;0.6741961796;0.3640876;0.2460798207;0.2372011855;0.4128728207;0.5024050881;0.4159209977;0.2309431598;0.4380235493;0.7287104513;0.5641011845,0.6966749552;0.6813572012;1.27608378;1.842501298;1.908996959;1.13470463;0.9393093506;1.126874486;1.959226317;1.072981387;0.6151471375;0.8344446437,5.114054054;5.296216216;7.621621622;8.67027027;10.19864865;6.31;5.993783784;7.407837838;11.46108108;6.695135135;4.944324324;5.73027027,0.198458217;0.1841505949;0.3145374075;0.3948928457;0.3941820748;0.3140371734;0.2472668399;0.2865915923;0.3997880728;0.2636054273;0.1659234711;0.2201129655,0.1535135135;0.1513513514;0.09243243243;0.08189189189;0.07891891892;0.1197297297;0.1254054054;0.1010810811;0.07027027027;0.1110810811;0.1559459459;0.1354054054,3.456774418;3.701715219;22.52810523;23.99257917;23.99586619;12.44113891;6.489640259;11.15686627;23.99644225;8.348758035;2.551471375;5.73000538,2.0
Perfect-AoI Bayes-Safe,8,5,219.01054054054055,10.304054054054054,9.503729729729729,19.0,29.0,25.32837837837838,0.0016216216216216215,4.5045045045045046e-05,0.13763513513513512,0.07513513513513513,0.8784145177638893,19.0,62.0,0.026216216216216216,291,11100,0.2499584037231091,0.3911709443785937,23.997445942445633,0.4064864864864865,True,True,0.9411489522;0.4821824971;0.3825098869;0.7544254172;0.3523107703;0.8677360717;0.95;0.2189202535;0.8265150398;0.3376263363;0.2625732011;0.2699141276,0.3546353857;0.9781203331;1.218803669;0.5851252029;1.315645181;0.4538598372;0.2241414152;2.064668323;0.5023771293;1.368663091;1.731770293;1.687095206,4.041891892;6.475405405;6.543513514;5.031621622;7.625405405;4.328108108;3.768918919;10.30405405;4.298918919;6.604054054;8.848918919;8.602432432,0.09067164184;0.2556330708;0.3211712371;0.1540302561;0.3399342683;0.1160409205;0.05924602814;0.3911709444;0.1353702697;0.3717584883;0.3814575105;0.3830162088,0.2048648649;0.1164864865;0.1113513514;0.1654054054;0.09810810811;0.1897297297;0.2227027027;0.07513513514;0.1924324324;0.1062162162;0.08459459459;0.08459459459,0.3546353857;6.759323664;18.92137979;2.436377231;17.05435603;0.8308786979;0.2241414152;23.99744594;1.219017034;23.95572113;23.98688244;23.98047262,2.0
Perfect-AoI Bayes-Safe,8,6,184.6510810810811,8.31081081081081,7.8896891891891885,16.0,24.0,20.863063063063063,0.00045045045045045046,0.0,0.1539864864864865,0.08513513513513514,0.9184071472676933,16.0,54.0,0.001081081081081081,12,11100,0.17297388806611827,0.35517442537505767,23.79510160092328,0.4064864864864865,True,True,0.6600953202;0.4082536129;0.95;0.8542797728;0.5796663152;0.95;0.7238759829;0.298421524;0.95;0.3698913443;0.95;0.5870736138,0.6992694381;1.146768836;0.2551559305;0.4699577518;0.8105930222;0.2156180293;0.6208604762;1.535216558;0.2628816135;1.257463669;0.2571157349;0.7995478023,4.913513514;7.187027027;3.984324324;4.305675676;6.599189189;4.072162162;5.326486486;8.310810811;3.864594595;7.545135135;3.992432432;6.125945946,0.1857788805;0.2938207721;0.06365106051;0.1190136252;0.1967331173;0.05314693046;0.147328513;0.3551744254;0.06628879605;0.328299974;0.06483485963;0.2016157026,0.1540540541;0.1032432432;0.2081081081;0.1878378378;0.1127027027;0.2045945946;0.1483783784;0.08513513514;0.2097297297;0.09945945946;0.207027027;0.1275675676,2.794155505;10.74983393;0.2551559305;0.8897042624;5.7906744;0.2156180293;2.387744286;23.7951016;0.2628816135;12.12391006;0.2571157349;5.191408244,2.0
Perfect-AoI Bayes-Safe,8,7,206.38243243243244,14.234594594594595,11.12055405405405,18.0,32.0,27.43738738738739,0.005518018018018018,0.001509009009009009,0.16031531531531532,0.05945945945945946,0.8782094055387352,16.0,112.0,0.0381981981981982,424,11100,0.19148520095259136,0.3989384266668704,23.997731466678374,0.4064864864864865,True,True,0.95;0.8194645516;0.5139536145;0.1957148488;0.2668165055;0.95;0.9166527097;0.2817874583;0.4060368001;0.95;0.95;0.8957240492,0.2129344738;0.5105004868;0.9182376412;2.309972111;1.705631049;0.2143947682;0.3910280632;1.619983796;1.152645744;0.2643493157;0.2202876177;0.4190042049,3.967567568;4.472702703;5.981621622;14.23459459;8.232972973;4.025675676;3.996216216;8.572702703;6.608108108;3.953243243;3.707567568;4.084594595,0.05346381789;0.1330060728;0.2506540588;0.3989384267;0.3876853276;0.05487347175;0.1060003101;0.3787259415;0.2934573759;0.06808781023;0.06025164031;0.1126781578,0.2083783784;0.18;0.1243243243;0.05945945946;0.08756756757;0.2140540541;0.2127027027;0.08243243243;0.1108108108;0.2116216216;0.2281081081;0.2043243243,0.2129344738;1.505004868;6.83770339;23.99442212;23.98679245;0.2143947682;0.3910280632;23.99773147;10.90582976;0.2643493157;0.2202876177;0.5710378445,2.0
Perfect-AoI Bayes-Safe,8,8,231.13108108108108,13.257837837837839,12.259216216216215,19.0,34.0,29.424774774774775,0.0056531531531531535,0.0018918918918918919,0.14662162162162162,0.062162162162162166,0.8511676433983129,17.0,98.0,0.05675675675675676,630,11100,0.22566993486494155,0.3932868325977432,23.99244551385165,0.4064864864864865,True,True,0.924502767;0.7675714746;0.2938168902;0.223720696;0.8564804989;0.95;0.4732619221;0.198994158;0.3554966144;0.365156396;0.95;0.8950142286,0.3798996382;0.5699618165;1.557699888;2.021057334;0.4673466129;0.2347890628;0.9960890923;2.271318822;1.304697623;1.272612991;0.2590903055;0.4199186836,3.882432432;4.474054054;7.594864865;11.44216216;4.348378378;3.746756757;6.853783784;13.25783784;7.397567568;7.137567568;3.771621622;3.93972973,0.1020595244;0.1575867401;0.3641649739;0.3932868326;0.1237836975;0.06313922095;0.2538681119;0.3885796795;0.3431002127;0.3336309732;0.06862391874;0.116215333,0.2075675676;0.1783783784;0.09351351351;0.0627027027;0.1927027027;0.2227027027;0.11;0.06216216216;0.0972972973;0.1008108108;0.2197297297;0.2118918919,0.3798996382;1.759694532;23.9621904;23.98001486;1.006119516;0.2347890628;8.1491582;23.99244551;14.71139302;15.48793775;0.2590903055;0.5991868362,2.0
Perfect-AoI Bayes-Safe,8,9,244.15,11.774594594594594,11.301445945945945,21.0,34.0,29.056306306306308,0.004887387387387388,0.0002927927927927928,0.1383108108108108,0.06243243243243243,0.8254264227816311,19.0,69.0,0.08666666666666667,962,11100,0.2552828653885453,0.398300342755641,23.998640683480616,0.4064864864864865,True,True,0.3257577326;0.6871221964;0.2523803769;0.1963495047;0.5437054116;0.2493362779;0.95;0.4363495231;0.95;0.6652629851;0.95;0.2127973752,1.414897118;0.6652565043;1.798374164;2.302374716;0.8671448273;1.819394726;0.209506079;1.076896197;0.2790122724;0.6926602831;0.247425482;2.123503268,8.041081081;5.356756757;9.191351351;11.77459459;5.749459459;9.091351351;3.561621622;5.864864865;3.616216216;4.91972973;3.782162162;10.91432432,0.3594603488;0.1749444807;0.3907818454;0.3963818093;0.2402225535;0.3914157303;0.05917131149;0.3041504123;0.07774639265;0.2018075095;0.06901164794;0.3983003428,0.09216216216;0.1527027027;0.08162162162;0.06243243243;0.1318918919;0.08297297297;0.2416216216;0.1221621622;0.2313513514;0.1608108108;0.232972973;0.06702702703,23.97465012;3.848334556;23.98701551;23.99736337;5.5385931;23.99036754;0.209506079;7.722754361;0.2790122724;4.282564529;0.247425482;23.99864068,2.0
Conservative-AoI Bayes-Safe,2,0,364.7808108108108,18.972972972972972,18.206837837837835,32.0,51.0,43.153153153153156,0.023986486486486488,0.004054054054054054,0.15045045045045044,0.038378378378378375,0.7841992663017158,25.0,87.0,0.00981981981981982,109,11100,0.20701628722254187,0.3800136720158703,23.96357291526301,0.4064864864864865,True,True,0.95;0.2315765095;0.95;0.8081176242;0.6281327393;0.795200025;0.3394136806;0.9476946562;0.5005847781;0.95;0.23436609;0.2528380647,0.3369544871;1.95400716;0.2191119648;0.5235225351;0.7414402559;0.5383055036;1.361973486;0.3438720469;0.9427001774;0.2738400263;1.931388168;1.795260579,6.352432432;18.97297297;5.865135135;6.915675676;9.762972973;6.787837838;12.94594595;6.351891892;11.59351351;6.016216216;15.53675676;17.58,0.09434725639;0.3591148293;0.06372012813;0.1477182505;0.1881655136;0.1569815239;0.3368123622;0.09154431518;0.2219167174;0.07267862319;0.380013672;0.3711822549,0.2262162162;0.03837837838;0.2475675676;0.2086486486;0.1386486486;0.2043243243;0.07189189189;0.2302702703;0.1045945946;0.2310810811;0.05432432432;0.04945945946,0.3369544871;23.88432934;0.2191119648;1.758747886;5.804484351;2.612888058;19.57328413;0.3438720469;7.883202839;0.2738400263;23.96357292;23.83506459,4.0
Conservative-AoI Bayes-Safe,2,1,452.8489189189189,21.242162162162163,20.968054054054054,40.0,60.0,52.96306306306306,0.0475,0.009707207207207207,0.12898648648648647,0.036756756756756756,0.6478400833001695,30.0,127.0,0.04756756756756757,528,11100,0.26377209585684697,0.3867814116360363,23.99795411497915,0.4064864864864865,True,True,0.5605092249;0.2181252996;0.2316669551;0.3707979081;0.95;0.95;0.2020086086;0.95;0.325972712;0.8362721814;0.2993435181;0.2334007936,0.8400796556;2.072097608;1.953264399;1.254604531;0.2976063768;0.2276934429;2.237061952;0.2579608484;1.414030367;0.4910760745;1.530799061;1.939147999,9.215675676;20.74378378;19.09945946;12.74162162;5.86;4.932162162;21.24216216;5.984324324;13.52405405;6.848378378;14.67621622;17.98216216,0.2359034492;0.3768977542;0.3721760544;0.3170419558;0.09064929368;0.07716961553;0.3809051432;0.07655162474;0.3542719324;0.1510390737;0.3458778418;0.3867814116,0.1402702703;0.03837837838;0.04216216216;0.08243243243;0.2540540541;0.297027027;0.03675675676;0.2543243243;0.07432432432;0.2189189189;0.06567567568;0.04351351351,6.121035523;23.99795411;23.99586392;16.34669515;0.2976063768;0.2276934429;23.98732788;0.2579608484;23.74691521;1.675065043;23.53235021;23.99349984,4.0
Conservative-AoI Bayes-Safe,2,2,408.31567567567566,25.237567567567567,21.625405405405402,35.0,62.0,52.086036036036035,0.03536036036036036,0.010788288288288289,0.135990990990991,0.03216216216216216,0.7833259593257305,28.0,137.0,0.02,222,11100,0.22933782484577836,0.37779215760258106,23.97746463890018,0.4064864864864865,True,True,0.2983974043;0.4720337023;0.7619171253;0.95;0.6042558466;0.7527600943;0.6803453125;0.2438339011;0.7053294905;0.1925045361;0.95;0.2931742638,1.535332493;0.9986066978;0.5764720931;0.328976203;0.7746227687;0.5870535051;0.6736618433;1.858825842;0.6430324214;2.34929577;0.2710575607;1.560894842,14.52135135;13.02567568;7.788648649;6.15027027;8.847027027;7.398648649;9.637297297;18.67;8.351621622;25.23756757;6.063783784;14.09837838,0.3510516997;0.2321085838;0.158451924;0.09540309886;0.2099855776;0.1638989921;0.1760624331;0.3717651684;0.1750090942;0.3777921576;0.0810974918;0.3594276771,0.06378378378;0.09648648649;0.1889189189;0.2394594595;0.1521621622;0.1824324324;0.1516216216;0.04378378378;0.17;0.03216216216;0.2483783784;0.0627027027,23.82060195;9.977707164;3.047081397;0.328976203;4.61632368;2.831695567;3.557603963;23.97675273;2.830324214;23.97746464;0.2710575607;22.42684525,4.0
Conservative-AoI Bayes-Safe,2,3,465.68297297297295,19.795405405405404,18.95747297297297,38.0,59.0,50.31261261261261,0.03988738738738739,0.008626126126126126,0.11074324324324325,0.044864864864864865,0.6427710378275564,33.0,103.0,0.03702702702702703,411,11100,0.30351726650591565,0.381823021448119,23.995356767395084,0.4064864864864865,True,True,0.2469621281;0.8215561338;0.8932287906;0.3220866759;0.225348274;0.2465631425;0.4834834838;0.2778755806;0.2645088005;0.3014458345;0.9387067142;0.2969367479,1.836175919;0.5080937316;0.4222105672;1.429873819;2.006740312;1.839030251;0.9755450403;1.641436133;1.719737046;1.520828652;0.3585144156;1.542388958,15.47027027;6.035945946;5.92027027;11.26972973;18.27189189;15.98135135;10.78702703;14.31486486;19.79540541;15.50972973;5.858108108;15.99162162,0.3811305691;0.1599808641;0.1351073815;0.3686755739;0.3818230214;0.3767526838;0.2792168102;0.3744248908;0.3667223052;0.3600664593;0.1135618635;0.3447447753,0.05675675676;0.2327027027;0.2594594595;0.0827027027;0.04486486486;0.04864864865;0.1121621622;0.06297297297;0.04945945946;0.06081081081;0.2583783784;0.06,23.99174042;1.372843584;0.6443162395;23.98990552;23.99535677;23.97138807;12.43488258;23.99058221;23.97896367;23.958118;0.3585144156;23.97378167,4.0
Conservative-AoI Bayes-Safe,2,4,432.57027027027027,19.063513513513513,18.107256756756755,36.0,53.0,45.78063063063063,0.032725225225225224,0.0037612612612612614,0.1061036036036036,0.04378378378378378,0.8470601333310738,32.0,79.0,0.024234234234234233,269,11100,0.2787241448701013,0.3891976603031114,23.995866194840392,0.4064864864864865,True,True,0.662118963;0.6741961796;0.3640876;0.2460798207;0.2372011855;0.4128728207;0.5024050881;0.4159209977;0.2309431598;0.4380235493;0.7287104513;0.5641011845,0.6966749552;0.6813572012;1.27608378;1.842501298;1.908996959;1.13470463;0.9393093506;1.126874486;1.959226317;1.072981387;0.6151471375;0.8344446437,8.329189189;7.887027027;13.15756757;17.32486486;16.88648649;11.52027027;11.68540541;12.43972973;19.06351351;11.23864865;8.514864865;9.636216216,0.2071195813;0.1935422753;0.2972930321;0.3764678327;0.3802515564;0.311277081;0.2498055138;0.2734954834;0.3891976603;0.2650554022;0.1702461267;0.2309381933,0.1654054054;0.1718918919;0.08189189189;0.04972972973;0.04810810811;0.1005405405;0.1086486486;0.08918918919;0.04378378378;0.1051351351;0.1708108108;0.1381081081,6.036824149;4.339000817;23.97593767;23.97010901;23.99586619;14.35938798;9.608230127;10.82999178;23.97323177;11.98664636;3.196912787;6.620003587,4.0
Conservative-AoI Bayes-Safe,2,5,418.69216216216216,21.107567567567568,20.562175675675675,36.0,59.0,50.001801801801804,0.03608108108108108,0.008963963963963964,0.13412162162162158,0.03810810810810811,0.7379359972591797,28.0,110.0,0.014504504504504504,161,11100,0.2381419845364494,0.3677341688238135,23.99744594244569,0.4064864864864865,True,True,0.9411489522;0.4821824971;0.3825098869;0.7544254172;0.3523107703;0.8677360717;0.95;0.2189202535;0.8265150398;0.3376263363;0.2625732011;0.2699141276,0.3546353857;0.9781203331;1.218803669;0.5851252029;1.315645181;0.4538598372;0.2241414152;2.064668323;0.5023771293;1.368663091;1.731770293;1.687095206,6.237027027;12.11297297;11.70351351;7.5;13.98756757;6.721891892;5.918108108;21.10756757;6.726756757;12.63216216;20.11594595;16.96540541,0.1015982456;0.2453231538;0.3112890452;0.1651001924;0.2965535353;0.1262221007;0.06778763342;0.3677341688;0.1459609227;0.327739324;0.3435457824;0.3588497099,0.2432432432;0.1078378378;0.09135135135;0.1916216216;0.06864864865;0.2205405405;0.252972973;0.03810810811;0.2154054054;0.08081081081;0.04486486486;0.05405405405,0.3546353857;9.64992533;18.25812842;2.806627637;16.04758133;0.8847385352;0.2241414152;23.99744594;1.526148422;20.07187129;23.96765105;23.95476028,4.0
Conservative-AoI Bayes-Safe,2,6,329.65945945945947,17.348108108108107,15.96151351351351,29.0,45.0,39.14009009009009,0.016013513513513513,0.0024324324324324323,0.15815315315315318,0.053513513513513515,0.8562841204373642,24.0,90.0,0.0,0,11100,0.1635166560549444,0.29625530340863115,18.12128019012068,0.4064864864864865,True,True,0.6600953202;0.4082536129;0.95;0.8542797728;0.5796663152;0.95;0.7238759829;0.298421524;0.95;0.3698913443;0.95;0.5870736138,0.6992694381;1.146768836;0.2551559305;0.4699577518;0.8105930222;0.2156180293;0.6208604762;1.535216558;0.2628816135;1.257463669;0.2571157349;0.7995478023,8.32027027;14.82702703;6.168918919;7.021891892;10.12621622;6.294594595;9.093513514;17.34810811;6.101621622;13.54621622;5.986756757;10.06972973,0.1852119052;0.2628270198;0.06930586762;0.1254914213;0.1912561374;0.05862479391;0.1466573125;0.2962553034;0.0706938393;0.2847985282;0.07421610942;0.1968616346,0.1564864865;0.07351351351;0.2316216216;0.1956756757;0.1259459459;0.2272972973;0.1532432432;0.05351351351;0.232972973;0.0772972973;0.24;0.1302702703,4.290502696;13.36275858;0.2551559305;1.309450773;6.969488356;0.2156180293;2.829465239;18.12128019;0.2628816135;17.60673704;0.2571157349;5.194573628,4.0
Conservative-AoI Bayes-Safe,2,7,369.95324324324326,25.638378378378377,20.637391891891884,33.0,55.0,47.62117117117117,0.026306306306306305,0.007432432432432433,0.16099099099099098,0.02891891891891892,0.7949497027746962,25.0,177.0,0.012522522522522523,139,11100,0.18116915163155933,0.36897122090785583,23.988633418940548,0.4064864864864865,True,True,0.95;0.8194645516;0.5139536145;0.1957148488;0.2668165055;0.95;0.9166527097;0.2817874583;0.4060368001;0.95;0.95;0.8957240492,0.2129344738;0.5105004868;0.9182376412;2.309972111;1.705631049;0.2143947682;0.3910280632;1.619983796;1.152645744;0.2643493157;0.2202876177;0.4190042049,6.282432432;7.487027027;10.59783784;25.63837838;16.54567568;6.430540541;6.531351351;15.17459459;13.06297297;6.120540541;5.821891892;6.280540541,0.05783760708;0.1353516156;0.2442015781;0.3689712209;0.3342114893;0.05904547805;0.1072685092;0.3502667667;0.260435633;0.07394636263;0.06245451649;0.1200390425,0.2354054054;0.1897297297;0.1181081081;0.02891891892;0.05216216216;0.2354054054;0.2237837838;0.05837837838;0.08378378378;0.2294594595;0.2454054054;0.2313513514,0.2129344738;2.278508276;8.173564619;23.98863342;23.90135888;0.2143947682;0.3910280632;23.91682405;12.88466381;0.2643493157;0.2202876177;0.6090462544,4.0
Conservative-AoI Bayes-Safe,2,8,412.9286486486487,23.41216216216216,21.980081081081078,36.0,62.0,52.159909909909906,0.03768018018018018,0.010788288288288289,0.14810810810810812,0.03594594594594595,0.744755101678095,27.0,136.0,0.024594594594594593,273,11100,0.21497543874320998,0.38919354944421847,23.99859149990334,0.4064864864864865,True,True,0.924502767;0.7675714746;0.2938168902;0.223720696;0.8564804989;0.95;0.4732619221;0.198994158;0.3554966144;0.365156396;0.95;0.8950142286,0.3798996382;0.5699618165;1.557699888;2.021057334;0.4673466129;0.2347890628;0.9960890923;2.271318822;1.304697623;1.272612991;0.2590903055;0.4199186836,5.913243243;6.947297297;17.02054054;20.80837838;7.217027027;6.151351351;12.81972973;23.41216216;13.72675676;13.53837838;5.556486486;5.996756757,0.1115056776;0.1649808393;0.3241699768;0.3626978567;0.1293413329;0.06846956724;0.2401382352;0.3891935494;0.2997278322;0.2878856954;0.07618655469;0.1254081474,0.2451351351;0.2010810811;0.05108108108;0.03756756757;0.2086486486;0.2432432432;0.1024324324;0.03594594595;0.07891891892;0.08027027027;0.2572972973;0.2356756757,0.3798996382;2.609503615;23.55399777;23.93709605;1.208159354;0.2347890628;10.51787094;23.9985915;17.5033477;12.61658187;0.2590903055;0.6589428871,4.0
Conservative-AoI Bayes-Safe,2,9,454.19594594594594,26.74297297297297,22.25229729729729,38.0,62.0,53.25765765765766,0.04058558558558559,0.010855855855855856,0.13259009009009012,0.03,0.7013703090728868,28.099999999999454,167.0,0.05108108108108108,567,11100,0.2455017829765441,0.3948568239421918,23.99267975615809,0.4064864864864865,True,True,0.3257577326;0.6871221964;0.2523803769;0.1963495047;0.5437054116;0.2493362779;0.95;0.4363495231;0.95;0.6652629851;0.95;0.2127973752,1.414897118;0.6652565043;1.798374164;2.302374716;0.8671448273;1.819394726;0.209506079;1.076896197;0.2790122724;0.6926602831;0.247425482;2.123503268,13.38648649;9.083513514;16.23486486;26.74297297;10.23810811;15.88594595;5.049189189;10.39027027;5.622702703;8.865135135;5.814864865;18.57810811,0.3219846954;0.1765626722;0.3577306446;0.3671354277;0.2338947399;0.3761721528;0.06664558241;0.2951277685;0.08543808232;0.1945064957;0.07596631014;0.3948568239,0.07351351351;0.1575675676;0.04918918919;0.03;0.1264864865;0.05297297297;0.2735135135;0.1121621622;0.2613513514;0.1556756757;0.2586486486;0.04,20.559753;4.378847564;23.95772827;23.975729;7.675751719;23.97702555;0.209506079;12.09171633;0.2790122724;5.082564529;0.247425482;23.99267976,4.0
Conservative-AoI Bayes-Safe,4,0,450.82756756756754,23.19891891891892,21.90522972972973,38.0,60.0,51.185135135135134,0.041914414414414417,0.00981981981981982,0.15646396396396398,0.04297297297297297,0.7635725031423662,30.0,108.0,0.004414414414414414,49,11100,0.20131546056227004,0.3627877775426227,23.986914896712847,0.4064864864864865,True,True,0.95;0.2315765095;0.95;0.8081176242;0.6281327393;0.795200025;0.3394136806;0.9476946562;0.5005847781;0.95;0.23436609;0.2528380647,0.3369544871;1.95400716;0.2191119648;0.5235225351;0.7414402559;0.5383055036;1.361973486;0.3438720469;0.9427001774;0.2738400263;1.931388168;1.795260579,7.313243243;20.84675676;7.11972973;8.657297297;12.46567568;8.581081081;15.90432432;7.472432432;12.91810811;7.361351351;20.79513514;23.19891892,0.1002667271;0.3527775088;0.06697719788;0.1482842208;0.1819534466;0.1552356682;0.3022108736;0.09684180347;0.2211523659;0.07600911;0.3627877775;0.3512888268,0.2491891892;0.04540540541;0.2645945946;0.2162162162;0.132972973;0.2018918919;0.06621621622;0.2475675676;0.1145945946;0.2502702703;0.04567567568;0.04297297297,0.3369544871;23.94844389;0.2191119648;1.635225351;5.180163583;3.027804569;14.20144321;0.3438720469;9.225903016;0.2738400263;23.9869149;23.84833853,4.0
Conservative-AoI Bayes-Safe,4,1,532.5754054054054,23.89,23.558067567567566,44.0,72.0,59.983783783783785,0.06261261261261261,0.017905405405405406,0.1311711711711712,0.03405405405405405,0.63014480837892,35.0,120.0,0.031711711711711714,352,11100,0.2597090804367009,0.380905143189872,23.998742767051596,0.4064864864864865,True,True,0.5605092249;0.2181252996;0.2316669551;0.3707979081;0.95;0.95;0.2020086086;0.95;0.325972712;0.8362721814;0.2993435181;0.2334007936,0.8400796556;2.072097608;1.953264399;1.254604531;0.2976063768;0.2276934429;2.237061952;0.2579608484;1.414030367;0.4910760745;1.530799061;1.939147999,11.06540541;23.89;22.07;15.82918919;7.041891892;6.118378378;21.50675676;7.751621622;15.00378378;7.707567568;17.23513514;23.28648649,0.2327247695;0.3673773057;0.3589783219;0.3044959105;0.09362535744;0.07809269705;0.3809051432;0.07934039067;0.339367288;0.1580734067;0.3545661608;0.3689622138,0.1440540541;0.03405405405;0.03945945946;0.07432432432;0.2667567568;0.2986486486;0.03648648649;0.2640540541;0.06918918919;0.2367567568;0.06810810811;0.04216216216,6.561115179;23.99874277;23.99308655;19.25590421;0.2976063768;0.2276934429;23.98598247;0.2579608484;18.89079375;1.583988969;23.74678027;23.98376792,4.0
Conservative-AoI Bayes-Safe,4,2,473.92675675675673,22.769189189189188,21.76343243243243,39.0,59.0,51.37207207207207,0.04418918918918919,0.008716216216216216,0.1408333333333333,0.0327027027027027,0.7666753216643414,31.0,113.0,0.0024324324324324323,27,11100,0.2260928515334498,0.3790620472079679,23.977464638900152,0.4064864864864865,True,True,0.2983974043;0.4720337023;0.7619171253;0.95;0.6042558466;0.7527600943;0.6803453125;0.2438339011;0.7053294905;0.1925045361;0.95;0.2931742638,1.535332493;0.9986066978;0.5764720931;0.328976203;0.7746227687;0.5870535051;0.6736618433;1.858825842;0.6430324214;2.34929577;0.2710575607;1.560894842,17.38162162;16.49594595;8.647567568;7.645135135;11.39297297;9.073783784;11.12324324;20.94054054;9.792162162;22.76918919;7.07972973;17.19135135,0.3373581937;0.2253612413;0.165463071;0.09913742333;0.2062171425;0.163740329;0.1813424854;0.35317691;0.1772683973;0.3790620472;0.082855703;0.3421312748,0.05891891892;0.09108108108;0.2081081081;0.2502702703;0.1435135135;0.1894594595;0.1616216216;0.04486486486;0.1794594595;0.0327027027;0.2659459459;0.06405405405,23.12594705;11.17492056;3.047081397;0.328976203;5.270095993;3.554016597;4.378589493;23.97655616;3.316389057;23.97746464;0.2710575607;23.15758335,4.0
Conservative-AoI Bayes-Safe,4,3,525.278918918919,22.31054054054054,20.953527027027025,41.0,62.0,53.846846846846844,0.05301801801801802,0.01108108108108108,0.11412162162162161,0.04027027027027027,0.6263430110438606,36.0,106.0,0.025135135135135135,279,11100,0.3015328578317082,0.38577885082641117,23.99535676739504,0.4064864864864865,True,True,0.2469621281;0.8215561338;0.8932287906;0.3220866759;0.225348274;0.2465631425;0.4834834838;0.2778755806;0.2645088005;0.3014458345;0.9387067142;0.2969367479,1.836175919;0.5080937316;0.4222105672;1.429873819;2.006740312;1.839030251;0.9755450403;1.641436133;1.719737046;1.520828652;0.3585144156;1.542388958,16.20810811;7.003783784;6.807567568;12.40783784;22.31054054;19.84324324;13.75837838;17.17324324;17.90351351;16.93810811;7.369459459;18.65135135,0.3836118879;0.1664350277;0.14320926;0.3682891215;0.3758570367;0.3732734374;0.2660337691;0.3646650003;0.3857788508;0.3530788682;0.1125929057;0.3255691288,0.05918918919;0.2440540541;0.2845945946;0.08864864865;0.04027027027;0.04702702703;0.107027027;0.06054054054;0.05513513514;0.06378378378;0.2610810811;0.05810810811,23.99174042;2.345687168;0.8886324791;23.77419568;23.99535677;23.96605877;11.04189625;23.97622089;23.95132251;23.31231743;0.3585144156;23.98033626,4.0
Conservative-AoI Bayes-Safe,4,4,508.5697297297297,22.605405405405406,21.21985135135135,40.0,61.0,53.38828828828829,0.04966216216216216,0.010157657657657658,0.11,0.04243243243243243,0.8396864273107991,35.0,146.0,0.02099099099099099,233,11100,0.2763976862961294,0.37648916527280574,23.9925791655704,0.4064864864864865,True,True,0.662118963;0.6741961796;0.3640876;0.2460798207;0.2372011855;0.4128728207;0.5024050881;0.4159209977;0.2309431598;0.4380235493;0.7287104513;0.5641011845,0.6966749552;0.6813572012;1.27608378;1.842501298;1.908996959;1.13470463;0.9393093506;1.126874486;1.959226317;1.072981387;0.6151471375;0.8344446437,10.07;9.412432432;15.03054054;19.05324324;20.08621622;13.81702703;11.84108108;14.34837838;22.60540541;12.8327027;9.873243243;11.69135135,0.2058015476;0.2009082991;0.3024663447;0.3685002596;0.3611615868;0.3008500655;0.2538673921;0.2661860273;0.3764891653;0.2688253368;0.177395134;0.234321077,0.1645945946;0.18;0.08162162162;0.0527027027;0.04243243243;0.09891891892;0.1213513514;0.09405405405;0.04567567568;0.1110810811;0.1832432432;0.1443243243,5.146799283;4.339000817;23.02377011;23.99257917;23.97890573;14.16350187;8.489640259;10.31373253;23.96905269;10.51366497;3.4423542;8.826671449,4.0
Conservative-AoI Bayes-Safe,4,5,477.202972972973,22.84972972972973,21.63645945945946,38.0,59.0,51.66081081081081,0.04204954954954955,0.009166666666666667,0.13844594594594595,0.03486486486486486,0.7347320531681929,32.0,131.0,0.004774774774774775,53,11100,0.23426336916950316,0.35824785490878336,23.98545587854379,0.4064864864864865,True,True,0.9411489522;0.4821824971;0.3825098869;0.7544254172;0.3523107703;0.8677360717;0.95;0.2189202535;0.8265150398;0.3376263363;0.2625732011;0.2699141276,0.3546353857;0.9781203331;1.218803669;0.5851252029;1.315645181;0.4538598372;0.2241414152;2.064668323;0.5023771293;1.368663091;1.731770293;1.687095206,7.463783784;14.02918919;15.05486486;8.778918919;14.72189189;8.234864865;6.966216216;22.84972973;7.87;14.03864865;19.71;20.64378378,0.1048570573;0.2453231538;0.2790072183;0.169211883;0.3022428118;0.1285527323;0.06887805112;0.3582478549;0.1543791341;0.3358773208;0.3271641716;0.3374190411,0.2535135135;0.1221621622;0.08189189189;0.1994594595;0.08054054054;0.2221621622;0.2554054054;0.03486486486;0.2310810811;0.08378378378;0.04945945946;0.04702702703,0.3546353857;9.64992533;16.77607338;3.176878043;17.92645301;1.046318047;0.2241414152;23.98545588;1.730902681;17.77786056;23.97234018;23.20318973,4.0
Conservative-AoI Bayes-Safe,4,6,393.6464864864865,18.928918918918917,17.319499999999998,33.0,49.0,42.792342342342344,0.023558558558558557,0.002837837837837838,0.16238738738738737,0.05540540540540541,0.8508942884387285,28.0,81.0,0.0,0,11100,0.16103593994202517,0.2933508396497228,21.907343821961348,0.4064864864864865,True,True,0.6600953202;0.4082536129;0.95;0.8542797728;0.5796663152;0.95;0.7238759829;0.298421524;0.95;0.3698913443;0.95;0.5870736138,0.6992694381;1.146768836;0.2551559305;0.4699577518;0.8105930222;0.2156180293;0.6208604762;1.535216558;0.2628816135;1.257463669;0.2571157349;0.7995478023,11.79;16.0027027;7.428108108;8.754864865;12.21216216;7.892162162;10.90972973;18.92891892;7.14972973;15.93027027;7.325945946;11.66891892,0.1729274421;0.2491897688;0.07089197205;0.1281587491;0.1921324542;0.06054787363;0.1474963131;0.2933508396;0.07453048988;0.2674659209;0.07477203533;0.2009674206,0.1454054054;0.07675675676;0.2356756757;0.2040540541;0.1243243243;0.2383783784;0.1610810811;0.05540540541;0.2494594595;0.07621621622;0.242972973;0.1389189189,3.691963819;12.34830138;0.2551559305;1.239493021;6.148302311;0.2156180293;3.050325715;21.90734382;0.2628816135;21.49405539;0.2571157349;6.39231264,4.0
Conservative-AoI Bayes-Safe,4,7,443.95324324324326,28.5,23.597270270270265,38.0,59.0,51.73873873873874,0.0406981981981982,0.009211711711711711,0.164481981981982,0.02891891891891892,0.7856502719219367,28.0,145.0,0.01144144144144144,127,11100,0.1760715651987533,0.35211466766841015,23.978382414256256,0.4064864864864865,True,True,0.95;0.8194645516;0.5139536145;0.1957148488;0.2668165055;0.95;0.9166527097;0.2817874583;0.4060368001;0.95;0.95;0.8957240492,0.2129344738;0.5105004868;0.9182376412;2.309972111;1.705631049;0.2143947682;0.3910280632;1.619983796;1.152645744;0.2643493157;0.2202876177;0.4190042049,7.592972973;9.184324324;12.6672973;28.5;19.58594595;8.261621622;7.838378378;17.34081081;15.22054054;7.594594595;7.128108108;7.515405405,0.06071509997;0.1401806742;0.2327856507;0.3521146677;0.3222259738;0.05852397726;0.1133981383;0.3253102596;0.2467284944;0.0760182897;0.06447878108;0.1203787756,0.2435135135;0.1921621622;0.117027027;0.02891891892;0.05405405405;0.2337837838;0.2354054054;0.05189189189;0.08243243243;0.2397297297;0.2535135135;0.2413513514,0.2129344738;2.49950925;9.210039901;23.97838241;23.92388308;0.2143947682;0.3910280632;23.45946527;10.48968616;0.2643493157;0.2202876177;0.5900420495,4.0
Conservative-AoI Bayes-Safe,4,8,528.7172972972973,28.182972972972973,27.03035135135135,45.0,74.0,62.82027027027027,0.06542792792792793,0.01828828828828829,0.15063063063063062,0.031621621621621625,0.7179704096186396,31.0,186.0,0.021261261261261263,236,11100,0.20984289908108622,0.38121324007075663,23.979897548915186,0.4064864864864865,True,True,0.924502767;0.7675714746;0.2938168902;0.223720696;0.8564804989;0.95;0.4732619221;0.198994158;0.3554966144;0.365156396;0.95;0.8950142286,0.3798996382;0.5699618165;1.557699888;2.021057334;0.4673466129;0.2347890628;0.9960890923;2.271318822;1.304697623;1.272612991;0.2590903055;0.4199186836,7.098648649;8.564054054;22.81810811;28.18297297;8.99;7.725405405;14.56675676;26.0872973;17.41486486;16.38162162;7.008108108;7.001621622,0.1161260786;0.1623620958;0.2972259787;0.3441259785;0.1312359813;0.07030980584;0.2344847566;0.3812132401;0.287033477;0.2813506557;0.0794076774;0.1332390634,0.2551351351;0.2048648649;0.04135135135;0.03162162162;0.2208108108;0.2524324324;0.1027027027;0.03162162162;0.06756756757;0.08135135135;0.2627027027;0.2554054054,0.3798996382;2.779465432;21.65789698;23.97921071;1.275505967;0.2347890628;11.11396003;23.97989755;21.87381204;13.48919486;0.2590903055;0.6589428871,4.0
Conservative-AoI Bayes-Safe,4,9,533.772972972973,26.797027027027028,24.456108108108104,42.0,70.0,58.65900900900901,0.05599099099099099,0.016846846846846848,0.13292792792792793,0.03135135135135135,0.6752039436049235,34.0,133.0,0.03153153153153153,350,11100,0.24331252293076613,0.38393654052213805,23.99736336662595,0.4064864864864865,True,True,0.3257577326;0.6871221964;0.2523803769;0.1963495047;0.5437054116;0.2493362779;0.95;0.4363495231;0.95;0.6652629851;0.95;0.2127973752,1.414897118;0.6652565043;1.798374164;2.302374716;0.8671448273;1.819394726;0.209506079;1.076896197;0.2790122724;0.6926602831;0.247425482;2.123503268,18.20405405;11.04702703;18.50216216;26.79702703;13.40324324;19.12324324;6.648108108;12.84918919;6.658108108;9.952432432;7.007567568;22.54081081,0.2906275161;0.1819566439;0.3630771623;0.3839365405;0.2221765666;0.3805977076;0.06664558241;0.278537746;0.09131996266;0.2021819205;0.07703625817;0.3816566685,0.05972972973;0.16;0.04810810811;0.03135135135;0.1154054054;0.04810810811;0.2745945946;0.1018918919;0.2837837838;0.1672972973;0.2645945946;0.04027027027,20.72139912;4.909360573;23.94146991;23.99736337;10.21004137;23.93699959;0.209506079;13.87584787;0.2790122724;5.082564529;0.247425482;23.990902,4.0
Conservative-AoI Bayes-Safe,8,0,579.0637837837838,27.70108108108108,26.80116216216216,47.0,71.0,62.47207207207207,0.07907657657657657,0.020045045045045045,0.15903153153153152,0.03864864864864865,0.7408163694083114,34.0,138.0,0.004324324324324324,48,11100,0.19197136223037162,0.32520400778280983,23.914690424682615,0.4064864864864865,True,True,0.95;0.2315765095;0.95;0.8081176242;0.6281327393;0.795200025;0.3394136806;0.9476946562;0.5005847781;0.95;0.23436609;0.2528380647,0.3369544871;1.95400716;0.2191119648;0.5235225351;0.7414402559;0.5383055036;1.361973486;0.3438720469;0.9427001774;0.2738400263;1.931388168;1.795260579,9.256486486;25.83054054;8.441351351;11.5127027;15.62243243;10.42162162;20.44972973;9.33027027;16.63216216;9.021081081;26.06486486;27.70108108,0.1061861978;0.317922246;0.06833924523;0.1529534758;0.1855604532;0.1578544517;0.2749714039;0.1043698131;0.2152923378;0.08155992134;0.3252040078;0.313442793,0.2618918919;0.04027027027;0.2689189189;0.2127027027;0.1391891892;0.2140540541;0.05972972973;0.2643243243;0.1045945946;0.262972973;0.03864864865;0.04108108108,0.3369544871;23.88432934;0.2191119648;2.252838027;6.204484351;2.751193561;19.23946973;0.3438720469;12.3394039;0.2738400263;23.70221069;23.91469042,4.0
Conservative-AoI Bayes-Safe,8,1,663.7205405405406,27.199459459459458,26.889824324324323,50.0,76.0,65.52522522522523,0.10371621621621621,0.025472972972972973,0.13567567567567565,0.03486486486486486,0.5957428701112035,42.0,136.0,0.024594594594594593,273,11100,0.25142480495795905,0.3869512565738383,23.98665517198195,0.4064864864864865,True,True,0.5605092249;0.2181252996;0.2316669551;0.3707979081;0.95;0.95;0.2020086086;0.95;0.325972712;0.8362721814;0.2993435181;0.2334007936,0.8400796556;2.072097608;1.953264399;1.254604531;0.2976063768;0.2276934429;2.237061952;0.2579608484;1.414030367;0.4910760745;1.530799061;1.939147999,14.63810811;26.63648649;24.48081081;20.88108108;8.406756757;6.851351351;27.19945946;8.875675676;20.37378378;10.02027027;22.76648649;24.76972973,0.2315895267;0.3477763824;0.3505317732;0.2885590421;0.09949705082;0.08547734926;0.3869512566;0.08491792253;0.3034432733;0.1608605952;0.3169167785;0.360576709,0.1424324324;0.03486486486;0.03945945946;0.07027027027;0.2845945946;0.3321621622;0.03486486486;0.2832432432;0.06027027027;0.2478378378;0.05783783784;0.04027027027,8.321433801;23.9841015;23.92301313;21.43878577;0.2976063768;0.2276934429;23.98665517;0.2579608484;23.18570054;2.039369342;23.74678027;23.90506795,4.0
Conservative-AoI Bayes-Safe,8,2,636.4035135135135,31.78,28.77001351351351,52.0,78.0,67.53378378378379,0.09936936936936937,0.029234234234234234,0.14432432432432432,0.032432432432432434,0.742062647003078,37.0,157.0,0.010810810810810811,120,11100,0.2181902135774535,0.3593787583244716,23.976713414007,0.4064864864864865,True,True,0.2983974043;0.4720337023;0.7619171253;0.95;0.6042558466;0.7527600943;0.6803453125;0.2438339011;0.7053294905;0.1925045361;0.95;0.2931742638,1.535332493;0.9986066978;0.5764720931;0.328976203;0.7746227687;0.5870535051;0.6736618433;1.858825842;0.6430324214;2.34929577;0.2710575607;1.560894842,23.98918919;19.83054054;11.24081081;8.965405405;13.71243243;11.33540541;14.17918919;26.3072973;11.69918919;31.78;9.209189189;24.5872973,0.2995973135;0.2140257058;0.1730974312;0.10509456;0.2101949351;0.1737361049;0.1802500608;0.3195170907;0.1849152693;0.3593787583;0.08798381902;0.3104915145,0.05135135135;0.09432432432;0.2135135135;0.2691891892;0.1532432432;0.2008108108;0.1575675676;0.04108108108;0.1905405405;0.03243243243;0.2775675676;0.05027027027,19.70065238;9.977707164;3.576497676;0.328976203;6.768587068;4.115177113;5.873236866;23.97671341;4.045486321;23.92112657;0.2710575607;23.8614762,4.0
Conservative-AoI Bayes-Safe,8,3,673.75,26.692702702702704,25.207405405405403,49.0,72.0,63.34144144144144,0.09382882882882883,0.02313063063063063,0.11637387387387386,0.04108108108108108,0.6024577571508813,42.0,127.0,0.026756756756756758,297,11100,0.29659161708650333,0.3758570367379921,23.997678383697398,0.4064864864864865,True,True,0.2469621281;0.8215561338;0.8932287906;0.3220866759;0.225348274;0.2465631425;0.4834834838;0.2778755806;0.2645088005;0.3014458345;0.9387067142;0.2969367479,1.836175919;0.5080937316;0.4222105672;1.429873819;2.006740312;1.839030251;0.9755450403;1.641436133;1.719737046;1.520828652;0.3585144156;1.542388958,23.99216216;8.604864865;8.645405405;16.18027027;22.88459459;26.6927027;16.36027027;19.55594595;21.16540541;21.56081081;8.757567568;21.54351351,0.3612800186;0.175635644;0.1489148082;0.351671669;0.3758570367;0.3489187124;0.2546963538;0.3717631025;0.3736942121;0.3563671463;0.1201507771;0.3201499244,0.04702702703;0.2540540541;0.2943243243;0.07891891892;0.04351351351;0.04108108108;0.11;0.06324324324;0.05702702703;0.06378378378;0.2816216216;0.06189189189,23.86615715;2.4537809;0.977474748;23.87545749;23.99767838;23.97575626;14.96417105;23.97622089;23.98948183;23.89551969;0.3585144156;22.93350564,4.0
Conservative-AoI Bayes-Safe,8,4,653.0748648648648,27.658918918918918,26.107175675675673,49.0,71.0,62.13603603603604,0.09238738738738739,0.02132882882882883,0.10891891891891892,0.04054054054054054,0.806514327995769,43.0,112.0,0.012792792792792792,142,11100,0.2734101522920947,0.37406021493402064,23.99003633829454,0.4064864864864865,True,True,0.662118963;0.6741961796;0.3640876;0.2460798207;0.2372011855;0.4128728207;0.5024050881;0.4159209977;0.2309431598;0.4380235493;0.7287104513;0.5641011845,0.6966749552;0.6813572012;1.27608378;1.842501298;1.908996959;1.13470463;0.9393093506;1.126874486;1.959226317;1.072981387;0.6151471375;0.8344446437,12.46243243;12.42648649;20.73378378;27.65891892;24.83756757;16.69837838;17.68567568;16.87459459;24.16513514;16.69378378;11.25081081;12.55378378,0.2118268445;0.2010924497;0.2893606194;0.3416097001;0.3740602149;0.3008500655;0.2401585529;0.2643586633;0.3531902577;0.2644754122;0.1950182682;0.2449207792,0.1724324324;0.172972973;0.07405405405;0.04243243243;0.04351351351;0.09810810811;0.1108108108;0.09378378378;0.04054054054;0.1010810811;0.2040540541;0.1532432432,6.720198925;5.18307242;23.93677548;23.99003634;23.92389052;19.50232039;10.64687766;15.26436421;23.96905269;14.5515533;6.024119849;8.65444823,4.0
Conservative-AoI Bayes-Safe,8,5,620.517027027027,29.062432432432434,26.293108108108108,48.0,72.0,62.54099099099099,0.08565315315315315,0.020225225225225227,0.14162162162162162,0.033243243243243244,0.6955508466525906,38.0,129.0,0.002162162162162162,24,11100,0.2270183548160988,0.3359271162851832,23.952039744392597,0.4064864864864865,True,True,0.9411489522;0.4821824971;0.3825098869;0.7544254172;0.3523107703;0.8677360717;0.95;0.2189202535;0.8265150398;0.3376263363;0.2625732011;0.2699141276,0.3546353857;0.9781203331;1.218803669;0.5851252029;1.315645181;0.4538598372;0.2241414152;2.064668323;0.5023771293;1.368663091;1.731770293;1.687095206,8.988108108;16.86810811;20.58378378;11.26837838;20.07162162;10.06135135;8.425675676;29.06243243;10.08567568;18.01837838;24.01297297;24.0272973,0.1162628981;0.2273468882;0.26879562;0.1723747219;0.2901530993;0.1365259456;0.07426956083;0.3359271163;0.1547864669;0.3192314183;0.3089103766;0.3196361457,0.2772972973;0.1059459459;0.07621621622;0.2124324324;0.07459459459;0.2440540541;0.2778378378;0.03324324324;0.2318918919;0.07513513514;0.04702702703;0.04378378378,0.3546353857;11.38428633;18.83248439;3.547128449;16.11967832;1.261757396;0.2241414152;23.95203974;2.242788327;16.05251293;23.92497406;22.2806185,4.0
Conservative-AoI Bayes-Safe,8,6,535.3202702702703,24.91054054054054,24.070824324324324,44.0,63.0,55.01711711711712,0.06423423423423423,0.01222972972972973,0.16425675675675674,0.05081081081081081,0.8178258275136037,32.79999999999927,97.0,0.0,0,11100,0.1547672314971388,0.26472112545477006,21.494055386612477,0.4064864864864865,True,True,0.6600953202;0.4082536129;0.95;0.8542797728;0.5796663152;0.95;0.7238759829;0.298421524;0.95;0.3698913443;0.95;0.5870736138,0.6992694381;1.146768836;0.2551559305;0.4699577518;0.8105930222;0.2156180293;0.6208604762;1.535216558;0.2628816135;1.257463669;0.2571157349;0.7995478023,13.64;22.75189189;8.948108108;11.22405405;16.35216216;9.733783784;14.12216216;24.91054054;9.151891892;23.38378378;9.171351351;15.08297297,0.1838889631;0.2188158915;0.0779260004;0.1320962329;0.1809594152;0.06346163078;0.1458183119;0.2647211255;0.07900658221;0.2368789668;0.0772042112;0.1964294466,0.1586486486;0.06540540541;0.2597297297;0.2132432432;0.1218918919;0.2475675676;0.1456756757;0.05081081081;0.2581081081;0.06243243243;0.2567567568;0.1308108108,4.589772134;14.58860789;0.2551559305;1.678986043;6.980081378;0.2156180293;3.712907144;20.17476428;0.2628816135;21.49405539;0.2571157349;6.393217035,4.0
Conservative-AoI Bayes-Safe,8,7,585.344054054054,31.256486486486487,28.974135135135132,49.0,70.0,61.63558558558559,0.08806306306306307,0.019954954954954956,0.1680855855855856,0.026216216216216216,0.7562332344925013,32.0,114.0,0.005855855855855856,65,11100,0.16635176792840098,0.31278271010970354,23.998884423624947,0.4064864864864865,True,True,0.95;0.8194645516;0.5139536145;0.1957148488;0.2668165055;0.95;0.9166527097;0.2817874583;0.4060368001;0.95;0.95;0.8957240492,0.2129344738;0.5105004868;0.9182376412;2.309972111;1.705631049;0.2143947682;0.3910280632;1.619983796;1.152645744;0.2643493157;0.2202876177;0.4190042049,10.67162162;10.74756757;17.75783784;31.25648649;27.10675676;10.67648649;10.05675676;25.01135135;19.45432432;9.087027027;9.077297297;9.492432432,0.06180854727;0.1433540556;0.2030049704;0.3127827101;0.2964110174;0.06269598356;0.1184709348;0.2828404141;0.2383172957;0.07980491503;0.06989666573;0.1268337053,0.242972973;0.2016216216;0.1013513514;0.02621621622;0.04540540541;0.2521621622;0.2456756757;0.04351351351;0.07702702703;0.2532432432;0.2781081081;0.2497297297,0.2129344738;2.610009736;9.328277542;23.99888442;23.92232867;0.2143947682;0.3910280632;22.35970833;11.68968616;0.2643493157;0.2202876177;0.6660588692,4.0
Conservative-AoI Bayes-Safe,8,8,618.0216216216216,28.02243243243243,27.476445945945944,48.0,73.0,63.19504504504504,0.08763513513513513,0.02168918918918919,0.1557207207207207,0.036216216216216214,0.7203927555458465,36.0,122.0,0.01144144144144144,127,11100,0.20484265977283425,0.35420296219134734,23.96901407690815,0.4064864864864865,True,True,0.924502767;0.7675714746;0.2938168902;0.223720696;0.8564804989;0.95;0.4732619221;0.198994158;0.3554966144;0.365156396;0.95;0.8950142286,0.3798996382;0.5699618165;1.557699888;2.021057334;0.4673466129;0.2347890628;0.9960890923;2.271318822;1.304697623;1.272612991;0.2590903055;0.4199186836,8.701621622;10.83324324;25.90108108;27.02972973;11.62783784;9.223513514;18.70216216;28.02243243;18.84810811;20.86810811;8.805405405;8.927567568,0.1195143727;0.1666753204;0.2854379795;0.3408485883;0.1374251662;0.07456139158;0.2250622922;0.3542029622;0.2792758154;0.2620894862;0.08136836079;0.1316501819,0.2651351351;0.2037837838;0.05027027027;0.03864864865;0.2248648649;0.2697297297;0.09540540541;0.03621621622;0.07864864865;0.07135135135;0.2767567568;0.2578378378,0.3798996382;3.629274514;23.91169765;23.93691735;1.544892418;0.2347890628;11.12960366;23.96901408;15.77985959;15.23442084;0.2590903055;0.6987802543,4.0
Conservative-AoI Bayes-Safe,8,9,677.9891891891892,34.06675675675676,30.26655405405405,53.0,79.0,69.06171171171171,0.10954954954954955,0.03054054054054054,0.13768018018018016,0.025675675675675677,0.6629675689780424,39.0,145.0,0.016666666666666666,185,11100,0.2360359259503566,0.38337842789736104,23.981594780519682,0.4064864864864865,True,True,0.3257577326;0.6871221964;0.2523803769;0.1963495047;0.5437054116;0.2493362779;0.95;0.4363495231;0.95;0.6652629851;0.95;0.2127973752,1.414897118;0.6652565043;1.798374164;2.302374716;0.8671448273;1.819394726;0.209506079;1.076896197;0.2790122724;0.6926602831;0.247425482;2.123503268,22.81972973;14.21243243;23.47054054;34.06675676;14.87594595;25.41297297;7.945135135;16.33;8.088378378;12.20297297;8.638378378;27.1572973,0.2975107993;0.1771020694;0.3358585263;0.3472229977;0.2423318247;0.3235572243;0.06947674564;0.2791198521;0.09411008538;0.2012458931;0.08151666555;0.3833784279,0.06351351351;0.1656756757;0.04756756757;0.02567567568;0.1389189189;0.04162162162;0.2845945946;0.1081081081;0.2954054054;0.1618918919;0.2832432432;0.03594594595,20.04691353;6.500899598;23.93821824;23.97836564;9.812910337;23.95034158;0.209506079;15.16861253;0.2790122724;5.667885095;0.247425482;23.98159478,4.0
Expected-AoI Bayes-Safe,2,0,309.19702702702705,17.322972972972973,17.21847297297297,28.0,48.0,40.92252252252252,0.01795045045045045,0.0037612612612612614,0.1470945945945946,0.043243243243243246,0.8177439792983708,21.0,140.0,0.03558558558558558,395,11100,0.21675831109541185,0.4007797941559755,23.99449153591085,0.4064864864864865,True,True,0.95;0.2315765095;0.95;0.8081176242;0.6281327393;0.795200025;0.3394136806;0.9476946562;0.5005847781;0.95;0.23436609;0.2528380647,0.3369544871;1.95400716;0.2191119648;0.5235225351;0.7414402559;0.5383055036;1.361973486;0.3438720469;0.9427001774;0.2738400263;1.931388168;1.795260579,4.426486486;17.32297297;4.312432432;5.069189189;7.286756757;5.214054054;10.18162162;4.476756757;8.041081081;4.323513514;14.91297297;17.13297297,0.08742602909;0.3897452118;0.05839037764;0.1385212329;0.2011908154;0.1499981011;0.3787758696;0.08541038137;0.2479046683;0.06623968203;0.3967175697;0.4007797942,0.2186486486;0.04324324324;0.222972973;0.1964864865;0.1494594595;0.1908108108;0.0872972973;0.2156756757;0.1221621622;0.2154054054;0.05189189189;0.05108108108,0.3369544871;23.99449154;0.2191119648;0.8940901405;4.721603839;2.336277051;22.50733359;0.3438720469;7.710204613;0.2738400263;23.96817334;23.99050336,4.0
Expected-AoI Bayes-Safe,2,1,396.6575675675676,20.54216216216216,20.374783783783784,37.0,61.0,51.31261261261261,0.03835585585585585,0.010045045045045045,0.12484234234234233,0.03702702702702703,0.6996539946351931,28.0,119.0,0.06963963963963964,773,11100,0.27686535030129783,0.40250423324725776,23.997539544625177,0.4064864864864865,True,True,0.5605092249;0.2181252996;0.2316669551;0.3707979081;0.95;0.95;0.2020086086;0.95;0.325972712;0.8362721814;0.2993435181;0.2334007936,0.8400796556;2.072097608;1.953264399;1.254604531;0.2976063768;0.2276934429;2.237061952;0.2579608484;1.414030367;0.4910760745;1.530799061;1.939147999,7.041351351;18.87594595;20.23783784;10.37324324;4.122702703;3.706216216;20.54216216;4.371621622;10.71405405;5.003513514;11.57567568;16.4672973,0.249299314;0.3920184665;0.3927645169;0.3634962316;0.07954938016;0.06603109845;0.3936019813;0.06860364184;0.3859920731;0.1433411245;0.385182142;0.4025042332,0.1486486486;0.03918918919;0.04324324324;0.09189189189;0.2291891892;0.2572972973;0.03702702703;0.23;0.08405405405;0.2121621622;0.0772972973;0.04810810811,5.361911735;23.99181646;23.99586392;17.49209062;0.2976063768;0.2276934429;23.98665517;0.2579608484;23.93565244;0.9464564472;23.97113987;23.99753954,4.0
Expected-AoI Bayes-Safe,2,2,338.2548648648649,20.64189189189189,19.05551351351351,30.0,53.0,44.63918918918919,0.024346846846846848,0.006081081081081081,0.13259009009009007,0.036216216216216214,0.8198497117484107,24.0,121.0,0.04378378378378378,486,11100,0.23739930457736916,0.396840501683384,23.97861959745144,0.4064864864864865,True,True,0.2983974043;0.4720337023;0.7619171253;0.95;0.6042558466;0.7527600943;0.6803453125;0.2438339011;0.7053294905;0.1925045361;0.95;0.2931742638,1.535332493;0.9986066978;0.5764720931;0.328976203;0.7746227687;0.5870535051;0.6736618433;1.858825842;0.6430324214;2.34929577;0.2710575607;1.560894842,14.20783784;8.774054054;5.70972973;4.628378378;6.810540541;5.826216216;6.821621622;17.75756757;6.251891892;20.64189189;4.60972973;11.73756757,0.373459255;0.2658452966;0.152687203;0.08339991308;0.2122885101;0.1572351415;0.1798859192;0.3888462707;0.1744877165;0.3968405017;0.07106103618;0.3927548912,0.06459459459;0.1148648649;0.1805405405;0.2113513514;0.1497297297;0.1724324324;0.1564864865;0.04540540541;0.1702702703;0.03621621622;0.2216216216;0.06756756757,23.9786196;8.170740653;1.988248838;0.328976203;3.441700911;2.244642061;3.410280277;23.95350546;2.187291793;23.97746464;0.2710575607;23.85816471,4.0
Expected-AoI Bayes-Safe,2,3,403.9345945945946,17.202972972972972,16.96454054054054,33.0,51.0,44.553153153153154,0.026238738738738738,0.004369369369369369,0.10680180180180181,0.046486486486486484,0.7075930005495461,31.0,92.0,0.06756756756756757,750,11100,0.31358309843198046,0.39693390193464523,23.99955060474777,0.4064864864864865,True,True,0.2469621281;0.8215561338;0.8932287906;0.3220866759;0.225348274;0.2465631425;0.4834834838;0.2778755806;0.2645088005;0.3014458345;0.9387067142;0.2969367479,1.836175919;0.5080937316;0.4222105672;1.429873819;2.006740312;1.839030251;0.9755450403;1.641436133;1.719737046;1.520828652;0.3585144156;1.542388958,14.69378378;4.964324324;4.523243243;9.623513514;16.76945946;17.20297297;8.482702703;12.19324324;15.44216216;11.99405405;4.488108108;13.45756757,0.3915521081;0.1487204085;0.1189036246;0.3934085264;0.3942973531;0.3911667047;0.3000460151;0.3855156755;0.3969339019;0.3806181978;0.09582993434;0.3660047312,0.05432432432;0.2127027027;0.2302702703;0.09027027027;0.04648648649;0.04972972973;0.1208108108;0.06810810811;0.05324324324;0.07108108108;0.2191891892;0.06540540541,23.99648708;1.156656121;0.5554739706;23.99397502;23.97071714;23.9956318;11.09080617;23.95573747;23.9987162;23.9995506;0.3585144156;23.97378167,4.0
Expected-AoI Bayes-Safe,2,4,380.81594594594594,19.397837837837837,17.838364864864865,31.0,51.0,44.31351351351351,0.023626126126126128,0.005698198198198198,0.10364864864864864,0.04297297297297297,0.8714075798916311,30.0,108.0,0.03513513513513514,390,11100,0.282087101176293,0.39819951094957795,23.992579165570397,0.4064864864864865,True,True,0.662118963;0.6741961796;0.3640876;0.2460798207;0.2372011855;0.4128728207;0.5024050881;0.4159209977;0.2309431598;0.4380235493;0.7287104513;0.5641011845,0.6966749552;0.6813572012;1.27608378;1.842501298;1.908996959;1.13470463;0.9393093506;1.126874486;1.959226317;1.072981387;0.6151471375;0.8344446437,6.822972973;6.723513514;11.28486486;15.80621622;16.56243243;9.887297297;8.836216216;9.992702703;19.39783784;9.373513514;6.804324324;7.718648649,0.195257278;0.1789943783;0.3183311701;0.3914070325;0.3843791174;0.3183306504;0.2558983312;0.287809835;0.3981995109;0.2728852663;0.1596057438;0.2239469003,0.1545945946;0.152972973;0.08351351351;0.05;0.04783783784;0.1021621622;0.117027027;0.09675675676;0.04297297297;0.1062162162;0.1567567568;0.132972973,5.340149194;2.65085761;23.53901609;23.99257917;23.98966549;16.02521024;8.107568311;10.61061524;23.98661588;10.51366497;1.7211771;5.785558943,4.0
Expected-AoI Bayes-Safe,2,5,332.57216216216216,17.575945945945946,16.913418918918918,30.0,49.0,41.74954954954955,0.019662162162162163,0.004324324324324324,0.1277027027027027,0.04378378378378378,0.801678060609833,24.0,96.0,0.024324324324324326,270,11100,0.2518309465155631,0.3917289628441837,23.992727939271962,0.4064864864864865,True,True,0.9411489522;0.4821824971;0.3825098869;0.7544254172;0.3523107703;0.8677360717;0.95;0.2189202535;0.8265150398;0.3376263363;0.2625732011;0.2699141276,0.3546353857;0.9781203331;1.218803669;0.5851252029;1.315645181;0.4538598372;0.2241414152;2.064668323;0.5023771293;1.368663091;1.731770293;1.687095206,4.657027027;8.791351351;9.689459459;6.009189189;11.08648649;4.992972973;4.572702703;17.57594595;4.802432432;9.692432432;14.67783784;16.37135135,0.08904223602;0.26911527;0.337641557;0.1527651205;0.3342449919;0.1110116629;0.05785271664;0.3917289628;0.1334693833;0.36768949;0.3880101548;0.3893998123,0.2110810811;0.1213513514;0.09486486486;0.1748648649;0.08054054054;0.1902702703;0.2132432432;0.04378378378;0.2021621622;0.09162162162;0.05567567568;0.05297297297,0.3546353857;9.64992533;18.63932475;1.325626014;17.35371024;0.615439349;0.2241414152;23.99272794;1.321394163;23.82021261;23.96765105;23.93204317,4.0
Expected-AoI Bayes-Safe,2,6,246.87135135135136,12.616486486486487,11.537594594594593,22.0,34.0,29.013513513513512,0.004144144144144144,0.00011261261261261261,0.15162162162162166,0.06756756756756757,0.9063439845564147,20.0,65.0,0.00018018018018018018,2,11100,0.17482813073895398,0.3672072038048208,23.33257953980084,0.4064864864864865,True,True,0.6600953202;0.4082536129;0.95;0.8542797728;0.5796663152;0.95;0.7238759829;0.298421524;0.95;0.3698913443;0.95;0.5870736138,0.6992694381;1.146768836;0.2551559305;0.4699577518;0.8105930222;0.2156180293;0.6208604762;1.535216558;0.2628816135;1.257463669;0.2571157349;0.7995478023,6.389189189;10.65486486;4.602432432;5.312162162;7.696756757;4.630810811;7.04972973;12.61648649;4.302162162;10.29;4.385135135;7.899459459,0.1840779548;0.3059083355;0.0616511897;0.1211728906;0.2044008891;0.05273900446;0.1417911088;0.3672072038;0.06351788174;0.3232021484;0.06330606337;0.2089628986,0.1516216216;0.09351351351;0.2067567568;0.1875675676;0.1308108108;0.2035135135;0.1378378378;0.06756756757;0.2081081081;0.09081081081;0.2081081081;0.1332432432,3.093424943;10.8289144;0.2551559305;0.8897042624;5.348302311;0.2156180293;1.808604762;23.33257954;0.2628816135;20.12166438;0.2571157349;5.593217035,4.0
Expected-AoI Bayes-Safe,2,7,307.74,23.00189189189189,18.87986486486486,28.0,56.0,45.196846846846846,0.021216216216216215,0.008378378378378378,0.1559009009009009,0.0327027027027027,0.8292999318200827,20.0,125.0,0.040450450450450454,449,11100,0.19346040590954885,0.4001870602401627,23.99902777143355,0.4064864864864865,True,True,0.95;0.8194645516;0.5139536145;0.1957148488;0.2668165055;0.95;0.9166527097;0.2817874583;0.4060368001;0.95;0.95;0.8957240492,0.2129344738;0.5105004868;0.9182376412;2.309972111;1.705631049;0.2143947682;0.3910280632;1.619983796;1.152645744;0.2643493157;0.2202876177;0.4190042049,4.481891892;5.367567568;7.575405405;23.00189189;15.5072973;4.431891892;4.529459459;14.19648649;10.04459459;4.417837838;4.104054054;4.394054054,0.05340626803;0.1302466107;0.2680261223;0.4001870602;0.3784657003;0.05440991549;0.1021957127;0.379163775;0.3205601272;0.0679449187;0.05775107816;0.109167582,0.2145945946;0.1854054054;0.1335135135;0.0327027027;0.05891891892;0.2178378378;0.2110810811;0.06;0.1027027027;0.2148648649;0.2278378378;0.2113513514,0.2129344738;1.947006816;7.373564619;23.98640227;23.96893147;0.2143947682;0.3910280632;23.99902777;12.83730955;0.2643493157;0.2202876177;0.5330294346,4.0
Expected-AoI Bayes-Safe,2,8,336.51378378378377,19.906486486486486,18.4637027027027,30.0,49.0,42.41081081081081,0.021283783783783785,0.0038063063063063065,0.14083333333333334,0.036216216216216214,0.79609481580732,23.0,108.0,0.044684684684684686,496,11100,0.22903534246036747,0.39929538142909765,23.998847492736317,0.4064864864864865,True,True,0.924502767;0.7675714746;0.2938168902;0.223720696;0.8564804989;0.95;0.4732619221;0.198994158;0.3554966144;0.365156396;0.95;0.8950142286,0.3798996382;0.5699618165;1.557699888;2.021057334;0.4673466129;0.2347890628;0.9960890923;2.271318822;1.304697623;1.272612991;0.2590903055;0.4199186836,4.355675676;5.580810811;14.04297297;17.28324324;5.278918919;4.357027027;9.725405405;19.90648649;10.2672973;10.62054054;4.166756757;4.274594595,0.0998006617;0.1534275593;0.3784789729;0.3992953814;0.1191102313;0.06117206934;0.2759435999;0.3922628992;0.3505052532;0.3377583667;0.06638313772;0.1142859769,0.2167567568;0.1862162162;0.06243243243;0.04378378378;0.1945945946;0.2164864865;0.1143243243;0.03621621622;0.09243243243;0.08864864865;0.2210810811;0.217027027,0.3798996382;1.079847266;23.99708626;23.97930006;1.006119516;0.2347890628;8.925692755;23.99884749;17.32078826;16.17838972;0.2590903055;0.5394307853,4.0
Expected-AoI Bayes-Safe,2,9,411.4708108108108,22.387297297297298,21.512054054054055,36.0,66.0,54.01171171171171,0.03831081081081081,0.013400900900900901,0.12576576576576573,0.03702702702702703,0.747207436738739,26.0,117.0,0.10171171171171171,1129,11100,0.2571882552983083,0.4023177813713318,23.99778659607317,0.4064864864864865,True,True,0.3257577326;0.6871221964;0.2523803769;0.1963495047;0.5437054116;0.2493362779;0.95;0.4363495231;0.95;0.6652629851;0.95;0.2127973752,1.414897118;0.6652565043;1.798374164;2.302374716;0.8671448273;1.819394726;0.209506079;1.076896197;0.2790122724;0.6926602831;0.247425482;2.123503268,12.58378378;6.77027027;15.33756757;22.3872973;7.947837838;17.05540541;3.979459459;8.230810811;4.313243243;6.577837838;4.195135135;20.79594595,0.3583131349;0.1783606628;0.3800888098;0.4007376533;0.2524094538;0.3914157303;0.05639677152;0.3195762227;0.0751824961;0.2059260301;0.06553431685;0.4023177814,0.07378378378;0.157027027;0.05081081081;0.03810810811;0.1316216216;0.05027027027;0.2318918919;0.12;0.2283783784;0.1621621622;0.2281081081;0.03702702703,23.97465012;2.652565043;23.99677052;23.99736337;6.674317237;23.9977866;0.209506079;14.24550872;0.2790122724;3.80458368;0.247425482;23.99487595,4.0
Expected-AoI Bayes-Safe,4,0,323.9518918918919,17.467837837837838,17.399608108108108,30.0,51.0,42.7490990990991,0.02144144144144144,0.00527027027027027,0.1477702702702703,0.04756756756756757,0.8169031444570126,22.0,99.0,0.03513513513513514,390,11100,0.21753104222834274,0.3993275536979964,23.998677685145662,0.4064864864864865,True,True,0.95;0.2315765095;0.95;0.8081176242;0.6281327393;0.795200025;0.3394136806;0.9476946562;0.5005847781;0.95;0.23436609;0.2528380647,0.3369544871;1.95400716;0.2191119648;0.5235225351;0.7414402559;0.5383055036;1.361973486;0.3438720469;0.9427001774;0.2738400263;1.931388168;1.795260579,4.560540541;17.46783784;4.376756757;5.099459459;7.103783784;5.154054054;11.9727027;4.533783784;8.568378378;4.425405405;17.34378378;17.13567568,0.08779030421;0.3960825323;0.05862725544;0.1390872033;0.1975838087;0.1470883417;0.3831930809;0.08364455194;0.2522359934;0.06638770367;0.3993275537;0.3993241775,0.2202702703;0.04756756757;0.2256756757;0.2;0.1532432432;0.1943243243;0.07945945946;0.2116216216;0.1254054054;0.2140540541;0.05108108108;0.05054054054,0.3369544871;23.99867769;0.2191119648;1.017612676;3.697283071;1.091527518;22.11840918;0.3438720469;9.654003549;0.2738400263;23.99292944;23.9961693,4.0
Expected-AoI Bayes-Safe,4,1,438.53837837837835,23.138108108108106,21.765486486486484,40.0,73.0,59.73108108108108,0.04885135135135135,0.017184684684684686,0.12436936936936938,0.03405405405405405,0.7044395714473172,29.0,144.0,0.09450450450450451,1049,11100,0.27757076900324124,0.40302832730096516,23.99834748561926,0.4064864864864865,True,True,0.5605092249;0.2181252996;0.2316669551;0.3707979081;0.95;0.95;0.2020086086;0.95;0.325972712;0.8362721814;0.2993435181;0.2334007936,0.8400796556;2.072097608;1.953264399;1.254604531;0.2976063768;0.2276934429;2.237061952;0.2579608484;1.414030367;0.4910760745;1.530799061;1.939147999,7.530540541;20.63486486;20.64243243;10.42324324;4.18;3.803243243;23.13810811;4.356756757;12.67567568;5.207837838;13.51567568;18.25486486,0.249299314;0.3931385192;0.3938203355;0.363835314;0.07987111679;0.06590802092;0.3954158153;0.06776701207;0.3905781175;0.1413502755;0.3868370599;0.4030283273,0.1502702703;0.04054054054;0.04513513514;0.09756756757;0.2297297297;0.2532432432;0.03405405405;0.2259459459;0.08;0.2089189189;0.07891891892;0.04810810811,5.240876212;23.99795411;23.99172785;20.91180842;0.2976063768;0.2276934429;23.99136411;0.2579608484;23.98185659;0.8553803727;23.9947239;23.99834749,4.0
Expected-AoI Bayes-Safe,4,2,354.5654054054054,22.927297297297297,19.971121621621617,32.0,53.0,45.310810810810814,0.025675675675675677,0.005855855855855856,0.13475225225225226,0.034594594594594595,0.8179187421792693,25.0,114.0,0.03846846846846847,427,11100,0.23819034626346738,0.396840501683384,23.999999667559894,0.4064864864864865,True,True,0.2983974043;0.4720337023;0.7619171253;0.95;0.6042558466;0.7527600943;0.6803453125;0.2438339011;0.7053294905;0.1925045361;0.95;0.2931742638,1.535332493;0.9986066978;0.5764720931;0.328976203;0.7746227687;0.5870535051;0.6736618433;1.858825842;0.6430324214;2.34929577;0.2710575607;1.560894842,14.56027027;9.744324324;6.354864865;4.667837838;6.909459459;5.863783784;6.928378378;17.55243243;6.218378378;22.9272973;4.663513514;12.16297297,0.3788536665;0.266385084;0.152687203;0.08420012547;0.2118697951;0.155013858;0.1778831408;0.3948748951;0.1725759985;0.3968405017;0.07054822457;0.3965516625,0.06486486486;0.1089189189;0.1810810811;0.2159459459;0.1564864865;0.18;0.1608108108;0.04513513514;0.1754054054;0.03459459459;0.2210810811;0.0727027027,23.99061455;7.177707164;1.282360466;0.328976203;3.720850455;1.335267526;2.610280277;23.97710656;1.372129686;23.99999967;0.2710575607;23.97548019,4.0
Expected-AoI Bayes-Safe,4,3,432.77405405405403,19.03135135135135,17.798608108108105,36.0,55.0,48.60045045045045,0.035743243243243246,0.006306306306306306,0.10840090090090092,0.049189189189189186,0.7058106775876889,31.800000000000182,130.0,0.07072072072072072,785,11100,0.31445798590727164,0.39739869573082165,23.999550925360985,0.4064864864864865,True,True,0.2469621281;0.8215561338;0.8932287906;0.3220866759;0.225348274;0.2465631425;0.4834834838;0.2778755806;0.2645088005;0.3014458345;0.9387067142;0.2969367479,1.836175919;0.5080937316;0.4222105672;1.429873819;2.006740312;1.839030251;0.9755450403;1.641436133;1.719737046;1.520828652;0.3585144156;1.542388958,15.57027027;4.896486486;4.563513514;10.53432432;19.03135135;16.79;8.145405405;14.24297297;16.36135135;13.1172973;4.612162162;14.07108108,0.3960184819;0.1454246653;0.1186754027;0.393022074;0.3959244399;0.3916637399;0.2958274419;0.3886210952;0.3973986957;0.3851395803;0.09602372591;0.3697564882,0.05513513514;0.2151351351;0.232972973;0.08837837838;0.04918918919;0.04972972973;0.1348648649;0.06297297297;0.05378378378;0.07108108108;0.2213513514;0.06621621622,23.99847146;0.8323749262;0.5554739706;23.99804451;23.99955093;23.98641486;8.184265685;23.99387791;23.98159321;23.99126408;0.3585144156;23.99206523,4.0
Expected-AoI Bayes-Safe,4,4,402.0635135135135,18.86243243243243,18.498094594594594,33.0,54.0,45.84639639639639,0.028243243243243243,0.006126126126126126,0.10572072072072074,0.04594594594594595,0.8724089019645482,31.0,97.0,0.038378378378378375,426,11100,0.2828688577926561,0.40086852560161085,23.99706359205115,0.4064864864864865,True,True,0.662118963;0.6741961796;0.3640876;0.2460798207;0.2372011855;0.4128728207;0.5024050881;0.4159209977;0.2309431598;0.4380235493;0.7287104513;0.5641011845,0.6966749552;0.6813572012;1.27608378;1.842501298;1.908996959;1.13470463;0.9393093506;1.126874486;1.959226317;1.072981387;0.6151471375;0.8344446437,6.626486486;7.087567568;12.03918919;17.06648649;18.2;10.57756757;9.357297297;10.07297297;18.86243243;9.593243243;7.204324324;7.920810811,0.1903617242;0.1777053241;0.3235044827;0.4008685256;0.3905704589;0.3232374812;0.2523441877;0.2847642283;0.3944928666;0.2720152814;0.1599382557;0.2246234771,0.157027027;0.1551351351;0.08405405405;0.05135135135;0.04594594595;0.1032432432;0.1156756757;0.1002702703;0.0472972973;0.11;0.1586486486;0.14,3.546799283;2.813572012;21.25202145;23.98007268;23.97933097;12.62109635;5.811021558;11.08374075;23.99706359;10.78664636;1.475735687;4.847780368,4.0
Expected-AoI Bayes-Safe,4,5,360.2451351351351,21.7,19.097162162162157,31.0,55.0,46.835585585585584,0.024166666666666666,0.007207207207207207,0.1285135135135135,0.04162162162162162,0.7975781659250011,26.0,182.0,0.022972972972972974,255,11100,0.25222064255800886,0.39081843097959934,23.999805493476725,0.4064864864864865,True,True,0.9411489522;0.4821824971;0.3825098869;0.7544254172;0.3523107703;0.8677360717;0.95;0.2189202535;0.8265150398;0.3376263363;0.2625732011;0.2699141276,0.3546353857;0.9781203331;1.218803669;0.5851252029;1.315645181;0.4538598372;0.2241414152;2.064668323;0.5023771293;1.368663091;1.731770293;1.687095206,4.695675676;8.972702703;10.48864865;5.855405405;11.23783784;5.023243243;4.628648649;21.7;5.093783784;9.992162162;16.62297297;16.96756757,0.0881796094;0.2693796269;0.3336886802;0.1499185655;0.3502460819;0.1115023222;0.05779213788;0.3889388705;0.1331978281;0.36768949;0.390818431;0.3852960672,0.2110810811;0.1235135135;0.09297297297;0.1794594595;0.08486486486;0.1945945946;0.2159459459;0.04162162162;0.2016216216;0.08945945946;0.05594594595;0.05108108108,0.3546353857;6.84992533;10.52650274;1.325626014;14.69790422;0.5615795117;0.2241414152;23.99744594;1.116639905;19.09764605;23.97234018;23.99980549,4.0
Expected-AoI Bayes-Safe,4,6,254.86513513513515,12.772972972972973,12.037459459459457,23.0,36.0,30.872972972972974,0.005427927927927928,0.0002927927927927928,0.15443693693693694,0.07081081081081081,0.9066015534827335,21.0,73.0,0.00018018018018018018,2,11100,0.17472858985261966,0.36181319968113385,23.918643171641516,0.4064864864864865,True,True,0.6600953202;0.4082536129;0.95;0.8542797728;0.5796663152;0.95;0.7238759829;0.298421524;0.95;0.3698913443;0.95;0.5870736138,0.6992694381;1.146768836;0.2551559305;0.4699577518;0.8105930222;0.2156180293;0.6208604762;1.535216558;0.2628816135;1.257463669;0.2571157349;0.7995478023,6.693783784;11.43567568;4.47972973;5.519189189;7.903243243;4.80972973;7.037837838;12.77297297;4.375135135;11.25054054;4.380540541;8.333243243,0.1835109796;0.3077679607;0.06137534545;0.1192676565;0.2011147012;0.05291382989;0.139441907;0.3618131997;0.06394417625;0.327960119;0.06434842446;0.2132847786,0.1540540541;0.09108108108;0.2059459459;0.1908108108;0.1351351351;0.2081081081;0.1443243243;0.07081081081;0.2102702703;0.08810810811;0.2132432432;0.1413513514,1.994155505;9.682145564;0.2551559305;0.7497887589;2.527116267;0.2156180293;1.062581429;23.91864317;0.2628816135;13.03434604;0.2571157349;3.995478023,4.0
Expected-AoI Bayes-Safe,4,7,302.7837837837838,23.163243243243244,18.43205405405405,29.0,52.0,43.16081081081081,0.022274774774774776,0.0052927927927927925,0.15736486486486487,0.033243243243243244,0.8349793922367195,21.0,103.0,0.03027027027027027,336,11100,0.1938774606713567,0.3989384266668704,23.996653270874987,0.4064864864864865,True,True,0.95;0.8194645516;0.5139536145;0.1957148488;0.2668165055;0.95;0.9166527097;0.2817874583;0.4060368001;0.95;0.95;0.8957240492,0.2129344738;0.5105004868;0.9182376412;2.309972111;1.705631049;0.2143947682;0.3910280632;1.619983796;1.152645744;0.2643493157;0.2202876177;0.4190042049,4.649189189;5.855405405;8.308918919;23.16324324;14.56108108;4.514324324;4.652162162;13.92324324;10.29756757;4.489459459;4.336756757;4.564324324,0.05334871817;0.1328680997;0.2635590203;0.3989384267;0.3876853276;0.0540622483;0.1029354956;0.3844177765;0.3149526614;0.06694467805;0.05798922694;0.1088278489,0.2127027027;0.1916216216;0.1359459459;0.03324324324;0.06351351351;0.2145945946;0.2140540541;0.0627027027;0.1032432432;0.2145945946;0.2259459459;0.2162162162,0.2129344738;0.9525024341;6.737089336;23.99665327;23.98291133;0.2143947682;0.3910280632;23.93810415;13.87408083;0.2643493157;0.2202876177;0.5520336396,4.0
Expected-AoI Bayes-Safe,4,8,348.22594594594597,20.15297297297297,19.880945945945946,32.0,53.0,44.876576576576575,0.025518018018018018,0.00545045045045045,0.14292792792792794,0.04054054054054054,0.8031256870251052,24.0,108.0,0.046396396396396394,515,11100,0.2296892121056436,0.3976566862932737,23.98348252760697,0.4064864864864865,True,True,0.924502767;0.7675714746;0.2938168902;0.223720696;0.8564804989;0.95;0.4732619221;0.198994158;0.3554966144;0.365156396;0.95;0.8950142286,0.3798996382;0.5699618165;1.557699888;2.021057334;0.4673466129;0.2347890628;0.9960890923;2.271318822;1.304697623;1.272612991;0.2590903055;0.4199186836,4.313513514;5.362702703;15.31702703;20.15297297;5.410810811;4.223513514;9.92972973;19.65837838;10.09081081;10.63027027;4.281621622;4.494594595,0.09826052804;0.1541977779;0.3835309725;0.3976566863;0.1175945126;0.0602836783;0.281058652;0.395332249;0.3529736001;0.3336309732;0.06610304009;0.1156478753,0.2154054054;0.1940540541;0.06297297297;0.04054054054;0.1967567568;0.2175675676;0.1172972973;0.04054054054;0.09675675676;0.09621621622;0.2191891892;0.2178378378,0.3798996382;1.419770899;23.91248604;23.98028291;0.6693864514;0.2347890628;8.125692755;23.98348253;19.96776449;16.35049391;0.2590903055;0.4597560509,4.0
Expected-AoI Bayes-Safe,4,9,420.88567567567566,24.35054054054054,22.658027027027025,36.0,64.0,53.28108108108108,0.0365990990990991,0.012117117117117117,0.12749999999999997,0.033243243243243244,0.753298140940133,27.0,137.0,0.08882882882882882,986,11100,0.25771784159939554,0.4011699417668487,23.999023105320923,0.4064864864864865,True,True,0.3257577326;0.6871221964;0.2523803769;0.1963495047;0.5437054116;0.2493362779;0.95;0.4363495231;0.95;0.6652629851;0.95;0.2127973752,1.414897118;0.6652565043;1.798374164;2.302374716;0.8671448273;1.819394726;0.209506079;1.076896197;0.2790122724;0.6926602831;0.247425482;2.123503268,12.27162162;7.014864865;15.59486486;24.35054054;8.135675676;15.74135135;4.096216216;8.669459459;4.281081081;6.354054054;4.643243243;21.27324324,0.3659612275;0.1767424713;0.3844632335;0.3963818093;0.2486596383;0.3973164699;0.05634014826;0.3201583288;0.07442840887;0.2049900027;0.06600241911;0.4011699418,0.07864864865;0.1608108108;0.05216216216;0.03324324324;0.1343243243;0.05027027027;0.2302702703;0.1232432432;0.2283783784;0.172972973;0.2248648649;0.04081081081,23.95563771;1.726282521;23.98378603;23.99895233;6.210041374;23.99902311;0.209506079;11.69171633;0.2790122724;2.60458368;0.247425482;23.99466673,4.0
Expected-AoI Bayes-Safe,8,0,322.72675675675674,17.496756756756756,17.189797297297297,30.0,52.0,43.29369369369369,0.023310810810810812,0.0052027027027027025,0.14882882882882886,0.05243243243243243,0.8313518273888162,23.0,94.0,0.02918918918918919,324,11100,0.21786011561176863,0.4012649997179077,23.988873469486265,0.4064864864864865,True,True,0.95;0.2315765095;0.95;0.8081176242;0.6281327393;0.795200025;0.3394136806;0.9476946562;0.5005847781;0.95;0.23436609;0.2528380647,0.3369544871;1.95400716;0.2191119648;0.5235225351;0.7414402559;0.5383055036;1.361973486;0.3438720469;0.9427001774;0.2738400263;1.931388168;1.795260579,4.421891892;16.93864865;4.323783784;5.292702703;7.438378378;5.374864865;11.45972973;4.71;8.738108108;4.473513514;16.76216216;17.49675676,0.08678854763;0.3955544223;0.05839037764;0.1390872033;0.196982641;0.1492706613;0.3817206771;0.08336573677;0.2558029671;0.06572160631;0.4003715473;0.4012649997,0.2164864865;0.05243243243;0.2251351351;0.2008108108;0.1502702703;0.1932432432;0.08648648649;0.2091891892;0.1305405405;0.2118918919;0.05513513514;0.05432432432,0.3369544871;23.98887347;0.2191119648;0.7705676054;2.10720128;1.091527518;15.71840918;0.3438720469;4.512402129;0.2738400263;23.9886871;23.95445884,4.0
Expected-AoI Bayes-Safe,8,1,457.737027027027,24.174864864864865,23.00381081081081,43.0,70.0,59.98153153153153,0.05788288288288288,0.017995495495495496,0.12362612612612611,0.03513513513513514,0.6976684319837024,31.0,149.0,0.08648648648648649,960,11100,0.27847822625013563,0.4019801391935504,23.997954114979215,0.4064864864864865,True,True,0.5605092249;0.2181252996;0.2316669551;0.3707979081;0.95;0.95;0.2020086086;0.95;0.325972712;0.8362721814;0.2993435181;0.2334007936,0.8400796556;2.072097608;1.953264399;1.254604531;0.2976063768;0.2276934429;2.237061952;0.2579608484;1.414030367;0.4910760745;1.530799061;1.939147999,7.09027027;21.46621622;22.04567568;12.10621622;4.21;3.863783784;24.17486486;4.31972973;12.56810811;5.064864865;14.2;20.38081081,0.2468017799;0.3959386511;0.3948761541;0.3685824662;0.07979068263;0.06504647816;0.3960204266;0.06741841632;0.3905781175;0.1404212127;0.3942841904;0.4019801392,0.1567567568;0.03945945946;0.04378378378;0.09027027027;0.23;0.2516216216;0.03513513514;0.2232432432;0.08189189189;0.2124324324;0.07513513514;0.04378378378,3.600796556;23.99795411;23.99586392;17.98743043;0.2976063768;0.2276934429;23.98732788;0.2579608484;23.94334035;0.7643042981;23.92707411;23.98780762,4.0
Expected-AoI Bayes-Safe,8,2,378.4889189189189,24.015675675675677,23.447837837837838,35.0,61.0,52.086036036036035,0.03558558558558558,0.010450450450450451,0.1355630630630631,0.032972972972972976,0.8259423989115218,26.0,170.0,0.047027027027027025,522,11100,0.239166069818733,0.3983915926314264,23.99999966755996,0.4064864864864865,True,True,0.2983974043;0.4720337023;0.7619171253;0.95;0.6042558466;0.7527600943;0.6803453125;0.2438339011;0.7053294905;0.1925045361;0.95;0.2931742638,1.535332493;0.9986066978;0.5764720931;0.328976203;0.7746227687;0.5870535051;0.6736618433;1.858825842;0.6430324214;2.34929577;0.2710575607;1.560894842,13.68108108;10.02135135;6.347837838;5.041891892;7.177567568;5.727567568;6.799459459;22.98324324;6.515405405;24.01567568;4.695405405;12.78621622,0.3892275347;0.269084021;0.1519081867;0.08411121298;0.2106136501;0.1559658366;0.1742417254;0.3983915926;0.1717070358;0.3974754465;0.06944934257;0.3978172529,0.07324324324;0.1110810811;0.1824324324;0.2137837838;0.1567567568;0.1832432432;0.1605405405;0.04621621622;0.1748648649;0.03297297297;0.2167567568;0.07486486486,23.99322407;5.78746028;1.811776745;0.328976203;3.295473224;1.14821402;1.22098553;23.97718519;1.372129686;23.99999967;0.2710575607;23.84491875,4.0
Expected-AoI Bayes-Safe,8,3,464.59,23.2027027027027,20.54932432432432,39.0,65.0,55.130630630630634,0.04605855855855856,0.013063063063063063,0.10659909909909909,0.04108108108108108,0.707207028879789,33.0,134.0,0.05936936936936937,659,11100,0.31592250305974007,0.39765950264438643,23.99955092536115,0.4064864864864865,True,True,0.2469621281;0.8215561338;0.8932287906;0.3220866759;0.225348274;0.2465631425;0.4834834838;0.2778755806;0.2645088005;0.3014458345;0.9387067142;0.2969367479,1.836175919;0.5080937316;0.4222105672;1.429873819;2.006740312;1.839030251;0.9755450403;1.641436133;1.719737046;1.520828652;0.3585144156;1.542388958,16.76405405;5.108108108;4.506216216;10.95162162;23.2027027;17.76567568;9.414324324;13.89810811;18.37837838;13.3727027;4.835675676;14.68648649,0.3945296906;0.1432275032;0.1155944067;0.3976595026;0.3959244399;0.3976281623;0.2960911028;0.3921701463;0.3950747267;0.3888388932;0.09457028909;0.3797611733,0.05324324324;0.2116216216;0.2283783784;0.08594594595;0.04108108108;0.05108108108;0.1310810811;0.06702702703;0.05135135135;0.07486486486;0.2167567568;0.06675675676,23.99174042;0.7242811947;0.4888422689;23.5788333;23.99955093;23.9912636;7.013080967;23.98281227;23.98159321;23.96181186;0.3585144156;23.96256961,4.0
Expected-AoI Bayes-Safe,8,4,421.8735135135135,19.721891891891893,19.70881081081081,36.0,56.0,48.788288288288285,0.03605855855855856,0.007274774774774775,0.10702702702702703,0.04594594594594595,0.8710870813042753,32.0,112.0,0.03720720720720721,413,11100,0.2830031210662869,0.39688473901178134,23.997063592051003,0.4064864864864865,True,True,0.662118963;0.6741961796;0.3640876;0.2460798207;0.2372011855;0.4128728207;0.5024050881;0.4159209977;0.2309431598;0.4380235493;0.7287104513;0.5641011845,0.6966749552;0.6813572012;1.27608378;1.842501298;1.908996959;1.13470463;0.9393093506;1.126874486;1.959226317;1.072981387;0.6151471375;0.8344446437,6.610540541;7.358378378;12.38432432;17.1027027;19.72189189;11.03027027;10.15756757;11.60378378;19.69810811;10.44189189;6.981081081;7.784054054,0.1873490758;0.1760479687;0.3269533578;0.396884739;0.3895385687;0.3137304965;0.2566599334;0.2890280777;0.3960814284;0.2804251356;0.1589407198;0.2243979515,0.1578378378;0.1551351351;0.08864864865;0.05216216216;0.04594594595;0.09837837838;0.1191891892;0.09891891892;0.04891891892;0.1108108108;0.1651351351;0.1432432432,1.586699821;1.806786006;16.39327816;23.9550597;23.98966549;11.15938798;4.611021558;8.683740752;23.99706359;7.040683585;1.690882825;2.778891081,4.0
Expected-AoI Bayes-Safe,8,5,379.00108108108105,25.059729729729728,20.934581081081078,34.0,62.0,50.87117117117117,0.03157657657657657,0.010833333333333334,0.12957207207207208,0.03648648648648649,0.8083427583381865,27.0,123.0,0.01900900900900901,211,11100,0.25370146223352835,0.3945190551721337,23.996260682679708,0.4064864864864865,True,True,0.9411489522;0.4821824971;0.3825098869;0.7544254172;0.3523107703;0.8677360717;0.95;0.2189202535;0.8265150398;0.3376263363;0.2625732011;0.2699141276,0.3546353857;0.9781203331;1.218803669;0.5851252029;1.315645181;0.4538598372;0.2241414152;2.064668323;0.5023771293;1.368663091;1.731770293;1.687095206,4.812972973;9.551081081;10.24054054;6.172702703;11.43891892;5.051621622;4.857567568;25.05972973;5.115405405;10.80972973;17.55945946;16.50864865,0.08693359319;0.2696439837;0.3406062146;0.1502348494;0.3502460819;0.1100303443;0.0568228777;0.3945190552;0.130482276;0.3728682152;0.390350385;0.3916796707,0.2081081081;0.1245945946;0.1035135135;0.1835135135;0.09054054054;0.1940540541;0.2105405405;0.03648648649;0.2005405405;0.08675675676;0.05837837838;0.05783783784,0.3546353857;5.871804997;9.613680721;1.325626014;13.51290362;0.615439349;0.2241414152;23.99272794;0.8095085171;15.51240567;23.99626068;23.92885344,4.0
Expected-AoI Bayes-Safe,8,6,259.9345945945946,13.361081081081082,12.555108108108108,24.0,38.0,32.64369369369369,0.00731981981981982,0.0008783783783783784,0.15601351351351353,0.07162162162162163,0.9104613863266309,21.0,83.0,0.0,0,11100,0.1749352037044738,0.36554751022830173,20.50470680348213,0.4064864864864865,True,True,0.6600953202;0.4082536129;0.95;0.8542797728;0.5796663152;0.95;0.7238759829;0.298421524;0.95;0.3698913443;0.95;0.5870736138,0.6992694381;1.146768836;0.2551559305;0.4699577518;0.8105930222;0.2156180293;0.6208604762;1.535216558;0.2628816135;1.257463669;0.2571157349;0.7995478023,7.408918919;11.5127027;4.846756757;5.542702703;7.607297297;4.742162162;7.027027027;13.36108108;4.485945946;11.89567568;4.452972973;8.238378378,0.1888027483;0.3046685854;0.06116846226;0.1195216877;0.2000193052;0.05250590389;0.1401131075;0.3655475102;0.06330473449;0.3269405539;0.06420944298;0.2124204026,0.1572972973;0.09864864865;0.2043243243;0.1951351351;0.1356756757;0.2089189189;0.1505405405;0.07162162162;0.21;0.08675675676;0.212972973;0.1402702703,1.896347191;7.654763709;0.2551559305;0.7497887589;2.063558133;0.2156180293;1.062581429;20.5047068;0.2628816135;14.34927337;0.2571157349;2.397739012,4.0
Expected-AoI Bayes-Safe,8,7,327.72675675675674,27.44864864864865,20.608581081081073,31.0,58.0,48.254954954954954,0.024887387387387386,0.009009009009009009,0.15709459459459457,0.030810810810810812,0.8366481543658437,22.0,166.0,0.036756756756756756,408,11100,0.19490068795302604,0.39831410988022425,23.997768847249976,0.4064864864864865,True,True,0.95;0.8194645516;0.5139536145;0.1957148488;0.2668165055;0.95;0.9166527097;0.2817874583;0.4060368001;0.95;0.95;0.8957240492,0.2129344738;0.5105004868;0.9182376412;2.309972111;1.705631049;0.2143947682;0.3910280632;1.619983796;1.152645744;0.2643493157;0.2202876177;0.4190042049,4.732432432;5.797297297;7.966756757;27.44864865;14.34891892;4.514594595;4.629459459;15.01216216;10.14675676;4.753783784;4.322972973;4.726486486,0.05380911703;0.1301086376;0.2665370883;0.3983141099;0.3927561226;0.05348280298;0.1003990973;0.3892339445;0.3205601272;0.06715901533;0.057393855;0.1090543377,0.2137837838;0.1902702703;0.1402702703;0.03081081081;0.06405405405;0.2137837838;0.212972973;0.06189189189;0.1075675676;0.21;0.2264864865;0.2132432432,0.2129344738;1.173503408;3.627663489;23.99776885;23.80116336;0.2143947682;0.3910280632;23.99578701;8.463497855;0.2643493157;0.2202876177;0.5520336396,4.0
Expected-AoI Bayes-Safe,8,8,376.95324324324326,24.444054054054053,23.22364864864865,36.0,64.0,52.476126126126125,0.03704954954954955,0.011891891891891892,0.14265765765765767,0.037567567567567565,0.7992970093050996,24.0,116.0,0.05774774774774775,641,11100,0.2304512327933518,0.3984015987212898,23.99884749273699,0.4064864864864865,True,True,0.924502767;0.7675714746;0.2938168902;0.223720696;0.8564804989;0.95;0.4732619221;0.198994158;0.3554966144;0.365156396;0.95;0.8950142286,0.3798996382;0.5699618165;1.557699888;2.021057334;0.4673466129;0.2347890628;0.9960890923;2.271318822;1.304697623;1.272612991;0.2590903055;0.4199186836,4.547837838;5.604864865;14.78324324;22.22513514;5.526216216;4.267027027;10.65702703;24.44405405;10.87675676;11.2627027;4.331621622;4.484054054,0.09815785246;0.153581603;0.3839519725;0.3954717594;0.1168366532;0.0602836783;0.2772896662;0.3984015987;0.3617891246;0.3398220634;0.06554284484;0.1142859769,0.2154054054;0.1918918919;0.06459459459;0.03918918919;0.1927027027;0.2210810811;0.1159459459;0.03756756757;0.09891891892;0.09378378378;0.2216216216;0.2191891892,0.3798996382;1.079847266;23.42418369;23.97921071;0.6020398386;0.2347890628;5.764801831;23.99884749;15.75836925;11.88542354;0.2590903055;0.4597560509,4.0
Expected-AoI Bayes-Safe,8,9,430.13378378378377,26.566756756756757,23.67345945945946,38.0,64.0,53.69414414414415,0.04364864864864865,0.012454954954954954,0.12722972972972973,0.031621621621621625,0.7580925891980789,28.0,104.0,0.0781981981981982,868,11100,0.2594410240070474,0.40073765331646216,23.998952331540853,0.4064864864864865,True,True,0.3257577326;0.6871221964;0.2523803769;0.1963495047;0.5437054116;0.2493362779;0.95;0.4363495231;0.95;0.6652629851;0.95;0.2127973752,1.414897118;0.6652565043;1.798374164;2.302374716;0.8671448273;1.819394726;0.209506079;1.076896197;0.2790122724;0.6926602831;0.247425482;2.123503268,12.66648649;7.24;14.78540541;26.56675676;8.696486486;16.69216216;4.17972973;8.79;4.468378378;6.993513514;4.480540541;21.30621622,0.3716972969;0.1747646817;0.3932120808;0.4007376533;0.2512376365;0.3982999265;0.0553209295;0.3262704423;0.07337268676;0.2031179479;0.06466498407;0.400596022,0.08054054054;0.1613513514;0.05702702703;0.03162162162;0.1391891892;0.05135135135;0.2251351351;0.1243243243;0.2259459459;0.1686486486;0.2245945946;0.03702702703,23.80666653;1.591539026;23.99351885;23.99895233;4.872882755;23.94936468;0.209506079;8.276546755;0.2790122724;1.833942548;0.247425482;23.99864068,4.0
Perfect-AoI Bayes-Safe,2,0,294.9191891891892,16.408918918918918,16.070445945945945,26.0,49.0,40.266666666666666,0.018423423423423423,0.004774774774774775,0.13524774774774775,0.0472972972972973,0.8122327528598637,20.0,99.0,0.06945945945945946,771,11100,0.2159785250550257,0.39932417747017895,23.99998220044685,0.4064864864864865,True,True,0.95;0.2315765095;0.95;0.8081176242;0.6281327393;0.795200025;0.3394136806;0.9476946562;0.5005847781;0.95;0.23436609;0.2528380647,0.3369544871;1.95400716;0.2191119648;0.5235225351;0.7414402559;0.5383055036;1.361973486;0.3438720469;0.9427001774;0.2738400263;1.931388168;1.795260579,4.147567568;15.79351351;3.996486486;4.913513514;6.384594595;4.820810811;9.714594595;4.198648649;7.643243243;4.256756757;14.81783784;16.40891892,0.08624213495;0.3754862407;0.05667301359;0.1413510845;0.2098075535;0.156108596;0.3706776488;0.08383042872;0.2542742641;0.06542556304;0.3925415953;0.3993241775,0.202972973;0.0472972973;0.2124324324;0.1764864865;0.1316216216;0.1721621622;0.07;0.2067567568;0.1002702703;0.2018918919;0.05135135135;0.04972972973,0.3369544871;23.99443673;0.2191119648;1.758747886;6.545924607;2.474582554;23.96220855;0.3438720469;11.59560497;0.2738400263;23.99858589;23.9999822,4.0
Perfect-AoI Bayes-Safe,2,1,390.8891891891892,20.388648648648648,19.34632432432432,36.0,68.0,54.32342342342342,0.039211711711711714,0.013918918918918919,0.11540540540540539,0.04108108108108108,0.6915928381141192,27.0,117.0,0.11936936936936937,1325,11100,0.2756139225496849,0.39783426066497746,23.998742767051446,0.4064864864864865,True,True,0.5605092249;0.2181252996;0.2316669551;0.3707979081;0.95;0.95;0.2020086086;0.95;0.325972712;0.8362721814;0.2993435181;0.2334007936,0.8400796556;2.072097608;1.953264399;1.254604531;0.2976063768;0.2276934429;2.237061952;0.2579608484;1.414030367;0.4910760745;1.530799061;1.939147999,6.937837838;17.88648649;17.97891892;9.489459459;3.844054054;3.747297297;20.38864865;4.381891892;10.20702703;4.754054054;10.38;18.49351351,0.2497534111;0.3908984137;0.3932924262;0.3570536678;0.08123849744;0.06596955969;0.3978342607;0.06860364184;0.3768199842;0.1481191619;0.3810448472;0.3967391987,0.1159459459;0.04567567568;0.04243243243;0.07675675676;0.2210810811;0.2467567568;0.04108108108;0.2178378378;0.07243243243;0.1924324324;0.06972972973;0.0427027027,9.323425192;23.99874277;23.99586392;22.51180842;0.2976063768;0.2276934429;23.98732788;0.2579608484;23.99231209;1.675065043;23.99627505;23.9926919,4.0
Perfect-AoI Bayes-Safe,2,2,334.8035135135135,23.42027027027027,18.930040540540535,29.0,56.0,45.68828828828829,0.02328828828828829,0.008153153153153153,0.1161261261261261,0.033783783783783786,0.8206233398824319,25.0,124.0,0.07,777,11100,0.23706272828965191,0.39493566727530366,23.999999667559813,0.4064864864864865,True,True,0.2983974043;0.4720337023;0.7619171253;0.95;0.6042558466;0.7527600943;0.6803453125;0.2438339011;0.7053294905;0.1925045361;0.95;0.2931742638,1.535332493;0.9986066978;0.5764720931;0.328976203;0.7746227687;0.5870535051;0.6736618433;1.858825842;0.6430324214;2.34929577;0.2710575607;1.560894842,11.75;8.863513514;5.64;4.394594595;6.691891892;5.571351351;6.558648649;15.25621622;6.376216216;23.42027027;4.61;11.77783784,0.3668199794;0.2634162532;0.1581403174;0.08171057582;0.2122885101;0.1643749814;0.1818886977;0.3908558122;0.1776159823;0.3949356673;0.06754461377;0.3851613488,0.06162162162;0.09054054054;0.1578378378;0.1964864865;0.1210810811;0.1505405405;0.1294594595;0.04621621622;0.1424324324;0.03378378378;0.2;0.06351351351,23.99791679;9.776313862;2.69413721;0.328976203;6.01934153;3.018749072;3.68394212;23.97683136;4.374583586;23.99999967;0.2710575607;23.98111711,4.0
Perfect-AoI Bayes-Safe,2,3,386.7089189189189,15.406486486486486,15.266756756756756,32.0,52.0,44.92072072072072,0.025495495495495495,0.00554054054054054,0.09891891891891891,0.04837837837837838,0.7041655788232364,30.0,100.0,0.10684684684684685,1186,11100,0.3127888682013505,0.39158554188287215,23.99847145743784,0.4064864864864865,True,True,0.2469621281;0.8215561338;0.8932287906;0.3220866759;0.225348274;0.2465631425;0.4834834838;0.2778755806;0.2645088005;0.3014458345;0.9387067142;0.2969367479,1.836175919;0.5080937316;0.4222105672;1.429873819;2.006740312;1.839030251;0.9755450403;1.641436133;1.719737046;1.520828652;0.3585144156;1.542388958,13.73405405;4.791351351;4.335405405;8.341351351;15.40648649;14.34810811;7.858108108;12.10594595;15.15243243;13.70324324;4.326486486;12.51081081,0.3900633168;0.1478964727;0.117648404;0.3887710978;0.3915855419;0.3886815286;0.3121744129;0.3837411499;0.3867084384;0.3797961283;0.09747716273;0.3689227644,0.05243243243;0.1908108108;0.2172972973;0.08189189189;0.04837837838;0.05459459459;0.1013513514;0.06243243243;0.05216216216;0.05702702703;0.2121621622;0.05648648649,23.99847146;1.372843584;0.7553690757;23.93520512;23.99767838;23.97138807;15.71526113;23.99058221;23.98159321;23.99540734;0.3585144156;23.97378167,4.0
Perfect-AoI Bayes-Safe,2,4,351.54756756756757,15.897837837837837,15.071054054054054,28.0,44.0,38.19549549549549,0.013896396396396397,0.00222972972972973,0.08673423423423422,0.045675675675675674,0.8965264694794607,29.0,101.0,0.04306306306306306,478,11100,0.2810001226585788,0.3929043046869506,23.996291440859878,0.4064864864864865,True,True,0.662118963;0.6741961796;0.3640876;0.2460798207;0.2372011855;0.4128728207;0.5024050881;0.4159209977;0.2309431598;0.4380235493;0.7287104513;0.5641011845,0.6966749552;0.6813572012;1.27608378;1.842501298;1.908996959;1.13470463;0.9393093506;1.126874486;1.959226317;1.072981387;0.6151471375;0.8344446437,6.768648649;6.392702703;10.98918919;13.21243243;14.39459459;9.47;8.613513514;9.744324324;15.89783784;8.93972973;6.357297297;7.115405405,0.1971401833;0.1869128538;0.3079845448;0.3864272992;0.386958843;0.3204773889;0.256406066;0.2865915923;0.3929043047;0.2636054273;0.1630971194;0.2234958492,0.1243243243;0.1267567568;0.06918918919;0.05243243243;0.04918918919;0.07837837838;0.09243243243;0.07432432432;0.04567567568;0.08648648649;0.1318918919;0.1097297297,5.443474238;6.589858426;23.95411596;23.99257917;23.99629144;20.0416658;12.44408623;13.0793601;23.98870543;12.18944162;3.472648475;7.764450024,4.0
Perfect-AoI Bayes-Safe,2,5,306.6489189189189,16.977297297297298,15.084256756756755,27.0,44.0,37.32117117117117,0.013851351351351352,0.002117117117117117,0.1156081081081081,0.04081081081081081,0.8023011650252003,24.0,84.0,0.03954954954954955,439,11100,0.25125221702911954,0.3928449997753637,23.99578578078501,0.4064864864864865,True,True,0.9411489522;0.4821824971;0.3825098869;0.7544254172;0.3523107703;0.8677360717;0.95;0.2189202535;0.8265150398;0.3376263363;0.2625732011;0.2699141276,0.3546353857;0.9781203331;1.218803669;0.5851252029;1.315645181;0.4538598372;0.2241414152;2.064668323;0.5023771293;1.368663091;1.731770293;1.687095206,4.651351351;8.079189189;8.678108108;5.943243243;9.581351351;4.898378378;4.208648649;16.9772973;4.700540541;9.187837838;13.53540541;12.92108108,0.08722113539;0.2775746891;0.3383003698;0.157193095;0.3431344863;0.1129743;0.05670172018;0.3928449998;0.1334693833;0.3617709469;0.3758409582;0.3780005204,0.1932432432;0.1002702703;0.08324324324;0.1497297297;0.07432432432;0.1756756757;0.2018918919;0.04081081081;0.1789189189;0.07945945946;0.05486486486;0.05486486486,0.3546353857;15.47797099;22.22052108;2.621502434;20.34145241;0.8847385352;0.2241414152;23.99489188;1.423771293;23.9649186;23.99578578;23.97090343,4.0
Perfect-AoI Bayes-Safe,2,6,242.88351351351352,11.986216216216215,11.169391891891891,21.0,33.0,28.626576576576575,0.004031531531531531,0.0010135135135135136,0.13346846846846847,0.06,0.8764353908883303,21.0,82.0,0.0022522522522522522,25,11100,0.17452311398486084,0.35392965519266834,23.991713306680758,0.4064864864864865,True,True,0.6600953202;0.4082536129;0.95;0.8542797728;0.5796663152;0.95;0.7238759829;0.298421524;0.95;0.3698913443;0.95;0.5870736138,0.6992694381;1.146768836;0.2551559305;0.4699577518;0.8105930222;0.2156180293;0.6208604762;1.535216558;0.2628816135;1.257463669;0.2571157349;0.7995478023,6.733243243;10.50108108;4.538918919;5.113243243;7.401351351;4.758648649;6.535405405;11.98621622;4.293513514;10.12648649;4.381891892;7.865945946,0.1908816574;0.3046685854;0.06034092952;0.1221890155;0.2050581267;0.0507576496;0.1505167155;0.3539296552;0.06273634181;0.3187840328;0.0637230078;0.2106916506,0.1216216216;0.07108108108;0.1902702703;0.1667567568;0.1048648649;0.1913513514;0.1254054054;0.06;0.1962162162;0.07324324324;0.1951351351;0.1056756757,4.290502696;19.06922091;0.2551559305;1.729197284;6.558895334;0.2156180293;3.13376762;23.99171331;0.2628816135;18.40673704;0.2571157349;6.39231264,4.0
Perfect-AoI Bayes-Safe,2,7,286.2205405405405,23.817027027027027,17.978999999999992,26.0,54.0,42.83873873873874,0.02045045045045045,0.007117117117117117,0.14515765765765765,0.03351351351351351,0.8213294693816988,20.0,121.0,0.05783783783783784,642,11100,0.1927474634345798,0.39768979309357816,23.997083314300976,0.4064864864864865,True,True,0.95;0.8194645516;0.5139536145;0.1957148488;0.2668165055;0.95;0.9166527097;0.2817874583;0.4060368001;0.95;0.95;0.8957240492,0.2129344738;0.5105004868;0.9182376412;2.309972111;1.705631049;0.2143947682;0.3910280632;1.619983796;1.152645744;0.2643493157;0.2202876177;0.4190042049,4.278648649;5.32;7.189189189;23.81702703;13.20243243;4.385135135;4.432972973;11.66621622;8.550540541;4.418108108;3.888918919;4.347027027,0.05283076945;0.1334199921;0.2672816053;0.3976897931;0.3789266817;0.05458374909;0.1048377943;0.3782881081;0.3096567215;0.06723046109;0.05781061536;0.1104132702,0.2037837838;0.1678378378;0.1078378378;0.03351351351;0.05540540541;0.2075675676;0.2045945946;0.06108108108;0.08567567568;0.1978378378;0.2213513514;0.1954054054,0.2129344738;2.057507302;8.764752825;23.99686409;23.9533972;0.2143947682;0.3910280632;23.99708331;16.81112125;0.2643493157;0.2202876177;0.5710378445,4.0
Perfect-AoI Bayes-Safe,2,8,339.9221621621622,23.42162162162162,20.404351351351348,30.0,55.0,46.18963963963964,0.02421171171171171,0.007477477477477477,0.12918918918918917,0.032972972972972976,0.7774323541120599,23.0,155.0,0.061621621621621624,684,11100,0.2284590832795075,0.39717385881768025,23.99692700697406,0.4064864864864865,True,True,0.924502767;0.7675714746;0.2938168902;0.223720696;0.8564804989;0.95;0.4732619221;0.198994158;0.3554966144;0.365156396;0.95;0.8950142286,0.3798996382;0.5699618165;1.557699888;2.021057334;0.4673466129;0.2347890628;0.9960890923;2.271318822;1.304697623;1.272612991;0.2590903055;0.4199186836,4.194864865;5.275675676;12.24;17.93567568;5.217837838;4.075945946;8.84;23.42162162;9.32;9.682972973;4.027297297;4.200540541,0.09836320361;0.1603595273;0.3687959736;0.3867320521;0.1192365412;0.0602836783;0.2815970785;0.3971738588;0.3469790434;0.3405099623;0.06526274721;0.116215333,0.2027027027;0.1691891892;0.06081081081;0.03837837838;0.1748648649;0.2078378378;0.09189189189;0.03297297297;0.07783783784;0.07513513514;0.2159459459;0.2027027027,0.3798996382;2.719389065;23.99259576;23.97992551;1.208159354;0.2347890628;14.48658368;23.99692701;22.95836925;21.84094587;0.2590903055;0.5991868362,4.0
Perfect-AoI Bayes-Safe,2,9,381.95,23.045945945945945,20.3059054054054,34.0,63.0,50.777027027027025,0.03222972972972973,0.01126126126126126,0.11524774774774775,0.03594594594594595,0.7564576433579953,25.0,120.0,0.12243243243243243,1359,11100,0.2581806646841396,0.3982485995691549,23.998952331540522,0.4064864864864865,True,True,0.3257577326;0.6871221964;0.2523803769;0.1963495047;0.5437054116;0.2493362779;0.95;0.4363495231;0.95;0.6652629851;0.95;0.2127973752,1.414897118;0.6652565043;1.798374164;2.302374716;0.8671448273;1.819394726;0.209506079;1.076896197;0.2790122724;0.6926602831;0.247425482;2.123503268,9.885945946;6.804864865;15.01027027;23.04594595;6.985675676;13.85783784;3.920540541;8.201891892;4.149189189;6.23027027;4.327567568;18.06405405,0.3590779442;0.1828556391;0.3825190452;0.3982485996;0.2652994445;0.3948578284;0.05362223156;0.3149193743;0.07178910359;0.2136014549;0.06479872758;0.3965785833,0.07324324324;0.1305405405;0.0527027027;0.03594594595;0.1162162162;0.05621621622;0.2164864865;0.09432432432;0.2113513514;0.1416216216;0.212972973;0.04135135135,23.99176942;3.583078051;23.99677052;23.99895233;8.008606892;23.99655009;0.209506079;16.12240492;0.2790122724;4.575224812;0.247425482;23.99665371,4.0
Perfect-AoI Bayes-Safe,4,0,284.2754054054054,15.927567567567568,14.95793243243243,25.0,46.0,38.27882882882883,0.014527027027027028,0.004121621621621622,0.1355855855855856,0.05081081081081081,0.8183108119703282,20.0,130.0,0.06396396396396396,710,11100,0.21710138946997123,0.39980938303211117,23.999982200446578,0.4064864864864865,True,True,0.95;0.2315765095;0.95;0.8081176242;0.6281327393;0.795200025;0.3394136806;0.9476946562;0.5005847781;0.95;0.23436609;0.2528380647,0.3369544871;1.95400716;0.2191119648;0.5235225351;0.7414402559;0.5383055036;1.361973486;0.3438720469;0.9427001774;0.2738400263;1.931388168;1.795260579,4.240540541;14.16459459;4.091621622;4.824864865;6.471081081;5.104864865;9.464324324;4.176756757;7.430540541;4.102702703;14.10189189;15.92756757,0.08533144714;0.3892171018;0.05844959709;0.1407851142;0.2053989898;0.1545082283;0.3747267592;0.08373749033;0.2514716419;0.0640193575;0.3977615633;0.399809383,0.2005405405;0.05081081081;0.2118918919;0.1805405405;0.1245945946;0.1659459459;0.07351351351;0.207027027;0.1016216216;0.2051351351;0.05351351351;0.05189189189,0.3369544871;23.99586865;0.2191119648;2.005792957;8.213453052;2.474582554;23.96220855;0.3438720469;10.56640568;0.2738400263;23.9869149;23.9999822,4.0
Perfect-AoI Bayes-Safe,4,1,382.87081081081084,19.497297297297298,18.961567567567567,36.0,62.0,51.27162162162162,0.03702702702702703,0.011103603603603603,0.11529279279279282,0.04,0.6902789126935837,27.0,104.0,0.14351351351351352,1593,11100,0.27662202195931757,0.4008573173569606,23.99858132900041,0.4064864864864865,True,True,0.5605092249;0.2181252996;0.2316669551;0.3707979081;0.95;0.95;0.2020086086;0.95;0.325972712;0.8362721814;0.2993435181;0.2334007936,0.8400796556;2.072097608;1.953264399;1.254604531;0.2976063768;0.2276934429;2.237061952;0.2579608484;1.414030367;0.4910760745;1.530799061;1.939147999,6.47027027;16.96432432;18.15027027;9.713513514;4.026756757;3.628648649;19.4972973;4.12972973;9.077837838;4.647297297;11.07189189;18.52324324,0.2429419545;0.3953786247;0.3927645169;0.3662088901;0.07971024848;0.06566186584;0.4008573174;0.0682550461;0.3794951768;0.1495791178;0.3818723062;0.3967391987,0.1145945946;0.04567567568;0.0427027027;0.07297297297;0.2178378378;0.2486486486;0.04;0.2194594595;0.07783783784;0.192972973;0.06621621622;0.04459459459,8.043265881;23.99795411;23.99858133;21.69404014;0.2976063768;0.2276934429;23.99741847;0.2579608484;23.97470686;1.583988969;23.9947239;23.9926919,4.0
Perfect-AoI Bayes-Safe,4,2,319.65972972972975,18.835945945945944,16.627175675675673,27.0,49.0,40.943243243243245,0.018581081081081082,0.005135135135135135,0.11551801801801802,0.03783783783783784,0.8250451653079751,24.0,105.0,0.06522522522522523,724,11100,0.2377569381240708,0.396840501683384,23.999999667559823,0.4064864864864865,True,True,0.2983974043;0.4720337023;0.7619171253;0.95;0.6042558466;0.7527600943;0.6803453125;0.2438339011;0.7053294905;0.1925045361;0.95;0.2931742638,1.535332493;0.9986066978;0.5764720931;0.328976203;0.7746227687;0.5870535051;0.6736618433;1.858825842;0.6430324214;2.34929577;0.2710575607;1.560894842,11.39756757;8.635135135;5.713783784;4.527567568;6.418648649;5.471621622;6.804324324;14.82;6.033243243;18.83594595;4.470810811;12.70837838,0.3738742097;0.2639560407;0.1517523834;0.08233296323;0.2127072251;0.1613603824;0.1826169808;0.3958796658;0.1763994345;0.3968405017;0.06893653097;0.3864269392,0.06567567568;0.08756756757;0.15;0.1935135135;0.1224324324;0.1516216216;0.122972973;0.04918918919;0.1408108108;0.03783783784;0.2043243243;0.06027027027,23.96662464;11.77352726;2.69413721;0.328976203;6.940191986;3.205802577;3.410280277;23.97738176;4.045486321;23.99999967;0.2710575607;23.99337702,4.0
Perfect-AoI Bayes-Safe,4,3,378.9908108108108,16.081621621621622,15.377770270270268,32.0,50.0,42.92387387387387,0.02189189189189189,0.003626126126126126,0.0992792792792793,0.04945945945945946,0.7125585985689614,30.0,109.0,0.11801801801801802,1310,11100,0.3125616616453682,0.3953820776074984,23.99955060474774,0.4064864864864865,True,True,0.2469621281;0.8215561338;0.8932287906;0.3220866759;0.225348274;0.2465631425;0.4834834838;0.2778755806;0.2645088005;0.3014458345;0.9387067142;0.2969367479,1.836175919;0.5080937316;0.4222105672;1.429873819;2.006740312;1.839030251;0.9755450403;1.641436133;1.719737046;1.520828652;0.3585144156;1.542388958,14.80189189;4.657027027;4.328378378;8.231891892;16.08162162;12.90567568;8.157837838;11.03027027;14.49675676;11.84459459;4.320540541;12.85,0.3920483718;0.1511922158;0.117762515;0.3926356217;0.3953820776;0.389675599;0.2992550326;0.3828538872;0.3857788508;0.3773299196;0.09873680798;0.3680890406,0.05108108108;0.1916216216;0.2162162162;0.08459459459;0.04945945946;0.05540540541;0.09486486486;0.06756756757;0.05378378378;0.06243243243;0.2094594595;0.05486486486,23.99847146;2.4537809;0.688737374;23.99804451;23.99303515;23.98108556;17.09080617;23.99387791;23.98159321;23.9995506;0.3585144156;23.97705896,4.0
Perfect-AoI Bayes-Safe,4,4,359.80297297297295,17.653513513513513,15.820229729729727,29.0,47.0,39.961261261261264,0.01704954954954955,0.003490990990990991,0.08565315315315315,0.04351351351351351,0.8981863761032941,29.0,101.0,0.050630630630630634,562,11100,0.2815004530184377,0.3944928665657388,23.99586619484051,0.4064864864864865,True,True,0.662118963;0.6741961796;0.3640876;0.2460798207;0.2372011855;0.4128728207;0.5024050881;0.4159209977;0.2309431598;0.4380235493;0.7287104513;0.5641011845,0.6966749552;0.6813572012;1.27608378;1.842501298;1.908996959;1.13470463;0.9393093506;1.126874486;1.959226317;1.072981387;0.6151471375;0.8344446437,6.668108108;6.394594595;10.85189189;12.95783784;14.32027027;9.303783784;8.797027027;9.713243243;17.65351351;8.954864865;6.261081081;7.477027027,0.1950689875;0.1839664443;0.3186760576;0.3869252725;0.3838631723;0.3207840658;0.2538673921;0.2939010484;0.3944928666;0.2656353921;0.1640946553;0.2167300818,0.1224324324;0.1251351351;0.06891891892;0.05351351351;0.04837837838;0.08027027027;0.09054054054;0.07351351351;0.04351351351;0.08540540541;0.13;0.1062162162,6.036824149;5.464429622;23.95635658;23.99257917;23.99586619;17.88639172;11.32549636;13.5912387;23.99079497;14.53260913;4.702942749;7.385558943,4.0
Perfect-AoI Bayes-Safe,4,5,313.96837837837836,16.19837837837838,15.686135135135135,27.0,46.0,38.5,0.015337837837837837,0.00286036036036036,0.11463963963963963,0.04513513513513513,0.8024448394088219,24.0,89.0,0.05477477477477478,608,11100,0.25142672059410426,0.38782283358505365,23.99980549347689,0.4064864864864865,True,True,0.9411489522;0.4821824971;0.3825098869;0.7544254172;0.3523107703;0.8677360717;0.95;0.2189202535;0.8265150398;0.3376263363;0.2625732011;0.2699141276,0.3546353857;0.9781203331;1.218803669;0.5851252029;1.315645181;0.4538598372;0.2241414152;2.064668323;0.5023771293;1.368663091;1.731770293;1.687095206,4.411891892;8.351081081;8.476756757;5.705945946;9.341081081;4.831891892;4.356486486;15.26702703;4.846216216;9.33;13.22459459;16.19837838,0.0879879146;0.2775746891;0.340935621;0.1527651205;0.3413565874;0.1134649593;0.0565199839;0.3878228336;0.1340124937;0.3647302184;0.3828616486;0.377088577,0.1967567568;0.09324324324;0.08594594595;0.1502702703;0.07891891892;0.1745945946;0.1981081081;0.04513513514;0.1735135135;0.07432432432;0.05648648649;0.04837837838,0.3546353857;16.05609133;22.71453943;3.176878043;21.27613012;1.261757396;0.2241414152;23.99489188;1.423771293;23.96031987;23.98171842;23.99980549,4.0
Perfect-AoI Bayes-Safe,4,6,239.61891891891892,11.011621621621622,10.582324324324324,20.0,31.0,27.453153153153153,0.0036486486486486487,0.000518018018018018,0.13108108108108107,0.06486486486486487,0.8859086943148936,20.0,76.0,0.002882882882882883,32,11100,0.17604702398410277,0.3593236593163553,23.991713306680783,0.4064864864864865,True,True,0.6600953202;0.4082536129;0.95;0.8542797728;0.5796663152;0.95;0.7238759829;0.298421524;0.95;0.3698913443;0.95;0.5870736138,0.6992694381;1.146768836;0.2551559305;0.4699577518;0.8105930222;0.2156180293;0.6208604762;1.535216558;0.2628816135;1.257463669;0.2571157349;0.7995478023,6.553783784;9.935675676;4.525135135;5.208648649;7.552432432;4.676216216;6.518378378;11.01162162;4.328108108;10.23108108;4.474594595;7.504864865,0.1959844344;0.3155163988;0.05882378615;0.1195216877;0.200895622;0.0503497236;0.1488387142;0.3593236593;0.06209690005;0.3242217135;0.06219421154;0.2147974366,0.1208108108;0.07648648649;0.187027027;0.1591891892;0.09945945946;0.1872972973;0.1240540541;0.06486486486;0.1894594595;0.07216216216;0.1886486486;0.1035135135,5.487580448;19.06922091;0.2551559305;1.729197284;7.3906744;0.2156180293;3.754628096;23.99171331;0.2628816135;18.40673704;0.2571157349;7.991408244,4.0
Perfect-AoI Bayes-Safe,4,7,280.99486486486484,22.467297297297296,17.245270270270264,25.0,49.0,40.87567567567567,0.01644144144144144,0.006103603603603604,0.14412162162162162,0.032972972972972976,0.8223302443734908,20.0,121.0,0.055765765765765765,619,11100,0.1927222244391363,0.397065476306932,23.99805554286717,0.4064864864864865,True,True,0.95;0.8194645516;0.5139536145;0.1957148488;0.2668165055;0.95;0.9166527097;0.2817874583;0.4060368001;0.95;0.95;0.8957240492,0.2129344738;0.5105004868;0.9182376412;2.309972111;1.705631049;0.2143947682;0.3910280632;1.619983796;1.152645744;0.2643493157;0.2202876177;0.4190042049,4.196486486;5.262702703;7.435945946;22.4672973;12.9727027;4.28;4.381891892;11.66297297;8.471891892;4.425945946;3.877027027;4.461621622,0.05323361846;0.1331440459;0.2717487073;0.3970654763;0.3747778494;0.0540622483;0.1044150612;0.3747854404;0.3146411355;0.06708756957;0.05763200377;0.1100735371,0.207027027;0.1683783784;0.1018918919;0.03297297297;0.05837837838;0.2097297297;0.2005405405;0.06108108108;0.08648648649;0.1964864865;0.217027027;0.1894594595,0.2129344738;2.057507302;8.364752825;23.99797966;23.99145566;0.2143947682;0.3910280632;23.99805554;18.66905848;0.2643493157;0.2202876177;0.6090462544,4.0
Perfect-AoI Bayes-Safe,4,8,336.0083783783784,22.663513513513514,19.13578378378378,29.0,57.0,46.501801801801804,0.022972972972972974,0.008603603603603604,0.12788288288288285,0.036216216216216214,0.7852913488690034,23.0,152.0,0.07270270270270271,807,11100,0.2285381203994906,0.39410450905865646,23.996927006974065,0.4064864864864865,True,True,0.924502767;0.7675714746;0.2938168902;0.223720696;0.8564804989;0.95;0.4732619221;0.198994158;0.3554966144;0.365156396;0.95;0.8950142286,0.3798996382;0.5699618165;1.557699888;2.021057334;0.4673466129;0.2347890628;0.9960890923;2.271318822;1.304697623;1.272612991;0.2590903055;0.4199186836,4.214864865;5.137567568;12.32324324;16.24945946;5.094054054;4.150540541;8.676486486;22.66351351;9.755945946;10.3072973;4.094864865;4.382702703,0.09815785246;0.1594352649;0.3713219734;0.3894632106;0.1174682027;0.06110861284;0.2824047183;0.3941045091;0.3480369064;0.339478114;0.06526274721;0.116215333,0.202972973;0.1681081081;0.06054054054;0.04513513514;0.1716216216;0.2037837838;0.08972972973;0.03621621622;0.07486486486;0.07351351351;0.2116216216;0.1964864865,0.3798996382;3.289350881;23.98968202;23.97947876;1.477545806;0.2347890628;15.06702914;23.99692701;23.96776449;23.62687821;0.2590903055;0.6589428871,4.0
Perfect-AoI Bayes-Safe,4,9,380.7972972972973,21.831891891891892,21.157175675675674,34.0,62.0,51.37027027027027,0.032950450450450454,0.010923423423423423,0.1129954954954955,0.03783783783783784,0.7504367807949541,25.0,139.0,0.11981981981981982,1330,11100,0.2584821161118375,0.398300342755641,23.99736336662592,0.4064864864864865,True,True,0.3257577326;0.6871221964;0.2523803769;0.1963495047;0.5437054116;0.2493362779;0.95;0.4363495231;0.95;0.6652629851;0.95;0.2127973752,1.414897118;0.6652565043;1.798374164;2.302374716;0.8671448273;1.819394726;0.209506079;1.076896197;0.2790122724;0.6926602831;0.247425482;2.123503268,9.675945946;6.525405405;13.88378378;20.60513514;7.073243243;14.37432432;3.915675676;8.171351351;4.081081081;6.318918919;4.340540541;21.83189189,0.3651964182;0.1841142325;0.3864074218;0.3963818093;0.2629558098;0.3914157303;0.05441495726;0.3140462152;0.07103501637;0.2137886603;0.06372877955;0.3983003428,0.07243243243;0.1310810811;0.05108108108;0.03918918919;0.11;0.05378378378;0.2175675676;0.09081081081;0.2081081081;0.1327027027;0.2113513514;0.03783783784,23.98543195;4.11359106;23.99677052;23.99736337;8.814344819;23.99655009;0.209506079;17.65997941;0.2790122724;5.423846794;0.247425482;23.99665371,4.0
Perfect-AoI Bayes-Safe,8,0,282.4856756756757,15.01108108108108,14.796135135135135,25.0,47.0,38.00990990990991,0.015810810810810812,0.003153153153153153,0.13527027027027025,0.04837837837837838,0.8153424733332284,20.0,89.0,0.06036036036036036,670,11100,0.21611460071449584,0.4002945885940433,23.99998220044663,0.4064864864864865,True,True,0.95;0.2315765095;0.95;0.8081176242;0.6281327393;0.795200025;0.3394136806;0.9476946562;0.5005847781;0.95;0.23436609;0.2528380647,0.3369544871;1.95400716;0.2191119648;0.5235225351;0.7414402559;0.5383055036;1.361973486;0.3438720469;0.9427001774;0.2738400263;1.931388168;1.795260579,4.241351351;14.50162162;4.122432432;4.777837838;6.611081081;4.839459459;9.751081081;4.109189189;7.662162162;4.106216216;15.01108108;14.62027027,0.08642427251;0.3807673411;0.05708754974;0.1409266068;0.2080040502;0.15654506;0.3703095479;0.08401630551;0.2479046683;0.06594363876;0.3951515793;0.4002945886,0.1991891892;0.04837837838;0.2110810811;0.1802702703;0.1245945946;0.1708108108;0.07081081081;0.207027027;0.1005405405;0.2048648649;0.05243243243;0.05324324324,0.3369544871;23.99443673;0.2191119648;2.005792957;7.11168563;2.474582554;23.98194341;0.3438720469;9.338305146;0.2738400263;23.99858589;23.9999822,4.0
Perfect-AoI Bayes-Safe,8,1,402.7310810810811,22.686216216216216,21.366216216216216,37.0,68.0,55.39684684684685,0.040765765765765766,0.01427927927927928,0.11421171171171172,0.0372972972972973,0.6900916098841465,27.0,154.0,0.14585585585585586,1619,11100,0.27674226515507766,0.39722964932658084,23.999461816734986,0.4064864864864865,True,True,0.5605092249;0.2181252996;0.2316669551;0.3707979081;0.95;0.95;0.2020086086;0.95;0.325972712;0.8362721814;0.2993435181;0.2334007936,0.8400796556;2.072097608;1.953264399;1.254604531;0.2976063768;0.2276934429;2.237061952;0.2579608484;1.414030367;0.4910760745;1.530799061;1.939147999,6.688918919;16.26972973;17.42351351;9.674324324;3.846486486;3.776756757;22.68621622;4.112702703;9.326216216;4.712162162;10.73324324;20.28621622,0.2429419545;0.3970587039;0.3954040634;0.3655307255;0.08059502419;0.065354172;0.3972296493;0.06811560781;0.3856099027;0.1479864387;0.3793899293;0.3956910105,0.1156756757;0.04459459459;0.04297297297;0.07486486486;0.2208108108;0.2443243243;0.0372972973;0.2178378378;0.0772972973;0.1859459459;0.06513513514;0.04378378378,6.763106569;23.99827419;23.99858133;21.69404014;0.2976063768;0.2276934429;23.99069141;0.2579608484;23.99946182;1.675065043;23.97424216;23.99511572,4.0
Perfect-AoI Bayes-Safe,8,2,345.0783783783784,24.613513513513514,20.676999999999996,30.0,65.0,51.21801801801802,0.028265765765765765,0.011891891891891892,0.11490990990990992,0.036216216216216214,0.8262411644671156,23.0,165.0,0.08747747747747747,971,11100,0.23799847897072438,0.40065017049954454,23.999999667559972,0.4064864864864865,True,True,0.2983974043;0.4720337023;0.7619171253;0.95;0.6042558466;0.7527600943;0.6803453125;0.2438339011;0.7053294905;0.1925045361;0.95;0.2931742638,1.535332493;0.9986066978;0.5764720931;0.328976203;0.7746227687;0.5870535051;0.6736618433;1.858825842;0.6430324214;2.34929577;0.2710575607;1.560894842,11.42054054;8.357027027;5.592162162;4.440540541;6.534864865;5.472972973;6.71;17.45621622;5.726486486;24.61351351;4.482702703;11.51459459,0.373459255;0.269084021;0.1523755965;0.08259970069;0.2112417226;0.1589804357;0.1827990515;0.3948748951;0.1736187538;0.4006501705;0.06944934257;0.3868488027,0.06459459459;0.08945945946;0.1483783784;0.1940540541;0.1227027027;0.1472972973;0.1237837838;0.04783783784;0.1397297297;0.03621621622;0.2018918919;0.06297297297,23.98592183;12.97074065;2.69413721;0.328976203;6.768587068;3.579909587;4.231265807;23.97706725;4.045486321;23.99999967;0.2710575607;23.98111711,4.0
Perfect-AoI Bayes-Safe,8,3,376.1816216216216,16.681351351351353,15.867648648648649,32.0,51.0,44.141891891891895,0.023671171171171172,0.005,0.09923423423423423,0.045675675675675674,0.7042822522130316,29.0,126.0,0.12045045045045046,1337,11100,0.3124081152852769,0.3946459510738214,23.996942914875532,0.4064864864864865,True,True,0.2469621281;0.8215561338;0.8932287906;0.3220866759;0.225348274;0.2465631425;0.4834834838;0.2778755806;0.2645088005;0.3014458345;0.9387067142;0.2969367479,1.836175919;0.5080937316;0.4222105672;1.429873819;2.006740312;1.839030251;0.9755450403;1.641436133;1.719737046;1.520828652;0.3585144156;1.542388958,15.20189189;4.65027027;4.165405405;7.876486486;16.68135135;13.71621622;7.706756757;12.42621622;13.49702703;11.63675676;4.189459459;12.1472973,0.3890707892;0.1494070216;0.1170778492;0.3891575502;0.3942973531;0.3946459511;0.3053192315;0.3828538872;0.3862436446;0.3777409544;0.09999645322;0.3630866981,0.05081081081;0.1932432432;0.2156756757;0.08567567568;0.04567567568;0.05648648649;0.09567567568;0.06189189189;0.05432432432;0.06081081081;0.2143243243;0.05621621622,23.99694291;2.4537809;0.7775796429;23.97167206;23.98419776;23.98108556;17.66635121;23.99223006;23.98948183;23.99540734;0.3585144156;23.97567877,4.0
Perfect-AoI Bayes-Safe,8,4,357.7,16.462972972972974,16.440824324324325,28.0,48.0,40.773873873873875,0.017860360360360362,0.004414414414414414,0.08592342342342342,0.046216216216216216,0.9020015895409594,28.0,96.0,0.051981981981981985,577,11100,0.28102056538589987,0.3950223871920015,23.997063592050868,0.4064864864864865,True,True,0.662118963;0.6741961796;0.3640876;0.2460798207;0.2372011855;0.4128728207;0.5024050881;0.4159209977;0.2309431598;0.4380235493;0.7287104513;0.5641011845,0.6966749552;0.6813572012;1.27608378;1.842501298;1.908996959;1.13470463;0.9393093506;1.126874486;1.959226317;1.072981387;0.6151471375;0.8344446437,6.243513514;6.397027027;9.837567568;13.14405405;16.46297297;9.347027027;8.221621622;9.76;16.4227027;8.725945946;6.472162162;7.372432432,0.1945041159;0.1865445527;0.31419252;0.3894151392;0.3787037211;0.3161839119;0.2520903203;0.2862870316;0.3950223872;0.2723052764;0.1657572152;0.2212405934,0.1259459459;0.1240540541;0.0727027027;0.0527027027;0.04810810811;0.07810810811;0.0927027027;0.0727027027;0.04621621622;0.08594594595;0.1259459459;0.1059459459,6.036824149;6.308501225;23.97593767;23.98007268;23.99586619;18.33523152;12.82204312;17.40623459;23.99706359;14.04347885;4.487795612;7.764450024,4.0
Perfect-AoI Bayes-Safe,8,5,314.5745945945946,15.855135135135136,15.483513513513513,27.0,47.0,39.254954954954954,0.016216216216216217,0.0036936936936936937,0.11457207207207204,0.04594594594594595,0.7994498786192559,24.0,97.0,0.056576576576576575,628,11100,0.25190260099105144,0.3934030182409537,23.99980549347665,0.4064864864864865,True,True,0.9411489522;0.4821824971;0.3825098869;0.7544254172;0.3523107703;0.8677360717;0.95;0.2189202535;0.8265150398;0.3376263363;0.2625732011;0.2699141276,0.3546353857;0.9781203331;1.218803669;0.5851252029;1.315645181;0.4538598372;0.2241414152;2.064668323;0.5023771293;1.368663091;1.731770293;1.687095206,4.461081081;7.945675676;8.833243243;5.655405405;9.433513514;4.747567568;4.26027027;15.85513514;4.796486486;9.336486486;13.60756757;15.17945946,0.08559172956;0.270965768;0.3412650274;0.1565605273;0.3417121672;0.1126063056;0.05761040159;0.3934030182;0.1327904953;0.3636204916;0.3795853264;0.3871199539,0.1935135135;0.09648648649;0.07891891892;0.1535135135;0.07621621622;0.1759459459;0.1997297297;0.04594594595;0.1745945946;0.07675675676;0.05405405405;0.04918918919,0.3546353857;14.09985066;23.95214677;2.806627637;23.87887169;1.261757396;0.2241414152;23.99272794;2.242788327;23.98427696;23.99578578;23.99980549,4.0
Perfect-AoI Bayes-Safe,8,6,241.44027027027028,11.714594594594594,10.870864864864863,20.0,32.0,27.654504504504505,0.003581081081081081,0.0006306306306306306,0.13173423423423422,0.06054054054054054,0.8794565759138083,20.0,76.0,0.0025225225225225223,28,11100,0.1745686620997804,0.35641919555744694,23.99171330668078,0.4064864864864865,True,True,0.6600953202;0.4082536129;0.95;0.8542797728;0.5796663152;0.95;0.7238759829;0.298421524;0.95;0.3698913443;0.95;0.5870736138,0.6992694381;1.146768836;0.2551559305;0.4699577518;0.8105930222;0.2156180293;0.6208604762;1.535216558;0.2628816135;1.257463669;0.2571157349;0.7995478023,6.457837838;10.01405405;4.371351351;5.135675676;7.376486486;4.812432432;6.238378378;11.71459459;4.124864865;10.18054054;4.407297297;7.869459459,0.1939055253;0.3074580232;0.06027196845;0.1218079686;0.1932278502;0.0507576496;0.1520269166;0.3564191956;0.06273634181;0.3143659172;0.06337555411;0.2184710346,0.1224324324;0.07243243243;0.1935135135;0.1602702703;0.1005405405;0.1832432432;0.1278378378;0.06054054054;0.1927027027;0.07297297297;0.1916216216;0.1027027027,5.786849886;18.66922091;0.2551559305;1.799155036;7.7906744;0.2156180293;4.375488572;23.99171331;0.2628816135;21.09854675;0.2571157349;8.390503849,4.0
Perfect-AoI Bayes-Safe,8,7,273.7648648648649,19.92810810810811,16.028756756756753,25.0,46.0,37.98243243243243,0.014774774774774775,0.0036036036036036037,0.1445045045045045,0.037567567567567565,0.8240420986551108,19.0,99.0,0.06333333333333334,703,11100,0.19312793996936473,0.4008113770268088,23.999351847622385,0.4064864864864865,True,True,0.95;0.8194645516;0.5139536145;0.1957148488;0.2668165055;0.95;0.9166527097;0.2817874583;0.4060368001;0.95;0.95;0.8957240492,0.2129344738;0.5105004868;0.9182376412;2.309972111;1.705631049;0.2143947682;0.3910280632;1.619983796;1.152645744;0.2643493157;0.2202876177;0.4190042049,4.163783784;5.165405405;7.401891892;19.92810811;12.24135135;4.331891892;4.397297297;12.83837838;8.409459459;4.293783784;3.960810811;4.230540541,0.05260057002;0.1328680997;0.270011501;0.400811377;0.3803096258;0.05342485845;0.105154844;0.3756611073;0.3102797732;0.06780202718;0.05763200377;0.1109794921,0.2032432432;0.1683783784;0.107027027;0.03756756757;0.05810810811;0.2040540541;0.1994594595;0.05675675676;0.08405405405;0.2024324324;0.217027027;0.1959459459,0.2129344738;3.162512171;8.764752825;23.99686409;23.99145566;0.2143947682;0.3910280632;23.99935185;18.8584755;0.2643493157;0.2202876177;0.6090462544,4.0
Perfect-AoI Bayes-Safe,8,8,361.5427027027027,26.21837837837838,21.989770270270267,31.0,69.0,53.259009009009006,0.028873873873873874,0.013153153153153152,0.12817567567567567,0.033783783783783786,0.7755108066102508,23.0,167.0,0.08846846846846847,982,11100,0.22849448021360577,0.3934906391068517,23.998591499903508,0.4064864864864865,True,True,0.924502767;0.7675714746;0.2938168902;0.223720696;0.8564804989;0.95;0.4732619221;0.198994158;0.3554966144;0.365156396;0.95;0.8950142286,0.3798996382;0.5699618165;1.557699888;2.021057334;0.4673466129;0.2347890628;0.9960890923;2.271318822;1.304697623;1.272612991;0.2590903055;0.4199186836,4.193243243;5.193783784;12.23621622;18.53;5.035405405;4.076216216;8.886216216;26.21837838;9.791891892;10.1727027;3.963783784;4.162702703,0.09867123035;0.1569705651;0.3751109731;0.3916481375;0.1172155829;0.06117206934;0.2794433724;0.3934906391;0.3452159385;0.3398220634;0.06582294247;0.1173502483,0.2045945946;0.1624324324;0.05864864865;0.04189189189;0.1740540541;0.2054054054;0.08810810811;0.03378378378;0.07648648649;0.0727027027;0.2151351351;0.2048648649,0.3798996382;3.289350881;23.99708626;23.97983616;1.410199193;0.2347890628;13.90613822;23.9985915;23.96776449;23.76330446;0.2590903055;0.6191055198,4.0
Perfect-AoI Bayes-Safe,8,9,383.3978378378378,22.774054054054055,21.318189189189187,34.0,64.0,51.55765765765766,0.032725225225225224,0.011644144144144145,0.1136936936936937,0.03648648648648649,0.7510666658178141,25.0,119.0,0.13027027027027027,1446,11100,0.25769826380638644,0.39715250315115797,23.998222243977395,0.4064864864864865,True,True,0.3257577326;0.6871221964;0.2523803769;0.1963495047;0.5437054116;0.2493362779;0.95;0.4363495231;0.95;0.6652629851;0.95;0.2127973752,1.414897118;0.6652565043;1.798374164;2.302374716;0.8671448273;1.819394726;0.209506079;1.076896197;0.2790122724;0.6926602831;0.247425482;2.123503268,10.17324324;6.375945946;12.99648649;20.12702703;7.155945946;13.45972973;3.852432432;8.528918919;4.13972973;6.321891892;4.334594595;22.77405405,0.361372372;0.1850132278;0.387865563;0.3957595458;0.2613152655;0.3919074586;0.05526430623;0.311717791;0.07246778209;0.2076108794;0.06493247108;0.3971525032,0.07081081081;0.1335135135;0.0572972973;0.04081081081;0.1062162162;0.05783783784;0.2191891892;0.08783783784;0.2140540541;0.1294594595;0.2108108108;0.03648648649,23.9537446;5.705130086;23.99026718;23.99736337;8.808606892;23.98073508;0.209506079;20.18308322;0.2790122724;4.575224812;0.247425482;23.99822224,4.0
Conservative-AoI Bayes-Safe,2,0,461.87432432432433,22.745405405405407,21.688513513513513,40.0,62.0,53.43108108108108,0.04677927927927928,0.01132882882882883,0.1442117117117117,0.04216216216216216,0.7792188373923086,29.0,122.0,0.018378378378378378,204,11100,0.20861020740157774,0.3779751327451633,23.99862288397765,0.4064864864864865,True,True,0.95;0.2315765095;0.95;0.8081176242;0.6281327393;0.795200025;0.3394136806;0.9476946562;0.5005847781;0.95;0.23436609;0.2528380647,0.3369544871;1.95400716;0.2191119648;0.5235225351;0.7414402559;0.5383055036;1.361973486;0.3438720469;0.9427001774;0.2738400263;1.931388168;1.795260579,6.355945946;22.74540541;6.571621622;8.426486486;12.61351351;8.058378378;17.33027027;7.416216216;14.46054054;6.663513514;20.82378378;18.90162162,0.09452939395;0.36703648;0.06271339748;0.1420585474;0.1871635673;0.1566905479;0.337548564;0.09070786966;0.2382228827;0.07127241765;0.377403688;0.3779751327,0.2378378378;0.04216216216;0.2310810811;0.1981081081;0.1232432432;0.1908108108;0.06513513514;0.2164864865;0.09648648649;0.2283783784;0.04648648649;0.05432432432,0.3369544871;23.99862288;0.2191119648;1.758747886;8.01888691;3.166110072;23.20288643;0.3438720469;12.91020461;0.2738400263;23.99858589;23.96397328,8.0
Conservative-AoI Bayes-Safe,2,1,597.2272972972972,32.23567567567567,28.77305405405405,53.0,87.0,73.30855855855856,0.09268018018018018,0.03608108108108108,0.12713963963963967,0.027837837837837838,0.6320070398539768,34.0,147.0,0.07531531531531531,836,11100,0.264350282225466,0.38468503542120674,23.992691898663185,0.4064864864864865,True,True,0.5605092249;0.2181252996;0.2316669551;0.3707979081;0.95;0.95;0.2020086086;0.95;0.325972712;0.8362721814;0.2993435181;0.2334007936,0.8400796556;2.072097608;1.953264399;1.254604531;0.2976063768;0.2276934429;2.237061952;0.2579608484;1.414030367;0.4910760745;1.530799061;1.939147999,11.44567568;25.94;25.39783784;16.53189189;5.558648649;5.213513514;32.23567568;5.98972973;16.83351351;7.91972973;16.53081081;23.70702703,0.2415796631;0.3785778333;0.3705923265;0.3190764496;0.0909710303;0.07452344849;0.3821143659;0.07920095237;0.3470106954;0.1459955897;0.3578759966;0.3846850354,0.1227027027;0.04297297297;0.03648648649;0.07864864865;0.2656756757;0.2832432432;0.02783783784;0.2705405405;0.06864864865;0.2148648649;0.07;0.04405405405,9.761911735;23.97922108;23.98487437;23.92892686;0.2976063768;0.2276934429;23.98800058;0.2579608484;23.91912357;1.583988969;23.90876618;23.9926919,8.0
Conservative-AoI Bayes-Safe,2,2,489.9432432432432,24.786756756756755,23.487418918918916,41.0,64.0,55.8018018018018,0.05204954954954955,0.012882882882882883,0.13135135135135134,0.03432432432432433,0.7759370041491321,32.0,126.0,0.0218018018018018,242,11100,0.230220344192003,0.3841416056295153,23.999013945593315,0.4064864864864865,True,True,0.2983974043;0.4720337023;0.7619171253;0.95;0.6042558466;0.7527600943;0.6803453125;0.2438339011;0.7053294905;0.1925045361;0.95;0.2931742638,1.535332493;0.9986066978;0.5764720931;0.328976203;0.7746227687;0.5870535051;0.6736618433;1.858825842;0.6430324214;2.34929577;0.2710575607;1.560894842,18.08027027;11.9672973;8.613783784;6.269459459;12.50459459;8.781081081;9.398378378;22.42432432;10.09;24.78675676;6.255405405;20.53621622,0.3473171072;0.2558592296;0.1579845142;0.09558092384;0.206007785;0.1659616125;0.1744237962;0.3652341587;0.1732711687;0.3841416056;0.07743455179;0.3594276771,0.05432432432;0.1105405405;0.1840540541;0.24;0.1213513514;0.1751351351;0.1545945946;0.04378378378;0.1575675676;0.03432432432;0.2445945946;0.05594594595,23.95723919;11.37074065;3.047081397;0.328976203;7.143209836;3.954016597;4.778589493;23.97671341;4.531551164;23.98873199;0.2710575607;23.99901395,8.0
Conservative-AoI Bayes-Safe,2,3,587.6251351351351,24.561891891891893,24.394067567567568,50.0,76.0,66.00450450450451,0.08702702702702703,0.02650900900900901,0.10923423423423423,0.04135135135135135,0.639126815150043,37.0,121.0,0.055675675675675676,618,11100,0.3048830775449118,0.3885676136034697,23.999022255807827,0.4064864864864865,True,True,0.2469621281;0.8215561338;0.8932287906;0.3220866759;0.225348274;0.2465631425;0.4834834838;0.2778755806;0.2645088005;0.3014458345;0.9387067142;0.2969367479,1.836175919;0.5080937316;0.4222105672;1.429873819;2.006740312;1.839030251;0.9755450403;1.641436133;1.719737046;1.520828652;0.3585144156;1.542388958,18.75054054;7.025945946;6.257027027;15.56891892;24.56189189;24.25675676;12.98081081;19.06918919;19.78594595;21.40324324;5.90027027;17.89810811,0.3880782617;0.1559985079;0.1347650486;0.3752452644;0.3812806592;0.3628356981;0.2763165411;0.3699885769;0.3885676136;0.3571892159;0.1119146351;0.356416908,0.05702702703;0.2175675676;0.2648648649;0.07378378378;0.04216216216;0.04135135135;0.1172972973;0.05837837838;0.0572972973;0.05702702703;0.2572972973;0.06675675676,23.99587021;2.669968363;0.5998951051;23.99902226;23.98419776;23.9956318;16.89516649;23.99058221;23.98685229;23.99540734;0.3585144156;23.97050438,8.0
Conservative-AoI Bayes-Safe,2,4,552.4456756756757,23.256756756756758,22.8505,44.0,66.0,58.005855855855856,0.0638963963963964,0.015045045045045046,0.10085585585585587,0.04378378378378378,0.842164847311958,38.0,137.0,0.03216216216216216,357,11100,0.2774953446696276,0.3770186858990685,23.99793309742025,0.4064864864864865,True,True,0.662118963;0.6741961796;0.3640876;0.2460798207;0.2372011855;0.4128728207;0.5024050881;0.4159209977;0.2309431598;0.4380235493;0.7287104513;0.5641011845,0.6966749552;0.6813572012;1.27608378;1.842501298;1.908996959;1.13470463;0.9393093506;1.126874486;1.959226317;1.072981387;0.6151471375;0.8344446437,9.096756757;9.642702703;16.17783784;21.26972973;23.25675676;14.04648649;13.23135135;15.58351351;22.51810811;16.24108108;8.935135135;10.75,0.2012825749;0.1924373717;0.3055703323;0.3675043129;0.3652891478;0.3125037888;0.2558983312;0.2716681194;0.3770186859;0.2752052261;0.1744025263;0.2311637189,0.1605405405;0.1613513514;0.07891891892;0.04756756757;0.04378378378;0.09243243243;0.1118918919;0.08351351351;0.04459459459;0.0872972973;0.1659459459;0.1324324324,5.133499104;5.227144024;21.89985389;23.99257917;23.9979331;18.36761576;10.12549636;22.81246917;23.98661588;17.89751607;3.8423542;10.89556074,8.0
Conservative-AoI Bayes-Safe,2,5,506.28162162162164,21.833243243243242,21.753864864864862,42.0,65.0,55.0045045045045,0.055157657657657656,0.013761261261261261,0.1268918918918919,0.03864864864864865,0.7479378545770411,33.0,92.0,0.015765765765765764,175,11100,0.24109291509933498,0.37498840887648355,23.99342603621928,0.4064864864864865,True,True,0.9411489522;0.4821824971;0.3825098869;0.7544254172;0.3523107703;0.8677360717;0.95;0.2189202535;0.8265150398;0.3376263363;0.2625732011;0.2699141276,0.3546353857;0.9781203331;1.218803669;0.5851252029;1.315645181;0.4538598372;0.2241414152;2.064668323;0.5023771293;1.368663091;1.731770293;1.687095206,6.998378378;14.97189189;14.14594595;8.74972973;16.47135135;8.235945946;6.41;21.68891892;8.312972973;17.59864865;21.83324324;19.23648649,0.1000646872;0.245058797;0.3063479493;0.1646257665;0.3203773805;0.1227874857;0.06475869538;0.3749884089;0.143109593;0.3436454086;0.3412055523;0.3661452568,0.2367567568;0.09945945946;0.08459459459;0.1810810811;0.07891891892;0.2;0.2413513514;0.03864864865;0.1908108108;0.06864864865;0.04405405405;0.05837837838,0.3546353857;11.20924899;23.77266785;3.362003246;23.92645301;0.7770188607;0.2241414152;23.94004968;1.83327981;23.98524038;23.97186527;23.99342604,8.0
Conservative-AoI Bayes-Safe,2,6,410.657027027027,19.57162162162162,19.267635135135134,36.0,58.0,49.87747747747748,0.03668918918918919,0.008423423423423424,0.15114864864864866,0.05702702702702703,0.8350370770195009,28.0,106.0,0.0,0,11100,0.16570031577372338,0.328204404756623,23.438837398907665,0.4064864864864865,True,True,0.6600953202;0.4082536129;0.95;0.8542797728;0.5796663152;0.95;0.7238759829;0.298421524;0.95;0.3698913443;0.95;0.5870736138,0.6992694381;1.146768836;0.2551559305;0.4699577518;0.8105930222;0.2156180293;0.6208604762;1.535216558;0.2628816135;1.257463669;0.2571157349;0.7995478023,11.26135135;18.32621622;6.607837838;8.022432432;13.33405405;6.572432432;11.43675676;19.57162162;5.820810811;19.01891892;6.227567568;11.75432432,0.1774632439;0.2625170823;0.06792664637;0.1271426242;0.1910370582;0.05909099505;0.1416233086;0.3282044048;0.07033859388;0.2847985282;0.0708110632;0.2074502406,0.1243243243;0.06864864865;0.2281081081;0.2027027027;0.1102702703;0.2272972973;0.1378378378;0.05702702703;0.2324324324;0.06486486486;0.2340540541;0.1262162162,5.18831101;14.77568324;0.2551559305;1.239493021;7.7906744;0.2156180293;3.492046667;23.21431201;0.2628816135;23.4388374;0.2571157349;7.19231264,8.0
Conservative-AoI Bayes-Safe,2,7,446.5356756756757,28.97243243243243,24.9164054054054,41.0,68.0,59.362162162162164,0.051238738738738736,0.015765765765765764,0.1568018018018018,0.032432432432432434,0.7938494583418011,26.0,221.0,0.018738738738738738,208,11100,0.18312265394564484,0.3777116559209018,23.988633418940648,0.4064864864864865,True,True,0.95;0.8194645516;0.5139536145;0.1957148488;0.2668165055;0.95;0.9166527097;0.2817874583;0.4060368001;0.95;0.95;0.8957240492,0.2129344738;0.5105004868;0.9182376412;2.309972111;1.705631049;0.2143947682;0.3910280632;1.619983796;1.152645744;0.2643493157;0.2202876177;0.4190042049,6.783243243;7.4;13.60621622;28.97243243;19.78810811;7.09027027;6.978378378;21.59783784;15.43945946;6.397027027;6.164864865;6.911351351,0.05737720822;0.135903508;0.2399826484;0.3777116559;0.3392822843;0.05782864288;0.1086423916;0.3480775995;0.2813078667;0.07287467621;0.06150192138;0.1169814442,0.2264864865;0.1910810811;0.1016216216;0.03243243243;0.05081081081;0.2243243243;0.2240540541;0.05540540541;0.08513513514;0.2318918919;0.2397297297;0.2186486486,0.2129344738;1.947006816;14.70184216;23.98863342;23.90135888;0.2143947682;0.3910280632;23.91909259;23.75318401;0.2643493157;0.2202876177;0.6090462544,8.0
Conservative-AoI Bayes-Safe,2,8,525.6235135135136,28.32918918918919,26.07954054054054,46.0,77.0,65.32747747747747,0.06614864864864865,0.022635135135135136,0.1399774774774775,0.03135135135135135,0.7348740790155692,30.0,173.0,0.039729729729729726,441,11100,0.21844408899740198,0.3885796794924137,23.998591499903405,0.4064864864864865,True,True,0.924502767;0.7675714746;0.2938168902;0.223720696;0.8564804989;0.95;0.4732619221;0.198994158;0.3554966144;0.365156396;0.95;0.8950142286,0.3798996382;0.5699618165;1.557699888;2.021057334;0.4673466129;0.2347890628;0.9960890923;2.271318822;1.304697623;1.272612991;0.2590903055;0.4199186836,6.420540541;8.626216216;21.99486486;24.23891892;7.775945946;6.471891892;14.11864865;28.32918919;16.89135135;19.30216216;5.892972973;6.626756757,0.1069879522;0.1594352649;0.3553239745;0.3670677104;0.1259309657;0.06694661116;0.2444456475;0.3885796795;0.3057223889;0.3016436737;0.07576640824;0.1234787913,0.2310810811;0.1727027027;0.05108108108;0.04108108108;0.2027027027;0.2391891892;0.09648648649;0.03135135135;0.06783783784;0.06783783784;0.2494594595;0.2289189189,0.3798996382;3.059312698;23.93099665;23.97903202;1.275505967;0.2347890628;15.89049459;23.9985915;17.58925483;23.96055074;0.2590903055;0.6987802543,8.0
Conservative-AoI Bayes-Safe,2,9,593.3021621621622,28.357837837837838,26.658486486486485,50.0,78.0,65.99414414414414,0.08385135135135136,0.02686936936936937,0.12565315315315317,0.032432432432432434,0.6711608109120999,34.0,122.0,0.0590990990990991,656,11100,0.24773656597592023,0.3925611447332256,23.992090099877746,0.4064864864864865,True,True,0.3257577326;0.6871221964;0.2523803769;0.1963495047;0.5437054116;0.2493362779;0.95;0.4363495231;0.95;0.6652629851;0.95;0.2127973752,1.414897118;0.6652565043;1.798374164;2.302374716;0.8671448273;1.819394726;0.209506079;1.076896197;0.2790122724;0.6926602831;0.247425482;2.123503268,19.20837838;9.915405405;24.42918919;28.35783784;12.96;23.52135135;5.487297297;12.78108108;6.146486486;9.669189189;5.71027027;25.26810811,0.3208374816;0.1877102136;0.3577306446;0.388914648;0.2355352842;0.3801059793;0.06307831675;0.2869782838;0.08189387238;0.201994715;0.07549820788;0.3925611447,0.0572972973;0.1627027027;0.0372972973;0.03243243243;0.1064864865;0.04297297297;0.2643243243;0.1013513514;0.2459459459;0.1559459459;0.2659459459;0.03513513514,23.95563771;6.766156103;23.95122493;23.9920901;9.275751719;23.98789452;0.209506079;16.33722505;0.2790122724;4.682564529;0.247425482;23.98713727,8.0
Conservative-AoI Bayes-Safe,4,0,548.69,27.45783783783784,25.785837837837835,46.0,72.0,61.51216216216216,0.0720045045045045,0.02099099099099099,0.1490315315315315,0.036216216216216214,0.7728191272336369,32.0,131.0,0.013423423423423423,149,11100,0.2030606179740331,0.3706970493161807,23.97524390598793,0.4064864864864865,True,True,0.95;0.2315765095;0.95;0.8081176242;0.6281327393;0.795200025;0.3394136806;0.9476946562;0.5005847781;0.95;0.23436609;0.2528380647,0.3369544871;1.95400716;0.2191119648;0.5235225351;0.7414402559;0.5383055036;1.361973486;0.3438720469;0.9427001774;0.2738400263;1.931388168;1.795260579,8.066486486;27.45783784;8.523243243;10.14486486;14.07621622;10.2;19.08783784;8.603513514;16.08351351;8.036756757;24.41783784;23.74756757,0.09635076956;0.3443277481;0.06484529768;0.1504066094;0.1883659029;0.1552356682;0.3114133971;0.09433246691;0.2313437192;0.07497295855;0.3544358287;0.3706970493,0.2413513514;0.03621621622;0.2397297297;0.2097297297;0.1321621622;0.1935135135;0.06621621622;0.2286486486;0.1035135135;0.2378378378;0.04486486486;0.05459459459,0.3369544871;23.97212887;0.2191119648;2.376360562;7.91168563;4.549165108;19.40144321;0.3438720469;14.93830515;0.2738400263;23.97524391;23.95828954,8.0
Conservative-AoI Bayes-Safe,4,1,684.8383783783784,34.45216216216216,31.910567567567565,60.0,96.0,80.46171171171171,0.12105855855855856,0.047972972972972976,0.1298873873873874,0.03054054054054054,0.6295122698366948,38.0,162.0,0.04900900900900901,544,11100,0.2614410424532326,0.3803005318514754,23.997222626509235,0.4064864864864865,True,True,0.5605092249;0.2181252996;0.2316669551;0.3707979081;0.95;0.95;0.2020086086;0.95;0.325972712;0.8362721814;0.2993435181;0.2334007936,0.8400796556;2.072097608;1.953264399;1.254604531;0.2976063768;0.2276934429;2.237061952;0.2579608484;1.414030367;0.4910760745;1.530799061;1.939147999,13.84162162;27.19351351;29.83108108;20.29810811;7.412702703;6.061351351;34.45216216;7.735945946;20.44810811;9.675135135;19.85162162;26.08243243,0.2336329637;0.3729775695;0.3531713197;0.3170419558;0.09523404056;0.07796961952;0.3803005319;0.07843404174;0.3515967399;0.1462610363;0.3533249723;0.3773477187,0.1272972973;0.04189189189;0.03702702703;0.08108108108;0.2745945946;0.3005405405;0.03054054054;0.2645945946;0.07081081081;0.2178378378;0.06702702703;0.04540540541,9.641672768;23.98614739;23.99722263;23.9835314;0.2976063768;0.2276934429;23.98598247;0.2579608484;23.96809531;1.766141118;23.9947239;23.99188396,8.0
Conservative-AoI Bayes-Safe,4,2,574.1510810810811,28.833513513513513,27.78301351351351,47.0,73.0,63.39414414414414,0.07813063063063064,0.02153153153153153,0.1370945945945946,0.032972972972972976,0.7748523200291911,35.0,160.0,0.01990990990990991,221,11100,0.22521005279297043,0.3669980959567927,23.988732319450108,0.4064864864864865,True,True,0.2983974043;0.4720337023;0.7619171253;0.95;0.6042558466;0.7527600943;0.6803453125;0.2438339011;0.7053294905;0.1925045361;0.95;0.2931742638,1.535332493;0.9986066978;0.5764720931;0.328976203;0.7746227687;0.5870535051;0.6736618433;1.858825842;0.6430324214;2.34929577;0.2710575607;1.560894842,22.57108108;14.06243243;10.58378378;7.47027027;12.75675676;10.29864865;11.39162162;26.92351351;12.18162162;28.83351351;7.591621622;21.79108108,0.3203450499;0.249111887;0.1663978907;0.09967089825;0.2074732875;0.1653269601;0.1846197592;0.3501625978;0.1718808283;0.366998096;0.0805114214;0.3400219574,0.05621621622;0.1216216216;0.1913513514;0.2486486486;0.1337837838;0.1764864865;0.1718918919;0.04027027027;0.1551351351;0.03297297297;0.2562162162;0.06054054054,23.10664986;10.96516744;3.400025583;0.328976203;8.267078142;3.205802577;5.599575023;23.97651684;4.961875378;23.98873232;0.2710575607;23.97548019,8.0
Conservative-AoI Bayes-Safe,4,3,695.9278378378378,33.042972972972976,29.561175675675674,58.0,98.0,80.08333333333333,0.11542792792792793,0.04400900900900901,0.11220720720720723,0.04216216216216216,0.6356991482664646,40.0,225.0,0.06126126126126126,680,11100,0.302371476680485,0.3801959347089935,23.995525753251986,0.4064864864864865,True,True,0.2469621281;0.8215561338;0.8932287906;0.3220866759;0.225348274;0.2465631425;0.4834834838;0.2778755806;0.2645088005;0.3014458345;0.9387067142;0.2969367479,1.836175919;0.5080937316;0.4222105672;1.429873819;2.006740312;1.839030251;0.9755450403;1.641436133;1.719737046;1.520828652;0.3585144156;1.542388958,24.34054054;8.04972973;7.80972973;16.90162162;26.71243243;33.04297297;14.75243243;20.61243243;23.66783784;21.33756757;7.177027027;22.3072973,0.3657463924;0.1616287357;0.1388730433;0.3721536453;0.3801959347;0.3598534869;0.2705160031;0.3784175733;0.3755533873;0.369520259;0.1137556551;0.342243604,0.04621621622;0.2313513514;0.2683783784;0.08054054054;0.04351351351;0.04216216216;0.1178378378;0.06486486486;0.05756756757;0.06837837838;0.2645945946;0.06108108108,23.99174042;2.669968363;0.7553690757;23.98990552;23.94375589;23.98060501;16.58161234;23.99552575;23.98685229;23.99540734;0.3585144156;23.98689084,8.0
Conservative-AoI Bayes-Safe,4,4,631.4678378378378,29.155945945945945,26.581945945945943,49.0,74.0,64.85315315315316,0.0890990990990991,0.022972972972972974,0.10511261261261262,0.04297297297297297,0.8249508041843677,42.0,167.0,0.011981981981981983,133,11100,0.27608900761149985,0.37397796612026146,23.99435271315601,0.4064864864864865,True,True,0.662118963;0.6741961796;0.3640876;0.2460798207;0.2372011855;0.4128728207;0.5024050881;0.4159209977;0.2309431598;0.4380235493;0.7287104513;0.5641011845,0.6966749552;0.6813572012;1.27608378;1.842501298;1.908996959;1.13470463;0.9393093506;1.126874486;1.959226317;1.072981387;0.6151471375;0.8344446437,11.38405405;11.08081081;19.11540541;21.17162162;29.15594595;15.74216216;15.09459459;17.34432432;24.47594595;19.21324324;11.53081081;11.51675676,0.2110736824;0.195936233;0.2903952819;0.3739779661;0.3580659161;0.3088236656;0.2569138008;0.2689270733;0.3690758765;0.2656353921;0.1747350382;0.2395081653,0.1740540541;0.1718918919;0.07297297297;0.0472972973;0.04297297297;0.09864864865;0.1210810811;0.0872972973;0.04432432432;0.08378378378;0.1689189189;0.1481081081,9.003573701;6.589858426;23.91719438;23.98007268;23.96857122;19.41286856;15.10066182;18.11996712;23.99435271;20.35434856;4.487795612;9.592226805,8.0
Conservative-AoI Bayes-Safe,4,5,606.3375675675676,33.925135135135136,29.115310810810804,47.0,86.0,70.76936936936937,0.07653153153153153,0.02738738738738739,0.1321846846846847,0.035405405405405405,0.7493748313397816,36.0,349.0,0.014954954954954955,166,11100,0.2368819720722005,0.3574817949147475,23.985455878543917,0.4064864864864865,True,True,0.9411489522;0.4821824971;0.3825098869;0.7544254172;0.3523107703;0.8677360717;0.95;0.2189202535;0.8265150398;0.3376263363;0.2625732011;0.2699141276,0.3546353857;0.9781203331;1.218803669;0.5851252029;1.315645181;0.4538598372;0.2241414152;2.064668323;0.5023771293;1.368663091;1.731770293;1.687095206,8.063243243;15.99513514;16.83918919;10.09918919;17.78135135;10.24918919;7.547297297;33.92513514;9.644054054;17.75972973;25.18;21.28324324,0.1017899404;0.2514033613;0.296136351;0.1696863088;0.3178883221;0.1265900951;0.06603084935;0.3521096518;0.1484049195;0.3377268655;0.317335205;0.3574817949,0.2467567568;0.1089189189;0.08405405405;0.192972973;0.08081081081;0.1997297297;0.2472972973;0.03540540541;0.2043243243;0.07972972973;0.04405405405;0.06216216216,0.3546353857;12.36548966;16.77607338;4.102504057;23.92241988;1.315617233;0.2241414152;23.98545588;2.140411198;23.98524038;23.97186527;23.94499659,8.0
Conservative-AoI Bayes-Safe,4,6,482.7089189189189,24.462162162162162,22.952635135135132,41.0,67.0,56.92972972972973,0.05277027027027027,0.01427927927927928,0.15747747747747748,0.05378378378378378,0.8366778497393721,30.0,113.0,0.0,0,11100,0.1618747186697499,0.2900314524966847,23.955553877042814,0.4064864864864865,True,True,0.6600953202;0.4082536129;0.95;0.8542797728;0.5796663152;0.95;0.7238759829;0.298421524;0.95;0.3698913443;0.95;0.5870736138,0.6992694381;1.146768836;0.2551559305;0.4699577518;0.8105930222;0.2156180293;0.6208604762;1.535216558;0.2628816135;1.257463669;0.2571157349;0.7995478023,13.3027027;19.20702703;7.625945946;10.1972973;14.87027027;8.21972973;12.97756757;24.46216216;7.123783784;21.71756757;7.645405405;13.93243243,0.1821880374;0.2591077695;0.07185742692;0.1284127803;0.190817979;0.05810031762;0.1471607129;0.2900314525;0.07453048988;0.2705246163;0.07268731315;0.1970777286,0.1327027027;0.07621621622;0.2386486486;0.1997297297;0.1191891892;0.2245945946;0.1510810811;0.05378378378;0.2497297297;0.06405405405;0.2464864865;0.1335135135,5.786849886;17.12398462;0.2551559305;1.309450773;8.611860445;0.2156180293;3.838070001;23.95555388;0.2628816135;20.92391006;0.2571157349;8.390503849,8.0
Conservative-AoI Bayes-Safe,4,7,515.092972972973,30.957027027027028,27.67352702702702,45.0,72.0,61.82612612612613,0.06682432432432432,0.019684684684684685,0.16195945945945947,0.02918918918918919,0.793245157690639,30.0,129.0,0.012162162162162163,135,11100,0.17791853524184595,0.34399854944201036,23.96893146827166,0.4064864864864865,True,True,0.95;0.8194645516;0.5139536145;0.1957148488;0.2668165055;0.95;0.9166527097;0.2817874583;0.4060368001;0.95;0.95;0.8957240492,0.2129344738;0.5105004868;0.9182376412;2.309972111;1.705631049;0.2143947682;0.3910280632;1.619983796;1.152645744;0.2643493157;0.2202876177;0.4190042049,8.367837838;8.416216216;14.73918919;30.95702703;24.98702703;8.398918919;8.58972973;22.53675676;17.65108108;8.207297297;7.609459459;8.401081081,0.05829800594;0.137283239;0.2365082357;0.3439985494;0.3328285452;0.05829219914;0.1118128894;0.3213697585;0.2747658233;0.07466082024;0.06346664878;0.1217377082,0.2289189189;0.2127027027;0.1145945946;0.02918918919;0.04783783784;0.2289189189;0.2294594595;0.05432432432;0.09054054054;0.2359459459;0.2410810811;0.23,0.2129344738;1.326005842;9.282990466;23.96701583;23.96893147;0.2143947682;0.3910280632;23.8391574;19.07408083;0.2643493157;0.2202876177;0.6470546643,8.0
Conservative-AoI Bayes-Safe,4,8,597.3686486486487,34.87243243243243,29.550513513513508,50.0,82.0,68.96621621621621,0.08873873873873873,0.027792792792792793,0.1465315315315315,0.02945945945945946,0.7245829235218505,33.0,208.0,0.02216216216216216,246,11100,0.2123257735575531,0.38735193958880415,23.990781020922164,0.4064864864864865,True,True,0.924502767;0.7675714746;0.2938168902;0.223720696;0.8564804989;0.95;0.4732619221;0.198994158;0.3554966144;0.365156396;0.95;0.8950142286,0.3798996382;0.5699618165;1.557699888;2.021057334;0.4673466129;0.2347890628;0.9960890923;2.271318822;1.304697623;1.272612991;0.2590903055;0.4199186836,7.530540541;10.45891892;21.5072973;34.87243243;9.605675676;7.518648649;16.49756757;25.19621622;20.79945946;21.57675676;7.318648649;7.634594595,0.1105815974;0.1617459209;0.3288009764;0.3310164174;0.1297202625;0.07145202291;0.2379845291;0.3873519396;0.2986699693;0.2837583019;0.07744699401;0.1293803512,0.2408108108;0.1764864865;0.05189189189;0.02945945946;0.2083783784;0.2651351351;0.1016216216;0.03918918919;0.06675675676;0.07405405405;0.2581081081;0.2464864865,0.3798996382;3.289350881;23.46939754;23.97903202;1.410199193;0.2347890628;14.69049459;23.99078102;21.38790491;23.77587551;0.2590903055;0.6390242034,8.0
Conservative-AoI Bayes-Safe,4,9,671.7291891891892,32.28567567567568,31.592527027027025,55.0,86.0,73.64414414414415,0.10490990990990991,0.03795045045045045,0.13074324324324324,0.032432432432432434,0.6765757086813083,37.0,140.0,0.04666666666666667,518,11100,0.24444153560031476,0.37878706947942875,23.997363366625898,0.4064864864864865,True,True,0.3257577326;0.6871221964;0.2523803769;0.1963495047;0.5437054116;0.2493362779;0.95;0.4363495231;0.95;0.6652629851;0.95;0.2127973752,1.414897118;0.6652565043;1.798374164;2.302374716;0.8671448273;1.819394726;0.209506079;1.076896197;0.2790122724;0.6926602831;0.247425482;2.123503268,22.20405405;12.5927027;25.73756757;31.02540541;15.37783784;23.31405405;6.635675676;14.76135135;7.092162162;11.29837838;6.824864865;32.28567568,0.3208374816;0.1805182514;0.3611329741;0.3777139062;0.233426013;0.3663375867;0.06545649386;0.278537746;0.08589053466;0.2083597014;0.0763006689;0.3787870695,0.06162162162;0.1583783784;0.04675675676;0.03297297297;0.1124324324;0.04486486486;0.2743243243;0.1059459459;0.2608108108;0.1705405405;0.2678378378;0.03243243243,23.98732506;6.496669111;23.97073496;23.99736337;10.2771862;23.98913103;0.209506079;12.21482013;0.2790122724;5.267885095;0.247425482;23.97981702,8.0
Conservative-AoI Bayes-Safe,8,0,722.6543243243243,34.707297297297295,32.957256756756756,59.0,87.0,75.48198198198199,0.1388963963963964,0.04668918918918919,0.15560810810810813,0.036216216216216214,0.7395178218500994,36.0,133.0,0.006036036036036036,67,11100,0.19090852947087544,0.3197504653133024,23.97524390598793,0.4064864864864865,True,True,0.95;0.2315765095;0.95;0.8081176242;0.6281327393;0.795200025;0.3394136806;0.9476946562;0.5005847781;0.95;0.23436609;0.2528380647,0.3369544871;1.95400716;0.2191119648;0.5235225351;0.7414402559;0.5383055036;1.361973486;0.3438720469;0.9427001774;0.2738400263;1.931388168;1.795260579,9.451351351;34.7072973;9.644594595;12.66648649;17.89513514;11.69837838;31.52540541;10.96216216;19.83756757;9.404864865;31.01297297;30.06432432,0.1040005471;0.3110568154;0.06952363423;0.1559248199;0.1879651243;0.1654198264;0.2650326784;0.1002805239;0.2216619336;0.08126387807;0.3090221069;0.3197504653,0.2548648649;0.03756756757;0.2648648649;0.22;0.1351351351;0.2102702703;0.04972972973;0.2448648649;0.1056756757;0.2616216216;0.03621621622;0.04648648649,0.3369544871;23.78815751;0.2191119648;2.129315492;9.277446654;3.166110072;22.68736367;0.3438720469;13.48100532;0.2738400263;23.97524391;23.91469042,8.0
Conservative-AoI Bayes-Safe,8,1,849.9759459459459,39.95648648648648,39.45851351351351,70.0,106.0,90.14099099099099,0.17871621621621622,0.07186936936936937,0.13549549549549547,0.02918918918918919,0.5840325795958222,44.0,158.0,0.027117117117117118,301,11100,0.24726696084174368,0.3500699649316442,23.991883957669348,0.4064864864864865,True,True,0.5605092249;0.2181252996;0.2316669551;0.3707979081;0.95;0.95;0.2020086086;0.95;0.325972712;0.8362721814;0.2993435181;0.2334007936,0.8400796556;2.072097608;1.953264399;1.254604531;0.2976063768;0.2276934429;2.237061952;0.2579608484;1.414030367;0.4910760745;1.530799061;1.939147999,17.1127027;39.05108108;32.70648649;26.2472973;8.180810811;7.154594595;39.95648649;8.978648649;24.14432432;11.31297297;24.90351351;30.30054054,0.2404444204;0.3360158284;0.3172734875;0.2865245483;0.1007839973;0.08547734926;0.3500699649;0.08645174379;0.327902177;0.1621878279;0.3297423922;0.3443297933,0.1259459459;0.03081081081;0.03351351351;0.07243243243;0.2921621622;0.332972973;0.02918918919;0.2997297297;0.0672972973;0.2389189189;0.06162162162;0.04135135135,11.92223036;23.98614739;23.94363354;23.93022654;0.2976063768;0.2276934429;23.95592928;0.2579608484;23.9367288;2.585825789;23.86997651;23.99188396,8.0
Conservative-AoI Bayes-Safe,8,2,745.9008108108109,37.317567567567565,33.879324324324315,59.0,93.0,78.66936936936936,0.13236486486486487,0.045675675675675674,0.14337837837837838,0.03513513513513514,0.7571550727613999,39.0,153.0,0.012522522522522523,139,11100,0.21930728271547972,0.3517594206921504,23.988732319450094,0.4064864864864865,True,True,0.2983974043;0.4720337023;0.7619171253;0.95;0.6042558466;0.7527600943;0.6803453125;0.2438339011;0.7053294905;0.1925045361;0.95;0.2931742638,1.535332493;0.9986066978;0.5764720931;0.328976203;0.7746227687;0.5870535051;0.6736618433;1.858825842;0.6430324214;2.34929577;0.2710575607;1.560894842,30.96081081;17.13648649;13.07351351;9.248648649;16.91405405;12.85108108;14.7627027;37.31756757;13.62081081;31.06621622;10.00675676;27.35189189,0.2829991244;0.25370008;0.165463071;0.1036719602;0.2070545725;0.1748467467;0.1817066269;0.3280576419;0.1831773438;0.3517594207;0.08454065541;0.3147101492,0.0427027027;0.1348648649;0.2048648649;0.2632432432;0.1372972973;0.1956756757;0.1694594595;0.03837837838;0.1832432432;0.03513513514;0.2640540541;0.05162162162,23.73663725;11.17492056;3.752969769;0.328976203;8.641700911;4.702230618;7.241546083;23.92951121;5.260648428;23.98873232;0.2710575607;23.38326588,8.0
Conservative-AoI Bayes-Safe,8,3,841.6424324324324,34.88513513513514,33.68167567567568,64.0,97.0,83.27972972972972,0.1700900900900901,0.06085585585585586,0.11686936936936937,0.04162162162162162,0.5988586249301963,48.0,175.0,0.035495495495495494,394,11100,0.29312845685442995,0.3856794787551968,23.99126408341967,0.4064864864864865,True,True,0.2469621281;0.8215561338;0.8932287906;0.3220866759;0.225348274;0.2465631425;0.4834834838;0.2778755806;0.2645088005;0.3014458345;0.9387067142;0.2969367479,1.836175919;0.5080937316;0.4222105672;1.429873819;2.006740312;1.839030251;0.9755450403;1.641436133;1.719737046;1.520828652;0.3585144156;1.542388958,29.68162162;9.840540541;9.087027027;19.86243243;34.88513514;32.69702703;17.75027027;27.12918919;24.79783784;25.50783784;8.909459459;28.62162162,0.3389481493;0.1759102892;0.1519958042;0.3856794788;0.3660945163;0.3310254451;0.276580202;0.3646650003;0.3458065844;0.3543119725;0.1217980055;0.3047260348,0.04351351351;0.2548648649;0.2932432432;0.08486486486;0.04189189189;0.04162162162;0.1232432432;0.05756756757;0.05405405405;0.06675675676;0.2848648649;0.05594594595,23.98761063;2.778062094;0.9996853152;23.98990552;23.98419776;23.97575626;22.43488258;23.98728652;23.91053365;23.99126408;0.3585144156;23.99016813,8.0
Conservative-AoI Bayes-Safe,8,4,819.3178378378378,34.37810810810811,34.30214864864865,60.0,90.0,77.80675675675676,0.1533108108108108,0.048445945945945944,0.10763513513513513,0.03567567567567568,0.7882134504752507,50.0,163.0,0.018828828828828827,209,11100,0.2728781430805923,0.3610306597033155,23.99435271315602,0.4064864864864865,True,True,0.662118963;0.6741961796;0.3640876;0.2460798207;0.2372011855;0.4128728207;0.5024050881;0.4159209977;0.2309431598;0.4380235493;0.7287104513;0.5641011845,0.6966749552;0.6813572012;1.27608378;1.842501298;1.908996959;1.13470463;0.9393093506;1.126874486;1.959226317;1.072981387;0.6151471375;0.8344446437,12.60783784;13.20810811;21.11918919;30.39189189;34.24;21.04;20.59837838;21.18081081;34.37810811;24.18540541;12.2472973;13.51648649,0.2193584656;0.2051437627;0.3041907822;0.3610306597;0.3529064648;0.2901163731;0.235081205;0.2744091654;0.3399522421;0.2595454977;0.1903631007;0.2424399978,0.1856756757;0.1840540541;0.08216216216;0.04216216216;0.04;0.09324324324;0.1086486486;0.09054054054;0.03567567568;0.08189189189;0.1940540541;0.1535135135,9.893598566;7.478001634;23.99327816;23.99003634;23.96194526;19.77172965;13.88273376;17.62561113;23.99435271;17.49751607;4.918089887;9.992226805,8.0
Conservative-AoI Bayes-Safe,8,5,763.7535135135136,37.8754054054054,33.75129729729729,59.0,93.0,78.57657657657657,0.13344594594594594,0.04576576576576576,0.13691441441441443,0.033783783783783786,0.701290480691884,41.0,231.0,0.012432432432432432,138,11100,0.2277894112520853,0.32784363589757953,23.98524037648763,0.4064864864864865,True,True,0.9411489522;0.4821824971;0.3825098869;0.7544254172;0.3523107703;0.8677360717;0.95;0.2189202535;0.8265150398;0.3376263363;0.2625732011;0.2699141276,0.3546353857;0.9781203331;1.218803669;0.5851252029;1.315645181;0.4538598372;0.2241414152;2.064668323;0.5023771293;1.368663091;1.731770293;1.687095206,9.619459459;20.68972973;21.36;12.20189189;23.58027027;12.09162162;9.075945946;37.87540541;10.51189189;22.1472973;30.37702703;28.67918919,0.1160712032;0.2355419505;0.2852659399;0.1712677283;0.2862417218;0.1348086381;0.07111946527;0.3208606177;0.1562800205;0.3244101436;0.3037618703;0.3278436359,0.2783783784;0.09540540541;0.0827027027;0.2013513514;0.06756756757;0.2148648649;0.2705405405;0.03378378378;0.2262162162;0.07702702703;0.04108108108;0.05405405405,0.3546353857;14.27488799;23.80171741;4.472754463;21.71016205;1.36947707;0.2241414152;23.96402981;2.242788327;23.98524038;23.97186527;23.95476028,8.0
Conservative-AoI Bayes-Safe,8,6,612.3486486486487,31.464594594594594,29.8574054054054,51.0,79.0,68.5527027027027,0.09299549549549549,0.02786036036036036,0.1650900900900901,0.053513513513513515,0.8281834773011734,32.94999999999982,141.0,0.0002702702702702703,3,11100,0.1569396613438084,0.2775837506727918,23.83954772388051,0.4064864864864865,True,True,0.6600953202;0.4082536129;0.95;0.8542797728;0.5796663152;0.95;0.7238759829;0.298421524;0.95;0.3698913443;0.95;0.5870736138,0.6992694381;1.146768836;0.2551559305;0.4699577518;0.8105930222;0.2156180293;0.6208604762;1.535216558;0.2628816135;1.257463669;0.2571157349;0.7995478023,14.59864865;22.59459459;9.83;12.3272973;18.17675676;9.646216216;16.69216216;28.54243243;9.573243243;31.46459459;9.661891892;16.86027027,0.18899174;0.2535288941;0.07551236322;0.1317151861;0.1789877025;0.06188820192;0.1448115111;0.2775837507;0.07715930601;0.2226050549;0.07643981307;0.1940524126,0.1497297297;0.0872972973;0.2562162162;0.212972973;0.12;0.2483783784;0.1483783784;0.05351351351;0.2562162162;0.05567567568;0.2556756757;0.137027027,8.080274829;13.33537673;0.2551559305;1.58928178;9.022453467;0.2156180293;3.93376762;23.83954772;0.2628816135;13.26195503;0.2571157349;7.591860442,8.0
Conservative-AoI Bayes-Safe,8,7,643.8213513513514,41.24054054054054,33.95006756756756,55.0,82.0,70.79729729729729,0.11029279279279279,0.035608108108108105,0.16815315315315313,0.024594594594594593,0.7773314327457974,32.0,120.0,0.002972972972972973,33,11100,0.16950321977866023,0.3086725881930691,23.939609548268717,0.4064864864864865,True,True,0.95;0.8194645516;0.5139536145;0.1957148488;0.2668165055;0.95;0.9166527097;0.2817874583;0.4060368001;0.95;0.95;0.8957240492,0.2129344738;0.5105004868;0.9182376412;2.309972111;1.705631049;0.2143947682;0.3910280632;1.619983796;1.152645744;0.2643493157;0.2202876177;0.4190042049,10.54864865;10.85621622;18.00162162;41.24054054;27.98513514;11.16837838;11.16540541;26.46540541;20.21972973;9.563513514;9.57027027;10.63648649,0.06100284926;0.1419743246;0.2159099319;0.3009206912;0.2968719988;0.0609576476;0.1142436044;0.3086725882;0.2632393659;0.07673274731;0.06894407063;0.1245688177,0.242972973;0.2164864865;0.1081081081;0.02459459459;0.04594594595;0.2424324324;0.2378378378;0.05297297297;0.09405405405;0.2437837838;0.2686486486;0.24,0.2129344738;2.168007789;10.36475282;23.93960955;23.90135888;0.2143947682;0.3910280632;23.59967592;15.92143509;0.2643493157;0.2202876177;0.7040672791,8.0
Conservative-AoI Bayes-Safe,8,8,753.2802702702703,37.715405405405406,37.54208108108108,62.0,98.0,82.54414414414414,0.14195945945945945,0.05306306306306306,0.1512837837837838,0.02918918918918919,0.7054042728671828,37.0,209.0,0.011171171171171172,124,11100,0.20125755559455868,0.32903429416735236,23.982970541941075,0.4064864864864865,True,True,0.924502767;0.7675714746;0.2938168902;0.223720696;0.8564804989;0.95;0.4732619221;0.198994158;0.3554966144;0.365156396;0.95;0.8950142286,0.3798996382;0.5699618165;1.557699888;2.021057334;0.4673466129;0.2347890628;0.9960890923;2.271318822;1.304697623;1.272612991;0.2590903055;0.4199186836,8.94027027;11.77837838;27.95675676;37.40027027;11.75594595;9.468918919;18.86675676;37.71540541;25.18297297;28.56432432;8.898108108;10.15,0.1223892888;0.1672914953;0.2972259787;0.293872661;0.1338884891;0.07532286962;0.2498299129;0.3290342942;0.2782179525;0.2524589014;0.08129833639;0.1342604872,0.2689189189;0.1813513514;0.04891891892;0.03027027027;0.2194594595;0.27;0.1097297297;0.02918918919;0.06891891892;0.06378378378;0.2748648649;0.25,0.3798996382;4.81900723;23.91169765;23.97903202;1.410199193;0.2347890628;17.88267277;23.98297054;17.58925483;23.96055074;0.2590903055;0.9378044577,8.0
Conservative-AoI Bayes-Safe,8,9,833.9832432432432,37.26108108108108,36.873108108108106,65.0,104.0,86.4400900900901,0.15772522522522522,0.06047297297297297,0.13646396396396396,0.03189189189189189,0.6504343684514035,43.0,194.0,0.03414414414414414,379,11100,0.2347051162772519,0.37075219224804723,23.987894522095015,0.4064864864864865,True,True,0.3257577326;0.6871221964;0.2523803769;0.1963495047;0.5437054116;0.2493362779;0.95;0.4363495231;0.95;0.6652629851;0.95;0.2127973752,1.414897118;0.6652565043;1.798374164;2.302374716;0.8671448273;1.819394726;0.209506079;1.076896197;0.2790122724;0.6926602831;0.247425482;2.123503268,25.97702703;14.67432432;37.26108108;36.55567568;19.08216216;31.38297297;7.89972973;18.86216216;8.452162162;13.6872973;8.551621622;31.67702703,0.3097477474;0.1896880032;0.3008631372;0.3634018471;0.2292074706;0.3319166054;0.07191154602;0.2567087691;0.09116914521;0.2216512906;0.07944364124;0.3707521922,0.06135135135;0.1808108108;0.03378378378;0.03189189189;0.1086486486;0.04108108108;0.2994594595;0.09837837838;0.2818918919;0.1821621622;0.2791891892;0.03891891892,23.95753082;8.092438624;23.96423161;23.9878645;13.01291034;23.98789452;0.209506079;18.27619731;0.2790122724;8.301827643;0.247425482;23.98159478,8.0
Expected-AoI Bayes-Safe,2,0,380.78837837837835,19.496756756756756,19.039067567567567,34.0,56.0,47.44054054054054,0.03132882882882883,0.007364864864864865,0.13743243243243242,0.044864864864864865,0.8209785276998859,26.0,98.0,0.04792792792792793,532,11100,0.21816810218623647,0.3973833552224503,23.99858588743782,0.4064864864864865,True,True,0.95;0.2315765095;0.95;0.8081176242;0.6281327393;0.795200025;0.3394136806;0.9476946562;0.5005847781;0.95;0.23436609;0.2528380647,0.3369544871;1.95400716;0.2191119648;0.5235225351;0.7414402559;0.5383055036;1.361973486;0.3438720469;0.9427001774;0.2738400263;1.931388168;1.795260579,4.777027027;19.49675676;5.093243243;6.231621622;9.437027027;6.413783784;13.51567568;5.156216216;11.16324324;4.613243243;18.66459459;17.31783784,0.08442075934;0.3839360014;0.05631769689;0.1385212329;0.2122122246;0.1515984689;0.3831930809;0.08234341447;0.2685421587;0.06335326013;0.3961955729;0.3973833552,0.2086486486;0.04486486486;0.2010810811;0.1872972973;0.137027027;0.1840540541;0.07837837838;0.1964864865;0.1067567568;0.2024324324;0.04810810811;0.05405405405,0.3369544871;23.99025059;0.2191119648;1.511702816;11.94049075;3.166110072;23.99181084;0.3438720469;14.79560497;0.2738400263;23.99858589;23.98672606,8.0
Expected-AoI Bayes-Safe,2,1,506.91324324324324,26.18027027027027,24.698837837837836,46.0,79.0,65.73513513513514,0.06763513513513514,0.024279279279279278,0.11894144144144146,0.033243243243243244,0.6896021967207442,31.399999999999636,150.0,0.11801801801801802,1310,11100,0.27745167932489095,0.39726329271018396,23.999461816734904,0.4064864864864865,True,True,0.5605092249;0.2181252996;0.2316669551;0.3707979081;0.95;0.95;0.2020086086;0.95;0.325972712;0.8362721814;0.2993435181;0.2334007936,0.8400796556;2.072097608;1.953264399;1.254604531;0.2976063768;0.2276934429;2.237061952;0.2579608484;1.414030367;0.4910760745;1.530799061;1.939147999,9.885675676;23.48675676;19.24648649;14.66;4.271081081;3.938378378;26.18027027;4.247297297;15.14054054;6.142162162;14.7572973;21.71945946,0.2701877811;0.3920184665;0.3927645169;0.3675652193;0.07914720939;0.06393878033;0.3936019813;0.06693038229;0.3814060287;0.1414829988;0.3831134946;0.3972632927,0.1305405405;0.04108108108;0.04459459459;0.08675675676;0.2262162162;0.247027027;0.03324324324;0.2281081081;0.07216216216;0.2010810811;0.06756756757;0.04891891892,12.20278795;23.99102781;23.99722263;23.93542526;0.2976063768;0.2276934429;23.98665517;0.2579608484;23.99946182;1.40183682;23.99317275;23.9926919,8.0
Expected-AoI Bayes-Safe,2,2,408.77027027027026,25.184594594594593,22.47978378378378,36.0,61.0,51.83153153153153,0.03666666666666667,0.010315315315315316,0.1274774774774775,0.03567567567567568,0.828627819066562,27.0,128.0,0.0690990990990991,767,11100,0.23906854117043955,0.4000152256968511,23.999999667559926,0.4064864864864865,True,True,0.2983974043;0.4720337023;0.7619171253;0.95;0.6042558466;0.7527600943;0.6803453125;0.2438339011;0.7053294905;0.1925045361;0.95;0.2931742638,1.535332493;0.9986066978;0.5764720931;0.328976203;0.7746227687;0.5870535051;0.6736618433;1.858825842;0.6430324214;2.34929577;0.2710575607;1.560894842,14.26243243;8.907027027;6.538918919;4.937297297;8.852162162;7.022702703;7.397567568;20.26675676;7.385675676;25.18459459;4.764054054;14.80891892,0.3838331232;0.2661151903;0.1492595311;0.08224405074;0.2200347378;0.1616777086;0.1749700085;0.3918605829;0.1750090942;0.4000152257;0.06725157857;0.3965516625,0.06621621622;0.1227027027;0.1713513514;0.2016216216;0.1327027027;0.1675675676;0.1567567568;0.04324324324;0.1564864865;0.03567567568;0.2086486486;0.06675675676,23.94785375;13.52754828;3.047081397;0.328976203;7.117832605;3.179909587;4.14689871;23.97706725;3.10368085;23.99999967;0.2710575607;23.99901395,8.0
Expected-AoI Bayes-Safe,2,3,524.6945945945946,23.49810810810811,22.960148648648648,45.0,72.0,62.36081081081081,0.06423423423423423,0.01939189189189189,0.10299549549549548,0.04378378378378378,0.6984608652308365,36.0,162.0,0.10954954954954955,1216,11100,0.31545858511086106,0.39592443985387354,23.9976783836974,0.4064864864864865,True,True,0.2469621281;0.8215561338;0.8932287906;0.3220866759;0.225348274;0.2465631425;0.4834834838;0.2778755806;0.2645088005;0.3014458345;0.9387067142;0.2969367479,1.836175919;0.5080937316;0.4222105672;1.429873819;2.006740312;1.839030251;0.9755450403;1.641436133;1.719737046;1.520828652;0.3585144156;1.542388958,17.84972973;5.813783784;4.850540541;11.79918919;22.52;23.49810811;9.694864865;16.42810811;19.31567568;16.27297297;4.687567568;16.4072973,0.3940334269;0.1456993106;0.1151379628;0.3957272407;0.3959244399;0.3906696695;0.3042645882;0.389508358;0.3955395205;0.3884278585;0.09331064385;0.377260002,0.05378378378;0.2016216216;0.2243243243;0.08378378378;0.04378378378;0.04513513514;0.1286486486;0.05756756757;0.05162162162;0.06486486486;0.2154054054;0.06540540541,23.99541437;2.561874631;0.5110528362;23.99608902;23.99767838;23.97671736;21.72398177;23.99552575;23.97896367;23.98667143;0.3585144156;23.97378167,8.0
Expected-AoI Bayes-Safe,2,4,465.5556756756757,20.697837837837838,20.08704054054054,37.0,58.0,50.31576576576577,0.038513513513513516,0.008265765765765766,0.09792792792792793,0.044054054054054055,0.8734941607201933,34.0,119.0,0.03882882882882883,431,11100,0.2822594673486006,0.38991311247957966,23.99793309742025,0.4064864864864865,True,True,0.662118963;0.6741961796;0.3640876;0.2460798207;0.2372011855;0.4128728207;0.5024050881;0.4159209977;0.2309431598;0.4380235493;0.7287104513;0.5641011845,0.6966749552;0.6813572012;1.27608378;1.842501298;1.908996959;1.13470463;0.9393093506;1.126874486;1.959226317;1.072981387;0.6151471375;0.8344446437,8.363513514;7.880540541;12.47189189;17.02864865;20.69783784;12.12405405;10.54459459;11.74891892;19.5872973;13.42108108;7.63;9.12,0.1830183936;0.1775211735;0.3124680824;0.3899131125;0.386958843;0.3256908966;0.2619911486;0.289637199;0.3891976603;0.285645045;0.1597719998;0.2253000538,0.1418918919;0.1508108108;0.08324324324;0.05135135135;0.04648648649;0.09162162162;0.1089189189;0.09054054054;0.04405405405;0.08837837838;0.1518918919;0.1259459459,7.713548835;3.494929213;22.60418902;23.99257917;23.9979331;19.9434593;12.40411506;19.83622637;23.99497405;16.08136717;2.796912787;8.392226805,8.0
Expected-AoI Bayes-Safe,2,5,430.01243243243243,25.92027027027027,21.873162162162156,37.0,64.0,54.41576576576576,0.0397972972972973,0.011846846846846847,0.12072072072072071,0.04027027027027027,0.8034651560304631,29.0,161.0,0.041171171171171174,457,11100,0.25276151861460117,0.38949688898182366,23.999805493476714,0.4064864864864865,True,True,0.9411489522;0.4821824971;0.3825098869;0.7544254172;0.3523107703;0.8677360717;0.95;0.2189202535;0.8265150398;0.3376263363;0.2625732011;0.2699141276,0.3546353857;0.9781203331;1.218803669;0.5851252029;1.315645181;0.4538598372;0.2241414152;2.064668323;0.5023771293;1.368663091;1.731770293;1.687095206,5.074324324;10.42783784;11.71243243;7.034054054;12.79432432;6.274594595;4.656486486;25.92027027;5.97;12.98648649;18.56189189;17.53378378,0.08472910295;0.275988548;0.3419238402;0.15434654;0.348468183;0.1123609759;0.05549014496;0.389496889;0.1337409385;0.3758274867;0.3791172804;0.3816482938,0.2010810811;0.1145945946;0.08783783784;0.1694594595;0.0872972973;0.1781081081;0.2040540541;0.04027027027;0.1824324324;0.07945945946;0.04702702703;0.05702702703,0.3546353857;11.20924899;23.8342018;2.806627637;23.99451687;0.9924582096;0.2241414152;23.9730757;1.423771293;23.95475772;23.98640754;23.99980549,8.0
Expected-AoI Bayes-Safe,2,6,311.4289189189189,15.107837837837838,14.761189189189189,28.0,45.0,38.83918918918919,0.016554054054054055,0.0019594594594594594,0.14373873873873874,0.06351351351351352,0.8945499164616645,22.0,85.0,0.003063063063063063,34,11100,0.17744868267153954,0.3672072038048208,23.96082791400128,0.4064864864864865,True,True,0.6600953202;0.4082536129;0.95;0.8542797728;0.5796663152;0.95;0.7238759829;0.298421524;0.95;0.3698913443;0.95;0.5870736138,0.6992694381;1.146768836;0.2551559305;0.4699577518;0.8105930222;0.2156180293;0.6208604762;1.535216558;0.2628816135;1.257463669;0.2571157349;0.7995478023,8.360540541;13.48945946;4.59027027;6.190810811;9.624054054;4.711351351;8.447837838;15.10783784;4.363243243;14.47756757;4.774054054;9.375135135,0.1937165335;0.3139667111;0.05889274721;0.1167273443;0.2083443146;0.05052454903;0.1422945092;0.3672072038;0.06024962385;0.3361166401;0.06136032267;0.2199836926,0.1354054054;0.08243243243;0.1991891892;0.1762162162;0.1237837838;0.2;0.1340540541;0.06351351351;0.2002702703;0.07405405405;0.1991891892;0.1367567568,6.382466515;16.96275858;0.2551559305;1.659239532;7.801267423;0.2156180293;2.871186191;23.96082791;0.2628816135;23.8388374;0.2571157349;8.388242861,8.0
Expected-AoI Bayes-Safe,2,7,362.1394594594595,27.696216216216218,22.275297297297293,36.0,66.0,53.950450450450454,0.038085585585585585,0.01286036036036036,0.14997747747747747,0.03135135135135135,0.8293299926931444,22.0,130.0,0.05036036036036036,559,11100,0.19531098016215678,0.3958168427336397,23.998445593946624,0.4064864864864865,True,True,0.95;0.8194645516;0.5139536145;0.1957148488;0.2668165055;0.95;0.9166527097;0.2817874583;0.4060368001;0.95;0.95;0.8957240492,0.2129344738;0.5105004868;0.9182376412;2.309972111;1.705631049;0.2143947682;0.3910280632;1.619983796;1.152645744;0.2643493157;0.2202876177;0.4190042049,4.629189189;5.512702703;10.55675676;27.69621622;17.84;4.765675676;5.218648649;17.47108108;10.76459459;4.762972973;4.726216216;5.242972973,0.0524854703;0.1288668796;0.2811792561;0.3958168427;0.3858414022;0.05354074752;0.1009275136;0.383979943;0.3295943776;0.06623022044;0.05644125989;0.1088278489,0.207027027;0.1854054054;0.1197297297;0.03135135135;0.05675675676;0.2110810811;0.2016216216;0.06;0.1008108108;0.2062162162;0.2172972973;0.2024324324,0.2129344738;1.836506329;9.728277542;23.99665327;23.99844559;0.2143947682;0.3910280632;23.99837962;17.04789253;0.2643493157;0.2202876177;0.5330294346,8.0
Expected-AoI Bayes-Safe,2,8,401.0635135135135,21.33945945945946,21.130756756756757,36.0,62.0,52.96936936936937,0.037882882882882885,0.010990990990990991,0.13551801801801802,0.038378378378378375,0.7976031603902735,25.599999999999454,136.0,0.055135135135135134,612,11100,0.23031222846016552,0.39471837901046125,23.99718299980695,0.4064864864864865,True,True,0.924502767;0.7675714746;0.2938168902;0.223720696;0.8564804989;0.95;0.4732619221;0.198994158;0.3554966144;0.365156396;0.95;0.8950142286,0.3798996382;0.5699618165;1.557699888;2.021057334;0.4673466129;0.2347890628;0.9960890923;2.271318822;1.304697623;1.272612991;0.2590903055;0.4199186836,4.713243243;6.919459459;15.32513514;21.33945946;5.856756757;4.644594595;10.45027027;20.96;13.43243243;15.09513514;4.58027027;5.051621622,0.09600166532;0.1612837897;0.3784789729;0.3932868326;0.1169629631;0.05945874375;0.2856352776;0.394718379;0.3579102938;0.3418857602;0.06463252755;0.1134915361,0.2035135135;0.1735135135;0.0627027027;0.04216216216;0.1872972973;0.2143243243;0.1159459459;0.03837837838;0.08378378378;0.08162162162;0.212972973;0.21,0.3798996382;3.229274514;23.99708626;23.98019356;0.9387729028;0.2347890628;18.47876186;23.997183;23.9059391;21.34145467;0.2590903055;0.5991868362,8.0
Expected-AoI Bayes-Safe,2,9,514.0483783783784,25.60162162162162,24.990824324324322,44.0,80.0,64.1045045045045,0.06015765765765766,0.021261261261261263,0.11873873873873875,0.036756756756756756,0.7340992438092003,32.0,173.0,0.10855855855855856,1205,11100,0.2592263279863736,0.3965785833489164,23.998431463728714,0.4064864864864865,True,True,0.3257577326;0.6871221964;0.2523803769;0.1963495047;0.5437054116;0.2493362779;0.95;0.4363495231;0.95;0.6652629851;0.95;0.2127973752,1.414897118;0.6652565043;1.798374164;2.302374716;0.8671448273;1.819394726;0.209506079;1.076896197;0.2790122724;0.6926602831;0.247425482;2.123503268,17.21297297;7.717027027;20.54945946;25.60162162;10.48540541;19.55567568;4.146216216;10.44162162;4.694594595;7.707567568;4.425675676;24.49108108,0.3663436321;0.1812374477;0.3888376571;0.3963818093;0.2606121751;0.3948578284;0.05311262218;0.3274346544;0.07224155593;0.2094829343;0.06359503604;0.3965785833,0.06162162162;0.1548648649;0.04594594595;0.03675675676;0.1186486486;0.04351351351;0.2237837838;0.1081081081;0.2145945946;0.1602702703;0.22;0.03675675676,23.97909448;7.557695128;23.99679272;23.99736337;10.14576551;23.99284056;0.209506079;22.82929082;0.2790122724;4.20458368;0.247425482;23.99843146,8.0
Expected-AoI Bayes-Safe,4,0,380.21189189189187,19.73675675675676,19.48331081081081,34.0,57.0,47.62117117117117,0.03123873873873874,0.007387387387387387,0.14288288288288287,0.046486486486486484,0.8276516506912268,26.0,105.0,0.0436036036036036,484,11100,0.21799700177463743,0.39932417747017895,23.99998220044627,0.4064864864864865,True,True,0.95;0.2315765095;0.95;0.8081176242;0.6281327393;0.795200025;0.3394136806;0.9476946562;0.5005847781;0.95;0.23436609;0.2528380647,0.3369544871;1.95400716;0.2191119648;0.5235225351;0.7414402559;0.5383055036;1.361973486;0.3438720469;0.9427001774;0.2738400263;1.931388168;1.795260579,4.786216216;19.73675676;5.251891892;6.178108108;8.887837838;6.445675676;13.51513514;5.397567568;10.98513514;4.716756757;19.27594595;17.05864865,0.08514930958;0.391857652;0.05744286644;0.1380967552;0.2055993791;0.1501435891;0.3828249799;0.08438805907;0.2647204012;0.06335326013;0.3930635921;0.3993241775,0.2118918919;0.04648648649;0.2083783784;0.1943243243;0.1491891892;0.1897297297;0.08405405405;0.202972973;0.1164864865;0.2048648649;0.04756756757;0.05864864865,0.3369544871;23.9916825;0.2191119648;1.141135211;5.287364863;2.212888058;23.85078037;0.3438720469;13.05290479;0.2738400263;23.99858589;23.9999822,8.0
Expected-AoI Bayes-Safe,4,1,526.5543243243243,30.806756756756755,27.519837837837834,48.0,87.0,70.59324324324324,0.07423423423423424,0.028288288288288287,0.12324324324324322,0.030810810810810812,0.7060904900293445,32.0,212.0,0.12144144144144144,1348,11100,0.2784841936276064,0.4009319510861356,23.998742767051603,0.4064864864864865,True,True,0.5605092249;0.2181252996;0.2316669551;0.3707979081;0.95;0.95;0.2020086086;0.95;0.325972712;0.8362721814;0.2993435181;0.2334007936,0.8400796556;2.072097608;1.953264399;1.254604531;0.2976063768;0.2276934429;2.237061952;0.2579608484;1.414030367;0.4910760745;1.530799061;1.939147999,9.232432432;24.83054054;19.72405405;13.69837838;4.377027027;4.018108108;30.80675676;4.371351351;14.2827027;6.283243243;14.2927027;23.17108108,0.2588353534;0.3959386511;0.3938203355;0.3689215485;0.07810156536;0.06406185787;0.3911835359;0.0663726291;0.3924889694;0.1430756779;0.3880782483;0.4009319511,0.1451351351;0.04405405405;0.04621621622;0.09567567568;0.2254054054;0.2489189189;0.03081081081;0.2264864865;0.08378378378;0.2094594595;0.07513513514;0.04783783784,6.761513457;23.99874277;23.99722263;23.76901231;0.2976063768;0.2276934429;23.99136411;0.2579608484;23.97855081;0.9464564472;23.94910699;23.99188396,8.0
Expected-AoI Bayes-Safe,4,2,428.1232432432432,25.421891891891892,23.686270270270267,38.0,66.0,54.571621621621624,0.04182432432432433,0.013400900900900901,0.13130630630630633,0.036216216216216214,0.825120220435367,28.0,128.0,0.055765765765765765,619,11100,0.23917147325070218,0.3995047067800737,23.99999933511995,0.4064864864864865,True,True,0.2983974043;0.4720337023;0.7619171253;0.95;0.6042558466;0.7527600943;0.6803453125;0.2438339011;0.7053294905;0.1925045361;0.95;0.2931742638,1.535332493;0.9986066978;0.5764720931;0.328976203;0.7746227687;0.5870535051;0.6736618433;1.858825842;0.6430324214;2.34929577;0.2710575607;1.560894842,15.21783784;9.068918919;7.179459459;5.214864865;9.747567568;7.183513514;7.428918919;22.26621622;7.425945946;25.42189189;4.855675676;17.27243243,0.3834181685;0.2658452966;0.1522197932;0.08153275085;0.2173130902;0.1597737513;0.1740596547;0.393367739;0.1758780569;0.3993802809;0.06776439017;0.3995047068,0.06648648649;0.1305405405;0.18;0.2064864865;0.1348648649;0.1740540541;0.1627027027;0.0427027027;0.1681081081;0.03621621622;0.2091891892;0.06432432432,23.98228171;8.156807631;1.588248838;0.328976203;5.244718762;1.522321031;2.92591318;23.97718519;2.273356636;23.99999934;0.2710575607;23.99901395,8.0
Expected-AoI Bayes-Safe,4,3,529.4835135135135,24.271621621621623,21.908405405405404,45.0,72.0,61.6990990990991,0.06648648648648649,0.018986486486486487,0.10709459459459458,0.04675675675675676,0.7125599183125491,36.0,148.0,0.09441441441441441,1048,11100,0.31613910156802794,0.3991786133321246,23.99955092536107,0.4064864864864865,True,True,0.2469621281;0.8215561338;0.8932287906;0.3220866759;0.225348274;0.2465631425;0.4834834838;0.2778755806;0.2645088005;0.3014458345;0.9387067142;0.2969367479,1.836175919;0.5080937316;0.4222105672;1.429873819;2.006740312;1.839030251;0.9755450403;1.641436133;1.719737046;1.520828652;0.3585144156;1.542388958,19.97486486;5.832162162;4.827837838;13.72594595;19.55297297;24.27162162;10.23486486;16.45378378;18.30621622;16.16513514;4.645675676;16.73027027,0.398003537;0.145561988;0.1152520738;0.3953407883;0.3991786133;0.3911667047;0.2992550326;0.3917265149;0.3969339019;0.3896609628;0.09224479018;0.3793443114,0.05216216216;0.2091891892;0.2291891892;0.08162162162;0.05027027027;0.04675675676;0.1337837838;0.06621621622;0.05783783784;0.07216216216;0.2172972973;0.06864864865,23.99954416;1.048562389;0.5332634034;23.97476381;23.99955093;23.97186862;17.78161234;23.97622089;23.99608666;23.99126408;0.3585144156;23.94756335,8.0
Expected-AoI Bayes-Safe,4,4,484.1091891891892,21.51054054054054,21.019256756756757,41.0,63.0,54.2009009009009,0.05045045045045045,0.011824324324324325,0.10328828828828829,0.046216216216216216,0.8758203347402164,35.0,126.0,0.03864864864864865,429,11100,0.2834432658047175,0.3966109490707897,23.994974050616257,0.4064864864864865,True,True,0.662118963;0.6741961796;0.3640876;0.2460798207;0.2372011855;0.4128728207;0.5024050881;0.4159209977;0.2309431598;0.4380235493;0.7287104513;0.5641011845,0.6966749552;0.6813572012;1.27608378;1.842501298;1.908996959;1.13470463;0.9393093506;1.126874486;1.959226317;1.072981387;0.6151471375;0.8344446437,8.044054054;8.23972973;14.72918919;18.55135135;20.6172973;12.23783784;12.00243243;12.09621622;21.51054054;13.53405405;7.988918919;9.402972973,0.1864076231;0.1740223122;0.3266084703;0.3948928457;0.3936661296;0.3186373273;0.2548828616;0.2862870316;0.3966109491;0.2897049746;0.1567793921;0.2228192724,0.1556756757;0.1513513514;0.08432432432;0.05432432432;0.0472972973;0.1002702703;0.1143243243;0.09945945946;0.04621621622;0.09702702703;0.1578378378;0.1313513514,4.140149194;6.589858426;22.92810523;23.99257917;23.99173239;14.53934541;9.464805713;17.10497123;23.99497405;15.7515533;2.58176565;6.116669655,8.0
Expected-AoI Bayes-Safe,4,5,422.16513513513513,22.282972972972974,20.49339189189189,37.0,59.0,50.596846846846844,0.03945945945945946,0.008648648648648649,0.12524774774774775,0.04540540540540541,0.8182169139728103,28.0,108.0,0.03135135135135135,348,11100,0.2535926661497898,0.3917289628441837,23.999805493476746,0.4064864864864865,True,True,0.9411489522;0.4821824971;0.3825098869;0.7544254172;0.3523107703;0.8677360717;0.95;0.2189202535;0.8265150398;0.3376263363;0.2625732011;0.2699141276,0.3546353857;0.9781203331;1.218803669;0.5851252029;1.315645181;0.4538598372;0.2241414152;2.064668323;0.5023771293;1.368663091;1.731770293;1.687095206,5.348918919;10.63945946;11.8072973;7.15972973;13.23648649;6.232432432;4.767297297;22.28297297;6.494324324;13.44540541;19.02918919;16.73135135,0.08549588216;0.2722875522;0.339288589;0.1518162688;0.351668401;0.1123609759;0.05476319983;0.3917289628;0.1336051609;0.3773071225;0.3856699247;0.3871199539,0.2018918919;0.1205405405;0.09486486486;0.1794594595;0.08918918919;0.182972973;0.2078378378;0.04540540541;0.1821621622;0.08432432432;0.05216216216;0.06216216216,0.3546353857;10.58736933;17.77266785;1.666126826;23.92241988;0.7231590234;0.2241414152;23.99960989;0.9118856464;23.95475772;23.99626068;23.99980549,8.0
Expected-AoI Bayes-Safe,4,6,323.70324324324326,17.223783783783784,16.487675675675675,30.0,49.0,42.2490990990991,0.020563063063063065,0.004391891891891892,0.1503153153153153,0.06594594594594595,0.9049330838819947,23.0,107.0,0.006666666666666667,74,11100,0.1773131907014995,0.3705265909578589,23.992464582444224,0.4064864864864865,True,True,0.6600953202;0.4082536129;0.95;0.8542797728;0.5796663152;0.95;0.7238759829;0.298421524;0.95;0.3698913443;0.95;0.5870736138,0.6992694381;1.146768836;0.2551559305;0.4699577518;0.8105930222;0.2156180293;0.6208604762;1.535216558;0.2628816135;1.257463669;0.2571157349;0.7995478023,8.412162162;12.92432432;4.82972973;6.451621622;9.524324324;4.721621622;8.602162162;17.22378378;4.447567568;15.88540541;4.735135135;9.905405405,0.1933385501;0.3161362738;0.05889274721;0.118759594;0.2039627307;0.05134040103;0.1391063067;0.370526591;0.06081801652;0.3381557704;0.06170777637;0.2150135306,0.1472972973;0.09540540541;0.2016216216;0.187027027;0.1272972973;0.2045945946;0.1427027027;0.06594594595;0.2045945946;0.08054054054;0.2045945946;0.1421621622,5.481735953;12.48214556;0.2551559305;0.8197465107;5.7906744;0.2156180293;1.808604762;23.99246458;0.2628816135;23.96274746;0.2571157349;7.190051651,8.0
Expected-AoI Bayes-Safe,4,7,362.7502702702703,28.586216216216215,22.17083783783783,36.0,64.0,52.27657657657657,0.03725225225225225,0.011891891891891892,0.15466216216216216,0.03135135135135135,0.8426389296606642,22.0,118.0,0.04450450450450451,494,11100,0.19656411745165028,0.39831410988022425,23.998445593946663,0.4064864864864865,True,True,0.95;0.8194645516;0.5139536145;0.1957148488;0.2668165055;0.95;0.9166527097;0.2817874583;0.4060368001;0.95;0.95;0.8957240492,0.2129344738;0.5105004868;0.9182376412;2.309972111;1.705631049;0.2143947682;0.3910280632;1.619983796;1.152645744;0.2643493157;0.2202876177;0.4190042049,4.754324324;5.512432432;10.12405405;28.58621622;16.92189189;4.871621622;5.465135135;16.34648649;11.74162162;4.957567568;4.813783784;5.107027027,0.0520826213;0.1267972831;0.2774566711;0.3983141099;0.3964439735;0.05238185688;0.101878663;0.3914231118;0.3302174294;0.06587299163;0.05661987148;0.1092808264,0.2116216216;0.1924324324;0.1337837838;0.03135135135;0.06324324324;0.2075675676;0.2097297297;0.06891891892;0.1059459459;0.2072972973;0.2156756757;0.2083783784,0.2129344738;1.394504381;8.928277542;23.99776885;23.99844559;0.2143947682;0.3910280632;23.93389116;17.04789253;0.2643493157;0.2202876177;0.5520336396,8.0
Expected-AoI Bayes-Safe,4,8,427.2172972972973,27.651891891891893,23.996027027027022,39.0,73.0,59.086036036036035,0.04574324324324324,0.016463963963963962,0.13905405405405405,0.03567567567567568,0.8017477545420266,25.0,173.0,0.06342342342342343,704,11100,0.23072015706450388,0.39717385881768025,23.998847492735777,0.4064864864864865,True,True,0.924502767;0.7675714746;0.2938168902;0.223720696;0.8564804989;0.95;0.4732619221;0.198994158;0.3554966144;0.365156396;0.95;0.8950142286,0.3798996382;0.5699618165;1.557699888;2.021057334;0.4673466129;0.2347890628;0.9960890923;2.271318822;1.304697623;1.272612991;0.2590903055;0.4199186836,4.603243243;7.149189189;16.49054054;21.00486486;5.892972973;4.638918919;10.48432432;27.65189189;12.3072973;14.73783784;4.620540541;4.898378378,0.0951802607;0.1609757022;0.3826889726;0.394379296;0.1159524839;0.05933183074;0.2834815714;0.3971738588;0.3572050518;0.3436055074;0.06540279603;0.113264553,0.2083783784;0.177027027;0.06324324324;0.04513513514;0.1902702703;0.2151351351;0.1224324324;0.03567567568;0.09;0.08756756757;0.2191891892;0.2145945946,0.3798996382;2.149427248;23.9621904;23.98019356;0.7367330643;0.2347890628;13.0983164;23.99884749;18.4912526;23.88668065;0.2590903055;0.4995934181,8.0
Expected-AoI Bayes-Safe,4,9,522.0905405405406,28.69810810810811,25.961189189189188,46.0,80.0,66.26351351351352,0.0672972972972973,0.024527027027027026,0.12376126126126125,0.03189189189189189,0.7459644087692828,31.0,165.0,0.11387387387387388,1264,11100,0.25958778851811143,0.39887426255788255,23.998640683480353,0.4064864864864865,True,True,0.3257577326;0.6871221964;0.2523803769;0.1963495047;0.5437054116;0.2493362779;0.95;0.4363495231;0.95;0.6652629851;0.95;0.2127973752,1.414897118;0.6652565043;1.798374164;2.302374716;0.8671448273;1.819394726;0.209506079;1.076896197;0.2790122724;0.6926602831;0.247425482;2.123503268,15.10216216;7.935945946;23.72189189;28.69810811;10.28297297;20.59432432;4.147297297;10.34243243;4.637567568;7.751891892;4.428648649;23.47,0.3747565339;0.1815970458;0.394670222;0.3926482286;0.2589716309;0.3968247416;0.05379210135;0.3213225409;0.07254319082;0.2059260301;0.06312693378;0.3988742626,0.07297297297;0.1589189189;0.04594594595;0.03189189189;0.1340540541;0.04675675676;0.2262162162;0.1186486486;0.2194594595;0.17;0.2205405405;0.03972972973,23.99176942;5.696669111;23.98710429;23.99736337;9.477186201;23.9977866;0.209506079;18.18273377;0.2790122724;3.111923397;0.247425482;23.99864068,8.0
Expected-AoI Bayes-Safe,8,0,399.952972972973,20.69081081081081,20.442716216216215,37.0,62.0,52.07027027027027,0.040450450450450454,0.01132882882882883,0.14560810810810812,0.04945945945945946,0.8273767712905846,26.0,108.0,0.04765765765765766,529,11100,0.2184196886645844,0.4002945885940433,23.998622883977625,0.4064864864864865,True,True,0.95;0.2315765095;0.95;0.8081176242;0.6281327393;0.795200025;0.3394136806;0.9476946562;0.5005847781;0.95;0.23436609;0.2528380647,0.3369544871;1.95400716;0.2191119648;0.5235225351;0.7414402559;0.5383055036;1.361973486;0.3438720469;0.9427001774;0.2738400263;1.931388168;1.795260579,4.895405405;19.51243243;5.082162162;6.742432432;9.614594595;6.292702703;14.11216216;5.461351351;11.19135135;4.674594595;20.69081081;20.23972973,0.08587785982;0.3971387524;0.05720598864;0.1392286958;0.2023931509;0.1482522455;0.3820887781;0.08364455194;0.2608986437;0.06468545486;0.3993275537;0.4002945886,0.2137837838;0.05108108108;0.2162162162;0.1951351351;0.1494594595;0.1983783784;0.08189189189;0.2027027027;0.1227027027;0.2102702703;0.04945945946;0.05621621622,0.3369544871;23.99862288;0.2191119648;1.388180281;4.145924607;0.9681385253;23.86642066;0.3438720469;7.139403904;0.2738400263;23.99858589;23.98672606,8.0
Expected-AoI Bayes-Safe,8,1,534.8067567567567,31.71189189189189,28.50598648648648,50.0,87.0,71.40585585585586,0.08087837837837838,0.031036036036036035,0.12322072072072073,0.03054054054054054,0.7036614427308416,34.0,162.0,0.10081081081081081,1119,11100,0.2795508305789954,0.401456045139843,23.999940031491008,0.4064864864864865,True,True,0.5605092249;0.2181252996;0.2316669551;0.3707979081;0.95;0.95;0.2020086086;0.95;0.325972712;0.8362721814;0.2993435181;0.2334007936,0.8400796556;2.072097608;1.953264399;1.254604531;0.2976063768;0.2276934429;2.237061952;0.2579608484;1.414030367;0.4910760745;1.530799061;1.939147999,9.602432432;24.80432432;25.88297297;14.13297297;4.237297297;4.073513514;31.71189189;4.348918919;13.64918919;5.956486486;14.34378378;21.42513514,0.2567919164;0.3976187303;0.3980436099;0.371634207;0.07745809211;0.06461570678;0.398438872;0.06574515677;0.392106799;0.1405539359;0.3901468957;0.4014560451,0.1475675676;0.04081081081;0.03891891892;0.0972972973;0.2227027027;0.2481081081;0.03054054054;0.2245945946;0.08972972973;0.2140540541;0.07594594595;0.04837837838,4.521832079;23.99874277;23.99994003;20.89274046;0.2976063768;0.2276934429;23.99405494;0.2579608484;23.94226398;0.9464564472;23.99255009;23.9967316,8.0
Expected-AoI Bayes-Safe,8,2,446.7383783783784,29.29891891891892,24.81017567567567,40.0,70.0,57.88963963963964,0.04986486486486486,0.016283783783783784,0.13373873873873873,0.032972972972972976,0.8294238738886235,28.0,126.0,0.055765765765765765,619,11100,0.23986350867088535,0.4028796145459032,23.999999002679868,0.4064864864864865,True,True,0.2983974043;0.4720337023;0.7619171253;0.95;0.6042558466;0.7527600943;0.6803453125;0.2438339011;0.7053294905;0.1925045361;0.95;0.2931742638,1.535332493;0.9986066978;0.5764720931;0.328976203;0.7746227687;0.5870535051;0.6736618433;1.858825842;0.6430324214;2.34929577;0.2710575607;1.560894842,17.27324324;9.279189189;6.917567568;4.930810811;10.06216216;7.072702703;7.314054054;21.13756757;7.760810811;29.29891892;4.997837838;16.25891892,0.3875677158;0.2642259344;0.1512849736;0.08073253846;0.2208721678;0.1562831628;0.174605867;0.398893978;0.1741401314;0.3987453361;0.06813068417;0.4028796145,0.06378378378;0.1313513514;0.187027027;0.2035135135;0.1427027027;0.1756756757;0.1686486486;0.04891891892;0.1694594595;0.03297297297;0.2102702703;0.07054054054,23.99061455;4.970740653;1.282360466;0.328976203;4.470095993;1.335267526;1.768309217;23.97718519;1.458194529;23.999999;0.2710575607;23.97287535,8.0
Expected-AoI Bayes-Safe,8,3,524.1018918918919,23.262162162162163,21.655716216216216,46.0,68.0,59.37477477477478,0.06988738738738738,0.016981981981981982,0.10842342342342341,0.04756756756756757,0.7231649482657342,37.0,123.0,0.07693693693693694,854,11100,0.31707364437288094,0.39809388883937424,23.997229309059016,0.4064864864864865,True,True,0.2469621281;0.8215561338;0.8932287906;0.3220866759;0.225348274;0.2465631425;0.4834834838;0.2778755806;0.2645088005;0.3014458345;0.9387067142;0.2969367479,1.836175919;0.5080937316;0.4222105672;1.429873819;2.006740312;1.839030251;0.9755450403;1.641436133;1.719737046;1.520828652;0.3585144156;1.542388958,19.00459459;5.978378378;5.029189189;12.73135135;20.34135135;23.26216216;10.87216216;16.05243243;18.25108108;16.71540541;4.616756757;18.07297297,0.398003537;0.1430901806;0.1137686312;0.3961136931;0.3980938888;0.3971311271;0.2979367285;0.395275566;0.3969339019;0.3913051018;0.09205099861;0.3851803777,0.05297297297;0.2097297297;0.2272972973;0.09081081081;0.05216216216;0.04756756757;0.1362162162;0.06756756757;0.05837837838;0.07135135135;0.2162162162;0.07081081081,23.99434167;1.048562389;0.5110528362;23.94545812;23.99722931;23.99174415;12.71962145;23.99387791;23.99211138;23.98252817;0.3585144156;23.99534252,8.0
Expected-AoI Bayes-Safe,8,4,493.26027027027027,22.93189189189189,22.118635135135133,41.0,63.0,54.7981981981982,0.051936936936936934,0.012072072072072072,0.10664414414414414,0.04378378378378378,0.8673473611627568,35.0,122.0,0.03594594594594595,399,11100,0.2832968913540337,0.39788068565923873,23.994974050616673,0.4064864864864865,True,True,0.662118963;0.6741961796;0.3640876;0.2460798207;0.2372011855;0.4128728207;0.5024050881;0.4159209977;0.2309431598;0.4380235493;0.7287104513;0.5641011845,0.6966749552;0.6813572012;1.27608378;1.842501298;1.908996959;1.13470463;0.9393093506;1.126874486;1.959226317;1.072981387;0.6151471375;0.8344446437,8.075675676;8.268108108;14.48216216;17.5027027;22.93189189;12.44513514;11.68540541;12.32378378;21.45324324;13.28432432;8.037567568;9.3,0.1860310421;0.1762321193;0.3290226828;0.3978806857;0.3946980199;0.3143438503;0.2566599334;0.286896153;0.3939633459;0.2824551003;0.1581094399;0.2232703236,0.1597297297;0.1581081081;0.0872972973;0.05540540541;0.04540540541;0.1045945946;0.1218918919;0.1021621622;0.04378378378;0.09837837838;0.1648648649;0.1381081081,4.036824149;2.65085761;15.82377011;23.99257917;23.99173239;9.50232039;4.732402856;9.556866266;23.99497405;9.986646359;1.690882825;3.544446437,8.0
Expected-AoI Bayes-Safe,8,5,444.09810810810814,24.512972972972975,22.102189189189186,39.0,63.0,55.394594594594594,0.04472972972972973,0.012094594594594594,0.12725225225225226,0.0445945945945946,0.8205474699917005,30.0,207.0,0.023423423423423424,260,11100,0.25462137744469543,0.39350355741253634,23.996665718576903,0.4064864864864865,True,True,0.9411489522;0.4821824971;0.3825098869;0.7544254172;0.3523107703;0.8677360717;0.95;0.2189202535;0.8265150398;0.3376263363;0.2625732011;0.2699141276,0.3546353857;0.9781203331;1.218803669;0.5851252029;1.315645181;0.4538598372;0.2241414152;2.064668323;0.5023771293;1.368663091;1.731770293;1.687095206,5.068648649;10.89513514;12.15594595;7.307567568;13.57513514;6.267297297;4.844864865;24.51297297;6.509459459;13.6972973;20.12972973;17.35459459,0.08549588216;0.2717588385;0.3419238402;0.1491278558;0.3552241988;0.1106436684;0.05470262107;0.3917289628;0.131840052;0.3791566672;0.390350385;0.3935035574,0.2062162162;0.1235135135;0.09972972973;0.1783783784;0.09162162162;0.1835135135;0.207027027;0.04459459459;0.1902702703;0.08513513514;0.05351351351;0.06351351351,0.3546353857;10.006166;15.1897541;1.325626014;19.94145241;0.615439349;0.2241414152;23.99666572;0.9118856464;23.95475772;23.96765105;23.99342604,8.0
Expected-AoI Bayes-Safe,8,6,325.16324324324324,16.30189189189189,16.25908108108108,31.0,49.0,42.62162162162162,0.021621621621621623,0.004144144144144144,0.15263513513513513,0.06594594594594595,0.91068747871884,23.0,101.0,0.0009009009009009009,10,11100,0.17748072497812106,0.37135643774611843,23.850847073560665,0.4064864864864865,True,True,0.6600953202;0.4082536129;0.95;0.8542797728;0.5796663152;0.95;0.7238759829;0.298421524;0.95;0.3698913443;0.95;0.5870736138,0.6992694381;1.146768836;0.2551559305;0.4699577518;0.8105930222;0.2156180293;0.6208604762;1.535216558;0.2628816135;1.257463669;0.2571157349;0.7995478023,8.336216216;14.52027027;5.007837838;6.626486486;9.420810811;4.797027027;7.951081081;16.22405405;4.621351351;16.30189189;4.666216216;10.15594595,0.1891807318;0.3189257115;0.05978924102;0.1172354067;0.2006765428;0.05087419988;0.139441907;0.3713564377;0.0613864092;0.3442731612;0.06226370228;0.2143652486,0.1551351351;0.09810810811;0.2;0.1883783784;0.1313513514;0.2027027027;0.1432432432;0.06594594595;0.2051351351;0.08756756757;0.21;0.1440540541,1.896347191;11.06922091;0.2551559305;1.029619766;2.0953372;0.2156180293;1.104302381;23.85084707;0.2628816135;23.78361941;0.2571157349;3.995025826,8.0
Expected-AoI Bayes-Safe,8,7,367.3991891891892,26.81783783783784,22.009054054054047,36.0,65.0,53.66261261261261,0.03864864864864865,0.012612612612612612,0.15686936936936938,0.03216216216216216,0.8454837840270307,23.0,139.0,0.03891891891891892,432,11100,0.19605975865485958,0.39644115952028586,23.998445593946666,0.4064864864864865,True,True,0.95;0.8194645516;0.5139536145;0.1957148488;0.2668165055;0.95;0.9166527097;0.2817874583;0.4060368001;0.95;0.95;0.8957240492,0.2129344738;0.5105004868;0.9182376412;2.309972111;1.705631049;0.2143947682;0.3910280632;1.619983796;1.152645744;0.2643493157;0.2202876177;0.4190042049,5.026216216;5.745135135;10.98756757;26.81783784;18.07459459;5.042432432;5.17;17.47810811;11.66162162;4.901351351;4.685945946;5.535945946,0.05231282073;0.128039041;0.2796902221;0.3964411595;0.3936780854;0.05325102486;0.1007161471;0.3922987788;0.3249214894;0.06544431707;0.05709616903;0.1088278489,0.2116216216;0.1937837838;0.1383783784;0.03216216216;0.06108108108;0.2105405405;0.2116216216;0.07;0.1159459459;0.2102702703;0.2227027027;0.2043243243,0.2129344738;1.063002921;8.246515184;23.99665327;23.99844559;0.2143947682;0.3910280632;23.99546293;12.95820637;0.2643493157;0.2202876177;0.5520336396,8.0
Expected-AoI Bayes-Safe,8,8,434.1672972972973,24.278648648648648,23.817837837837835,40.0,67.0,57.067567567567565,0.048063063063063065,0.014234234234234235,0.1397972972972973,0.03567567567567568,0.8051158019646852,26.0,142.0,0.05765765765765766,640,11100,0.23124265259881036,0.3965642228693911,23.99859149990358,0.4064864864864865,True,True,0.924502767;0.7675714746;0.2938168902;0.223720696;0.8564804989;0.95;0.4732619221;0.198994158;0.3554966144;0.365156396;0.95;0.8950142286,0.3798996382;0.5699618165;1.557699888;2.021057334;0.4673466129;0.2347890628;0.9960890923;2.271318822;1.304697623;1.272612991;0.2590903055;0.4199186836,5.026486486;7.294324324;16.14081081;23.44081081;5.875135135;4.962162162;10.70837838;24.27864865;13.99297297;14.85567568;4.757567568;5.097027027,0.09733644784;0.1565084339;0.3852149724;0.3965642229;0.1163314136;0.05907800473;0.2778280928;0.3941045091;0.3674310602;0.347045002;0.06477257636;0.1126970954,0.2097297297;0.1805405405;0.06459459459;0.0427027027;0.1937837838;0.2124324324;0.1275675676;0.03567567568;0.09;0.09162162162;0.2156756757;0.2132432432,0.3798996382;1.419770899;23.79298995;23.98055096;0.7367330643;0.2347890628;7.317870939;23.9985915;21.45502155;21.01155345;0.2590903055;0.5195121017,8.0
Expected-AoI Bayes-Safe,8,9,537.6786486486486,30.23216216216216,28.009864864864863,49.0,87.0,70.97297297297297,0.0745045045045045,0.03042792792792793,0.12644144144144145,0.032972972972972976,0.7516068080699742,30.75,147.0,0.11387387387387388,1264,11100,0.25987176157269315,0.40011538987963535,23.99736336662601,0.4064864864864865,True,True,0.3257577326;0.6871221964;0.2523803769;0.1963495047;0.5437054116;0.2493362779;0.95;0.4363495231;0.95;0.6652629851;0.95;0.2127973752,1.414897118;0.6652565043;1.798374164;2.302374716;0.8671448273;1.819394726;0.209506079;1.076896197;0.2790122724;0.6926602831;0.247425482;2.123503268,14.50297297;7.926486486;20.89243243;30.23216216;10.10216216;24.04945946;4.183783784;10.25297297;4.797027027;7.590540541;4.252162162;26.19162162,0.3759037478;0.1771020694;0.3941841749;0.4001153899;0.2568623597;0.3968247416;0.05458482706;0.3259793893;0.07329727804;0.2004970711;0.06366190779;0.3994481824,0.08108108108;0.1645945946;0.04837837838;0.03297297297;0.1345945946;0.04621621622;0.2264864865;0.1243243243;0.2218918919;0.17;0.2267567568;0.04,23.92395036;2.25679553;23.9968815;23.99736337;5.144331028;23.98815414;0.209506079;14.06032886;0.2790122724;2.633942548;0.247425482;23.99686293,8.0
Perfect-AoI Bayes-Safe,2,0,379.6083783783784,18.576486486486488,18.45191891891892,34.0,58.0,48.92207207207207,0.031914414414414415,0.008355855855855856,0.12074324324324325,0.03918918918918919,0.7914019189712618,26.399999999999636,140.0,0.06342342342342343,704,11100,0.21973119493178053,0.3968981496605181,23.999982200446315,0.4064864864864865,True,True,0.95;0.2315765095;0.95;0.8081176242;0.6281327393;0.795200025;0.3394136806;0.9476946562;0.5005847781;0.95;0.23436609;0.2528380647,0.3369544871;1.95400716;0.2191119648;0.5235225351;0.7414402559;0.5383055036;1.361973486;0.3438720469;0.9427001774;0.2738400263;1.931388168;1.795260579,4.640810811;18.32513514;4.895405405;6.544054054;8.845675676;6.081891892;14.42135135;5.291621622;11.27351351;4.582972973;18.35;18.57648649,0.08205297105;0.3892171018;0.05542940514;0.1399361587;0.2176227346;0.1534898125;0.388714595;0.07955526274;0.2807717826;0.06002277333;0.3930635921;0.3968981497,0.1943243243;0.03918918919;0.1913513514;0.1627027027;0.1102702703;0.1616216216;0.05756756757;0.1772972973;0.08351351351;0.1875675676;0.04081081081;0.0427027027,0.3369544871;23.99862288;0.2191119648;2.870450703;12.35040896;4.272554101;23.99181084;0.3438720469;15.73830515;0.2738400263;23.99858589;23.9999822,8.0
Perfect-AoI Bayes-Safe,2,1,556.5564864864865,33.06972972972973,29.339094594594588,53.0,93.0,77.10585585585585,0.08527027027027027,0.0381981981981982,0.10391891891891891,0.026486486486486487,0.6320264227410565,35.0,153.0,0.1681981981981982,1867,11100,0.27800053354844917,0.40040785703242826,23.9994618167348,0.4064864864864865,True,True,0.5605092249;0.2181252996;0.2316669551;0.3707979081;0.95;0.95;0.2020086086;0.95;0.325972712;0.8362721814;0.2993435181;0.2334007936,0.8400796556;2.072097608;1.953264399;1.254604531;0.2976063768;0.2276934429;2.237061952;0.2579608484;1.414030367;0.4910760745;1.530799061;1.939147999,9.384054054;26.28675676;21.25432432;14.56621622;4.153783784;3.971351351;33.06972973;4.166486486;15.54405405;6.070540541;15.82189189;23.16459459,0.2808590632;0.3880982818;0.3906528797;0.3689215485;0.07713635549;0.06295416004;0.3875558679;0.0646296504;0.3836990509;0.1446683571;0.3864233304;0.400407857,0.1040540541;0.03162162162;0.03648648649;0.06702702703;0.2156756757;0.2345945946;0.02648648649;0.2159459459;0.05;0.1797297297;0.04783783784;0.03756756757,13.20238967;23.99795411;23.99722263;23.95319355;0.2976063768;0.2276934429;23.989346;0.2579608484;23.99946182;1.857217193;23.99317275;23.99592366,8.0
Perfect-AoI Bayes-Safe,2,2,420.3089189189189,27.598108108108107,23.636621621621615,37.0,67.0,54.89954954954955,0.0404054054054054,0.013896396396396397,0.1070945945945946,0.02945945945945946,0.7999694094300475,29.0,153.0,0.07765765765765766,862,11100,0.23991002829061905,0.39620555688069053,23.99999966755998,0.4064864864864865,True,True,0.2983974043;0.4720337023;0.7619171253;0.95;0.6042558466;0.7527600943;0.6803453125;0.2438339011;0.7053294905;0.1925045361;0.95;0.2931742638,1.535332493;0.9986066978;0.5764720931;0.328976203;0.7746227687;0.5870535051;0.6736618433;1.858825842;0.6430324214;2.34929577;0.2710575607;1.560894842,15.09432432;9.335405405;6.790810811;4.900810811;8.934324324;7.034324324;7.197567568;20.39540541;7.33027027;27.59810811;5.003513514;15.04324324,0.3821733043;0.2852776431;0.1477014985;0.07770951389;0.228827753;0.1638989921;0.1755162208;0.3903534268;0.1810918333;0.3962055569;0.06205020375;0.3881143931,0.04810810811;0.09324324324;0.1451351351;0.1835135135;0.1078378378;0.1394594595;0.1348648649;0.03540540541;0.1343243243;0.02945945946;0.1859459459;0.04783783784,23.99791679;16.94287461;3.22355349;0.328976203;8.267078142;5.798658659;5.494222396;23.97702793;4.718842957;23.99999967;0.2710575607;23.99006553,8.0
Perfect-AoI Bayes-Safe,2,3,519.8737837837838,21.251081081081082,20.77272972972973,45.0,69.0,59.936036036036036,0.06461711711711712,0.01740990990990991,0.08722972972972974,0.03702702702702703,0.6418128489827355,38.0,141.0,0.14468468468468468,1606,11100,0.3155135066084765,0.39809388883937424,23.999775462680297,0.4064864864864865,True,True,0.2469621281;0.8215561338;0.8932287906;0.3220866759;0.225348274;0.2465631425;0.4834834838;0.2778755806;0.2645088005;0.3014458345;0.9387067142;0.2969367479,1.836175919;0.5080937316;0.4222105672;1.429873819;2.006740312;1.839030251;0.9755450403;1.641436133;1.719737046;1.520828652;0.3585144156;1.542388958,18.17324324;5.837837838;4.961351351;12.80702703;21.25108108;20.38135135;10.30810811;15.66594595;19.73702703;17.04189189;4.701891892;15.67945946,0.3930408993;0.1458366332;0.1129698545;0.3972730503;0.3980938888;0.3876874582;0.3140200386;0.3859593069;0.392285964;0.383906476;0.09282616491;0.3822623446,0.03945945946;0.1805405405;0.2089189189;0.06216216216;0.03756756757;0.03702702703;0.09567567568;0.04756756757;0.03972972973;0.04648648649;0.2;0.05162162162,23.99801562;2.886155826;0.7109479412;23.99104178;23.99977546;23.98108556;23.87943218;23.99882145;23.9987162;23.99865181;0.3585144156;23.99396233,8.0
Perfect-AoI Bayes-Safe,2,4,506.5589189189189,23.501081081081082,22.651554054054053,41.0,68.0,57.77972972972973,0.050225225225225226,0.015427927927927928,0.07407657657657657,0.030810810810810812,0.844594387797327,38.0,132.0,0.0636036036036036,706,11100,0.28164854441355275,0.39131574280816234,23.99793309742025,0.4064864864864865,True,True,0.662118963;0.6741961796;0.3640876;0.2460798207;0.2372011855;0.4128728207;0.5024050881;0.4159209977;0.2309431598;0.4380235493;0.7287104513;0.5641011845,0.6966749552;0.6813572012;1.27608378;1.842501298;1.908996959;1.13470463;0.9393093506;1.126874486;1.959226317;1.072981387;0.6151471375;0.8344446437,7.921351351;8.215135135;14.56054054;19.36648649;21.95648649;11.84297297;11.02972973;11.96540541;23.50108108;14.03135135;7.945675676;9.492972973,0.1860310421;0.1778894747;0.3090192073;0.3869252725;0.3807675015;0.3299843736;0.2688455682;0.2832414249;0.3913157428;0.2812951205;0.1620995835;0.2223682213,0.1164864865;0.1183783784;0.0572972973;0.03702702703;0.03540540541;0.07027027027;0.08378378378;0.06567567568;0.03081081081;0.05837837838;0.1256756757;0.08972972973,5.740149194;4.339000817;23.8802728;23.99257917;23.9979331;20.21286856;14.89375532;23.94810496;23.99644225;23.59223688;3.872648475;10.63333931,8.0
Perfect-AoI Bayes-Safe,2,5,444.24756756756756,25.304324324324323,22.212729729729727,39.0,67.0,56.142342342342346,0.04475225225225225,0.01463963963963964,0.10078828828828829,0.0327027027027027,0.750764049627985,31.0,140.0,0.0636936936936937,707,11100,0.2532375283115427,0.3839167043259236,23.999609888065518,0.4064864864864865,True,True,0.9411489522;0.4821824971;0.3825098869;0.7544254172;0.3523107703;0.8677360717;0.95;0.2189202535;0.8265150398;0.3376263363;0.2625732011;0.2699141276,0.3546353857;0.9781203331;1.218803669;0.5851252029;1.315645181;0.4538598372;0.2241414152;2.064668323;0.5023771293;1.368663091;1.731770293;1.687095206,5.17972973;10.44756757;12.60027027;7.118108108;13.17405405;6.163783784;4.671621622;25.30432432;6.445675676;13.67189189;17.84675676;19.68324324,0.08223707051;0.2894707472;0.3527942513;0.1564023853;0.3488237628;0.1118703166;0.05355162461;0.3839167043;0.1334693833;0.3728682152;0.3781811883;0.3752646903,0.1843243243;0.0872972973;0.06837837838;0.1454054054;0.05891891892;0.1605405405;0.1891891892;0.0327027027;0.1516216216;0.05297297297;0.03891891892;0.03918918919,0.3546353857;14.99045233;23.98463116;4.072754463;23.97403434;1.046318047;0.2241414152;23.99960989;2.140411198;23.99347444;23.98640754;23.99342604,8.0
Perfect-AoI Bayes-Safe,2,6,322.29324324324324,16.27054054054054,15.628972972972972,28.0,48.0,40.67702702702703,0.018423423423423423,0.0036486486486486487,0.12310810810810811,0.047027027027027025,0.852606587680614,24.0,101.0,0.011891891891891892,132,11100,0.17958803527758208,0.36056842949874457,23.9977386194026,0.4064864864864865,True,True,0.6600953202;0.4082536129;0.95;0.8542797728;0.5796663152;0.95;0.7238759829;0.298421524;0.95;0.3698913443;0.95;0.5870736138,0.6992694381;1.146768836;0.2551559305;0.4699577518;0.8105930222;0.2156180293;0.6208604762;1.535216558;0.2628816135;1.257463669;0.2571157349;0.7995478023,7.981351351;13.16810811;4.904324324;6.267297297;9.590810811;4.698108108;8.393513514;16.27054054;4.404054054;15.10405405;4.701621622;9.845135135,0.2018431784;0.3226449618;0.05606534365;0.1160922662;0.2164502449;0.0477856173;0.1495099147;0.3605684295;0.05747870954;0.342913741;0.05788578571;0.2258182307,0.1167567568;0.05972972973;0.1808108108;0.1545945946;0.08891891892;0.1816216216;0.1172972973;0.04702702703;0.1872972973;0.05432432432;0.1824324324;0.1064864865,9.075891458;20.74983393;0.2551559305;1.729197284;9.054232534;0.2156180293;4.625814287;23.99773862;0.2628816135;23.92549492;0.2571157349;11.18733847,8.0
Perfect-AoI Bayes-Safe,2,7,366.85297297297296,29.946216216216218,23.190283783783777,36.0,71.0,56.54459459459459,0.03882882882882883,0.015067567567567568,0.13549549549549547,0.026216216216216216,0.7985170703879698,22.649999999999636,139.0,0.06954954954954955,772,11100,0.1958119278299584,0.3901979916538245,23.991455664041222,0.4064864864864865,True,True,0.95;0.8194645516;0.5139536145;0.1957148488;0.2668165055;0.95;0.9166527097;0.2817874583;0.4060368001;0.95;0.95;0.8957240492,0.2129344738;0.5105004868;0.9182376412;2.309972111;1.705631049;0.2143947682;0.3910280632;1.619983796;1.152645744;0.2643493157;0.2202876177;0.4190042049,4.573513514;5.266216216;10.2672973;29.94621622;16.77918919;4.655675676;5.12972973;17.6627027;10.54405405;4.720540541;4.512702703;5.175675676,0.050989174;0.1294187721;0.2965659409;0.3901979917;0.3775437376;0.0529613022;0.1000820475;0.3765367742;0.3457937232;0.06587299163;0.05495283004;0.1088278489,0.1983783784;0.1708108108;0.09108108108;0.02621621622;0.04594594595;0.1975675676;0.1889189189;0.04648648649;0.07837837838;0.1956756757;0.2048648649;0.1816216216,0.2129344738;1.726005842;11.75594103;23.98863342;23.99145566;0.2143947682;0.3910280632;23.95938426;20.66905848;0.2643493157;0.2202876177;0.7800840989,8.0
Perfect-AoI Bayes-Safe,2,8,421.677027027027,26.7027027027027,23.292999999999996,38.0,78.0,60.96936936936937,0.04481981981981982,0.019617117117117118,0.11747747747747748,0.02891891891891892,0.7494822675107299,26.0,172.0,0.07369369369369369,818,11100,0.23148666973134133,0.39492552773356715,23.998847492736243,0.4064864864864865,True,True,0.924502767;0.7675714746;0.2938168902;0.223720696;0.8564804989;0.95;0.4732619221;0.198994158;0.3554966144;0.365156396;0.95;0.8950142286,0.3798996382;0.5699618165;1.557699888;2.021057334;0.4673466129;0.2347890628;0.9960890923;2.271318822;1.304697623;1.272612991;0.2590903055;0.4199186836,4.607297297;6.976486486;15.77756757;20.50324324;5.734054054;4.42;10.96756757;26.7027027;13.67648649;15.44351351;4.636216216;4.754054054,0.09528293628;0.1669834079;0.3818469726;0.3949255277;0.1156998642;0.05717430963;0.296134595;0.3941045091;0.354736705;0.3456692042;0.06281189297;0.1124701123,0.1937837838;0.1443243243;0.04702702703;0.03783783784;0.17;0.1972972973;0.0827027027;0.02891891892;0.05891891892;0.05756756757;0.2018918919;0.1894594595,0.3798996382;3.90912178;23.99787465;23.98001486;1.140812741;0.2347890628;17.05920732;23.99884749;23.96776449;23.96055074;0.2590903055;0.818292356,8.0
Perfect-AoI Bayes-Safe,2,9,532.2910810810811,29.082432432432434,26.706878378378374,46.0,88.0,69.55630630630631,0.06653153153153153,0.026554054054054053,0.10254504504504504,0.026756756756756758,0.6957584656092114,33.0,155.0,0.1355855855855856,1505,11100,0.26051519254408273,0.3954307437444333,23.99949362799627,0.4064864864864865,True,True,0.3257577326;0.6871221964;0.2523803769;0.1963495047;0.5437054116;0.2493362779;0.95;0.4363495231;0.95;0.6652629851;0.95;0.2127973752,1.414897118;0.6652565043;1.798374164;2.302374716;0.8671448273;1.819394726;0.209506079;1.076896197;0.2790122724;0.6926602831;0.247425482;2.123503268,16.31702703;7.45972973;20.34972973;29.08243243;9.921081081;21.94675676;4.451891892;10.02351351;4.654864865;7.810810811;4.387837838;24.76324324,0.3690204645;0.1871708165;0.3936981278;0.3914037018;0.2713928946;0.3943661001;0.05045132874;0.3233599121;0.06937602448;0.2195920303;0.06092016597;0.3954307437,0.04567567568;0.1321621622;0.03891891892;0.02675675676;0.09648648649;0.03540540541;0.2037837838;0.08432432432;0.1986486486;0.1313513514;0.2067567568;0.03027027027,23.97465012;8.092438624;23.97726049;23.99949363;14.55724137;23.98913103;0.209506079;16.86032886;0.2790122724;8.487148209;0.247425482;23.99267976,8.0
Perfect-AoI Bayes-Safe,4,0,378.25702702702705,19.326486486486488,18.62872972972973,34.0,56.0,47.19009009009009,0.03009009009009009,0.007184684684684685,0.11632882882882882,0.036756756756756756,0.7917698478587162,27.0,108.0,0.08855855855855856,983,11100,0.2203250160547701,0.39835376634631464,23.999946601340536,0.4064864864864865,True,True,0.95;0.2315765095;0.95;0.8081176242;0.6281327393;0.795200025;0.3394136806;0.9476946562;0.5005847781;0.95;0.23436609;0.2528380647,0.3369544871;1.95400716;0.2191119648;0.5235225351;0.7414402559;0.5383055036;1.361973486;0.3438720469;0.9427001774;0.2738400263;1.931388168;1.795260579,4.773783784;19.32648649;5.106216216;6.268378378;8.821891892;6.538648649;14.15351351;5.257837838;10.6827027;4.791351351;18.05783784;17.24594595,0.08114228325;0.3881608817;0.05448189394;0.1393701884;0.2188250701;0.1545082283;0.3795120715;0.08057758504;0.2932561903;0.05795047043;0.3977615633;0.3983537663,0.1916216216;0.03675675676;0.1851351351;0.1537837838;0.1043243243;0.1518918919;0.05378378378;0.1705405405;0.07945945946;0.1818918919;0.04135135135;0.04540540541,0.3369544871;23.99443673;0.2191119648;3.858630984;12.60353484;4.410859605;23.99879185;0.3438720469;18.47990657;0.2738400263;23.99611575;23.9999466,8.0
Perfect-AoI Bayes-Safe,4,1,526.7410810810811,30.993783783783783,28.18194594594594,48.0,83.0,69.11891891891892,0.07295045045045045,0.027702702702702704,0.10211711711711711,0.024864864864864864,0.6334478380910121,35.0,150.0,0.1709009009009009,1897,11100,0.2789180729123968,0.3983114808175987,23.999461816735053,0.4064864864864865,True,True,0.5605092249;0.2181252996;0.2316669551;0.3707979081;0.95;0.95;0.2020086086;0.95;0.325972712;0.8362721814;0.2993435181;0.2334007936,0.8400796556;2.072097608;1.953264399;1.254604531;0.2976063768;0.2276934429;2.237061952;0.2579608484;1.414030367;0.4910760745;1.530799061;1.939147999,8.668378378;25.88135135;19.68513514;12.69756757;4.157567568;3.848918919;30.99378378;4.341891892;15.27675676;6.066486486;15.9127027;19.72081081,0.2813131604;0.3925784928;0.3927645169;0.3726514539;0.0765733164;0.06153876836;0.3905789246;0.06344442488;0.3875207546;0.1474555456;0.3822860357;0.3983114808,0.1016216216;0.03297297297;0.03594594595;0.06621621622;0.2151351351;0.2313513514;0.02486486486;0.2110810811;0.05027027027;0.1713513514;0.04432432432;0.04027027027,17.45003661;23.99874277;23.99858133;23.98873011;0.2976063768;0.2276934429;23.989346;0.2579608484;23.99946182;2.40367364;23.98634551;23.99188396,8.0
Perfect-AoI Bayes-Safe,4,2,431.59837837837836,25.665675675675676,23.500756756756754,38.0,65.0,54.43693693693694,0.041463963963963964,0.013085585585585586,0.1002927927927928,0.02945945945945946,0.7977443492262578,30.0,136.0,0.09288288288288288,1031,11100,0.24028255287666925,0.3981103912887708,23.99999933511988,0.4064864864864865,True,True,0.2983974043;0.4720337023;0.7619171253;0.95;0.6042558466;0.7527600943;0.6803453125;0.2438339011;0.7053294905;0.1925045361;0.95;0.2931742638,1.535332493;0.9986066978;0.5764720931;0.328976203;0.7746227687;0.5870535051;0.6736618433;1.858825842;0.6430324214;2.34929577;0.2710575607;1.560894842,15.32648649;9.324594595;6.874324324;5.106486486;9.33;7.551621622;7.496756757;21.72945946;7.53027027;25.66567568;5.057837838;15.57675676,0.378023757;0.2839281746;0.15206399;0.07655365156;0.2372020532;0.1627883503;0.1742417254;0.3923629683;0.176225642;0.3981103913;0.06124435695;0.3906455739,0.04621621622;0.08594594595;0.1359459459;0.1762162162;0.09594594595;0.1278378378;0.1243243243;0.03324324324;0.1189189189;0.02945945946;0.1810810811;0.04837837838,23.99583358;21.92197508;3.529441862;0.328976203;9.264060292;6.759819174;5.494222396;23.97683136;4.475810535;23.99999934;0.2710575607;23.99901395,8.0
Perfect-AoI Bayes-Safe,4,3,549.24,23.208108108108107,22.540824324324323,47.0,72.0,63.03108108108108,0.07385135135135135,0.021261261261261263,0.08333333333333333,0.03432432432432433,0.6358437130523247,40.0,146.0,0.16891891891891891,1875,11100,0.31651569852881833,0.3975515265929991,23.999775462680514,0.4064864864864865,True,True,0.2469621281;0.8215561338;0.8932287906;0.3220866759;0.225348274;0.2465631425;0.4834834838;0.2778755806;0.2645088005;0.3014458345;0.9387067142;0.2969367479,1.836175919;0.5080937316;0.4222105672;1.429873819;2.006740312;1.839030251;0.9755450403;1.641436133;1.719737046;1.520828652;0.3585144156;1.542388958,17.26918919;6.105405405;4.768108108;13.09594595;21.99486486;19.87297297;9.92972973;17.4772973;23.20810811;17.87405405;4.711621622;17.52621622,0.3955222182;0.1425408901;0.1126275216;0.3941814312;0.3975515266;0.3906696695;0.3264120973;0.3855156755;0.3904267888;0.3871947541;0.08953170812;0.3860141015,0.04324324324;0.1667567568;0.2059459459;0.05675675676;0.03432432432;0.03864864865;0.09054054054;0.0427027027;0.03432432432;0.0472972973;0.1937837838;0.04567567568,23.99434167;2.886155826;0.7553690757;23.99608902;23.99977546;23.9956318;23.98597266;23.99058221;23.9987162;23.99126408;0.3585144156;23.99396233,8.0
Perfect-AoI Bayes-Safe,4,4,504.51405405405404,22.452972972972972,22.004797297297294,40.0,66.0,55.91936936936937,0.04790540540540541,0.014211711711711712,0.0699099099099099,0.03216216216216216,0.8637898821242733,38.0,125.0,0.05387387387387387,598,11100,0.28105729993169043,0.38972718092937414,23.99793309742025,0.4064864864864865,True,True,0.662118963;0.6741961796;0.3640876;0.2460798207;0.2372011855;0.4128728207;0.5024050881;0.4159209977;0.2309431598;0.4380235493;0.7287104513;0.5641011845,0.6966749552;0.6813572012;1.27608378;1.842501298;1.908996959;1.13470463;0.9393093506;1.126874486;1.959226317;1.072981387;0.6151471375;0.8344446437,8.547837838;8.304864865;14.18972973;19.23972973;21.63810811;12.44648649;11.06135135;12.07621622;22.45297297;14.27324324;8.033783784;9.620540541,0.1909265958;0.172733258;0.3076396573;0.3759698594;0.3735442698;0.3299843736;0.2701149051;0.285982471;0.3897271809;0.2940548991;0.1607695357;0.2212405934,0.1037837838;0.11;0.0572972973;0.03783783784;0.03486486486;0.06378378378;0.07756756757;0.06324324324;0.03216216216;0.05756756757;0.1162162162;0.08459459459,7.120198925;6.027144024;23.80418902;23.99003634;23.9979331;23.88639172;16.85789922;23.94810496;23.98452634;19.95434856;5.563531299;10.06111609,8.0
Perfect-AoI Bayes-Safe,4,5,431.21027027027026,23.912972972972973,21.33659459459459,36.0,63.0,53.16126126126126,0.037454954954954954,0.011171171171171172,0.09738738738738738,0.03567567567567568,0.763345519441431,31.0,207.0,0.06846846846846846,760,11100,0.2546528877917639,0.3833296945775947,23.998550003364972,0.4064864864864865,True,True,0.9411489522;0.4821824971;0.3825098869;0.7544254172;0.3523107703;0.8677360717;0.95;0.2189202535;0.8265150398;0.3376263363;0.2625732011;0.2699141276,0.3546353857;0.9781203331;1.218803669;0.5851252029;1.315645181;0.4538598372;0.2241414152;2.064668323;0.5023771293;1.368663091;1.731770293;1.687095206,5.31027027;10.66108108;12.16918919;7.13027027;12.93378378;6.035135135;4.898648649;23.91297297;6.168918919;12.48594595;19.22864865;17.04405405,0.07945749587;0.2934360999;0.3458767169;0.1556116756;0.3619802146;0.1115023222;0.05118905294;0.3822426489;0.1361849353;0.3765673046;0.3833296946;0.3784564921,0.1735135135;0.07945945946;0.06189189189;0.1375675676;0.05864864865;0.1545945946;0.1797297297;0.03567567568;0.1497297297;0.05837837838;0.03648648649;0.04297297297,0.3546353857;18.41849799;23.94190087;4.257879666;23.99855;1.261757396;0.2241414152;23.99272794;3.061805361;23.99347444;23.99578578;23.99661576,8.0
Perfect-AoI Bayes-Safe,4,6,317.1121621621622,14.60108108108108,14.532405405405404,27.0,44.0,37.527477477477476,0.014144144144144144,0.0018693693693693694,0.11810810810810811,0.04945945945945946,0.8547023720722063,25.0,83.0,0.012792792792792792,142,11100,0.18099521016938838,0.3568341189515767,23.997738619402597,0.4064864864864865,True,True,0.6600953202;0.4082536129;0.95;0.8542797728;0.5796663152;0.95;0.7238759829;0.298421524;0.95;0.3698913443;0.95;0.5870736138,0.6992694381;1.146768836;0.2551559305;0.4699577518;0.8105930222;0.2156180293;0.6208604762;1.535216558;0.2628816135;1.257463669;0.2571157349;0.7995478023,8.122162162;13.30108108;4.842702703;6.481351351;9.556486486;5.012972973;8.487027027;14.47621622;4.640810811;14.60108108;5.014324324;9.378108108,0.208646881;0.3307033374;0.05337586222;0.1172354067;0.2252134127;0.04627046358;0.147328513;0.356834119;0.05612877693;0.3432535961;0.0557315728;0.2312205807,0.1094594595;0.05891891892;0.1781081081;0.1491891892;0.08540540541;0.1740540541;0.1091891892;0.04945945946;0.1794594595;0.05189189189;0.1716216216;0.1005405405,10.86274134;19.89813531;0.2551559305;1.799155036;11.07541858;0.2156180293;4.375488572;23.99773862;0.2628816135;23.98295859;0.2571157349;11.98688627,8.0
Perfect-AoI Bayes-Safe,4,7,367.12432432432433,26.857027027027026,22.28979729729729,36.0,69.0,55.56846846846847,0.038806306306306305,0.015045045045045046,0.12984234234234235,0.02837837837837838,0.7951787681839538,23.0,131.0,0.08126126126126126,902,11100,0.197374841171066,0.3951925259469936,23.998703695244988,0.4064864864864865,True,True,0.95;0.8194645516;0.5139536145;0.1957148488;0.2668165055;0.95;0.9166527097;0.2817874583;0.4060368001;0.95;0.95;0.8957240492,0.2129344738;0.5105004868;0.9182376412;2.309972111;1.705631049;0.2143947682;0.3910280632;1.619983796;1.152645744;0.2643493157;0.2202876177;0.4190042049,4.877297297;5.231081081;10.41081081;26.85702703;18.55297297;4.832432432;5.006756757;18.37540541;11.0672973;4.767567568;4.534324324;5.198378378,0.05006837628;0.1284529603;0.2963177686;0.3951925259;0.3821535512;0.05197624515;0.1012445634;0.3809151088;0.3535818701;0.06451552218;0.05411930933;0.1099602927,0.187027027;0.1643243243;0.0827027027;0.02837837838;0.04135135135;0.1902702703;0.1835135135;0.04378378378;0.07378378378;0.1881081081;0.1972972973;0.1775675676,0.2129344738;2.941511197;11.40122811;23.99665327;23.99844559;0.2143947682;0.3910280632;23.9987037;23.96376699;0.2643493157;0.2202876177;0.9701261484,8.0
Perfect-AoI Bayes-Safe,4,8,409.1756756756757,23.807297297297296,21.935959459459458,37.0,62.0,52.240990990990994,0.039009009009009006,0.01126126126126126,0.11324324324324325,0.02810810810810811,0.7554184051508378,28.0,116.0,0.07936936936936936,881,11100,0.232137694726275,0.3984015987212898,23.998847492736548,0.4064864864864865,True,True,0.924502767;0.7675714746;0.2938168902;0.223720696;0.8564804989;0.95;0.4732619221;0.198994158;0.3554966144;0.365156396;0.95;0.8950142286,0.3798996382;0.5699618165;1.557699888;2.021057334;0.4673466129;0.2347890628;0.9960890923;2.271318822;1.304697623;1.272612991;0.2590903055;0.4199186836,4.709459459;7.038378378;14.55324324;20.40486486;5.659459459;4.465135135;10.66675676;23.8072973;14.00297297;13.64864865;4.698918919;4.97027027,0.0924080201;0.163440402;0.3826889726;0.3916481375;0.1173418928;0.05780887466;0.2955961685;0.3984015987;0.3519157371;0.3594271825;0.06239174653;0.1125836038,0.1824324324;0.1405405405;0.04702702703;0.03675675676;0.1616216216;0.1910810811;0.08;0.02810810811;0.05486486486;0.06108108108;0.1943243243;0.1810810811,0.3798996382;4.988969047;23.99708626;23.98010421;1.544892418;0.2347890628;15.92232556;23.99884749;23.99730015;23.95929364;0.2590903055;0.7983736724,8.0
Perfect-AoI Bayes-Safe,4,9,517.7932432432433,27.68945945945946,25.772189189189188,46.0,78.0,64.01576576576576,0.06538288288288288,0.02373873873873874,0.09975225225225226,0.02918918918918919,0.7024932082198984,33.0,129.0,0.15900900900900902,1765,11100,0.26130057575430116,0.39762633613232806,23.998222243977338,0.4064864864864865,True,True,0.3257577326;0.6871221964;0.2523803769;0.1963495047;0.5437054116;0.2493362779;0.95;0.4363495231;0.95;0.6652629851;0.95;0.2127973752,1.414897118;0.6652565043;1.798374164;2.302374716;0.8671448273;1.819394726;0.209506079;1.076896197;0.2790122724;0.6926602831;0.247425482;2.123503268,15.4627027;7.699459459;21.26756757;27.68945946;9.973783784;19.70378378;4.288108108;9.703513514;4.704324324;7.188378378;4.421081081;24.20351351,0.3697852737;0.1859122231;0.3825190452;0.3976263361;0.2739708927;0.3963330133;0.04948873325;0.3274346544;0.06854652854;0.2287650989;0.0586465264;0.3965785833,0.04783783784;0.1216216216;0.03567567568;0.02918918919;0.08783783784;0.03783783784;0.2021621622;0.07864864865;0.1913513514;0.1345945946;0.1967567568;0.03351351351,23.99810689;8.092438624;23.98376384;23.99736337;17.15867585;23.98815414;0.209506079;20.06032886;0.2790122724;8.194487926;0.247425482;23.99822224,8.0
Perfect-AoI Bayes-Safe,8,0,400.02,22.17081081081081,20.148148648648643,35.0,62.0,51.685135135135134,0.03432432432432433,0.010675675675675676,0.11475225225225226,0.03486486486486486,0.7884551554450948,27.0,160.0,0.0990990990990991,1100,11100,0.22101077632710883,0.39786856078438243,23.998791846483257,0.4064864864864865,True,True,0.95;0.2315765095;0.95;0.8081176242;0.6281327393;0.795200025;0.3394136806;0.9476946562;0.5005847781;0.95;0.23436609;0.2528380647,0.3369544871;1.95400716;0.2191119648;0.5235225351;0.7414402559;0.5383055036;1.361973486;0.3438720469;0.9427001774;0.2738400263;1.931388168;1.795260579,4.788108108;22.17081081;5.205675676;6.075675676;8.97;6.475405405;14.29972973;5.201081081;10.38783784;4.805135135;18.49324324;18.26297297,0.08177976471;0.3892171018;0.05335672439;0.1388042181;0.2196266272;0.1517439568;0.3938680082;0.07974113952;0.296823164;0.05780244879;0.3914976017;0.3978685608,0.1848648649;0.03486486486;0.1797297297;0.1572972973;0.09945945946;0.1513513514;0.05351351351;0.1710810811;0.08054054054;0.1821621622;0.04054054054;0.04162162162,0.3369544871;23.99862288;0.2191119648;3.858630984;15.70625177;4.410859605;23.99879185;0.3438720469;19.12182378;0.2738400263;23.99858589;23.99429846,8.0
Perfect-AoI Bayes-Safe,8,1,510.74891891891895,25.044054054054055,24.00039189189189,47.0,77.0,65.25675675675676,0.07006756756756757,0.02554054054054054,0.100990990990991,0.02918918918918919,0.6367486645106287,35.0,146.0,0.18135135135135136,2013,11100,0.27931740176599756,0.3988355748713061,23.998742767051652,0.4064864864864865,True,True,0.5605092249;0.2181252996;0.2316669551;0.3707979081;0.95;0.95;0.2020086086;0.95;0.325972712;0.8362721814;0.2993435181;0.2334007936,0.8400796556;2.072097608;1.953264399;1.254604531;0.2976063768;0.2276934429;2.237061952;0.2579608484;1.414030367;0.4910760745;1.530799061;1.939147999,9.404054054;23.14648649;22.1527027;12.96972973;4.238648649;3.91972973;25.04405405;4.424864865;15.56351351;6.328918919;14.02027027;22.15216216,0.2772262864;0.3948185984;0.3906528797;0.3743468654;0.0780211312;0.06116953575;0.3942065926;0.06358386317;0.3882850953;0.1450665269;0.3855958715;0.3988355749,0.09162162162;0.03459459459;0.03594594595;0.06378378378;0.2127027027;0.2302702703;0.02918918919;0.2108108108;0.05135135135;0.1651351351;0.04837837838;0.03810810811,14.04246932;23.99874277;23.99586392;23.96966215;0.2976063768;0.2276934429;23.99338223;0.2579608484;23.99615604;2.641206161;23.98634551;23.99511572,8.0
Perfect-AoI Bayes-Safe,8,2,426.1283783783784,25.283243243243245,23.592959459459458,37.0,64.0,53.31351351351351,0.0404054054054054,0.012117117117117117,0.09975225225225225,0.028648648648648647,0.7932576877007301,30.0,111.0,0.09387387387387387,1042,11100,0.24016387350535842,0.39938028089415767,23.99999966755999,0.4064864864864865,True,True,0.2983974043;0.4720337023;0.7619171253;0.95;0.6042558466;0.7527600943;0.6803453125;0.2438339011;0.7053294905;0.1925045361;0.95;0.2931742638,1.535332493;0.9986066978;0.5764720931;0.328976203;0.7746227687;0.5870535051;0.6736618433;1.858825842;0.6430324214;2.34929577;0.2710575607;1.560894842,14.81432432;9.375405405;6.904054054;5.050540541;8.897297297;7.440540541;7.444324324;22.21;7.334324324;25.28324324;5.044594595;16.09513514,0.3809284401;0.2788001943;0.1475456952;0.0755756142;0.2395049858;0.1632643397;0.1780652116;0.3913581976;0.1809180407;0.3993802809;0.06146413335;0.3851613488,0.0472972973;0.08459459459;0.1313513514;0.1794594595;0.09432432432;0.1281081081;0.1213513514;0.03243243243;0.1235135135;0.02864864865;0.18;0.04594594595,23.99791679;20.12336838;4.105913955;0.328976203;11.83566521;6.946872679;5.74689871;23.97687067;5.017616007;23.99999967;0.2710575607;23.99901395,8.0
Perfect-AoI Bayes-Safe,8,3,528.7894594594594,20.85054054054054,20.36431081081081,45.0,68.0,58.93468468468468,0.0656081081081081,0.017027027027027027,0.08288288288288288,0.03567567567567568,0.6498237629433086,39.0,121.0,0.17621621621621622,1956,11100,0.31661256791828724,0.3988188597949532,23.99977546268078,0.4064864864864865,True,True,0.2469621281;0.8215561338;0.8932287906;0.3220866759;0.225348274;0.2465631425;0.4834834838;0.2778755806;0.2645088005;0.3014458345;0.9387067142;0.2969367479,1.836175919;0.5080937316;0.4222105672;1.429873819;2.006740312;1.839030251;0.9755450403;1.641436133;1.719737046;1.520828652;0.3585144156;1.542388958,18.58027027;6.157567568;4.855405405;12.76594595;19.38324324;20.85054054;10.06837838;15.44972973;19.96648649;17.04054054;4.643783784;16.4772973,0.3910558443;0.1459739559;0.1101170804;0.3988188598;0.3953820776;0.3876874582;0.316392986;0.387290201;0.3955395205;0.3888388932;0.09040377021;0.3918501678,0.04162162162;0.1618918919;0.2005405405;0.05918918919;0.03567567568;0.03621621622;0.08189189189;0.04864864865;0.03891891892;0.04810810811;0.1932432432;0.04864864865,23.99174042;2.778062094;0.7331585085;23.99608902;23.99977546;23.98593431;23.97725201;23.99058221;23.99345712;23.99495795;0.3585144156;23.99585942,8.0
Perfect-AoI Bayes-Safe,8,4,526.0759459459459,24.800540540540542,23.837594594594595,40.0,70.0,58.52657657657657,0.04943693693693694,0.016171171171171173,0.06873873873873874,0.031621621621621625,0.860670921463662,38.0,130.0,0.07855855855855856,872,11100,0.2811550030028181,0.38549101591927226,23.99793309742025,0.4064864864864865,True,True,0.662118963;0.6741961796;0.3640876;0.2460798207;0.2372011855;0.4128728207;0.5024050881;0.4159209977;0.2309431598;0.4380235493;0.7287104513;0.5641011845,0.6966749552;0.6813572012;1.27608378;1.842501298;1.908996959;1.13470463;0.9393093506;1.126874486;1.959226317;1.072981387;0.6151471375;0.8344446437,8.052432432;8.185405405;14.08135135;19.55054054;23.04972973;12.33648649;11.18324324;11.84783784;24.80054054;13.3727027;7.852162162;9.611081081,0.1897968527;0.1756796676;0.3110885324;0.379953646;0.3797356113;0.3229308043;0.2767154573;0.2823277429;0.3854910159;0.2926049243;0.1619333275;0.2156024539,0.1043243243;0.1075675676;0.05486486486;0.03621621622;0.03405405405;0.06108108108;0.07540540541;0.0627027027;0.03162162162;0.05891891892;0.1148648649;0.08324324324,7.81687388;6.871215628;23.99551877;23.98007268;23.9979331;23.75580098;22.18751064;23.94810496;23.99435271;23.94658544;6.669561262;11.03333931,8.0
Perfect-AoI Bayes-Safe,8,5,441.9372972972973,24.431621621621623,21.39116216216216,38.0,66.0,55.1036036036036,0.04265765765765766,0.013581081081081081,0.09513513513513515,0.035405405405405405,0.7621195547987686,31.0,140.0,0.07837837837837838,870,11100,0.2544732963306402,0.38503274125710363,23.99744594244593,0.4064864864864865,True,True,0.9411489522;0.4821824971;0.3825098869;0.7544254172;0.3523107703;0.8677360717;0.95;0.2189202535;0.8265150398;0.3376263363;0.2625732011;0.2699141276,0.3546353857;0.9781203331;1.218803669;0.5851252029;1.315645181;0.4538598372;0.2241414152;2.064668323;0.5023771293;1.368663091;1.731770293;1.687095206,5.292162162;10.46540541;12.36243243;7.275135135;12.64810811;6.299189189;4.76972973;24.43162162;6.260540541;14.36756757;18.90351351;17.57756757,0.07964919067;0.2873558925;0.3429120593;0.1552953917;0.3609134753;0.1101530091;0.05282467948;0.3850327413;0.1367280457;0.3769372136;0.3828616486;0.3830162088,0.1721621622;0.07837837838;0.06216216216;0.1332432432;0.05810810811;0.1464864865;0.1805405405;0.03540540541;0.1432432432;0.05216216216;0.03810810811;0.04162162162,0.3546353857;18.94669299;23.99662376;4.843004869;23.97000121;2.015795117;0.2241414152;23.99744594;3.061805361;23.99347444;23.98640754;23.99661576,8.0
Perfect-AoI Bayes-Safe,8,6,319.655945945946,14.615945945945946,14.18962162162162,27.0,43.0,36.733783783783785,0.012792792792792792,0.0015765765765765765,0.11639639639639639,0.047027027027027025,0.8488521839994039,25.0,85.0,0.012252252252252252,136,11100,0.18136518305173757,0.358078889133966,23.997738619402725,0.4064864864864865,True,True,0.6600953202;0.4082536129;0.95;0.8542797728;0.5796663152;0.95;0.7238759829;0.298421524;0.95;0.3698913443;0.95;0.5870736138,0.6992694381;1.146768836;0.2551559305;0.4699577518;0.8105930222;0.2156180293;0.6208604762;1.535216558;0.2628816135;1.257463669;0.2571157349;0.7995478023,8.274864865;13.34351351;4.882702703;6.177297297;9.274324324;4.935675676;8.588918919;14.61594595;4.662702703;13.84081081;4.9;9.768918919,0.1954174592;0.3449604635;0.05399651178;0.1192676565;0.2243370959;0.04586253758;0.1495099147;0.3580788891;0.05548933517;0.3486912768;0.0573298598;0.2234411967,0.1013513514;0.05621621622;0.1764864865;0.1483783784;0.08513513514;0.1743243243;0.1072972973;0.04702702703;0.1767567568;0.05459459459;0.1740540541;0.09513513514,10.37369977;23.65936135;0.2551559305;2.708605809;11.56016276;0.2156180293;7.109256192;23.99773862;0.2628816135;23.96050178;0.2571157349;11.98688627,8.0
Perfect-AoI Bayes-Safe,8,7,353.39,25.74135135135135,20.763702702702695,34.0,60.0,50.086486486486486,0.033693693693693696,0.009752252252252252,0.13002252252252253,0.031081081081081083,0.7969995822675993,23.0,110.0,0.08189189189189189,909,11100,0.1974999356644238,0.3958168427336397,23.999027771433685,0.4064864864864865,True,True,0.95;0.8194645516;0.5139536145;0.1957148488;0.2668165055;0.95;0.9166527097;0.2817874583;0.4060368001;0.95;0.95;0.8957240492,0.2129344738;0.5105004868;0.9182376412;2.309972111;1.705631049;0.2143947682;0.3910280632;1.619983796;1.152645744;0.2643493157;0.2202876177;0.4190042049,4.842432432;5.457297297;10.21486486;25.74135135;16.69108108;4.706486486;5.186216216;16.34783784;11.15783784;4.617027027;4.68;5.017837838,0.05006837628;0.1288668796;0.305500145;0.3958168427;0.3835364953;0.05180241156;0.1008218304;0.3817907758;0.3445476197;0.06451552218;0.0543574581;0.1083748714,0.1886486486;0.1591891892;0.08513513514;0.03108108108;0.04297297297;0.1902702703;0.1789189189;0.04567567568;0.06783783784;0.1935135135;0.1964864865;0.1805405405,0.2129344738;2.941511197;16.46782309;23.99888442;23.99145566;0.2143947682;0.3910280632;23.99902777;23.56376699;0.2643493157;0.2202876177;0.8941093286,8.0
Perfect-AoI Bayes-Safe,8,8,416.6454054054054,25.435675675675675,22.991445945945944,37.0,68.0,55.34279279279279,0.040945945945945944,0.014301801801801801,0.11315315315315315,0.02945945945945946,0.7512564507169156,27.0,131.0,0.09405405405405405,1044,11100,0.2325418253802806,0.39778772876948504,23.99994577503579,0.4064864864864865,True,True,0.924502767;0.7675714746;0.2938168902;0.223720696;0.8564804989;0.95;0.4732619221;0.198994158;0.3554966144;0.365156396;0.95;0.8950142286,0.3798996382;0.5699618165;1.557699888;2.021057334;0.4673466129;0.2347890628;0.9960890923;2.271318822;1.304697623;1.272612991;0.2590903055;0.4199186836,4.750540541;7.005405405;14.77675676;20.99162162;5.652162162;4.563513514;10.36243243;25.43567568;13.16216216;14.27918919;4.537837838;4.817837838,0.0924080201;0.1643646644;0.3847939724;0.3932868326;0.1177208225;0.05742813564;0.2950577419;0.3977877288;0.3505052532;0.3635545759;0.06169150246;0.1119026546,0.1827027027;0.1362162162;0.04675675676;0.03675675676;0.1643243243;0.1916216216;0.07972972973;0.02945945946;0.05486486486;0.05648648649;0.1967567568;0.1821621622,0.3798996382;4.988969047;23.99259576;23.98010421;1.746932257;0.2347890628;17.28658368;23.99884749;23.99994578;23.99622869;0.2590903055;0.8382110396,8.0
Perfect-AoI Bayes-Safe,8,9,527.4837837837838,28.14135135135135,25.65059459459459,46.0,81.0,66.78018018018018,0.06585585585585585,0.02545045045045045,0.09858108108108106,0.02810810810810811,0.6963054625482644,31.0,144.0,0.18216216216216216,2022,11100,0.2610601370211565,0.398300342755641,23.998222243977466,0.4064864864864865,True,True,0.3257577326;0.6871221964;0.2523803769;0.1963495047;0.5437054116;0.2493362779;0.95;0.4363495231;0.95;0.6652629851;0.95;0.2127973752,1.414897118;0.6652565043;1.798374164;2.302374716;0.8671448273;1.819394726;0.209506079;1.076896197;0.2790122724;0.6926602831;0.247425482;2.123503268,15.97081081;7.561351351;19.90027027;28.14135135;9.112972973;22.07918919;4.37027027;9.792162162;4.669189189;8.030540541;4.351081081;23.6127027,0.376668557;0.1905869985;0.3859213747;0.3970040727;0.2718616215;0.3963330133;0.04954535651;0.3160835864;0.06884816343;0.2207152632;0.06085329421;0.3983003428,0.04810810811;0.1197297297;0.03837837838;0.02810810811;0.08810810811;0.03783783784;0.2024324324;0.07567567568;0.1910810811;0.1194594595;0.2021621622;0.03189189189,23.99810689;8.092438624;23.99679272;23.99736337;15.49153102;23.99407707;0.209506079;19.41377181;0.2790122724;8.487148209;0.247425482;23.99822224,8.0
Conservative-AoI Bayes-Safe,2,0,578.8627027027027,32.351621621621625,31.0835,55.0,94.0,78.12792792792793,0.09216216216216216,0.041283783783783785,0.1446171171171171,0.03216216216216216,0.7640839782113265,30.0,165.0,0.02990990990990991,332,11100,0.2074100430154098,0.3891348606696033,23.98050117101653,0.4064864864864865,True,True,0.95;0.2315765095;0.95;0.8081176242;0.6281327393;0.795200025;0.3394136806;0.9476946562;0.5005847781;0.95;0.23436609;0.2528380647,0.3369544871;1.95400716;0.2191119648;0.5235225351;0.7414402559;0.5383055036;1.361973486;0.3438720469;0.9427001774;0.2738400263;1.931388168;1.795260579,6.428378378;32.35162162;6.890810811;9.418918919;11.38324324;9.030540541;20.99945946;6.920810811;20.27783784;7.68;30.04594595;24.99513514,0.09534901298;0.3575304992;0.06336481143;0.1414925771;0.1949787484;0.1531988366;0.3279779395;0.09293839105;0.2303245839;0.07201252583;0.3706177296;0.3891348607,0.2337837838;0.03216216216;0.2332432432;0.2005405405;0.1440540541;0.1967567568;0.06783783784;0.227027027;0.08459459459;0.2267567568;0.04;0.04864864865,0.3369544871;23.98050117;0.2191119648;1.758747886;5.804484351;2.474582554;23.93670083;0.3438720469;14.93830515;0.2738400263;23.97524391;23.96776838,14.0
Conservative-AoI Bayes-Safe,2,1,739.4270270270271,37.95243243243243,34.49858108108108,68.0,116.0,91.82432432432432,0.14301801801801803,0.06558558558558558,0.12261261261261264,0.025945945945945945,0.6114148400843028,37.0,214.0,0.08063063063063063,895,11100,0.2658358777512529,0.39673919865647655,23.997954114979017,0.4064864864864865,True,True,0.5605092249;0.2181252996;0.2316669551;0.3707979081;0.95;0.95;0.2020086086;0.95;0.325972712;0.8362721814;0.2993435181;0.2334007936,0.8400796556;2.072097608;1.953264399;1.254604531;0.2976063768;0.2276934429;2.237061952;0.2579608484;1.414030367;0.4910760745;1.530799061;1.939147999,12.85540541;31.6727027;29.29432432;23.11675676;5.942432432;6.827567568;37.95243243;6.234324324;18.19756757;7.547837838;25.76594595;30.67810811,0.2404444204;0.375217675;0.3705923265;0.3292489188;0.08960364965;0.07224651406;0.3796959205;0.07752769282;0.3538897621;0.1498445644;0.3549798902;0.3967391987,0.1332432432;0.03405405405;0.03810810811;0.06216216216;0.2578378378;0.2705405405;0.02594594595;0.2648648649;0.06108108108;0.2281081081;0.05081081081;0.04459459459,15.52382347;23.99795411;23.99036915;23.94799483;0.2976063768;0.2276934429;23.98800058;0.2579608484;23.99285027;1.366141118;23.93917745;23.9853838,14.0
Conservative-AoI Bayes-Safe,2,2,636.8002702702703,35.65,30.211094594594584,57.0,98.0,80.03648648648648,0.10150900900900901,0.04274774774774775,0.1254054054054054,0.0327027027027027,0.7627320698835686,35.0,168.0,0.04504504504504504,500,11100,0.23106314142981343,0.38604644003759564,23.988732319450108,0.4064864864864865,True,True,0.2983974043;0.4720337023;0.7619171253;0.95;0.6042558466;0.7527600943;0.6803453125;0.2438339011;0.7053294905;0.1925045361;0.95;0.2931742638,1.535332493;0.9986066978;0.5764720931;0.328976203;0.7746227687;0.5870535051;0.6736618433;1.858825842;0.6430324214;2.34929577;0.2710575607;1.560894842,22.44486486;17.5772973;12.18162162;5.941891892;14.13891892;11.48567568;14.59675676;25.76108108;10.62918919;35.65;6.091891892;24.83189189,0.3601807037;0.2488419933;0.1572054978;0.09478071145;0.2104042926;0.1621536979;0.1766086454;0.3682484709;0.1748353016;0.38604644;0.07655544619;0.3568964962,0.05351351351;0.09216216216;0.1627027027;0.2432432432;0.1283783784;0.1683783784;0.1275675676;0.04432432432;0.1594594595;0.0327027027;0.2413513514;0.05108108108,23.91864481;14.15959424;3.258858142;0.328976203;10.3117969;5.159819174;7.8098553;23.97651684;4.860648428;23.98873232;0.2710575607;23.98774009,14.0
Conservative-AoI Bayes-Safe,2,3,758.9832432432432,31.000810810810812,29.401797297297296,65.0,104.0,86.11306306306307,0.1376801801801802,0.05907657657657658,0.10472972972972973,0.03648648648648649,0.6287594713029204,42.0,194.0,0.08288288288288288,920,11100,0.3061358828098496,0.38956705300924305,23.997678383697348,0.4064864864864865,True,True,0.2469621281;0.8215561338;0.8932287906;0.3220866759;0.225348274;0.2465631425;0.4834834838;0.2778755806;0.2645088005;0.3014458345;0.9387067142;0.2969367479,1.836175919;0.5080937316;0.4222105672;1.429873819;2.006740312;1.839030251;0.9755450403;1.641436133;1.719737046;1.520828652;0.3585144156;1.542388958,25.31540541;7.843513514;6.448918919;20.90135135;31.00081081;26.91567568;16.63783784;20.50027027;27.20027027;28.09351351;5.943783784;20.53432432,0.389567053;0.1554492173;0.1323687184;0.3845201216;0.3818230214;0.3732734374;0.2887085998;0.3717631025;0.3806661191;0.3522567986;0.1076512205;0.3555831842,0.04621621622;0.2162162162;0.2535135135;0.07162162162;0.03648648649;0.04081081081;0.1040540541;0.06486486486;0.05351351351;0.05837837838;0.2513513514;0.05972972973,23.97935105;2.269968363;0.688737374;23.98583603;23.99767838;23.99078305;23.95715738;23.98893437;23.99211138;23.99126408;0.3585144156;23.96067251,14.0
Conservative-AoI Bayes-Safe,2,4,680.3991891891892,26.736216216216217,26.500756756756758,55.0,89.0,75.39954954954955,0.11177927927927928,0.03844594594594595,0.09756756756756757,0.03783783783783784,0.824991374753508,44.0,155.0,0.04009009009009009,445,11100,0.2782217077324786,0.3817843715354331,23.99793309742024,0.4064864864864865,True,True,0.662118963;0.6741961796;0.3640876;0.2460798207;0.2372011855;0.4128728207;0.5024050881;0.4159209977;0.2309431598;0.4380235493;0.7287104513;0.5641011845,0.6966749552;0.6813572012;1.27608378;1.842501298;1.908996959;1.13470463;0.9393093506;1.126874486;1.959226317;1.072981387;0.6151471375;0.8344446437,12.27378378;10.75486486;20.22432432;26.30810811;26.73621622;19.31567568;14.77783784;21.31135135;25.53675676;18.29;10.53459459;13.06108108,0.1992113791;0.195936233;0.295223707;0.3769658061;0.3761239954;0.3014634194;0.2482823094;0.2698407554;0.3817843715;0.28535505;0.1725737105;0.235899756,0.1389189189;0.1654054054;0.06594594595;0.04918918919;0.04486486486;0.08540540541;0.1097297297;0.07621621622;0.03783783784;0.09486486486;0.1805405405;0.1218918919,6.82352397;7.03393003;23.86293231;23.99003634;23.9979331;23.86993615;10.14342441;23.94810496;23.98452634;15.52205075;2.98176565;9.523337518,14.0
Conservative-AoI Bayes-Safe,2,5,631.1902702702703,28.98135135135135,28.13405405405405,54.0,87.0,73.68963963963964,0.0986936936936937,0.03578828828828829,0.1252252252252252,0.03864864864864865,0.739005095122857,36.0,172.0,0.026126126126126126,290,11100,0.24230023441619708,0.3721983165485335,23.989839113151703,0.4064864864864865,True,True,0.9411489522;0.4821824971;0.3825098869;0.7544254172;0.3523107703;0.8677360717;0.95;0.2189202535;0.8265150398;0.3376263363;0.2625732011;0.2699141276,0.3546353857;0.9781203331;1.218803669;0.5851252029;1.315645181;0.4538598372;0.2241414152;2.064668323;0.5023771293;1.368663091;1.731770293;1.687095206,7.39027027;15.90459459;17.85189189;10.12189189;18.51378378;8.139459459;7.142702703;27.44081081;10.09297297;21.79891892;24.96405405;28.98135135,0.09929790798;0.2662073447;0.3040421045;0.1581419467;0.3370896301;0.1214381727;0.06409232901;0.3721983165;0.1393078202;0.3355074119;0.3486942887;0.36158554,0.2302702703;0.1045945946;0.07918918919;0.1845945946;0.08189189189;0.2005405405;0.2378378378;0.03864864865;0.1937837838;0.06027027027;0.04756756757;0.04351351351,0.3546353857;12.85609133;23.76411007;3.243004869;23.96855121;0.9924582096;0.2241414152;23.97346581;1.321394163;23.98983911;23.96717615;23.97090343,14.0
Conservative-AoI Bayes-Safe,2,6,469.36,24.657027027027027,22.32012162162162,42.0,68.0,58.144594594594594,0.05542792792792793,0.016824324324324326,0.15346846846846848,0.05,0.841622492475705,28.0,123.0,0.002972972972972973,33,11100,0.1660033981672552,0.32405517081532537,23.956010417350445,0.4064864864864865,True,True,0.6600953202;0.4082536129;0.95;0.8542797728;0.5796663152;0.95;0.7238759829;0.298421524;0.95;0.3698913443;0.95;0.5870736138,0.6992694381;1.146768836;0.2551559305;0.4699577518;0.8105930222;0.2156180293;0.6208604762;1.535216558;0.2628816135;1.257463669;0.2571157349;0.7995478023,12.21891892;20.22162162;7.682972973;7.858648649;12.27162162;6.584864865;12.20837838;24.65702703;6.140540541;20.40810811;6.965675676;14.32324324,0.1852119052;0.2780139584;0.06806456849;0.1248563432;0.1947614045;0.05844996848;0.144643711;0.3240551708;0.07062279022;0.2810601227;0.06997717433;0.1923236606,0.1497297297;0.07;0.232972973;0.2048648649;0.1232432432;0.2251351351;0.1413513514;0.05;0.2324324324;0.06810810811;0.2272972973;0.1164864865,6.779544267;20.2433716;0.2551559305;1.309450773;7.833046489;0.2156180293;5.479790954;23.93822921;0.2628816135;23.95601042;0.2571157349;5.993217035,14.0
Conservative-AoI Bayes-Safe,2,7,508.81216216216217,32.23135135135135,29.70239189189189,50.0,84.0,70.3990990990991,0.0759009009009009,0.030698198198198197,0.15754504504504505,0.035405405405405405,0.7813541465659304,28.0,156.0,0.0290990990990991,323,11100,0.18353785680927026,0.3852034573606554,23.999027771433543,0.4064864864864865,True,True,0.95;0.8194645516;0.5139536145;0.1957148488;0.2668165055;0.95;0.9166527097;0.2817874583;0.4060368001;0.95;0.95;0.8957240492,0.2129344738;0.5105004868;0.9182376412;2.309972111;1.705631049;0.2143947682;0.3910280632;1.619983796;1.152645744;0.2643493157;0.2202876177;0.4190042049,7.256756757;8.711891892;15.61135135;32.23135135;27.63324324;7.912432432;7.744864865;23.65189189;16.44108108;7.200540541;5.746486486;7.422702703,0.0572621085;0.1370072928;0.2546248162;0.3852034574;0.3397432657;0.05811836554;0.1070571427;0.3528937675;0.2607471588;0.07137431523;0.06257359087;0.1158490004,0.2272972973;0.2013513514;0.1048648649;0.03540540541;0.03945945946;0.2289189189;0.227027027;0.05027027027;0.07918918919;0.2224324324;0.2524324324;0.2218918919,0.2129344738;1.615505355;14.77479273;23.99888442;23.96893147;0.2143947682;0.3910280632;23.99902777;12.60556062;0.2643493157;0.2202876177;0.5330294346,14.0
Conservative-AoI Bayes-Safe,2,8,605.45,31.555135135135135,28.284864864864858,54.0,98.0,77.88963963963964,0.0947972972972973,0.03754504504504504,0.13896396396396396,0.03405405405405405,0.7435957116395099,31.0,188.0,0.04135135135135135,459,11100,0.22048234555583512,0.3842825898297804,23.996927006974108,0.4064864864864865,True,True,0.924502767;0.7675714746;0.2938168902;0.223720696;0.8564804989;0.95;0.4732619221;0.198994158;0.3554966144;0.365156396;0.95;0.8950142286,0.3798996382;0.5699618165;1.557699888;2.021057334;0.4673466129;0.2347890628;0.9960890923;2.271318822;1.304697623;1.272612991;0.2590903055;0.4199186836,6.330540541;9.132702703;23.81162162;25.60918919;10.21432432;5.965135135;19.33783784;31.55513514;21.08648649;22.54864865;6.816486486;7.105675676,0.10750133;0.1541977779;0.3422729755;0.3840008935;0.1247941766;0.06720043717;0.250906766;0.3842825898;0.3360477931;0.3006118253;0.07219516349;0.1217764182,0.2321621622;0.182972973;0.05621621622;0.04486486486;0.1832432432;0.2454054054;0.08324324324;0.03405405405;0.07648648649;0.06648648649;0.2302702703;0.2321621622,0.3798996382;2.439541798;23.96959464;23.97921071;1.006119516;0.2347890628;19.02009825;23.99692701;23.95971917;23.99622869;0.2590903055;0.5195121017,14.0
Conservative-AoI Bayes-Safe,2,9,753.4586486486487,38.247567567567565,35.91289189189189,68.0,120.0,94.27207207207208,0.1289189189189189,0.06297297297297297,0.12603603603603605,0.031621621621621625,0.6617532225035879,36.0,223.0,0.08945945945945946,993,11100,0.24813996292995308,0.39428290413995026,23.998431463728323,0.4064864864864865,True,True,0.3257577326;0.6871221964;0.2523803769;0.1963495047;0.5437054116;0.2493362779;0.95;0.4363495231;0.95;0.6652629851;0.95;0.2127973752,1.414897118;0.6652565043;1.798374164;2.302374716;0.8671448273;1.819394726;0.209506079;1.076896197;0.2790122724;0.6926602831;0.247425482;2.123503268,22.43810811;9.992432432;34.0027027;38.24756757;14.55189189;29.80162162;5.502972973;17.24243243;6.573513514;10.57972973;5.858378378;31.72783784,0.3384280944;0.1781808637;0.3587027387;0.3802029599;0.2317854687;0.3761721528;0.06228559104;0.2965830337;0.08423154277;0.201994715;0.07482949036;0.3942829041,0.05783783784;0.1627027027;0.03540540541;0.03162162162;0.1121621622;0.03594594595;0.2627027027;0.08459459459;0.2594594595;0.1710810811;0.2605405405;0.03837837838,23.86181065;4.909360573;23.97073496;23.99736337;9.010041374;23.98913103;0.209506079;23.69136689;0.2790122724;4.497243963;0.247425482;23.99843146,14.0
Conservative-AoI Bayes-Safe,4,0,671.1483783783784,36.91081081081081,34.375162162162155,61.0,103.0,83.6045045045045,0.11693693693693694,0.050518018018018016,0.149481981981982,0.031621621621621625,0.7544820752274473,34.0,196.0,0.025585585585585584,284,11100,0.20226315373220685,0.35274444352469025,23.996204903408536,0.4064864864864865,True,True,0.95;0.2315765095;0.95;0.8081176242;0.6281327393;0.795200025;0.3394136806;0.9476946562;0.5005847781;0.95;0.23436609;0.2528380647,0.3369544871;1.95400716;0.2191119648;0.5235225351;0.7414402559;0.5383055036;1.361973486;0.3438720469;0.9427001774;0.2738400263;1.931388168;1.795260579,7.967567568;36.91081081;8.351351351;12.22324324;14.12243243;10.29351351;24.06918919;8.077837838;22.77081081;9.169189189;32.30054054;27.87891892,0.09944710809;0.3395747577;0.06395700593;0.1474352653;0.1927744665;0.1542172524;0.3265055358;0.09461128209;0.2287958809;0.07526900182;0.3518258447;0.3527444435,0.2478378378;0.03162162162;0.2402702703;0.2086486486;0.1416216216;0.2062162162;0.07486486486;0.2378378378;0.08108108108;0.2381081081;0.04027027027;0.04540540541,0.3369544871;23.99443673;0.2191119648;2.005792957;6.545924607;1.92136054;23.97328413;0.3438720469;14.93830515;0.2738400263;23.96498703;23.9962049,14.0
Conservative-AoI Bayes-Safe,4,1,810.2008108108108,41.023783783783784,36.8249054054054,71.0,110.0,91.47432432432433,0.16486486486486487,0.07560810810810811,0.12817567567567567,0.02810810810810811,0.6132945831291067,41.0,216.0,0.05702702702702703,633,11100,0.26015774453070867,0.37745778056489604,23.992850270777012,0.4064864864864865,True,True,0.5605092249;0.2181252996;0.2316669551;0.3707979081;0.95;0.95;0.2020086086;0.95;0.325972712;0.8362721814;0.2993435181;0.2334007936,0.8400796556;2.072097608;1.953264399;1.254604531;0.2976063768;0.2276934429;2.237061952;0.2579608484;1.414030367;0.4910760745;1.530799061;1.939147999,14.32054054;32.15297297;33.38945946;26.64135135;7.358648649;7.256486486;41.02378378;7.973243243;21.26378378;8.957027027;27.58891892;28.64324324,0.2468017799;0.3774577806;0.3616178684;0.3160247089;0.09193624017;0.07581576262;0.3669990824;0.079967863;0.3462463547;0.1548880484;0.3467053007;0.3574321446,0.1472972973;0.03810810811;0.03648648649;0.06108108108;0.2659459459;0.2851351351;0.02810810811;0.2727027027;0.07243243243;0.2372972973;0.05486486486;0.03864864865,15.92302691;23.98614739;23.99036915;23.9835314;0.2976063768;0.2276934429;23.98665517;0.2579608484;23.99285027;1.857217193;23.9407286;23.9926919,14.0
Conservative-AoI Bayes-Safe,4,2,753.9402702702703,39.80972972972973,34.46581081081081,65.0,107.0,88.09504504504504,0.13702702702702702,0.059481981981981985,0.12934684684684686,0.0372972972972973,0.763238236702453,39.0,169.0,0.035405405405405405,393,11100,0.2291071274473883,0.3796969920106613,23.999999667559923,0.4064864864864865,True,True,0.2983974043;0.4720337023;0.7619171253;0.95;0.6042558466;0.7527600943;0.6803453125;0.2438339011;0.7053294905;0.1925045361;0.95;0.2931742638,1.535332493;0.9986066978;0.5764720931;0.328976203;0.7746227687;0.5870535051;0.6736618433;1.858825842;0.6430324214;2.34929577;0.2710575607;1.560894842,25.03621622;21.41810811;14.08324324;7.475135135;16.16297297;13.73135135;19.50108108;30.09351351;12.04837838;39.80972973;7.393783784;29.54891892,0.3439974693;0.2434441193;0.1573613011;0.09735917358;0.20893879;0.1621536979;0.1735134423;0.3717651684;0.1767470196;0.379696992;0.0803649038;0.3539434519,0.06054054054;0.09513513514;0.1667567568;0.2518918919;0.1348648649;0.1672972973;0.1175675676;0.04918918919;0.1613513514;0.0372972973;0.2578378378;0.05243243243,23.98331232;17.35402103;3.752969769;0.328976203;10.3117969;6.733926184;9.89379742;23.97651684;4.045486321;23.99999967;0.2710575607;23.98774009,14.0
Conservative-AoI Bayes-Safe,4,3,860.5732432432433,34.924594594594595,34.39154054054054,69.0,120.0,92.07567567567567,0.16763513513513514,0.0711036036036036,0.10887387387387389,0.036216216216216214,0.6161468343141034,46.75,212.0,0.07468468468468469,829,11100,0.30193515304748053,0.3741590059220007,23.996086657394617,0.4064864864864865,True,True,0.2469621281;0.8215561338;0.8932287906;0.3220866759;0.225348274;0.2465631425;0.4834834838;0.2778755806;0.2645088005;0.3014458345;0.9387067142;0.2969367479,1.836175919;0.5080937316;0.4222105672;1.429873819;2.006740312;1.839030251;0.9755450403;1.641436133;1.719737046;1.520828652;0.3585144156;1.542388958,26.42189189;9.323783784;7.828918919;22.28486486;34.92459459;30.29567568;18.82216216;22.41783784;33.95540541;29.65972973;7.025675676;24.60081081,0.3721978213;0.1638258978;0.1369331569;0.3686755739;0.3704334143;0.3628356981;0.2760528803;0.3628904747;0.3741590059;0.3596554245;0.1141432383;0.3614192505,0.04972972973;0.2272972973;0.2640540541;0.07054054054;0.03621621622;0.03972972973;0.1097297297;0.06162162162;0.05135135135;0.06081081081;0.2694594595;0.06594594595,23.99587021;2.886155826;0.9330536135;23.99397502;23.97071714;23.99078305;23.95715738;23.99387791;23.99608666;23.98712082;0.3585144156;23.99016813,14.0
Conservative-AoI Bayes-Safe,4,4,796.2486486486487,34.196216216216214,31.588324324324322,63.0,103.0,85.0436936936937,0.14545045045045046,0.05727477477477477,0.10173423423423424,0.03864864864864865,0.8276107193033099,46.0,182.0,0.03198198198198198,355,11100,0.2768541550294006,0.3775482065253312,23.997933097420237,0.4064864864864865,True,True,0.662118963;0.6741961796;0.3640876;0.2460798207;0.2372011855;0.4128728207;0.5024050881;0.4159209977;0.2309431598;0.4380235493;0.7287104513;0.5641011845,0.6966749552;0.6813572012;1.27608378;1.842501298;1.908996959;1.13470463;0.9393093506;1.126874486;1.959226317;1.072981387;0.6151471375;0.8344446437,16.06162162;12.21432432;23.58891892;29.45459459;27.6427027;23.00621622;16.28216216;21.89405405;34.19621622;19.88837838;12.33837838;15.12756757,0.1971401833;0.1992509437;0.2890157319;0.3769658061;0.3647732027;0.2931831423;0.255136729;0.271058998;0.3775482065;0.2740452462;0.17673011;0.2474015606,0.1340540541;0.1721621622;0.06783783784;0.05108108108;0.04756756757;0.08405405405;0.1216216216;0.08837837838;0.03864864865;0.09;0.1824324324;0.142972973,7.003573701;7.640716036;21.10209451;23.97265184;23.9979331;23.95991487;11.69375532;23.90497123;23.99435271;19.51646023;3.412059925;11.33000538,14.0
Conservative-AoI Bayes-Safe,4,5,725.1567567567567,31.752702702702702,31.08868918918919,59.0,99.0,81.75585585585586,0.12306306306306307,0.046396396396396394,0.1296846846846847,0.03918918918918919,0.7380189818618795,39.0,230.0,0.02837837837837838,315,11100,0.23834217833588292,0.36271200263350345,23.9944378498157,0.4064864864864865,True,True,0.9411489522;0.4821824971;0.3825098869;0.7544254172;0.3523107703;0.8677360717;0.95;0.2189202535;0.8265150398;0.3376263363;0.2625732011;0.2699141276,0.3546353857;0.9781203331;1.218803669;0.5851252029;1.315645181;0.4538598372;0.2241414152;2.064668323;0.5023771293;1.368663091;1.731770293;1.687095206,9.100810811;19.48621622;20.7927027;11.19918919;21.73594595;9.975405405;8.238378378;28.85081081;12.51;22.07837838;31.7527027;30.54540541,0.102652567;0.2569548551;0.2885600038;0.1625699212;0.3217996996;0.1268354248;0.06687895201;0.3627120026;0.143109593;0.334397685;0.3398014142;0.3538340215,0.242972973;0.1067567568;0.07324324324;0.1867567568;0.07702702703;0.2067567568;0.2508108108;0.03918918919;0.1981081081;0.07027027027;0.04810810811;0.05621621622,0.3546353857;15.25609133;23.78291374;5.153756086;23.96048494;1.207897559;0.2241414152;23.96402981;1.321394163;23.99443785;23.97186527;23.91928425,14.0
Conservative-AoI Bayes-Safe,4,6,544.4759459459459,28.386756756756757,25.37647297297297,47.0,74.0,63.38648648648649,0.07310810810810811,0.02349099099099099,0.15826576576576576,0.046216216216216216,0.8470417480537265,31.0,122.0,0.0017117117117117118,19,11100,0.1629831922752298,0.29044637589081446,23.99171330668079,0.4064864864864865,True,True,0.6600953202;0.4082536129;0.95;0.8542797728;0.5796663152;0.95;0.7238759829;0.298421524;0.95;0.3698913443;0.95;0.5870736138,0.6992694381;1.146768836;0.2551559305;0.4699577518;0.8105930222;0.2156180293;0.6208604762;1.535216558;0.2628816135;1.257463669;0.2571157349;0.7995478023,13.38891892;22.91351351;9.102972973;9.991081081;14.42162162;8.146756757;13.90081081;28.38675676;7.37972973;20.41135135;8.126486486;18.74594595,0.1836999713;0.265926395;0.06944378974;0.1256184369;0.1962949589;0.05885789448;0.1458183119;0.2904463759;0.07381999903;0.283099253;0.07282629463;0.1899466266,0.1567567568;0.07702702703;0.2316216216;0.2018918919;0.1251351351;0.2302702703;0.1502702703;0.04621621622;0.2459459459;0.08135135135;0.2364864865;0.1162162162,8.575160896;18.34983393;0.2551559305;1.239493021;9.117790667;0.2156180293;5.921511906;23.99171331;0.2628816135;23.26644639;0.2571157349;7.583720884,14.0
Conservative-AoI Bayes-Safe,4,7,574.4056756756756,33.354864864864865,33.22122972972973,53.0,85.0,72.46981981981982,0.09261261261261261,0.03472972972972973,0.16195945945945944,0.03702702702702703,0.7846109916377115,31.0,155.0,0.023243243243243242,258,11100,0.17956833901015676,0.38333050700071697,23.996653270874653,0.4064864864864865,True,True,0.95;0.8194645516;0.5139536145;0.1957148488;0.2668165055;0.95;0.9166527097;0.2817874583;0.4060368001;0.95;0.95;0.8957240492,0.2129344738;0.5105004868;0.9182376412;2.309972111;1.705631049;0.2143947682;0.3910280632;1.619983796;1.152645744;0.2643493157;0.2202876177;0.4190042049,8.858648649;9.580810811;18.36405405;33.11189189;33.35486486;9.103243243;9.607567568;25.07378378;17.09621622;8.508378378;7.42027027;8.655675676,0.05858575523;0.1416983784;0.2377490974;0.383330507;0.2991769056;0.05777069835;0.1092764912;0.3441370983;0.2660430987;0.07373202534;0.0643001695;0.1190198431,0.2310810811;0.2156756757;0.09648648649;0.03756756757;0.03702702703;0.2318918919;0.2289189189;0.06108108108;0.0872972973;0.2294594595;0.2575675676;0.2294594595,0.2129344738;1.726005842;14.89303037;23.99665327;23.96893147;0.2143947682;0.3910280632;23.93907638;19.92143509;0.2643493157;0.2202876177;0.6660588692,14.0
Conservative-AoI Bayes-Safe,4,8,726.3345945945946,43.395675675675676,38.02752702702702,64.0,118.0,89.94594594594595,0.13126126126126125,0.05788288288288288,0.1447972972972973,0.02918918918918919,0.738921128310634,34.0,231.0,0.033783783783783786,375,11100,0.2141593828655607,0.3658664912756377,23.99692700697411,0.4064864864864865,True,True,0.924502767;0.7675714746;0.2938168902;0.223720696;0.8564804989;0.95;0.4732619221;0.198994158;0.3554966144;0.365156396;0.95;0.8950142286,0.3798996382;0.5699618165;1.557699888;2.021057334;0.4673466129;0.2347890628;0.9960890923;2.271318822;1.304697623;1.272612991;0.2590903055;0.4199186836,7.906756757;10.22405405;27.09648649;33.63540541;12.84648649;7.257027027;22.10513514;43.39567568;22.99810811;22.05081081;8.125135135;8.104324324,0.1102735706;0.1594352649;0.3266959766;0.3512269908;0.130351812;0.06992906682;0.2420227281;0.3658664913;0.32053247;0.2933888867;0.07625657909;0.1239327574,0.242972973;0.1875675676;0.05567567568;0.04081081081;0.1881081081;0.2575675676;0.09054054054;0.02918918919;0.08378378378;0.07567567568;0.2475675676;0.2381081081,0.3798996382;3.90912178;23.84639643;23.97912136;1.746932257;0.2347890628;12.87094005;23.99692701;23.95971917;23.95803654;0.2590903055;0.5792681526,14.0
Conservative-AoI Bayes-Safe,4,9,850.6794594594595,41.50054054054054,38.48282432432432,74.0,120.0,98.28648648648648,0.16335585585585585,0.07853603603603604,0.13078828828828828,0.02891891891891892,0.646956202994291,38.0,221.0,0.06279279279279279,697,11100,0.24285558356924433,0.37763922987494564,23.99736336662599,0.4064864864864865,True,True,0.3257577326;0.6871221964;0.2523803769;0.1963495047;0.5437054116;0.2493362779;0.95;0.4363495231;0.95;0.6652629851;0.95;0.2127973752,1.414897118;0.6652565043;1.798374164;2.302374716;0.8671448273;1.819394726;0.209506079;1.076896197;0.2790122724;0.6926602831;0.247425482;2.123503268,27.14216216;11.65540541;36.01378378;41.50054054;18.61864865;35.62810811;6.542702703;20.88162162;7.508918919;12.33945946;7.136216216;32.46540541,0.329632788;0.1864516203;0.3543283151;0.3714912718;0.215848753;0.350602281;0.06596610324;0.2925082913;0.08762493527;0.2048027972;0.07737061693;0.3776392299,0.05918918919;0.1748648649;0.03378378378;0.02891891892;0.1121621622;0.03297297297;0.282972973;0.08378378378;0.2710810811;0.1794594595;0.2705405405;0.03972972973,23.98732506;4.905130086;23.97073496;23.99736337;7.874317237;23.98789452;0.209506079;21.81447069;0.2790122724;4.789904246;0.247425482;23.99644449,14.0
Conservative-AoI Bayes-Safe,8,0,867.0564864864865,47.75324324324324,44.395864864864855,76.0,118.0,97.70585585585586,0.1801126126126126,0.08797297297297298,0.1562837837837838,0.027837837837837838,0.7445343900803879,33.0,210.0,0.016306306306306306,181,11100,0.19326078259676463,0.31841804935395474,23.973284131033402,0.4064864864864865,True,True,0.95;0.2315765095;0.95;0.8081176242;0.6281327393;0.795200025;0.3394136806;0.9476946562;0.5005847781;0.95;0.23436609;0.2528380647,0.3369544871;1.95400716;0.2191119648;0.5235225351;0.7414402559;0.5383055036;1.361973486;0.3438720469;0.9427001774;0.2738400263;1.931388168;1.795260579,9.752702703;47.75324324;10.15108108;14.34216216;17.91945946;12.79081081;27.18540541;10.49054054;24.28594595;11.59189189;41.64891892;39.22432432,0.102816653;0.3047194949;0.06881300083;0.1471522801;0.1961810839;0.1598912834;0.3088366905;0.09944407842;0.2221715013;0.0801537158;0.3184180494;0.3105315596,0.2545945946;0.02783783784;0.2581081081;0.2159459459;0.1502702703;0.2154054054;0.0772972973;0.2510810811;0.09810810811;0.2540540541;0.03432432432;0.03837837838,0.3369544871;23.95819331;0.2191119648;2.499883097;7.91168563;3.932220145;23.97328413;0.3438720469;16.8237055;0.2738400263;23.91830306;23.95828954,14.0
Conservative-AoI Bayes-Safe,8,1,981.4135135135135,52.76513513513513,47.30244594594594,81.0,120.0,104.41801801801802,0.21981981981981982,0.10468468468468468,0.13461711711711713,0.023513513513513513,0.6010040441165835,45.0,351.0,0.036216216216216214,402,11100,0.25053980349578414,0.37217605435329876,23.993172754628482,0.4064864864864865,True,True,0.5605092249;0.2181252996;0.2316669551;0.3707979081;0.95;0.95;0.2020086086;0.95;0.325972712;0.8362721814;0.2993435181;0.2334007936,0.8400796556;2.072097608;1.953264399;1.254604531;0.2976063768;0.2276934429;2.237061952;0.2579608484;1.414030367;0.4910760745;1.530799061;1.939147999,16.74162162;42.83297297;32.20783784;30.07621622;9.296756757;8.553513514;52.76513514;10.28189189;24.92351351;10.81081081;26.74864865;39.26756757,0.2520238967;0.3376959075;0.3721760544;0.3058522397;0.09748619693;0.08116963547;0.312584062;0.08254747149;0.3343990732;0.163780507;0.3276737448;0.3390888527,0.1545945946;0.03189189189;0.04486486486;0.0672972973;0.2791891892;0.3097297297;0.02351351351;0.282972973;0.06945945946;0.2572972973;0.06081081081;0.03378378378,16.28374381;23.98614739;23.98073829;23.80194952;0.2976063768;0.2276934429;23.94123904;0.2579608484;23.98900631;1.948293267;23.99317275;23.97484393,14.0
Conservative-AoI Bayes-Safe,8,2,876.41,39.594054054054055,38.94312162162162,72.0,115.0,93.31756756756756,0.18002252252252252,0.08144144144144144,0.13722972972972972,0.02945945945945946,0.7542634113873823,41.0,184.0,0.016126126126126124,179,11100,0.21992125491201023,0.33559342229229855,23.988732319450108,0.4064864864864865,True,True,0.2983974043;0.4720337023;0.7619171253;0.95;0.6042558466;0.7527600943;0.6803453125;0.2438339011;0.7053294905;0.1925045361;0.95;0.2931742638,1.535332493;0.9986066978;0.5764720931;0.328976203;0.7746227687;0.5870535051;0.6736618433;1.858825842;0.6430324214;2.34929577;0.2710575607;1.560894842,30.02783784;23.35378378;16.93405405;9.201891892;18.43405405;16.25756757;22.04297297;34.83837838;14.93432432;39.59405405;9.563243243;38.41054054,0.3161955026;0.2453333752;0.1679559233;0.1032273977;0.2181505203;0.1721494738;0.1667768239;0.3355934223;0.1854366469;0.334615911;0.08439413781;0.309225924,0.05864864865;0.1145945946;0.1875675676;0.2643243243;0.1445945946;0.1854054054;0.12;0.05162162162;0.1745945946;0.02945945946;0.2683783784;0.04756756757,23.94263473;15.76238084;4.7176907;0.328976203;10.3117969;4.972765669;8.062531613;23.90598873;5.746713271;23.98873232;0.2710575607;23.98774009,14.0
Conservative-AoI Bayes-Safe,8,3,1038.531081081081,42.534594594594594,41.2742027027027,82.0,120.0,103.83243243243243,0.22567567567567567,0.10524774774774774,0.11277027027027027,0.038378378378378375,0.5801616349834701,51.0,287.0,0.06783783783783784,753,11100,0.2948808818287454,0.370432208312395,23.997678383697362,0.4064864864864865,True,True,0.2469621281;0.8215561338;0.8932287906;0.3220866759;0.225348274;0.2465631425;0.4834834838;0.2778755806;0.2645088005;0.3014458345;0.9387067142;0.2969367479,1.836175919;0.5080937316;0.4222105672;1.429873819;2.006740312;1.839030251;0.9755450403;1.641436133;1.719737046;1.520828652;0.3585144156;1.542388958,37.23756757;10.60351351;8.537837838;25.67054054;40.24297297;34.57513514;21.50918919;26.36027027;42.53459459;29.70216216;8.744864865;30.01891892,0.3528435346;0.1746743856;0.1513111384;0.3594007167;0.3666368785;0.3494157476;0.2728889505;0.3704322083;0.3253556573;0.3563671463;0.1190849235;0.3401592946,0.03864864865;0.2481081081;0.2967567568;0.07216216216;0.04108108108;0.04135135135;0.1035135135;0.06135135135;0.03837837838;0.07;0.2805405405;0.06135135135,23.99587021;2.561874631;0.8442113446;23.99495276;23.99767838;23.98060501;23.87943218;23.98728652;23.99211138;23.9788343;0.3585144156;23.99016813,14.0
Conservative-AoI Bayes-Safe,8,4,917.7872972972973,37.55837837837838,36.52987837837838,69.0,107.0,90.12702702702703,0.1906081081081081,0.07445945945945946,0.10668918918918918,0.03432432432432433,0.8095782936661358,52.0,163.0,0.02036036036036036,226,11100,0.27191482628451974,0.34683601020209254,23.997933097420237,0.4064864864864865,True,True,0.662118963;0.6741961796;0.3640876;0.2460798207;0.2372011855;0.4128728207;0.5024050881;0.4159209977;0.2309431598;0.4380235493;0.7287104513;0.5641011845,0.6966749552;0.6813572012;1.27608378;1.842501298;1.908996959;1.13470463;0.9393093506;1.126874486;1.959226317;1.072981387;0.6151471375;0.8344446437,17.73405405;14.13594595;26.5927027;37.55837838;34.22486486;23.94702703;20.18918919;23.99594595;35.68837838;24.04864865;14.09783784;15.75702703,0.2074961623;0.1974094378;0.2903952819;0.3201968472;0.3467151234;0.2962499116;0.2482823094;0.2838505463;0.3468360102;0.276365206;0.1855416771;0.2636394023,0.1424324324;0.1745945946;0.08486486486;0.03432432432;0.04459459459;0.09189189189;0.1191891892;0.09945945946;0.03756756757;0.09324324324;0.1991891892;0.1589189189,10.48694848;9.003430438;21.02601073;23.98007268;23.9979331;23.91877596;15.10066182;23.57809674;23.98452634;19.55434856;5.348384162;15.01223039,14.0
Conservative-AoI Bayes-Safe,8,5,885.9281081081081,40.95,38.040499999999994,70.0,113.0,92.01846846846847,0.1763063063063063,0.07425675675675676,0.13497747747747751,0.04108108108108108,0.7209599819178124,43.0,263.0,0.0218018018018018,242,11100,0.23181726754474916,0.3409492824754932,23.992727939271926,0.4064864864864865,True,True,0.9411489522;0.4821824971;0.3825098869;0.7544254172;0.3523107703;0.8677360717;0.95;0.2189202535;0.8265150398;0.3376263363;0.2625732011;0.2699141276,0.3546353857;0.9781203331;1.218803669;0.5851252029;1.315645181;0.4538598372;0.2241414152;2.064668323;0.5023771293;1.368663091;1.731770293;1.687095206,10.80783784;22.09162162;26.08405405;13.92594595;24.51054054;11.90756757;9.348378378;35.66;13.45837838;29.91918919;32.36081081;40.95,0.1087868007;0.2614489215;0.2809836567;0.1693700249;0.3178883221;0.1337046548;0.07051367766;0.3409492825;0.1448747019;0.3025855159;0.3369931381;0.3137085139,0.2543243243;0.1043243243;0.07351351351;0.2027027027;0.08378378378;0.2291891892;0.2627027027;0.04108108108;0.2045945946;0.0627027027;0.05621621622;0.04459459459,0.3546353857;20.90909965;23.80171741;6.509131694;23.95500181;1.154037721;0.2241414152;23.99272794;2.652296844;23.98427696;23.97186527;23.91928425,14.0
Conservative-AoI Bayes-Safe,8,6,723.7375675675676,33.58810810810811,32.89927027027027,62.0,96.0,81.58693693693694,0.13,0.053175675675675674,0.16198198198198197,0.05054054054054054,0.8066231443018524,33.0,184.0,0.0002702702702702703,3,11100,0.15672173208947815,0.2846374483729978,23.774764282160536,0.4064864864864865,True,True,0.6600953202;0.4082536129;0.95;0.8542797728;0.5796663152;0.95;0.7238759829;0.298421524;0.95;0.3698913443;0.95;0.5870736138,0.6992694381;1.146768836;0.2551559305;0.4699577518;0.8105930222;0.2156180293;0.6208604762;1.535216558;0.2628816135;1.257463669;0.2571157349;0.7995478023,17.70945946;33.58810811;9.948378378;12.80243243;18.70027027;10.31243243;17.00405405;32.33567568;10.75594595;32.19810811;9.6;23.08648649,0.1682026486;0.2228450793;0.07758119509;0.1318422017;0.1881890287;0.06229612792;0.1542083183;0.2846374484;0.07687510967;0.2443557778;0.07643981307;0.1931880366,0.1402702703;0.05567567568;0.2648648649;0.2181081081;0.1235135135;0.2464864865;0.1524324324;0.05054054054;0.2543243243;0.06405405405;0.2556756757;0.1178378378,6.385388762;15.41598975;0.2551559305;1.729197284;10.66482556;0.2156180293;6.804953811;23.77476428;0.2628816135;22.00898272;0.2571157349;6.393217035,14.0
Conservative-AoI Bayes-Safe,8,7,733.5462162162162,46.38189189189189,41.62825675675675,65.0,103.0,85.91936936936936,0.14427927927927928,0.061418918918918916,0.1678828828828829,0.027837837837837838,0.764264853628772,32.0,171.0,0.014954954954954955,166,11100,0.16963136937416323,0.3208988283361033,23.979497990631234,0.4064864864864865,True,True,0.95;0.8194645516;0.5139536145;0.1957148488;0.2668165055;0.95;0.9166527097;0.2817874583;0.4060368001;0.95;0.95;0.8957240492,0.2129344738;0.5105004868;0.9182376412;2.309972111;1.705631049;0.2143947682;0.3910280632;1.619983796;1.152645744;0.2643493157;0.2202876177;0.4190042049,11.12837838;12.07027027;20.03;46.38189189;37.73891892;10.96027027;11.72027027;30.53945946;24.0372973;10.3727027;9.157297297;11.42135135,0.0594490031;0.1462514908;0.2429607164;0.3208988283;0.2977939615;0.06107353667;0.1151947538;0.2850295814;0.2380057698;0.074732266;0.06882499624;0.1253615283,0.2332432432;0.2213513514;0.1116216216;0.02783783784;0.04324324324;0.242972973;0.2445945946;0.04513513514;0.07783783784;0.2375675676;0.2821621622;0.247027027,0.2129344738;2.057507302;15.73831744;23.97949799;23.92388308;0.2143947682;0.3910280632;23.97936805;17.31085211;0.2643493157;0.2202876177;0.6850630742,14.0
Conservative-AoI Bayes-Safe,8,8,904.188918918919,48.33918918918919,41.09479729729729,78.0,120.0,102.45270270270271,0.18394144144144145,0.08912162162162163,0.1490765765765766,0.026216216216216216,0.7178088388582343,36.0,249.0,0.025135135135135135,279,11100,0.20826918431633815,0.3648827835767952,23.996927006974115,0.4064864864864865,True,True,0.924502767;0.7675714746;0.2938168902;0.223720696;0.8564804989;0.95;0.4732619221;0.198994158;0.3554966144;0.365156396;0.95;0.8950142286,0.3798996382;0.5699618165;1.557699888;2.021057334;0.4673466129;0.2347890628;0.9960890923;2.271318822;1.304697623;1.272612991;0.2590903055;0.4199186836,8.97027027;13.23648649;35.16756757;33.80810811;15.55081081;9.017567568;28.25378378;48.33918919;29.38891892;33.30324324;9.792162162;10.20297297,0.1139698915;0.1651348831;0.3052249781;0.3648827836;0.1302255021;0.07487867409;0.243907221;0.3425394331;0.2954963805;0.2538346992;0.07884748215;0.1302882835,0.2543243243;0.1959459459;0.05108108108;0.0527027027;0.2013513514;0.2713513514;0.09027027027;0.02621621622;0.08054054054;0.05405405405;0.2602702703;0.2508108108,0.3798996382;3.799236331;23.99259576;23.97930006;1.477545806;0.2347890628;15.48267277;23.99692701;23.87381204;23.99622869;0.2590903055;0.6589428871,14.0
Conservative-AoI Bayes-Safe,8,9,1040.4997297297298,47.174324324324324,44.82686486486486,90.0,120.0,111.73288288288288,0.2206081081081081,0.11358108108108109,0.13727477477477476,0.027837837837837838,0.6394925466779839,42.0,301.0,0.04153153153153153,461,11100,0.23520315926255306,0.3671354277278139,23.997363366625965,0.4064864864864865,True,True,0.3257577326;0.6871221964;0.2523803769;0.1963495047;0.5437054116;0.2493362779;0.95;0.4363495231;0.95;0.6652629851;0.95;0.2127973752,1.414897118;0.6652565043;1.798374164;2.302374716;0.8671448273;1.819394726;0.209506079;1.076896197;0.2790122724;0.6926602831;0.247425482;2.123503268,38.18189189;14.05351351;42.90621622;38.30297297;20.77675676;47.17432432;8.083243243;29.52486486;9.046216216;15.47108108;9.36027027;38.64216216,0.3047764872;0.195261774;0.3324561968;0.3671354277;0.2219422031;0.316673028;0.0716284297;0.2712614204;0.0928281371;0.2061132356;0.07964425649;0.362717315,0.05810810811;0.1932432432;0.04054054054;0.03756756757;0.1251351351;0.02783783784;0.3013513514;0.07189189189;0.2897297297;0.1786486486;0.2827027027;0.04054054054,23.813004;6.500899598;23.97073496;23.99736337;9.810041374;23.98913103;0.209506079;23.96826308;0.2790122724;6.828430474;0.247425482;23.99267976,14.0
Expected-AoI Bayes-Safe,2,0,468.70027027027027,30.033783783783782,25.464472972972967,45.0,80.0,65.72702702702702,0.06414414414414414,0.024662162162162164,0.13576576576576577,0.0327027027027027,0.8060091995216574,27.0,142.0,0.06927927927927928,769,11100,0.21850095426409125,0.39462958247801977,23.996204903408497,0.4064864864864865,True,True,0.95;0.2315765095;0.95;0.8081176242;0.6281327393;0.795200025;0.3394136806;0.9476946562;0.5005847781;0.95;0.23436609;0.2528380647,0.3369544871;1.95400716;0.2191119648;0.5235225351;0.7414402559;0.5383055036;1.361973486;0.3438720469;0.9427001774;0.2738400263;1.931388168;1.795260579,4.996216216;30.03378378;5.339189189;7.387297297;9.611891892;7.032162162;16.32783784;5.124054054;15.18540541;5.545945946;19.90189189;21.72594595,0.08524037836;0.3897452118;0.05649535524;0.1359743666;0.2130137816;0.1476702936;0.3842973837;0.08252929125;0.2759308898;0.06298320604;0.3946295825;0.3935017107,0.2059459459;0.0327027027;0.2037837838;0.1859459459;0.1437837838;0.1886486486;0.07675675676;0.2005405405;0.09621621622;0.1956756757;0.04891891892;0.05027027027,0.3369544871;23.99443673;0.2191119648;2.964540843;11.99905049;4.747136655;23.98892441;0.3438720469;16.68100532;0.2738400263;23.97382979;23.9962049,14.0
Expected-AoI Bayes-Safe,2,1,631.6078378378378,30.276486486486487,29.999405405405405,60.0,100.0,82.50540540540541,0.11304054054054054,0.04921171171171171,0.11583333333333336,0.027837837837837838,0.6647957445349695,35.0,177.0,0.1345045045045045,1493,11100,0.27796487699174083,0.40250423324725776,23.999940031490688,0.4064864864864865,True,True,0.5605092249;0.2181252996;0.2316669551;0.3707979081;0.95;0.95;0.2020086086;0.95;0.325972712;0.8362721814;0.2993435181;0.2334007936,0.8400796556;2.072097608;1.953264399;1.254604531;0.2976063768;0.2276934429;2.237061952;0.2579608484;1.414030367;0.4910760745;1.530799061;1.939147999,9.747567568;30.27648649;26.8927027;19.34837838;4.675135135;4.801621622;29.7727027;4.667837838;16.37864865;5.746756757;22.20648649;25.27189189,0.2629222274;0.386978229;0.3938203355;0.3801112646;0.07914720939;0.06430801294;0.3917881473;0.06686066314;0.3856099027;0.1388285335;0.3826997651;0.4025042332,0.1459459459;0.03405405405;0.03945945946;0.07459459459;0.2240540541;0.2389189189;0.02783783784;0.2264864865;0.06864864865;0.2081081081;0.05567567568;0.04621621622,13.36350485;23.98614739;23.99994003;23.97226151;0.2976063768;0.2276934429;23.98732788;0.2579608484;23.99285027;2.039369342;23.99317275;23.99753954,14.0
Expected-AoI Bayes-Safe,2,2,565.1632432432432,36.27216216216216,29.545513513513505,51.0,90.0,73.84594594594594,0.08153153153153153,0.033693693693693696,0.11668918918918918,0.02702702702702703,0.8066211435365098,33.399999999999636,164.0,0.07720720720720721,857,11100,0.23994089450569356,0.3955706120779971,23.99999933511994,0.4064864864864865,True,True,0.2983974043;0.4720337023;0.7619171253;0.95;0.6042558466;0.7527600943;0.6803453125;0.2438339011;0.7053294905;0.1925045361;0.95;0.2931742638,1.535332493;0.9986066978;0.5764720931;0.328976203;0.7746227687;0.5870535051;0.6736618433;1.858825842;0.6430324214;2.34929577;0.2710575607;1.560894842,18.76162162;12.12567568;9.111351351;5.102162162;11.09324324;9.690540541;12.15702703;24.04189189;8.152972973;36.27216216;4.949189189;23.54216216,0.3896424894;0.2833883872;0.154401039;0.07690930151;0.2202440953;0.1616777086;0.1833452638;0.3923629683;0.1722284134;0.3955706121;0.06351537976;0.3860050757,0.05810810811;0.1072972973;0.1521621622;0.1945945946;0.1321621622;0.1597297297;0.1237837838;0.04486486486;0.1535135135;0.02702702703;0.1994594595;0.04756756757,23.98853134;21.14984112;4.282386048;0.328976203;7.765569217;7.856247215;9.220135576;23.97671341;4.217616007;23.99999934;0.2710575607;23.99901395,14.0
Expected-AoI Bayes-Safe,2,3,658.9794594594595,29.273783783783784,27.685175675675673,56.0,91.0,76.28783783783784,0.10822072072072073,0.040045045045045045,0.09878378378378379,0.03783783783783784,0.6832462875179968,42.0,176.0,0.1345045045045045,1493,11100,0.3152764070761149,0.39899606448335223,23.998716198868333,0.4064864864864865,True,True,0.2469621281;0.8215561338;0.8932287906;0.3220866759;0.225348274;0.2465631425;0.4834834838;0.2778755806;0.2645088005;0.3014458345;0.9387067142;0.2969367479,1.836175919;0.5080937316;0.4222105672;1.429873819;2.006740312;1.839030251;0.9755450403;1.641436133;1.719737046;1.520828652;0.3585144156;1.542388958,22.54621622;6.531351351;5.355945946;15.58918919;29.27378378;24.68297297;13.87;18.50621622;26.38540541;19.30162162;4.715675676;16.45351351,0.3989960645;0.1478964727;0.1149097409;0.3926356217;0.3942973531;0.3911667047;0.3082195006;0.387290201;0.3927507578;0.3785630239;0.09224479018;0.384346654,0.04432432432;0.1986486486;0.2175675676;0.07027027027;0.03783783784;0.03945945946;0.1137837838;0.06324324324;0.0527027027;0.06540540541;0.2148648649;0.0672972973,23.99587021;2.4537809;0.6221056723;23.99495276;23.99535677;23.9956318;23.95715738;23.99552575;23.9987162;23.99126408;0.3585144156;23.96067251,14.0
Expected-AoI Bayes-Safe,2,4,600.5445945945946,26.814324324324325,25.554229729729727,49.0,87.0,71.15675675675676,0.0808108108108108,0.029842342342342343,0.09195945945945945,0.036756756756756756,0.858718468890294,41.0,148.0,0.054324324324324325,603,11100,0.28142215617870364,0.38866813967684866,23.996442254590697,0.4064864864864865,True,True,0.662118963;0.6741961796;0.3640876;0.2460798207;0.2372011855;0.4128728207;0.5024050881;0.4159209977;0.2309431598;0.4380235493;0.7287104513;0.5641011845,0.6966749552;0.6813572012;1.27608378;1.842501298;1.908996959;1.13470463;0.9393093506;1.126874486;1.959226317;1.072981387;0.6151471375;0.8344446437,10.63;9.252702703;18.00648649;24.52324324;22.5272973;17.05378378;12.40108108;17.37918919;26.81432432;13.37648649;9.36972973;10.7172973,0.1971401833;0.1793626795;0.3100538699;0.3854313526;0.3807675015;0.3244641889;0.2635143529;0.2853733496;0.3886681397;0.2798451456;0.1519579686;0.2304871421,0.1245945946;0.1440540541;0.06459459459;0.04621621622;0.04459459459;0.08648648649;0.1105405405;0.08216216216;0.03675675676;0.09216216216;0.1513513514;0.12,9.080298387;6.071215628;23.99327816;23.99003634;23.99379929;23.95168708;13.22615818;23.98685805;23.99644225;16.02453468;2.98176565;9.523337518,14.0
Expected-AoI Bayes-Safe,2,5,534.7751351351351,26.57162162162162,24.510756756756752,47.0,83.0,67.36036036036036,0.06939189189189189,0.024504504504504504,0.11511261261261262,0.036756756756756756,0.7901961762985201,33.0,165.0,0.06288288288288288,698,11100,0.2546867204651087,0.3898557839950388,23.999805493476902,0.4064864864864865,True,True,0.9411489522;0.4821824971;0.3825098869;0.7544254172;0.3523107703;0.8677360717;0.95;0.2189202535;0.8265150398;0.3376263363;0.2625732011;0.2699141276,0.3546353857;0.9781203331;1.218803669;0.5851252029;1.315645181;0.4538598372;0.2241414152;2.064668323;0.5023771293;1.368663091;1.731770293;1.687095206,5.528648649;12.81837838;15.01054054;7.398648649;15.88378378;6.071621622;5.345675676;26.57162162;7.598378378;17.99837838;22.82459459;22.82108108,0.08242876531;0.2804826144;0.355100096;0.1533976883;0.3655360124;0.1069637238;0.05573246001;0.3883808521;0.128445612;0.3736080331;0.3763090042;0.389855784,0.1886486486;0.1075675676;0.08486486486;0.1727027027;0.07945945946;0.1754054054;0.2005405405;0.03675675676;0.1708108108;0.06594594595;0.04810810811;0.05054054054,0.3546353857;14.49985066;23.99831188;4.102504057;23.99451687;0.8847385352;0.2241414152;23.99017388;1.423771293;23.99443785;23.97186527;23.99980549,14.0
Expected-AoI Bayes-Safe,2,6,375.72648648648646,19.456756756756757,17.74566216216216,35.0,56.0,48.03243243243243,0.03313063063063063,0.007184684684684685,0.14155405405405408,0.056486486486486485,0.8923237015059702,25.0,103.0,0.01144144144144144,127,11100,0.17823333184628684,0.3613982762870041,23.98041395700062,0.4064864864864865,True,True,0.6600953202;0.4082536129;0.95;0.8542797728;0.5796663152;0.95;0.7238759829;0.298421524;0.95;0.3698913443;0.95;0.5870736138,0.6992694381;1.146768836;0.2551559305;0.4699577518;0.8105930222;0.2156180293;0.6208604762;1.535216558;0.2628816135;1.257463669;0.2571157349;0.7995478023,9.96027027;16.34567568;5.498648649;6.193243243;9.355945946;4.93972973;10.34324324;19.45675676;4.549459459;16.01675676;5.238918919;11.12297297,0.1954174592;0.3297735248;0.05737560384;0.1126628448;0.2116305026;0.04918422073;0.1491743144;0.3613982763;0.06003647659;0.3313586695;0.06080439676;0.2199836926,0.1462162162;0.07837837838;0.1956756757;0.1808108108;0.1262162162;0.1905405405;0.1362162162;0.05648648649;0.1983783784;0.07567567568;0.192972973;0.1210810811,11.17369977;23.92704971;0.2551559305;1.379408525;13.9813488;0.2156180293;5.479790954;23.98041396;0.2628816135;23.97622155;0.2571157349;12.78507748,14.0
Expected-AoI Bayes-Safe,2,7,415.832972972973,28.102702702702704,26.895229729729728,42.0,77.0,62.65855855855856,0.05335585585585586,0.020855855855855854,0.1474099099099099,0.03594594594594595,0.8178255471468698,24.0,148.0,0.055045045045045045,611,11100,0.19615040391963498,0.39768979309357816,23.99888442362496,0.4064864864864865,True,True,0.95;0.8194645516;0.5139536145;0.1957148488;0.2668165055;0.95;0.9166527097;0.2817874583;0.4060368001;0.95;0.95;0.8957240492,0.2129344738;0.5105004868;0.9182376412;2.309972111;1.705631049;0.2143947682;0.3910280632;1.619983796;1.152645744;0.2643493157;0.2202876177;0.4190042049,5.533513514;6.760810811;11.96891892;28.1027027;25.9072973;5.272972973;5.825945946;17.93459459;12.74432432;5.281081081;4.17027027;5.391081081,0.05150712272;0.1319022879;0.2973104579;0.3976897931;0.3807706071;0.05232391235;0.09976499776;0.3905474449;0.3214947048;0.06601588316;0.05531005321;0.109167582,0.2010810811;0.1851351351;0.112972973;0.03594594595;0.04297297297;0.2043243243;0.2056756757;0.05945945946;0.0927027027;0.2032432432;0.2240540541;0.2013513514,0.2129344738;2.983513144;18.44774329;23.99888442;23.99689119;0.2143947682;0.3910280632;23.99805554;22.79103184;0.2643493157;0.2202876177;0.5330294346,14.0
Expected-AoI Bayes-Safe,2,8,523.7643243243243,32.641351351351354,27.449499999999993,48.0,101.0,75.21711711711711,0.07087837837837838,0.031306306306306306,0.129481981981982,0.03486486486486486,0.7869989754321839,29.0,224.0,0.08873873873873873,985,11100,0.23131727798637436,0.3965599888658755,23.997438992639797,0.4064864864864865,True,True,0.924502767;0.7675714746;0.2938168902;0.223720696;0.8564804989;0.95;0.4732619221;0.198994158;0.3554966144;0.365156396;0.95;0.8950142286,0.3798996382;0.5699618165;1.557699888;2.021057334;0.4673466129;0.2347890628;0.9960890923;2.271318822;1.304697623;1.272612991;0.2590903055;0.4199186836,4.883513514;7.687837838;19.01540541;23.20162162;7.974324324;4.480810811;16.15243243;32.64135135;16.89891892;16.62054054;5.187297297;5.768378378,0.0961043409;0.1503466846;0.3738479732;0.3960179912;0.1188576115;0.05837998319;0.2947885287;0.3965599889;0.3653153343;0.3477329009;0.06561286925;0.1122431292,0.2024324324;0.1702702703;0.05972972973;0.04648648649;0.1686486486;0.2116216216;0.09540540541;0.03486486486;0.07945945946;0.07324324324;0.2062162162;0.2054054054,0.3798996382;2.269579982;23.99338414;23.98055096;1.544892418;0.2347890628;23.82009825;23.99743899;23.98385513;23.99622869;0.2590903055;0.5991868362,14.0
Expected-AoI Bayes-Safe,2,9,640.3481081081081,34.08891891891892,30.723810810810807,58.0,103.0,82.8445945945946,0.1025,0.04603603603603604,0.11610360360360361,0.03216216216216216,0.7159914357007747,35.0,210.0,0.139009009009009,1543,11100,0.2609823981766088,0.39887426255788255,23.997904663081272,0.4064864864864865,True,True,0.3257577326;0.6871221964;0.2523803769;0.1963495047;0.5437054116;0.2493362779;0.95;0.4363495231;0.95;0.6652629851;0.95;0.2127973752,1.414897118;0.6652565043;1.798374164;2.302374716;0.8671448273;1.819394726;0.209506079;1.076896197;0.2790122724;0.6926602831;0.247425482;2.123503268,19.22540541;8.144324324;26.56594595;34.08891892;12.30108108;27.97054054;4.389189189;14.66378378;4.732432432;9.120540541;4.678108108;26.43648649,0.3774333663;0.172607093;0.3917539396;0.3963818093;0.2620183559;0.3953495567;0.05277288259;0.3434425709;0.07065797276;0.2081724959;0.06232447276;0.3988742626,0.06027027027;0.157027027;0.04;0.03216216216;0.1181081081;0.03378378378;0.2181081081;0.09675675676;0.2154054054;0.1672972973;0.2172972973;0.03702702703,23.99176942;4.909360573;23.99679272;23.99790466;9.477186201;23.98913103;0.209506079;23.69136689;0.2790122724;6.61375104;0.247425482;23.99487595,14.0
Expected-AoI Bayes-Safe,4,0,479.7189189189189,29.614594594594596,26.027702702702697,46.0,87.0,69.93153153153153,0.06574324324324324,0.027432432432432433,0.13876126126126126,0.03486486486486486,0.8151123623928646,27.0,182.0,0.06306306306306306,700,11100,0.21911519707823335,0.3988389719082468,23.99998220044653,0.4064864864864865,True,True,0.95;0.2315765095;0.95;0.8081176242;0.6281327393;0.795200025;0.3394136806;0.9476946562;0.5005847781;0.95;0.23436609;0.2528380647,0.3369544871;1.95400716;0.2191119648;0.5235225351;0.7414402559;0.5383055036;1.361973486;0.3438720469;0.9427001774;0.2738400263;1.931388168;1.795260579,5.204594595;29.61459459;6.158378378;7.556486486;9.714054054;6.881081081;16.47432432;5.152702703;14.57135135;5.594594595;23.01837838;23.09297297,0.08451182812;0.3944982022;0.05762052479;0.1378137701;0.2068017146;0.1457789499;0.3850335856;0.08132109217;0.2805169987;0.06253914114;0.3941075857;0.3988389719,0.2083783784;0.03486486486;0.2037837838;0.1878378378;0.1486486486;0.1924324324;0.08297297297;0.2005405405;0.1078378378;0.1978378378;0.04675675676;0.05324324324,0.3369544871;23.98749635;0.2191119648;3.182153519;8.536006398;3.087470612;23.98892441;0.3438720469;16.28100532;0.2738400263;23.99292944;23.9999822,14.0
Expected-AoI Bayes-Safe,4,1,650.2835135135135,37.027027027027025,35.47647297297297,64.0,113.0,88.5509009009009,0.11954954954954955,0.055945945945945944,0.11950450450450449,0.03027027027027027,0.6879366306239313,34.0,251.0,0.13918918918918918,1545,11100,0.28004218310185647,0.40302832730096516,23.997954114979244,0.4064864864864865,True,True,0.5605092249;0.2181252996;0.2316669551;0.3707979081;0.95;0.95;0.2020086086;0.95;0.325972712;0.8362721814;0.2993435181;0.2334007936,0.8400796556;2.072097608;1.953264399;1.254604531;0.2976063768;0.2276934429;2.237061952;0.2579608484;1.414030367;0.4910760745;1.530799061;1.939147999,10.04243243;34.20783784;27.23378378;19.17351351;4.556756757;4.938918919;37.02702703;4.951621622;16.47243243;6.114594595;20.4972973;22.07918919,0.2622410817;0.3914584401;0.3990994285;0.3835020877;0.07673418471;0.06338493142;0.3978342607;0.06567543762;0.3898137768;0.1388285335;0.3889057073;0.4030283273,0.1575675676;0.03567567568;0.04216216216;0.0827027027;0.2208108108;0.2383783784;0.03027027027;0.2248648649;0.07675675676;0.2121621622;0.0627027027;0.05,9.283345536;23.99795411;23.99580396;23.98613075;0.2976063768;0.2276934429;23.99405494;0.2579608484;23.98185659;1.310760745;23.99317275;23.99430778,14.0
Expected-AoI Bayes-Safe,4,2,546.0651351351352,31.764864864864865,27.686391891891887,49.0,84.0,69.76441441441442,0.07898648648648648,0.02927927927927928,0.12362612612612611,0.033243243243243244,0.8264225332858034,32.0,168.0,0.0772972972972973,858,11100,0.2401235566911687,0.3974754464860774,23.999999667559845,0.4064864864864865,True,True,0.2983974043;0.4720337023;0.7619171253;0.95;0.6042558466;0.7527600943;0.6803453125;0.2438339011;0.7053294905;0.1925045361;0.95;0.2931742638,1.535332493;0.9986066978;0.5764720931;0.328976203;0.7746227687;0.5870535051;0.6736618433;1.858825842;0.6430324214;2.34929577;0.2710575607;1.560894842,20.09027027;11.88;9.278378378;5.115405405;11;9.771081081;12.91675676;24.34945946;8.236486486;31.76486486;5.105405405;21.19162162,0.3942069914;0.2747517887;0.1537778259;0.07753168892;0.2181505203;0.159456425;0.190263953;0.3908558122;0.168926355;0.3974754465;0.06417470896;0.3919111643,0.06297297297;0.1162162162;0.1624324324;0.1964864865;0.1410810811;0.1645945946;0.1362162162;0.04594594595;0.1602702703;0.03324324324;0.2032432432;0.06081081081,23.96923415;18.35262772;2.952969769;0.328976203;6.368587068;8.178568246;9.89379742;23.97706725;3.4024539;23.99999967;0.2710575607;23.99901395,14.0
Expected-AoI Bayes-Safe,4,3,674.4556756756757,31.98891891891892,28.349256756756752,58.0,93.0,78.21171171171171,0.11490990990990992,0.04378378378378378,0.10092342342342342,0.04135135135135135,0.7138770960318972,42.0,181.0,0.13342342342342342,1481,11100,0.31726134275922907,0.3997209755784998,23.999550925361046,0.4064864864864865,True,True,0.2469621281;0.8215561338;0.8932287906;0.3220866759;0.225348274;0.2465631425;0.4834834838;0.2778755806;0.2645088005;0.3014458345;0.9387067142;0.2969367479,1.836175919;0.5080937316;0.4222105672;1.429873819;2.006740312;1.839030251;0.9755450403;1.641436133;1.719737046;1.520828652;0.3585144156;1.542388958,22.16405405;6.831351351;5.398918919;18.06405405;31.98891892;24.77243243;14.01486486;18.14351351;25.37135135;20.03405405;4.956216216;18.31594595,0.3984998007;0.1418542769;0.1123992997;0.3965001455;0.3997209756;0.3926578103;0.3177112901;0.3912828835;0.3941451392;0.3843175107;0.08953170812;0.3885152728,0.05108108108;0.1924324324;0.2140540541;0.07513513514;0.04135135135;0.04216216216;0.1189189189;0.07;0.05297297297;0.06972972973;0.2116216216;0.07162162162,23.99587021;1.480937316;0.6221056723;23.99722529;23.99955093;23.97575626;23.95715738;23.99552575;23.9987162;23.9995506;0.3585144156;23.99534252,14.0
Expected-AoI Bayes-Safe,4,4,600.7851351351351,25.112972972972972,24.752945945945946,49.0,82.0,68.96891891891892,0.08486486486486486,0.02702702702702703,0.09936936936936935,0.04135135135135135,0.8704018692825745,40.0,155.0,0.051981981981981985,577,11100,0.28281234254386506,0.3907862221818996,23.998358343439605,0.4064864864864865,True,True,0.662118963;0.6741961796;0.3640876;0.2460798207;0.2372011855;0.4128728207;0.5024050881;0.4159209977;0.2309431598;0.4380235493;0.7287104513;0.5641011845,0.6966749552;0.6813572012;1.27608378;1.842501298;1.908996959;1.13470463;0.9393093506;1.126874486;1.959226317;1.072981387;0.6151471375;0.8344446437,10.66567568;9.532162162;17.26972973;24.45837838;22.5472973;17.01540541;12.29054054;17.68324324;25.11297297;14.99918919;8.966486486;11.2927027,0.195633859;0.1716283545;0.3259186952;0.3894151392;0.3890226235;0.3259975735;0.2523441877;0.288723517;0.3907862222;0.2841950702;0.1516254566;0.2284574119,0.1359459459;0.147027027;0.0772972973;0.04594594595;0.04945945946;0.09459459459;0.1162162162;0.09351351351;0.04135135135;0.1013513514;0.1581081081;0.1316216216,6.886948477;3.98307242;23.93901609;23.99766482;23.99835834;23.95168708;8.36825896;23.95181283;23.99644225;14.27857191;3.412059925;8.757782161,14.0
Expected-AoI Bayes-Safe,4,5,522.802972972973,24.27945945945946,23.327067567567568,46.0,75.0,63.45810810810811,0.06887387387387388,0.02153153153153153,0.12092342342342342,0.04216216216216216,0.8231241776942303,33.0,142.0,0.052162162162162164,579,11100,0.2562143242069892,0.394871472444098,23.996615764847906,0.4064864864864865,True,True,0.9411489522;0.4821824971;0.3825098869;0.7544254172;0.3523107703;0.8677360717;0.95;0.2189202535;0.8265150398;0.3376263363;0.2625732011;0.2699141276,0.3546353857;0.9781203331;1.218803669;0.5851252029;1.315645181;0.4538598372;0.2241414152;2.064668323;0.5023771293;1.368663091;1.731770293;1.687095206,5.635945946;13.56081081;15.57432432;7.350540541;15.49216216;6.458108108;5.465135135;24.27945946;7.762702703;18.04513514;21.73135135;22.54783784,0.08108690169;0.2855053945;0.3587235664;0.1472301524;0.3648248528;0.1072090534;0.05439972727;0.3911709444;0.1292602776;0.3750876688;0.3852018787;0.3948714724,0.1902702703;0.117027027;0.0972972973;0.1789189189;0.09054054054;0.1759459459;0.1975675676;0.04216216216;0.1724324324;0.07459459459;0.05783783784;0.05648648649,0.3546353857;16.45609133;23.80171741;3.332253651;23.97951747;0.9385983724;0.2241414152;23.99017388;1.116639905;23.99443785;23.99109666;23.99661576,14.0
Expected-AoI Bayes-Safe,4,6,382.0727027027027,22.13945945945946,18.94336486486486,36.0,59.0,50.01531531531531,0.03668918918918919,0.008738738738738738,0.14711711711711714,0.05702702702702703,0.9079255448273705,25.0,111.0,0.012612612612612612,140,11100,0.1787165442727966,0.366792280410691,23.991713306680776,0.4064864864864865,True,True,0.6600953202;0.4082536129;0.95;0.8542797728;0.5796663152;0.95;0.7238759829;0.298421524;0.95;0.3698913443;0.95;0.5870736138,0.6992694381;1.146768836;0.2551559305;0.4699577518;0.8105930222;0.2156180293;0.6208604762;1.535216558;0.2628816135;1.257463669;0.2571157349;0.7995478023,9.67027027;16.32837838;5.294594595;6.349459459;10.19891892;5.1;10.07864865;22.13945946;4.871621622;15.8327027;5.038648649;11.30621622,0.1954174592;0.3307033374;0.05772040915;0.1131709073;0.2052772059;0.04970869702;0.1454827116;0.3667922804;0.06003647659;0.3412144658;0.06038745232;0.2186871286,0.1554054054;0.08891891892;0.1945945946;0.1827027027;0.1283783784;0.1959459459;0.1402702703;0.05702702703;0.1986486486;0.09027027027;0.1967567568;0.1364864865,10.37369977;23.12858226;0.2551559305;0.7497887589;12.37075578;0.2156180293;5.30065143;23.99171331;0.2628816135;23.97622155;0.2571157349;11.98507748,14.0
Expected-AoI Bayes-Safe,4,7,427.8586486486486,28.51945945945946,26.961027027027026,44.0,76.0,63.46891891891892,0.058445945945945946,0.02189189189189189,0.15092342342342344,0.03594594594594595,0.8359936210139995,24.0,145.0,0.062252252252252255,691,11100,0.19790591807935712,0.39644115952028586,23.99844559394659,0.4064864864864865,True,True,0.95;0.8194645516;0.5139536145;0.1957148488;0.2668165055;0.95;0.9166527097;0.2817874583;0.4060368001;0.95;0.95;0.8957240492,0.2129344738;0.5105004868;0.9182376412;2.309972111;1.705631049;0.2143947682;0.3910280632;1.619983796;1.152645744;0.2643493157;0.2202876177;0.4190042049,5.643513514;6.611351351;12.62891892;28.51945946;25.68594595;5.377837838;6.042972973;19.65135135;12.82864865;5.458378378;4.269189189;5.520540541,0.05116182357;0.1313503955;0.2980549749;0.3964411595;0.3959829922;0.05075940998;0.1010331969;0.3940501126;0.3283482741;0.06472985946;0.0543574581;0.1086013601,0.2005405405;0.1894594595;0.1243243243;0.03594594595;0.05108108108;0.2018918919;0.2051351351;0.06405405405;0.1075675676;0.2021621622;0.2221621622;0.2067567568,0.2129344738;2.762512171;20.47540678;23.99776885;23.99844559;0.2143947682;0.3910280632;23.99837962;18.12197336;0.2643493157;0.2202876177;0.6470546643,14.0
Expected-AoI Bayes-Safe,4,8,515.9672972972973,26.992432432432434,26.05743243243243,47.0,88.0,70.86666666666666,0.0706981981981982,0.027522522522522522,0.1332882882882883,0.03702702702702703,0.8101548973408631,29.0,192.0,0.08207207207207207,911,11100,0.23245816462199945,0.3954717594455085,23.998847492736296,0.4064864864864865,True,True,0.924502767;0.7675714746;0.2938168902;0.223720696;0.8564804989;0.95;0.4732619221;0.198994158;0.3554966144;0.365156396;0.95;0.8950142286,0.3798996382;0.5699618165;1.557699888;2.021057334;0.4673466129;0.2347890628;0.9960890923;2.271318822;1.304697623;1.272612991;0.2590903055;0.4199186836,5.088108108;7.586216216;20.23837838;25.29243243;8.356486486;4.643783784;16.44891892;26.99243243;17.36702703;16.82135135;5.291891892;5.603513514,0.09394815377;0.1495764659;0.3746899731;0.3954717594;0.1217627391;0.0567935706;0.3004420073;0.3941045091;0.3755413427;0.3522042439;0.06442245433;0.1105407562,0.1989189189;0.1762162162;0.06405405405;0.04810810811;0.1767567568;0.2072972973;0.1072972973;0.03702702703;0.09216216216;0.08243243243;0.2056756757;0.2035135135,0.3798996382;1.809503615;23.99338414;23.98055096;1.477545806;0.2347890628;20.64356369;23.99884749;23.98385513;23.99497158;0.2590903055;0.4995934181,14.0
Expected-AoI Bayes-Safe,4,9,637.3683783783783,31.75972972972973,30.004486486486485,58.0,109.0,84.26081081081081,0.10211711711711711,0.045202702702702706,0.12162162162162161,0.03567567567567568,0.7387787713288166,34.0,210.0,0.13576576576576577,1507,11100,0.26139738580735067,0.398300342755641,23.99902310532113,0.4064864864864865,True,True,0.3257577326;0.6871221964;0.2523803769;0.1963495047;0.5437054116;0.2493362779;0.95;0.4363495231;0.95;0.6652629851;0.95;0.2127973752,1.414897118;0.6652565043;1.798374164;2.302374716;0.8671448273;1.819394726;0.209506079;1.076896197;0.2790122724;0.6926602831;0.247425482;2.123503268,20.44783784;8.185675676;28.56837838;31.75972973;12.33405405;27.48567568;4.353243243;13.98621622;4.956216216;8.594054054;4.645135135;26.66621622,0.3835518403;0.1709889015;0.3966144103;0.3951372824;0.2596747213;0.3953495567;0.05294275238;0.3443157299;0.07073338148;0.2072364685;0.06192324224;0.3983003428,0.06540540541;0.16;0.04567567568;0.03567567568;0.1283783784;0.04189189189;0.2237837838;0.1091891892;0.2140540541;0.1775675676;0.2189189189;0.03891891892,23.98732506;2.787308539;23.99356324;23.99736337;9.342896546;23.99902311;0.209506079;23.96826308;0.2790122724;5.579808492;0.247425482;23.99487595,14.0
Expected-AoI Bayes-Safe,8,0,464.7391891891892,26.50027027027027,24.850864864864864,44.0,77.0,63.8527027027027,0.06157657657657658,0.02213963963963964,0.14389639639639643,0.03783783783783784,0.8287786498845335,27.0,139.0,0.053513513513513515,594,11100,0.21950042997995034,0.40175020527983984,23.997300569123876,0.4064864864864865,True,True,0.95;0.2315765095;0.95;0.8081176242;0.6281327393;0.795200025;0.3394136806;0.9476946562;0.5005847781;0.95;0.23436609;0.2528380647,0.3369544871;1.95400716;0.2191119648;0.5235225351;0.7414402559;0.5383055036;1.361973486;0.3438720469;0.9427001774;0.2738400263;1.931388168;1.795260579,4.875945946;26.50027027;5.971081081;7.641891892;9.117567568;7.003783784;15.47864865;5.176756757;14.83675676;6.206216216;23.50135135;21.20189189,0.08432969056;0.4003074127;0.05726520809;0.1388042181;0.1993873121;0.145196998;0.3854016865;0.08122815378;0.2766952413;0.06483347649;0.3988055569;0.4017502053,0.212972973;0.03783783784;0.2067567568;0.1943243243;0.152972973;0.1935135135;0.09675675676;0.2032432432;0.1197297297;0.2024324324;0.04891891892;0.0572972973,0.3369544871;23.99730057;0.2191119648;2.288063378;4.428805119;1.644749533;23.79446221;0.3438720469;9.167504436;0.2738400263;23.9869149;23.99239201,14.0
Expected-AoI Bayes-Safe,8,1,634.8902702702703,34.62837837837838,31.91108108108108,60.0,93.0,79.88153153153154,0.11887387387387387,0.049414414414414416,0.1216891891891892,0.03054054054054054,0.6930417935951417,35.0,153.0,0.129009009009009,1432,11100,0.28009990266373835,0.40355242135467256,23.997954114979258,0.4064864864864865,True,True,0.5605092249;0.2181252996;0.2316669551;0.3707979081;0.95;0.95;0.2020086086;0.95;0.325972712;0.8362721814;0.2993435181;0.2334007936,0.8400796556;2.072097608;1.953264399;1.254604531;0.2976063768;0.2276934429;2.237061952;0.2579608484;1.414030367;0.4910760745;1.530799061;1.939147999,9.959189189;34.62837838;25.16162162;19.93945946;4.586486486;4.982972973;29.68783784;4.936216216;15.86108108;6.187297297;19.6127027;25.41405405,0.2572460135;0.3948185984;0.3985715192;0.3801112646;0.07737765796;0.0640003191;0.3972296493;0.06532684188;0.3909602879;0.1389612568;0.393043002;0.4035524214,0.1643243243;0.03675675676;0.04459459459;0.08351351351;0.2224324324;0.242972973;0.03054054054;0.2232432432;0.0827027027;0.2148648649;0.06864864865;0.04567567568,3.600796556;23.99795411;23.99172785;23.85785373;0.2976063768;0.2276934429;23.99607305;0.2579608484;23.92519693;1.492912894;23.99099895;23.9967316,14.0
Expected-AoI Bayes-Safe,8,2,554.2870270270271,33.59945945945946,29.54313513513513,50.0,90.0,72.7054054054054,0.08202702702702702,0.031103603603603605,0.13015765765765766,0.03567567567567568,0.8357876532176216,32.0,168.0,0.07990990990990991,887,11100,0.24024353855780248,0.3974754464860774,23.999999667560033,0.4064864864864865,True,True,0.2983974043;0.4720337023;0.7619171253;0.95;0.6042558466;0.7527600943;0.6803453125;0.2438339011;0.7053294905;0.1925045361;0.95;0.2931742638,1.535332493;0.9986066978;0.5764720931;0.328976203;0.7746227687;0.5870535051;0.6736618433;1.858825842;0.6430324214;2.34929577;0.2710575607;1.560894842,18.17351351;13.2172973;9.525405405;4.918108108;11.17594595;9.586486486;12.53108108;26.22432432;8.408648649;33.59945946;5.014864865;20.33459459,0.3925471725;0.2736722139;0.1529988096;0.07770951389;0.2179411628;0.1612017192;0.1838914762;0.3973868219;0.1701429029;0.3974754465;0.06520033216;0.3927548912,0.07027027027;0.1221621622;0.1664864865;0.2010810811;0.15;0.1751351351;0.1478378378;0.04945945946;0.1686486486;0.03567567568;0.2089189189;0.06621621622,23.95515598;10.34705452;2.247081397;0.328976203;3.320850455;4.411605154;8.083517143;23.97714588;2.445486321;23.99999967;0.2710575607;23.98774009,14.0
Expected-AoI Bayes-Safe,8,3,665.0572972972973,31.02972972972973,27.797216216216214,57.0,94.0,78.26036036036037,0.10966216216216217,0.041283783783783785,0.10637387387387387,0.04,0.7335939601663539,41.0,212.0,0.11675675675675676,1296,11100,0.3171997583068955,0.39843240741143093,23.99722930905891,0.4064864864864865,True,True,0.2469621281;0.8215561338;0.8932287906;0.3220866759;0.225348274;0.2465631425;0.4834834838;0.2778755806;0.2645088005;0.3014458345;0.9387067142;0.2969367479,1.836175919;0.5080937316;0.4222105672;1.429873819;2.006740312;1.839030251;0.9755450403;1.641436133;1.719737046;1.520828652;0.3585144156;1.542388958,20.91594595;6.795135135;5.282702703;17.04486486;31.02972973;23.34324324;13.73135135;18.59567568;25.15243243;21.00108108;4.848918919;17.21135135,0.3960184819;0.1428155354;0.1118287448;0.3984324074;0.3980938888;0.3946459511;0.3129653954;0.3930574091;0.3973986957;0.3851395803;0.09040377021;0.3855972396,0.05351351351;0.2010810811;0.2154054054;0.08243243243;0.04;0.04675675676;0.1308108108;0.07216216216;0.06405405405;0.07891891892;0.2154054054;0.07594594595,23.99587021;1.264749852;0.5110528362;23.99397502;23.99722931;23.99078305;23.90824746;23.99552575;23.99474092;23.99495795;0.3585144156;23.97757587,14.0
Expected-AoI Bayes-Safe,8,4,592.0562162162162,25.015135135135136,24.256283783783783,50.0,80.0,68.05630630630631,0.08540540540540541,0.02774774774774775,0.10515765765765765,0.0472972972972973,0.8846519295296429,39.0,139.0,0.0372972972972973,414,11100,0.2834799128783069,0.39714046969705247,23.997664820121763,0.4064864864864865,True,True,0.662118963;0.6741961796;0.3640876;0.2460798207;0.2372011855;0.4128728207;0.5024050881;0.4159209977;0.2309431598;0.4380235493;0.7287104513;0.5641011845,0.6966749552;0.6813572012;1.27608378;1.842501298;1.908996959;1.13470463;0.9393093506;1.126874486;1.959226317;1.072981387;0.6151471375;0.8344446437,10.4727027;9.952972973;16.95702703;20.89081081;25.01513514;17.44810811;12.1772973;16.63243243;23.63540541;15.0827027;9.352162162;11.41567568,0.192056339;0.1705234509;0.3245391452;0.3963867657;0.3885066784;0.3263042505;0.255136729;0.2926828057;0.3971404697;0.2812951205;0.1527892485;0.2243979515,0.1432432432;0.1475675676;0.08594594595;0.05783783784;0.0472972973;0.1008108108;0.1243243243;0.09945945946;0.04810810811;0.1067567568;0.1635135135;0.137027027,3.340149194;2.976286414;23.93901609;23.99766482;23.99379929;23.95991487;7.446877661;23.94372431;23.99288451;11.3515533;1.690882825;4.620003587,14.0
Expected-AoI Bayes-Safe,8,5,531.3791891891892,27.373243243243245,25.70391891891892,48.0,80.0,67.31801801801802,0.07373873873873873,0.026238738738738738,0.1263063063063063,0.04108108108108108,0.8389030690362982,33.0,140.0,0.042522522522522525,472,11100,0.25644695786964905,0.39715133083003396,23.99626068267964,0.4064864864864865,True,True,0.9411489522;0.4821824971;0.3825098869;0.7544254172;0.3523107703;0.8677360717;0.95;0.2189202535;0.8265150398;0.3376263363;0.2625732011;0.2699141276,0.3546353857;0.9781203331;1.218803669;0.5851252029;1.315645181;0.4538598372;0.2241414152;2.064668323;0.5023771293;1.368663091;1.731770293;1.687095206,5.588648649;13.30891892;15.23864865;7.398918919;15.40243243;6.259459459;5.693243243;27.37324324;8.260540541;17.72459459;19.9027027;24.33810811,0.08204537571;0.2833905398;0.3557589088;0.1448580232;0.3562909381;0.1073317183;0.05446030603;0.396751129;0.1302107208;0.380636303;0.3884782009;0.3971513308,0.1951351351;0.1227027027;0.1035135135;0.1794594595;0.1002702703;0.1810810811;0.1994594595;0.04108108108;0.1802702703;0.08351351351;0.0672972973;0.06189189189,0.3546353857;14.45609133;16.05984583;1.510751217;23.78629217;0.7231590234;0.2241414152;23.99194772;1.116639905;23.98427696;23.99626068;23.98047262,14.0
Expected-AoI Bayes-Safe,8,6,385.5889189189189,22.436486486486487,18.861337837837834,36.0,60.0,51.23153153153153,0.0359009009009009,0.009887387387387387,0.15313063063063062,0.06297297297297297,0.9152434246034526,24.0,164.0,0.012342342342342343,137,11100,0.1782591730126616,0.3746758248991565,23.99171330668078,0.4064864864864865,True,True,0.6600953202;0.4082536129;0.95;0.8542797728;0.5796663152;0.95;0.7238759829;0.298421524;0.95;0.3698913443;0.95;0.5870736138,0.6992694381;1.146768836;0.2551559305;0.4699577518;0.8105930222;0.2156180293;0.6208604762;1.535216558;0.2628816135;1.257463669;0.2571157349;0.7995478023,9.831081081;15.83405405;5.014594595;6.340540541;9.972432432;5.157297297;9.365675676;22.43648649;4.670810811;15.93621622;5.11972973;11.6127027,0.1922045996;0.3223350243;0.05758248702;0.1141870321;0.2015528596;0.05017489817;0.1422945092;0.3746758249;0.06060486927;0.3381557704;0.06233319302;0.2230090087,0.1708108108;0.09567567568;0.2002702703;0.1878378378;0.137027027;0.1954054054;0.1497297297;0.06297297297;0.2027027027;0.09216216216;0.202972973;0.14,8.373699772;12.75596411;0.2551559305;0.7497887589;5.043639512;0.2156180293;2.071186191;23.99171331;0.2628816135;19.00383054;0.2571157349;7.987790663,14.0
Expected-AoI Bayes-Safe,8,7,430.33,26.66891891891892,26.479094594594596,44.0,72.0,61.8963963963964,0.06051801801801802,0.020653153153153154,0.1549099099099099,0.04027027027027027,0.8347227592137513,23.0,144.0,0.057207207207207206,635,11100,0.19742094529325135,0.39831410988022425,23.998445593946666,0.4064864864864865,True,True,0.95;0.8194645516;0.5139536145;0.1957148488;0.2668165055;0.95;0.9166527097;0.2817874583;0.4060368001;0.95;0.95;0.8957240492,0.2129344738;0.5105004868;0.9182376412;2.309972111;1.705631049;0.2143947682;0.3910280632;1.619983796;1.152645744;0.2643493157;0.2202876177;0.4190042049,5.522702703;6.437567568;12.62837838;26.66891892;26.32378378;5.21027027;5.958918919;20.67621622;13.69756757;5.363243243;4.186756757;5.457837838,0.05156467258;0.128039041;0.2893689432;0.3983141099;0.3964439735;0.05168652249;0.1015616132;0.3914231118;0.3320865846;0.06537287131;0.05560773918;0.1075821607,0.2102702703;0.1937837838;0.132972973;0.04027027027;0.04918918919;0.207027027;0.2105405405;0.06243243243;0.1081081081;0.2048648649;0.2294594595;0.21,0.2129344738;1.505004868;12.53831744;23.99776885;23.99844559;0.2143947682;0.3910280632;23.99416663;15.06905848;0.2643493157;0.2202876177;0.5520336396,14.0
Expected-AoI Bayes-Safe,8,8,517.4418918918919,27.476216216216216,27.2965,48.0,90.0,71.76081081081081,0.07288288288288289,0.029076576576576578,0.1379954954954955,0.03702702702702703,0.8204014341109769,29.0,192.0,0.07396396396396396,821,11100,0.2328658931844112,0.3987491497171563,23.997874648177344,0.4064864864864865,True,True,0.924502767;0.7675714746;0.2938168902;0.223720696;0.8564804989;0.95;0.4732619221;0.198994158;0.3554966144;0.365156396;0.95;0.8950142286,0.3798996382;0.5699618165;1.557699888;2.021057334;0.4673466129;0.2347890628;0.9960890923;2.271318822;1.304697623;1.272612991;0.2590903055;0.4199186836,4.982972973;7.79972973;19.69702703;27.14945946;8.189459459;4.774864865;16.09;27.47621622;16.14;16.8872973;5.247567568;6.006216216,0.0942561805;0.1494224222;0.3877409722;0.3987491497;0.1189839214;0.05761850515;0.2907503297;0.3965599889;0.3776570686;0.3460131536;0.06428240552;0.1123566208,0.2045945946;0.1821621622;0.07243243243;0.04702702703;0.1794594595;0.2094594595;0.1172972973;0.03702702703;0.1024324324;0.08783783784;0.2067567568;0.2094594595,0.3798996382;1.419770899;23.99787465;23.980819;0.87142629;0.2347890628;20.63574188;23.99692701;23.897948;23.99497158;0.2590903055;0.5792681526,14.0
Expected-AoI Bayes-Safe,8,9,652.0391891891892,32.99027027027027,32.11636486486486,61.0,107.0,86.37072072072073,0.10743243243243243,0.05162162162162162,0.1250900900900901,0.0372972972972973,0.7475078480419781,33.75,204.0,0.13567567567567568,1506,11100,0.2620571536680007,0.39949312644280854,23.997904663082025,0.4064864864864865,True,True,0.3257577326;0.6871221964;0.2523803769;0.1963495047;0.5437054116;0.2493362779;0.95;0.4363495231;0.95;0.6652629851;0.95;0.2127973752,1.414897118;0.6652565043;1.798374164;2.302374716;0.8671448273;1.819394726;0.209506079;1.076896197;0.2790122724;0.6926602831;0.247425482;2.123503268,19.88648649;8.476216216;31.40135135;32.99027027;12.84513514;26.42405405;4.292702703;15.52351351;4.887837838;8.990540541;4.423513514;26.37756757,0.3866110773;0.1702697053;0.3966144103;0.3994931264;0.261549629;0.3978081982;0.05271625933;0.3472262602;0.07020552043;0.2014330985;0.06245821626;0.3983003428,0.07351351351;0.1702702703;0.04459459459;0.0372972973;0.1378378378;0.04594594595;0.2213513514;0.1124324324;0.2181081081;0.1808108108;0.2213513514;0.03756756757,23.98732506;2.787308539;23.99685931;23.99790466;8.542896546;23.99407707;0.209506079;15.59930112;0.2790122724;3.501827643;0.247425482;23.99487595,14.0
Perfect-AoI Bayes-Safe,2,0,479.7818918918919,28.176756756756756,26.335445945945942,46.0,82.0,67.38333333333334,0.06621621621621622,0.02578828828828829,0.12123873873873876,0.02810810810810811,0.7650981840334229,29.0,149.0,0.0972972972972973,1080,11100,0.220217101739542,0.39449820221910303,23.9985858874378,0.4064864864864865,True,True,0.95;0.2315765095;0.95;0.8081176242;0.6281327393;0.795200025;0.3394136806;0.9476946562;0.5005847781;0.95;0.23436609;0.2528380647,0.3369544871;1.95400716;0.2191119648;0.5235225351;0.7414402559;0.5383055036;1.361973486;0.3438720469;0.9427001774;0.2738400263;1.931388168;1.795260579,4.756486486;28.17675676;5.185135135;6.959189189;9.097837838;6.721081081;16.59972973;4.841081081;14.46135135;5.155675676;23.23324324;24.82891892,0.08205297105;0.3944982022;0.05596238019;0.1339934705;0.2178231238;0.1524713967;0.3923956044;0.07909057078;0.2873961622;0.06039282742;0.3925415953;0.3939869163,0.1981081081;0.02810810811;0.1921621622;0.1659459459;0.12;0.1710810811;0.05891891892;0.1864864865;0.07810810811;0.1891891892;0.03351351351;0.03324324324,0.3369544871;23.99443673;0.2191119648;2.688063378;10.45761024;5.008831152;23.99348911;0.3438720469;14.65290479;0.2738400263;23.99858589;23.99428066,14.0
Perfect-AoI Bayes-Safe,2,1,675.5791891891892,35.94405405405406,33.61458108108108,65.0,108.0,88.41621621621621,0.12545045045045045,0.0597972972972973,0.10209459459459459,0.024054054054054055,0.6058451538671377,38.0,251.0,0.17873873873873874,1984,11100,0.27941979236879394,0.3988355748713061,23.998923633470298,0.4064864864864865,True,True,0.5605092249;0.2181252996;0.2316669551;0.3707979081;0.95;0.95;0.2020086086;0.95;0.325972712;0.8362721814;0.2993435181;0.2334007936,0.8400796556;2.072097608;1.953264399;1.254604531;0.2976063768;0.2276934429;2.237061952;0.2579608484;1.414030367;0.4910760745;1.530799061;1.939147999,9.246216216;35.94405405;28.14648649;18.91540541;4.437837838;4.649189189;31.70864865;4.25;15.85837838;5.792162162;22.63594595;28.99918919,0.2729123638;0.3858581763;0.3948761541;0.38824924;0.07786026289;0.06172338467;0.3942065926;0.06504796529;0.3871385842;0.1394921498;0.3868370599;0.3988355749,0.1262162162;0.02459459459;0.02783783784;0.05432432432;0.2108108108;0.2237837838;0.02405405405;0.2205405405;0.05081081081;0.1935135135;0.04027027027;0.02837837838,15.56390313;23.99795411;23.99586392;23.99652819;0.2976063768;0.2276934429;23.989346;0.2579608484;23.99892363;2.185825789;23.99317275;23.99511572,14.0
Perfect-AoI Bayes-Safe,2,2,555.6348648648649,34.597567567567566,28.977459459459453,50.0,89.0,72.71756756756757,0.08065315315315315,0.031081081081081083,0.10054054054054053,0.023243243243243242,0.7764530955576022,35.0,198.0,0.0963963963963964,1070,11100,0.2402909826199087,0.39620555688069053,23.99901394559365,0.4064864864864865,True,True,0.2983974043;0.4720337023;0.7619171253;0.95;0.6042558466;0.7527600943;0.6803453125;0.2438339011;0.7053294905;0.1925045361;0.95;0.2931742638,1.535332493;0.9986066978;0.5764720931;0.328976203;0.7746227687;0.5870535051;0.6736618433;1.858825842;0.6430324214;2.34929577;0.2710575607;1.560894842,19.87513514;12.01810811;9.147027027;4.803783784;11.02702703;9.77;12.14810811;24.37918919;8.099459459;34.59756757;4.860810811;21.31189189,0.3883976252;0.3017411589;0.1548684488;0.07397518943;0.2215002403;0.1612017192;0.1826169808;0.3853295732;0.1786587376;0.3962055569;0.06058502775;0.3784115332,0.04054054054;0.08540540541;0.132972973;0.1832432432;0.1110810811;0.1310810811;0.1045945946;0.03378378378;0.1332432432;0.02324324324;0.1854054054;0.04189189189,23.99061455;21.94984112;3.341218607;0.328976203;10.3117969;7.882140205;11.24112111;23.97663478;6.0049078;23.99436583;0.2710575607;23.99901395,14.0
Perfect-AoI Bayes-Safe,2,3,673.5108108108108,29.082702702702704,27.544486486486488,55.0,89.0,75.09954954954955,0.10797297297297297,0.03891891891891892,0.08259009009009009,0.027297297297297296,0.610607512037427,46.0,212.0,0.1636036036036036,1816,11100,0.31582735785912247,0.3986362510857494,23.999550925361206,0.4064864864864865,True,True,0.2469621281;0.8215561338;0.8932287906;0.3220866759;0.225348274;0.2465631425;0.4834834838;0.2778755806;0.2645088005;0.3014458345;0.9387067142;0.2969367479,1.836175919;0.5080937316;0.4222105672;1.429873819;2.006740312;1.839030251;0.9755450403;1.641436133;1.719737046;1.520828652;0.3585144156;1.542388958,21.17054054;6.392162162;5.357027027;18.45621622;29.0827027;25.07216216;14.08837838;18.84675676;26.28594595;19.39243243;4.787837838;16.06837838,0.3920483718;0.1463859237;0.1110299681;0.3937949788;0.3986362511;0.389675599;0.3274667405;0.3855156755;0.3885676136;0.3810292326;0.09059756179;0.3851803777,0.03486486486;0.1791891892;0.2013513514;0.05054054054;0.0272972973;0.02756756757;0.08891891892;0.04405405405;0.03567567568;0.04972972973;0.1994594595;0.05243243243,23.99541437;3.783280605;0.7109479412;23.99820303;23.99955093;23.9956318;23.98597266;23.99552575;23.99345712;23.98712082;0.3585144156;23.96912419,14.0
Perfect-AoI Bayes-Safe,2,4,624.1124324324325,28.318378378378377,26.94843243243243,51.0,91.0,73.58558558558559,0.08837837837837838,0.0318018018018018,0.07157657657657657,0.026216216216216216,0.8319448480738801,44.0,224.0,0.06747747747747748,749,11100,0.28082979029312266,0.38549101591927226,23.998531796025404,0.4064864864864865,True,True,0.662118963;0.6741961796;0.3640876;0.2460798207;0.2372011855;0.4128728207;0.5024050881;0.4159209977;0.2309431598;0.4380235493;0.7287104513;0.5641011845,0.6966749552;0.6813572012;1.27608378;1.842501298;1.908996959;1.13470463;0.9393093506;1.126874486;1.959226317;1.072981387;0.6151471375;0.8344446437,10.45162162;9.014864865;17.30351351;25.82756757;22.81;16.64405405;12.2972973;17.79594595;28.31837838;15.51702703;9.665945946;11.14081081,0.1978933454;0.1791785289;0.3135027449;0.3774637794;0.3699326539;0.324157512;0.2594524747;0.2890280777;0.3854910159;0.2897049746;0.147801569;0.2363508072,0.1032432432;0.12;0.0472972973;0.03621621622;0.02945945946;0.06648648649;0.08216216216;0.06189189189;0.02621621622;0.06756756757;0.1218918919;0.09648648649,12.04704794;9.122073237;23.89985389;23.99257917;23.9979331;23.95991487;14.56546753;23.97809674;23.9985318;19.11987816;4.087795612;11.73000538,14.0
Perfect-AoI Bayes-Safe,2,5,555.6121621621621,27.273513513513514,25.814824324324324,48.0,89.0,70.53063063063063,0.07484234234234234,0.026711711711711713,0.09734234234234235,0.027297297297297296,0.7273551207133994,37.0,206.0,0.08189189189189189,909,11100,0.25485384983494414,0.38503274125710363,23.99903658647968,0.4064864864864865,True,True,0.9411489522;0.4821824971;0.3825098869;0.7544254172;0.3523107703;0.8677360717;0.95;0.2189202535;0.8265150398;0.3376263363;0.2625732011;0.2699141276,0.3546353857;0.9781203331;1.218803669;0.5851252029;1.315645181;0.4538598372;0.2241414152;2.064668323;0.5023771293;1.368663091;1.731770293;1.687095206,5.677027027;12.69864865;14.70594595;8.202702703;16.87540541;6.298108108;5.514864865;24.62135135;7.371621622;20.59594595;22.38459459;27.27351351,0.07916995366;0.3040103738;0.3590529728;0.1502348494;0.3555797786;0.1090490258;0.05349104585;0.3850327413;0.1329262729;0.3662098542;0.3786492343;0.3848400955,0.1740540541;0.08297297297;0.05945945946;0.1491891892;0.05432432432;0.1608108108;0.1848648649;0.0272972973;0.1581081081;0.04540540541;0.03540540541;0.03621621622,0.3546353857;15.12789632;23.99831188;5.768630883;23.99451687;1.100177884;0.2241414152;23.99272794;2.140411198;23.99903659;23.99673558;23.99661576,14.0
Perfect-AoI Bayes-Safe,2,6,382.60513513513513,21.306216216216217,19.190054054054052,35.0,61.0,50.88918918918919,0.03322072072072072,0.010202702702702703,0.12448198198198197,0.041891891891891894,0.8513259042031929,26.0,167.0,0.018828828828828827,209,11100,0.18033920882834284,0.3672072038048208,23.991713306680786,0.4064864864864865,True,True,0.6600953202;0.4082536129;0.95;0.8542797728;0.5796663152;0.95;0.7238759829;0.298421524;0.95;0.3698913443;0.95;0.5870736138,0.6992694381;1.146768836;0.2551559305;0.4699577518;0.8105930222;0.2156180293;0.6208604762;1.535216558;0.2628816135;1.257463669;0.2571157349;0.7995478023,9.039189189;16.02378378;5.614864865;6.248378378;9.887297297;5.024864865;9.401081081;21.30621622;4.633783784;17.45864865;5.094864865;10.84405405,0.2018431784;0.3350424627;0.05489300559;0.1106305951;0.2190791952;0.04772734216;0.1523625169;0.3672072038;0.05747870954;0.3357767851;0.05837222089;0.2236572907,0.1256756757;0.05864864865;0.1843243243;0.1643243243;0.09945945946;0.1778378378;0.1202702703;0.04189189189;0.1878378378;0.05432432432;0.18;0.09918918919,10.77369977;23.872286;0.2551559305;0.9596620142;14.7813488;0.2156180293;5.30065143;23.99171331;0.2628816135;23.98295859;0.2571157349;15.18326869,14.0
Perfect-AoI Bayes-Safe,2,7,416.18756756756756,27.057027027027026,25.469310810810807,42.0,71.0,60.36441441441441,0.054436936936936936,0.01864864864864865,0.1334009009009009,0.027297297297297296,0.7774780839915605,25.0,139.0,0.0718018018018018,797,11100,0.19862956821084257,0.39768979309357816,23.998884423624897,0.4064864864864865,True,True,0.95;0.8194645516;0.5139536145;0.1957148488;0.2668165055;0.95;0.9166527097;0.2817874583;0.4060368001;0.95;0.95;0.8957240492,0.2129344738;0.5105004868;0.9182376412;2.309972111;1.705631049;0.2143947682;0.3910280632;1.619983796;1.152645744;0.2643493157;0.2202876177;0.4190042049,5.542702703;6.707027027;11.99864865;27.05702703;24.17027027;5.039459459;5.609459459;20.42432432;12.64108108;5.150810811;4.099459459;5.591621622,0.05029857571;0.1303845838;0.3149306937;0.3976897931;0.388146309;0.05157063343;0.09849679863;0.3901096115;0.3376940504;0.06351528152;0.05370254897;0.1070159388,0.1932432432;0.1656756757;0.08945945946;0.0272972973;0.03351351351;0.1964864865;0.1940540541;0.03945945946;0.06918918919;0.1927027027;0.2135135135;0.1862162162,0.2129344738;2.625515092;22.05019951;23.99888442;23.99844559;0.2143947682;0.3910280632;23.9944907;23.99103184;0.2643493157;0.2202876177;0.5900420495,14.0
Perfect-AoI Bayes-Safe,2,8,532.7481081081081,29.807837837837837,28.651945945945943,48.0,94.0,73.27747747747748,0.07252252252252252,0.029864864864864865,0.11385135135135134,0.026216216216216216,0.7311808600828005,31.0,225.0,0.10198198198198198,1132,11100,0.23225988240533843,0.39164902925143746,23.998591499903647,0.4064864864864865,True,True,0.924502767;0.7675714746;0.2938168902;0.223720696;0.8564804989;0.95;0.4732619221;0.198994158;0.3554966144;0.365156396;0.95;0.8950142286,0.3798996382;0.5699618165;1.557699888;2.021057334;0.4673466129;0.2347890628;0.9960890923;2.271318822;1.304697623;1.272612991;0.2590903055;0.4199186836,4.641081081;7.718108108;19.91027027;27.70621622;7.841891892;4.28027027;15.88324324;29.80783784;16.08918919;16.76108108;5.183243243;5.347297297,0.09281872241;0.1540437342;0.3713219734;0.3911019057;0.1221416688;0.05647628809;0.3063646992;0.3916490293;0.3773044476;0.350828446;0.06400230789;0.1090653662,0.1910810811;0.1508108108;0.04108108108;0.03189189189;0.1537837838;0.2027027027;0.08;0.02621621622;0.05648648649;0.04918918919;0.1924324324;0.1905405405,0.3798996382;2.949427248;23.99338414;23.97974681;1.746932257;0.2347890628;17.82792006;23.9985915;23.99190045;23.99622869;0.2590903055;0.6191055198,14.0
Perfect-AoI Bayes-Safe,2,9,622.5227027027028,33.16594594594594,30.299405405405402,55.0,99.0,80.08288288288288,0.09427927927927927,0.04108108108108108,0.10254504504504504,0.024324324324324326,0.668237991365757,37.0,203.0,0.14945945945945946,1659,11100,0.2620014994599676,0.39715250315115797,23.998222243977384,0.4064864864864865,True,True,0.3257577326;0.6871221964;0.2523803769;0.1963495047;0.5437054116;0.2493362779;0.95;0.4363495231;0.95;0.6652629851;0.95;0.2127973752,1.414897118;0.6652565043;1.798374164;2.302374716;0.8671448273;1.819394726;0.209506079;1.076896197;0.2790122724;0.6926602831;0.247425482;2.123503268,18.05243243;7.691621622;24.54054054;33.16594595;12.35108108;25.74459459;4.206216216;14.8327027;4.751891892;9.022972973;4.397837838;27.95405405,0.3801101986;0.1803384524;0.3917539396;0.3957595458;0.2683461695;0.3923991869;0.05039470548;0.3457709951;0.06884816343;0.2132270439;0.05991708969;0.3971525032,0.04324324324;0.1418918919;0.0327027027;0.02432432432;0.09621621622;0.02864864865;0.2105405405;0.07027027027;0.2048648649;0.1424324324;0.2067567568;0.02864864865,23.99810689;4.909360573;23.98376384;23.99736337;11.68435861;23.99036754;0.209506079;23.41447069;0.2790122724;10.710995;0.247425482;23.99822224,14.0
Perfect-AoI Bayes-Safe,4,0,498.3216216216216,28.424594594594595,27.8905,48.0,86.0,70.90855855855855,0.07112612612612612,0.029054054054054056,0.11340090090090092,0.02945945945945946,0.7666602494105018,29.0,263.0,0.11774774774774775,1307,11100,0.22179269613070338,0.3973833552224503,23.998585887437834,0.4064864864864865,True,True,0.95;0.2315765095;0.95;0.8081176242;0.6281327393;0.795200025;0.3394136806;0.9476946562;0.5005847781;0.95;0.23436609;0.2528380647,0.3369544871;1.95400716;0.2191119648;0.5235225351;0.7414402559;0.5383055036;1.361973486;0.3438720469;0.9427001774;0.2738400263;1.931388168;1.795260579,5.163243243;27.45351351;5.426216216;7.514054054;9.150540541;7.007297297;17.17648649;5.061351351;14.38351351;5.727297297;23.66162162;28.42459459,0.07986732032;0.3908014319;0.05383047999;0.1396531736;0.2166207883;0.1504345651;0.395340412;0.07639535744;0.3072693011;0.05876458942;0.3951515793;0.3973833552,0.1827027027;0.02945945946;0.18;0.1556756757;0.1118918919;0.1581081081;0.05621621622;0.1754054054;0.07216216216;0.1786486486;0.03108108108;0.02945945946,0.3369544871;23.99730057;0.2191119648;3.735108448;11.41250355;5.823747663;23.99301899;0.3438720469;21.84850976;0.2738400263;23.99858589;23.9962049,14.0
Perfect-AoI Bayes-Safe,4,1,663.0478378378378,37.69567567567567,34.86689189189189,65.0,112.0,89.83738738738738,0.12200450450450451,0.05837837837837838,0.09846846846846848,0.023783783783783784,0.6071009501507527,38.849999999999454,230.0,0.21162162162162163,2349,11100,0.2801059932801954,0.39988376297872086,23.998923633470323,0.4064864864864865,True,True,0.5605092249;0.2181252996;0.2316669551;0.3707979081;0.95;0.95;0.2020086086;0.95;0.325972712;0.8362721814;0.2993435181;0.2334007936,0.8400796556;2.072097608;1.953264399;1.254604531;0.2976063768;0.2276934429;2.237061952;0.2579608484;1.414030367;0.4910760745;1.530799061;1.939147999,9.563513514;37.69567568;26.90783784;18.89216216;4.463243243;5.367567568;32.55243243;4.500540541;15.52621622;5.908918919;23.30864865;24.94594595,0.2772262864;0.3841780971;0.3954040634;0.3896055692;0.07777982874;0.06000029916;0.3923927586;0.06400217806;0.3947819916;0.1404212127;0.3855958715;0.399883763,0.1124324324;0.02378378378;0.02864864865;0.05135135135;0.2086486486;0.2164864865;0.02378378378;0.2132432432;0.05054054054;0.1832432432;0.03621621622;0.03324324324,19.36589452;23.98898192;23.99586392;23.99262915;0.2976063768;0.2276934429;23.99136411;0.2579608484;23.99892363;2.732282236;23.99627505;23.99511572,14.0
Perfect-AoI Bayes-Safe,4,2,555.5775675675676,29.033243243243245,27.097689189189186,50.0,83.0,69.68783783783783,0.07932432432432432,0.029977477477477477,0.0919144144144144,0.025135135135135135,0.7823789890166222,37.0,198.0,0.10522522522522522,1168,11100,0.2414259155115511,0.396840501683384,23.999999335119877,0.4064864864864865,True,True,0.2983974043;0.4720337023;0.7619171253;0.95;0.6042558466;0.7527600943;0.6803453125;0.2438339011;0.7053294905;0.1925045361;0.95;0.2931742638,1.535332493;0.9986066978;0.5764720931;0.328976203;0.7746227687;0.5870535051;0.6736618433;1.858825842;0.6430324214;2.34929577;0.2710575607;1.560894842,19.8372973;13.03756757;9.708378378;5.329189189;11.37702703;10.26135135;12.34216216;25.51405405;8.827567568;29.03324324;5.099189189;22.79,0.3809284401;0.3065992456;0.1534662194;0.06899609014;0.2290371105;0.1627883503;0.1924488023;0.3883438854;0.1779635674;0.3968405017;0.05706860534;0.382630168,0.03945945946;0.07756756757;0.1154054054;0.1667567568;0.09945945946;0.1213513514;0.09756756757;0.03054054054;0.1178378378;0.02513513514;0.1724324324;0.03945945946,23.99791679;23.86902959;4.105913955;0.328976203;10.3117969;9.004461235;11.24112111;23.97683136;7.290972643;23.99999934;0.2710575607;23.99901395,14.0
Perfect-AoI Bayes-Safe,4,3,673.6132432432432,28.345675675675675,27.389716216216215,56.0,84.0,72.89234234234235,0.11168918918918919,0.038288288288288286,0.07828828828828828,0.027567567567567567,0.6102362888735621,47.0,155.0,0.21,2331,11100,0.3172685872113243,0.3975515265929991,23.998716198868156,0.4064864864864865,True,True,0.2469621281;0.8215561338;0.8932287906;0.3220866759;0.225348274;0.2465631425;0.4834834838;0.2778755806;0.2645088005;0.3014458345;0.9387067142;0.2969367479,1.836175919;0.5080937316;0.4222105672;1.429873819;2.006740312;1.839030251;0.9755450403;1.641436133;1.719737046;1.520828652;0.3585144156;1.542388958,23.74;6.795675676;5.205135135;18.05594595;28.34567568;26.60756757;12.76351351;18.47108108;22.21702703;20.98054054;4.855405405;18.63837838,0.3940334269;0.1446007295;0.1094324146;0.3957272407;0.3975515266;0.3916637399;0.3374858518;0.3921701463;0.3941451392;0.3843175107;0.08633414711;0.3797611733,0.03108108108;0.1662162162;0.1924324324;0.04837837838;0.02756756757;0.02837837838;0.08567567568;0.04432432432;0.0372972973;0.04378378378;0.1910810811;0.04324324324,23.98868334;3.102343289;0.7109479412;23.99608902;23.99535677;23.99078305;23.98938661;23.99552575;23.9987162;23.99540734;0.3585144156;23.99206523,14.0
Perfect-AoI Bayes-Safe,4,4,634.7835135135135,27.73675675675676,27.61085135135135,51.0,86.0,71.65,0.08806306306306307,0.03063063063063063,0.06346846846846847,0.025945945945945945,0.8448536333352058,47.0,152.0,0.06765765765765766,751,11100,0.2805769078577551,0.3796662890303822,23.997933097420244,0.4064864864864865,True,True,0.662118963;0.6741961796;0.3640876;0.2460798207;0.2372011855;0.4128728207;0.5024050881;0.4159209977;0.2309431598;0.4380235493;0.7287104513;0.5641011845,0.6966749552;0.6813572012;1.27608378;1.842501298;1.908996959;1.13470463;0.9393093506;1.126874486;1.959226317;1.072981387;0.6151471375;0.8344446437,11.36783784;9.218648649;17.26702703;20.95864865;27.73675676;17.23324324;12.60054054;17.70567568;27.50783784;17.09621622;9.979459459;11.41216216,0.2010942844;0.1731015592;0.3135027449;0.3794556727;0.3709645442;0.3312110813;0.2642759551;0.2765410901;0.379666289;0.285645045;0.1487991049;0.2426655234,0.08648648649;0.1054054054;0.04432432432;0.03459459459;0.02864864865;0.05783783784;0.0727027027;0.05567567568;0.02594594595;0.05756756757;0.1105405405;0.08189189189,12.84704794;9.047502042;23.95859719;23.99257917;23.9979331;23.95991487;14.56546753;23.99056592;23.99435271;21.95993908;4.487795612;12.16445002,14.0
Perfect-AoI Bayes-Safe,4,5,584.6421621621622,31.94054054054054,28.68736486486486,51.0,97.0,76.28513513513514,0.08333333333333333,0.03421171171171171,0.09132882882882885,0.023783783783783784,0.7343601139674432,38.0,168.0,0.10639639639639639,1181,11100,0.25728410205158586,0.3898557839950388,23.998311877803793,0.4064864864864865,True,True,0.9411489522;0.4821824971;0.3825098869;0.7544254172;0.3523107703;0.8677360717;0.95;0.2189202535;0.8265150398;0.3376263363;0.2625732011;0.2699141276,0.3546353857;0.9781203331;1.218803669;0.5851252029;1.315645181;0.4538598372;0.2241414152;2.064668323;0.5023771293;1.368663091;1.731770293;1.687095206,5.962702703;14.28702703;15.68567568;7.463783784;16.24486486;6.583783784;5.695675676;31.94054054;7.702972973;22.00027027;20.43621622;26.02567568,0.07725300563;0.3148490045;0.3636646624;0.1451743071;0.3683806506;0.1069637238;0.05076500161;0.3861487782;0.1314327192;0.3728682152;0.3800533724;0.389855784,0.1632432432;0.07513513514;0.05756756757;0.1408108108;0.05297297297;0.1475675676;0.1721621622;0.02378378378;0.1467567568;0.04405405405;0.03837837838;0.03351351351,0.3546353857;23.76519098;23.99831188;5.768630883;23.95500181;1.908075443;0.2241414152;23.99744594;2.140411198;23.99443785;23.98640754;23.99661576,14.0
Perfect-AoI Bayes-Safe,4,6,390.6345945945946,21.755945945945946,19.542716216216213,35.0,62.0,51.52117117117117,0.03400900900900901,0.011103603603603603,0.11628378378378379,0.03864864864864865,0.8518397120884136,28.0,167.0,0.02981981981981982,331,11100,0.18293043737873282,0.3688668973813399,23.99773861940256,0.4064864864864865,True,True,0.6600953202;0.4082536129;0.95;0.8542797728;0.5796663152;0.95;0.7238759829;0.298421524;0.95;0.3698913443;0.95;0.5870736138,0.6992694381;1.146768836;0.2551559305;0.4699577518;0.8105930222;0.2156180293;0.6208604762;1.535216558;0.2628816135;1.257463669;0.2571157349;0.7995478023,9.193783784;16.11351351;5.728378378;6.302972973;9.671081081;5.185405405;9.728648649;21.75594595;4.856216216;17.73189189;5.458648649;11.22054054,0.2024101536;0.3499194639;0.0521345631;0.1106305951;0.226746967;0.04504668558;0.1555507193;0.3688668974;0.05520513883;0.342913741;0.05538411911;0.2303562047,0.1172972973;0.05594594595;0.1735135135;0.1524324324;0.09324324324;0.1656756757;0.1102702703;0.03864864865;0.1762162162;0.05351351351;0.1686486486;0.09,10.5751609;23.98181342;0.2551559305;2.078986043;16.45549996;0.2156180293;11.66388429;23.99773862;0.2628816135;23.99418699;0.2571157349;16.77829451,14.0
Perfect-AoI Bayes-Safe,4,7,437.49918918918917,28.642702702702703,27.87612162162162,43.0,76.0,63.28603603603604,0.05718468468468468,0.02036036036036036,0.12664414414414413,0.025675675675675677,0.7731243387586302,26.0,146.0,0.1009009009009009,1120,11100,0.20030723057742883,0.397065476306932,23.99888442362507,0.4064864864864865,True,True,0.95;0.8194645516;0.5139536145;0.1957148488;0.2668165055;0.95;0.9166527097;0.2817874583;0.4060368001;0.95;0.95;0.8957240492,0.2129344738;0.5105004868;0.9182376412;2.309972111;1.705631049;0.2143947682;0.3910280632;1.619983796;1.152645744;0.2643493157;0.2202876177;0.4190042049,5.292432432;6.595135135;12.38783784;28.6427027;27.24891892;5.16;5.987567568;18.93135135;13.18567568;5.377027027;4.376486486;5.376756757,0.04978062699;0.1284529603;0.3253539318;0.3970654763;0.3853804208;0.0500640756;0.09870816515;0.389671778;0.3585662841;0.06287226967;0.05132106121;0.1064497169,0.1859459459;0.1591891892;0.0827027027;0.02567567568;0.02864864865;0.1913513514;0.1843243243;0.03918918919;0.06378378378;0.18;0.2021621622;0.1767567568,0.2129344738;4.641020447;23.70307027;23.99888442;23.99689119;0.2143947682;0.3910280632;23.99805554;23.97991059;0.2643493157;0.2202876177;0.7990883039,14.0
Perfect-AoI Bayes-Safe,4,8,522.9435135135135,31.72054054054054,27.431729729729724,47.0,86.0,70.06261261261261,0.06995495495495495,0.02686936936936937,0.10707207207207207,0.025945945945945945,0.7395754959754921,33.0,223.0,0.11495495495495496,1276,11100,0.23451437535404251,0.39471837901046125,23.999945775035687,0.4064864864864865,True,True,0.924502767;0.7675714746;0.2938168902;0.223720696;0.8564804989;0.95;0.4732619221;0.198994158;0.3554966144;0.365156396;0.95;0.8950142286,0.3798996382;0.5699618165;1.557699888;2.021057334;0.4673466129;0.2347890628;0.9960890923;2.271318822;1.304697623;1.272612991;0.2590903055;0.4199186836,4.841081081;7.625135135;18.94054054;23.9227027;8.320540541;4.604324324;16.28864865;31.72054054;16.61108108;16.12567568;5.340810811;5.352702703,0.09014915738;0.1554301278;0.3692169735;0.3916481375;0.1222679787;0.05425531047;0.3244019882;0.394718379;0.3861199721;0.359083233;0.06190157568;0.1049796709,0.1783783784;0.14;0.04189189189;0.03081081081;0.1402702703;0.1905405405;0.07216216216;0.02594594595;0.05405405405;0.05189189189;0.1810810811;0.1778378378,0.3798996382;5.098854496;23.99338414;23.97974681;2.353051773;0.2347890628;20.87930557;23.9985915;23.99994578;23.99622869;0.2590903055;0.7186989379,14.0
Perfect-AoI Bayes-Safe,4,9,663.9345945945946,36.39027027027027,32.82567567567567,60.0,113.0,86.99774774774775,0.10578828828828829,0.04921171171171171,0.0956081081081081,0.021621621621621623,0.6712235680943818,39.0,220.0,0.1754954954954955,1948,11100,0.26427190815809515,0.3977264229533995,23.998640683480524,0.4064864864864865,True,True,0.3257577326;0.6871221964;0.2523803769;0.1963495047;0.5437054116;0.2493362779;0.95;0.4363495231;0.95;0.6652629851;0.95;0.2127973752,1.414897118;0.6652565043;1.798374164;2.302374716;0.8671448273;1.819394726;0.209506079;1.076896197;0.2790122724;0.6926602831;0.247425482;2.123503268,20.4172973;8.354324324;26.17540541;36.39027027;12.10540541;26.98756757;4.451621622;14.76297297;5.447567568;8.532972973;4.784864865;29.90918919,0.3896703143;0.1785404618;0.3922399866;0.3957595458;0.2814705237;0.3943661001;0.04869600754;0.3585773282;0.06560558837;0.2111677836;0.05744283487;0.397726423,0.04189189189;0.1291891892;0.03297297297;0.02162162162;0.08972972973;0.02891891892;0.1975675676;0.06324324324;0.1913513514;0.1324324324;0.1913513514;0.02702702703,23.99810689;6.366156103;23.99356324;23.99736337;13.43586205;23.99036754;0.209506079;23.8444604;0.2790122724;9.491731889;0.247425482;23.99864068,14.0
Perfect-AoI Bayes-Safe,8,0,488.6654054054054,30.096216216216217,26.760689189189186,46.0,86.0,69.21171171171171,0.06481981981981982,0.026486486486486487,0.10972972972972973,0.027297297297297296,0.7648895839037044,30.0,168.0,0.11567567567567567,1284,11100,0.22158335370072135,0.39462958247801977,23.99862288397781,0.4064864864864865,True,True,0.95;0.2315765095;0.95;0.8081176242;0.6281327393;0.795200025;0.3394136806;0.9476946562;0.5005847781;0.95;0.23436609;0.2528380647,0.3369544871;1.95400716;0.2191119648;0.5235225351;0.7414402559;0.5383055036;1.361973486;0.3438720469;0.9427001774;0.2738400263;1.931388168;1.795260579,5.134324324;30.09621622;5.415135135;6.980810811;9.272702703;7.154594595;16.47162162;5.070540541;15.27918919;5.685135135;24.03162162;22.74162162,0.07831915106;0.3944982022;0.05507408844;0.1376722775;0.2224320768;0.1489796853;0.3879783931;0.07611654227;0.3103267071;0.05898662188;0.3946295825;0.3939869163,0.1786486486;0.0272972973;0.1759459459;0.1508108108;0.1064864865;0.1489189189;0.05108108108;0.1740540541;0.06459459459;0.1724324324;0.03216216216;0.03432432432,0.3369544871;23.99862288;0.2191119648;3.735108448;17.00258534;5.730191691;23.99637554;0.3438720469;23.99120994;0.2738400263;23.99717177;23.99240981,14.0
Perfect-AoI Bayes-Safe,8,1,660.994054054054,36.32621621621622,32.33648648648648,63.0,105.0,86.78873873873874,0.11804054054054054,0.05472972972972973,0.09522522522522524,0.024594594594594593,0.6023668766663164,39.0,330.0,0.24387387387387388,2707,11100,0.28063591580346015,0.3977873867638913,23.999461816735188,0.4064864864864865,True,True,0.5605092249;0.2181252996;0.2316669551;0.3707979081;0.95;0.95;0.2020086086;0.95;0.325972712;0.8362721814;0.2993435181;0.2334007936,0.8400796556;2.072097608;1.953264399;1.254604531;0.2976063768;0.2276934429;2.237061952;0.2579608484;1.414030367;0.4910760745;1.530799061;1.939147999,9.536756757;36.32621622;28.8427027;20.54918919;4.547567568;4.58972973;29.07216216;4.588918919;16.46594595;5.856216216;22.52783784;23.68216216,0.2783615291;0.3914584401;0.3938203355;0.3892664869;0.07520593575;0.05938491147;0.3960204266;0.06393245891;0.384845562;0.1453319734;0.3922155431;0.3977873868,0.1032432432;0.02459459459;0.02837837838;0.04459459459;0.2010810811;0.2113513514;0.02513513514;0.2116216216;0.04243243243;0.1778378378;0.03918918919;0.03324324324,18.00557589;23.99795411;23.99722263;23.99912755;0.2976063768;0.2276934429;23.99405494;0.2579608484;23.99946182;3.132282236;23.99937734;23.99753954,14.0
Perfect-AoI Bayes-Safe,8,2,585.0935135135135,36.804054054054056,30.500459459459453,52.0,98.0,77.80945945945946,0.0833108108108108,0.03650900900900901,0.0877027027027027,0.021351351351351352,0.7755705671791295,38.0,165.0,0.1272072072072072,1412,11100,0.24146832403309518,0.3936657776699168,23.999999335119945,0.4064864864864865,True,True,0.2983974043;0.4720337023;0.7619171253;0.95;0.6042558466;0.7527600943;0.6803453125;0.2438339011;0.7053294905;0.1925045361;0.95;0.2931742638,1.535332493;0.9986066978;0.5764720931;0.328976203;0.7746227687;0.5870535051;0.6736618433;1.858825842;0.6430324214;2.34929577;0.2710575607;1.560894842,19.99675676;12.98864865;9.192972973;5.393783784;11.59;10.08756757;12.02162162;25.34297297;8.924594595;36.80405405;5.273783784;22.91027027,0.3800985307;0.3030906275;0.1568938913;0.06917391511;0.2319681156;0.1588217726;0.1953619346;0.3918605829;0.1770946047;0.3936657777;0.05611624094;0.3834738949,0.0372972973;0.07216216216;0.1137837838;0.1640540541;0.09;0.1159459459;0.09081081081;0.03135135135;0.1121621622;0.02135135135;0.1651351351;0.03837837838,23.99791679;21.94984112;5.64710698;0.328976203;11.63868306;9.004461235;11.49379742;23.97714588;7.934005064;23.99999934;0.2710575607;23.99901395,14.0
Perfect-AoI Bayes-Safe,8,3,680.7816216216216,29.002972972972973,26.812783783783782,56.0,85.0,73.71846846846847,0.10952702702702703,0.03887387387387387,0.07522522522522522,0.027567567567567567,0.6022189400221116,47.0,146.0,0.2289189189189189,2541,11100,0.31689936460149903,0.3980459550279087,23.99955060474789,0.4064864864864865,True,True,0.2469621281;0.8215561338;0.8932287906;0.3220866759;0.225348274;0.2465631425;0.4834834838;0.2778755806;0.2645088005;0.3014458345;0.9387067142;0.2969367479,1.836175919;0.5080937316;0.4222105672;1.429873819;2.006740312;1.839030251;0.9755450403;1.641436133;1.719737046;1.520828652;0.3585144156;1.542388958,22.22945946;6.431351351;5.489189189;19.69054054;29.00297297;25.02081081;13.2927027;19.25162162;24.62108108;20.10702703;4.986216216;17.86513514,0.3925446356;0.14775915;0.1074925282;0.398045955;0.3975515266;0.3881844934;0.3374858518;0.3903956207;0.392285964;0.3806181978;0.08691552184;0.3835129302,0.03081081081;0.1635135135;0.1859459459;0.04162162162;0.02756756757;0.02972972973;0.07540540541;0.04108108108;0.03459459459;0.04162162162;0.1867567568;0.04405405405,23.99847146;3.999468068;0.7997902102;23.99722529;23.99767838;23.99611235;23.98938661;23.99552575;23.9987162;23.9995506;0.3585144156;23.98361355,14.0
Perfect-AoI Bayes-Safe,8,4,669.7567567567568,28.381891891891893,27.824459459459458,53.0,98.0,77.13243243243244,0.09509009009009009,0.036328828828828826,0.05995495495495495,0.026486486486486487,0.8430753606801097,49.0,224.0,0.08378378378378379,930,11100,0.2799280975029089,0.3844319746667468,23.998531796025496,0.4064864864864865,True,True,0.662118963;0.6741961796;0.3640876;0.2460798207;0.2372011855;0.4128728207;0.5024050881;0.4159209977;0.2309431598;0.4380235493;0.7287104513;0.5641011845,0.6966749552;0.6813572012;1.27608378;1.842501298;1.908996959;1.13470463;0.9393093506;1.126874486;1.959226317;1.072981387;0.6151471375;0.8344446437,11.25810811;9.316486486;18.50378378;27.36837838;27.05918919;16.8972973;12.59486486;18.79027027;28.38189189;15.65675676;10.41324324;11.99432432,0.2061781286;0.1679453426;0.3138476325;0.3714880995;0.3627094222;0.3226241273;0.2782386617;0.2872007137;0.3844319747;0.276365206;0.1537867844;0.234321077,0.08486486486;0.09891891892;0.04054054054;0.03135135135;0.02783783784;0.05324324324;0.07;0.05027027027;0.02648648649;0.05459459459;0.1045945946;0.07675675676,14.73042272;9.966144841;23.99103755;23.99257917;23.9979331;23.9434593;16.84408623;23.97809674;23.9985318;20.88695769;7.069561262;17.58445361,14.0
Perfect-AoI Bayes-Safe,8,5,569.5151351351351,27.24783783783784,25.90672972972973,50.0,83.0,69.53513513513514,0.07988738738738739,0.02981981981981982,0.088490990990991,0.026216216216216216,0.7292329077840508,39.0,141.0,0.10585585585585586,1175,11100,0.25597959925332486,0.39005490744741367,23.999610986953723,0.4064864864864865,True,True,0.9411489522;0.4821824971;0.3825098869;0.7544254172;0.3523107703;0.8677360717;0.95;0.2189202535;0.8265150398;0.3376263363;0.2625732011;0.2699141276,0.3546353857;0.9781203331;1.218803669;0.5851252029;1.315645181;0.4538598372;0.2241414152;2.064668323;0.5023771293;1.368663091;1.731770293;1.687095206,6.126756757;13.67891892;15.99675676;7.711891892;16.36567568;6.472702703;5.970810811;27.24783784;7.696216216;21.38837838;22.36756757;24.80945946,0.07600698941;0.3151133614;0.3534530641;0.1481790041;0.3594911561;0.1086810313;0.05215831311;0.3900549074;0.1356418249;0.3639904005;0.3795853264;0.3893998123,0.1578378378;0.07135135135;0.05432432432;0.1372972973;0.05081081081;0.1459459459;0.1667567568;0.02621621622;0.1443243243;0.04;0.03378378378;0.03324324324,0.3546353857;23.98090465;23.99831188;6.138881289;23.99451687;1.800355768;0.2241414152;23.99744594;2.959428232;23.99443785;23.9775042;23.99961099,14.0
Perfect-AoI Bayes-Safe,8,6,413.31405405405405,23.574594594594593,20.379689189189186,36.0,64.0,53.79504504504504,0.0375,0.012477477477477477,0.11085585585585583,0.03432432432432433,0.8408716489857231,29.0,175.0,0.0363963963963964,404,11100,0.18334503253368295,0.36181319968113385,23.99171330668078,0.4064864864864865,True,True,0.6600953202;0.4082536129;0.95;0.8542797728;0.5796663152;0.95;0.7238759829;0.298421524;0.95;0.3698913443;0.95;0.5870736138,0.6992694381;1.146768836;0.2551559305;0.4699577518;0.8105930222;0.2156180293;0.6208604762;1.535216558;0.2628816135;1.257463669;0.2571157349;0.7995478023,9.422162162;17.09081081;5.902972973;6.487027027;10.02432432;5.422702703;10.09459459;23.57459459;5.091081081;17.76567568;5.425405405;11.52945946,0.1997642692;0.352398964;0.05137599142;0.1110116419;0.2322239469;0.04411428329;0.1560541197;0.3618131997;0.05335786263;0.3459724364;0.0560790265;0.2359746487,0.1089189189;0.04972972973;0.1694594595;0.1451351351;0.08972972973;0.1594594595;0.1045945946;0.03432432432;0.1718918919;0.05081081081;0.1632432432;0.08297297297,10.07150809;23.98028087;0.2551559305;2.218901546;18.49787205;0.2156180293;11.66388429;23.99171331;0.2628816135;23.98071291;0.2571157349;15.98236429,14.0
Perfect-AoI Bayes-Safe,8,7,432.90054054054053,27.366756756756757,25.841175675675675,43.0,73.0,61.29459459459459,0.05551801801801802,0.019527027027027025,0.12443693693693691,0.02810810810810811,0.7673826394928522,26.0,145.0,0.11783783783783784,1308,11100,0.20010367642430352,0.39644115952028586,23.99967592381119,0.4064864864864865,True,True,0.95;0.8194645516;0.5139536145;0.1957148488;0.2668165055;0.95;0.9166527097;0.2817874583;0.4060368001;0.95;0.95;0.8957240492,0.2129344738;0.5105004868;0.9182376412;2.309972111;1.705631049;0.2143947682;0.3910280632;1.619983796;1.152645744;0.2643493157;0.2202876177;0.4190042049,5.540540541;6.507297297;13.14945946;27.36675676;24.59297297;5.225135135;5.932702703;20.77891892;12.57405405;5.456216216;4.284594595;5.545945946,0.04891737912;0.1319022879;0.3241130701;0.3964411595;0.3872243462;0.04977435294;0.0996593145;0.3892339445;0.3532703442;0.06272937815;0.05209504473;0.105883495,0.1813513514;0.157027027;0.07243243243;0.02810810811;0.03081081081;0.1883783784;0.1808108108;0.03513513514;0.06135135135;0.1797297297;0.207027027;0.1710810811,0.2129344738;5.26202142;23.98483263;23.99909524;23.99689119;0.2143947682;0.3910280632;23.99967592;23.99103184;0.2643493157;0.2202876177;0.7800840989,14.0
Perfect-AoI Bayes-Safe,8,8,531.1335135135135,30.99972972972973,26.703337837837832,48.0,90.0,71.5509009009009,0.07222972972972973,0.02885135135135135,0.10371621621621623,0.025945945945945945,0.7321352444091462,33.0,200.0,0.12279279279279279,1363,11100,0.23437100146518988,0.39410450905865646,23.99859149990368,0.4064864864864865,True,True,0.924502767;0.7675714746;0.2938168902;0.223720696;0.8564804989;0.95;0.4732619221;0.198994158;0.3554966144;0.365156396;0.95;0.8950142286,0.3798996382;0.5699618165;1.557699888;2.021057334;0.4673466129;0.2347890628;0.9960890923;2.271318822;1.304697623;1.272612991;0.2590903055;0.4199186836,5.011351351;7.144864865;19.36054054;23.18810811;8.097567568;4.768918919;17.11513514;30.99972973;17.98540541;17.50621622;5.384594595;5.552702703,0.08747959236;0.1531194718;0.3696379735;0.390555674;0.1289624032;0.05273235438;0.3179408697;0.3941045091;0.3829463833;0.3642424749;0.06155145365;0.1091788577,0.1735135135;0.1375675676;0.04054054054;0.03324324324;0.1391891892;0.1832432432;0.06108108108;0.02594594595;0.04945945946;0.0472972973;0.1786486486;0.1748648649,0.3798996382;3.969198147;23.99338414;23.98010421;3.295904353;0.2347890628;23.82064196;23.9985915;23.99454608;23.99371448;0.2590903055;0.7585363051,14.0
Perfect-AoI Bayes-Safe,8,9,675.4918918918919,32.916486486486484,32.74494594594594,61.0,114.0,88.01171171171171,0.10596846846846847,0.05099099099099099,0.09277027027027028,0.025135135135135135,0.6643039581114245,38.5,246.0,0.21486486486486486,2385,11100,0.26472323685160826,0.39928338313433914,23.998952331540732,0.4064864864864865,True,True,0.3257577326;0.6871221964;0.2523803769;0.1963495047;0.5437054116;0.2493362779;0.95;0.4363495231;0.95;0.6652629851;0.95;0.2127973752,1.414897118;0.6652565043;1.798374164;2.302374716;0.8671448273;1.819394726;0.209506079;1.076896197;0.2790122724;0.6926602831;0.247425482;2.123503268,21.44378378;8.187837838;27.97594595;32.91648649;12.57621622;25.52297297;4.503783784;15.01945946;5.125945946;8.815135135;4.782432432;32.60459459,0.3900527189;0.1785404618;0.3922399866;0.3963818093;0.2774863447;0.3992833831;0.04909237039;0.3588683813;0.06522854476;0.2150990987;0.05610539983;0.3983003428,0.03837837838;0.1227027027;0.03189189189;0.02513513514;0.08351351351;0.03;0.1951351351;0.05567567568;0.1902702703;0.1245945946;0.1891891892;0.02675675676,23.98732506;7.68397765;23.99681492;23.99895233;17.77158618;23.99160405;0.209506079;23.90409037;0.2790122724;14.01833472;0.247425482;23.99864068,14.0
