policy,extra_delay,seed,uav,pi_los,pth,mean_aoi,avg_power,service_rate,max_queue
FreshSky-Safe,2,0,0,0.95,0.3369544871,4.777027027,0.08442075934,0.2086486486,0.3369544871
FreshSky-Safe,2,0,1,0.2315765095,1.95400716,19.49675676,0.3839360014,0.04486486486,23.99025059
FreshSky-Safe,2,0,2,0.95,0.2191119648,5.093243243,0.05631769689,0.2010810811,0.2191119648
FreshSky-Safe,2,0,3,0.8081176242,0.5235225351,6.231621622,0.1385212329,0.1872972973,1.511702816
FreshSky-Safe,2,0,4,0.6281327393,0.7414402559,9.437027027,0.2122122246,0.137027027,11.94049075
FreshSky-Safe,2,0,5,0.795200025,0.5383055036,6.413783784,0.1515984689,0.1840540541,3.166110072
FreshSky-Safe,2,0,6,0.3394136806,1.361973486,13.51567568,0.3831930809,0.07837837838,23.99181084
FreshSky-Safe,2,0,7,0.9476946562,0.3438720469,5.156216216,0.08234341447,0.1964864865,0.3438720469
FreshSky-Safe,2,0,8,0.5005847781,0.9427001774,11.16324324,0.2685421587,0.1067567568,14.79560497
FreshSky-Safe,2,0,9,0.95,0.2738400263,4.613243243,0.06335326013,0.2024324324,0.2738400263
FreshSky-Safe,2,0,10,0.23436609,1.931388168,18.66459459,0.3961955729,0.04810810811,23.99858589
FreshSky-Safe,2,0,11,0.2528380647,1.795260579,17.31783784,0.3973833552,0.05405405405,23.98672606
FreshSky-Safe,2,1,0,0.5605092249,0.8400796556,9.885675676,0.2701877811,0.1305405405,12.20278795
FreshSky-Safe,2,1,1,0.2181252996,2.072097608,23.61243243,0.3920184665,0.04108108108,23.99102781
FreshSky-Safe,2,1,2,0.2316669551,1.953264399,19.24648649,0.3927645169,0.04459459459,23.99722263
FreshSky-Safe,2,1,3,0.3707979081,1.254604531,14.66,0.3675652193,0.08675675676,23.93542526
FreshSky-Safe,2,1,4,0.95,0.2976063768,4.271081081,0.07914720939,0.2262162162,0.2976063768
FreshSky-Safe,2,1,5,0.95,0.2276934429,3.938378378,0.06393878033,0.247027027,0.2276934429
FreshSky-Safe,2,1,6,0.2020086086,2.237061952,26.19027027,0.3936019813,0.03324324324,23.98665517
FreshSky-Safe,2,1,7,0.95,0.2579608484,4.247297297,0.06693038229,0.2281081081,0.2579608484
FreshSky-Safe,2,1,8,0.325972712,1.414030367,15.14054054,0.3814060287,0.07216216216,23.99946182
FreshSky-Safe,2,1,9,0.8362721814,0.4910760745,6.142162162,0.1414829988,0.2010810811,1.40183682
FreshSky-Safe,2,1,10,0.2993435181,1.530799061,14.7572973,0.3831134946,0.06756756757,23.99317275
FreshSky-Safe,2,1,11,0.2334007936,1.939147999,21.74783784,0.3972632927,0.04891891892,23.9926919
FreshSky-Safe,2,2,0,0.2983974043,1.535332493,14.26243243,0.3838331232,0.06621621622,23.94785375
FreshSky-Safe,2,2,1,0.4720337023,0.9986066978,8.907027027,0.2661151903,0.1227027027,13.52754828
FreshSky-Safe,2,2,2,0.7619171253,0.5764720931,6.538918919,0.1492595311,0.1713513514,3.047081397
FreshSky-Safe,2,2,3,0.95,0.328976203,4.937297297,0.08224405074,0.2016216216,0.328976203
FreshSky-Safe,2,2,4,0.6042558466,0.7746227687,8.852162162,0.2200347378,0.1327027027,7.117832605
FreshSky-Safe,2,2,5,0.7527600943,0.5870535051,7.022702703,0.1616777086,0.1675675676,3.179909587
FreshSky-Safe,2,2,6,0.6803453125,0.6736618433,7.397567568,0.1749700085,0.1567567568,4.14689871
FreshSky-Safe,2,2,7,0.2438339011,1.858825842,20.26675676,0.3918605829,0.04324324324,23.97706725
FreshSky-Safe,2,2,8,0.7053294905,0.6430324214,7.385675676,0.1750090942,0.1564864865,3.10368085
FreshSky-Safe,2,2,9,0.1925045361,2.34929577,25.19432432,0.4000152257,0.03567567568,23.99999967
FreshSky-Safe,2,2,10,0.95,0.2710575607,4.764054054,0.06725157857,0.2086486486,0.2710575607
FreshSky-Safe,2,2,11,0.2931742638,1.560894842,14.80891892,0.3965516625,0.06675675676,23.99901395
FreshSky-Safe,2,3,0,0.2469621281,1.836175919,17.41648649,0.3930408993,0.05432432432,23.99541437
FreshSky-Safe,2,3,1,0.8215561338,0.5080937316,5.826486486,0.1452873427,0.2016216216,2.561874631
FreshSky-Safe,2,3,2,0.8932287906,0.4222105672,4.923783784,0.1149097409,0.2232432432,0.5110528362
FreshSky-Safe,2,3,3,0.3220866759,1.429873819,12.18972973,0.3934085264,0.0827027027,23.99608902
FreshSky-Safe,2,3,4,0.225348274,2.006740312,23.5072973,0.3959244399,0.04216216216,23.99767838
FreshSky-Safe,2,3,5,0.2465631425,1.839030251,23.22972973,0.3906696695,0.04594594595,23.97671736
FreshSky-Safe,2,3,6,0.4834834838,0.9755450403,9.666216216,0.3037372666,0.1294594595,21.72398177
FreshSky-Safe,2,3,7,0.2778755806,1.641436133,16.35702703,0.3899519893,0.05891891892,23.99552575
FreshSky-Safe,2,3,8,0.2645088005,1.719737046,18.52972973,0.3964691081,0.05243243243,23.99608666
FreshSky-Safe,2,3,9,0.3014458345,1.520828652,16.44486486,0.3888388932,0.06486486486,23.98667143
FreshSky-Safe,2,3,10,0.9387067142,0.3585144156,4.695135135,0.09340753964,0.2148648649,0.3585144156
FreshSky-Safe,2,3,11,0.2969367479,1.542388958,17.13891892,0.3814286208,0.06432432432,23.97378167
FreshSky-Safe,2,4,0,0.662118963,0.6966749552,8.363513514,0.1830183936,0.1418918919,7.713548835
FreshSky-Safe,2,4,1,0.6741961796,0.6813572012,7.880540541,0.1775211735,0.1508108108,3.494929213
FreshSky-Safe,2,4,2,0.3640876,1.27608378,12.47189189,0.3124680824,0.08324324324,22.60418902
FreshSky-Safe,2,4,3,0.2460798207,1.842501298,17.02864865,0.3899131125,0.05135135135,23.99257917
FreshSky-Safe,2,4,4,0.2372011855,1.908996959,20.69783784,0.386958843,0.04648648649,23.9979331
FreshSky-Safe,2,4,5,0.4128728207,1.13470463,12.12405405,0.3256908966,0.09162162162,19.9434593
FreshSky-Safe,2,4,6,0.5024050881,0.9393093506,10.54459459,0.2619911486,0.1089189189,12.40411506
FreshSky-Safe,2,4,7,0.4159209977,1.126874486,11.74891892,0.289637199,0.09054054054,19.83622637
FreshSky-Safe,2,4,8,0.2309431598,1.959226317,19.5872973,0.3891976603,0.04405405405,23.99497405
FreshSky-Safe,2,4,9,0.4380235493,1.072981387,13.42108108,0.285645045,0.08837837838,16.08136717
FreshSky-Safe,2,4,10,0.7287104513,0.6151471375,7.63,0.1597719998,0.1518918919,2.796912787
FreshSky-Safe,2,4,11,0.5641011845,0.8344446437,9.12,0.2253000538,0.1259459459,8.392226805
FreshSky-Safe,2,5,0,0.9411489522,0.3546353857,5.067297297,0.08453740815,0.2018918919,0.3546353857
FreshSky-Safe,2,5,1,0.4821824971,0.9781203331,10.41864865,0.2783677597,0.1121621622,12.76548966
FreshSky-Safe,2,5,2,0.3825098869,1.218803669,12.29945946,0.3383003698,0.08675675676,21.82907886
FreshSky-Safe,2,5,3,0.7544254172,0.5851252029,7.351351351,0.15434654,0.1667567568,2.776878043
FreshSky-Safe,2,5,4,0.3523107703,1.315645181,13.19486486,0.3498905021,0.08594594595,23.8067747
FreshSky-Safe,2,5,5,0.8677360717,0.4538598372,6.287297297,0.1115023222,0.1754054054,0.7770188607
FreshSky-Safe,2,5,6,0.95,0.2241414152,4.746756757,0.0554295662,0.2056756757,0.2241414152
FreshSky-Safe,2,5,7,0.2189202535,2.064668323,22.64459459,0.3906129259,0.04351351351,23.99666572
FreshSky-Safe,2,5,8,0.8265150398,0.5023771293,6.339189189,0.1353702697,0.1789189189,1.935656939
FreshSky-Safe,2,5,9,0.3376263363,1.368663091,13.5827027,0.373977942,0.07702702703,23.89668264
FreshSky-Safe,2,5,10,0.2625732011,1.731770293,19.01918919,0.3777131423,0.05,23.9770293
FreshSky-Safe,2,5,11,0.2699141276,1.687095206,19.15837838,0.3825602372,0.0527027027,23.98047262
FreshSky-Safe,2,6,0,0.6600953202,0.6992694381,8.360540541,0.1937165335,0.1354054054,6.382466515
FreshSky-Safe,2,6,1,0.4082536129,1.146768836,13.48945946,0.3139667111,0.08243243243,16.96275858
FreshSky-Safe,2,6,2,0.95,0.2551559305,4.59027027,0.05889274721,0.1991891892,0.2551559305
FreshSky-Safe,2,6,3,0.8542797728,0.4699577518,6.190810811,0.1167273443,0.1762162162,1.659239532
FreshSky-Safe,2,6,4,0.5796663152,0.8105930222,9.624054054,0.2083443146,0.1237837838,7.801267423
FreshSky-Safe,2,6,5,0.95,0.2156180293,4.711351351,0.05052454903,0.2,0.2156180293
FreshSky-Safe,2,6,6,0.7238759829,0.6208604762,8.447837838,0.1422945092,0.1340540541,2.871186191
FreshSky-Safe,2,6,7,0.298421524,1.535216558,15.10783784,0.3672072038,0.06351351351,23.96082791
FreshSky-Safe,2,6,8,0.95,0.2628816135,4.363243243,0.06024962385,0.2002702703,0.2628816135
FreshSky-Safe,2,6,9,0.3698913443,1.257463669,14.47756757,0.3361166401,0.07405405405,23.8388374
FreshSky-Safe,2,6,10,0.95,0.2571157349,4.774054054,0.06136032267,0.1991891892,0.2571157349
FreshSky-Safe,2,6,11,0.5870736138,0.7995478023,9.375135135,0.2199836926,0.1367567568,8.388242861
FreshSky-Safe,2,7,0,0.95,0.2129344738,4.629189189,0.0524854703,0.207027027,0.2129344738
FreshSky-Safe,2,7,1,0.8194645516,0.5105004868,5.512702703,0.1288668796,0.1854054054,1.836506329
FreshSky-Safe,2,7,2,0.5139536145,0.9182376412,10.55675676,0.2811792561,0.1197297297,9.728277542
FreshSky-Safe,2,7,3,0.1957148488,2.309972111,27.70837838,0.3958168427,0.03135135135,23.99665327
FreshSky-Safe,2,7,4,0.2668165055,1.705631049,17.85486486,0.3858414022,0.05675675676,23.99844559
FreshSky-Safe,2,7,5,0.95,0.2143947682,4.765675676,0.05354074752,0.2110810811,0.2143947682
FreshSky-Safe,2,7,6,0.9166527097,0.3910280632,5.218648649,0.1009275136,0.2016216216,0.3910280632
FreshSky-Safe,2,7,7,0.2817874583,1.619983796,17.47108108,0.383979943,0.06,23.99837962
FreshSky-Safe,2,7,8,0.4060368001,1.152645744,10.76459459,0.3295943776,0.1008108108,17.04789253
FreshSky-Safe,2,7,9,0.95,0.2643493157,4.762972973,0.06623022044,0.2062162162,0.2643493157
FreshSky-Safe,2,7,10,0.95,0.2202876177,4.726216216,0.05644125989,0.2172972973,0.2202876177
FreshSky-Safe,2,7,11,0.8957240492,0.4190042049,5.242972973,0.1088278489,0.2024324324,0.5330294346
FreshSky-Safe,2,8,0,0.924502767,0.3798996382,4.713243243,0.09600166532,0.2035135135,0.3798996382
FreshSky-Safe,2,8,1,0.7675714746,0.5699618165,6.919459459,0.1612837897,0.1735135135,3.229274514
FreshSky-Safe,2,8,2,0.2938168902,1.557699888,15.32513514,0.3784789729,0.0627027027,23.99708626
FreshSky-Safe,2,8,3,0.223720696,2.021057334,21.37621622,0.3932868326,0.04216216216,23.98019356
FreshSky-Safe,2,8,4,0.8564804989,0.4673466129,5.856756757,0.1169629631,0.1872972973,0.9387729028
FreshSky-Safe,2,8,5,0.95,0.2347890628,4.644594595,0.05945874375,0.2143243243,0.2347890628
FreshSky-Safe,2,8,6,0.4732619221,0.9960890923,10.45027027,0.2856352776,0.1159459459,18.47876186
FreshSky-Safe,2,8,7,0.198994158,2.271318822,20.96,0.394718379,0.03837837838,23.997183
FreshSky-Safe,2,8,8,0.3554966144,1.304697623,13.43243243,0.3579102938,0.08378378378,23.9059391
FreshSky-Safe,2,8,9,0.365156396,1.272612991,15.09513514,0.3418857602,0.08162162162,21.34145467
FreshSky-Safe,2,8,10,0.95,0.2590903055,4.58027027,0.06463252755,0.212972973,0.2590903055
FreshSky-Safe,2,8,11,0.8950142286,0.4199186836,5.051621622,0.1134915361,0.21,0.5991868362
FreshSky-Safe,2,9,0,0.3257577326,1.414897118,17.10918919,0.3697852737,0.06081081081,23.99176942
FreshSky-Safe,2,9,1,0.6871221964,0.6652565043,7.646486486,0.1814172467,0.1548648649,7.557695128
FreshSky-Safe,2,9,2,0.2523803769,1.798374164,20.89405405,0.3883516101,0.04621621622,23.99679272
FreshSky-Safe,2,9,3,0.1963495047,2.302374716,26.93810811,0.3938927555,0.03648648649,23.99736337
FreshSky-Safe,2,9,4,0.5437054116,0.8671448273,10.01324324,0.2575654501,0.1186486486,10.14576551
FreshSky-Safe,2,9,5,0.2493362779,1.819394726,21.26648649,0.3953495567,0.04081081081,23.99284056
FreshSky-Safe,2,9,6,0.95,0.209506079,4.146756757,0.05333911524,0.2275675676,0.209506079
FreshSky-Safe,2,9,7,0.4363495231,1.076896197,10.45324324,0.3242330711,0.1091891892,22.82929082
FreshSky-Safe,2,9,8,0.95,0.2790122724,4.681081081,0.07239237337,0.2145945946,0.2790122724
FreshSky-Safe,2,9,9,0.6652629851,0.6926602831,7.706756757,0.2107933726,0.1610810811,4.682564529
FreshSky-Safe,2,9,10,0.95,0.247425482,4.381621622,0.06399626655,0.2237837838,0.247425482
FreshSky-Safe,2,9,11,0.2127973752,2.123503268,25.42756757,0.3960046635,0.03540540541,23.99843146
FreshSky-Safe,2,10,0,0.2210551088,2.045012567,19.70486486,0.3935267425,0.04756756757,23.98155826
FreshSky-Safe,2,10,1,0.5230742899,0.9021077578,11.70513514,0.2642931918,0.107027027,9.761124977
FreshSky-Safe,2,10,2,0.4621770162,1.019211399,11.86513514,0.2892356673,0.1075675676,13.37634198
FreshSky-Safe,2,10,3,0.8877431859,0.4291816563,5.185405405,0.1094993199,0.2075675676,0.5750899378
FreshSky-Safe,2,10,4,0.3493760462,1.325898395,15.48621622,0.3404333716,0.07459459459,23.90929404
FreshSky-Safe,2,10,5,0.4491418585,1.047619095,10.85,0.3292921641,0.1135135135,18.95238289
FreshSky-Safe,2,10,6,0.5565464418,0.8463561798,10.13486486,0.2399534142,0.1283783784,11.17611011
FreshSky-Safe,2,10,7,0.34857734,1.328717478,14.54756757,0.3623448475,0.07891891892,23.92100401
FreshSky-Safe,2,10,8,0.2223217792,2.03354937,20.15432432,0.3946184994,0.04432432432,23.98978262
FreshSky-Safe,2,10,9,0.6900300697,0.6616731043,7.651351351,0.1863414526,0.16,4.448442774
FreshSky-Safe,2,10,10,0.2104662511,2.146920017,22.24405405,0.3951493328,0.03702702703,23.99908082
FreshSky-Safe,2,10,11,0.2177243916,2.075867389,28.02918919,0.3916095777,0.03702702703,23.99414089
FreshSky-Safe,2,11,0,0.95,0.3358641596,5.078108108,0.07979043144,0.2013513514,0.3358641596
FreshSky-Safe,2,11,1,0.2935060875,1.559243329,16.19297297,0.3750612331,0.06243243243,23.99535639
FreshSky-Safe,2,11,2,0.6227889451,0.7487311135,8.30972973,0.1970984066,0.152972973,7.620815611
FreshSky-Safe,2,11,3,0.4312530983,1.088976442,11.47378378,0.3143315785,0.09621621622,19.46929327
FreshSky-Safe,2,11,4,0.6153269509,0.7590395275,8.971081081,0.1948885273,0.1302702703,7.25310677
FreshSky-Safe,2,11,5,0.4183303984,1.120756955,13.67216216,0.3104799671,0.08135135135,20.9849795
FreshSky-Safe,2,11,6,0.9434799305,0.3508668233,5.13,0.08648393051,0.1986486486,0.3508668233
FreshSky-Safe,2,11,7,0.4987828682,0.9460759936,11.79567568,0.2590202653,0.102972973,14.19797583
FreshSky-Safe,2,11,8,0.6260188518,0.7443154627,10.04621622,0.1790380437,0.1235135135,8.218094807
FreshSky-Safe,2,11,9,0.4351735249,1.079661914,12.02432432,0.3031807376,0.09837837838,21.34918126
FreshSky-Safe,2,11,10,0.2492611008,1.819920828,20.75648649,0.3934963951,0.04783783784,23.99524965
FreshSky-Safe,2,11,11,0.2092716103,2.159149808,27.44540541,0.3851456414,0.03351351351,23.98817925
FreshSky-Safe,2,12,0,0.2277146089,1.986329388,18.15459459,0.3892131909,0.04594594595,23.9934339
FreshSky-Safe,2,12,1,0.9318683167,0.369039043,4.953513514,0.08497872017,0.1981081081,0.369039043
FreshSky-Safe,2,12,2,0.4490225566,1.047885528,12.01945946,0.3137992339,0.1010810811,23.95484878
FreshSky-Safe,2,12,3,0.364868936,1.273544601,13.70513514,0.346266451,0.08351351351,20.80368546
FreshSky-Safe,2,12,4,0.3264467419,1.412123145,14.59459459,0.358373955,0.07162162162,23.89717654
FreshSky-Safe,2,12,5,0.2532754659,1.792296255,22.99054054,0.3855858969,0.04486486486,23.99140411
FreshSky-Safe,2,12,6,0.5108922966,0.9237509324,10.43945946,0.2514100511,0.1127027027,11.65503357
FreshSky-Safe,2,12,7,0.7249468559,0.6195927545,6.71,0.1525537836,0.1589189189,2.376334791
FreshSky-Safe,2,12,8,0.885090931,0.4325165816,5.85,0.1078953527,0.18,0.8552321429
FreshSky-Safe,2,12,9,0.3371942215,1.370290719,16.34432432,0.3473872146,0.06567567568,23.64715241
FreshSky-Safe,2,12,10,0.4510893652,1.043286736,11.82324324,0.26730698,0.09432432432,13.14188882
FreshSky-Safe,2,12,11,0.3770521179,1.235229773,12.7127027,0.3161520526,0.08459459459,22.55120386
FreshSky-Safe,2,13,0,0.931036637,0.3702883284,5.882432432,0.09207169248,0.1827027027,0.3702883284
FreshSky-Safe,2,13,1,0.7159624459,0.6302691506,7.719459459,0.1710243857,0.1545945946,3.163229808
FreshSky-Safe,2,13,2,0.6775674106,0.6771299559,8.35972973,0.1661713513,0.1394594595,4.156949338
FreshSky-Safe,2,13,3,0.3509019354,1.320546841,13.99972973,0.3372748013,0.07297297297,23.94515469
FreshSky-Safe,2,13,4,0.95,0.2764601871,5.227027027,0.06866673296,0.2021621622,0.2764601871
FreshSky-Safe,2,13,5,0.7562371291,0.5830294735,6.564594595,0.1504846344,0.1662162162,2.379383155
FreshSky-Safe,2,13,6,0.2357345475,1.920506701,22.37108108,0.384620396,0.04162162162,23.98384429
FreshSky-Safe,2,13,7,0.5713184825,0.8232731646,9.320810811,0.244979393,0.1302702703,12.69819494
FreshSky-Safe,2,13,8,0.95,0.2265612916,4.611891892,0.0566403229,0.2097297297,0.2265612916
FreshSky-Safe,2,13,9,0.8385292043,0.488449848,6.42,0.1235646102,0.18,1.107598784
FreshSky-Safe,2,13,10,0.9458583108,0.3469497415,5.306216216,0.07435976892,0.1802702703,0.3469497415
FreshSky-Safe,2,13,11,0.3749843981,1.241568686,13.04378378,0.3197878264,0.08459459459,20.74353328
FreshSky-Safe,2,14,0,0.3969158517,1.177446822,11.56162162,0.3233205327,0.09486486486,17.27829829
FreshSky-Safe,2,14,1,0.64914127,0.7134614509,8.188108108,0.1957198305,0.1391891892,8.257689331
FreshSky-Safe,2,14,2,0.685168137,0.6676722331,7.818108108,0.1813542147,0.1386486486,6.021116895
FreshSky-Safe,2,14,3,0.2123384503,2.128067317,26.16054054,0.3957054902,0.03648648649,23.99261653
FreshSky-Safe,2,14,4,0.8391928019,0.4876767217,6.034594595,0.1204693307,0.1759459459,1.715150826
FreshSky-Safe,2,14,5,0.2547057577,1.782678959,18.35351351,0.3782170224,0.05189189189,23.98752715
FreshSky-Safe,2,14,6,0.6450583303,0.7188179662,9.309189189,0.2041831574,0.1313513514,7.408085086
FreshSky-Safe,2,14,7,0.3536782427,1.310923092,15.54648649,0.3429658252,0.07351351351,20.54784677
FreshSky-Safe,2,14,8,0.3495021855,1.325454306,14.73378378,0.343543427,0.07486486486,23.96543327
FreshSky-Safe,2,14,9,0.2638904463,1.723560971,18.65432432,0.3861708229,0.05675675676,23.9686823
FreshSky-Safe,2,14,10,0.8142278578,0.5165166625,5.997027027,0.1241035981,0.1740540541,1.448649962
FreshSky-Safe,2,14,11,0.4332858251,1.084128614,11.48567568,0.2874405866,0.09459459459,16.87147258
FreshSky-Safe,2,15,0,0.95,0.2609434761,4.213243243,0.06403693953,0.2154054054,0.2609434761
FreshSky-Safe,2,15,1,0.6682774533,0.6888292002,6.726216216,0.1939891964,0.1721621622,3.177121202
FreshSky-Safe,2,15,2,0.3936552323,1.186565108,11.99648649,0.3306347638,0.09621621622,23.29833884
FreshSky-Safe,2,15,3,0.8783623152,0.4408835581,5.871621622,0.1075994197,0.1854054054,1.013253371
FreshSky-Safe,2,15,4,0.2542081145,1.786011998,20.59702703,0.3885782861,0.05297297297,23.99851593
FreshSky-Safe,2,15,5,0.6112416568,0.7647485898,7.725405405,0.2172299373,0.1521621622,6.894971796
FreshSky-Safe,2,15,6,0.1961261937,2.305041448,29.73945946,0.3931030144,0.02837837838,23.99157501
FreshSky-Safe,2,15,7,0.2603661895,1.74572184,17.90351351,0.3944387724,0.05189189189,23.98635636
FreshSky-Safe,2,15,8,0.4858854259,0.9708198352,9.800540541,0.280750601,0.1213513514,12.95803637
FreshSky-Safe,2,15,9,0.9440218225,0.349980936,4.821891892,0.08494131907,0.2027027027,0.349980936
FreshSky-Safe,2,15,10,0.777121657,0.5589976316,7.044594595,0.1441307407,0.16,2.620955001
FreshSky-Safe,2,15,11,0.6438927182,0.7203540735,9.264324324,0.1890442717,0.1337837838,4.64601925
FreshSky-Safe,2,16,0,0.3932789834,1.187626136,13.95486486,0.3334982582,0.08459459459,23.94216703
FreshSky-Safe,2,16,1,0.7735119064,0.5631378354,6.898648649,0.1692457495,0.1808108108,4.31530805
FreshSky-Safe,2,16,2,0.901603995,0.4113518347,5.104054054,0.106951477,0.2048648649,0.4908146776
FreshSky-Safe,2,16,3,0.8416273572,0.4848363331,6.055135135,0.1193745674,0.1767567568,1.163526998
FreshSky-Safe,2,16,4,0.2260479039,2.00065631,19.12081081,0.3941833649,0.04675675676,23.7686717
FreshSky-Safe,2,16,5,0.7045979448,0.6439160289,6.141621622,0.1789042372,0.177027027,4.146572491
FreshSky-Safe,2,16,6,0.6624829137,0.6962092138,7.37972973,0.2086745995,0.1640540541,7.109021131
FreshSky-Safe,2,16,7,0.1982197585,2.280313362,28.67108108,0.3956651833,0.03,23.9935297
FreshSky-Safe,2,16,8,0.7522839954,0.5876051337,6.460540541,0.1680233058,0.1872972973,4.102523209
FreshSky-Safe,2,16,9,0.3841282698,1.214015836,11.54405405,0.3540332667,0.1002702703,20.43449091
FreshSky-Safe,2,16,10,0.2247729528,2.011774821,21.89054054,0.3952865661,0.04216216216,23.98856908
FreshSky-Safe,2,16,11,0.2144342016,2.107404393,21.02,0.4009764034,0.04243243243,23.99218863
FreshSky-Safe,2,17,0,0.6058267012,0.772389876,8.849189189,0.2070839884,0.1318918919,7.44779752
FreshSky-Safe,2,17,1,0.4606290406,1.022513998,9.995135135,0.2782896206,0.1089189189,10.18273797
FreshSky-Safe,2,17,2,0.8627452041,0.4598691245,5.045675676,0.1208088619,0.2067567568,0.8190838718
FreshSky-Safe,2,17,3,0.95,0.2139841101,4.355675676,0.05766004265,0.2275675676,0.2139841101
FreshSky-Safe,2,17,4,0.8920394043,0.4237308779,5.368108108,0.1098264627,0.1991891892,0.6610396572
FreshSky-Safe,2,17,5,0.9329954481,0.3673358894,4.878918919,0.09342245186,0.2137837838,0.3673358894
FreshSky-Safe,2,17,6,0.2434414901,1.861711545,20.68837838,0.3924689203,0.04891891892,23.96440423
FreshSky-Safe,2,17,7,0.2237143759,2.021113381,25.99351351,0.3900202579,0.03756756757,23.99504598
FreshSky-Safe,2,17,8,0.7874097494,0.5472165522,6.233783784,0.1527769455,0.1808108108,2.038764149
FreshSky-Safe,2,17,9,0.2072792387,2.179902851,27.70864865,0.3965066538,0.03567567568,23.99805703
FreshSky-Safe,2,17,10,0.95,0.241873434,4.699189189,0.05961853292,0.21,0.241873434
FreshSky-Safe,2,17,11,0.5223938409,0.9032962107,9.396756757,0.2734302043,0.1254054054,14.44173706
FreshSky-Safe,2,18,0,0.95,0.2641897105,4.416216216,0.06854651947,0.2172972973,0.2641897105
FreshSky-Safe,2,18,1,0.2298402862,1.968390267,22.33459459,0.3904860693,0.03891891892,23.9941508
FreshSky-Safe,2,18,2,0.2514208534,1.804941085,18.95810811,0.3839158469,0.04972972973,23.97810691
FreshSky-Safe,2,18,3,0.95,0.3377909827,4.578918919,0.08481292512,0.2127027027,0.3377909827
FreshSky-Safe,2,18,4,0.8064515181,0.5254308787,6.428918919,0.1320677614,0.1789189189,1.278016151
FreshSky-Safe,2,18,5,0.2889292384,1.582364629,15.80324324,0.3831888399,0.06324324324,23.8957773
FreshSky-Safe,2,18,6,0.86964094,0.451552802,5.748108108,0.120454761,0.1883783784,1.121739228
FreshSky-Safe,2,18,7,0.95,0.2372894534,4.591081081,0.06066914132,0.2118918919,0.2372894534
FreshSky-Safe,2,18,8,0.4229897239,1.10910177,11.12432432,0.3180424265,0.09783783784,23.76442923
FreshSky-Safe,2,18,9,0.9113191376,0.3983676074,4.574324324,0.09937656802,0.2048648649,0.3983676074
FreshSky-Safe,2,18,10,0.93510967,0.3641087485,5.444324324,0.0946682746,0.2013513514,0.3641087485
FreshSky-Safe,2,18,11,0.8418183031,0.4846132827,6.427027027,0.1290119145,0.1894594595,2.092265654
FreshSky-Safe,2,19,0,0.8339118425,0.4938172966,5.952432432,0.1294602102,0.1843243243,1.244355669
FreshSky-Safe,2,19,1,0.4218873338,1.111838862,12.69918919,0.2875756192,0.08864864865,16.73148814
FreshSky-Safe,2,19,2,0.3658373363,1.270411673,14.3872973,0.3333972255,0.07621621622,23.90857739
FreshSky-Safe,2,19,3,0.3670076204,1.266646367,11.72783784,0.3563726672,0.09108108108,23.93274466
FreshSky-Safe,2,19,4,0.481511622,0.9794527448,10.91837838,0.2546577137,0.1021621622,13.86577137
FreshSky-Safe,2,19,5,0.1930715746,2.342239302,22.04972973,0.398813719,0.03891891892,23.99874953
FreshSky-Safe,2,19,6,0.2120595117,2.1308523,28.73756757,0.3887365682,0.03216216216,23.99807256
FreshSky-Safe,2,19,7,0.3057773787,1.500722279,15.0,0.3715301642,0.06432432432,23.99606308
FreshSky-Safe,2,19,8,0.5446939528,0.8655191693,9.677297297,0.2528719519,0.1256756757,12.03797923
FreshSky-Safe,2,19,9,0.4653449839,1.012509865,9.765675676,0.2897967424,0.1145945946,13.92525648
FreshSky-Safe,2,19,10,0.3623629999,1.281724896,13.6172973,0.3356733578,0.07513513514,23.81519666
FreshSky-Safe,2,19,11,0.8770434254,0.4425090154,5.504054054,0.1039298201,0.1889189189,0.5275270463
FreshSky-Safe,4,0,0,0.95,0.3369544871,4.786216216,0.08514930958,0.2118918919,0.3369544871
FreshSky-Safe,4,0,1,0.2315765095,1.95400716,19.73675676,0.391857652,0.04648648649,23.9916825
FreshSky-Safe,4,0,2,0.95,0.2191119648,5.251891892,0.05744286644,0.2083783784,0.2191119648
FreshSky-Safe,4,0,3,0.8081176242,0.5235225351,6.178108108,0.1380967552,0.1943243243,1.141135211
FreshSky-Safe,4,0,4,0.6281327393,0.7414402559,8.887837838,0.2055993791,0.1491891892,5.287364863
FreshSky-Safe,4,0,5,0.795200025,0.5383055036,6.445675676,0.1501435891,0.1897297297,2.212888058
FreshSky-Safe,4,0,6,0.3394136806,1.361973486,13.51513514,0.3828249799,0.08405405405,23.85078037
FreshSky-Safe,4,0,7,0.9476946562,0.3438720469,5.397567568,0.08438805907,0.202972973,0.3438720469
FreshSky-Safe,4,0,8,0.5005847781,0.9427001774,10.98513514,0.2647204012,0.1164864865,13.05290479
FreshSky-Safe,4,0,9,0.95,0.2738400263,4.716756757,0.06335326013,0.2048648649,0.2738400263
FreshSky-Safe,4,0,10,0.23436609,1.931388168,19.27594595,0.3930635921,0.04756756757,23.99858589
FreshSky-Safe,4,0,11,0.2528380647,1.795260579,17.05864865,0.3993241775,0.05864864865,23.9999822
FreshSky-Safe,4,1,0,0.5605092249,0.8400796556,9.232432432,0.2588353534,0.1451351351,6.761513457
FreshSky-Safe,4,1,1,0.2181252996,2.072097608,24.83054054,0.3959386511,0.04405405405,23.99874277
FreshSky-Safe,4,1,2,0.2316669551,1.953264399,19.72405405,0.3938203355,0.04621621622,23.99722263
FreshSky-Safe,4,1,3,0.3707979081,1.254604531,13.69837838,0.3689215485,0.09567567568,23.76901231
FreshSky-Safe,4,1,4,0.95,0.2976063768,4.377027027,0.07810156536,0.2254054054,0.2976063768
FreshSky-Safe,4,1,5,0.95,0.2276934429,4.018108108,0.06406185787,0.2489189189,0.2276934429
FreshSky-Safe,4,1,6,0.2020086086,2.237061952,32.00918919,0.3911835359,0.03081081081,23.99136411
FreshSky-Safe,4,1,7,0.95,0.2579608484,4.371351351,0.0663726291,0.2264864865,0.2579608484
FreshSky-Safe,4,1,8,0.325972712,1.414030367,14.2827027,0.3924889694,0.08378378378,23.97855081
FreshSky-Safe,4,1,9,0.8362721814,0.4910760745,6.283243243,0.1430756779,0.2094594595,0.9464564472
FreshSky-Safe,4,1,10,0.2993435181,1.530799061,14.2927027,0.3880782483,0.07513513514,23.94910699
FreshSky-Safe,4,1,11,0.2334007936,1.939147999,23.1727027,0.4009319511,0.04783783784,23.99188396
FreshSky-Safe,4,2,0,0.2983974043,1.535332493,15.21783784,0.3834181685,0.06648648649,23.98228171
FreshSky-Safe,4,2,1,0.4720337023,0.9986066978,9.068918919,0.2658452966,0.1305405405,8.156807631
FreshSky-Safe,4,2,2,0.7619171253,0.5764720931,7.179459459,0.1522197932,0.18,1.588248838
FreshSky-Safe,4,2,3,0.95,0.328976203,5.214864865,0.08153275085,0.2064864865,0.328976203
FreshSky-Safe,4,2,4,0.6042558466,0.7746227687,9.747567568,0.2173130902,0.1348648649,5.244718762
FreshSky-Safe,4,2,5,0.7527600943,0.5870535051,7.183513514,0.1597737513,0.1740540541,1.522321031
FreshSky-Safe,4,2,6,0.6803453125,0.6736618433,7.428918919,0.1740596547,0.1627027027,2.92591318
FreshSky-Safe,4,2,7,0.2438339011,1.858825842,22.26621622,0.393367739,0.0427027027,23.97718519
FreshSky-Safe,4,2,8,0.7053294905,0.6430324214,7.425945946,0.1758780569,0.1681081081,2.273356636
FreshSky-Safe,4,2,9,0.1925045361,2.34929577,25.42189189,0.3993802809,0.03621621622,23.99999934
FreshSky-Safe,4,2,10,0.95,0.2710575607,4.855675676,0.06776439017,0.2091891892,0.2710575607
FreshSky-Safe,4,2,11,0.2931742638,1.560894842,17.28216216,0.3995047068,0.06432432432,23.99901395
FreshSky-Safe,4,3,0,0.2469621281,1.836175919,19.97486486,0.398003537,0.05216216216,23.99954416
FreshSky-Safe,4,3,1,0.8215561338,0.5080937316,5.832162162,0.145561988,0.2091891892,1.048562389
FreshSky-Safe,4,3,2,0.8932287906,0.4222105672,4.827837838,0.1152520738,0.2291891892,0.5332634034
FreshSky-Safe,4,3,3,0.3220866759,1.429873819,13.72594595,0.3953407883,0.08162162162,23.97476381
FreshSky-Safe,4,3,4,0.225348274,2.006740312,19.55297297,0.3991786133,0.05027027027,23.99955093
FreshSky-Safe,4,3,5,0.2465631425,1.839030251,24.41378378,0.3911667047,0.04675675676,23.97186862
FreshSky-Safe,4,3,6,0.4834834838,0.9755450403,10.23486486,0.2992550326,0.1337837838,17.78161234
FreshSky-Safe,4,3,7,0.2778755806,1.641436133,16.45378378,0.3917265149,0.06621621622,23.97622089
FreshSky-Safe,4,3,8,0.2645088005,1.719737046,18.30621622,0.3969339019,0.05783783784,23.99608666
FreshSky-Safe,4,3,9,0.3014458345,1.520828652,16.16513514,0.3896609628,0.07216216216,23.99126408
FreshSky-Safe,4,3,10,0.9387067142,0.3585144156,4.645675676,0.09224479018,0.2172972973,0.3585144156
FreshSky-Safe,4,3,11,0.2969367479,1.542388958,16.73027027,0.3793443114,0.06864864865,23.94756335
FreshSky-Safe,4,4,0,0.662118963,0.6966749552,8.044054054,0.1864076231,0.1556756757,4.140149194
FreshSky-Safe,4,4,1,0.6741961796,0.6813572012,8.23972973,0.1740223122,0.1513513514,6.589858426
FreshSky-Safe,4,4,2,0.3640876,1.27608378,14.72918919,0.3266084703,0.08432432432,22.92810523
FreshSky-Safe,4,4,3,0.2460798207,1.842501298,18.55135135,0.3948928457,0.05432432432,23.99257917
FreshSky-Safe,4,4,4,0.2372011855,1.908996959,20.6172973,0.3936661296,0.0472972973,23.99173239
FreshSky-Safe,4,4,5,0.4128728207,1.13470463,12.23783784,0.3186373273,0.1002702703,14.53934541
FreshSky-Safe,4,4,6,0.5024050881,0.9393093506,12.00243243,0.2548828616,0.1143243243,9.464805713
FreshSky-Safe,4,4,7,0.4159209977,1.126874486,12.09621622,0.2862870316,0.09945945946,17.10497123
FreshSky-Safe,4,4,8,0.2309431598,1.959226317,21.51621622,0.3966109491,0.04621621622,23.99497405
FreshSky-Safe,4,4,9,0.4380235493,1.072981387,13.53405405,0.2897049746,0.09702702703,15.7515533
FreshSky-Safe,4,4,10,0.7287104513,0.6151471375,7.988918919,0.1567793921,0.1578378378,2.58176565
FreshSky-Safe,4,4,11,0.5641011845,0.8344446437,9.402972973,0.2228192724,0.1313513514,6.116669655
FreshSky-Safe,4,5,0,0.9411489522,0.3546353857,5.348918919,0.08549588216,0.2018918919,0.3546353857
FreshSky-Safe,4,5,1,0.4821824971,0.9781203331,10.63945946,0.2722875522,0.1205405405,10.58736933
FreshSky-Safe,4,5,2,0.3825098869,1.218803669,11.8072973,0.339288589,0.09486486486,17.77266785
FreshSky-Safe,4,5,3,0.7544254172,0.5851252029,7.15972973,0.1518162688,0.1794594595,1.666126826
FreshSky-Safe,4,5,4,0.3523107703,1.315645181,13.23648649,0.351668401,0.08918918919,23.92241988
FreshSky-Safe,4,5,5,0.8677360717,0.4538598372,6.232432432,0.1123609759,0.182972973,0.7231590234
FreshSky-Safe,4,5,6,0.95,0.2241414152,4.767297297,0.05476319983,0.2078378378,0.2241414152
FreshSky-Safe,4,5,7,0.2189202535,2.064668323,22.28297297,0.3917289628,0.04540540541,23.99960989
FreshSky-Safe,4,5,8,0.8265150398,0.5023771293,6.494324324,0.1336051609,0.1821621622,0.9118856464
FreshSky-Safe,4,5,9,0.3376263363,1.368663091,13.44540541,0.3773071225,0.08432432432,23.95475772
FreshSky-Safe,4,5,10,0.2625732011,1.731770293,19.02918919,0.3856699247,0.05216216216,23.99626068
FreshSky-Safe,4,5,11,0.2699141276,1.687095206,16.73135135,0.3871199539,0.06216216216,23.99980549
FreshSky-Safe,4,6,0,0.6600953202,0.6992694381,8.412162162,0.1933385501,0.1472972973,5.481735953
FreshSky-Safe,4,6,1,0.4082536129,1.146768836,12.92432432,0.3161362738,0.09540540541,12.48214556
FreshSky-Safe,4,6,2,0.95,0.2551559305,4.82972973,0.05889274721,0.2016216216,0.2551559305
FreshSky-Safe,4,6,3,0.8542797728,0.4699577518,6.451621622,0.118759594,0.187027027,0.8197465107
FreshSky-Safe,4,6,4,0.5796663152,0.8105930222,9.524324324,0.2039627307,0.1272972973,5.7906744
FreshSky-Safe,4,6,5,0.95,0.2156180293,4.721621622,0.05134040103,0.2045945946,0.2156180293
FreshSky-Safe,4,6,6,0.7238759829,0.6208604762,8.602162162,0.1391063067,0.1427027027,1.808604762
FreshSky-Safe,4,6,7,0.298421524,1.535216558,17.22378378,0.370526591,0.06594594595,23.99246458
FreshSky-Safe,4,6,8,0.95,0.2628816135,4.447567568,0.06081801652,0.2045945946,0.2628816135
FreshSky-Safe,4,6,9,0.3698913443,1.257463669,15.88540541,0.3381557704,0.08054054054,23.96274746
FreshSky-Safe,4,6,10,0.95,0.2571157349,4.735135135,0.06170777637,0.2045945946,0.2571157349
FreshSky-Safe,4,6,11,0.5870736138,0.7995478023,9.905405405,0.2150135306,0.1421621622,7.190051651
FreshSky-Safe,4,7,0,0.95,0.2129344738,4.754324324,0.0520826213,0.2116216216,0.2129344738
FreshSky-Safe,4,7,1,0.8194645516,0.5105004868,5.512432432,0.1267972831,0.1924324324,1.394504381
FreshSky-Safe,4,7,2,0.5139536145,0.9182376412,10.12405405,0.2774566711,0.1337837838,8.928277542
FreshSky-Safe,4,7,3,0.1957148488,2.309972111,28.58621622,0.3983141099,0.03135135135,23.99776885
FreshSky-Safe,4,7,4,0.2668165055,1.705631049,16.92189189,0.3964439735,0.06324324324,23.99844559
FreshSky-Safe,4,7,5,0.95,0.2143947682,4.871621622,0.05238185688,0.2075675676,0.2143947682
FreshSky-Safe,4,7,6,0.9166527097,0.3910280632,5.465135135,0.101878663,0.2097297297,0.3910280632
FreshSky-Safe,4,7,7,0.2817874583,1.619983796,16.34648649,0.3914231118,0.06891891892,23.93389116
FreshSky-Safe,4,7,8,0.4060368001,1.152645744,11.74162162,0.3302174294,0.1059459459,17.04789253
FreshSky-Safe,4,7,9,0.95,0.2643493157,4.957567568,0.06587299163,0.2072972973,0.2643493157
FreshSky-Safe,4,7,10,0.95,0.2202876177,4.813783784,0.05661987148,0.2156756757,0.2202876177
FreshSky-Safe,4,7,11,0.8957240492,0.4190042049,5.107027027,0.1092808264,0.2083783784,0.5520336396
FreshSky-Safe,4,8,0,0.924502767,0.3798996382,4.548108108,0.09672039437,0.2113513514,0.3798996382
FreshSky-Safe,4,8,1,0.7675714746,0.5699618165,7.19,0.1608216585,0.1791891892,2.149427248
FreshSky-Safe,4,8,2,0.2938168902,1.557699888,16.13297297,0.3784789729,0.06054054054,23.93178503
FreshSky-Safe,4,8,3,0.223720696,2.021057334,21.35459459,0.394379296,0.04459459459,23.93709605
FreshSky-Safe,4,8,4,0.8564804989,0.4673466129,5.910540541,0.1165840334,0.1916216216,0.7367330643
FreshSky-Safe,4,8,5,0.95,0.2347890628,4.68972973,0.05907800473,0.2140540541,0.2347890628
FreshSky-Safe,4,8,6,0.4732619221,0.9960890923,10.51243243,0.284019998,0.1224324324,13.0983164
FreshSky-Safe,4,8,7,0.198994158,2.271318822,29.32351351,0.3990154687,0.03162162162,23.9957745
FreshSky-Safe,4,8,8,0.3554966144,1.304697623,12.75837838,0.3557945679,0.08783783784,23.95701932
FreshSky-Safe,4,8,9,0.365156396,1.272612991,14.79297297,0.3449813053,0.08756756757,22.57084709
FreshSky-Safe,4,8,10,0.95,0.2590903055,4.55972973,0.06519272281,0.2175675676,0.2590903055
FreshSky-Safe,4,8,11,0.8950142286,0.4199186836,4.878918919,0.1124701123,0.2137837838,0.4995934181
FreshSky-Safe,4,9,0,0.3257577326,1.414897118,14.99486486,0.3732269154,0.07135135135,23.99176942
FreshSky-Safe,4,9,1,0.6871221964,0.6652565043,7.857837838,0.182316242,0.16,5.696669111
FreshSky-Safe,4,9,2,0.2523803769,1.798374164,21.66405405,0.3922399866,0.04783783784,23.97407541
FreshSky-Safe,4,9,3,0.1963495047,2.302374716,30.02162162,0.3920259652,0.03162162162,23.9920901
FreshSky-Safe,4,9,4,0.5437054116,0.8671448273,10.15378378,0.258034177,0.1321621622,9.477186201
FreshSky-Safe,4,9,5,0.2493362779,1.819394726,20.84783784,0.3963330133,0.04810810811,23.9977866
FreshSky-Safe,4,9,6,0.95,0.209506079,4.13,0.05390534788,0.2272972973,0.209506079
FreshSky-Safe,4,9,7,0.4363495231,1.076896197,10.14135135,0.3221957,0.1210810811,18.18273377
FreshSky-Safe,4,9,8,0.95,0.2790122724,4.541081081,0.07261859954,0.2216216216,0.2790122724
FreshSky-Safe,4,9,9,0.6652629851,0.6926602831,7.769459459,0.2061132356,0.1691891892,3.80458368
FreshSky-Safe,4,9,10,0.95,0.247425482,4.453783784,0.06332754903,0.22,0.247425482
FreshSky-Safe,4,9,11,0.2127973752,2.123503268,24.72864865,0.3994481824,0.03756756757,23.99864068
FreshSky-Safe,4,10,0,0.2210551088,2.045012567,19.90486486,0.3985010974,0.04918918919,23.99589223
FreshSky-Safe,4,10,1,0.5230742899,0.9021077578,11.53108108,0.2655122563,0.1189189189,9.642155157
FreshSky-Safe,4,10,2,0.4621770162,1.019211399,12.28540541,0.2908884426,0.1127027027,18.18766737
FreshSky-Safe,4,10,3,0.8877431859,0.4291816563,4.957837838,0.1082233744,0.212972973,0.5459082815
FreshSky-Safe,4,10,4,0.3493760462,1.325898395,15.10540541,0.3440168808,0.08243243243,23.64956675
FreshSky-Safe,4,10,5,0.4491418585,1.047619095,11.01162162,0.3250450597,0.1227027027,13.71428741
FreshSky-Safe,4,10,6,0.5565464418,0.8463561798,10.16837838,0.2362934956,0.1332432432,11.20526068
FreshSky-Safe,4,10,7,0.34857734,1.328717478,14.88135135,0.361267509,0.08351351351,23.61226819
FreshSky-Safe,4,10,8,0.2223217792,2.03354937,22.8927027,0.398465755,0.04054054054,23.99252746
FreshSky-Safe,4,10,9,0.6900300697,0.6616731043,7.963783784,0.1861626221,0.1659459459,10.71361659
FreshSky-Safe,4,10,10,0.2104662511,2.146920017,24.05432432,0.4003715707,0.03837837838,23.99724247
FreshSky-Safe,4,10,11,0.2177243916,2.075867389,29.90108108,0.3916095777,0.03864864865,23.99321517
FreshSky-Safe,4,11,0,0.95,0.3358641596,5.165405405,0.08042585012,0.2043243243,0.3358641596
FreshSky-Safe,4,11,1,0.2935060875,1.559243329,15.89162162,0.3771683187,0.07324324324,23.99535639
FreshSky-Safe,4,11,2,0.6227889451,0.7487311135,8.656756757,0.1977054859,0.1586486486,5.959395632
FreshSky-Safe,4,11,3,0.4312530983,1.088976442,11.83594595,0.310799763,0.1008108108,12.95984568
FreshSky-Safe,4,11,4,0.6153269509,0.7590395275,9.103243243,0.1914010484,0.1386486486,7.139830077
FreshSky-Safe,4,11,5,0.4183303984,1.120756955,14.43810811,0.3162352056,0.09405405405,21.3849795
FreshSky-Safe,4,11,6,0.9434799305,0.3508668233,5.245135135,0.08600978616,0.1997297297,0.3508668233
FreshSky-Safe,4,11,7,0.4987828682,0.9460759936,11.89189189,0.2582531766,0.1113513514,14.74405183
FreshSky-Safe,4,11,8,0.6260188518,0.7443154627,10.23675676,0.1822567052,0.1354054054,9.073779344
FreshSky-Safe,4,11,9,0.4351735249,1.079661914,10.74594595,0.2958857246,0.1089189189,16.34410998
FreshSky-Safe,4,11,10,0.2492611008,1.819920828,21.17513514,0.3934963951,0.05081081081,23.9968331
FreshSky-Safe,4,11,11,0.2092716103,2.159149808,29.19189189,0.3921482894,0.03648648649,23.98724712
FreshSky-Safe,4,12,0,0.2277146089,1.986329388,20.35540541,0.3913605741,0.04972972973,23.99698616
FreshSky-Safe,4,12,1,0.9318683167,0.369039043,5.099189189,0.08547742158,0.1981081081,0.369039043
FreshSky-Safe,4,12,2,0.4490225566,1.047885528,12.24486486,0.3061525017,0.1081081081,23.95484878
FreshSky-Safe,4,12,3,0.364868936,1.273544601,13.65675676,0.3428244386,0.08621621622,18.82697184
FreshSky-Safe,4,12,4,0.3264467419,1.412123145,17.14594595,0.366007053,0.07648648649,23.97588129
FreshSky-Safe,4,12,5,0.2532754659,1.792296255,20.99108108,0.3938207716,0.04459459459,23.99199887
FreshSky-Safe,4,12,6,0.5108922966,0.9237509324,9.967837838,0.2444195035,0.1245945946,7.027516783
FreshSky-Safe,4,12,7,0.7249468559,0.6195927545,7.084864865,0.1497070061,0.1618918919,1.795927545
FreshSky-Safe,4,12,8,0.885090931,0.4325165816,5.954594595,0.1060250107,0.1881081081,0.5625829082
FreshSky-Safe,4,12,9,0.3371942215,1.370290719,15.4727027,0.34886861,0.07675675676,21.87686169
FreshSky-Safe,4,12,10,0.4510893652,1.043286736,12.87135135,0.2746381841,0.1035135135,13.59559493
FreshSky-Safe,4,12,11,0.3770521179,1.235229773,12.78675676,0.3234966621,0.09432432432,20.11597409
FreshSky-Safe,4,13,0,0.931036637,0.3702883284,6.169459459,0.09117099114,0.1886486486,0.3702883284
FreshSky-Safe,4,13,1,0.7159624459,0.6302691506,7.635945946,0.1693209556,0.1618918919,2.702691506
FreshSky-Safe,4,13,2,0.6775674106,0.6771299559,8.631621622,0.1645242785,0.1435135135,2.494169603
FreshSky-Safe,4,13,3,0.3509019354,1.320546841,15.08945946,0.3444128923,0.07918918919,20.71226362
FreshSky-Safe,4,13,4,0.95,0.2764601871,5.394594595,0.06814370018,0.2016216216,0.2764601871
FreshSky-Safe,4,13,5,0.7562371291,0.5830294735,6.854594595,0.1492240301,0.1710810811,1.315147367
FreshSky-Safe,4,13,6,0.2357345475,1.920506701,25.00567568,0.3913681223,0.04324324324,23.99651181
FreshSky-Safe,4,13,7,0.5713184825,0.8232731646,9.407027027,0.2400842553,0.1416216216,8.981829115
FreshSky-Safe,4,13,8,0.95,0.2265612916,4.836216216,0.05737511628,0.2156756757,0.2265612916
FreshSky-Safe,4,13,9,0.8385292043,0.488449848,5.956216216,0.124620718,0.1897297297,0.9306990882
FreshSky-Safe,4,13,10,0.9458583108,0.3469497415,5.418648649,0.07473484972,0.1840540541,0.3469497415
FreshSky-Safe,4,13,11,0.3749843981,1.241568686,13.12324324,0.3224722993,0.09135135135,18.78510197
FreshSky-Safe,4,14,0,0.3969158517,1.177446822,12.08189189,0.3201382439,0.09567567568,14.52340465
FreshSky-Safe,4,14,1,0.64914127,0.7134614509,8.322972973,0.1928274192,0.1497297297,9.457689331
FreshSky-Safe,4,14,2,0.685168137,0.6676722331,8.208378378,0.1793692432,0.1448648649,4.821116895
FreshSky-Safe,4,14,3,0.2123384503,2.128067317,26.96108108,0.3968557969,0.0372972973,23.99598236
FreshSky-Safe,4,14,4,0.8391928019,0.4876767217,6.247567568,0.1206011352,0.1827027027,1.402827548
FreshSky-Safe,4,14,5,0.2547057577,1.782678959,19.64054054,0.3868895147,0.05432432432,23.98129072
FreshSky-Safe,4,14,6,0.6450583303,0.7188179662,9.507297297,0.2039888823,0.1367567568,7.408085086
FreshSky-Safe,4,14,7,0.3536782427,1.310923092,17.29405405,0.3493432889,0.07648648649,23.39492349
FreshSky-Safe,4,14,8,0.3495021855,1.325454306,14.81567568,0.3456928124,0.08621621622,23.69088758
FreshSky-Safe,4,14,9,0.2638904463,1.723560971,18.68756757,0.3810467227,0.0572972973,23.98956077
FreshSky-Safe,4,14,10,0.8142278578,0.5165166625,6.295135135,0.1257787873,0.1810810811,1.697299925
FreshSky-Safe,4,14,11,0.4332858251,1.084128614,12.55351351,0.284803517,0.09810810811,16.50165903
FreshSky-Safe,4,15,0,0.95,0.2609434761,4.566756757,0.06410746479,0.2154054054,0.2609434761
FreshSky-Safe,4,15,1,0.6682774533,0.6888292002,7.046216216,0.1958508969,0.1789189189,4.621267203
FreshSky-Safe,4,15,2,0.3936552323,1.186565108,12.60432432,0.3380107091,0.1021621622,22.72977877
FreshSky-Safe,4,15,3,0.8783623152,0.4408835581,5.984594595,0.1049779499,0.1872972973,0.6453013484
FreshSky-Safe,4,15,4,0.2542081145,1.786011998,20.5772973,0.3919572278,0.04972972973,23.99109558
FreshSky-Safe,4,15,5,0.6112416568,0.7647485898,7.889189189,0.2172299373,0.1632432432,7.918714745
FreshSky-Safe,4,15,6,0.1961261937,2.305041448,34.55189189,0.3887421252,0.03,23.99744541
FreshSky-Safe,4,15,7,0.2603661895,1.74572184,18.66756757,0.3972696727,0.05216216216,23.98635636
FreshSky-Safe,4,15,8,0.4858854259,0.9708198352,9.891081081,0.280750601,0.1283783784,11.58721654
FreshSky-Safe,4,15,9,0.9440218225,0.349980936,5.006216216,0.08494131907,0.2008108108,0.349980936
FreshSky-Safe,4,15,10,0.777121657,0.5589976316,7.664054054,0.1430731776,0.1689189189,3.020955001
FreshSky-Safe,4,15,11,0.6438927182,0.7203540735,9.075405405,0.1869026785,0.1456756757,3.605311103
FreshSky-Safe,4,16,0,0.3932789834,1.187626136,14.18,0.3379919787,0.09675675676,23.98332498
FreshSky-Safe,4,16,1,0.7735119064,0.5631378354,7.292702703,0.168332553,0.1848648649,3.499618873
FreshSky-Safe,4,16,2,0.901603995,0.4113518347,5.022972973,0.1070626532,0.2121621622,0.4454073388
FreshSky-Safe,4,16,3,0.8416273572,0.4848363331,6.171081081,0.1179331621,0.1818918919,1.018035998
FreshSky-Safe,4,16,4,0.2260479039,2.00065631,19.11567568,0.3995905441,0.05135135135,23.78376683
FreshSky-Safe,4,16,5,0.7045979448,0.6439160289,6.454594595,0.1806445508,0.1851351351,2.858740433
FreshSky-Safe,4,16,6,0.6624829137,0.6962092138,7.542702703,0.2081101055,0.1732432432,10.45595012
FreshSky-Safe,4,16,7,0.1982197585,2.280313362,27.17027027,0.3993629888,0.03216216216,23.99646026
FreshSky-Safe,4,16,8,0.7522839954,0.5876051337,6.536756757,0.1653234984,0.1910810811,1.90084107
FreshSky-Safe,4,16,9,0.3841282698,1.214015836,11.62513514,0.3546894915,0.1056756757,19.63449091
FreshSky-Safe,4,16,10,0.2247729528,2.011774821,25.77324324,0.3936553973,0.04054054054,23.9909764
FreshSky-Safe,4,16,11,0.2144342016,2.107404393,24.39324324,0.3992676971,0.04027027027,23.99153746
FreshSky-Safe,4,17,0,0.6058267012,0.772389876,8.616486486,0.2072927424,0.1443243243,6.675407644
FreshSky-Safe,4,17,1,0.4606290406,1.022513998,10.78864865,0.2810531719,0.1156756757,9.96022397
FreshSky-Safe,4,17,2,0.8627452041,0.4598691245,4.599459459,0.1198145503,0.2148648649,0.6993456227
FreshSky-Safe,4,17,3,0.95,0.2139841101,4.337837838,0.05812271099,0.227027027,0.2139841101
FreshSky-Safe,4,17,4,0.8920394043,0.4237308779,5.401351351,0.1107426376,0.2018918919,0.5186543897
FreshSky-Safe,4,17,5,0.9329954481,0.3673358894,4.781621622,0.09342245186,0.217027027,0.3673358894
FreshSky-Safe,4,17,6,0.2434414901,1.861711545,23.41459459,0.3929720855,0.04594594595,23.9896348
FreshSky-Safe,4,17,7,0.2237143759,2.021113381,23.6,0.3949364796,0.03891891892,23.98581206
FreshSky-Safe,4,17,8,0.7874097494,0.5472165522,6.471351351,0.1512979819,0.1886486486,1.597114493
FreshSky-Safe,4,17,9,0.2072792387,2.179902851,32.08216216,0.3982741426,0.03486486486,23.99805703
FreshSky-Safe,4,17,10,0.95,0.241873434,4.499189189,0.05935704813,0.2140540541,0.241873434
FreshSky-Safe,4,17,11,0.5223938409,0.9032962107,9.265675676,0.2690357903,0.1348648649,14.35162569
FreshSky-Safe,4,18,0,0.95,0.2641897105,4.674864865,0.06876072734,0.2181081081,0.2641897105
FreshSky-Safe,4,18,1,0.2298402862,1.968390267,21.29864865,0.3942100508,0.04756756757,23.99532064
FreshSky-Safe,4,18,2,0.2514208534,1.804941085,18.44864865,0.3887940661,0.05135135135,23.98798908
FreshSky-Safe,4,18,3,0.95,0.3377909827,4.687837838,0.08481292512,0.2151351351,0.3377909827
FreshSky-Safe,4,18,4,0.8064515181,0.5254308787,6.478648649,0.1323517781,0.1854054054,1.027154393
FreshSky-Safe,4,18,5,0.2889292384,1.582364629,15.36,0.3810505093,0.07297297297,23.96711355
FreshSky-Safe,4,18,6,0.86964094,0.451552802,5.75,0.119234348,0.1994594595,0.709316812
FreshSky-Safe,4,18,7,0.95,0.2372894534,4.639189189,0.06131046417,0.2172972973,0.2372894534
FreshSky-Safe,4,18,8,0.4229897239,1.10910177,11.00216216,0.3108482529,0.1067567568,18.36430976
FreshSky-Safe,4,18,9,0.9113191376,0.3983676074,4.717297297,0.09937656802,0.2083783784,0.3983676074
FreshSky-Safe,4,18,10,0.93510967,0.3641087485,5.60027027,0.09496349791,0.2081081081,0.3641087485
FreshSky-Safe,4,18,11,0.8418183031,0.4846132827,6.501621622,0.1295358207,0.1975675676,1.776878937
FreshSky-Safe,4,19,0,0.8339118425,0.4938172966,5.734594595,0.1275917123,0.1894594595,0.8690864829
FreshSky-Safe,4,19,1,0.4218873338,1.111838862,11.87864865,0.2836691584,0.1005405405,13.44332701
FreshSky-Safe,4,19,2,0.3658373363,1.270411673,14.3772973,0.3382041886,0.08567567568,22.69957271
FreshSky-Safe,4,19,3,0.3670076204,1.266646367,12.66297297,0.3580843515,0.09756756757,21.46609829
FreshSky-Safe,4,19,4,0.481511622,0.9794527448,11.17027027,0.2644522411,0.1162162162,10.48631862
FreshSky-Safe,4,19,5,0.1930715746,2.342239302,21.33216216,0.3931163802,0.03837837838,23.99288744
FreshSky-Safe,4,19,6,0.2120595117,2.1308523,26.75540541,0.3927679104,0.03675675676,23.98943338
FreshSky-Safe,4,19,7,0.3057773787,1.500722279,14.89108108,0.3788309752,0.06756756757,23.99606308
FreshSky-Safe,4,19,8,0.5446939528,0.8655191693,8.578378378,0.2442167602,0.1424324324,9.906940894
FreshSky-Safe,4,19,9,0.4653449839,1.012509865,9.744864865,0.2793979924,0.1181081081,9.875217023
FreshSky-Safe,4,19,10,0.3623629999,1.281724896,13.11486486,0.341215952,0.08702702703,21.98316635
FreshSky-Safe,4,19,11,0.8770434254,0.4425090154,5.430810811,0.1056041785,0.1940540541,0.6125450771
FreshSky-Safe,8,0,0,0.95,0.3369544871,4.895405405,0.08587785982,0.2137837838,0.3369544871
FreshSky-Safe,8,0,1,0.2315765095,1.95400716,19.51243243,0.3971387524,0.05108108108,23.99862288
FreshSky-Safe,8,0,2,0.95,0.2191119648,5.082162162,0.05720598864,0.2162162162,0.2191119648
FreshSky-Safe,8,0,3,0.8081176242,0.5235225351,6.742432432,0.1392286958,0.1951351351,1.388180281
FreshSky-Safe,8,0,4,0.6281327393,0.7414402559,9.614594595,0.2023931509,0.1494594595,4.145924607
FreshSky-Safe,8,0,5,0.795200025,0.5383055036,6.292702703,0.1482522455,0.1983783784,0.9681385253
FreshSky-Safe,8,0,6,0.3394136806,1.361973486,14.11216216,0.3820887781,0.08189189189,23.86642066
FreshSky-Safe,8,0,7,0.9476946562,0.3438720469,5.461351351,0.08364455194,0.2027027027,0.3438720469
FreshSky-Safe,8,0,8,0.5005847781,0.9427001774,11.19135135,0.2608986437,0.1227027027,7.139403904
FreshSky-Safe,8,0,9,0.95,0.2738400263,4.674594595,0.06468545486,0.2102702703,0.2738400263
FreshSky-Safe,8,0,10,0.23436609,1.931388168,20.69081081,0.3993275537,0.04945945946,23.99858589
FreshSky-Safe,8,0,11,0.2528380647,1.795260579,20.23972973,0.4002945886,0.05621621622,23.98672606
FreshSky-Safe,8,1,0,0.5605092249,0.8400796556,9.602432432,0.2567919164,0.1475675676,4.521832079
FreshSky-Safe,8,1,1,0.2181252996,2.072097608,24.80432432,0.3976187303,0.04081081081,23.99874277
FreshSky-Safe,8,1,2,0.2316669551,1.953264399,25.88297297,0.3980436099,0.03891891892,23.99994003
FreshSky-Safe,8,1,3,0.3707979081,1.254604531,14.13297297,0.371634207,0.0972972973,20.89274046
FreshSky-Safe,8,1,4,0.95,0.2976063768,4.237297297,0.07745809211,0.2227027027,0.2976063768
FreshSky-Safe,8,1,5,0.95,0.2276934429,4.073513514,0.06461570678,0.2481081081,0.2276934429
FreshSky-Safe,8,1,6,0.2020086086,2.237061952,32.03621622,0.398438872,0.03054054054,23.99405494
FreshSky-Safe,8,1,7,0.95,0.2579608484,4.348918919,0.06574515677,0.2245945946,0.2579608484
FreshSky-Safe,8,1,8,0.325972712,1.414030367,13.64918919,0.392106799,0.08972972973,23.94226398
FreshSky-Safe,8,1,9,0.8362721814,0.4910760745,5.956486486,0.1405539359,0.2140540541,0.9464564472
FreshSky-Safe,8,1,10,0.2993435181,1.530799061,14.34378378,0.3901468957,0.07594594595,23.99255009
FreshSky-Safe,8,1,11,0.2334007936,1.939147999,21.42513514,0.4014560451,0.04837837838,23.9967316
FreshSky-Safe,8,2,0,0.2983974043,1.535332493,17.27324324,0.3875677158,0.06378378378,23.99061455
FreshSky-Safe,8,2,1,0.4720337023,0.9986066978,9.279189189,0.2642259344,0.1313513514,4.970740653
FreshSky-Safe,8,2,2,0.7619171253,0.5764720931,6.917567568,0.1512849736,0.187027027,1.282360466
FreshSky-Safe,8,2,3,0.95,0.328976203,4.930810811,0.08073253846,0.2035135135,0.328976203
FreshSky-Safe,8,2,4,0.6042558466,0.7746227687,10.06216216,0.2208721678,0.1427027027,4.470095993
FreshSky-Safe,8,2,5,0.7527600943,0.5870535051,7.072702703,0.1562831628,0.1756756757,1.335267526
FreshSky-Safe,8,2,6,0.6803453125,0.6736618433,7.314054054,0.174605867,0.1686486486,1.768309217
FreshSky-Safe,8,2,7,0.2438339011,1.858825842,21.13756757,0.398893978,0.04891891892,23.97718519
FreshSky-Safe,8,2,8,0.7053294905,0.6430324214,7.760810811,0.1741401314,0.1694594595,1.458194529
FreshSky-Safe,8,2,9,0.1925045361,2.34929577,29.30459459,0.3987453361,0.03297297297,23.999999
FreshSky-Safe,8,2,10,0.95,0.2710575607,4.997837838,0.06813068417,0.2102702703,0.2710575607
FreshSky-Safe,8,2,11,0.2931742638,1.560894842,16.25891892,0.4028796145,0.07054054054,23.97287535
FreshSky-Safe,8,3,0,0.2469621281,1.836175919,19.00459459,0.398003537,0.05297297297,23.99434167
FreshSky-Safe,8,3,1,0.8215561338,0.5080937316,5.978378378,0.1430901806,0.2097297297,1.048562389
FreshSky-Safe,8,3,2,0.8932287906,0.4222105672,5.029189189,0.1137686312,0.2272972973,0.5110528362
FreshSky-Safe,8,3,3,0.3220866759,1.429873819,12.73135135,0.3961136931,0.09081081081,23.94545812
FreshSky-Safe,8,3,4,0.225348274,2.006740312,20.34135135,0.3980938888,0.05216216216,23.99722931
FreshSky-Safe,8,3,5,0.2465631425,1.839030251,23.26378378,0.3971311271,0.04756756757,23.99174415
FreshSky-Safe,8,3,6,0.4834834838,0.9755450403,10.87216216,0.2979367285,0.1362162162,12.71962145
FreshSky-Safe,8,3,7,0.2778755806,1.641436133,16.05243243,0.395275566,0.06756756757,23.99387791
FreshSky-Safe,8,3,8,0.2645088005,1.719737046,18.25108108,0.3969339019,0.05837837838,23.99211138
FreshSky-Safe,8,3,9,0.3014458345,1.520828652,16.71540541,0.3913051018,0.07135135135,23.98252817
FreshSky-Safe,8,3,10,0.9387067142,0.3585144156,4.616756757,0.09205099861,0.2162162162,0.3585144156
FreshSky-Safe,8,3,11,0.2969367479,1.542388958,18.07297297,0.3851803777,0.07081081081,23.99534252
FreshSky-Safe,8,4,0,0.662118963,0.6966749552,8.075675676,0.1860310421,0.1597297297,4.036824149
FreshSky-Safe,8,4,1,0.6741961796,0.6813572012,8.268108108,0.1762321193,0.1581081081,2.65085761
FreshSky-Safe,8,4,2,0.3640876,1.27608378,14.48216216,0.3290226828,0.0872972973,15.82377011
FreshSky-Safe,8,4,3,0.2460798207,1.842501298,17.5027027,0.3978806857,0.05540540541,23.99257917
FreshSky-Safe,8,4,4,0.2372011855,1.908996959,22.93189189,0.3946980199,0.04540540541,23.99173239
FreshSky-Safe,8,4,5,0.4128728207,1.13470463,12.44513514,0.3143438503,0.1045945946,9.50232039
FreshSky-Safe,8,4,6,0.5024050881,0.9393093506,11.68540541,0.2566599334,0.1218918919,4.732402856
FreshSky-Safe,8,4,7,0.4159209977,1.126874486,12.32378378,0.286896153,0.1021621622,9.556866266
FreshSky-Safe,8,4,8,0.2309431598,1.959226317,21.45405405,0.3939633459,0.04378378378,23.99497405
FreshSky-Safe,8,4,9,0.4380235493,1.072981387,13.28432432,0.2824551003,0.09837837838,9.986646359
FreshSky-Safe,8,4,10,0.7287104513,0.6151471375,8.037567568,0.1581094399,0.1648648649,1.690882825
FreshSky-Safe,8,4,11,0.5641011845,0.8344446437,9.3,0.2232703236,0.1381081081,3.544446437
FreshSky-Safe,8,5,0,0.9411489522,0.3546353857,5.068648649,0.08549588216,0.2062162162,0.3546353857
FreshSky-Safe,8,5,1,0.4821824971,0.9781203331,10.89513514,0.2717588385,0.1235135135,10.006166
FreshSky-Safe,8,5,2,0.3825098869,1.218803669,12.15594595,0.3419238402,0.09972972973,15.1897541
FreshSky-Safe,8,5,3,0.7544254172,0.5851252029,7.307567568,0.1491278558,0.1783783784,1.325626014
FreshSky-Safe,8,5,4,0.3523107703,1.315645181,13.57513514,0.3552241988,0.09162162162,19.94145241
FreshSky-Safe,8,5,5,0.8677360717,0.4538598372,6.267297297,0.1106436684,0.1835135135,0.615439349
FreshSky-Safe,8,5,6,0.95,0.2241414152,4.844864865,0.05470262107,0.207027027,0.2241414152
FreshSky-Safe,8,5,7,0.2189202535,2.064668323,25.54756757,0.3917289628,0.04459459459,23.99666572
FreshSky-Safe,8,5,8,0.8265150398,0.5023771293,6.509459459,0.131840052,0.1902702703,0.9118856464
FreshSky-Safe,8,5,9,0.3376263363,1.368663091,13.6972973,0.3791566672,0.08513513514,23.95475772
FreshSky-Safe,8,5,10,0.2625732011,1.731770293,20.12972973,0.390350385,0.05351351351,23.96765105
FreshSky-Safe,8,5,11,0.2699141276,1.687095206,17.35459459,0.3935035574,0.06351351351,23.99342604
FreshSky-Safe,8,6,0,0.6600953202,0.6992694381,8.336216216,0.1891807318,0.1551351351,1.896347191
FreshSky-Safe,8,6,1,0.4082536129,1.146768836,14.52027027,0.3189257115,0.09810810811,11.06922091
FreshSky-Safe,8,6,2,0.95,0.2551559305,5.007837838,0.05978924102,0.2,0.2551559305
FreshSky-Safe,8,6,3,0.8542797728,0.4699577518,6.626486486,0.1172354067,0.1883783784,1.029619766
FreshSky-Safe,8,6,4,0.5796663152,0.8105930222,9.420810811,0.2006765428,0.1313513514,2.0953372
FreshSky-Safe,8,6,5,0.95,0.2156180293,4.797027027,0.05087419988,0.2027027027,0.2156180293
FreshSky-Safe,8,6,6,0.7238759829,0.6208604762,7.951081081,0.139441907,0.1432432432,1.104302381
FreshSky-Safe,8,6,7,0.298421524,1.535216558,16.22405405,0.3713564377,0.06594594595,23.85084707
FreshSky-Safe,8,6,8,0.95,0.2628816135,4.621351351,0.0613864092,0.2051351351,0.2628816135
FreshSky-Safe,8,6,9,0.3698913443,1.257463669,16.30189189,0.3442731612,0.08756756757,23.78361941
FreshSky-Safe,8,6,10,0.95,0.2571157349,4.666216216,0.06226370228,0.21,0.2571157349
FreshSky-Safe,8,6,11,0.5870736138,0.7995478023,10.15594595,0.2143652486,0.1440540541,3.995025826
FreshSky-Safe,8,7,0,0.95,0.2129344738,5.026216216,0.05231282073,0.2116216216,0.2129344738
FreshSky-Safe,8,7,1,0.8194645516,0.5105004868,5.745135135,0.128039041,0.1937837838,1.063002921
FreshSky-Safe,8,7,2,0.5139536145,0.9182376412,10.98756757,0.2796902221,0.1383783784,8.246515184
FreshSky-Safe,8,7,3,0.1957148488,2.309972111,26.86918919,0.3964411595,0.03216216216,23.99665327
FreshSky-Safe,8,7,4,0.2668165055,1.705631049,18.07864865,0.3936780854,0.06108108108,23.99844559
FreshSky-Safe,8,7,5,0.95,0.2143947682,5.042432432,0.05325102486,0.2105405405,0.2143947682
FreshSky-Safe,8,7,6,0.9166527097,0.3910280632,5.17,0.1007161471,0.2116216216,0.3910280632
FreshSky-Safe,8,7,7,0.2817874583,1.619983796,17.47810811,0.3922987788,0.07,23.99546293
FreshSky-Safe,8,7,8,0.4060368001,1.152645744,11.66162162,0.3249214894,0.1159459459,12.95820637
FreshSky-Safe,8,7,9,0.95,0.2643493157,4.901351351,0.06544431707,0.2102702703,0.2643493157
FreshSky-Safe,8,7,10,0.95,0.2202876177,4.685945946,0.05709616903,0.2227027027,0.2202876177
FreshSky-Safe,8,7,11,0.8957240492,0.4190042049,5.535945946,0.1088278489,0.2043243243,0.5520336396
FreshSky-Safe,8,8,0,0.924502767,0.3798996382,5.026486486,0.09733644784,0.2097297297,0.3798996382
FreshSky-Safe,8,8,1,0.7675714746,0.5699618165,7.294324324,0.1565084339,0.1805405405,1.419770899
FreshSky-Safe,8,8,2,0.2938168902,1.557699888,16.14081081,0.3852149724,0.06459459459,23.79298995
FreshSky-Safe,8,8,3,0.223720696,2.021057334,23.44243243,0.3965642229,0.0427027027,23.98055096
FreshSky-Safe,8,8,4,0.8564804989,0.4673466129,5.875135135,0.1163314136,0.1937837838,0.7367330643
FreshSky-Safe,8,8,5,0.95,0.2347890628,4.962162162,0.05907800473,0.2124324324,0.2347890628
FreshSky-Safe,8,8,6,0.4732619221,0.9960890923,10.70837838,0.2778280928,0.1275675676,7.317870939
FreshSky-Safe,8,8,7,0.198994158,2.271318822,24.34702703,0.3941045091,0.03567567568,23.9985915
FreshSky-Safe,8,8,8,0.3554966144,1.304697623,13.99297297,0.3674310602,0.09,21.45502155
FreshSky-Safe,8,8,9,0.365156396,1.272612991,14.85567568,0.347045002,0.09162162162,21.01155345
FreshSky-Safe,8,8,10,0.95,0.2590903055,4.757567568,0.06477257636,0.2156756757,0.2590903055
FreshSky-Safe,8,8,11,0.8950142286,0.4199186836,5.097027027,0.1126970954,0.2132432432,0.5195121017
FreshSky-Safe,8,9,0,0.3257577326,1.414897118,15.17918919,0.3781981755,0.07918918919,23.92395036
FreshSky-Safe,8,9,1,0.6871221964,0.6652565043,7.944324324,0.1749444807,0.1621621622,1.991539026
FreshSky-Safe,8,9,2,0.2523803769,1.798374164,19.4827027,0.3936981278,0.04945945946,23.9968815
FreshSky-Safe,8,9,3,0.1963495047,2.302374716,29.85648649,0.4001153899,0.0327027027,23.99472673
FreshSky-Safe,8,9,4,0.5437054116,0.8671448273,9.915945946,0.2547530885,0.1356756757,5.340027582
FreshSky-Safe,8,9,5,0.2493362779,1.819394726,22.75837838,0.3973164699,0.0472972973,23.98913103
FreshSky-Safe,8,9,6,0.95,0.209506079,4.16,0.05475469685,0.2305405405,0.209506079
FreshSky-Safe,8,9,7,0.4363495231,1.076896197,10.14594595,0.3271436014,0.1254054054,14.06032886
FreshSky-Safe,8,9,8,0.95,0.2790122724,4.733243243,0.07307105187,0.2218918919,0.2790122724
FreshSky-Safe,8,9,9,0.6652629851,0.6926602831,7.685675676,0.2014330985,0.1694594595,1.941282265
FreshSky-Safe,8,9,10,0.95,0.247425482,4.264324324,0.0639293948,0.2267567568,0.247425482
FreshSky-Safe,8,9,11,0.2127973752,2.123503268,27.39486486,0.400596022,0.04,23.99508517
FreshSky-Safe,8,10,0,0.2210551088,2.045012567,20.18324324,0.3985010974,0.05027027027,23.99589223
FreshSky-Safe,8,10,1,0.5230742899,0.9021077578,12.85810811,0.2645370047,0.1240540541,11.65058619
FreshSky-Safe,8,10,2,0.4621770162,1.019211399,11.47864865,0.2875828921,0.1216216216,8.926593787
FreshSky-Safe,8,10,3,0.8877431859,0.4291816563,5.205675676,0.1090353397,0.2091891892,0.6042715941
FreshSky-Safe,8,10,4,0.3493760462,1.325898395,16.59864865,0.3497504954,0.08432432432,22.44956675
FreshSky-Safe,8,10,5,0.4491418585,1.047619095,11.26567568,0.3207979553,0.1302702703,10.83809746
FreshSky-Safe,8,10,6,0.5565464418,0.8463561798,9.382972973,0.2401821591,0.1451351351,5.419835956
FreshSky-Safe,8,10,7,0.34857734,1.328717478,13.53108108,0.3605492833,0.09324324324,18.73485157
FreshSky-Safe,8,10,8,0.2223217792,2.03354937,21.67486486,0.3968169312,0.04459459459,23.99237507
FreshSky-Safe,8,10,9,0.6900300697,0.6616731043,8.072972973,0.1841954858,0.1667567568,3.895135191
FreshSky-Safe,8,10,10,0.2104662511,2.146920017,26.25621622,0.3992110734,0.03513513514,23.99724247
FreshSky-Safe,8,10,11,0.2177243916,2.075867389,28.02702703,0.3966589849,0.03756756757,23.99383232
FreshSky-Safe,8,11,0,0.95,0.3358641596,4.970810811,0.08006275373,0.207027027,0.3358641596
FreshSky-Safe,8,11,1,0.2935060875,1.559243329,14.14567568,0.374639816,0.07324324324,20.83611306
FreshSky-Safe,8,11,2,0.6227889451,0.7487311135,8.731891892,0.1960866078,0.1591891892,3.077160043
FreshSky-Safe,8,11,3,0.4312530983,1.088976442,11.63513514,0.311094081,0.107027027,8.91259952
FreshSky-Safe,8,11,4,0.6153269509,0.7590395275,9.323513514,0.1918113401,0.1408108108,3.10847433
FreshSky-Safe,8,11,5,0.4183303984,1.120756955,14.51378378,0.3132061327,0.09702702703,14.90195168
FreshSky-Safe,8,11,6,0.9434799305,0.3508668233,5.312162162,0.086863246,0.2027027027,0.3508668233
FreshSky-Safe,8,11,7,0.4987828682,0.9460759936,11.95216216,0.2551848221,0.1167567568,12.19797583
FreshSky-Safe,8,11,8,0.6260188518,0.7443154627,10.26108108,0.1790380437,0.1332432432,3.276101015
FreshSky-Safe,8,11,9,0.4351735249,1.079661914,11.45135135,0.3058069422,0.117027027,10.63391446
FreshSky-Safe,8,11,10,0.2492611008,1.819920828,22.57324324,0.3964476181,0.04756756757,23.99524965
FreshSky-Safe,8,11,11,0.2092716103,2.159149808,30.47054054,0.3944825054,0.03621621622,23.97729064
FreshSky-Safe,8,12,0,0.2277146089,1.986329388,19.67027027,0.3945816487,0.05,23.99698616
FreshSky-Safe,8,12,1,0.9318683167,0.369039043,4.944864865,0.08617560356,0.2032432432,0.369039043
FreshSky-Safe,8,12,2,0.4490225566,1.047885528,12.55216216,0.3061525017,0.1137837838,21.00273431
FreshSky-Safe,8,12,3,0.364868936,1.273544601,13.32108108,0.3455780486,0.09378378378,15.47988264
FreshSky-Safe,8,12,4,0.3264467419,1.412123145,13.75594595,0.3629538138,0.08756756757,21.86074331
FreshSky-Safe,8,12,5,0.2532754659,1.792296255,22.22297297,0.396727198,0.04189189189,23.99643143
FreshSky-Safe,8,12,6,0.5108922966,0.9237509324,10.12594595,0.2394262552,0.1291891892,4.285011189
FreshSky-Safe,8,12,7,0.7249468559,0.6195927545,7.286756757,0.1485348036,0.1635135135,1.497963773
FreshSky-Safe,8,12,8,0.885090931,0.4325165816,5.764054054,0.1064925962,0.1916216216,0.5300663265
FreshSky-Safe,8,12,9,0.3371942215,1.370290719,16.12567568,0.3507203542,0.07648648649,19.70657097
FreshSky-Safe,8,12,10,0.4510893652,1.043286736,13.31783784,0.2740742453,0.1108108108,9.909021461
FreshSky-Safe,8,12,11,0.3770521179,1.235229773,13.70216216,0.323830508,0.09432432432,14.375055
FreshSky-Safe,8,13,0,0.931036637,0.3702883284,6.060810811,0.09017021187,0.1883783784,0.3702883284
FreshSky-Safe,8,13,1,0.7159624459,0.6302691506,7.721351351,0.1713650718,0.1708108108,1.842153205
FreshSky-Safe,8,13,2,0.6775674106,0.6771299559,8.677837838,0.1643412704,0.1483783784,1.539909691
FreshSky-Safe,8,13,3,0.3509019354,1.320546841,14.41513514,0.3472681288,0.08162162162,17.11226362
FreshSky-Safe,8,13,4,0.95,0.2764601871,5.268378378,0.06859201399,0.2048648649,0.2764601871
FreshSky-Safe,8,13,5,0.7562371291,0.5830294735,6.524594595,0.1501694833,0.1762162162,1.315147367
FreshSky-Safe,8,13,6,0.2357345475,1.920506701,26.61108108,0.3944824574,0.04054054054,23.98384429
FreshSky-Safe,8,13,7,0.5713184825,0.8232731646,9.987837838,0.232964055,0.1394594595,7.80510228
FreshSky-Safe,8,13,8,0.95,0.2265612916,4.634864865,0.05676278846,0.2151351351,0.2265612916
FreshSky-Safe,8,13,9,0.8385292043,0.488449848,5.667567568,0.1247527315,0.1972972973,1.019148936
FreshSky-Safe,8,13,10,0.9458583108,0.3469497415,5.397567568,0.07464107952,0.1856756757,0.3469497415
FreshSky-Safe,8,13,11,0.3749843981,1.241568686,12.35378378,0.3275056858,0.1008108108,13.46039591
FreshSky-Safe,8,14,0,0.3969158517,1.177446822,13.01513514,0.324911677,0.09810810811,11.54893643
FreshSky-Safe,8,14,1,0.64914127,0.7134614509,8.858918919,0.1916704547,0.1502702703,4.009613371
FreshSky-Safe,8,14,2,0.685168137,0.6676722331,7.808108108,0.1764820119,0.1545945946,1.873705632
FreshSky-Safe,8,14,3,0.2123384503,2.128067317,26.00351351,0.4020321768,0.03702702703,23.99598236
FreshSky-Safe,8,14,4,0.8391928019,0.4876767217,6.44,0.122050985,0.1835135135,0.9260603305
FreshSky-Safe,8,14,5,0.2547057577,1.782678959,18.50378378,0.38833493,0.05324324324,23.99722353
FreshSky-Safe,8,14,6,0.6450583303,0.7188179662,9.002162162,0.1962178772,0.1472972973,2.312907797
FreshSky-Safe,8,14,7,0.3536782427,1.310923092,17.9027027,0.3465088606,0.08,19.66046204
FreshSky-Safe,8,14,8,0.3495021855,1.325454306,15.54594595,0.3564397392,0.09081081081,23.81634189
FreshSky-Safe,8,14,9,0.2638904463,1.723560971,18.78567568,0.388034132,0.05621621622,23.98541415
FreshSky-Safe,8,14,10,0.8142278578,0.5165166625,6.317297297,0.1259183864,0.1862162162,0.8660666499
FreshSky-Safe,8,14,11,0.4332858251,1.084128614,11.53567568,0.2807014088,0.1064864865,9.334958127
FreshSky-Safe,8,15,0,0.95,0.2609434761,4.564324324,0.06509481849,0.2167567568,0.2609434761
FreshSky-Safe,8,15,1,0.6682774533,0.6888292002,6.742432432,0.1943615365,0.1802702703,2.777121202
FreshSky-Safe,8,15,2,0.3936552323,1.186565108,12.40243243,0.3441038813,0.1164864865,14.41038813
FreshSky-Safe,8,15,3,0.8783623152,0.4408835581,6.063783784,0.1056928962,0.1878378378,0.6861849064
FreshSky-Safe,8,15,4,0.2542081145,1.786011998,19.55702703,0.3953361694,0.05567567568,23.99554779
FreshSky-Safe,8,15,5,0.6112416568,0.7647485898,7.773243243,0.2139229163,0.1713513514,3.871228847
FreshSky-Safe,8,15,6,0.1961261937,2.305041448,27.89675676,0.3999558404,0.03189189189,23.99565204
FreshSky-Safe,8,15,7,0.2603661895,1.74572184,18.38918919,0.3996287562,0.05594594595,23.97671049
FreshSky-Safe,8,15,8,0.4858854259,0.9708198352,9.811351351,0.2749781587,0.1345945946,5.879018187
FreshSky-Safe,8,15,9,0.9440218225,0.349980936,4.867027027,0.08588721349,0.2086486486,0.349980936
FreshSky-Safe,8,15,10,0.777121657,0.5589976316,7.298918919,0.1392961666,0.1697297297,1.194988158
FreshSky-Safe,8,15,11,0.6438927182,0.7203540735,9.48027027,0.1853451562,0.1437837838,2.001770368
FreshSky-Safe,8,16,0,0.3932789834,1.187626136,14.12324324,0.3360660985,0.09945945946,23.81009088
FreshSky-Safe,8,16,1,0.7735119064,0.5631378354,7.296216216,0.1662017612,0.1905405405,1.705102683
FreshSky-Safe,8,16,2,0.901603995,0.4113518347,5.095945946,0.1059508915,0.2075675676,0.4454073388
FreshSky-Safe,8,16,3,0.8416273572,0.4848363331,6.171081081,0.1200297517,0.1862162162,1.248363331
FreshSky-Safe,8,16,4,0.2260479039,2.00065631,19.72891892,0.400131262,0.04864864865,23.9045279
FreshSky-Safe,8,16,5,0.7045979448,0.6439160289,6.57027027,0.179774394,0.19,2.59524426
FreshSky-Safe,8,16,6,0.6624829137,0.6962092138,7.884594595,0.2086745995,0.1762162162,7.863531696
FreshSky-Safe,8,16,7,0.1982197585,2.280313362,26.94783784,0.3987466878,0.03189189189,23.99959388
FreshSky-Safe,8,16,8,0.7522839954,0.5876051337,6.263243243,0.163417752,0.1954054054,1.476051337
FreshSky-Safe,8,16,9,0.3841282698,1.214015836,12.18216216,0.357642503,0.1102702703,14.82047507
FreshSky-Safe,8,16,10,0.2247729528,2.011774821,26.52540541,0.4023549641,0.04162162162,23.99269591
FreshSky-Safe,8,16,11,0.2144342016,2.107404393,22.19810811,0.4009764034,0.04378378378,23.99967442
FreshSky-Safe,8,17,0,0.6058267012,0.772389876,9.592162162,0.2120940849,0.1472972973,4.703017768
FreshSky-Safe,8,17,1,0.4606290406,1.022513998,10.09054054,0.2799477514,0.1272972973,9.162849952
FreshSky-Safe,8,17,2,0.8627452041,0.4598691245,4.791351351,0.120560284,0.2137837838,0.5796073736
FreshSky-Safe,8,17,3,0.95,0.2139841101,4.291621622,0.05800704391,0.2291891892,0.2139841101
FreshSky-Safe,8,17,4,0.8920394043,0.4237308779,5.282702703,0.1091393315,0.1972972973,0.4949235117
FreshSky-Safe,8,17,5,0.9329954481,0.3673358894,5.026216216,0.09401813168,0.2172972973,0.3673358894
FreshSky-Safe,8,17,6,0.2434414901,1.861711545,20.45756757,0.3980037384,0.05135135135,23.99863513
FreshSky-Safe,8,17,7,0.2237143759,2.021113381,30.57216216,0.3954827265,0.03567567568,23.9869663
FreshSky-Safe,8,17,8,0.7874097494,0.5472165522,6.80027027,0.14893164,0.1943243243,1.430515866
FreshSky-Safe,8,17,9,0.2072792387,2.179902851,29.99054054,0.3959174908,0.03540540541,23.9880381
FreshSky-Safe,8,17,10,0.95,0.241873434,4.617297297,0.05988001771,0.2137837838,0.241873434
FreshSky-Safe,8,17,11,0.5223938409,0.9032962107,9.641621622,0.2656179128,0.1394594595,7.162628004
FreshSky-Safe,8,18,0,0.95,0.2641897105,4.539189189,0.0680467011,0.2178378378,0.2641897105
FreshSky-Safe,8,18,1,0.2298402862,1.968390267,20.85324324,0.3984660298,0.04810810811,23.98790364
FreshSky-Safe,8,18,2,0.2514208534,1.804941085,17.62891892,0.3931844633,0.05837837838,23.99878269
FreshSky-Safe,8,18,3,0.95,0.3377909827,4.692972973,0.08435645082,0.2137837838,0.3377909827
FreshSky-Safe,8,18,4,0.8064515181,0.5254308787,6.426756757,0.1340558782,0.1908108108,1.027154393
FreshSky-Safe,8,18,5,0.2889292384,1.582364629,18.73891892,0.3844718382,0.07054054054,23.98877293
FreshSky-Safe,8,18,6,0.86964094,0.451552802,5.723513514,0.1176478111,0.1986486486,0.709316812
FreshSky-Safe,8,18,7,0.95,0.2372894534,4.519459459,0.06092567046,0.2191891892,0.2372894534
FreshSky-Safe,8,18,8,0.4229897239,1.10910177,11.18513514,0.3132463108,0.1116216216,18.50993808
FreshSky-Safe,8,18,9,0.9113191376,0.3983676074,4.747567568,0.1000225695,0.2089189189,0.3983676074
FreshSky-Safe,8,18,10,0.93510967,0.3641087485,5.438378378,0.09525872122,0.2154054054,0.3641087485
FreshSky-Safe,8,18,11,0.8418183031,0.4846132827,6.218918919,0.1269162894,0.1983783784,1.246132827
FreshSky-Safe,8,19,0,0.8339118425,0.4938172966,6.362432432,0.1263905351,0.1881081081,0.9629037794
FreshSky-Safe,8,19,1,0.4218873338,1.111838862,12.41054054,0.2800631945,0.1002702703,7.653905209
FreshSky-Safe,8,19,2,0.3658373363,1.270411673,15.32702703,0.3440412152,0.09027027027,13.17152684
FreshSky-Safe,8,19,3,0.3670076204,1.266646367,12.84459459,0.3618500569,0.09972972973,18.46457585
FreshSky-Safe,8,19,4,0.481511622,0.9794527448,10.81108108,0.258628468,0.1186486486,5.891791172
FreshSky-Safe,8,19,5,0.1930715746,2.342239302,29.38162162,0.3994467567,0.03405405405,23.99721232
FreshSky-Safe,8,19,6,0.2120595117,2.1308523,25.04432432,0.3927679104,0.03945945946,23.98943338
FreshSky-Safe,8,19,7,0.3057773787,1.500722279,15.06243243,0.3861317863,0.07675675676,23.9989522
FreshSky-Safe,8,19,8,0.5446939528,0.8655191693,9.587297297,0.2409418228,0.14,4.648306709
FreshSky-Safe,8,19,9,0.4653449839,1.012509865,10.62054054,0.2835027621,0.1221621622,8.675217023
FreshSky-Safe,8,19,10,0.3623629999,1.281724896,13.18162162,0.3380982428,0.0872972973,15.84969458
FreshSky-Safe,8,19,11,0.8770434254,0.4425090154,5.648108108,0.1050061934,0.1935135135,0.6125450771
Ji'24-style Greedy-Safe,2,0,0,0.95,0.3369544871,4.708108108,0.08442075934,0.2059459459,0.3369544871
Ji'24-style Greedy-Safe,2,0,1,0.2315765095,1.95400716,19.24432432,0.3960825323,0.04567567568,23.99735537
Ji'24-style Greedy-Safe,2,0,2,0.95,0.2191119648,5.451351351,0.05714676919,0.2021621622,0.2191119648
Ji'24-style Greedy-Safe,2,0,3,0.8081176242,0.5235225351,6.265135135,0.1366818294,0.1867567568,1.635225351
Ji'24-style Greedy-Safe,2,0,4,0.6281327393,0.7414402559,9.154864865,0.203194708,0.132972973,8.408968701
Ji'24-style Greedy-Safe,2,0,5,0.795200025,0.5383055036,6.246216216,0.1486887094,0.1818918919,2.366110072
Ji'24-style Greedy-Safe,2,0,6,0.3394136806,1.361973486,13.95027027,0.3946042101,0.08324324324,23.99758369
Ji'24-style Greedy-Safe,2,0,7,0.9476946562,0.3438720469,5.037567568,0.08243635286,0.1978378378,0.3438720469
Ji'24-style Greedy-Safe,2,0,8,0.5005847781,0.9427001774,11.18621622,0.2703256455,0.1094594595,14.79560497
Ji'24-style Greedy-Safe,2,0,9,0.95,0.2738400263,4.629459459,0.06253914114,0.1983783784,0.2738400263
Ji'24-style Greedy-Safe,2,0,10,0.23436609,1.931388168,18.07081081,0.3998495505,0.05054054054,23.99010121
Ji'24-style Greedy-Safe,2,0,11,0.2528380647,1.795260579,19.10054054,0.4002945886,0.05135135135,23.9999466
Ji'24-style Greedy-Safe,2,1,0,0.5605092249,0.8400796556,8.993513514,0.2599705961,0.1343243243,8.401593112
Ji'24-style Greedy-Safe,2,1,1,0.2181252996,2.072097608,24.89,0.398738783,0.04378378378,23.99874277
Ji'24-style Greedy-Safe,2,1,2,0.2316669551,1.953264399,18.75891892,0.3990994285,0.04540540541,23.99858133
Ji'24-style Greedy-Safe,2,1,3,0.3707979081,1.254604531,13.04405405,0.3845193346,0.09594594595,23.98613075
Ji'24-style Greedy-Safe,2,1,4,0.95,0.2976063768,4.277837838,0.07689505302,0.222972973,0.2976063768
Ji'24-style Greedy-Safe,2,1,5,0.95,0.2276934429,3.928918919,0.06240031112,0.2408108108,0.2276934429
Ji'24-style Greedy-Safe,2,1,6,0.2020086086,2.237061952,28.26378378,0.400252706,0.03027027027,23.99943658
Ji'24-style Greedy-Safe,2,1,7,0.95,0.2579608484,4.38027027,0.06497824614,0.2218918919,0.2579608484
Ji'24-style Greedy-Safe,2,1,8,0.325972712,1.414030367,14.51513514,0.3947819916,0.07594594595,23.99946182
Ji'24-style Greedy-Safe,2,1,9,0.8362721814,0.4910760745,6.089459459,0.1373685776,0.1986486486,1.037532522
Ji'24-style Greedy-Safe,2,1,10,0.2993435181,1.530799061,14.97864865,0.3963528378,0.06864864865,23.99813202
Ji'24-style Greedy-Safe,2,1,11,0.2334007936,1.939147999,20.37351351,0.399883763,0.04594594595,23.99915543
Ji'24-style Greedy-Safe,2,2,0,0.2983974043,1.535332493,15.1872973,0.3991864481,0.06702702703,23.99791679
Ji'24-style Greedy-Safe,2,2,1,0.4720337023,0.9986066978,9.445135135,0.2688141273,0.1151351351,17.52197508
Ji'24-style Greedy-Safe,2,2,2,0.7619171253,0.5764720931,6.755405405,0.1470782854,0.1664864865,2.517665117
Ji'24-style Greedy-Safe,2,2,3,0.95,0.328976203,5.129189189,0.08064362597,0.1967567568,0.328976203
Ji'24-style Greedy-Safe,2,2,4,0.6042558466,0.7746227687,9.223243243,0.2198253803,0.1332432432,6.743209836
Ji'24-style Greedy-Safe,2,2,5,0.7527600943,0.5870535051,7.065405405,0.1561244997,0.1613513514,2.244642061
Ji'24-style Greedy-Safe,2,2,6,0.6803453125,0.6736618433,7.252702703,0.1735134423,0.1562162162,4.10492765
Ji'24-style Greedy-Safe,2,2,7,0.2438339011,1.858825842,23.92351351,0.3993963634,0.04108108108,23.97714588
Ji'24-style Greedy-Safe,2,2,8,0.7053294905,0.6430324214,7.713513514,0.1774421898,0.1548648649,3.888518743
Ji'24-style Greedy-Safe,2,2,9,0.1925045361,2.34929577,25.92486486,0.3987453361,0.03486486486,23.99999967
Ji'24-style Greedy-Safe,2,2,10,0.95,0.2710575607,4.862432432,0.06651899056,0.2072972973,0.2710575607
Ji'24-style Greedy-Safe,2,2,11,0.2931742638,1.560894842,14.70702703,0.4016140241,0.07081081081,23.99704184
Ji'24-style Greedy-Safe,2,3,0,0.2469621281,1.836175919,16.84459459,0.3970110094,0.05405405405,23.99954416
Ji'24-style Greedy-Safe,2,3,1,0.8215561338,0.5080937316,5.799459459,0.1396571149,0.192972973,2.021405973
Ji'24-style Greedy-Safe,2,3,2,0.8932287906,0.4222105672,4.935945946,0.1119428558,0.2167567568,0.4888422689
Ji'24-style Greedy-Safe,2,3,3,0.3220866759,1.429873819,12.01027027,0.4007511217,0.08297297297,23.99933929
Ji'24-style Greedy-Safe,2,3,4,0.225348274,2.006740312,21.4227027,0.4002633378,0.04405405405,23.99955093
Ji'24-style Greedy-Safe,2,3,5,0.2465631425,1.839030251,18.91189189,0.3996163031,0.04864864865,23.9965929
Ji'24-style Greedy-Safe,2,3,6,0.4834834838,0.9755450403,10.12054054,0.2968820852,0.1240540541,17.29516649
Ji'24-style Greedy-Safe,2,3,7,0.2778755806,1.641436133,16.1,0.3974937229,0.06405405405,23.99929074
Ji'24-style Greedy-Safe,2,3,8,0.2645088005,1.719737046,18.42486486,0.4006522523,0.05162162162,23.9987162
Ji'24-style Greedy-Safe,2,3,9,0.3014458345,1.520828652,16.59594595,0.3987037277,0.06810810811,23.9995506
Ji'24-style Greedy-Safe,2,3,10,0.9387067142,0.3585144156,4.641621622,0.09040377021,0.2091891892,0.3585144156
Ji'24-style Greedy-Safe,2,3,11,0.2969367479,1.542388958,15.60972973,0.3901827203,0.06540540541,23.99585942
Ji'24-style Greedy-Safe,2,4,0,0.662118963,0.6966749552,8.116216216,0.1822652315,0.1372972973,7.01687388
Ji'24-style Greedy-Safe,2,4,1,0.6741961796,0.6813572012,7.941081081,0.1714442039,0.1445945946,3.213572012
Ji'24-style Greedy-Safe,2,4,2,0.3640876,1.27608378,14.16243243,0.3269533578,0.07918918919,23.72810523
Ji'24-style Greedy-Safe,2,4,3,0.2460798207,1.842501298,17.32162162,0.4028604189,0.05486486486,23.99766482
Ji'24-style Greedy-Safe,2,4,4,0.2372011855,1.908996959,21.37405405,0.3977936906,0.04756756757,23.99835834
Ji'24-style Greedy-Safe,2,4,5,0.4128728207,1.13470463,11.86648649,0.3315177582,0.09675675676,20.28639172
Ji'24-style Greedy-Safe,2,4,6,0.5024050881,0.9393093506,11.49,0.2546289942,0.1062162162,11.93651792
Ji'24-style Greedy-Safe,2,4,7,0.4159209977,1.126874486,11.81864865,0.2875052743,0.08945945946,23.93934366
Ji'24-style Greedy-Safe,2,4,8,0.2309431598,1.959226317,19.39297297,0.3966109491,0.04648648649,23.99977447
Ji'24-style Greedy-Safe,2,4,9,0.4380235493,1.072981387,13.24297297,0.28535505,0.08783783784,17.55434856
Ji'24-style Greedy-Safe,2,4,10,0.7287104513,0.6151471375,7.672162162,0.1556156002,0.1478378378,3.196912787
Ji'24-style Greedy-Safe,2,4,11,0.5641011845,0.8344446437,9.548378378,0.2201129655,0.1175675676,10.89556074
Ji'24-style Greedy-Safe,2,5,0,0.9411489522,0.3546353857,5.153783784,0.0817578335,0.1940540541,0.3546353857
Ji'24-style Greedy-Safe,2,5,1,0.4821824971,0.9781203331,10.49567568,0.270965768,0.1164864865,11.20924899
Ji'24-style Greedy-Safe,2,5,2,0.3825098869,1.218803669,11.83243243,0.3521354385,0.09108108108,23.99831188
Ji'24-style Greedy-Safe,2,5,3,0.7544254172,0.5851252029,7.49027027,0.1494441396,0.1618918919,2.776878043
Ji'24-style Greedy-Safe,2,5,4,0.3523107703,1.315645181,12.57567568,0.3662471719,0.09162162162,23.97951747
Ji'24-style Greedy-Safe,2,5,5,0.8677360717,0.4538598372,6.421621622,0.1086810313,0.1702702703,0.7231590234
Ji'24-style Greedy-Safe,2,5,6,0.95,0.2241414152,4.904054054,0.05330930957,0.1983783784,0.2241414152
Ji'24-style Greedy-Safe,2,5,7,0.2189202535,2.064668323,24.65216216,0.3961931106,0.04621621622,23.99744594
Ji'24-style Greedy-Safe,2,5,8,0.8265150398,0.5023771293,6.387027027,0.1308896088,0.1705405405,1.423771293
Ji'24-style Greedy-Safe,2,5,9,0.3376263363,1.368663091,12.92189189,0.3832256656,0.0827027027,23.99154761
Ji'24-style Greedy-Safe,2,5,10,0.2625732011,1.731770293,18.4472973,0.390818431,0.05351351351,23.99578578
Ji'24-style Greedy-Safe,2,5,11,0.2699141276,1.687095206,18.78135135,0.3953274441,0.05540540541,23.99661576
Ji'24-style Greedy-Safe,2,6,0,0.6600953202,0.6992694381,8.443513514,0.190503674,0.1375675676,7.579544267
Ji'24-style Greedy-Safe,2,6,1,0.4082536129,1.146768836,12.75135135,0.3210952742,0.08756756757,21.54983393
Ji'24-style Greedy-Safe,2,6,2,0.95,0.2551559305,5.055135135,0.05730664278,0.1918918919,0.2551559305
Ji'24-style Greedy-Safe,2,6,3,0.8542797728,0.4699577518,6.137837838,0.1153301726,0.1764864865,0.8897042624
Ji'24-style Greedy-Safe,2,6,4,0.5796663152,0.8105930222,9.496216216,0.2090015522,0.1189189189,6.980081378
Ji'24-style Greedy-Safe,2,6,5,0.95,0.2156180293,4.806486486,0.05011662302,0.1943243243,0.2156180293
Ji'24-style Greedy-Safe,2,6,6,0.7238759829,0.6208604762,8.301081081,0.1419589089,0.1316216216,2.650325715
Ji'24-style Greedy-Safe,2,6,7,0.298421524,1.535216558,15.17513514,0.3846339864,0.06486486486,23.9984899
Ji'24-style Greedy-Safe,2,6,8,0.95,0.2628816135,4.456756757,0.05932598574,0.197027027,0.2628816135
Ji'24-style Greedy-Safe,2,6,9,0.3698913443,1.257463669,14.76918919,0.3486912768,0.08081081081,23.97846723
Ji'24-style Greedy-Safe,2,6,10,0.95,0.2571157349,4.868108108,0.06031796159,0.1978378378,0.2571157349
Ji'24-style Greedy-Safe,2,6,11,0.5870736138,0.7995478023,9.418108108,0.2163100946,0.1356756757,8.789147256
Ji'24-style Greedy-Safe,2,7,0,0.95,0.2129344738,4.897027027,0.05150712272,0.2013513514,0.2129344738
Ji'24-style Greedy-Safe,2,7,1,0.8194645516,0.5105004868,5.567567568,0.1276251217,0.1827027027,1.726005842
Ji'24-style Greedy-Safe,2,7,2,0.5139536145,0.9182376412,10.31351351,0.2826682901,0.1197297297,9.728277542
Ji'24-style Greedy-Safe,2,7,3,0.1957148488,2.309972111,28.9372973,0.3989384267,0.03027027027,23.99888442
Ji'24-style Greedy-Safe,2,7,4,0.2668165055,1.705631049,17.14,0.3950610294,0.06027027027,23.99844559
Ji'24-style Greedy-Safe,2,7,5,0.95,0.2143947682,4.840540541,0.052613635,0.2037837838,0.2143947682
Ji'24-style Greedy-Safe,2,7,6,0.9166527097,0.3910280632,5.383513514,0.09944794798,0.1964864865,0.3910280632
Ji'24-style Greedy-Safe,2,7,7,0.2817874583,1.619983796,17.09891892,0.3883582776,0.06027027027,23.9987037
Ji'24-style Greedy-Safe,2,7,8,0.4060368001,1.152645744,10.78621622,0.3420554127,0.1024324324,23.09632332
Ji'24-style Greedy-Safe,2,7,9,0.95,0.2643493157,4.681891892,0.06558720859,0.2094594595,0.2643493157
Ji'24-style Greedy-Safe,2,7,10,0.95,0.2202876177,4.776216216,0.05525051601,0.2105405405,0.2202876177
Ji'24-style Greedy-Safe,2,7,11,0.8957240492,0.4190042049,5.280540541,0.1092808264,0.2010810811,0.5330294346
Ji'24-style Greedy-Safe,2,8,0,0.924502767,0.3798996382,4.745135135,0.09415350492,0.2056756757,0.3798996382
Ji'24-style Greedy-Safe,2,8,1,0.7675714746,0.5699618165,7.177567568,0.1594352649,0.1662162162,3.969198147
Ji'24-style Greedy-Safe,2,8,2,0.2938168902,1.557699888,16.53135135,0.3919509719,0.06135135135,23.99787465
Ji'24-style Greedy-Safe,2,8,3,0.223720696,2.021057334,22.23216216,0.3976566863,0.04540540541,23.980819
Ji'24-style Greedy-Safe,2,8,4,0.8564804989,0.4673466129,5.923243243,0.1140578355,0.1835135135,0.87142629
Ji'24-style Greedy-Safe,2,8,5,0.95,0.2347890628,4.722972973,0.05742813564,0.2021621622,0.2347890628
Ji'24-style Greedy-Safe,2,8,6,0.4732619221,0.9960890923,10.84243243,0.2821355051,0.1102702703,16.69049459
Ji'24-style Greedy-Safe,2,8,7,0.198994158,2.271318822,26.08810811,0.4008570785,0.03675675676,23.99884749
Ji'24-style Greedy-Safe,2,8,8,0.3554966144,1.304697623,12.85432432,0.3642574714,0.08810810811,23.99994578
Ji'24-style Greedy-Safe,2,8,9,0.365156396,1.272612991,13.93648649,0.3638985254,0.08621621622,23.95552233
Ji'24-style Greedy-Safe,2,8,10,0.95,0.2590903055,4.605405405,0.06344211263,0.2059459459,0.2590903055
Ji'24-style Greedy-Safe,2,8,11,0.8950142286,0.4199186836,5.036486486,0.11156218,0.2024324324,0.5394307853
Ji'24-style Greedy-Safe,2,9,0,0.3257577326,1.414897118,15.06351351,0.385846268,0.06783783784,23.99810689
Ji'24-style Greedy-Safe,2,9,1,0.6871221964,0.6652565043,7.498108108,0.1839344335,0.1567567568,5.831412607
Ji'24-style Greedy-Safe,2,9,2,0.2523803769,1.798374164,20.1272973,0.394670222,0.0472972973,23.99356324
Ji'24-style Greedy-Safe,2,9,3,0.1963495047,2.302374716,28.54756757,0.3938927555,0.03324324324,23.99949363
Ji'24-style Greedy-Safe,2,9,4,0.5437054116,0.8671448273,9.838108108,0.2585029039,0.1232432432,10.68866206
Ji'24-style Greedy-Safe,2,9,5,0.2493362779,1.819394726,20.86918919,0.3968247416,0.04540540541,23.99902311
Ji'24-style Greedy-Safe,2,9,6,0.95,0.209506079,4.324864865,0.05271625933,0.2224324324,0.209506079
Ji'24-style Greedy-Safe,2,9,7,0.4363495231,1.076896197,10.58297297,0.3285988665,0.107027027,23.96721476
Ji'24-style Greedy-Safe,2,9,8,0.95,0.2790122724,4.656216216,0.07118583382,0.2105405405,0.2790122724
Ji'24-style Greedy-Safe,2,9,9,0.6652629851,0.6926602831,7.78027027,0.2040539753,0.1583783784,5.267885095
Ji'24-style Greedy-Safe,2,9,10,0.95,0.247425482,4.354864865,0.06178949874,0.2186486486,0.247425482
Ji'24-style Greedy-Safe,2,9,11,0.2127973752,2.123503268,23.76486486,0.3988742626,0.03675675676,23.99864068
Ji'24-style Greedy-Safe,2,10,0,0.2210551088,2.045012567,21.35756757,0.3985010974,0.04351351351,23.99890821
Ji'24-style Greedy-Safe,2,10,1,0.5230742899,0.9021077578,11.29486486,0.2659998821,0.1078378378,9.540047399
Ji'24-style Greedy-Safe,2,10,2,0.4621770162,1.019211399,11.96864865,0.2884092797,0.1064864865,18.87239897
Ji'24-style Greedy-Safe,2,10,3,0.8877431859,0.4291816563,5.433513514,0.1068314339,0.2010810811,0.5459082815
Ji'24-style Greedy-Safe,2,10,4,0.3493760462,1.325898395,14.12756757,0.3504671973,0.07810810811,23.9905828
Ji'24-style Greedy-Safe,2,10,5,0.4491418585,1.047619095,10.62216216,0.3287258835,0.1156756757,18.26666931
Ji'24-style Greedy-Safe,2,10,6,0.5565464418,0.8463561798,8.979189189,0.2342347914,0.1286486486,8.034411237
Ji'24-style Greedy-Safe,2,10,7,0.34857734,1.328717478,14.29351351,0.3691679913,0.08243243243,23.99117248
Ji'24-style Greedy-Safe,2,10,8,0.2223217792,2.03354937,22.6627027,0.4028626185,0.04135135135,23.99267986
Ji'24-style Greedy-Safe,2,10,9,0.6900300697,0.6616731043,7.552972973,0.1790093993,0.1535135135,4.048442774
Ji'24-style Greedy-Safe,2,10,10,0.2104662511,2.146920017,23.65351351,0.3992110734,0.03837837838,23.99932792
Ji'24-style Greedy-Safe,2,10,11,0.2177243916,2.075867389,29.13837838,0.3966589849,0.03675675676,23.99383232
Ji'24-style Greedy-Safe,2,11,0,0.95,0.3358641596,5.076486486,0.07706720852,0.1945945946,0.3358641596
Ji'24-style Greedy-Safe,2,11,1,0.2935060875,1.559243329,15.32324324,0.3936035862,0.06945945946,23.99655898
Ji'24-style Greedy-Safe,2,11,2,0.6227889451,0.7487311135,8.477297297,0.1932535712,0.1491891892,6.872084497
Ji'24-style Greedy-Safe,2,11,3,0.4312530983,1.088976442,11.85540541,0.3208065736,0.09324324324,18.64803414
Ji'24-style Greedy-Safe,2,11,4,0.6153269509,0.7590395275,9.532972973,0.1883238611,0.1272972973,8.298869605
Ji'24-style Greedy-Safe,2,11,5,0.4183303984,1.120756955,12.55756757,0.3222933513,0.09054054054,20.28314641
Ji'24-style Greedy-Safe,2,11,6,0.9434799305,0.3508668233,5.245945946,0.08430286647,0.1897297297,0.3508668233
Ji'24-style Greedy-Safe,2,11,7,0.4987828682,0.9460759936,11.6972973,0.253906341,0.1045945946,14.19797583
Ji'24-style Greedy-Safe,2,11,8,0.6260188518,0.7443154627,9.968378378,0.1776298793,0.1264864865,8.506725732
Ji'24-style Greedy-Safe,2,11,9,0.4351735249,1.079661914,11.85891892,0.3072659448,0.1013513514,18.5458004
Ji'24-style Greedy-Safe,2,11,10,0.2492611008,1.819920828,21.00459459,0.3959557476,0.04918918919,23.99854426
Ji'24-style Greedy-Safe,2,11,11,0.2092716103,2.159149808,27.76837838,0.3892305194,0.03594594595,23.99668118
Ji'24-style Greedy-Safe,2,12,0,0.2277146089,1.986329388,20.27675676,0.3935079572,0.04459459459,23.99752458
Ji'24-style Greedy-Safe,2,12,1,0.9318683167,0.369039043,5.088648649,0.08108884918,0.1886486486,0.369039043
Ji'24-style Greedy-Safe,2,12,2,0.4490225566,1.047885528,11.97810811,0.3104006863,0.09837837838,23.95484878
Ji'24-style Greedy-Safe,2,12,3,0.364868936,1.273544601,13.81540541,0.3583134946,0.08027027027,23.98408454
Ji'24-style Greedy-Safe,2,12,4,0.3264467419,1.412123145,14.43756757,0.3755484256,0.07594594595,23.97600888
Ji'24-style Greedy-Safe,2,12,5,0.2532754659,1.792296255,23.32837838,0.3938207716,0.04432432432,23.99940524
Ji'24-style Greedy-Safe,2,12,6,0.5108922966,0.9237509324,10.08891892,0.236929631,0.1118918919,10.35126772
Ji'24-style Greedy-Safe,2,12,7,0.7249468559,0.6195927545,7.134324324,0.1455205686,0.1494594595,2.376334791
Ji'24-style Greedy-Safe,2,12,8,0.885090931,0.4325165816,6.01,0.1028688086,0.1759459459,0.8552321429
Ji'24-style Greedy-Safe,2,12,9,0.3371942215,1.370290719,16.64756757,0.3622011684,0.06864864865,23.99139762
Ji'24-style Greedy-Safe,2,12,10,0.4510893652,1.043286736,12.73675676,0.2735103065,0.09351351351,16.48216841
Ji'24-style Greedy-Safe,2,12,11,0.3770521179,1.235229773,12.60783784,0.3251658915,0.09135135135,21.31597409
Ji'24-style Greedy-Safe,2,13,0,0.931036637,0.3702883284,6.23972973,0.08886919882,0.1791891892,0.3702883284
Ji'24-style Greedy-Safe,2,13,1,0.7159624459,0.6302691506,7.644054054,0.1664251244,0.1489189189,3.223768109
Ji'24-style Greedy-Safe,2,13,2,0.6775674106,0.6771299559,9.734864865,0.1625111894,0.1264864865,5.11120925
Ji'24-style Greedy-Safe,2,13,3,0.3509019354,1.320546841,14.32108108,0.362971929,0.07621621622,23.99437039
Ji'24-style Greedy-Safe,2,13,4,0.95,0.2764601871,5.285405405,0.06769538636,0.1975675676,0.2764601871
Ji'24-style Greedy-Safe,2,13,5,0.7562371291,0.5830294735,6.754864865,0.1482785769,0.1591891892,3.043618943
Ji'24-style Greedy-Safe,2,13,6,0.2357345475,1.920506701,24.13027027,0.3991539602,0.04216216216,23.99302362
Ji'24-style Greedy-Safe,2,13,7,0.5713184825,0.8232731646,9.372702703,0.238081699,0.1289189189,11.45164861
Ji'24-style Greedy-Safe,2,13,8,0.95,0.2265612916,4.852162162,0.05608922787,0.2075675676,0.2265612916
Ji'24-style Greedy-Safe,2,13,9,0.8385292043,0.488449848,6.057297297,0.122376489,0.1824324324,1.019148936
Ji'24-style Greedy-Safe,2,13,10,0.9458583108,0.3469497415,5.430540541,0.07220305431,0.1759459459,0.3469497415
Ji'24-style Greedy-Safe,2,13,11,0.3749843981,1.241568686,13.02864865,0.3459614366,0.09108108108,23.98510197
Ji'24-style Greedy-Safe,2,14,0,0.3969158517,1.177446822,11.97162162,0.3366861452,0.09135135135,23.09191566
Ji'24-style Greedy-Safe,2,14,1,0.64914127,0.7134614509,8.62972973,0.1891636982,0.1324324324,10.71153514
Ji'24-style Greedy-Safe,2,14,2,0.685168137,0.6676722331,8.681621622,0.1764820119,0.1332432432,6.424133594
Ji'24-style Greedy-Safe,2,14,3,0.2123384503,2.128067317,25.11081081,0.4003067169,0.04189189189,23.9997275
Ji'24-style Greedy-Safe,2,14,4,0.8391928019,0.4876767217,6.407027027,0.1140109093,0.1667567568,1.627474104
Ji'24-style Greedy-Safe,2,14,5,0.2547057577,1.782678959,18.69486486,0.3945983967,0.05378378378,23.99722353
Ji'24-style Greedy-Safe,2,14,6,0.6450583303,0.7188179662,9.311351351,0.1979663534,0.1283783784,5.657541357
Ji'24-style Greedy-Safe,2,14,7,0.3536782427,1.310923092,15.88432432,0.3635154304,0.07378378378,23.98646263
Ji'24-style Greedy-Safe,2,14,8,0.3495021855,1.325454306,13.97216216,0.3532156611,0.08,23.98907035
Ji'24-style Greedy-Safe,2,14,9,0.2638904463,1.723560971,18.84135135,0.3964190232,0.05945945946,23.99585338
Ji'24-style Greedy-Safe,2,14,10,0.8142278578,0.5165166625,6.440810811,0.1200552243,0.1656756757,1.79819995
Ji'24-style Greedy-Safe,2,14,11,0.4332858251,1.084128614,12.5527027,0.281580432,0.09027027027,17.83972981
Ji'24-style Greedy-Safe,2,15,0,0.95,0.2609434761,4.337567568,0.06276748478,0.2091891892,0.2609434761
Ji'24-style Greedy-Safe,2,15,1,0.6682774533,0.6888292002,6.915405405,0.1938030263,0.1648648649,2.976584004
Ji'24-style Greedy-Safe,2,15,2,0.3936552323,1.186565108,11.8227027,0.3511591332,0.09972972973,23.7655133
Ji'24-style Greedy-Safe,2,15,3,0.8783623152,0.4408835581,5.777027027,0.1049779499,0.1791891892,0.7679520226
Ji'24-style Greedy-Safe,2,15,4,0.2542081145,1.786011998,19.57945946,0.3967842872,0.0527027027,23.99554779
Ji'24-style Greedy-Safe,2,15,5,0.6112416568,0.7647485898,7.679459459,0.2130961611,0.1489189189,6.235977437
Ji'24-style Greedy-Safe,2,15,6,0.1961261937,2.305041448,35.53135135,0.3943489828,0.02459459459,23.99820663
Ji'24-style Greedy-Safe,2,15,7,0.2603661895,1.74572184,17.29081081,0.400100573,0.05432432432,23.9981173
Ji'24-style Greedy-Safe,2,15,8,0.4858854259,0.9708198352,10.05243243,0.2844239733,0.1156756757,11.4163967
Ji'24-style Greedy-Safe,2,15,9,0.9440218225,0.349980936,4.743243243,0.08427919298,0.2043243243,0.349980936
Ji'24-style Greedy-Safe,2,15,10,0.777121657,0.5589976316,7.180810811,0.1411091319,0.1575675676,3.57494079
Ji'24-style Greedy-Safe,2,15,11,0.6438927182,0.7203540735,9.23972973,0.1849557756,0.1291891892,4.484957029
Ji'24-style Greedy-Safe,2,16,0,0.3932789834,1.187626136,13.5327027,0.3415227591,0.08675675676,23.99569884
Ji'24-style Greedy-Safe,2,16,1,0.7735119064,0.5631378354,7.221621622,0.168332553,0.1727027027,3.336481037
Ji'24-style Greedy-Safe,2,16,2,0.901603995,0.4113518347,5.101621622,0.1063955962,0.2027027027,0.5021665123
Ji'24-style Greedy-Safe,2,16,3,0.8416273572,0.4848363331,5.826216216,0.1159676094,0.1764864865,0.9938543319
Ji'24-style Greedy-Safe,2,16,4,0.2260479039,2.00065631,19.6327027,0.3995905441,0.04459459459,23.9045279
Ji'24-style Greedy-Safe,2,16,5,0.7045979448,0.6439160289,6.331621622,0.1768158609,0.1732432432,3.99048852
Ji'24-style Greedy-Safe,2,16,6,0.6624829137,0.6962092138,8.218648649,0.2069811176,0.1564864865,8.174904055
Ji'24-style Greedy-Safe,2,16,7,0.1982197585,2.280313362,30.36594595,0.4018281924,0.03108108108,23.99939081
Ji'24-style Greedy-Safe,2,16,8,0.7522839954,0.5876051337,6.351621622,0.1621472545,0.1851351351,2.276051337
Ji'24-style Greedy-Safe,2,16,9,0.3841282698,1.214015836,11.16486486,0.3704388861,0.1024324324,23.92126686
Ji'24-style Greedy-Safe,2,16,10,0.2247729528,2.011774821,25.14972973,0.3974614578,0.04162162162,23.9909764
Ji'24-style Greedy-Safe,2,16,11,0.2144342016,2.107404393,23.82297297,0.3986981284,0.04081081081,23.99967442
Ji'24-style Greedy-Safe,2,17,0,0.6058267012,0.772389876,8.941081081,0.2112590688,0.13,7.44779752
Ji'24-style Greedy-Safe,2,17,1,0.4606290406,1.022513998,10.42540541,0.2785659757,0.1121621622,11.5256999
Ji'24-style Greedy-Safe,2,17,2,0.8627452041,0.4598691245,4.835135135,0.1180745049,0.2035135135,0.8789529963
Ji'24-style Greedy-Safe,2,17,3,0.95,0.2139841101,4.031891892,0.0576022091,0.2267567568,0.2139841101
Ji'24-style Greedy-Safe,2,17,4,0.8920394043,0.4237308779,5.602702703,0.1082231567,0.19,0.6610396572
Ji'24-style Greedy-Safe,2,17,5,0.9329954481,0.3673358894,4.935675676,0.09282677204,0.21,0.3673358894
Ji'24-style Greedy-Safe,2,17,6,0.2434414901,1.861711545,19.72216216,0.3969974078,0.05135135135,23.99863513
Ji'24-style Greedy-Safe,2,17,7,0.2237143759,2.021113381,26.73,0.3987602076,0.03297297297,23.99966294
Ji'24-style Greedy-Safe,2,17,8,0.7874097494,0.5472165522,6.296486486,0.1508542928,0.1818918919,2.608248284
Ji'24-style Greedy-Safe,2,17,9,0.2072792387,2.179902851,24.89837838,0.4018091202,0.03486486486,23.99969594
Ji'24-style Greedy-Safe,2,17,10,0.95,0.241873434,4.533243243,0.05916093453,0.2083783784,0.241873434
Ji'24-style Greedy-Safe,2,17,11,0.5223938409,0.9032962107,9.579459459,0.2753832772,0.1294594595,14.04173706
Ji'24-style Greedy-Safe,2,18,0,0.95,0.2641897105,4.685675676,0.0680467011,0.2154054054,0.2641897105
Ji'24-style Greedy-Safe,2,18,1,0.2298402862,1.968390267,26.14378378,0.3989980272,0.03945945946,23.99962611
Ji'24-style Greedy-Safe,2,18,2,0.2514208534,1.804941085,17.56297297,0.3946479291,0.05459459459,23.99832697
Ji'24-style Greedy-Safe,2,18,3,0.95,0.3377909827,4.47972973,0.08389997652,0.2116216216,0.3377909827
Ji'24-style Greedy-Safe,2,18,4,0.8064515181,0.5254308787,6.548918919,0.1336298532,0.177027027,1.403447029
Ji'24-style Greedy-Safe,2,18,5,0.2889292384,1.582364629,15.10135135,0.3896038316,0.06594594595,23.99677076
Ji'24-style Greedy-Safe,2,18,6,0.86964094,0.451552802,5.861351351,0.1193563893,0.1872972973,1.018633624
Ji'24-style Greedy-Safe,2,18,7,0.95,0.2372894534,4.497567568,0.05970715705,0.2075675676,0.2372894534
Ji'24-style Greedy-Safe,2,18,8,0.4229897239,1.10910177,11.45216216,0.3258361147,0.1018918919,23.98263277
Ji'24-style Greedy-Safe,2,18,9,0.9113191376,0.3983676074,4.606486486,0.09819223189,0.2018918919,0.3983676074
Ji'24-style Greedy-Safe,2,18,10,0.93510967,0.3641087485,5.538378378,0.09388101244,0.2021621622,0.3641087485
Ji'24-style Greedy-Safe,2,18,11,0.8418183031,0.4846132827,6.26027027,0.1250826176,0.19,1.923039089
Ji'24-style Greedy-Safe,2,19,0,0.8339118425,0.4938172966,6.038108108,0.1243885731,0.1767567568,1.150538373
Ji'24-style Greedy-Safe,2,19,1,0.4218873338,1.111838862,11.89810811,0.2845706493,0.0927027027,19.57884359
Ji'24-style Greedy-Safe,2,19,2,0.3658373363,1.270411673,14.73162162,0.3430111517,0.07972972973,23.98799375
Ji'24-style Greedy-Safe,2,19,3,0.3670076204,1.266646367,12.27783784,0.3676697834,0.09135135135,23.93274466
Ji'24-style Greedy-Safe,2,19,4,0.481511622,0.9794527448,11.28513514,0.2514811102,0.1002702703,13.70139332
Ji'24-style Greedy-Safe,2,19,5,0.1930715746,2.342239302,25.31837838,0.398813719,0.03648648649,23.99009977
Ji'24-style Greedy-Safe,2,19,6,0.2120595117,2.1308523,24.76918919,0.3985269707,0.03756756757,23.99687649
Ji'24-style Greedy-Safe,2,19,7,0.3057773787,1.500722279,15.7827027,0.3901877925,0.06540540541,23.99606308
Ji'24-style Greedy-Safe,2,19,8,0.5446939528,0.8655191693,9.418108108,0.2470238494,0.127027027,12.03797923
Ji'24-style Greedy-Safe,2,19,9,0.4653449839,1.012509865,9.847837838,0.2804925977,0.1121621622,17.88788472
Ji'24-style Greedy-Safe,2,19,10,0.3623629999,1.281724896,13.98594595,0.346412134,0.07648648649,23.93225009
Ji'24-style Greedy-Safe,2,19,11,0.8770434254,0.4425090154,5.499189189,0.09962432698,0.1794594595,0.5275270463
Ji'24-style Greedy-Safe,4,0,0,0.95,0.3369544871,4.901891892,0.08396541544,0.2075675676,0.3369544871
Ji'24-style Greedy-Safe,4,0,1,0.2315765095,1.95400716,19.35108108,0.3981949725,0.04486486486,23.99735537
Ji'24-style Greedy-Safe,4,0,2,0.95,0.2191119648,5.074594595,0.05614003854,0.207027027,0.2191119648
Ji'24-style Greedy-Safe,4,0,3,0.8081176242,0.5235225351,6.137837838,0.1359743666,0.1924324324,1.264657746
Ji'24-style Greedy-Safe,4,0,4,0.6281327393,0.7414402559,10.07837838,0.2049982113,0.1408108108,7.160327166
Ji'24-style Greedy-Safe,4,0,5,0.795200025,0.5383055036,6.155675676,0.1462154138,0.1913513514,1.52136054
Ji'24-style Greedy-Safe,4,0,6,0.3394136806,1.361973486,14.47513514,0.4023343299,0.09,23.99973208
Ji'24-style Greedy-Safe,4,0,7,0.9476946562,0.3438720469,5.63972973,0.08234341447,0.1959459459,0.3438720469
Ji'24-style Greedy-Safe,4,0,8,0.5005847781,0.9427001774,11.68459459,0.269561294,0.1189189189,13.19560497
Ji'24-style Greedy-Safe,4,0,9,0.95,0.2738400263,4.655135135,0.06313122768,0.2035135135,0.2738400263
Ji'24-style Greedy-Safe,4,0,10,0.23436609,1.931388168,18.4472973,0.4019375377,0.05216216216,23.99364562
Ji'24-style Greedy-Safe,4,0,11,0.2528380647,1.795260579,19.28297297,0.4012649997,0.05567567568,23.9999822
Ji'24-style Greedy-Safe,4,1,0,0.5605092249,0.8400796556,9.024864865,0.2531591395,0.1424324324,7.561513457
Ji'24-style Greedy-Safe,4,1,1,0.2181252996,2.072097608,27.39324324,0.3976187303,0.03945945946,23.99874277
Ji'24-style Greedy-Safe,4,1,2,0.2316669551,1.953264399,22.06891892,0.4001552471,0.04378378378,23.99988006
Ji'24-style Greedy-Safe,4,1,3,0.3707979081,1.254604531,15.50189189,0.3862147461,0.1005405405,23.99002979
Ji'24-style Greedy-Safe,4,1,4,0.95,0.2976063768,4.348108108,0.07633201393,0.2202702703,0.2976063768
Ji'24-style Greedy-Safe,4,1,5,0.95,0.2276934429,4.041621622,0.06246184989,0.2375675676,0.2276934429
Ji'24-style Greedy-Safe,4,1,6,0.2020086086,2.237061952,25.66459459,0.400252706,0.03405405405,23.99943658
Ji'24-style Greedy-Safe,4,1,7,0.95,0.2579608484,4.356756757,0.06455993125,0.2202702703,0.2579608484
Ji'24-style Greedy-Safe,4,1,8,0.325972712,1.414030367,13.23054054,0.4008967175,0.09216216216,23.99946182
Ji'24-style Greedy-Safe,4,1,9,0.8362721814,0.4910760745,6.211351351,0.1388285335,0.2075675676,0.9464564472
Ji'24-style Greedy-Safe,4,1,10,0.2993435181,1.530799061,14.23567568,0.3971802968,0.07405405405,23.99875468
Ji'24-style Greedy-Safe,4,1,11,0.2334007936,1.939147999,23.09027027,0.4040765154,0.0472972973,23.99996337
Ji'24-style Greedy-Safe,4,2,0,0.2983974043,1.535332493,15.58702703,0.3971116745,0.06945945946,23.99791679
Ji'24-style Greedy-Safe,4,2,1,0.4720337023,0.9986066978,9.183513514,0.266385084,0.1262162162,10.35262772
Ji'24-style Greedy-Safe,4,2,2,0.7619171253,0.5764720931,7.081621622,0.1500385475,0.1762162162,1.941193024
Ji'24-style Greedy-Safe,4,2,3,0.95,0.328976203,5.082432432,0.08082145095,0.2018918919,0.328976203
Ji'24-style Greedy-Safe,4,2,4,0.6042558466,0.7746227687,9.270540541,0.2194066653,0.1435135135,5.943209836
Ji'24-style Greedy-Safe,4,2,5,0.7527600943,0.5870535051,6.940540541,0.1567591522,0.1762162162,1.335267526
Ji'24-style Greedy-Safe,4,2,6,0.6803453125,0.6736618433,7.483783784,0.1733313716,0.1643243243,2.46295659
Ji'24-style Greedy-Safe,4,2,7,0.2438339011,1.858825842,21.23567568,0.3978892073,0.04648648649,23.97734245
Ji'24-style Greedy-Safe,4,2,8,0.7053294905,0.6430324214,7.643243243,0.1744877165,0.1664864865,2.916389057
Ji'24-style Greedy-Safe,4,2,9,0.1925045361,2.34929577,24.69837838,0.4006501705,0.03432432432,23.99999967
Ji'24-style Greedy-Safe,4,2,10,0.95,0.2710575607,4.964324324,0.06717831977,0.2086486486,0.2710575607
Ji'24-style Greedy-Safe,4,2,11,0.2931742638,1.560894842,14.71594595,0.4016140241,0.07540540541,23.99838122
Ji'24-style Greedy-Safe,4,3,0,0.2469621281,1.836175919,16.94648649,0.3994923282,0.05405405405,23.99954416
Ji'24-style Greedy-Safe,4,3,1,0.8215561338,0.5080937316,6.07027027,0.1395197922,0.2010810811,1.297124779
Ji'24-style Greedy-Safe,4,3,2,0.8932287906,0.4222105672,4.741891892,0.1085195269,0.2156756757,0.4666317017
Ji'24-style Greedy-Safe,4,3,3,0.3220866759,1.429873819,12.29216216,0.4015240265,0.08945945946,23.99820303
Ji'24-style Greedy-Safe,4,3,4,0.225348274,2.006740312,20.34783784,0.4002633378,0.0472972973,23.99955093
Ji'24-style Greedy-Safe,4,3,5,0.2465631425,1.839030251,21.85702703,0.3991192679,0.05135135135,23.9965929
Ji'24-style Greedy-Safe,4,3,6,0.4834834838,0.9755450403,10.65135135,0.3034736058,0.1310810811,17.64625657
Ji'24-style Greedy-Safe,4,3,7,0.2778755806,1.641436133,15.38864865,0.3997118799,0.07054054054,23.99929074
Ji'24-style Greedy-Safe,4,3,8,0.2645088005,1.719737046,18.68297297,0.4015818399,0.05594594595,23.99358099
Ji'24-style Greedy-Safe,4,3,9,0.3014458345,1.520828652,16.67324324,0.3958264843,0.06891891892,23.99865181
Ji'24-style Greedy-Safe,4,3,10,0.9387067142,0.3585144156,4.683513514,0.08914412496,0.2145945946,0.3585144156
Ji'24-style Greedy-Safe,4,3,11,0.2969367479,1.542388958,17.03702703,0.3956019248,0.07135135135,23.99723962
Ji'24-style Greedy-Safe,4,4,0,0.662118963,0.6966749552,8.560540541,0.1847130084,0.15,7.61022379
Ji'24-style Greedy-Safe,4,4,1,0.6741961796,0.6813572012,8.251891892,0.1686819449,0.1494594595,3.213572012
Ji'24-style Greedy-Safe,4,4,2,0.3640876,1.27608378,13.76459459,0.3428181831,0.09081081081,23.91719438
Ji'24-style Greedy-Safe,4,4,3,0.2460798207,1.842501298,18.91378378,0.4053502855,0.05054054054,23.99045163
Ji'24-style Greedy-Safe,4,4,4,0.2372011855,1.908996959,25.52810811,0.3972777455,0.04351351351,23.99835834
Ji'24-style Greedy-Safe,4,4,5,0.4128728207,1.13470463,12.68,0.3327444659,0.1027027027,16.4982065
Ji'24-style Greedy-Safe,4,4,6,0.5024050881,0.9393093506,10.64405405,0.2454897681,0.1132432432,8.718589868
Ji'24-style Greedy-Safe,4,4,7,0.4159209977,1.126874486,12.04864865,0.2838505463,0.09756756757,16.77809674
Ji'24-style Greedy-Safe,4,4,8,0.2309431598,1.959226317,22.82297297,0.3971404697,0.04513513514,23.9985318
Ji'24-style Greedy-Safe,4,4,9,0.4380235493,1.072981387,12.78108108,0.28535505,0.09864864865,17.09751607
Ji'24-style Greedy-Safe,4,4,10,0.7287104513,0.6151471375,7.711351351,0.1557818562,0.1572972973,2.58176565
Ji'24-style Greedy-Safe,4,4,11,0.5641011845,0.8344446437,8.951621622,0.218759812,0.1362162162,4.744446437
Ji'24-style Greedy-Safe,4,5,0,0.9411489522,0.3546353857,5.164054054,0.08242876531,0.2005405405,0.3546353857
Ji'24-style Greedy-Safe,4,5,1,0.4821824971,0.9781203331,10.8272973,0.2659429879,0.1191891892,10.58736933
Ji'24-style Greedy-Safe,4,5,2,0.3825098869,1.218803669,11.78297297,0.3518060321,0.09675675676,22.74877052
Ji'24-style Greedy-Safe,4,5,3,0.7544254172,0.5851252029,7.284594595,0.1464394427,0.1708108108,1.666126826
Ji'24-style Greedy-Safe,4,5,4,0.3523107703,1.315645181,12.70243243,0.3602023157,0.09351351351,23.99306687
Ji'24-style Greedy-Safe,4,5,5,0.8677360717,0.4538598372,6.404054054,0.1085583665,0.1732432432,0.7231590234
Ji'24-style Greedy-Safe,4,5,6,0.95,0.2241414152,4.993243243,0.05367278214,0.1967567568,0.2241414152
Ji'24-style Greedy-Safe,4,5,7,0.2189202535,2.064668323,24.27324324,0.3961931106,0.04513513514,23.99921978
Ji'24-style Greedy-Safe,4,5,8,0.8265150398,0.5023771293,6.407297297,0.1293960552,0.1810810811,1.219017034
Ji'24-style Greedy-Safe,4,5,9,0.3376263363,1.368663091,13.44891892,0.3958025697,0.08702702703,23.99347444
Ji'24-style Greedy-Safe,4,5,10,0.2625732011,1.731770293,19.45378378,0.3983071674,0.05243243243,23.99863519
Ji'24-style Greedy-Safe,4,5,11,0.2699141276,1.687095206,17.80783784,0.3976073025,0.06162162162,23.99342604
Ji'24-style Greedy-Safe,4,6,0,0.6600953202,0.6992694381,8.098918919,0.1872908144,0.1440540541,4.483197077
Ji'24-style Greedy-Safe,4,6,1,0.4082536129,1.146768836,13.83540541,0.3263642121,0.09459459459,19.20613018
Ji'24-style Greedy-Safe,4,6,2,0.95,0.2551559305,4.994054054,0.05847898083,0.1978378378,0.2551559305
Ji'24-style Greedy-Safe,4,6,3,0.8542797728,0.4699577518,6.312972973,0.1154571882,0.1848648649,0.8197465107
Ji'24-style Greedy-Safe,4,6,4,0.5796663152,0.8105930222,10.08108108,0.2037436515,0.1227027027,4.558895334
Ji'24-style Greedy-Safe,4,6,5,0.95,0.2156180293,5.042972973,0.04988352245,0.1943243243,0.2156180293
Ji'24-style Greedy-Safe,4,6,6,0.7238759829,0.6208604762,8.672702703,0.1374283054,0.1381081081,2.650325715
Ji'24-style Greedy-Safe,4,6,7,0.298421524,1.535216558,16.09297297,0.3908578373,0.06783783784,23.9984899
Ji'24-style Greedy-Safe,4,6,8,0.95,0.2628816135,4.791891892,0.06003647659,0.1989189189,0.2628816135
Ji'24-style Greedy-Safe,4,6,9,0.3698913443,1.257463669,16.00891892,0.3571876529,0.08243243243,23.98295859
Ji'24-style Greedy-Safe,4,6,10,0.95,0.2571157349,4.768918919,0.06045694306,0.2037837838,0.2571157349
Ji'24-style Greedy-Safe,4,6,11,0.5870736138,0.7995478023,10.11405405,0.2130686846,0.1405405405,4.795025826
Ji'24-style Greedy-Safe,4,7,0,0.95,0.2129344738,5.075135135,0.05190997173,0.207027027,0.2129344738
Ji'24-style Greedy-Safe,4,7,1,0.8194645516,0.5105004868,5.659459459,0.1261074176,0.187027027,0.9525024341
Ji'24-style Greedy-Safe,4,7,2,0.5139536145,0.9182376412,9.996486486,0.2747267754,0.1310810811,10.86536688
Ji'24-style Greedy-Safe,4,7,3,0.1957148488,2.309972111,33.49162162,0.4001870602,0.03054054054,23.99909524
Ji'24-style Greedy-Safe,4,7,4,0.2668165055,1.705631049,16.38594595,0.4001318245,0.06486486486,23.99999021
Ji'24-style Greedy-Safe,4,7,5,0.95,0.2143947682,5.000540541,0.05249774594,0.2054054054,0.2143947682
Ji'24-style Greedy-Safe,4,7,6,0.9166527097,0.3910280632,5.384864865,0.1011388801,0.2064864865,0.3910280632
Ji'24-style Greedy-Safe,4,7,7,0.2817874583,1.619983796,16.87027027,0.394487946,0.06621621622,23.99935185
Ji'24-style Greedy-Safe,4,7,8,0.4060368001,1.152645744,11.03486486,0.3442360938,0.112972973,23.68574035
Ji'24-style Greedy-Safe,4,7,9,0.95,0.2643493157,4.925675676,0.06494419674,0.2045945946,0.2643493157
Ji'24-style Greedy-Safe,4,7,10,0.95,0.2202876177,4.761081081,0.0553695904,0.2148648649,0.2202876177
Ji'24-style Greedy-Safe,4,7,11,0.8957240492,0.4190042049,5.586216216,0.1087146045,0.2035135135,0.5520336396
Ji'24-style Greedy-Safe,4,8,0,0.924502767,0.3798996382,4.820810811,0.09466688281,0.2037837838,0.3798996382
Ji'24-style Greedy-Safe,4,8,1,0.7675714746,0.5699618165,7.467567568,0.1577407838,0.1764864865,2.319389065
Ji'24-style Greedy-Safe,4,8,2,0.2938168902,1.557699888,17.60081081,0.3915299719,0.06027027027,23.99787465
Ji'24-style Greedy-Safe,4,8,3,0.223720696,2.021057334,21.93486486,0.3976566863,0.04459459459,23.9822486
Ji'24-style Greedy-Safe,4,8,4,0.8564804989,0.4673466129,5.99,0.1127947366,0.1832432432,0.7367330643
Ji'24-style Greedy-Safe,4,8,5,0.95,0.2347890628,4.891081081,0.05736467914,0.2051351351,0.2347890628
Ji'24-style Greedy-Safe,4,8,6,0.4732619221,0.9960890923,10.47162162,0.2832123581,0.1256756757,14.09440549
Ji'24-style Greedy-Safe,4,8,7,0.198994158,2.271318822,24.05918919,0.3996293386,0.04,23.99884749
Ji'24-style Greedy-Safe,4,8,8,0.3554966144,1.304697623,15.13432432,0.3681363022,0.08918918919,23.99184623
Ji'24-style Greedy-Safe,4,8,9,0.365156396,1.272612991,14.21081081,0.3638985254,0.08945945946,23.9479797
Ji'24-style Greedy-Safe,4,8,10,0.95,0.2590903055,4.760810811,0.06365218585,0.2113513514,0.2590903055
Ji'24-style Greedy-Safe,4,8,11,0.8950142286,0.4199186836,5.267027027,0.1117891631,0.2072972973,0.4995934181
Ji'24-style Greedy-Safe,4,9,0,0.3257577326,1.414897118,14.87621622,0.3892879097,0.07540540541,23.99810689
Ji'24-style Greedy-Safe,4,9,1,0.6871221964,0.6652565043,7.682432432,0.1808778495,0.1624324324,5.166156103
Ji'24-style Greedy-Safe,4,9,2,0.2523803769,1.798374164,22.00513514,0.3936981278,0.0472972973,23.99356324
Ji'24-style Greedy-Safe,4,9,3,0.1963495047,2.302374716,28.40594595,0.398870863,0.03621621622,23.99949363
Ji'24-style Greedy-Safe,4,9,4,0.5437054116,0.8671448273,10.78540541,0.2561592693,0.1272972973,9.547199992
Ji'24-style Greedy-Safe,4,9,5,0.2493362779,1.819394726,19.89432432,0.3978081982,0.04621621622,23.99902311
Ji'24-style Greedy-Safe,4,9,6,0.95,0.209506079,4.18,0.05294275238,0.2235135135,0.209506079
Ji'24-style Greedy-Safe,4,9,7,0.4363495231,1.076896197,9.918108108,0.3236509651,0.1221621622,19.96791364
Ji'24-style Greedy-Safe,4,9,8,0.95,0.2790122724,4.706486486,0.0714874687,0.2167567568,0.2790122724
Ji'24-style Greedy-Safe,4,9,9,0.6652629851,0.6926602831,7.789189189,0.2051772082,0.1651351351,4.097243963
Ji'24-style Greedy-Safe,4,9,10,0.95,0.247425482,4.374864865,0.06259195976,0.2186486486,0.247425482
Ji'24-style Greedy-Safe,4,9,11,0.2127973752,2.123503268,22.6027027,0.3994481824,0.03918918919,23.99864068
Ji'24-style Greedy-Safe,4,10,0,0.2210551088,2.045012567,22.7327027,0.4001592157,0.04567567568,23.99890821
Ji'24-style Greedy-Safe,4,10,1,0.5230742899,0.9021077578,11.79081081,0.2601483723,0.1162162162,7.931616368
Ji'24-style Greedy-Safe,4,10,2,0.4621770162,1.019211399,12.06135135,0.2848282667,0.1135135135,11.14580519
Ji'24-style Greedy-Safe,4,10,3,0.8877431859,0.4291816563,5.57027027,0.1060194686,0.2005405405,0.6042715941
Ji'24-style Greedy-Safe,4,10,4,0.3493760462,1.325898395,15.87621622,0.3576342156,0.08324324324,23.97620849
Ji'24-style Greedy-Safe,4,10,5,0.4491418585,1.047619095,11.91540541,0.330141585,0.1227027027,16.4571447
Ji'24-style Greedy-Safe,4,10,6,0.5565464418,0.8463561798,9.738648649,0.2324048321,0.1327027027,11.25161686
Ji'24-style Greedy-Safe,4,10,7,0.34857734,1.328717478,14.79216216,0.3795822634,0.08486486486,23.99935127
Ji'24-style Greedy-Safe,4,10,8,0.2223217792,2.03354937,25.67351351,0.3990153629,0.04135135135,23.99801714
Ji'24-style Greedy-Safe,4,10,9,0.6900300697,0.6616731043,7.818648649,0.178294077,0.1602702703,2.863423461
Ji'24-style Greedy-Safe,4,10,10,0.2104662511,2.146920017,25.27783784,0.3992110734,0.03567567568,23.99932792
Ji'24-style Greedy-Safe,4,10,11,0.2177243916,2.075867389,29.26243243,0.4000252563,0.03864864865,23.99537518
Ji'24-style Greedy-Safe,4,11,0,0.95,0.3358641596,5.097027027,0.07743030491,0.2005405405,0.3358641596
Ji'24-style Greedy-Safe,4,11,1,0.2935060875,1.559243329,16.44918919,0.3864394952,0.07,23.99948208
Ji'24-style Greedy-Safe,4,11,2,0.6227889451,0.7487311135,8.445135135,0.1926464919,0.1556756757,8.256857859
Ji'24-style Greedy-Safe,4,11,3,0.4312530983,1.088976442,11.67837838,0.3181577119,0.1008108108,18.40472789
Ji'24-style Greedy-Safe,4,11,4,0.6153269509,0.7590395275,9.427837838,0.1899650277,0.1354054054,6.38079055
Ji'24-style Greedy-Safe,4,11,5,0.4183303984,1.120756955,13.6427027,0.3204759076,0.09594594595,23.65677159
Ji'24-style Greedy-Safe,4,11,6,0.9434799305,0.3508668233,5.213783784,0.08468218196,0.1964864865,0.3508668233
Ji'24-style Greedy-Safe,4,11,7,0.4987828682,0.9460759936,12.02783784,0.2554405183,0.1064864865,14.74405183
Ji'24-style Greedy-Safe,4,11,8,0.6260188518,0.7443154627,10.68594595,0.177428713,0.1310810811,8.273779344
Ji'24-style Greedy-Safe,4,11,9,0.4351735249,1.079661914,11.27972973,0.3072659448,0.1127027027,13.67120977
Ji'24-style Greedy-Safe,4,11,10,0.2492611008,1.819920828,21.11,0.3993988411,0.05243243243,23.99696081
Ji'24-style Greedy-Safe,4,11,11,0.2092716103,2.159149808,24.79081081,0.3933153974,0.03864864865,23.99243021
Ji'24-style Greedy-Safe,4,12,0,0.2277146089,1.986329388,19.36756757,0.3972658776,0.05027027027,23.99913984
Ji'24-style Greedy-Safe,4,12,1,0.9318683167,0.369039043,5.282702703,0.08288417425,0.1897297297,0.369039043
Ji'24-style Greedy-Safe,4,12,2,0.4490225566,1.047885528,12.17243243,0.2968064956,0.1062162162,23.95484878
Ji'24-style Greedy-Safe,4,12,3,0.364868936,1.273544601,15.05567568,0.3596902995,0.08513513514,23.89786387
Ji'24-style Greedy-Safe,4,12,4,0.3264467419,1.412123145,13.94891892,0.3824182139,0.08567567568,23.97600888
Ji'24-style Greedy-Safe,4,12,5,0.2532754659,1.792296255,25.75324324,0.3986648155,0.04945945946,23.99940524
Ji'24-style Greedy-Safe,4,12,6,0.5108922966,0.9237509324,10.85,0.2391765928,0.12,9.922520513
Ji'24-style Greedy-Safe,4,12,7,0.7249468559,0.6195927545,7.391621622,0.144348366,0.1554054054,1.537149282
Ji'24-style Greedy-Safe,4,12,8,0.885090931,0.4325165816,6.06,0.1038039796,0.182972973,0.5625829082
Ji'24-style Greedy-Safe,4,12,9,0.3371942215,1.370290719,15.34135135,0.3622011684,0.0772972973,23.94360781
Ji'24-style Greedy-Safe,4,12,10,0.4510893652,1.043286736,12.47351351,0.2695627351,0.1051351351,14.63888167
Ji'24-style Greedy-Safe,4,12,11,0.3770521179,1.235229773,12.39027027,0.3234966621,0.09810810811,20.51597409
Ji'24-style Greedy-Safe,4,13,0,0.931036637,0.3702883284,5.908648649,0.08986997809,0.1845945946,0.3702883284
Ji'24-style Greedy-Safe,4,13,1,0.7159624459,0.6302691506,7.457027027,0.1682988975,0.1645945946,2.702691506
Ji'24-style Greedy-Safe,4,13,2,0.6775674106,0.6771299559,8.580540541,0.1661713513,0.1491891892,2.617039647
Ji'24-style Greedy-Safe,4,13,3,0.3509019354,1.320546841,15.20837838,0.3611874063,0.0827027027,23.99445099
Ji'24-style Greedy-Safe,4,13,4,0.95,0.2764601871,5.128648649,0.06762066739,0.2054054054,0.2764601871
Ji'24-style Greedy-Safe,4,13,5,0.7562371291,0.5830294735,6.736486486,0.1474906992,0.1689189189,1.464235788
Ji'24-style Greedy-Safe,4,13,6,0.2357345475,1.920506701,24.45756757,0.3996730161,0.04432432432,23.99651181
Ji'24-style Greedy-Safe,4,13,7,0.5713184825,0.8232731646,9.322972973,0.2334090675,0.1362162162,10.22837544
Ji'24-style Greedy-Safe,4,13,8,0.95,0.2265612916,4.906486486,0.0566403229,0.2116216216,0.2265612916
Ji'24-style Greedy-Safe,4,13,9,0.8385292043,0.488449848,6.262702703,0.1233005833,0.187027027,0.8422492401
Ji'24-style Greedy-Safe,4,13,10,0.9458583108,0.3469497415,5.565945946,0.07342206691,0.1786486486,0.3469497415
Ji'24-style Greedy-Safe,4,13,11,0.3749843981,1.241568686,12.83297297,0.3328746315,0.09459459459,17.49176963
Ji'24-style Greedy-Safe,4,14,0,0.3969158517,1.177446822,12.0472973,0.3239569904,0.09837837838,16.87829829
Ji'24-style Greedy-Safe,4,14,1,0.64914127,0.7134614509,8.651081081,0.1893565256,0.1445945946,7.403843528
Ji'24-style Greedy-Safe,4,14,2,0.685168137,0.6676722331,8.483243243,0.1757602041,0.1427027027,4.018100196
Ji'24-style Greedy-Safe,4,14,3,0.2123384503,2.128067317,25.74108108,0.3997315635,0.03783783784,23.99869639
Ji'24-style Greedy-Safe,4,14,4,0.8391928019,0.4876767217,6.303783784,0.1182286539,0.177027027,0.9260603305
Ji'24-style Greedy-Safe,4,14,5,0.2547057577,1.782678959,19.15891892,0.3931529813,0.05621621622,23.99722353
Ji'24-style Greedy-Safe,4,14,6,0.6450583303,0.7188179662,9.012972973,0.1936923006,0.1397297297,5.651631188
Ji'24-style Greedy-Safe,4,14,7,0.3536782427,1.310923092,16.72567568,0.3649326445,0.08135135135,23.85523348
Ji'24-style Greedy-Safe,4,14,8,0.3495021855,1.325454306,14.36486486,0.3560815083,0.0872972973,23.98723998
Ji'24-style Greedy-Safe,4,14,9,0.2638904463,1.723560971,17.30648649,0.399213987,0.0627027027,23.99214292
Ji'24-style Greedy-Safe,4,14,10,0.8142278578,0.5165166625,6.318108108,0.1214512152,0.1751351351,1.165166625
Ji'24-style Greedy-Safe,4,14,11,0.4332858251,1.084128614,12.28378378,0.2842175016,0.1032432432,16.3556012
Ji'24-style Greedy-Safe,4,15,0,0.95,0.2609434761,4.670810811,0.06326116163,0.2113513514,0.2609434761
Ji'24-style Greedy-Safe,4,15,1,0.6682774533,0.6888292002,6.73972973,0.1897072851,0.1775675676,2.377121202
Ji'24-style Greedy-Safe,4,15,2,0.3936552323,1.186565108,11.20864865,0.3489142803,0.1132432432,23.84612265
Ji'24-style Greedy-Safe,4,15,3,0.8783623152,0.4408835581,6.021081081,0.1049779499,0.1818918919,0.7270684645
Ji'24-style Greedy-Safe,4,15,4,0.2542081145,1.786011998,19.65081081,0.398715111,0.05459459459,23.99943154
Ji'24-style Greedy-Safe,4,15,5,0.6112416568,0.7647485898,7.551621622,0.2112359618,0.1624324324,7.553966155
Ji'24-style Greedy-Safe,4,15,6,0.1961261937,2.305041448,30.05783784,0.3993328562,0.02864864865,23.99896785
Ji'24-style Greedy-Safe,4,15,7,0.2603661895,1.74572184,18.43675676,0.3996287562,0.05594594595,23.9962346
Ji'24-style Greedy-Safe,4,15,8,0.4858854259,0.9708198352,10.26297297,0.2907211831,0.1327027027,11.58721654
Ji'24-style Greedy-Safe,4,15,9,0.9440218225,0.349980936,5.116756757,0.08427919298,0.2048648649,0.349980936
Ji'24-style Greedy-Safe,4,15,10,0.777121657,0.5589976316,7.331351351,0.1411091319,0.1675675676,1.430978684
Ji'24-style Greedy-Safe,4,15,11,0.6438927182,0.7203540735,9.47027027,0.1841770145,0.1359459459,3.044248882
Ji'24-style Greedy-Safe,4,16,0,0.3932789834,1.187626136,13.31459459,0.3479423599,0.09918918919,23.98332498
Ji'24-style Greedy-Safe,4,16,1,0.7735119064,0.5631378354,7.373513514,0.1651363652,0.1818918919,1.989032379
Ji'24-style Greedy-Safe,4,16,2,0.901603995,0.4113518347,5.135675676,0.105617363,0.207027027,0.4681110082
Ji'24-style Greedy-Safe,4,16,3,0.8416273572,0.4848363331,6.386216216,0.1159676094,0.1775675676,0.8241816656
Ji'24-style Greedy-Safe,4,16,4,0.2260479039,2.00065631,18.97972973,0.3985091083,0.04864864865,23.99903655
Ji'24-style Greedy-Safe,4,16,5,0.7045979448,0.6439160289,6.518918919,0.1757716727,0.1797297297,3.014824404
Ji'24-style Greedy-Safe,4,16,6,0.6624829137,0.6962092138,7.360540541,0.2049113064,0.1716216216,5.701439559
Ji'24-style Greedy-Safe,4,16,7,0.1982197585,2.280313362,28.28297297,0.4024444933,0.03297297297,23.99939081
Ji'24-style Greedy-Safe,4,16,8,0.7522839954,0.5876051337,6.482432432,0.1619884423,0.1878378378,1.713235936
Ji'24-style Greedy-Safe,4,16,9,0.3841282698,1.214015836,11.40162162,0.3776573586,0.1159459459,23.87812199
Ji'24-style Greedy-Safe,4,16,10,0.2247729528,2.011774821,25.75756757,0.4001800724,0.0427027027,23.99613493
Ji'24-style Greedy-Safe,4,16,11,0.2144342016,2.107404393,24.28378378,0.3986981284,0.04243243243,23.99967442
Ji'24-style Greedy-Safe,4,17,0,0.6058267012,0.772389876,8.952972973,0.2106328067,0.1440540541,6.675407644
Ji'24-style Greedy-Safe,4,17,1,0.4606290406,1.022513998,10.47945946,0.2835403681,0.1216216216,11.43039195
Ji'24-style Greedy-Safe,4,17,2,0.8627452041,0.4598691245,4.993783784,0.1186959497,0.2048648649,0.5796073736
Ji'24-style Greedy-Safe,4,17,3,0.95,0.2139841101,4.132432432,0.05754437556,0.2275675676,0.2139841101
Ji'24-style Greedy-Safe,4,17,4,0.8920394043,0.4237308779,5.217567568,0.1092538534,0.202972973,0.5186543897
Ji'24-style Greedy-Safe,4,17,5,0.9329954481,0.3673358894,4.943783784,0.09223109222,0.2162162162,0.3673358894
Ji'24-style Greedy-Safe,4,17,6,0.2434414901,1.861711545,21.76432432,0.3975005731,0.05027027027,23.99944623
Ji'24-style Greedy-Safe,4,17,7,0.2237143759,2.021113381,28.07135135,0.3993064545,0.03243243243,23.9985087
Ji'24-style Greedy-Safe,4,17,8,0.7874097494,0.5472165522,6.636486486,0.150114811,0.1886486486,1.32494897
Ji'24-style Greedy-Safe,4,17,9,0.2072792387,2.179902851,28.74540541,0.3976849796,0.03324324324,23.99969594
Ji'24-style Greedy-Safe,4,17,10,0.95,0.241873434,4.46,0.05922630573,0.2108108108,0.241873434
Ji'24-style Greedy-Safe,4,17,11,0.5223938409,0.9032962107,9.754054054,0.2722095338,0.1332432432,15.2549219
Ji'24-style Greedy-Safe,4,18,0,0.95,0.2641897105,4.770810811,0.06811810372,0.2148648649,0.2641897105
Ji'24-style Greedy-Safe,4,18,1,0.2298402862,1.968390267,26.51891892,0.3989980272,0.04162162162,23.99962611
Ji'24-style Greedy-Safe,4,18,2,0.2514208534,1.804941085,18.79972973,0.3931844633,0.05243243243,23.99832697
Ji'24-style Greedy-Safe,4,18,3,0.95,0.3377909827,4.690810811,0.08380868165,0.2083783784,0.3377909827
Ji'24-style Greedy-Safe,4,18,4,0.8064515181,0.5254308787,6.937027027,0.1319257531,0.1854054054,1.027154393
Ji'24-style Greedy-Safe,4,18,5,0.2889292384,1.582364629,14.64243243,0.3900314977,0.07432432432,23.99836029
Ji'24-style Greedy-Safe,4,18,6,0.86964094,0.451552802,5.915945946,0.1187461828,0.1940540541,0.760869614
Ji'24-style Greedy-Safe,4,18,7,0.95,0.2372894534,4.558108108,0.06054087675,0.2118918919,0.2372894534
Ji'24-style Greedy-Safe,4,18,8,0.4229897239,1.10910177,11.22972973,0.3204404844,0.1051351351,17.27305311
Ji'24-style Greedy-Safe,4,18,9,0.9113191376,0.3983676074,4.920810811,0.09786923112,0.2016216216,0.3983676074
Ji'24-style Greedy-Safe,4,18,10,0.93510967,0.3641087485,5.485675676,0.09397942021,0.2078378378,0.3641087485
Ji'24-style Greedy-Safe,4,18,11,0.8418183031,0.4846132827,6.56,0.1284880082,0.1962162162,1.838425806
Ji'24-style Greedy-Safe,4,19,0,0.8339118425,0.4938172966,6.214594595,0.1210519697,0.1835135135,1.056721076
Ji'24-style Greedy-Safe,4,19,1,0.4218873338,1.111838862,12.22702703,0.2839696554,0.09972972973,13.70781042
Ji'24-style Greedy-Safe,4,19,2,0.3658373363,1.270411673,16.31027027,0.3539984959,0.08243243243,23.96398126
Ji'24-style Greedy-Safe,4,19,3,0.3670076204,1.266646367,12.23540541,0.3745165205,0.09864864865,23.99914743
Ji'24-style Greedy-Safe,4,19,4,0.481511622,0.9794527448,11.78567568,0.2551871476,0.1078378378,10.62467686
Ji'24-style Greedy-Safe,4,19,5,0.1930715746,2.342239302,25.61783784,0.4000797943,0.03432432432,23.99903627
Ji'24-style Greedy-Safe,4,19,6,0.2120595117,2.1308523,23.84540541,0.3973751586,0.03864864865,23.99734118
Ji'24-style Greedy-Safe,4,19,7,0.3057773787,1.500722279,15.14567568,0.3974886036,0.07540540541,23.9989522
Ji'24-style Greedy-Safe,4,19,8,0.5446939528,0.8655191693,9.186756757,0.234391948,0.132972973,9.906940894
Ji'24-style Greedy-Safe,4,19,9,0.4653449839,1.012509865,10.03486486,0.2788506898,0.1172972973,11.01282553
Ji'24-style Greedy-Safe,4,19,10,0.3623629999,1.281724896,13.18405405,0.3453728976,0.08432432432,23.92731489
Ji'24-style Greedy-Safe,4,19,11,0.8770434254,0.4425090154,5.586216216,0.1003419092,0.1867567568,0.5700360617
Ji'24-style Greedy-Safe,8,0,0,0.95,0.3369544871,4.909189189,0.08378327788,0.2105405405,0.3369544871
Ji'24-style Greedy-Safe,8,0,1,0.2315765095,1.95400716,19.81810811,0.3992511926,0.04810810811,23.99735537
Ji'24-style Greedy-Safe,8,0,2,0.95,0.2191119648,4.977567568,0.05708754974,0.2108108108,0.2191119648
Ji'24-style Greedy-Safe,8,0,3,0.8081176242,0.5235225351,6.399189189,0.1375307849,0.1959459459,1.141135211
Ji'24-style Greedy-Safe,8,0,4,0.6281327393,0.7414402559,9.517297297,0.2013912047,0.1437837838,4.428805119
Ji'24-style Greedy-Safe,8,0,5,0.795200025,0.5383055036,6.148648649,0.1462154138,0.1972972973,1.091527518
Ji'24-style Greedy-Safe,8,0,6,0.3394136806,1.361973486,13.63756757,0.401598128,0.09189189189,23.99973208
Ji'24-style Greedy-Safe,8,0,7,0.9476946562,0.3438720469,5.277567568,0.08234341447,0.2,0.3438720469
Ji'24-style Greedy-Safe,8,0,8,0.5005847781,0.9427001774,11.02459459,0.264975185,0.122972973,7.682104081
Ji'24-style Greedy-Safe,8,0,9,0.95,0.2738400263,4.623243243,0.0640193575,0.2051351351,0.2738400263
Ji'24-style Greedy-Safe,8,0,10,0.23436609,1.931388168,19.83054054,0.4019375377,0.04918918919,23.99611575
Ji'24-style Greedy-Safe,8,0,11,0.2528380647,1.795260579,19.23243243,0.4007797942,0.05513513514,23.9999822
Ji'24-style Greedy-Safe,8,1,0,0.5605092249,0.8400796556,10.13486486,0.2542943822,0.1456756757,5.04127449
Ji'24-style Greedy-Safe,8,1,1,0.2181252996,2.072097608,27.69,0.3970587039,0.04378378378,23.99874277
Ji'24-style Greedy-Safe,8,1,2,0.2316669551,1.953264399,20.30702703,0.4001552471,0.04567567568,23.99858133
Ji'24-style Greedy-Safe,8,1,3,0.3707979081,1.254604531,13.11162162,0.3885883223,0.1045945946,23.99782787
Ji'24-style Greedy-Safe,8,1,4,0.95,0.2976063768,4.376756757,0.07552767237,0.2189189189,0.2976063768
Ji'24-style Greedy-Safe,8,1,5,0.95,0.2276934429,3.975135135,0.06264646619,0.2397297297,0.2276934429
Ji'24-style Greedy-Safe,8,1,6,0.2020086086,2.237061952,30.53810811,0.3996480947,0.02945945946,23.99943658
Ji'24-style Greedy-Safe,8,1,7,0.95,0.2579608484,4.331891892,0.06518740358,0.2224324324,0.2579608484
Ji'24-style Greedy-Safe,8,1,8,0.325972712,1.414030367,13.58135135,0.4005145471,0.08864864865,23.99946182
Ji'24-style Greedy-Safe,8,1,9,0.8362721814,0.4910760745,6.091621622,0.1373685776,0.21,1.037532522
Ji'24-style Greedy-Safe,8,1,10,0.2993435181,1.530799061,15.97378378,0.3971802968,0.07378378378,23.99968316
Ji'24-style Greedy-Safe,8,1,11,0.2334007936,1.939147999,22.41432432,0.4040765154,0.04702702703,23.99996337
Ji'24-style Greedy-Safe,8,2,0,0.2983974043,1.535332493,15.83297297,0.4000163576,0.06810810811,23.99061455
Ji'24-style Greedy-Safe,8,2,1,0.4720337023,0.9986066978,9.073783784,0.2674646588,0.1343243243,7.54984112
Ji'24-style Greedy-Safe,8,2,2,0.7619171253,0.5764720931,6.88027027,0.1514407769,0.1872972973,1.458832559
Ji'24-style Greedy-Safe,8,2,3,0.95,0.328976203,4.890810811,0.08064362597,0.2024324324,0.328976203
Ji'24-style Greedy-Safe,8,2,4,0.6042558466,0.7746227687,10.05702703,0.2183598778,0.1421621622,3.695473224
Ji'24-style Greedy-Safe,8,2,5,0.7527600943,0.5870535051,6.937567568,0.1540618793,0.1735135135,1.335267526
Ji'24-style Greedy-Safe,8,2,6,0.6803453125,0.6736618433,7.502702703,0.1755162208,0.1713513514,2.315632903
Ji'24-style Greedy-Safe,8,2,7,0.2438339011,1.858825842,22.33027027,0.3963820512,0.04594594595,23.97730313
Ji'24-style Greedy-Safe,8,2,8,0.7053294905,0.6430324214,7.660540541,0.172402206,0.1675675676,1.615162107
Ji'24-style Greedy-Safe,8,2,9,0.1925045361,2.34929577,32.32486486,0.3993802809,0.03189189189,23.99999967
Ji'24-style Greedy-Safe,8,2,10,0.95,0.2710575607,4.928108108,0.06747135497,0.2127027027,0.2710575607
Ji'24-style Greedy-Safe,8,2,11,0.2931742638,1.560894842,15.40405405,0.4037233415,0.07162162162,23.99838122
Ji'24-style Greedy-Safe,8,3,0,0.2469621281,1.836175919,20.12783784,0.399988592,0.05,23.99694291
Ji'24-style Greedy-Safe,8,3,1,0.8215561338,0.5080937316,6.163783784,0.1386958565,0.2040540541,0.9404686578
Ji'24-style Greedy-Safe,8,3,2,0.8932287906,0.4222105672,4.780810811,0.1098888584,0.2183783784,0.5110528362
Ji'24-style Greedy-Safe,8,3,3,0.3220866759,1.429873819,13.18297297,0.4026833836,0.09324324324,23.99413353
Ji'24-style Greedy-Safe,8,3,4,0.225348274,2.006740312,20.14405405,0.4002633378,0.05135135135,23.99955093
Ji'24-style Greedy-Safe,8,3,5,0.2465631425,1.839030251,24.58648649,0.3996163031,0.04702702703,23.9965929
Ji'24-style Greedy-Safe,8,3,6,0.4834834838,0.9755450403,10.83189189,0.2929271729,0.1345945946,11.58862601
Ji'24-style Greedy-Safe,8,3,7,0.2778755806,1.641436133,16.25594595,0.4001555113,0.07108108108,23.99858148
Ji'24-style Greedy-Safe,8,3,8,0.2645088005,1.719737046,18.57432432,0.4011170461,0.05972972973,23.99621054
Ji'24-style Greedy-Safe,8,3,9,0.3014458345,1.520828652,15.50135135,0.4015809711,0.07702702703,23.99865181
Ji'24-style Greedy-Safe,8,3,10,0.9387067142,0.3585144156,4.979189189,0.09011308285,0.21,0.3585144156
Ji'24-style Greedy-Safe,8,3,11,0.2969367479,1.542388958,17.05189189,0.3976862342,0.07702702703,23.99965362
Ji'24-style Greedy-Safe,8,4,0,0.662118963,0.6966749552,8.363783784,0.1832066842,0.1543243243,3.946799283
Ji'24-style Greedy-Safe,8,4,1,0.6741961796,0.6813572012,8.245945946,0.1729174086,0.1545945946,2.932214811
Ji'24-style Greedy-Safe,8,4,2,0.3640876,1.27608378,14.88540541,0.3438528457,0.0927027027,18.11076475
Ji'24-style Greedy-Safe,8,4,3,0.2460798207,1.842501298,19.8627027,0.4033583922,0.05135135135,23.99787247
Ji'24-style Greedy-Safe,8,4,4,0.2372011855,1.908996959,23.20351351,0.3998574711,0.04918918919,23.99835834
Ji'24-style Greedy-Safe,8,4,5,0.4128728207,1.13470463,11.68567568,0.3143438503,0.1081081081,9.90232039
Ji'24-style Greedy-Safe,8,4,6,0.5024050881,0.9393093506,11.35027027,0.2500593812,0.117027027,5.132402856
Ji'24-style Greedy-Safe,8,4,7,0.4159209977,1.126874486,12.97054054,0.2932919271,0.1010810811,9.918113183
Ji'24-style Greedy-Safe,8,4,8,0.2309431598,1.959226317,20.75,0.3981995109,0.04432432432,23.99977447
Ji'24-style Greedy-Safe,8,4,9,0.4380235493,1.072981387,13.1027027,0.2841950702,0.1018918919,11.73260913
Ji'24-style Greedy-Safe,8,4,10,0.7287104513,0.6151471375,7.623783784,0.1524567365,0.1602702703,1.906029962
Ji'24-style Greedy-Safe,8,4,11,0.5641011845,0.8344446437,9.131621622,0.2219171701,0.1383783784,3.510001793
Ji'24-style Greedy-Safe,8,5,0,0.9411489522,0.3546353857,5.207027027,0.08233291791,0.1989189189,0.3546353857
Ji'24-style Greedy-Safe,8,5,1,0.4821824971,0.9781203331,10.98108108,0.2707014111,0.1221621622,9.828045663
Ji'24-style Greedy-Safe,8,5,2,0.3825098869,1.218803669,11.69918919,0.3485119681,0.1024324324,15.77266785
Ji'24-style Greedy-Safe,8,5,3,0.7544254172,0.5851252029,7.354864865,0.1445417393,0.1718918919,1.510751217
Ji'24-style Greedy-Safe,8,5,4,0.3523107703,1.315645181,13.03918919,0.3694473899,0.09594594595,23.74274398
Ji'24-style Greedy-Safe,8,5,5,0.8677360717,0.4538598372,6.587027027,0.1073317183,0.177027027,0.6692991862
Ji'24-style Greedy-Safe,8,5,6,0.95,0.2241414152,4.815135135,0.05300641577,0.2021621622,0.2241414152
Ji'24-style Greedy-Safe,8,5,7,0.2189202535,2.064668323,22.03648649,0.3984251844,0.04486486486,23.99960989
Ji'24-style Greedy-Safe,8,5,8,0.8265150398,0.5023771293,6.513513514,0.1295318328,0.1835135135,0.8190170342
Ji'24-style Greedy-Safe,8,5,9,0.3376263363,1.368663091,13.46135135,0.3932132071,0.08945945946,23.99710976
Ji'24-style Greedy-Safe,8,5,10,0.2625732011,1.731770293,18.34081081,0.3973710753,0.05837837838,23.999585
Ji'24-style Greedy-Safe,8,5,11,0.2699141276,1.687095206,18.77891892,0.3994311892,0.05837837838,23.99980549
Ji'24-style Greedy-Safe,8,6,0,0.6600953202,0.6992694381,8.518108108,0.1871018226,0.1548648649,2.989772134
Ji'24-style Greedy-Safe,8,6,1,0.4082536129,1.146768836,13.38081081,0.318615774,0.09810810811,11.06922091
Ji'24-style Greedy-Safe,8,6,2,0.95,0.2551559305,4.814324324,0.05882378615,0.1991891892,0.2551559305
Ji'24-style Greedy-Safe,8,6,3,0.8542797728,0.4699577518,6.36972973,0.1155842038,0.1891891892,1.029619766
Ji'24-style Greedy-Safe,8,6,4,0.5796663152,0.8105930222,9.982972973,0.200895622,0.1302702703,2.948302311
Ji'24-style Greedy-Safe,8,6,5,0.95,0.2156180293,5.041621622,0.0503497236,0.1959459459,0.2156180293
Ji'24-style Greedy-Safe,8,6,6,0.7238759829,0.6208604762,8.779189189,0.1412877084,0.1454054054,1.504302381
Ji'24-style Greedy-Safe,8,6,7,0.298421524,1.535216558,18.38243243,0.3891981437,0.06675675676,23.9984899
Ji'24-style Greedy-Safe,8,6,8,0.95,0.2628816135,4.486486486,0.0613864092,0.2024324324,0.2628816135
Ji'24-style Greedy-Safe,8,6,9,0.3698913443,1.257463669,15.59216216,0.3527695373,0.08675675676,23.96274746
Ji'24-style Greedy-Safe,8,6,10,0.95,0.2571157349,4.856486486,0.06156879489,0.2021621622,0.2571157349
Ji'24-style Greedy-Safe,8,6,11,0.5870736138,0.7995478023,10.05297297,0.2096111806,0.1435135135,3.995025826
Ji'24-style Greedy-Safe,8,7,0,0.95,0.2129344738,5.091891892,0.05225527087,0.2067567568,0.2129344738
Ji'24-style Greedy-Safe,8,7,1,0.8194645516,0.5105004868,5.555135135,0.1255555251,0.1891891892,0.8420019473
Ji'24-style Greedy-Safe,8,7,2,0.5139536145,0.9182376412,10.72810811,0.2801865667,0.1372972973,7.874178672
Ji'24-style Greedy-Safe,8,7,3,0.1957148488,2.309972111,27.80054054,0.4001870602,0.03216216216,23.99909524
Ji'24-style Greedy-Safe,8,7,4,0.2668165055,1.705631049,20.53243243,0.4015147685,0.06,23.99999021
Ji'24-style Greedy-Safe,8,7,5,0.95,0.2143947682,4.913243243,0.05186035609,0.207027027,0.2143947682
Ji'24-style Greedy-Safe,8,7,6,0.9166527097,0.3910280632,5.401351351,0.1002934141,0.21,0.3910280632
Ji'24-style Greedy-Safe,8,7,7,0.2817874583,1.619983796,16.55756757,0.3971149468,0.06675675676,23.99935185
Ji'24-style Greedy-Safe,8,7,8,0.4060368001,1.152645744,11.83351351,0.3408093092,0.1175675676,17.14260104
Ji'24-style Greedy-Safe,8,7,9,0.95,0.2643493157,5.022972973,0.06487275098,0.2048648649,0.2643493157
Ji'24-style Greedy-Safe,8,7,10,0.95,0.2202876177,4.579459459,0.05572681357,0.2181081081,0.2202876177
Ji'24-style Greedy-Safe,8,7,11,0.8957240492,0.4190042049,5.287297297,0.1078086495,0.2064864865,0.5330294346
Ji'24-style Greedy-Safe,8,8,0,0.924502767,0.3798996382,4.872162162,0.09487223397,0.2051351351,0.3798996382
Ji'24-style Greedy-Safe,8,8,1,0.7675714746,0.5699618165,7.378648649,0.1528113843,0.1754054054,1.249809083
Ji'24-style Greedy-Safe,8,8,2,0.2938168902,1.557699888,17.25108108,0.3978449715,0.06324324324,23.99811445
Ji'24-style Greedy-Safe,8,8,3,0.223720696,2.021057334,23.57810811,0.3976566863,0.04378378378,23.9824273
Ji'24-style Greedy-Safe,8,8,4,0.8564804989,0.4673466129,5.976756757,0.1141841454,0.1913513514,0.6693864514
Ji'24-style Greedy-Safe,8,8,5,0.95,0.2347890628,4.85027027,0.05825307018,0.2102702703,0.2347890628
Ji'24-style Greedy-Safe,8,8,6,0.4732619221,0.9960890923,10.69297297,0.2754051734,0.1248648649,9.302227309
Ji'24-style Greedy-Safe,8,8,7,0.198994158,2.271318822,25.81135135,0.4008570785,0.03918918919,23.99884749
Ji'24-style Greedy-Safe,8,8,8,0.3554966144,1.304697623,14.21972973,0.3773044476,0.09540540541,23.99994578
Ji'24-style Greedy-Safe,8,8,9,0.365156396,1.272612991,14.10837838,0.3666501211,0.09837837838,23.95677943
Ji'24-style Greedy-Safe,8,8,10,0.95,0.2590903055,4.487837838,0.06330206382,0.2143243243,0.2590903055
Ji'24-style Greedy-Safe,8,8,11,0.8950142286,0.4199186836,5.014054054,0.1104272646,0.2097297297,0.5195121017
Ji'24-style Greedy-Safe,8,9,0,0.3257577326,1.414897118,14.93027027,0.3977008115,0.08,23.99810689
Ji'24-style Greedy-Safe,8,9,1,0.6871221964,0.6652565043,8.043243243,0.1745848826,0.1648648649,3.578847564
Ji'24-style Greedy-Safe,8,9,2,0.2523803769,1.798374164,19.69783784,0.3927260337,0.04918918919,23.99356324
Ji'24-style Greedy-Safe,8,9,3,0.1963495047,2.302374716,28.80162162,0.3994931264,0.03567567568,23.99895233
Ji'24-style Greedy-Safe,8,9,4,0.5437054116,0.8671448273,10.23702703,0.2561592693,0.1348648649,5.474317237
Ji'24-style Greedy-Safe,8,9,5,0.2493362779,1.819394726,20.73324324,0.3992833831,0.05297297297,23.99902311
Ji'24-style Greedy-Safe,8,9,6,0.95,0.209506079,4.219459459,0.05362223156,0.2259459459,0.209506079
Ji'24-style Greedy-Safe,8,9,7,0.4363495231,1.076896197,9.738918919,0.3259793893,0.1259459459,15.72205548
Ji'24-style Greedy-Safe,8,9,8,0.95,0.2790122724,4.587837838,0.0721661472,0.2202702703,0.2790122724
Ji'24-style Greedy-Safe,8,9,9,0.6652629851,0.6926602831,7.816486486,0.1999354547,0.1694594595,2.155961698
Ji'24-style Greedy-Safe,8,9,10,0.95,0.247425482,4.227567568,0.06319380553,0.2224324324,0.247425482
Ji'24-style Greedy-Safe,8,9,11,0.2127973752,2.123503268,22.81648649,0.4000221022,0.03783783784,23.99864068
Ji'24-style Greedy-Safe,8,10,0,0.2210551088,2.045012567,20.94027027,0.4001592157,0.04540540541,23.99882175
Ji'24-style Greedy-Safe,8,10,1,0.5230742899,0.9021077578,13.06162162,0.258441682,0.1189189189,11.65058619
Ji'24-style Greedy-Safe,8,10,2,0.4621770162,1.019211399,12.07,0.287031967,0.1191891892,11.26107358
Ji'24-style Greedy-Safe,8,10,3,0.8877431859,0.4291816563,5.374324324,0.1053234984,0.2067567568,0.6042715941
Ji'24-style Greedy-Safe,8,10,4,0.3493760462,1.325898395,16.04162162,0.3630094794,0.08702702703,23.9905828
Ji'24-style Greedy-Safe,8,10,5,0.4491418585,1.047619095,11.22189189,0.3154182896,0.1278378378,11.54285828
Ji'24-style Greedy-Safe,8,10,6,0.5565464418,0.8463561798,10.57216216,0.2390384346,0.1356756757,12.5906854
Ji'24-style Greedy-Safe,8,10,7,0.34857734,1.328717478,14.29513514,0.3774275864,0.09243243243,23.99275185
Ji'24-style Greedy-Safe,8,10,8,0.2223217792,2.03354937,26.35486486,0.4034122264,0.04081081081,23.99801714
Ji'24-style Greedy-Safe,8,10,9,0.6900300697,0.6616731043,8.328378378,0.1800823827,0.1645945946,5.143577965
Ji'24-style Greedy-Safe,8,10,10,0.2104662511,2.146920017,24.65081081,0.399791322,0.03648648649,23.99932792
Ji'24-style Greedy-Safe,8,10,11,0.2177243916,2.075867389,27.23540541,0.4000252563,0.03972972973,23.99599233
Ji'24-style Greedy-Safe,8,11,0,0.95,0.3358641596,5.072972973,0.07870114227,0.202972973,0.3358641596
Ji'24-style Greedy-Safe,8,11,1,0.2935060875,1.559243329,18.69810811,0.3923393348,0.07,23.99655898
Ji'24-style Greedy-Safe,8,11,2,0.6227889451,0.7487311135,8.513783784,0.1916346931,0.1597297297,3.230966703
Ji'24-style Greedy-Safe,8,11,3,0.4312530983,1.088976442,11.72189189,0.3128599887,0.1059459459,10.09291635
Ji'24-style Greedy-Safe,8,11,4,0.6153269509,0.7590395275,9.466756757,0.1911959026,0.1362162162,4.38079055
Ji'24-style Greedy-Safe,8,11,5,0.4183303984,1.120756955,13.53891892,0.3153264837,0.1008108108,14.92844509
Ji'24-style Greedy-Safe,8,11,6,0.9434799305,0.3508668233,5.431621622,0.08496666857,0.1972972973,0.3508668233
Ji'24-style Greedy-Safe,8,11,7,0.4987828682,0.9460759936,12.28432432,0.2536506448,0.117027027,13.14405183
Ji'24-style Greedy-Safe,8,11,8,0.6260188518,0.7443154627,10.22135135,0.1758193823,0.1364864865,3.276101015
Ji'24-style Greedy-Safe,8,11,9,0.4351735249,1.079661914,12.86945946,0.3093085484,0.1164864865,11.79154786
Ji'24-style Greedy-Safe,8,11,10,0.2492611008,1.819920828,24.78648649,0.4003825821,0.04702702703,23.99854426
Ji'24-style Greedy-Safe,8,11,11,0.2092716103,2.159149808,26.10054054,0.3985673835,0.04189189189,23.99947758
Ji'24-style Greedy-Safe,8,12,0,0.2277146089,1.986329388,20.52297297,0.3967290319,0.0472972973,23.99913984
Ji'24-style Greedy-Safe,8,12,1,0.9318683167,0.369039043,5.011891892,0.08328313538,0.1954054054,0.369039043
Ji'24-style Greedy-Safe,8,12,2,0.4490225566,1.047885528,12.01621622,0.3053028648,0.1172972973,22.37736065
Ji'24-style Greedy-Safe,8,12,3,0.364868936,1.273544601,14.01351351,0.3590018971,0.09567567568,20.31215963
Ji'24-style Greedy-Safe,8,12,4,0.3264467419,1.412123145,14.73918919,0.3816549041,0.08675675676,23.98819582
Ji'24-style Greedy-Safe,8,12,5,0.2532754659,1.792296255,23.96054054,0.3991492199,0.04864864865,23.99821571
Ji'24-style Greedy-Safe,8,12,6,0.5108922966,0.9237509324,10.97918919,0.2331846948,0.1218918919,3.666256527
Ji'24-style Greedy-Safe,8,12,7,0.7249468559,0.6195927545,7.446486486,0.1438459935,0.1559459459,1.278371018
Ji'24-style Greedy-Safe,8,12,8,0.885090931,0.4325165816,6.021891892,0.1041546687,0.1832432432,0.5300663265
Ji'24-style Greedy-Safe,8,12,9,0.3371942215,1.370290719,15.26810811,0.3636825637,0.08189189189,19.47686169
Ji'24-style Greedy-Safe,8,12,10,0.4510893652,1.043286736,12.61702703,0.2667430412,0.1051351351,9.909021461
Ji'24-style Greedy-Safe,8,12,11,0.3770521179,1.235229773,12.65405405,0.3234966621,0.09648648649,13.575055
Ji'24-style Greedy-Safe,8,13,0,0.931036637,0.3702883284,6.134054054,0.08946966638,0.1881081081,0.3702883284
Ji'24-style Greedy-Safe,8,13,1,0.7159624459,0.6302691506,7.768648649,0.1677878685,0.1678378378,2.011884054
Ji'24-style Greedy-Safe,8,13,2,0.6775674106,0.6771299559,8.767837838,0.1625111894,0.1440540541,1.508519823
Ji'24-style Greedy-Safe,8,13,3,0.3509019354,1.320546841,15.46972973,0.3708238292,0.08783783784,23.98882138
Ji'24-style Greedy-Safe,8,13,4,0.95,0.2764601871,5.234594595,0.06732179151,0.2035135135,0.2764601871
Ji'24-style Greedy-Safe,8,13,5,0.7562371291,0.5830294735,7.075675676,0.1481210014,0.1705405405,1.315147367
Ji'24-style Greedy-Safe,8,13,6,0.2357345475,1.920506701,23.39432432,0.3996730161,0.04459459459,23.99713594
Ji'24-style Greedy-Safe,8,13,7,0.5713184825,0.8232731646,9.506216216,0.2311840049,0.1462162162,7.80510228
Ji'24-style Greedy-Safe,8,13,8,0.95,0.2265612916,4.532702703,0.0559667623,0.2127027027,0.2265612916
Ji'24-style Greedy-Safe,8,13,9,0.8385292043,0.488449848,5.917567568,0.1242246776,0.1924324324,1.019148936
Ji'24-style Greedy-Safe,8,13,10,0.9458583108,0.3469497415,5.37972973,0.07351583711,0.1832432432,0.3469497415
Ji'24-style Greedy-Safe,8,13,11,0.3749843981,1.241568686,12.78810811,0.3372368999,0.1013513514,14.12000299
Ji'24-style Greedy-Safe,8,14,0,0.3969158517,1.177446822,12.92297297,0.3271392791,0.09702702703,12.7655324
Ji'24-style Greedy-Safe,8,14,1,0.64914127,0.7134614509,9.094594595,0.1881995611,0.1432432432,10.88461223
Ji'24-style Greedy-Safe,8,14,2,0.685168137,0.6676722331,8.217297297,0.1739556845,0.1521621622,2.006033399
Ji'24-style Greedy-Safe,8,14,3,0.2123384503,2.128067317,23.85135135,0.3997315635,0.04351351351,23.99804458
Ji'24-style Greedy-Safe,8,14,4,0.8391928019,0.4876767217,6.419189189,0.1170424132,0.18,0.8383836087
Ji'24-style Greedy-Safe,8,14,5,0.2547057577,1.782678959,19.10216216,0.3955620069,0.05567567568,23.99722353
Ji'24-style Greedy-Safe,8,14,6,0.6450583303,0.7188179662,9.514324324,0.1938865757,0.1437837838,2.863451526
Ji'24-style Greedy-Safe,8,14,7,0.3536782427,1.310923092,16.30621622,0.3571379667,0.08594594595,17.35123112
Ji'24-style Greedy-Safe,8,14,8,0.3495021855,1.325454306,15.1727027,0.3657537424,0.08891891892,23.98723998
Ji'24-style Greedy-Safe,8,14,9,0.2638904463,1.723560971,20.21297297,0.3987481597,0.05810810811,23.99199754
Ji'24-style Greedy-Safe,8,14,10,0.8142278578,0.5165166625,6.047567568,0.1217304134,0.1827027027,0.8660666499
Ji'24-style Greedy-Safe,8,14,11,0.4332858251,1.084128614,13.07324324,0.2850965248,0.102972973,11.50321536
Ji'24-style Greedy-Safe,8,15,0,0.95,0.2609434761,4.457027027,0.06403693953,0.2140540541,0.2609434761
Ji'24-style Greedy-Safe,8,15,1,0.6682774533,0.6888292002,6.790810811,0.1932445162,0.1813513514,2.421804401
Ji'24-style Greedy-Safe,8,15,2,0.3936552323,1.186565108,11.20675676,0.3537246794,0.1224324324,17.51329711
Ji'24-style Greedy-Safe,8,15,3,0.8783623152,0.4408835581,5.836216216,0.1052162653,0.1859459459,0.6044177903
Ji'24-style Greedy-Safe,8,15,4,0.2542081145,1.786011998,19.63,0.3991978169,0.05243243243,23.99977868
Ji'24-style Greedy-Safe,8,15,5,0.6112416568,0.7647485898,7.927297297,0.211029273,0.1678378378,2.517988718
Ji'24-style Greedy-Safe,8,15,6,0.1961261937,2.305041448,31.78972973,0.3999558404,0.02945945946,23.99896785
Ji'24-style Greedy-Safe,8,15,7,0.2603661895,1.74572184,18.17594595,0.4005723897,0.05675675676,23.99834968
Ji'24-style Greedy-Safe,8,15,8,0.4858854259,0.9708198352,9.943783784,0.280750601,0.1316216216,7.47049588
Ji'24-style Greedy-Safe,8,15,9,0.9440218225,0.349980936,4.882432432,0.08541426628,0.2072972973,0.349980936
Ji'24-style Greedy-Safe,8,15,10,0.777121657,0.5589976316,7.338918919,0.1391450861,0.1675675676,1.194988158
Ji'24-style Greedy-Safe,8,15,11,0.6438927182,0.7203540735,9.384324324,0.1820354213,0.1443243243,2.803540735
Ji'24-style Greedy-Safe,8,16,0,0.3932789834,1.187626136,14.70486486,0.3540409805,0.1002702703,23.99569884
Ji'24-style Greedy-Safe,8,16,1,0.7735119064,0.5631378354,7.319459459,0.1633099723,0.1875675676,1.705102683
Ji'24-style Greedy-Safe,8,16,2,0.901603995,0.4113518347,5.175675676,0.1055061868,0.2094594595,0.4567591735
Ji'24-style Greedy-Safe,8,16,3,0.8416273572,0.4848363331,6.075405405,0.11636072,0.1835135135,0.7393453325
Ji'24-style Greedy-Safe,8,16,4,0.2260479039,2.00065631,22.5172973,0.3995905441,0.04621621622,23.99969286
Ji'24-style Greedy-Safe,8,16,5,0.7045979448,0.6439160289,6.535945946,0.1783821431,0.1832432432,2.351328231
Ji'24-style Greedy-Safe,8,16,6,0.6624829137,0.6962092138,7.101351351,0.2011480134,0.1786486486,3.435556634
Ji'24-style Greedy-Safe,8,16,7,0.1982197585,2.280313362,30.32810811,0.4024444933,0.03243243243,23.99959388
Ji'24-style Greedy-Safe,8,16,8,0.7522839954,0.5876051337,6.332972973,0.1615120057,0.1956756757,2.251261604
Ji'24-style Greedy-Safe,8,16,9,0.3841282698,1.214015836,11.50027027,0.3763449091,0.1183783784,23.99780528
Ji'24-style Greedy-Safe,8,16,10,0.2247729528,2.011774821,24.19675676,0.4007237954,0.04243243243,23.99613493
Ji'24-style Greedy-Safe,8,16,11,0.2144342016,2.107404393,23.79,0.3986981284,0.04459459459,23.99967442
Ji'24-style Greedy-Safe,8,17,0,0.6058267012,0.772389876,8.731351351,0.2097977906,0.1513513514,3.696288636
Ji'24-style Greedy-Safe,8,17,1,0.4606290406,1.022513998,10.90756757,0.2876856951,0.1210810811,9.382737968
Ji'24-style Greedy-Safe,8,17,2,0.8627452041,0.4598691245,4.714324324,0.1201874171,0.2135135135,0.5796073736
Ji'24-style Greedy-Safe,8,17,3,0.95,0.2139841101,4.17972973,0.05766004265,0.2321621622,0.2139841101
Ji'24-style Greedy-Safe,8,17,4,0.8920394043,0.4237308779,5.232702703,0.1083376785,0.2010810811,0.4949235117
Ji'24-style Greedy-Safe,8,17,5,0.9329954481,0.3673358894,5.124864865,0.09322389192,0.212972973,0.3673358894
Ji'24-style Greedy-Safe,8,17,6,0.2434414901,1.861711545,21.90594595,0.3985069036,0.05297297297,23.99944623
Ji'24-style Greedy-Safe,8,17,7,0.2237143759,2.021113381,32.16621622,0.4009451951,0.0327027027,23.99932587
Ji'24-style Greedy-Safe,8,17,8,0.7874097494,0.5472165522,6.681351351,0.1486358473,0.1932432432,1.283299313
Ji'24-style Greedy-Safe,8,17,9,0.2072792387,2.179902851,25.45945946,0.4018091202,0.0372972973,23.99969594
Ji'24-style Greedy-Safe,8,17,10,0.95,0.241873434,4.54972973,0.05929167693,0.2145945946,0.241873434
Ji'24-style Greedy-Safe,8,17,11,0.5223938409,0.9032962107,9.844594595,0.2648855104,0.1362162162,7.162628004
Ji'24-style Greedy-Safe,8,18,0,0.95,0.2641897105,4.464864865,0.06761828535,0.2167567568,0.2641897105
Ji'24-style Greedy-Safe,8,18,1,0.2298402862,1.968390267,25.59945946,0.3995300245,0.04567567568,23.99962611
Ji'24-style Greedy-Safe,8,18,2,0.2514208534,1.804941085,19.43648649,0.3965992167,0.05216216216,23.99923841
Ji'24-style Greedy-Safe,8,18,3,0.95,0.3377909827,4.722162162,0.0846303354,0.2094594595,0.3377909827
Ji'24-style Greedy-Safe,8,18,4,0.8064515181,0.5254308787,6.477027027,0.1327778031,0.1902702703,0.9017235147
Ji'24-style Greedy-Safe,8,18,5,0.2889292384,1.582364629,14.84594595,0.3934528266,0.07621621622,23.99836029
Ji'24-style Greedy-Safe,8,18,6,0.86964094,0.451552802,5.69972973,0.1174037285,0.1997297297,0.709316812
Ji'24-style Greedy-Safe,8,18,7,0.95,0.2372894534,4.586216216,0.06028434761,0.2145945946,0.2372894534
Ji'24-style Greedy-Safe,8,18,8,0.4229897239,1.10910177,11.09810811,0.3204404844,0.1164864865,12.63700444
Ji'24-style Greedy-Safe,8,18,9,0.9113191376,0.3983676074,4.755135135,0.09905356725,0.2118918919,0.3983676074
Ji'24-style Greedy-Safe,8,18,10,0.93510967,0.3641087485,5.593513514,0.0936841969,0.2097297297,0.3641087485
Ji'24-style Greedy-Safe,8,18,11,0.8418183031,0.4846132827,6.275135135,0.1262614066,0.1978378378,1.076906262
Ji'24-style Greedy-Safe,8,19,0,0.8339118425,0.4938172966,6.299189189,0.1226535393,0.1856756757,0.8690864829
Ji'24-style Greedy-Safe,8,19,1,0.4218873338,1.111838862,12.50216216,0.2788612065,0.1010810811,12.63677725
Ji'24-style Greedy-Safe,8,19,2,0.3658373363,1.270411673,14.83027027,0.3474747602,0.08702702703,18.26363732
Ji'24-style Greedy-Safe,8,19,3,0.3670076204,1.266646367,13.50189189,0.3731471731,0.1021621622,23.79933013
Ji'24-style Greedy-Safe,8,19,4,0.481511622,0.9794527448,11.16405405,0.2546577137,0.1172972973,7.906865876
Ji'24-style Greedy-Safe,8,19,5,0.1930715746,2.342239302,28.00513514,0.4000797943,0.03621621622,23.99721232
Ji'24-style Greedy-Safe,8,19,6,0.2120595117,2.1308523,24.11432432,0.3950715345,0.04189189189,23.99807256
Ji'24-style Greedy-Safe,8,19,7,0.3057773787,1.500722279,14.96891892,0.3995166067,0.07837837838,23.9989522
Ji'24-style Greedy-Safe,8,19,8,0.5446939528,0.8655191693,10.32027027,0.2374329613,0.1362162162,4.779345047
Ji'24-style Greedy-Safe,8,19,9,0.4653449839,1.012509865,10.40162162,0.2758405253,0.117027027,7.000157835
Ji'24-style Greedy-Safe,8,19,10,0.3623629999,1.281724896,13.41540541,0.351608316,0.09567567568,20.25831906
Ji'24-style Greedy-Safe,8,19,11,0.8770434254,0.4425090154,5.855675676,0.1014182825,0.1854054054,0.5700360617
Zhao'25 MMSE-MW-Safe,2,0,0,0.95,0.3369544871,3.772972973,0.07522281253,0.1848648649,0.3369544871
Zhao'25 MMSE-MW-Safe,2,0,1,0.2315765095,1.95400716,18.41,0.3997793027,0.04594594595,23.99862288
Zhao'25 MMSE-MW-Safe,2,0,2,0.95,0.2191119648,4.147027027,0.04844151005,0.1762162162,0.2191119648
Zhao'25 MMSE-MW-Safe,2,0,3,0.8081176242,0.5235225351,5.053513514,0.1332860076,0.1737837838,0.7705676054
Zhao'25 MMSE-MW-Safe,2,0,4,0.6281327393,0.7414402559,6.506486486,0.227241419,0.1505405405,6.760327166
Zhao'25 MMSE-MW-Safe,2,0,5,0.795200025,0.5383055036,5.2,0.1385045512,0.1632432432,0.8447495325
Zhao'25 MMSE-MW-Safe,2,0,6,0.3394136806,1.361973486,10.27027027,0.3997576233,0.09297297297,23.99879185
Zhao'25 MMSE-MW-Safe,2,0,7,0.9476946562,0.3438720469,3.898378378,0.07751061813,0.1832432432,0.3438720469
Zhao'25 MMSE-MW-Safe,2,0,8,0.5005847781,0.9427001774,7.812432432,0.3409007669,0.1348648649,13.05290479
Zhao'25 MMSE-MW-Safe,2,0,9,0.95,0.2738400263,3.333243243,0.06091090314,0.1956756757,0.2738400263
Zhao'25 MMSE-MW-Safe,2,0,10,0.23436609,1.931388168,18.19351351,0.3998495505,0.04945945946,23.99930207
Zhao'25 MMSE-MW-Safe,2,0,11,0.2528380647,1.795260579,17.17945946,0.399809383,0.05432432432,23.9999644
Zhao'25 MMSE-MW-Safe,2,1,0,0.5605092249,0.8400796556,6.924594595,0.3069696471,0.1454054054,9.522230357
Zhao'25 MMSE-MW-Safe,2,1,1,0.2181252996,2.072097608,21.25891892,0.3998588358,0.04027027027,23.99874277
Zhao'25 MMSE-MW-Safe,2,1,2,0.2316669551,1.953264399,17.90108108,0.4001552471,0.04891891892,23.99858133
Zhao'25 MMSE-MW-Safe,2,1,3,0.3707979081,1.254604531,11.36945946,0.3997780384,0.09513513514,23.999982
Zhao'25 MMSE-MW-Safe,2,1,4,0.95,0.2976063768,3.240810811,0.07198856951,0.2083783784,0.2976063768
Zhao'25 MMSE-MW-Safe,2,1,5,0.95,0.2276934429,3.298918919,0.05323103464,0.2027027027,0.2276934429
Zhao'25 MMSE-MW-Safe,2,1,6,0.2020086086,2.237061952,26.19378378,0.3996480947,0.03108108108,23.99943658
Zhao'25 MMSE-MW-Safe,2,1,7,0.95,0.2579608484,3.266756757,0.06163172702,0.2059459459,0.2579608484
Zhao'25 MMSE-MW-Safe,2,1,8,0.325972712,1.414030367,12.38756757,0.399368036,0.07918918919,23.99900031
Zhao'25 MMSE-MW-Safe,2,1,9,0.8362721814,0.4910760745,5.172972973,0.1349795589,0.1810810811,1.219684671
Zhao'25 MMSE-MW-Safe,2,1,10,0.2993435181,1.530799061,13.18243243,0.4000764031,0.07135135135,23.9990605
Zhao'25 MMSE-MW-Safe,2,1,11,0.2334007936,1.939147999,20.20351351,0.399883763,0.04783783784,23.99915543
Zhao'25 MMSE-MW-Safe,2,2,0,0.2983974043,1.535332493,14.14486486,0.4004313123,0.06216216216,23.99949569
Zhao'25 MMSE-MW-Safe,2,2,1,0.4720337023,0.9986066978,6.153783784,0.3357477654,0.1475675676,15.11918847
Zhao'25 MMSE-MW-Safe,2,2,2,0.7619171253,0.5764720931,5.208918919,0.1411577612,0.1564864865,1.235304652
Zhao'25 MMSE-MW-Safe,2,2,3,0.95,0.328976203,3.817567568,0.07024086496,0.1789189189,0.328976203
Zhao'25 MMSE-MW-Safe,2,2,4,0.6042558466,0.7746227687,6.903783784,0.229665183,0.1332432432,4.095473224
Zhao'25 MMSE-MW-Safe,2,2,5,0.7527600943,0.5870535051,5.708108108,0.1515232696,0.1556756757,1.979909587
Zhao'25 MMSE-MW-Safe,2,2,6,0.6803453125,0.6736618433,5.342702703,0.1795217777,0.1594594595,3.052251337
Zhao'25 MMSE-MW-Safe,2,2,7,0.2438339011,1.858825842,19.53108108,0.3998987487,0.04675675676,23.97848257
Zhao'25 MMSE-MW-Safe,2,2,8,0.7053294905,0.6430324214,6.011081081,0.1736187538,0.1464864865,2.187291793
Zhao'25 MMSE-MW-Safe,2,2,9,0.1925045361,2.34929577,23.79864865,0.4000152257,0.03621621622,23.99999967
Zhao'25 MMSE-MW-Safe,2,2,10,0.95,0.2710575607,3.887297297,0.05743489934,0.1797297297,0.2710575607
Zhao'25 MMSE-MW-Safe,2,2,11,0.2931742638,1.560894842,13.11189189,0.3999265703,0.06945945946,23.99739516
Zhao'25 MMSE-MW-Safe,2,3,0,0.2469621281,1.836175919,15.43918919,0.399988592,0.05243243243,23.99954416
Zhao'25 MMSE-MW-Safe,2,3,1,0.8215561338,0.5080937316,4.752972973,0.1293579176,0.1724324324,0.7242811947
Zhao'25 MMSE-MW-Safe,2,3,2,0.8932287906,0.4222105672,3.509459459,0.09916242782,0.1978378378,0.4666317017
Zhao'25 MMSE-MW-Safe,2,3,3,0.3220866759,1.429873819,11.33405405,0.4022969312,0.08162162162,23.99608902
Zhao'25 MMSE-MW-Safe,2,3,4,0.225348274,2.006740312,20.54837838,0.4002633378,0.03837837838,23.99955093
Zhao'25 MMSE-MW-Safe,2,3,5,0.2465631425,1.839030251,16.36297297,0.4001133383,0.05054054054,23.99995674
Zhao'25 MMSE-MW-Safe,2,3,6,0.4834834838,0.9755450403,7.478648649,0.3538328227,0.1451351351,20.98161234
Zhao'25 MMSE-MW-Safe,2,3,7,0.2778755806,1.641436133,14.14540541,0.3997118799,0.05837837838,23.99976003
Zhao'25 MMSE-MW-Safe,2,3,8,0.2645088005,1.719737046,17.00243243,0.3997226647,0.05405405405,23.99884008
Zhao'25 MMSE-MW-Safe,2,3,9,0.3014458345,1.520828652,13.09486486,0.4007589016,0.07297297297,23.99964931
Zhao'25 MMSE-MW-Safe,2,3,10,0.9387067142,0.3585144156,3.848918919,0.08352416926,0.187027027,0.3585144156
Zhao'25 MMSE-MW-Safe,2,3,11,0.2969367479,1.542388958,12.97594595,0.3997705436,0.06810810811,23.99965362
Zhao'25 MMSE-MW-Safe,2,4,0,0.662118963,0.6966749552,6.825945946,0.155339686,0.1191891892,3.056774418
Zhao'25 MMSE-MW-Safe,2,4,1,0.6741961796,0.6813572012,6.67027027,0.1495302831,0.1240540541,2.827144024
Zhao'25 MMSE-MW-Safe,2,4,2,0.3640876,1.27608378,9.611891892,0.3955859719,0.09864864865,23.99551877
Zhao'25 MMSE-MW-Safe,2,4,3,0.2460798207,1.842501298,14.73027027,0.4003705523,0.05324324324,23.99849541
Zhao'25 MMSE-MW-Safe,2,4,4,0.2372011855,1.908996959,19.0472973,0.3998574711,0.04945945946,23.99963408
Zhao'25 MMSE-MW-Safe,2,4,5,0.4128728207,1.13470463,8.982432432,0.3373446198,0.09945945946,23.86223526
Zhao'25 MMSE-MW-Safe,2,4,6,0.5024050881,0.9393093506,9.454324324,0.2574215355,0.09648648649,12.66892078
Zhao'25 MMSE-MW-Safe,2,4,7,0.4159209977,1.126874486,9.378918919,0.3362349818,0.1,21.54372431
Zhao'25 MMSE-MW-Safe,2,4,8,0.2309431598,1.959226317,21.46540541,0.3997880728,0.04216216216,23.99977447
Zhao'25 MMSE-MW-Safe,2,4,9,0.4380235493,1.072981387,9.524594595,0.3131945671,0.0927027027,14.82453468
Zhao'25 MMSE-MW-Safe,2,4,10,0.7287104513,0.6151471375,7.184324324,0.1305109467,0.1164864865,1.566618512
Zhao'25 MMSE-MW-Safe,2,4,11,0.5641011845,0.8344446437,7.200540541,0.2027474959,0.1137837838,5.385558943
Zhao'25 MMSE-MW-Safe,2,5,0,0.9411489522,0.3546353857,4.04,0.07332326217,0.1702702703,0.3546353857
Zhao'25 MMSE-MW-Safe,2,5,1,0.4821824971,0.9781203331,7.331351351,0.3048034443,0.1272972973,10.31864733
Zhao'25 MMSE-MW-Safe,2,5,2,0.3825098869,1.218803669,8.964594595,0.4028640236,0.1059459459,23.99860478
Zhao'25 MMSE-MW-Safe,2,5,3,0.7544254172,0.5851252029,5.372972973,0.142327752,0.1489189189,1.421502434
Zhao'25 MMSE-MW-Safe,2,5,4,0.3523107703,1.315645181,10.77972973,0.4025163094,0.09081081081,23.99968314
Zhao'25 MMSE-MW-Safe,2,5,5,0.8677360717,0.4538598372,5.076486486,0.09788652706,0.1581081081,0.615439349
Zhao'25 MMSE-MW-Safe,2,5,6,0.95,0.2241414152,3.938378378,0.04561580694,0.1702702703,0.2241414152
Zhao'25 MMSE-MW-Safe,2,5,7,0.2189202535,2.064668323,17.29378378,0.4006572583,0.04918918919,23.99921978
Zhao'25 MMSE-MW-Safe,2,5,8,0.8265150398,0.5023771293,5.277567568,0.1144605189,0.152972973,0.7071313878
Zhao'25 MMSE-MW-Safe,2,5,9,0.3376263363,1.368663091,10.61594595,0.4013512038,0.08459459459,23.99978167
Zhao'25 MMSE-MW-Safe,2,5,10,0.2625732011,1.731770293,18.12162162,0.3992432594,0.05378378378,23.99911009
Zhao'25 MMSE-MW-Safe,2,5,11,0.2699141276,1.687095206,14.76540541,0.3998871609,0.05756756757,23.99980549
Zhao'25 MMSE-MW-Safe,2,6,0,0.6600953202,0.6992694381,6.731351351,0.1819990457,0.1324324324,3.389772134
Zhao'25 MMSE-MW-Safe,2,6,1,0.4082536129,1.146768836,10.49972973,0.3899014044,0.09648648649,23.99560633
Zhao'25 MMSE-MW-Safe,2,6,2,0.95,0.2551559305,3.836486486,0.05089326398,0.1702702703,0.2551559305
Zhao'25 MMSE-MW-Safe,2,6,3,0.8542797728,0.4699577518,5.347027027,0.1037717522,0.1462162162,0.6098732553
Zhao'25 MMSE-MW-Safe,2,6,4,0.5796663152,0.8105930222,6.986756757,0.2337575013,0.1259459459,8.664825556
Zhao'25 MMSE-MW-Safe,2,6,5,0.95,0.2156180293,3.806216216,0.04294878043,0.1691891892,0.2156180293
Zhao'25 MMSE-MW-Safe,2,6,6,0.7238759829,0.6208604762,5.67,0.1493421146,0.1424324324,1.587744286
Zhao'25 MMSE-MW-Safe,2,6,7,0.298421524,1.535216558,11.79486486,0.3995712285,0.07108108108,23.99773862
Zhao'25 MMSE-MW-Safe,2,6,8,0.95,0.2628816135,3.761081081,0.05264737178,0.1705405405,0.2628816135
Zhao'25 MMSE-MW-Safe,2,6,9,0.3698913443,1.257463669,10.86432432,0.3986499685,0.0872972973,23.99788314
Zhao'25 MMSE-MW-Safe,2,6,10,0.95,0.2571157349,4.1,0.05065874884,0.1683783784,0.2571157349
Zhao'25 MMSE-MW-Safe,2,6,11,0.5870736138,0.7995478023,6.737837838,0.2212802566,0.1310810811,7.190503849
Zhao'25 MMSE-MW-Safe,2,7,0,0.95,0.2129344738,3.630810811,0.04880227941,0.1921621622,0.2129344738
Zhao'25 MMSE-MW-Safe,2,7,1,0.8194645516,0.5105004868,4.177837838,0.1261074176,0.1789189189,0.7315014605
Zhao'25 MMSE-MW-Safe,2,7,2,0.5139536145,0.9182376412,7.655945946,0.3313100679,0.1348648649,18.37479273
Zhao'25 MMSE-MW-Safe,2,7,3,0.1957148488,2.309972111,24.58675676,0.4001870602,0.03378378378,23.99909524
Zhao'25 MMSE-MW-Safe,2,7,4,0.2668165055,1.705631049,16.86243243,0.3996708431,0.06027027027,23.9992179
Zhao'25 MMSE-MW-Safe,2,7,5,0.95,0.2143947682,3.617027027,0.04919490762,0.1891891892,0.2143947682
Zhao'25 MMSE-MW-Safe,2,7,6,0.9166527097,0.3910280632,4.088378378,0.09268421932,0.1867567568,0.3910280632
Zhao'25 MMSE-MW-Safe,2,7,7,0.2817874583,1.619983796,13.33675676,0.3993041141,0.07189189189,23.99935185
Zhao'25 MMSE-MW-Safe,2,7,8,0.4060368001,1.152645744,8.397567568,0.4040490621,0.1189189189,23.99964417
Zhao'25 MMSE-MW-Safe,2,7,9,0.95,0.2643493157,3.664054054,0.05994299347,0.1886486486,0.2643493157
Zhao'25 MMSE-MW-Safe,2,7,10,0.95,0.2202876177,3.746756757,0.04995170575,0.1881081081,0.2202876177
Zhao'25 MMSE-MW-Safe,2,7,11,0.8957240492,0.4190042049,4.187567568,0.09988154291,0.1808108108,0.4570126148
Zhao'25 MMSE-MW-Safe,2,8,0,0.924502767,0.3798996382,4.175945946,0.08522072964,0.1772972973,0.3798996382
Zhao'25 MMSE-MW-Safe,2,8,1,0.7675714746,0.5699618165,5.644324324,0.1468036787,0.1564864865,1.409503615
Zhao'25 MMSE-MW-Safe,2,8,2,0.2938168902,1.557699888,13.20378378,0.3995289714,0.06243243243,23.99811445
Zhao'25 MMSE-MW-Safe,2,8,3,0.223720696,2.021057334,17.85756757,0.4003878449,0.04756756757,23.98260599
Zhao'25 MMSE-MW-Safe,2,8,4,0.8564804989,0.4673466129,4.386756757,0.1116579475,0.1735135135,0.6020398386
Zhao'25 MMSE-MW-Safe,2,8,5,0.95,0.2347890628,3.745945946,0.05082865928,0.1832432432,0.2347890628
Zhao'25 MMSE-MW-Safe,2,8,6,0.4732619221,0.9960890923,7.490810811,0.3585920732,0.1378378378,23.88321648
Zhao'25 MMSE-MW-Safe,2,8,7,0.198994158,2.271318822,23.91324324,0.3996293386,0.03567567568,23.99910349
Zhao'25 MMSE-MW-Safe,2,8,8,0.3554966144,1.304697623,10.78783784,0.4009300532,0.09216216216,23.99994578
Zhao'25 MMSE-MW-Safe,2,8,9,0.365156396,1.272612991,8.832432432,0.4000132184,0.102972973,23.99922192
Zhao'25 MMSE-MW-Safe,2,8,10,0.95,0.2590903055,3.575135135,0.05713991601,0.1851351351,0.2590903055
Zhao'25 MMSE-MW-Safe,2,8,11,0.8950142286,0.4199186836,4.065135135,0.09658129723,0.1786486486,0.4597560509
Zhao'25 MMSE-MW-Safe,2,9,0,0.3257577326,1.414897118,12.32648649,0.3996128346,0.07675675676,23.9995044
Zhao'25 MMSE-MW-Safe,2,9,1,0.6871221964,0.6652565043,5.827567568,0.1902274004,0.1581081081,5.296669111
Zhao'25 MMSE-MW-Safe,2,9,2,0.2523803769,1.798374164,19.13675676,0.4000167398,0.04783783784,23.9969037
Zhao'25 MMSE-MW-Safe,2,9,3,0.1963495047,2.302374716,26.00108108,0.4001153899,0.03756756757,23.99949363
Zhao'25 MMSE-MW-Safe,2,9,4,0.5437054116,0.8671448273,7.120540541,0.2866265199,0.1340540541,8.210041374
Zhao'25 MMSE-MW-Safe,2,9,5,0.2493362779,1.819394726,18.57054054,0.4002668397,0.04837837838,23.99928272
Zhao'25 MMSE-MW-Safe,2,9,6,0.95,0.209506079,3.505135135,0.04546848146,0.1881081081,0.209506079
Zhao'25 MMSE-MW-Safe,2,9,7,0.4363495231,1.076896197,7.891621622,0.3731299795,0.1210810811,20.98308322
Zhao'25 MMSE-MW-Safe,2,9,8,0.95,0.2790122724,4.032162162,0.06228760459,0.1781081081,0.2790122724
Zhao'25 MMSE-MW-Safe,2,9,9,0.6652629851,0.6926602831,6.28027027,0.2025563314,0.1472972973,3.697243963
Zhao'25 MMSE-MW-Safe,2,9,10,0.95,0.247425482,3.462432432,0.05376488851,0.1878378378,0.247425482
Zhao'25 MMSE-MW-Safe,2,9,11,0.2127973752,2.123503268,23.94378378,0.4000221022,0.04108108108,23.9988499
Zhao'25 MMSE-MW-Safe,2,10,0,0.2210551088,2.045012567,16.50378378,0.3990538035,0.04837837838,23.99982707
Zhao'25 MMSE-MW-Safe,2,10,1,0.5230742899,0.9021077578,8.350810811,0.2708761403,0.1102702703,9.650586188
Zhao'25 MMSE-MW-Safe,2,10,2,0.4621770162,1.019211399,9.12972973,0.3115481331,0.1054054054,21.31082177
Zhao'25 MMSE-MW-Safe,2,10,3,0.8877431859,0.4291816563,4.435135135,0.08398041058,0.1586486486,0.4875449689
Zhao'25 MMSE-MW-Safe,2,10,4,0.3493760462,1.325898395,9.418918919,0.4013530275,0.0927027027,23.99703103
Zhao'25 MMSE-MW-Safe,2,10,5,0.4491418585,1.047619095,8.802702703,0.3355212506,0.1102702703,23.58095573
Zhao'25 MMSE-MW-Safe,2,10,6,0.5565464418,0.8463561798,7.923783784,0.2289736584,0.1183783784,8.144329215
Zhao'25 MMSE-MW-Safe,2,10,7,0.34857734,1.328717478,12.46027027,0.399692582,0.07783783784,23.99935127
Zhao'25 MMSE-MW-Safe,2,10,8,0.2223217792,2.03354937,22.12054054,0.3990153629,0.04081081081,23.99801714
Zhao'25 MMSE-MW-Safe,2,10,9,0.6900300697,0.6616731043,6.894324324,0.1541519503,0.12,2.725096565
Zhao'25 MMSE-MW-Safe,2,10,10,0.2104662511,2.146920017,20.1827027,0.4003715707,0.04216216216,23.99840874
Zhao'25 MMSE-MW-Safe,2,10,11,0.2177243916,2.075867389,40.00162162,0.4011473468,0.03486486486,23.99722662
Zhao'25 MMSE-MW-Safe,2,11,0,0.95,0.3358641596,4.399459459,0.06199870839,0.1532432432,0.3358641596
Zhao'25 MMSE-MW-Safe,2,11,1,0.2935060875,1.559243329,11.66864865,0.40034626,0.06864864865,23.99964882
Zhao'25 MMSE-MW-Safe,2,11,2,0.6227889451,0.7487311135,7.022432432,0.1853615405,0.1286486486,3.918277838
Zhao'25 MMSE-MW-Safe,2,11,3,0.4312530983,1.088976442,9.331351351,0.3364054253,0.09864864865,20.55984568
Zhao'25 MMSE-MW-Safe,2,11,4,0.6153269509,0.7590395275,7.41,0.1879135695,0.1143243243,4.503671967
Zhao'25 MMSE-MW-Safe,2,11,5,0.4183303984,1.120756955,9.726486486,0.3540986162,0.09621621622,19.47179209
Zhao'25 MMSE-MW-Safe,2,11,6,0.9434799305,0.3508668233,4.698108108,0.06609572321,0.1475675676,0.3508668233
Zhao'25 MMSE-MW-Safe,2,11,7,0.4987828682,0.9460759936,9.128378378,0.2830557094,0.1010810811,11.90582385
Zhao'25 MMSE-MW-Safe,2,11,8,0.6260188518,0.7443154627,7.266216216,0.1784345447,0.1254054054,5.119255642
Zhao'25 MMSE-MW-Safe,2,11,9,0.4351735249,1.079661914,8.984864865,0.3306099862,0.102972973,23.38140529
Zhao'25 MMSE-MW-Safe,2,11,10,0.2492611008,1.819920828,17.45783784,0.4003825821,0.05108108108,23.99854426
Zhao'25 MMSE-MW-Safe,2,11,11,0.2092716103,2.159149808,25.13432432,0.3997344915,0.03567567568,23.99854545
Zhao'25 MMSE-MW-Safe,2,12,0,0.2277146089,1.986329388,18.49108108,0.398876415,0.04459459459,23.99860142
Zhao'25 MMSE-MW-Safe,2,12,1,0.9318683167,0.369039043,4.417297297,0.06323533872,0.1478378378,0.369039043
Zhao'25 MMSE-MW-Safe,2,12,2,0.4490225566,1.047885528,11.10756757,0.3033203786,0.08513513514,20.15198699
Zhao'25 MMSE-MW-Safe,2,12,3,0.364868936,1.273544601,10.41135135,0.3837843866,0.09135135135,23.99838031
Zhao'25 MMSE-MW-Safe,2,12,4,0.3264467419,1.412123145,10.81702703,0.4030275787,0.07945945946,23.99441687
Zhao'25 MMSE-MW-Safe,2,12,5,0.2532754659,1.792296255,16.85486486,0.3996336243,0.05,23.99940524
Zhao'25 MMSE-MW-Safe,2,12,6,0.5108922966,0.9237509324,7.928648649,0.2424222041,0.1105405405,7.180014918
Zhao'25 MMSE-MW-Safe,2,12,7,0.7249468559,0.6195927545,6.119459459,0.1271002434,0.1218918919,1.395927545
Zhao'25 MMSE-MW-Safe,2,12,8,0.885090931,0.4325165816,5.711621622,0.07843746656,0.1310810811,0.5300663265
Zhao'25 MMSE-MW-Safe,2,12,9,0.3371942215,1.370290719,10.8227027,0.3992360527,0.08,23.99920193
Zhao'25 MMSE-MW-Safe,2,12,10,0.4510893652,1.043286736,8.947837838,0.286198929,0.09702702703,21.55391744
Zhao'25 MMSE-MW-Safe,2,12,11,0.3770521179,1.235229773,10.31567568,0.3879289178,0.09,23.84004522
Zhao'25 MMSE-MW-Safe,2,13,0,0.931036637,0.3702883284,4.79,0.08066280884,0.162972973,0.3702883284
Zhao'25 MMSE-MW-Safe,2,13,1,0.7159624459,0.6302691506,6.133513514,0.1660844383,0.1440540541,1.732960657
Zhao'25 MMSE-MW-Safe,2,13,2,0.6775674106,0.6771299559,5.875405405,0.1831911043,0.1483783784,3.388339205
Zhao'25 MMSE-MW-Safe,2,13,3,0.3509019354,1.320546841,10.31216216,0.3993761933,0.09081081081,23.9998388
Zhao'25 MMSE-MW-Safe,2,13,4,0.95,0.2764601871,4.034054054,0.05865439105,0.1735135135,0.2764601871
Zhao'25 MMSE-MW-Safe,2,13,5,0.7562371291,0.5830294735,5.027297297,0.141502829,0.1559459459,1.911501049
Zhao'25 MMSE-MW-Safe,2,13,6,0.2357345475,1.920506701,21.72891892,0.400192072,0.04189189189,23.99966944
Zhao'25 MMSE-MW-Safe,2,13,7,0.5713184825,0.8232731646,7.032162162,0.2545471622,0.1332432432,5.995643799
Zhao'25 MMSE-MW-Safe,2,13,8,0.95,0.2265612916,3.567567568,0.04751663845,0.1810810811,0.2265612916
Zhao'25 MMSE-MW-Safe,2,13,9,0.8385292043,0.488449848,4.85972973,0.1127395055,0.1616216216,0.6653495441
Zhao'25 MMSE-MW-Safe,2,13,10,0.9458583108,0.3469497415,3.862702703,0.07332829671,0.1721621622,0.3469497415
Zhao'25 MMSE-MW-Safe,2,13,11,0.3749843981,1.241568686,9.382972973,0.3989797751,0.09837837838,23.99924108
Zhao'25 MMSE-MW-Safe,2,14,0,0.3969158517,1.177446822,9.796756757,0.384102247,0.09594594595,23.99276713
Zhao'25 MMSE-MW-Safe,2,14,1,0.64914127,0.7134614509,7.426486486,0.1673741998,0.1167567568,3.44807596
Zhao'25 MMSE-MW-Safe,2,14,2,0.685168137,0.6676722331,7.074054054,0.1568127488,0.1143243243,4.147411263
Zhao'25 MMSE-MW-Safe,2,14,3,0.2123384503,2.128067317,24.11621622,0.3997315635,0.03783783784,23.9997275
Zhao'25 MMSE-MW-Safe,2,14,4,0.8391928019,0.4876767217,5.347837838,0.09648090819,0.1375675676,0.750706887
Zhao'25 MMSE-MW-Safe,2,14,5,0.2547057577,1.782678959,15.80513514,0.399898253,0.05648648649,23.99836267
Zhao'25 MMSE-MW-Safe,2,14,6,0.6450583303,0.7188179662,7.403243243,0.178927391,0.1162162162,3.425815594
Zhao'25 MMSE-MW-Safe,2,14,7,0.3536782427,1.310923092,11.46972973,0.4039060338,0.08459459459,23.99969591
Zhao'25 MMSE-MW-Safe,2,14,8,0.3495021855,1.325454306,10.18837838,0.3990692155,0.08648648649,23.99811704
Zhao'25 MMSE-MW-Safe,2,14,9,0.2638904463,1.723560971,13.79297297,0.3987481597,0.06054054054,23.99858093
Zhao'25 MMSE-MW-Safe,2,14,10,0.8142278578,0.5165166625,5.523513514,0.1016281433,0.1337837838,0.7495499874
Zhao'25 MMSE-MW-Safe,2,14,11,0.4332858251,1.084128614,9.498108108,0.3340288163,0.09891891892,23.97157528
Zhao'25 MMSE-MW-Safe,2,15,0,0.95,0.2609434761,3.633783784,0.05388130154,0.1789189189,0.2609434761
Zhao'25 MMSE-MW-Safe,2,15,1,0.6682774533,0.6888292002,5.820540541,0.1852392038,0.1527027027,3.731900805
Zhao'25 MMSE-MW-Safe,2,15,2,0.3936552323,1.186565108,9.718918919,0.3960561914,0.1118918919,23.99764995
Zhao'25 MMSE-MW-Safe,2,15,3,0.8783623152,0.4408835581,4.46027027,0.09866259083,0.1740540541,0.5226506742
Zhao'25 MMSE-MW-Safe,2,15,4,0.2542081145,1.786011998,18.11783784,0.4001632288,0.05216216216,23.99851593
Zhao'25 MMSE-MW-Safe,2,15,5,0.6112416568,0.7647485898,6.209459459,0.2116493394,0.1413513514,3.871228847
Zhao'25 MMSE-MW-Safe,2,15,6,0.1961261937,2.305041448,31.87837838,0.3999558404,0.02972972973,23.99896785
Zhao'25 MMSE-MW-Safe,2,15,7,0.2603661895,1.74572184,16.89162162,0.3996287562,0.05540540541,23.99917484
Zhao'25 MMSE-MW-Safe,2,15,8,0.4858854259,0.9708198352,7.056216216,0.3122366497,0.1337837838,11.34951407
Zhao'25 MMSE-MW-Safe,2,15,9,0.9440218225,0.349980936,3.914324324,0.07330681768,0.1718918919,0.349980936
Zhao'25 MMSE-MW-Safe,2,15,10,0.777121657,0.5589976316,5.491351351,0.1397494079,0.1554054054,1.348973948
Zhao'25 MMSE-MW-Safe,2,15,11,0.6438927182,0.7203540735,6.811621622,0.2036460435,0.1381081081,4.084957029
Zhao'25 MMSE-MW-Safe,2,16,0,0.3932789834,1.187626136,9.158108108,0.3992991657,0.1083783784,23.99708713
Zhao'25 MMSE-MW-Safe,2,16,1,0.7735119064,0.5631378354,5.849189189,0.1494598255,0.1578378378,1.557654025
Zhao'25 MMSE-MW-Safe,2,16,2,0.901603995,0.4113518347,4.25027027,0.09705679776,0.1805405405,0.4340555041
Zhao'25 MMSE-MW-Safe,2,16,3,0.8416273572,0.4848363331,4.196486486,0.1166227936,0.1751351351,0.6545089994
Zhao'25 MMSE-MW-Safe,2,16,4,0.2260479039,2.00065631,16.42594595,0.400131262,0.05189189189,23.99969286
Zhao'25 MMSE-MW-Safe,2,16,5,0.7045979448,0.6439160289,4.952432432,0.1743794219,0.1672972973,1.79524426
Zhao'25 MMSE-MW-Safe,2,16,6,0.6624829137,0.6962092138,6.014324324,0.2009598487,0.1516216216,3.924184276
Zhao'25 MMSE-MW-Safe,2,16,7,0.1982197585,2.280313362,24.99351351,0.4005955906,0.03540540541,23.99979694
Zhao'25 MMSE-MW-Safe,2,16,8,0.7522839954,0.5876051337,5.068648649,0.1564300153,0.17,1.125630802
Zhao'25 MMSE-MW-Safe,2,16,9,0.3841282698,1.214015836,8.693513514,0.4032501249,0.1137837838,23.99962519
Zhao'25 MMSE-MW-Safe,2,16,10,0.2247729528,2.011774821,23.87594595,0.3996363495,0.03837837838,23.99613493
Zhao'25 MMSE-MW-Safe,2,16,11,0.2144342016,2.107404393,21.76972973,0.3998372659,0.04135135135,23.99967442
Zhao'25 MMSE-MW-Safe,2,17,0,0.6058267012,0.772389876,6.13972973,0.2302556847,0.1510810811,5.84779752
Zhao'25 MMSE-MW-Safe,2,17,1,0.4606290406,1.022513998,6.985405405,0.3645124226,0.1359459459,17.12044794
Zhao'25 MMSE-MW-Safe,2,17,2,0.8627452041,0.4598691245,4.055135135,0.1088771225,0.1805405405,0.5796073736
Zhao'25 MMSE-MW-Safe,2,17,3,0.95,0.2139841101,3.714594595,0.04748133903,0.1832432432,0.2139841101
Zhao'25 MMSE-MW-Safe,2,17,4,0.8920394043,0.4237308779,4.145135135,0.1007792358,0.1802702703,0.4711926338
Zhao'25 MMSE-MW-Safe,2,17,5,0.9329954481,0.3673358894,4.021081081,0.08279949506,0.1791891892,0.3673358894
Zhao'25 MMSE-MW-Safe,2,17,6,0.2434414901,1.861711545,20.56513514,0.3995132342,0.04459459459,23.99944623
Zhao'25 MMSE-MW-Safe,2,17,7,0.2237143759,2.021113381,26.10405405,0.3998527013,0.03486486486,23.99735446
Zhao'25 MMSE-MW-Safe,2,17,8,0.7874097494,0.5472165522,5.543243243,0.1443468527,0.1632432432,1.261031731
Zhao'25 MMSE-MW-Safe,2,17,9,0.2072792387,2.179902851,24.26216216,0.4000416314,0.03864864865,23.99969594
Zhao'25 MMSE-MW-Safe,2,17,10,0.95,0.241873434,3.524594595,0.05321215548,0.1891891892,0.241873434
Zhao'25 MMSE-MW-Safe,2,17,11,0.5223938409,0.9032962107,6.945675676,0.3105385892,0.1405405405,14.20877495
Zhao'25 MMSE-MW-Safe,2,18,0,0.95,0.2641897105,3.554324324,0.06176327015,0.1975675676,0.2641897105
Zhao'25 MMSE-MW-Safe,2,18,1,0.2298402862,1.968390267,19.52486486,0.4000620219,0.04567567568,23.99962611
Zhao'25 MMSE-MW-Safe,2,18,2,0.2514208534,1.804941085,16.29648649,0.4000139701,0.05108108108,23.99969413
Zhao'25 MMSE-MW-Safe,2,18,3,0.95,0.3377909827,3.482432432,0.07897005406,0.1967567568,0.3377909827
Zhao'25 MMSE-MW-Safe,2,18,4,0.8064515181,0.5254308787,4.36027027,0.1377480952,0.1813513514,0.776292636
Zhao'25 MMSE-MW-Safe,2,18,5,0.2889292384,1.582364629,12.5627027,0.4002954845,0.06783783784,23.99915506
Zhao'25 MMSE-MW-Safe,2,18,6,0.86964094,0.451552802,4.50027027,0.1148408613,0.1813513514,0.554658406
Zhao'25 MMSE-MW-Safe,2,18,7,0.95,0.2372894534,3.457837838,0.05541029398,0.197027027,0.2372894534
Zhao'25 MMSE-MW-Safe,2,18,8,0.4229897239,1.10910177,7.915405405,0.3992766373,0.1335135135,23.99004008
Zhao'25 MMSE-MW-Safe,2,18,9,0.9113191376,0.3983676074,3.635945946,0.09711556268,0.1991891892,0.3983676074
Zhao'25 MMSE-MW-Safe,2,18,10,0.93510967,0.3641087485,4.107567568,0.08758291517,0.1889189189,0.3641087485
Zhao'25 MMSE-MW-Safe,2,18,11,0.8418183031,0.4846132827,4.530540541,0.1261304301,0.1859459459,0.6538398482
Zhao'25 MMSE-MW-Safe,2,19,0,0.8339118425,0.4938172966,5.502432432,0.09315796568,0.1337837838,0.6814518897
Zhao'25 MMSE-MW-Safe,2,19,1,0.4218873338,1.111838862,9.00972973,0.3197287971,0.09783783784,21.75365874
Zhao'25 MMSE-MW-Safe,2,19,2,0.3658373363,1.270411673,10.04972973,0.3866171739,0.08918918919,23.99845754
Zhao'25 MMSE-MW-Safe,2,19,3,0.3670076204,1.266646367,9.181621622,0.3769128785,0.09108108108,23.99780769
Zhao'25 MMSE-MW-Safe,2,19,4,0.481511622,0.9794527448,8.755945946,0.2615403546,0.1018918919,13.68631862
Zhao'25 MMSE-MW-Safe,2,19,5,0.1930715746,2.342239302,29.64108108,0.4000797943,0.03135135135,23.99874953
Zhao'25 MMSE-MW-Safe,2,19,6,0.2120595117,2.1308523,23.71918919,0.3996787827,0.04162162162,23.99973332
Zhao'25 MMSE-MW-Safe,2,19,7,0.3057773787,1.500722279,12.48648649,0.399111006,0.07216216216,23.9986979
Zhao'25 MMSE-MW-Safe,2,19,8,0.5446939528,0.8655191693,8.162162162,0.2271403009,0.1067567568,8.437979232
Zhao'25 MMSE-MW-Safe,2,19,9,0.4653449839,1.012509865,8.815675676,0.280766249,0.1035135135,12.48772689
Zhao'25 MMSE-MW-Safe,2,19,10,0.3623629999,1.281724896,10.17513514,0.3959490692,0.09054054054,23.99220613
Zhao'25 MMSE-MW-Safe,2,19,11,0.8770434254,0.4425090154,4.986216216,0.08048880199,0.1381081081,0.5275270463
Zhao'25 MMSE-MW-Safe,4,0,0,0.95,0.3369544871,3.712162162,0.07631563789,0.1905405405,0.3369544871
Zhao'25 MMSE-MW-Safe,4,0,1,0.2315765095,1.95400716,18.84864865,0.3997793027,0.04702702703,23.99862288
Zhao'25 MMSE-MW-Safe,4,0,2,0.95,0.2191119648,4.184864865,0.0499219963,0.1845945946,0.2191119648
Zhao'25 MMSE-MW-Safe,4,0,3,0.8081176242,0.5235225351,4.827027027,0.1332860076,0.1845945946,0.8940901405
Zhao'25 MMSE-MW-Safe,4,0,4,0.6281327393,0.7414402559,6.585945946,0.2202277949,0.1556756757,5.053125886
Zhao'25 MMSE-MW-Safe,4,0,5,0.795200025,0.5383055036,5.086216216,0.1390865031,0.177027027,0.8149165108
Zhao'25 MMSE-MW-Safe,4,0,6,0.3394136806,1.361973486,10.80135135,0.4004938252,0.09675675676,23.99852393
Zhao'25 MMSE-MW-Safe,4,0,7,0.9476946562,0.3438720469,4.058108108,0.07927644756,0.1886486486,0.3438720469
Zhao'25 MMSE-MW-Safe,4,0,8,0.5005847781,0.9427001774,7.745135135,0.3286711429,0.1483783784,11.47880781
Zhao'25 MMSE-MW-Safe,4,0,9,0.95,0.2738400263,3.425945946,0.06246513032,0.2010810811,0.2738400263
Zhao'25 MMSE-MW-Safe,4,0,10,0.23436609,1.931388168,17.63297297,0.3998495505,0.04972972973,23.99930207
Zhao'25 MMSE-MW-Safe,4,0,11,0.2528380647,1.795260579,17.40783784,0.399809383,0.05405405405,23.9999822
Zhao'25 MMSE-MW-Safe,4,1,0,0.5605092249,0.8400796556,7.002702703,0.2913032968,0.1516216216,6.961911735
Zhao'25 MMSE-MW-Safe,4,1,1,0.2181252996,2.072097608,21.12972973,0.3998588358,0.04027027027,23.99874277
Zhao'25 MMSE-MW-Safe,4,1,2,0.2316669551,1.953264399,17.45,0.4001552471,0.04891891892,23.99994003
Zhao'25 MMSE-MW-Safe,4,1,3,0.3707979081,1.254604531,10.44972973,0.3997780384,0.1064864865,23.999982
Zhao'25 MMSE-MW-Safe,4,1,4,0.95,0.2976063768,3.313783784,0.07231030614,0.2110810811,0.2976063768
Zhao'25 MMSE-MW-Safe,4,1,5,0.95,0.2276934429,3.461891892,0.05520027522,0.2116216216,0.2276934429
Zhao'25 MMSE-MW-Safe,4,1,6,0.2020086086,2.237061952,26.00162162,0.400252706,0.03297297297,23.99943658
Zhao'25 MMSE-MW-Safe,4,1,7,0.95,0.2579608484,3.312432432,0.06323526743,0.2135135135,0.2579608484
Zhao'25 MMSE-MW-Safe,4,1,8,0.325972712,1.414030367,11.30783784,0.399368036,0.08621621622,23.99846212
Zhao'25 MMSE-MW-Safe,4,1,9,0.8362721814,0.4910760745,5.075945946,0.1363067915,0.1959459459,0.8553803727
Zhao'25 MMSE-MW-Safe,4,1,10,0.2993435181,1.530799061,13.63756757,0.3996626736,0.07135135135,23.99968316
Zhao'25 MMSE-MW-Safe,4,1,11,0.2334007936,1.939147999,20.5372973,0.399883763,0.04756756757,23.99915543
Zhao'25 MMSE-MW-Safe,4,2,0,0.2983974043,1.535332493,13.33864865,0.4000163576,0.06945945946,23.99896939
Zhao'25 MMSE-MW-Safe,4,2,1,0.4720337023,0.9986066978,6.444324324,0.3238724425,0.1540540541,7.944267911
Zhao'25 MMSE-MW-Safe,4,2,2,0.7619171253,0.5764720931,5.146756757,0.1422483841,0.167027027,0.9294162793
Zhao'25 MMSE-MW-Safe,4,2,3,0.95,0.328976203,3.917837838,0.07175237724,0.1818918919,0.328976203
Zhao'25 MMSE-MW-Safe,4,2,4,0.6042558466,0.7746227687,6.650540541,0.2242218879,0.1440540541,3.695473224
Zhao'25 MMSE-MW-Safe,4,2,5,0.7527600943,0.5870535051,5.748648649,0.1531099007,0.1648648649,0.9611605154
Zhao'25 MMSE-MW-Safe,4,2,6,0.6803453125,0.6736618433,5.382702703,0.1820707685,0.1748648649,1.810280277
Zhao'25 MMSE-MW-Safe,4,2,7,0.2438339011,1.858825842,19.79,0.3998987487,0.04783783784,23.97848257
Zhao'25 MMSE-MW-Safe,4,2,8,0.7053294905,0.6430324214,6.056216216,0.1729235836,0.1562162162,1.630324214
Zhao'25 MMSE-MW-Safe,4,2,9,0.1925045361,2.34929577,23.45135135,0.4006501705,0.03648648649,23.99999934
Zhao'25 MMSE-MW-Safe,4,2,10,0.95,0.2710575607,4.012972973,0.05926636935,0.1832432432,0.2710575607
Zhao'25 MMSE-MW-Safe,4,2,11,0.2931742638,1.560894842,13.08,0.4003484337,0.07918918919,23.9997206
Zhao'25 MMSE-MW-Safe,4,3,0,0.2469621281,1.836175919,15.71972973,0.399988592,0.05432432432,23.99954416
Zhao'25 MMSE-MW-Safe,4,3,1,0.8215561338,0.5080937316,4.778378378,0.1319670476,0.1832432432,0.8323749262
Zhao'25 MMSE-MW-Safe,4,3,2,0.8932287906,0.4222105672,3.630810811,0.1015587581,0.2035135135,0.4444211345
Zhao'25 MMSE-MW-Safe,4,3,3,0.3220866759,1.429873819,10.57486486,0.4042291932,0.08486486486,23.99820303
Zhao'25 MMSE-MW-Safe,4,3,4,0.225348274,2.006740312,19.16891892,0.4002633378,0.04216216216,23.99955093
Zhao'25 MMSE-MW-Safe,4,3,5,0.2465631425,1.839030251,18.66054054,0.3996163031,0.05081081081,23.99995674
Zhao'25 MMSE-MW-Safe,4,3,6,0.4834834838,0.9755450403,7.551621622,0.3406497816,0.1505405405,15.25497722
Zhao'25 MMSE-MW-Safe,4,3,7,0.2778755806,1.641436133,12.42432432,0.4001555113,0.06918918919,23.99976003
Zhao'25 MMSE-MW-Safe,4,3,8,0.2645088005,1.719737046,17.63810811,0.4001874585,0.05459459459,23.99884008
Zhao'25 MMSE-MW-Safe,4,3,9,0.3014458345,1.520828652,13.24918919,0.4003478668,0.07459459459,23.9995506
Zhao'25 MMSE-MW-Safe,4,3,10,0.9387067142,0.3585144156,3.7,0.08391175241,0.1978378378,0.3585144156
Zhao'25 MMSE-MW-Safe,4,3,11,0.2969367479,1.542388958,12.92135135,0.4001874054,0.07216216216,23.99913671
Zhao'25 MMSE-MW-Safe,4,4,0,0.662118963,0.6966749552,6.843513514,0.1549631049,0.1243243243,1.586699821
Zhao'25 MMSE-MW-Safe,4,4,1,0.6741961796,0.6813572012,7.190540541,0.1552389515,0.127027027,2.827144024
Zhao'25 MMSE-MW-Safe,4,4,2,0.3640876,1.27608378,9.325135135,0.401793947,0.1075675676,23.96249399
Zhao'25 MMSE-MW-Safe,4,4,3,0.2460798207,1.842501298,16.02972973,0.3993746056,0.05054054054,23.99849541
Zhao'25 MMSE-MW-Safe,4,4,4,0.2372011855,1.908996959,18.94189189,0.4008893614,0.05135135135,23.99835834
Zhao'25 MMSE-MW-Safe,4,4,5,0.4128728207,1.13470463,9.249459459,0.3422514507,0.1097297297,18.71054817
Zhao'25 MMSE-MW-Safe,4,4,6,0.5024050881,0.9393093506,9.312972973,0.2447281659,0.107027027,7.082733765
Zhao'25 MMSE-MW-Safe,4,4,7,0.4159209977,1.126874486,8.763243243,0.3356258605,0.1135135135,16.21870376
Zhao'25 MMSE-MW-Safe,4,4,8,0.2309431598,1.959226317,22.2172973,0.3992585522,0.03810810811,23.99915313
Zhao'25 MMSE-MW-Safe,4,4,9,0.4380235493,1.072981387,9.286756757,0.3076846627,0.1021621622,14.55714382
Zhao'25 MMSE-MW-Safe,4,4,10,0.7287104513,0.6151471375,6.31027027,0.1295134108,0.1318918919,1.475735687
Zhao'25 MMSE-MW-Safe,4,4,11,0.5641011845,0.8344446437,7.412972973,0.2061303796,0.1243243243,3.316669655
Zhao'25 MMSE-MW-Safe,4,5,0,0.9411489522,0.3546353857,4.251891892,0.07361080437,0.17,0.3546353857
Zhao'25 MMSE-MW-Safe,4,5,1,0.4821824971,0.9781203331,7.108918919,0.3005737348,0.1410810811,12.94977599
Zhao'25 MMSE-MW-Safe,4,5,2,0.3825098869,1.218803669,10.04891892,0.4028640236,0.107027027,23.99685808
Zhao'25 MMSE-MW-Safe,4,5,3,0.7544254172,0.5851252029,5.478648649,0.1413789004,0.1591891892,0.9553756086
Zhao'25 MMSE-MW-Safe,4,5,4,0.3523107703,1.315645181,10.03891892,0.4039386285,0.09756756757,23.99469944
Zhao'25 MMSE-MW-Safe,4,5,5,0.8677360717,0.4538598372,4.929459459,0.09997182901,0.1643243243,0.615439349
Zhao'25 MMSE-MW-Safe,4,5,6,0.95,0.2241414152,4.238918919,0.04579754322,0.1737837838,0.2241414152
Zhao'25 MMSE-MW-Safe,4,5,7,0.2189202535,2.064668323,17.20756757,0.4000992398,0.05027027027,23.99921978
Zhao'25 MMSE-MW-Safe,4,5,8,0.8265150398,0.5023771293,5.329459459,0.1143247413,0.1597297297,0.7071313878
Zhao'25 MMSE-MW-Safe,4,5,9,0.3376263363,1.368663091,10.36432432,0.3998715681,0.09459459459,23.99978167
Zhao'25 MMSE-MW-Safe,4,5,10,0.2625732011,1.731770293,17.15243243,0.4001793515,0.05756756757,23.999585
Zhao'25 MMSE-MW-Safe,4,5,11,0.2699141276,1.687095206,15.33108108,0.3994311892,0.05891891892,23.99980549
Zhao'25 MMSE-MW-Safe,4,6,0,0.6600953202,0.6992694381,6.818378378,0.1793531613,0.1364864865,3.283197077
Zhao'25 MMSE-MW-Safe,4,6,1,0.4082536129,1.146768836,9.991891892,0.4029187803,0.1124324324,23.9958103
Zhao'25 MMSE-MW-Safe,4,6,2,0.95,0.2551559305,4.267567568,0.05054845867,0.17,0.2551559305
Zhao'25 MMSE-MW-Safe,4,6,3,0.8542797728,0.4699577518,5.061621622,0.1027556273,0.1608108108,0.6098732553
Zhao'25 MMSE-MW-Safe,4,6,4,0.5796663152,0.8105930222,7.094594595,0.2260897294,0.1351351351,5.433046489
Zhao'25 MMSE-MW-Safe,4,6,5,0.95,0.2156180293,4.028378378,0.04312360586,0.1681081081,0.2156180293
Zhao'25 MMSE-MW-Safe,4,6,6,0.7238759829,0.6208604762,5.62972973,0.1498455149,0.1537837838,1.283441905
Zhao'25 MMSE-MW-Safe,4,6,7,0.298421524,1.535216558,13.17648649,0.3999861519,0.07135135135,23.99773862
Zhao'25 MMSE-MW-Safe,4,6,8,0.95,0.2628816135,3.869459459,0.05278946995,0.1735135135,0.2628816135
Zhao'25 MMSE-MW-Safe,4,6,9,0.3698913443,1.257463669,10.45216216,0.3983101134,0.09594594595,23.99748554
Zhao'25 MMSE-MW-Safe,4,6,10,0.95,0.2571157349,4.080810811,0.05135365623,0.1716216216,0.2571157349
Zhao'25 MMSE-MW-Safe,4,6,11,0.5870736138,0.7995478023,6.92972973,0.2217124446,0.14,3.594573628
Zhao'25 MMSE-MW-Safe,4,7,0,0.95,0.2129344738,3.678918919,0.04914757855,0.1937837838,0.2129344738
Zhao'25 MMSE-MW-Safe,4,7,1,0.8194645516,0.5105004868,4.09972973,0.1287289065,0.1954054054,0.6210009736
Zhao'25 MMSE-MW-Safe,4,7,2,0.5139536145,0.9182376412,7.498918919,0.313689832,0.1427027027,13.77602083
Zhao'25 MMSE-MW-Safe,4,7,3,0.1957148488,2.309972111,24.50891892,0.3995627435,0.03432432432,23.99909524
Zhao'25 MMSE-MW-Safe,4,7,4,0.2668165055,1.705631049,17.42405405,0.3996708431,0.05594594595,23.99999021
Zhao'25 MMSE-MW-Safe,4,7,5,0.95,0.2143947682,3.768648649,0.04942668575,0.1935135135,0.2143947682
Zhao'25 MMSE-MW-Safe,4,7,6,0.9166527097,0.3910280632,4.254864865,0.09395241844,0.1943243243,0.3910280632
Zhao'25 MMSE-MW-Safe,4,7,7,0.2817874583,1.619983796,14.21027027,0.3997419475,0.06945945946,23.99935185
Zhao'25 MMSE-MW-Safe,4,7,8,0.4060368001,1.152645744,8.600810811,0.4052951657,0.1278378378,23.99928382
Zhao'25 MMSE-MW-Safe,4,7,9,0.95,0.2643493157,3.804324324,0.06065745108,0.192972973,0.2643493157
Zhao'25 MMSE-MW-Safe,4,7,10,0.95,0.2202876177,3.713513514,0.05054707769,0.1962162162,0.2202876177
Zhao'25 MMSE-MW-Safe,4,7,11,0.8957240492,0.4190042049,4.251351351,0.1005610092,0.19,0.4380084099
Zhao'25 MMSE-MW-Safe,4,8,0,0.924502767,0.3798996382,4.316486486,0.08593945869,0.1816216216,0.3798996382
Zhao'25 MMSE-MW-Safe,4,8,1,0.7675714746,0.5699618165,5.661351351,0.1497305096,0.1686486486,1.249809083
Zhao'25 MMSE-MW-Safe,4,8,2,0.2938168902,1.557699888,12.78324324,0.3999499713,0.07054054054,23.99969122
Zhao'25 MMSE-MW-Safe,4,8,3,0.223720696,2.021057334,18.23945946,0.4003878449,0.0472972973,23.98260599
Zhao'25 MMSE-MW-Safe,4,8,4,0.8564804989,0.4673466129,4.371891892,0.1109000881,0.1818918919,0.6020398386
Zhao'25 MMSE-MW-Safe,4,8,5,0.95,0.2347890628,3.892972973,0.05171705033,0.1867567568,0.2347890628
Zhao'25 MMSE-MW-Safe,4,8,6,0.4732619221,0.9960890923,7.758378378,0.3470159027,0.1418918919,18.47930557
Zhao'25 MMSE-MW-Safe,4,8,7,0.198994158,2.271318822,23.21351351,0.3996293386,0.03594594595,23.99910349
Zhao'25 MMSE-MW-Safe,4,8,8,0.3554966144,1.304697623,10.42864865,0.3998721903,0.09864864865,23.99983733
Zhao'25 MMSE-MW-Safe,4,8,9,0.365156396,1.272612991,8.796486486,0.3993253195,0.1081081081,23.99970094
Zhao'25 MMSE-MW-Safe,4,8,10,0.95,0.2590903055,3.631891892,0.05706989161,0.1889189189,0.2590903055
Zhao'25 MMSE-MW-Safe,4,8,11,0.8950142286,0.4199186836,4.39972973,0.09817017874,0.1824324324,0.4597560509
Zhao'25 MMSE-MW-Safe,4,9,0,0.3257577326,1.414897118,12.40432432,0.3999952392,0.08162162162,23.9995044
Zhao'25 MMSE-MW-Safe,4,9,1,0.6871221964,0.6652565043,5.703513514,0.1886092089,0.1702702703,2.509360573
Zhao'25 MMSE-MW-Safe,4,9,2,0.2523803769,1.798374164,18.88648649,0.4000167398,0.05,23.9969037
Zhao'25 MMSE-MW-Safe,4,9,3,0.1963495047,2.302374716,26.85891892,0.4001153899,0.03324324324,23.99949363
Zhao'25 MMSE-MW-Safe,4,9,4,0.5437054116,0.8671448273,7.245135135,0.2760801639,0.1402702703,5.941462064
Zhao'25 MMSE-MW-Safe,4,9,5,0.2493362779,1.819394726,18.58756757,0.4002668397,0.04891891892,23.99928272
Zhao'25 MMSE-MW-Safe,4,9,6,0.95,0.209506079,3.634594595,0.04728042593,0.1916216216,0.209506079
Zhao'25 MMSE-MW-Safe,4,9,7,0.4363495231,1.076896197,7.578108108,0.3772047219,0.1408108108,20.98203489
Zhao'25 MMSE-MW-Safe,4,9,8,0.95,0.2790122724,3.908918919,0.06281546564,0.19,0.2790122724
Zhao'25 MMSE-MW-Safe,4,9,9,0.6652629851,0.6926602831,6.133513514,0.1988122218,0.1578378378,1.697243963
Zhao'25 MMSE-MW-Safe,4,9,10,0.95,0.247425482,3.511891892,0.05510232355,0.1943243243,0.247425482
Zhao'25 MMSE-MW-Safe,4,9,11,0.2127973752,2.123503268,23.56405405,0.4000221022,0.03972972973,23.9988499
Zhao'25 MMSE-MW-Safe,4,10,0,0.2210551088,2.045012567,16.83324324,0.3990538035,0.04567567568,23.99982707
Zhao'25 MMSE-MW-Safe,4,10,1,0.5230742899,0.9021077578,8.541081081,0.2603921852,0.1148648649,10.56112498
Zhao'25 MMSE-MW-Safe,4,10,2,0.4621770162,1.019211399,8.492432432,0.3118235956,0.1251351351,16.03397617
Zhao'25 MMSE-MW-Safe,4,10,3,0.8877431859,0.4291816563,4.508918919,0.08722827177,0.167027027,0.5459082815
Zhao'25 MMSE-MW-Safe,4,10,4,0.3493760462,1.325898395,10.66378378,0.403861484,0.09918918919,23.99950738
Zhao'25 MMSE-MW-Safe,4,10,5,0.4491418585,1.047619095,8.62972973,0.3213642358,0.117027027,14.38095375
Zhao'25 MMSE-MW-Safe,4,10,6,0.5565464418,0.8463561798,7.563783784,0.2342347914,0.1297297297,5.095342698
Zhao'25 MMSE-MW-Safe,4,10,7,0.34857734,1.328717478,12.30297297,0.4032837103,0.0872972973,23.99935127
Zhao'25 MMSE-MW-Safe,4,10,8,0.2223217792,2.03354937,24.58783784,0.4001145788,0.03945945946,23.99801714
Zhao'25 MMSE-MW-Safe,4,10,9,0.6900300697,0.6616731043,6.709189189,0.1582650533,0.1402702703,1.708365522
Zhao'25 MMSE-MW-Safe,4,10,10,0.2104662511,2.146920017,20.35972973,0.4003715707,0.0427027027,23.99932792
Zhao'25 MMSE-MW-Safe,4,10,11,0.2177243916,2.075867389,42.1827027,0.4005863016,0.03432432432,23.99722662
Zhao'25 MMSE-MW-Safe,4,11,0,0.95,0.3358641596,4.460810811,0.0614540638,0.1567567568,0.3358641596
Zhao'25 MMSE-MW-Safe,4,11,1,0.2935060875,1.559243329,12.25324324,0.3999248429,0.07378378378,23.99964882
Zhao'25 MMSE-MW-Safe,4,11,2,0.6227889451,0.7487311135,6.564324324,0.1782789489,0.1383783784,1.692386681
Zhao'25 MMSE-MW-Safe,4,11,3,0.4312530983,1.088976442,9.272702703,0.3337565637,0.1113513514,15.18031683
Zhao'25 MMSE-MW-Safe,4,11,4,0.6153269509,0.7590395275,7.857027027,0.1903753193,0.1245945946,6.730225352
Zhao'25 MMSE-MW-Safe,4,11,5,0.4183303984,1.120756955,10.1172973,0.3525840798,0.1048648649,18.66422255
Zhao'25 MMSE-MW-Safe,4,11,6,0.9434799305,0.3508668233,4.984054054,0.06524226337,0.1464864865,0.3508668233
Zhao'25 MMSE-MW-Safe,4,11,7,0.4987828682,0.9460759936,9.391351351,0.2863797602,0.1159459459,15.80481176
Zhao'25 MMSE-MW-Safe,4,11,8,0.6260188518,0.7443154627,7.297567568,0.1818543725,0.1343243243,4.597678329
Zhao'25 MMSE-MW-Safe,4,11,9,0.4351735249,1.079661914,9.362702703,0.3376131986,0.1151351351,17.18985743
Zhao'25 MMSE-MW-Safe,4,11,10,0.2492611008,1.819920828,18.30864865,0.3998907116,0.04972972973,23.99879967
Zhao'25 MMSE-MW-Safe,4,11,11,0.2092716103,2.159149808,24.28621622,0.3997344915,0.03972972973,23.99802303
Zhao'25 MMSE-MW-Safe,4,12,0,0.2277146089,1.986329388,18.23,0.3999501065,0.04405405405,23.99860142
Zhao'25 MMSE-MW-Safe,4,12,1,0.9318683167,0.369039043,4.580540541,0.06383378041,0.1467567568,0.369039043
Zhao'25 MMSE-MW-Safe,4,12,2,0.4490225566,1.047885528,9.963513514,0.3109671109,0.1110810811,23.80273431
Zhao'25 MMSE-MW-Safe,4,12,3,0.364868936,1.273544601,10.06135135,0.3868821978,0.09702702703,23.98615031
Zhao'25 MMSE-MW-Safe,4,12,4,0.3264467419,1.412123145,11.14054054,0.401882614,0.08972972973,23.99569272
Zhao'25 MMSE-MW-Safe,4,12,5,0.2532754659,1.792296255,16.84108108,0.3996336243,0.05081081081,23.99940524
Zhao'25 MMSE-MW-Safe,4,12,6,0.5108922966,0.9237509324,7.772162162,0.2426718666,0.1194594595,6.103765851
Zhao'25 MMSE-MW-Safe,4,12,7,0.7249468559,0.6195927545,5.594324324,0.1260954984,0.1375675676,1.058778264
Zhao'25 MMSE-MW-Safe,4,12,8,0.885090931,0.4325165816,5.38027027,0.07832057019,0.1397297297,0.4650331633
Zhao'25 MMSE-MW-Safe,4,12,9,0.3371942215,1.370290719,12.07972973,0.4025691922,0.08216216216,23.99617556
Zhao'25 MMSE-MW-Safe,4,12,10,0.4510893652,1.043286736,9.218378378,0.2853530208,0.1062162162,14.3583225
Zhao'25 MMSE-MW-Safe,4,12,11,0.3770521179,1.235229773,9.412432432,0.3742412365,0.1045945946,23.99124908
Zhao'25 MMSE-MW-Safe,4,13,0,0.931036637,0.3702883284,4.908378378,0.08176366604,0.17,0.3702883284
Zhao'25 MMSE-MW-Safe,4,13,1,0.7159624459,0.6302691506,5.78972973,0.1636996362,0.1564864865,1.090807452
Zhao'25 MMSE-MW-Safe,4,13,2,0.6775674106,0.6771299559,6.305135135,0.1837401286,0.1551351351,1.785649779
Zhao'25 MMSE-MW-Safe,4,13,3,0.3509019354,1.320546841,9.894054054,0.4022314297,0.09756756757,23.9993552
Zhao'25 MMSE-MW-Safe,4,13,4,0.95,0.2764601871,4.19,0.05895326693,0.1786486486,0.2764601871
Zhao'25 MMSE-MW-Safe,4,13,5,0.7562371291,0.5830294735,5.17,0.1421331311,0.1645945946,1.132117894
Zhao'25 MMSE-MW-Safe,4,13,6,0.2357345475,1.920506701,21.49891892,0.400192072,0.04486486486,23.99966944
Zhao'25 MMSE-MW-Safe,4,13,7,0.5713184825,0.8232731646,7.822162162,0.2496520245,0.1421621622,14.81020456
Zhao'25 MMSE-MW-Safe,4,13,8,0.95,0.2265612916,3.729459459,0.04788403514,0.1840540541,0.2265612916
Zhao'25 MMSE-MW-Safe,4,13,9,0.8385292043,0.488449848,4.648918919,0.112343465,0.1718918919,0.5768996961
Zhao'25 MMSE-MW-Safe,4,13,10,0.9458583108,0.3469497415,3.869189189,0.07351583711,0.1794594595,0.3469497415
Zhao'25 MMSE-MW-Safe,4,13,11,0.3749843981,1.241568686,9.408918919,0.3993153342,0.11,23.99924108
Zhao'25 MMSE-MW-Safe,4,14,0,0.3969158517,1.177446822,9.475945946,0.3821928737,0.1102702703,23.74808805
Zhao'25 MMSE-MW-Safe,4,14,1,0.64914127,0.7134614509,6.831621622,0.1733518498,0.1378378378,1.394230156
Zhao'25 MMSE-MW-Safe,4,14,2,0.685168137,0.6676722331,7.241891892,0.1555495851,0.1262162162,1.473705632
Zhao'25 MMSE-MW-Safe,4,14,3,0.2123384503,2.128067317,22.99405405,0.3997315635,0.03864864865,23.9997275
Zhao'25 MMSE-MW-Safe,4,14,4,0.8391928019,0.4876767217,5.268918919,0.09793075791,0.1481081081,0.6630301652
Zhao'25 MMSE-MW-Safe,4,14,5,0.2547057577,1.782678959,16.13945946,0.4003800582,0.05567567568,23.99813484
Zhao'25 MMSE-MW-Safe,4,14,6,0.6450583303,0.7188179662,7.67972973,0.1746533383,0.1224324324,2.463451526
Zhao'25 MMSE-MW-Safe,4,14,7,0.3536782427,1.310923092,11.11081081,0.4042603373,0.09513513514,23.99969591
Zhao'25 MMSE-MW-Safe,4,14,8,0.3495021855,1.325454306,10.06216216,0.3979945228,0.09648648649,23.99984225
Zhao'25 MMSE-MW-Safe,4,14,9,0.2638904463,1.723560971,14.10135135,0.4001456416,0.06297297297,23.99858093
Zhao'25 MMSE-MW-Safe,4,14,10,0.8142278578,0.5165166625,5.351891892,0.1042805262,0.1448648649,0.633033325
Zhao'25 MMSE-MW-Safe,4,14,11,0.4332858251,1.084128614,8.878378378,0.3258245997,0.1127027027,18.7445015
Zhao'25 MMSE-MW-Safe,4,15,0,0.95,0.2609434761,3.651351351,0.05458655418,0.1837837838,0.2609434761
Zhao'25 MMSE-MW-Safe,4,15,1,0.6682774533,0.6888292002,5.797027027,0.185797714,0.1627027027,2.088292002
Zhao'25 MMSE-MW-Safe,4,15,2,0.3936552323,1.186565108,9.185675676,0.3986217376,0.1218918919,23.99764995
Zhao'25 MMSE-MW-Safe,4,15,3,0.8783623152,0.4408835581,4.667027027,0.09878174855,0.172972973,0.5226506742
Zhao'25 MMSE-MW-Safe,4,15,4,0.2542081145,1.786011998,18.26189189,0.3996805229,0.05189189189,23.99886307
Zhao'25 MMSE-MW-Safe,4,15,5,0.6112416568,0.7647485898,6.061891892,0.2137162275,0.1556756757,2.847485898
Zhao'25 MMSE-MW-Safe,4,15,6,0.1961261937,2.305041448,32.99486486,0.3999558404,0.02810810811,23.99896785
Zhao'25 MMSE-MW-Safe,4,15,7,0.2603661895,1.74572184,16.28810811,0.400100573,0.05945945946,23.99917484
Zhao'25 MMSE-MW-Safe,4,15,8,0.4858854259,0.9708198352,7.024054054,0.3014789164,0.1410810811,6.903937199
Zhao'25 MMSE-MW-Safe,4,15,9,0.9440218225,0.349980936,4.096756757,0.07368517545,0.172972973,0.349980936
Zhao'25 MMSE-MW-Safe,4,15,10,0.777121657,0.5589976316,5.26,0.1386918448,0.17,0.8769928948
Zhao'25 MMSE-MW-Safe,4,15,11,0.6438927182,0.7203540735,6.96,0.205982327,0.1508108108,3.84601925
Zhao'25 MMSE-MW-Safe,4,16,0,0.3932789834,1.187626136,8.885405405,0.401546026,0.1189189189,23.99894078
Zhao'25 MMSE-MW-Safe,4,16,1,0.7735119064,0.5631378354,5.810540541,0.1500686232,0.1689189189,1.215689177
Zhao'25 MMSE-MW-Safe,4,16,2,0.901603995,0.4113518347,4.24027027,0.0972791501,0.1891891892,0.4340555041
Zhao'25 MMSE-MW-Safe,4,16,3,0.8416273572,0.4848363331,4.263513514,0.1174090147,0.182972973,0.6545089994
Zhao'25 MMSE-MW-Safe,4,16,4,0.2260479039,2.00065631,16.92297297,0.400131262,0.04945945946,23.99969286
Zhao'25 MMSE-MW-Safe,4,16,5,0.7045979448,0.6439160289,4.812702703,0.1742053905,0.1802702703,1.307412202
Zhao'25 MMSE-MW-Safe,4,16,6,0.6624829137,0.6962092138,5.901351351,0.2020888367,0.1640540541,2.250719779
Zhao'25 MMSE-MW-Safe,4,16,7,0.1982197585,2.280313362,24.59324324,0.4005955906,0.03648648649,23.99979694
Zhao'25 MMSE-MW-Safe,4,16,8,0.7522839954,0.5876051337,5.007027027,0.1526185226,0.1791891892,0.9628154011
Zhao'25 MMSE-MW-Safe,4,16,9,0.3841282698,1.214015836,8.573513514,0.4029220125,0.1172972973,23.99962519
Zhao'25 MMSE-MW-Safe,4,16,10,0.2247729528,2.011774821,23.60810811,0.4001800724,0.03702702703,23.99613493
Zhao'25 MMSE-MW-Safe,4,16,11,0.2144342016,2.107404393,21.92243243,0.3998372659,0.04,23.99967442
Zhao'25 MMSE-MW-Safe,4,17,0,0.6058267012,0.772389876,6.129189189,0.2310907007,0.1640540541,3.32389876
Zhao'25 MMSE-MW-Safe,4,17,1,0.4606290406,1.022513998,7.036216216,0.3534582172,0.1491891892,13.83039195
Zhao'25 MMSE-MW-Safe,4,17,2,0.8627452041,0.4598691245,3.990810811,0.1111143236,0.1913513514,0.5796073736
Zhao'25 MMSE-MW-Safe,4,17,3,0.95,0.2139841101,3.598918919,0.04886934407,0.1975675676,0.2139841101
Zhao'25 MMSE-MW-Safe,4,17,4,0.8920394043,0.4237308779,4.197837838,0.1008937577,0.182972973,0.4474617559
Zhao'25 MMSE-MW-Safe,4,17,5,0.9329954481,0.3673358894,4.008378378,0.08418941464,0.1910810811,0.3673358894
Zhao'25 MMSE-MW-Safe,4,17,6,0.2434414901,1.861711545,20.56081081,0.3995132342,0.04432432432,23.99944623
Zhao'25 MMSE-MW-Safe,4,17,7,0.2237143759,2.021113381,25.4127027,0.3998527013,0.03594594595,23.99735446
Zhao'25 MMSE-MW-Safe,4,17,8,0.7874097494,0.5472165522,5.108648649,0.1434594745,0.1783783784,1.136082761
Zhao'25 MMSE-MW-Safe,4,17,9,0.2072792387,2.179902851,24.4272973,0.4000416314,0.03891891892,23.99969594
Zhao'25 MMSE-MW-Safe,4,17,10,0.95,0.241873434,3.590540541,0.05497717784,0.1964864865,0.241873434
Zhao'25 MMSE-MW-Safe,4,17,11,0.5223938409,0.9032962107,7.032702703,0.3002849565,0.1481081081,10.4922939
Zhao'25 MMSE-MW-Safe,4,18,0,0.95,0.2641897105,3.645675676,0.0619060754,0.2002702703,0.2641897105
Zhao'25 MMSE-MW-Safe,4,18,1,0.2298402862,1.968390267,19.4072973,0.4000620219,0.04702702703,23.99962611
Zhao'25 MMSE-MW-Safe,4,18,2,0.2514208534,1.804941085,16.40621622,0.4000139701,0.05189189189,23.99969413
Zhao'25 MMSE-MW-Safe,4,18,3,0.95,0.3377909827,3.513513514,0.07915264379,0.2018918919,0.3377909827
Zhao'25 MMSE-MW-Safe,4,18,4,0.8064515181,0.5254308787,4.398378378,0.1381741203,0.1972972973,1.027154393
Zhao'25 MMSE-MW-Safe,4,18,5,0.2889292384,1.582364629,12.56108108,0.4002954845,0.07027027027,23.99910488
Zhao'25 MMSE-MW-Safe,4,18,6,0.86964094,0.451552802,4.478918919,0.1136204483,0.1886486486,0.554658406
Zhao'25 MMSE-MW-Safe,4,18,7,0.95,0.2372894534,3.621081081,0.05534616169,0.1962162162,0.2372894534
Zhao'25 MMSE-MW-Safe,4,18,8,0.4229897239,1.10910177,7.48027027,0.4028737241,0.14,23.98932324
Zhao'25 MMSE-MW-Safe,4,18,9,0.9113191376,0.3983676074,3.609459459,0.09657722807,0.2051351351,0.3983676074
Zhao'25 MMSE-MW-Safe,4,18,10,0.93510967,0.3641087485,4.048918919,0.08777973071,0.1981081081,0.3641087485
Zhao'25 MMSE-MW-Safe,4,18,11,0.8418183031,0.4846132827,4.70027027,0.1254755473,0.1935135135,0.8230664136
Zhao'25 MMSE-MW-Safe,4,19,0,0.8339118425,0.4938172966,5.857567568,0.09342489395,0.1337837838,0.5876345931
Zhao'25 MMSE-MW-Safe,4,19,1,0.4218873338,1.111838862,8.658108108,0.3182263122,0.1108108108,16.95516587
Zhao'25 MMSE-MW-Safe,4,19,2,0.3658373363,1.270411673,10.30702703,0.388677301,0.09243243243,23.99845754
Zhao'25 MMSE-MW-Safe,4,19,3,0.3670076204,1.266646367,8.910540541,0.3851289631,0.1075675676,23.99841666
Zhao'25 MMSE-MW-Safe,4,19,4,0.481511622,0.9794527448,8.441351351,0.264981675,0.1154054054,9.398657048
Zhao'25 MMSE-MW-Safe,4,19,5,0.1930715746,2.342239302,29.82864865,0.4000797943,0.03054054054,23.99874953
Zhao'25 MMSE-MW-Safe,4,19,6,0.2120595117,2.1308523,24.88216216,0.3991028767,0.04,23.99973332
Zhao'25 MMSE-MW-Safe,4,19,7,0.3057773787,1.500722279,11.65918919,0.3995166067,0.07648648649,23.9997457
Zhao'25 MMSE-MW-Safe,4,19,8,0.5446939528,0.8655191693,7.938108108,0.2236314394,0.1189189189,4.248306709
Zhao'25 MMSE-MW-Safe,4,19,9,0.4653449839,1.012509865,7.826486486,0.2736513148,0.1205405405,6.4126677
Zhao'25 MMSE-MW-Safe,4,19,10,0.3623629999,1.281724896,9.861891892,0.3973347177,0.09459459459,23.92731489
Zhao'25 MMSE-MW-Safe,4,19,11,0.8770434254,0.4425090154,4.901351351,0.0801300109,0.1467567568,0.5700360617
Zhao'25 MMSE-MW-Safe,8,0,0,0.95,0.3369544871,3.693243243,0.07822808228,0.1964864865,0.3369544871
Zhao'25 MMSE-MW-Safe,8,0,1,0.2315765095,1.95400716,18.75567568,0.3997793027,0.04972972973,23.99867769
Zhao'25 MMSE-MW-Safe,8,0,2,0.95,0.2191119648,4.045135135,0.05104716585,0.1908108108,0.2191119648
Zhao'25 MMSE-MW-Safe,8,0,3,0.8081176242,0.5235225351,4.641891892,0.1328615299,0.1897297297,0.6470450703
Zhao'25 MMSE-MW-Safe,8,0,4,0.6281327393,0.7414402559,6.607837838,0.2170215668,0.1632432432,2.145924607
Zhao'25 MMSE-MW-Safe,8,0,5,0.795200025,0.5383055036,5.077567568,0.1389410151,0.1821621622,0.6766110072
Zhao'25 MMSE-MW-Safe,8,0,6,0.3394136806,1.361973486,11.07891892,0.3997576233,0.0927027027,23.99973208
Zhao'25 MMSE-MW-Safe,8,0,7,0.9476946562,0.3438720469,3.841351351,0.08104227699,0.197027027,0.3438720469
Zhao'25 MMSE-MW-Safe,8,0,8,0.5005847781,0.9427001774,7.819459459,0.316441519,0.1510810811,6.510204613
Zhao'25 MMSE-MW-Safe,8,0,9,0.95,0.2738400263,3.338918919,0.0632052385,0.202972973,0.2738400263
Zhao'25 MMSE-MW-Safe,8,0,10,0.23436609,1.931388168,18.58135135,0.3998495505,0.04702702703,23.99930207
Zhao'25 MMSE-MW-Safe,8,0,11,0.2528380647,1.795260579,17.70027027,0.4002945886,0.05540540541,23.9999822
Zhao'25 MMSE-MW-Safe,8,1,0,0.5605092249,0.8400796556,7.284594595,0.2878975685,0.1578378378,4.041672768
Zhao'25 MMSE-MW-Safe,8,1,1,0.2181252996,2.072097608,21.11864865,0.3998588358,0.04216216216,23.99953142
Zhao'25 MMSE-MW-Safe,8,1,2,0.2316669551,1.953264399,17.98,0.4001552471,0.04945945946,23.99994003
Zhao'25 MMSE-MW-Safe,8,1,3,0.3707979081,1.254604531,10.64378378,0.4021516145,0.1035135135,23.99955477
Zhao'25 MMSE-MW-Safe,8,1,4,0.95,0.2976063768,3.23,0.07271247691,0.2127027027,0.2976063768
Zhao'25 MMSE-MW-Safe,8,1,5,0.95,0.2276934429,3.325135135,0.05606181798,0.217027027,0.2276934429
Zhao'25 MMSE-MW-Safe,8,1,6,0.2020086086,2.237061952,25.80054054,0.3996480947,0.03351351351,23.99943658
Zhao'25 MMSE-MW-Safe,8,1,7,0.95,0.2579608484,3.30027027,0.06379302062,0.2151351351,0.2579608484
Zhao'25 MMSE-MW-Safe,8,1,8,0.325972712,1.414030367,11.53756757,0.3997502064,0.08567567568,23.99953849
Zhao'25 MMSE-MW-Safe,8,1,9,0.8362721814,0.4910760745,5.042432432,0.1336523262,0.1978378378,0.6732282236
Zhao'25 MMSE-MW-Safe,8,1,10,0.2993435181,1.530799061,13.81459459,0.3996626736,0.07243243243,23.99968316
Zhao'25 MMSE-MW-Safe,8,1,11,0.2334007936,1.939147999,20.04162162,0.400407857,0.04675675676,23.99996337
Zhao'25 MMSE-MW-Safe,8,2,0,0.2983974043,1.535332493,13.36135135,0.4000163576,0.06837837838,23.99949569
Zhao'25 MMSE-MW-Safe,8,2,1,0.4720337023,0.9986066978,6.598108108,0.3190143559,0.1564864865,4.77492056
Zhao'25 MMSE-MW-Safe,8,2,2,0.7619171253,0.5764720931,4.911891892,0.1448970396,0.1802702703,0.7529441862
Zhao'25 MMSE-MW-Safe,8,2,3,0.95,0.328976203,3.715945946,0.07361953948,0.1910810811,0.328976203
Zhao'25 MMSE-MW-Safe,8,2,4,0.6042558466,0.7746227687,7.019189189,0.2242218879,0.1516216216,1.149245537
Zhao'25 MMSE-MW-Safe,8,2,5,0.7527600943,0.5870535051,5.553783784,0.1505712909,0.1735135135,0.7741070102
Zhao'25 MMSE-MW-Safe,8,2,6,0.6803453125,0.6736618433,5.8,0.1817066269,0.1745945946,1.24197106
Zhao'25 MMSE-MW-Safe,8,2,7,0.2438339011,1.858825842,20.25459459,0.3998987487,0.04540540541,23.97848257
Zhao'25 MMSE-MW-Safe,8,2,8,0.7053294905,0.6430324214,6.271621622,0.1684049774,0.1518918919,0.8860648428
Zhao'25 MMSE-MW-Safe,8,2,9,0.1925045361,2.34929577,24.09297297,0.4000152257,0.03486486486,23.99999967
Zhao'25 MMSE-MW-Safe,8,2,10,0.95,0.2710575607,3.771891892,0.06109783935,0.192972973,0.2710575607
Zhao'25 MMSE-MW-Safe,8,2,11,0.2931742638,1.560894842,13.37675676,0.4003484337,0.07486486486,23.9997206
Zhao'25 MMSE-MW-Safe,8,3,0,0.2469621281,1.836175919,15.58162162,0.399988592,0.05324324324,23.99954416
Zhao'25 MMSE-MW-Safe,8,3,1,0.8215561338,0.5080937316,4.840810811,0.1314177571,0.1875675676,0.7242811947
Zhao'25 MMSE-MW-Safe,8,3,2,0.8932287906,0.4222105672,3.649189189,0.1021293129,0.2021621622,0.4444211345
Zhao'25 MMSE-MW-Safe,8,3,3,0.3220866759,1.429873819,9.784324324,0.4050020979,0.09135135135,23.99933929
Zhao'25 MMSE-MW-Safe,8,3,4,0.225348274,2.006740312,20.24216216,0.4002633378,0.04243243243,23.99977546
Zhao'25 MMSE-MW-Safe,8,3,5,0.2465631425,1.839030251,18.23378378,0.3996163031,0.05135135135,23.99995674
Zhao'25 MMSE-MW-Safe,8,3,6,0.4834834838,0.9755450403,7.604864865,0.3366948693,0.162972973,6.788626007
Zhao'25 MMSE-MW-Safe,8,3,7,0.2778755806,1.641436133,14.30621622,0.3997118799,0.06405405405,23.99976003
Zhao'25 MMSE-MW-Safe,8,3,8,0.2645088005,1.719737046,17.02891892,0.3997226647,0.05675675676,23.99884008
Zhao'25 MMSE-MW-Safe,8,3,9,0.3014458345,1.520828652,14.07756757,0.4007589016,0.07351351351,23.99964931
Zhao'25 MMSE-MW-Safe,8,3,10,0.9387067142,0.3585144156,3.798378378,0.08497760608,0.1962162162,0.3585144156
Zhao'25 MMSE-MW-Safe,8,3,11,0.2969367479,1.542388958,12.69108108,0.4010211292,0.07540540541,23.99965362
Zhao'25 MMSE-MW-Safe,8,4,0,0.662118963,0.6966749552,6.676486486,0.1608001113,0.1383783784,0.9933499104
Zhao'25 MMSE-MW-Safe,8,4,1,0.6741961796,0.6813572012,6.734864865,0.1550548009,0.1378378378,1.288143207
Zhao'25 MMSE-MW-Safe,8,4,2,0.3640876,1.27608378,9.394054054,0.399724622,0.1137837838,23.89926947
Zhao'25 MMSE-MW-Safe,8,4,3,0.2460798207,1.842501298,15.22405405,0.4003705523,0.05459459459,23.99849541
Zhao'25 MMSE-MW-Safe,8,4,4,0.2372011855,1.908996959,19.5627027,0.3998574711,0.05027027027,23.99920884
Zhao'25 MMSE-MW-Safe,8,4,5,0.4128728207,1.13470463,9.164594595,0.332437789,0.112972973,8.359387978
Zhao'25 MMSE-MW-Safe,8,4,6,0.5024050881,0.9393093506,8.377027027,0.2475207072,0.1191891892,2.907568311
Zhao'25 MMSE-MW-Safe,8,4,7,0.4159209977,1.126874486,8.498378378,0.3283164044,0.1181081081,7.918113183
Zhao'25 MMSE-MW-Safe,8,4,8,0.2309431598,1.959226317,22.50162162,0.3997880728,0.03945945946,23.99977447
Zhao'25 MMSE-MW-Safe,8,4,9,0.4380235493,1.072981387,10.46810811,0.3085546476,0.1035135135,12.06242301
Zhao'25 MMSE-MW-Safe,8,4,10,0.7287104513,0.6151471375,6.254324324,0.1345010903,0.1410810811,0.8302942749
Zhao'25 MMSE-MW-Safe,8,4,11,0.5641011845,0.8344446437,7.091081081,0.203198547,0.1286486486,1.703333931
Zhao'25 MMSE-MW-Safe,8,5,0,0.9411489522,0.3546353857,4.144864865,0.07437758358,0.1743243243,0.3546353857
Zhao'25 MMSE-MW-Safe,8,5,1,0.4821824971,0.9781203331,7.440810811,0.2934360999,0.1383783784,3.51556433
Zhao'25 MMSE-MW-Safe,8,5,2,0.3825098869,1.218803669,9.912432432,0.4058286812,0.1145945946,23.99173513
Zhao'25 MMSE-MW-Safe,8,5,3,0.7544254172,0.5851252029,5.270540541,0.1382160614,0.1659459459,0.7702504057
Zhao'25 MMSE-MW-Safe,8,5,4,0.3523107703,1.315645181,9.478918919,0.4057165274,0.1067567568,23.99791629
Zhao'25 MMSE-MW-Safe,8,5,5,0.8677360717,0.4538598372,4.925945946,0.1015664717,0.1718918919,0.5077196745
Zhao'25 MMSE-MW-Safe,8,5,6,0.95,0.2241414152,3.998108108,0.04664564587,0.1759459459,0.2241414152
Zhao'25 MMSE-MW-Safe,8,5,7,0.2189202535,2.064668323,18.00486486,0.4000992398,0.04621621622,23.99960989
Zhao'25 MMSE-MW-Safe,8,5,8,0.8265150398,0.5023771293,5.222702703,0.1137816309,0.1648648649,0.6047542586
Zhao'25 MMSE-MW-Safe,8,5,9,0.3376263363,1.368663091,10.60027027,0.4006113859,0.09378378378,23.99978167
Zhao'25 MMSE-MW-Safe,8,5,10,0.2625732011,1.731770293,17.33189189,0.3997113055,0.05567567568,23.999585
Zhao'25 MMSE-MW-Safe,8,5,11,0.2699141276,1.687095206,15.08351351,0.3998871609,0.06054054054,23.99980549
Zhao'25 MMSE-MW-Safe,8,6,0,0.6600953202,0.6992694381,6.854594595,0.1787861861,0.1443243243,1.197077752
Zhao'25 MMSE-MW-Safe,8,6,1,0.4082536129,1.146768836,10.30189189,0.3911411545,0.1194594595,23.65650022
Zhao'25 MMSE-MW-Safe,8,6,2,0.95,0.2551559305,4.11027027,0.05234144629,0.1737837838,0.2551559305
Zhao'25 MMSE-MW-Safe,8,6,3,0.8542797728,0.4699577518,5.127027027,0.1044068303,0.1675675676,0.5399155036
Zhao'25 MMSE-MW-Safe,8,6,4,0.5796663152,0.8105930222,7.117297297,0.2201745912,0.1389189189,1.674151156
Zhao'25 MMSE-MW-Safe,8,6,5,0.95,0.2156180293,3.712162162,0.04446393415,0.1802702703,0.2156180293
Zhao'25 MMSE-MW-Safe,8,6,6,0.7238759829,0.6208604762,5.638108108,0.1483353138,0.1551351351,0.8417209525
Zhao'25 MMSE-MW-Safe,8,6,7,0.298421524,1.535216558,12.98054054,0.3999861519,0.07324324324,23.99999245
Zhao'25 MMSE-MW-Safe,8,6,8,0.95,0.2628816135,3.861621622,0.05435254981,0.1772972973,0.2628816135
Zhao'25 MMSE-MW-Safe,8,6,9,0.3698913443,1.257463669,10.5127027,0.4010289538,0.1021621622,23.99973122
Zhao'25 MMSE-MW-Safe,8,6,10,0.95,0.2571157349,4.005405405,0.05295194324,0.1781081081,0.2571157349
Zhao'25 MMSE-MW-Safe,8,6,11,0.5870736138,0.7995478023,6.820540541,0.2135008726,0.1454054054,1.199095605
Zhao'25 MMSE-MW-Safe,8,7,0,0.95,0.2129344738,3.617837838,0.04926267827,0.1967567568,0.2129344738
Zhao'25 MMSE-MW-Safe,8,7,1,0.8194645516,0.5105004868,4.231081081,0.1273491755,0.1924324324,0.5105004868
Zhao'25 MMSE-MW-Safe,8,7,2,0.5139536145,0.9182376412,7.896216216,0.3050038003,0.1481081081,6.128277542
Zhao'25 MMSE-MW-Safe,8,7,3,0.1957148488,2.309972111,24.34297297,0.4001870602,0.03621621622,23.99909524
Zhao'25 MMSE-MW-Safe,8,7,4,0.2668165055,1.705631049,17.18324324,0.3996708431,0.05621621622,23.99999021
Zhao'25 MMSE-MW-Safe,8,7,5,0.95,0.2143947682,3.59,0.04983229747,0.2013513514,0.2143947682
Zhao'25 MMSE-MW-Safe,8,7,6,0.9166527097,0.3910280632,4.116486486,0.09416378496,0.1986486486,0.3910280632
Zhao'25 MMSE-MW-Safe,8,7,7,0.2817874583,1.619983796,13.95864865,0.400179781,0.07351351351,23.99935185
Zhao'25 MMSE-MW-Safe,8,7,8,0.4060368001,1.152645744,7.895405405,0.4052951657,0.1348648649,23.99964417
Zhao'25 MMSE-MW-Safe,8,7,9,0.95,0.2643493157,3.853243243,0.06108612565,0.1921621622,0.2643493157
Zhao'25 MMSE-MW-Safe,8,7,10,0.95,0.2202876177,3.797837838,0.05120198682,0.1975675676,0.2202876177
Zhao'25 MMSE-MW-Safe,8,7,11,0.8957240492,0.4190042049,4.316486486,0.1022596749,0.1927027027,0.4380084099
Zhao'25 MMSE-MW-Safe,8,8,0,0.924502767,0.3798996382,4.159189189,0.0872742412,0.1867567568,0.3798996382
Zhao'25 MMSE-MW-Safe,8,8,1,0.7675714746,0.5699618165,5.853243243,0.1472658099,0.1702702703,0.9098854496
Zhao'25 MMSE-MW-Safe,8,8,2,0.2938168902,1.557699888,12.91432432,0.3999499713,0.06972972973,23.99969122
Zhao'25 MMSE-MW-Safe,8,8,3,0.223720696,2.021057334,18.34864865,0.3998416131,0.04864864865,23.98269534
Zhao'25 MMSE-MW-Safe,8,8,4,0.8564804989,0.4673466129,4.381621622,0.1115316376,0.1848648649,0.5346932257
Zhao'25 MMSE-MW-Safe,8,8,5,0.95,0.2347890628,3.932972973,0.05292272389,0.1921621622,0.2347890628
Zhao'25 MMSE-MW-Safe,8,8,6,0.4732619221,0.9960890923,8.233783784,0.3373242251,0.1437837838,8.502227309
Zhao'25 MMSE-MW-Safe,8,8,7,0.198994158,2.271318822,23.90675676,0.3996293386,0.03486486486,23.99910349
Zhao'25 MMSE-MW-Safe,8,8,8,0.3554966144,1.304697623,10.11540541,0.4019879162,0.1075675676,23.99989155
Zhao'25 MMSE-MW-Safe,8,8,9,0.365156396,1.272612991,9.258918919,0.4000132184,0.1127027027,23.99844384
Zhao'25 MMSE-MW-Safe,8,8,10,0.95,0.2590903055,3.475135135,0.05763008686,0.1962162162,0.2590903055
Zhao'25 MMSE-MW-Safe,8,8,11,0.8950142286,0.4199186836,4.229189189,0.09817017874,0.1862162162,0.4398373672
Zhao'25 MMSE-MW-Safe,8,9,0,0.3257577326,1.414897118,12.1427027,0.3999952392,0.08594594595,23.9995044
Zhao'25 MMSE-MW-Safe,8,9,1,0.6871221964,0.6652565043,5.576216216,0.1848334288,0.1764864865,0.9305130086
Zhao'25 MMSE-MW-Safe,8,9,2,0.2523803769,1.798374164,19.90837838,0.4000167398,0.04648648649,23.9969037
Zhao'25 MMSE-MW-Safe,8,9,3,0.1963495047,2.302374716,26.34675676,0.4001153899,0.03567567568,23.99949363
Zhao'25 MMSE-MW-Safe,8,9,4,0.5437054116,0.8671448273,7.435135135,0.2753770735,0.1472972973,2.604303446
Zhao'25 MMSE-MW-Safe,8,9,5,0.2493362779,1.819394726,17.81756757,0.4002668397,0.05216216216,23.99928272
Zhao'25 MMSE-MW-Safe,8,9,6,0.95,0.209506079,3.605405405,0.04818639816,0.1981081081,0.209506079
Zhao'25 MMSE-MW-Safe,8,9,7,0.4363495231,1.076896197,7.69,0.3705105023,0.1437837838,12.09101745
Zhao'25 MMSE-MW-Safe,8,9,8,0.95,0.2790122724,3.867837838,0.06462527498,0.1935135135,0.2790122724
Zhao'25 MMSE-MW-Safe,8,9,9,0.6652629851,0.6926602831,6.105945946,0.1952553176,0.1645945946,0.9853205662
Zhao'25 MMSE-MW-Safe,8,9,10,0.95,0.247425482,3.442972973,0.0568409891,0.2010810811,0.247425482
Zhao'25 MMSE-MW-Safe,8,9,11,0.2127973752,2.123503268,24.26108108,0.4000221022,0.03837837838,23.9988499
Zhao'25 MMSE-MW-Safe,8,10,0,0.2210551088,2.045012567,16.93783784,0.3996065096,0.04837837838,23.99991354
Zhao'25 MMSE-MW-Safe,8,10,1,0.5230742899,0.9021077578,8.310540541,0.2562473658,0.1259459459,2.825293094
Zhao'25 MMSE-MW-Safe,8,10,2,0.4621770162,1.019211399,8.45,0.3098953579,0.1316216216,6.345805186
Zhao'25 MMSE-MW-Safe,8,10,3,0.8877431859,0.4291816563,4.29972973,0.0897801627,0.1743243243,0.4875449689
Zhao'25 MMSE-MW-Safe,8,10,4,0.3493760462,1.325898395,9.75027027,0.4042198349,0.1016216216,23.99901476
Zhao'25 MMSE-MW-Safe,8,10,5,0.4491418585,1.047619095,8.341351351,0.3193822538,0.1302702703,6.361905517
Zhao'25 MMSE-MW-Safe,8,10,6,0.5565464418,0.8463561798,7.266216216,0.232633577,0.142972973,1.524493259
Zhao'25 MMSE-MW-Safe,8,10,7,0.34857734,1.328717478,10.98135135,0.4004108077,0.09297297297,23.99712316
Zhao'25 MMSE-MW-Safe,8,10,8,0.2223217792,2.03354937,23.54054054,0.4001145788,0.04054054054,23.99816954
Zhao'25 MMSE-MW-Safe,8,10,9,0.6900300697,0.6616731043,7.23027027,0.1621993258,0.1437837838,1.416731043
Zhao'25 MMSE-MW-Safe,8,10,10,0.2104662511,2.146920017,20.43432432,0.4003715707,0.04162162162,23.99932792
Zhao'25 MMSE-MW-Safe,8,10,11,0.2177243916,2.075867389,41.75594595,0.4005863016,0.03540540541,23.99722662
Zhao'25 MMSE-MW-Safe,8,11,0,0.95,0.3358641596,4.154864865,0.06608354276,0.1708108108,0.3358641596
Zhao'25 MMSE-MW-Safe,8,11,1,0.2935060875,1.559243329,12.54891892,0.3999248429,0.0727027027,23.99964882
Zhao'25 MMSE-MW-Safe,8,11,2,0.6227889451,0.7487311135,6.487837838,0.1851591808,0.1483783784,1.887311135
Zhao'25 MMSE-MW-Safe,8,11,3,0.4312530983,1.088976442,8.945945946,0.3284588405,0.1189189189,11.1133875
Zhao'25 MMSE-MW-Safe,8,11,4,0.6153269509,0.7590395275,7.074054054,0.1881187153,0.1354054054,1.118079055
Zhao'25 MMSE-MW-Safe,8,11,5,0.4183303984,1.120756955,9.638918919,0.3504637288,0.1159459459,10.09816691
Zhao'25 MMSE-MW-Safe,8,11,6,0.9434799305,0.3508668233,4.470540541,0.0694147337,0.1624324324,0.3508668233
Zhao'25 MMSE-MW-Safe,8,11,7,0.4987828682,0.9460759936,9.168648649,0.2774303927,0.1262162162,6.305823847
Zhao'25 MMSE-MW-Safe,8,11,8,0.6260188518,0.7443154627,6.966756757,0.1802450418,0.1435135135,1.665892776
Zhao'25 MMSE-MW-Safe,8,11,9,0.4351735249,1.079661914,8.699459459,0.3227313722,0.1240540541,8.393238288
Zhao'25 MMSE-MW-Safe,8,11,10,0.2492611008,1.819920828,18.77918919,0.4003825821,0.05216216216,23.99879967
Zhao'25 MMSE-MW-Safe,8,11,11,0.2092716103,2.159149808,25.44891892,0.3997344915,0.0372972973,23.99947758
Zhao'25 MMSE-MW-Safe,8,12,0,0.2277146089,1.986329388,19.72135135,0.3994132608,0.04351351351,23.99967826
Zhao'25 MMSE-MW-Safe,8,12,1,0.9318683167,0.369039043,4.394054054,0.06842183338,0.1594594595,0.369039043
Zhao'25 MMSE-MW-Safe,8,12,2,0.4490225566,1.047885528,10.48351351,0.2985057695,0.1110810811,10.29290927
Zhao'25 MMSE-MW-Safe,8,12,3,0.364868936,1.273544601,10.31432432,0.3906684115,0.1035135135,19.91053994
Zhao'25 MMSE-MW-Safe,8,12,4,0.3264467419,1.412123145,11.65216216,0.4049358533,0.09297297297,23.99569272
Zhao'25 MMSE-MW-Safe,8,12,5,0.2532754659,1.792296255,16.83972973,0.3996336243,0.05243243243,23.99940524
Zhao'25 MMSE-MW-Safe,8,12,6,0.5108922966,0.9237509324,7.798918919,0.2349323317,0.1232432432,2.066256527
Zhao'25 MMSE-MW-Safe,8,12,7,0.7249468559,0.6195927545,5.418108108,0.1292771909,0.1451351351,0.6195927545
Zhao'25 MMSE-MW-Safe,8,12,8,0.885090931,0.4325165816,5.275675676,0.08334711424,0.1483783784,0.4650331633
Zhao'25 MMSE-MW-Safe,8,12,9,0.3371942215,1.370290719,10.80108108,0.4014581457,0.09297297297,23.99983934
Zhao'25 MMSE-MW-Safe,8,12,10,0.4510893652,1.043286736,9.148918919,0.2780218167,0.1067567568,5.406014307
Zhao'25 MMSE-MW-Safe,8,12,11,0.3770521179,1.235229773,9.895945946,0.3668966271,0.1021621622,19.70350159
Zhao'25 MMSE-MW-Safe,8,13,0,0.931036637,0.3702883284,4.668378378,0.08286452323,0.1778378378,0.3702883284
Zhao'25 MMSE-MW-Safe,8,13,1,0.7159624459,0.6302691506,6.021081081,0.161825863,0.1591891892,0.8605383013
Zhao'25 MMSE-MW-Safe,8,13,2,0.6775674106,0.6771299559,6.397027027,0.1797139504,0.1621621622,1.231389868
Zhao'25 MMSE-MW-Safe,8,13,3,0.3509019354,1.320546841,10.41135135,0.4047297616,0.1008108108,23.9997582
Zhao'25 MMSE-MW-Safe,8,13,4,0.95,0.2764601871,4.047027027,0.0599993325,0.1821621622,0.2764601871
Zhao'25 MMSE-MW-Safe,8,13,5,0.7562371291,0.5830294735,5.021891892,0.1427634332,0.1705405405,0.766058947
Zhao'25 MMSE-MW-Safe,8,13,6,0.2357345475,1.920506701,21.23567568,0.400192072,0.04594594595,23.99966944
Zhao'25 MMSE-MW-Safe,8,13,7,0.5713184825,0.8232731646,7.035135135,0.2360791426,0.1478378378,2.418916963
Zhao'25 MMSE-MW-Safe,8,13,8,0.95,0.2265612916,3.702702703,0.04916992355,0.1867567568,0.2265612916
Zhao'25 MMSE-MW-Safe,8,13,9,0.8385292043,0.488449848,4.503783784,0.1137956132,0.18,0.5768996961
Zhao'25 MMSE-MW-Safe,8,13,10,0.9458583108,0.3469497415,3.702972973,0.07510993052,0.1864864865,0.3469497415
Zhao'25 MMSE-MW-Safe,8,13,11,0.3749843981,1.241568686,9.140810811,0.4023353661,0.1205405405,23.99924108
Zhao'25 MMSE-MW-Safe,8,14,0,0.3969158517,1.177446822,9.524594595,0.3656449725,0.1118918919,9.481276898
Zhao'25 MMSE-MW-Safe,8,14,1,0.64914127,0.7134614509,7.187027027,0.1720020579,0.1386486486,1.340384353
Zhao'25 MMSE-MW-Safe,8,14,2,0.685168137,0.6676722331,7.428648649,0.1564518449,0.1348648649,0.9353444662
Zhao'25 MMSE-MW-Safe,8,14,3,0.2123384503,2.128067317,24.52081081,0.3997315635,0.03837837838,23.9997275
Zhao'25 MMSE-MW-Safe,8,14,4,0.8391928019,0.4876767217,5.248378378,0.1009622619,0.1564864865,0.5753534435
Zhao'25 MMSE-MW-Safe,8,14,5,0.2547057577,1.782678959,16.46513514,0.399898253,0.05810810811,23.99836267
Zhao'25 MMSE-MW-Safe,8,14,6,0.6450583303,0.7188179662,7.521081081,0.1744590631,0.1318918919,1.037635932
Zhao'25 MMSE-MW-Safe,8,14,7,0.3536782427,1.310923092,11.78,0.4053232479,0.09864864865,23.99262314
Zhao'25 MMSE-MW-Safe,8,14,8,0.3495021855,1.325454306,10.68675676,0.3997856773,0.1016216216,23.99795929
Zhao'25 MMSE-MW-Safe,8,14,9,0.2638904463,1.723560971,14.39864865,0.4001456416,0.06540540541,23.99858093
Zhao'25 MMSE-MW-Safe,8,14,10,0.8142278578,0.5165166625,5.307027027,0.1090268955,0.1535135135,0.5165166625
Zhao'25 MMSE-MW-Safe,8,14,11,0.4332858251,1.084128614,9.212702703,0.3231875301,0.1189189189,9.334958127
Zhao'25 MMSE-MW-Safe,8,15,0,0.95,0.2609434761,3.422702703,0.05677283736,0.1943243243,0.2609434761
Zhao'25 MMSE-MW-Safe,8,15,1,0.6682774533,0.6888292002,5.736486486,0.1820743129,0.1694594595,1.266487601
Zhao'25 MMSE-MW-Safe,8,15,2,0.3936552323,1.186565108,9.460810811,0.4027907501,0.1254054054,23.99654772
Zhao'25 MMSE-MW-Safe,8,15,3,0.8783623152,0.4408835581,4.432972973,0.1017606915,0.1851351351,0.5226506742
Zhao'25 MMSE-MW-Safe,8,15,4,0.2542081145,1.786011998,18.67675676,0.4001632288,0.05054054054,23.99977868
Zhao'25 MMSE-MW-Safe,8,15,5,0.6112416568,0.7647485898,6.231081081,0.2116493394,0.16,1.494245769
Zhao'25 MMSE-MW-Safe,8,15,6,0.1961261937,2.305041448,32.51540541,0.3999558404,0.03189189189,23.99896785
Zhao'25 MMSE-MW-Safe,8,15,7,0.2603661895,1.74572184,16.88135135,0.400100573,0.05783783784,23.99940721
Zhao'25 MMSE-MW-Safe,8,15,8,0.4858854259,0.9708198352,7.169189189,0.298855079,0.1472972973,5.303937199
Zhao'25 MMSE-MW-Safe,8,15,9,0.9440218225,0.349980936,3.843783784,0.07652285872,0.1862162162,0.349980936
Zhao'25 MMSE-MW-Safe,8,15,10,0.777121657,0.5589976316,5.325945946,0.1364256382,0.1691891892,0.8769928948
Zhao'25 MMSE-MW-Safe,8,15,11,0.6438927182,0.7203540735,6.994324324,0.1972212639,0.1513513514,1.040708147
Zhao'25 MMSE-MW-Safe,8,16,0,0.3932789834,1.187626136,9.417027027,0.4050768064,0.1189189189,23.99894078
Zhao'25 MMSE-MW-Safe,8,16,1,0.7735119064,0.5631378354,5.697567568,0.1493076261,0.1767567568,0.7262756708
Zhao'25 MMSE-MW-Safe,8,16,2,0.901603995,0.4113518347,4.148108108,0.09783503096,0.1927027027,0.4227036694
Zhao'25 MMSE-MW-Safe,8,16,3,0.8416273572,0.4848363331,4.254864865,0.1195056043,0.1902702703,0.5696726663
Zhao'25 MMSE-MW-Safe,8,16,4,0.2260479039,2.00065631,17.05648649,0.400131262,0.05108108108,23.99969286
Zhao'25 MMSE-MW-Safe,8,16,5,0.7045979448,0.6439160289,4.828108108,0.1724650769,0.1827027027,1.463496173
Zhao'25 MMSE-MW-Safe,8,16,6,0.6624829137,0.6962092138,5.900540541,0.1962557324,0.1727027027,0.9924184276
Zhao'25 MMSE-MW-Safe,8,16,7,0.1982197585,2.280313362,24.91837838,0.4005955906,0.03513513514,23.99979694
Zhao'25 MMSE-MW-Safe,8,16,8,0.7522839954,0.5876051337,5.027837838,0.1542066445,0.1845945946,1.150420535
Zhao'25 MMSE-MW-Safe,8,16,9,0.3841282698,1.214015836,8.381891892,0.4042344621,0.1302702703,23.99987506
Zhao'25 MMSE-MW-Safe,8,16,10,0.2247729528,2.011774821,24.15432432,0.4001800724,0.04108108108,23.99613493
Zhao'25 MMSE-MW-Safe,8,16,11,0.2144342016,2.107404393,22.40783784,0.3998372659,0.04,23.99967442
Zhao'25 MMSE-MW-Safe,8,17,0,0.6058267012,0.772389876,5.955945946,0.2271243743,0.167027027,1.517169628
Zhao'25 MMSE-MW-Safe,8,17,1,0.4606290406,1.022513998,7.117027027,0.349036535,0.1486486486,6.182737968
Zhao'25 MMSE-MW-Safe,8,17,2,0.8627452041,0.4598691245,4.112702703,0.1132272358,0.1937837838,0.5197382491
Zhao'25 MMSE-MW-Safe,8,17,3,0.95,0.2139841101,3.56,0.04938984596,0.1983783784,0.2139841101
Zhao'25 MMSE-MW-Safe,8,17,4,0.8920394043,0.4237308779,4.122702703,0.103871326,0.1972972973,0.4474617559
Zhao'25 MMSE-MW-Safe,8,17,5,0.9329954481,0.3673358894,3.902162162,0.0859764541,0.1962162162,0.3673358894
Zhao'25 MMSE-MW-Safe,8,17,6,0.2434414901,1.861711545,20.73108108,0.4000163995,0.04405405405,23.99944623
Zhao'25 MMSE-MW-Safe,8,17,7,0.2237143759,2.021113381,25.15486486,0.3998527013,0.03864864865,23.99966294
Zhao'25 MMSE-MW-Safe,8,17,8,0.7874097494,0.5472165522,5.023783784,0.1430157854,0.1845945946,0.8416496567
Zhao'25 MMSE-MW-Safe,8,17,9,0.2072792387,2.179902851,24.58513514,0.4000416314,0.03864864865,23.99969594
Zhao'25 MMSE-MW-Safe,8,17,10,0.95,0.241873434,3.637027027,0.05536940503,0.1964864865,0.241873434
Zhao'25 MMSE-MW-Safe,8,17,11,0.5223938409,0.9032962107,6.846486486,0.2907637262,0.1575675676,2.839554529
Zhao'25 MMSE-MW-Safe,8,18,0,0.95,0.2641897105,3.627837838,0.06233449114,0.2013513514,0.2641897105
Zhao'25 MMSE-MW-Safe,8,18,1,0.2298402862,1.968390267,19.29513514,0.4000620219,0.04837837838,23.99962611
Zhao'25 MMSE-MW-Safe,8,18,2,0.2514208534,1.804941085,16.40162162,0.4000139701,0.05162162162,23.99969413
Zhao'25 MMSE-MW-Safe,8,18,3,0.95,0.3377909827,3.594054054,0.08043077183,0.2048648649,0.3377909827
Zhao'25 MMSE-MW-Safe,8,18,4,0.8064515181,0.5254308787,4.498648649,0.135191945,0.1908108108,0.6508617574
Zhao'25 MMSE-MW-Safe,8,18,5,0.2889292384,1.582364629,12.92189189,0.4002954845,0.06891891892,23.99994982
Zhao'25 MMSE-MW-Safe,8,18,6,0.86964094,0.451552802,4.414864865,0.1131322831,0.1921621622,0.503105604
Zhao'25 MMSE-MW-Safe,8,18,7,0.95,0.2372894534,3.601891892,0.05617988139,0.2035135135,0.2372894534
Zhao'25 MMSE-MW-Safe,8,18,8,0.4229897239,1.10910177,8.682972973,0.4025739669,0.1381081081,23.98741168
Zhao'25 MMSE-MW-Safe,8,18,9,0.9113191376,0.3983676074,3.747567568,0.0972232296,0.2059459459,0.3983676074
Zhao'25 MMSE-MW-Safe,8,18,10,0.93510967,0.3641087485,4.099459459,0.0874845074,0.1972972973,0.3641087485
Zhao'25 MMSE-MW-Safe,8,18,11,0.8418183031,0.4846132827,4.765945946,0.1241657816,0.1962162162,0.5692265654
Zhao'25 MMSE-MW-Safe,8,19,0,0.8339118425,0.4938172966,5.274324324,0.09729535384,0.1486486486,0.4938172966
Zhao'25 MMSE-MW-Safe,8,19,1,0.4218873338,1.111838862,9.148918919,0.3197287971,0.1164864865,12.86700473
Zhao'25 MMSE-MW-Safe,8,19,2,0.3658373363,1.270411673,10.05702703,0.3897073645,0.1018918919,23.63893695
Zhao'25 MMSE-MW-Safe,8,19,3,0.3670076204,1.266646367,9.487837838,0.3841019525,0.1056756757,13.46536752
Zhao'25 MMSE-MW-Safe,8,19,4,0.481511622,0.9794527448,8.237567568,0.2557165815,0.1172972973,5.230149407
Zhao'25 MMSE-MW-Safe,8,19,5,0.1930715746,2.342239302,29.98,0.4000797943,0.0327027027,23.99903627
Zhao'25 MMSE-MW-Safe,8,19,6,0.2120595117,2.1308523,25.06108108,0.3996787827,0.03810810811,23.99973332
Zhao'25 MMSE-MW-Safe,8,19,7,0.3057773787,1.500722279,13.71486486,0.3999222073,0.07486486486,23.9997457
Zhao'25 MMSE-MW-Safe,8,19,8,0.5446939528,0.8655191693,7.62,0.2154440959,0.1275675676,1.593115016
Zhao'25 MMSE-MW-Safe,8,19,9,0.4653449839,1.012509865,8.286216216,0.270367499,0.1186486486,3.350118376
Zhao'25 MMSE-MW-Safe,8,19,10,0.3623629999,1.281724896,10.73891892,0.3969883056,0.09513513514,23.38152936
Zhao'25 MMSE-MW-Safe,8,19,11,0.8770434254,0.4425090154,4.646216216,0.08575107137,0.1594594595,0.4850180308
Zhu'26-style Aggregate-DPP,2,0,0,0.95,0.3369544871,5.263243243,0.07576922521,0.1856756757,0.3369544871
Zhu'26-style Aggregate-DPP,2,0,1,0.2315765095,1.95400716,18.17351351,0.5001202108,0.05162162162,461.9332956
Zhu'26-style Aggregate-DPP,2,0,2,0.95,0.2191119648,5.684864865,0.0508695075,0.1818918919,0.2191119648
Zhu'26-style Aggregate-DPP,2,0,3,0.8081176242,0.5235225351,6.893513514,0.1245134678,0.1667567568,1.264657746
Zhu'26-style Aggregate-DPP,2,0,4,0.6281327393,0.7414402559,10.39432432,0.1895682384,0.1224324324,8.984647934
Zhu'26-style Aggregate-DPP,2,0,5,0.795200025,0.5383055036,6.95027027,0.1380680873,0.1672972973,2.242721079
Zhu'26-style Aggregate-DPP,2,0,6,0.3394136806,1.361973486,13.44675676,0.4104325506,0.0827027027,80.27602017
Zhu'26-style Aggregate-DPP,2,0,7,0.9476946562,0.3438720469,5.599189189,0.07462952801,0.1767567568,0.3438720469
Zhu'26-style Aggregate-DPP,2,0,8,0.5005847781,0.9427001774,12.03189189,0.2512168581,0.09702702703,14.79560497
Zhu'26-style Aggregate-DPP,2,0,9,0.95,0.2738400263,5.020810811,0.05587816752,0.1797297297,0.2738400263
Zhu'26-style Aggregate-DPP,2,0,10,0.23436609,1.931388168,15.76108108,0.4985069461,0.06108108108,391.880122
Zhu'26-style Aggregate-DPP,2,0,11,0.2528380647,1.795260579,14.87594595,0.520625568,0.07054054054,475.1923208
Zhu'26-style Aggregate-DPP,2,1,0,0.5605092249,0.8400796556,10.25702703,0.2252321671,0.112972973,8.841672768
Zhu'26-style Aggregate-DPP,2,1,1,0.2181252996,2.072097608,19.72648649,0.5404254573,0.05432432432,588.6210247
Zhu'26-style Aggregate-DPP,2,1,2,0.2316669551,1.953264399,17.53378378,0.4730067301,0.05108108108,321.2534092
Zhu'26-style Aggregate-DPP,2,1,3,0.3707979081,1.254604531,13.6172973,0.3387432233,0.08486486486,41.78548091
Zhu'26-style Aggregate-DPP,2,1,4,0.95,0.2976063768,5.116756757,0.06418645639,0.1843243243,0.2976063768
Zhu'26-style Aggregate-DPP,2,1,5,0.95,0.2276934429,4.657297297,0.05249256941,0.2013513514,0.2276934429
Zhu'26-style Aggregate-DPP,2,1,6,0.2020086086,2.237061952,20.40810811,0.593123723,0.04567567568,812.1157224
Zhu'26-style Aggregate-DPP,2,1,7,0.95,0.2579608484,5.257567568,0.05431121646,0.1816216216,0.2579608484
Zhu'26-style Aggregate-DPP,2,1,8,0.325972712,1.414030367,14.26351351,0.3898137768,0.07648648649,50.75710162
Zhu'26-style Aggregate-DPP,2,1,9,0.8362721814,0.4910760745,7.098648649,0.116929195,0.1632432432,1.128608596
Zhu'26-style Aggregate-DPP,2,1,10,0.2993435181,1.530799061,14.13486486,0.3984214852,0.07243243243,68.28859027
Zhu'26-style Aggregate-DPP,2,1,11,0.2334007936,1.939147999,18.1272973,0.5099435143,0.05945945946,410.3918107
Zhu'26-style Aggregate-DPP,2,2,0,0.2983974043,1.535332493,14.78837838,0.4327977811,0.07027027027,143.3272738
Zhu'26-style Aggregate-DPP,2,2,1,0.4720337023,0.9986066978,9.979189189,0.2472226311,0.1110810811,10.97074065
Zhu'26-style Aggregate-DPP,2,2,2,0.7619171253,0.5764720931,7.375945946,0.133523401,0.1497297297,2.647081397
Zhu'26-style Aggregate-DPP,2,2,3,0.95,0.328976203,5.397567568,0.07281932709,0.1810810811,0.328976203
Zhu'26-style Aggregate-DPP,2,2,4,0.6042558466,0.7746227687,10.54,0.2005644898,0.1127027027,7.143209836
Zhu'26-style Aggregate-DPP,2,2,5,0.7527600943,0.5870535051,7.399189189,0.1410515043,0.1443243243,1.954016597
Zhu'26-style Aggregate-DPP,2,2,6,0.6803453125,0.6736618433,7.791351351,0.1547601532,0.1386486486,4.14689871
Zhu'26-style Aggregate-DPP,2,2,7,0.2438339011,1.858825842,17.40405405,0.5008782066,0.05567567568,402.1200499
Zhu'26-style Aggregate-DPP,2,2,8,0.7053294905,0.6430324214,8.181621622,0.1569346693,0.1402702703,3.346713271
Zhu'26-style Aggregate-DPP,2,2,9,0.1925045361,2.34929577,18.69432432,0.6203410722,0.05162162162,852.8225304
Zhu'26-style Aggregate-DPP,2,2,10,0.95,0.2710575607,5.271621622,0.05926636935,0.1851351351,0.2710575607
Zhu'26-style Aggregate-DPP,2,2,11,0.2931742638,1.560894842,15.09297297,0.4564562753,0.06891891892,229.480433
Zhu'26-style Aggregate-DPP,2,3,0,0.2469621281,1.836175919,14.74351351,0.4699617824,0.06594594595,294.1076966
Zhu'26-style Aggregate-DPP,2,3,1,0.8215561338,0.5080937316,6.879189189,0.1152136867,0.1562162162,1.480937316
Zhu'26-style Aggregate-DPP,2,3,2,0.8932287906,0.4222105672,6.043243243,0.0909464384,0.1764864865,0.4666317017
Zhu'26-style Aggregate-DPP,2,3,3,0.3220866759,1.429873819,12.81378378,0.4158227647,0.08486486486,98.00943377
Zhu'26-style Aggregate-DPP,2,3,4,0.225348274,2.006740312,16.38972973,0.5006003534,0.05864864865,431.2211953
Zhu'26-style Aggregate-DPP,2,3,5,0.2465631425,1.839030251,19.22783784,0.4662190203,0.05405405405,289.1669766
Zhu'26-style Aggregate-DPP,2,3,6,0.4834834838,0.9755450403,11.50675676,0.2488958157,0.1043243243,17.24625657
Zhu'26-style Aggregate-DPP,2,3,7,0.2778755806,1.641436133,16.52648649,0.4334278653,0.06756756757,159.1206528
Zhu'26-style Aggregate-DPP,2,3,8,0.2645088005,1.719737046,18.07135135,0.4462020443,0.05918918919,219.8923127
Zhu'26-style Aggregate-DPP,2,3,9,0.3014458345,1.520828652,16.83378378,0.4303534051,0.06432432432,164.0000987
Zhu'26-style Aggregate-DPP,2,3,10,0.9387067142,0.3585144156,5.463513514,0.07286563258,0.1686486486,0.3585144156
Zhu'26-style Aggregate-DPP,2,3,11,0.2969367479,1.542388958,18.25540541,0.3751756926,0.05972972973,44.59353068
Zhu'26-style Aggregate-DPP,2,4,0,0.662118963,0.6966749552,8.972432432,0.1672019892,0.1232432432,7.313548835
Zhu'26-style Aggregate-DPP,2,4,1,0.6741961796,0.6813572012,8.468108108,0.1585536622,0.1316216216,6.589858426
Zhu'26-style Aggregate-DPP,2,4,2,0.3640876,1.27608378,13.70243243,0.3076396573,0.07918918919,25.8606917
Zhu'26-style Aggregate-DPP,2,4,3,0.2460798207,1.842501298,15.39648649,0.4700868176,0.06351351351,263.8912303
Zhu'26-style Aggregate-DPP,2,4,4,0.2372011855,1.908996959,19.26,0.4808608556,0.04972972973,354.3049225
Zhu'26-style Aggregate-DPP,2,4,5,0.4128728207,1.13470463,12.26135135,0.3174106196,0.09081081081,20.57172965
Zhu'26-style Aggregate-DPP,2,4,6,0.5024050881,0.9393093506,11.03783784,0.2378737464,0.09810810811,10.66480571
Zhu'26-style Aggregate-DPP,2,4,7,0.4159209977,1.126874486,12.58918919,0.2762365295,0.08432432432,24.26621815
Zhu'26-style Aggregate-DPP,2,4,8,0.2309431598,1.959226317,16.84756757,0.5189302137,0.05918918919,513.8245383
Zhu'26-style Aggregate-DPP,2,4,9,0.4380235493,1.072981387,14.07486486,0.276365206,0.08513513514,17.55434856
Zhu'26-style Aggregate-DPP,2,4,10,0.7287104513,0.6151471375,8.418378378,0.1434789134,0.1351351351,2.151471375
Zhu'26-style Aggregate-DPP,2,4,11,0.5641011845,0.8344446437,9.746486486,0.2047772261,0.1132432432,6.951114299
Zhu'26-style Aggregate-DPP,2,5,0,0.9411489522,0.3546353857,5.528378378,0.07571944721,0.1808108108,0.3546353857
Zhu'26-style Aggregate-DPP,2,5,1,0.4821824971,0.9781203331,11.05054054,0.2543112866,0.102972973,12.32789632
Zhu'26-style Aggregate-DPP,2,5,2,0.3825098869,1.218803669,12.13351351,0.3303946163,0.08783783784,26.70429353
Zhu'26-style Aggregate-DPP,2,5,3,0.7544254172,0.5851252029,7.823513514,0.1391649131,0.1505405405,2.59175284
Zhu'26-style Aggregate-DPP,2,5,4,0.3523107703,1.315645181,13.23459459,0.351668401,0.08297297297,45.27468013
Zhu'26-style Aggregate-DPP,2,5,5,0.8677360717,0.4538598372,6.779189189,0.1010758124,0.1572972973,0.9385983724
Zhu'26-style Aggregate-DPP,2,5,6,0.95,0.2241414152,5.213513514,0.04973516268,0.1827027027,0.2241414152
Zhu'26-style Aggregate-DPP,2,5,7,0.2189202535,2.064668323,16.78513514,0.5144930253,0.05702702703,451.5115649
Zhu'26-style Aggregate-DPP,2,5,8,0.8265150398,0.5023771293,7.115405405,0.1217925094,0.16,1.526148422
Zhu'26-style Aggregate-DPP,2,5,9,0.3376263363,1.368663091,13.01891892,0.3972822055,0.08432432432,91.92427506
Zhu'26-style Aggregate-DPP,2,5,10,0.2625732011,1.731770293,17.09945946,0.4296662511,0.05675675676,175.1653364
Zhu'26-style Aggregate-DPP,2,5,11,0.2699141276,1.687095206,16.48,0.4650911107,0.06675675676,260.8855392
Zhu'26-style Aggregate-DPP,2,6,0,0.6600953202,0.6992694381,8.617567568,0.1869128309,0.1308108108,6.382466515
Zhu'26-style Aggregate-DPP,2,6,1,0.4082536129,1.146768836,13.34675676,0.3207853367,0.08486486486,17.01598975
Zhu'26-style Aggregate-DPP,2,6,2,0.95,0.2551559305,4.779189189,0.05696183746,0.1935135135,0.2551559305
Zhu'26-style Aggregate-DPP,2,6,3,0.8542797728,0.4699577518,6.160810811,0.1144410633,0.1754054054,0.8897042624
Zhu'26-style Aggregate-DPP,2,6,4,0.5796663152,0.8105930222,9.694864865,0.2081252354,0.1183783784,7.3906744
Zhu'26-style Aggregate-DPP,2,6,5,0.95,0.2156180293,4.743513514,0.04912594559,0.1921621622,0.2156180293
Zhu'26-style Aggregate-DPP,2,6,6,0.7238759829,0.6208604762,8.784054054,0.1412877084,0.1283783784,3.050325715
Zhu'26-style Aggregate-DPP,2,6,7,0.298421524,1.535216558,14.7072973,0.4082846198,0.06891891892,78.31562296
Zhu'26-style Aggregate-DPP,2,6,8,0.95,0.2628816135,4.482162162,0.05897074032,0.1959459459,0.2628816135
Zhu'26-style Aggregate-DPP,2,6,9,0.3698913443,1.257463669,15.22108108,0.357527508,0.07783783784,36.01347409
Zhu'26-style Aggregate-DPP,2,6,10,0.95,0.2571157349,4.949189189,0.05969254493,0.1927027027,0.2571157349
Zhu'26-style Aggregate-DPP,2,6,11,0.5870736138,0.7995478023,9.430540541,0.2137169666,0.1327027027,8.788242861
Zhu'26-style Aggregate-DPP,2,7,0,0.95,0.2129344738,5.462702703,0.04805413125,0.1872972973,0.2129344738
Zhu'26-style Aggregate-DPP,2,7,1,0.8194645516,0.5105004868,5.844864865,0.1182429506,0.1716216216,1.615505355
Zhu'26-style Aggregate-DPP,2,7,2,0.5139536145,0.9182376412,11.24243243,0.26777795,0.11,9.728277542
Zhu'26-style Aggregate-DPP,2,7,3,0.1957148488,2.309972111,16.68702703,0.599968432,0.05459459459,838.3106046
Zhu'26-style Aggregate-DPP,2,7,4,0.2668165055,1.705631049,15.08378378,0.4494568305,0.06864864865,212.8155147
Zhu'26-style Aggregate-DPP,2,7,5,0.95,0.2143947682,5.436486486,0.04826779511,0.1862162162,0.2143947682
Zhu'26-style Aggregate-DPP,2,7,6,0.9166527097,0.3910280632,5.678108108,0.09342400214,0.1851351351,0.3910280632
Zhu'26-style Aggregate-DPP,2,7,7,0.2817874583,1.619983796,15.2927027,0.4658547998,0.07108108108,287.7017545
Zhu'26-style Aggregate-DPP,2,7,8,0.4060368001,1.152645744,11.44081081,0.3174448684,0.09567567568,24.0322872
Zhu'26-style Aggregate-DPP,2,7,9,0.95,0.2643493157,5.070540541,0.06072889684,0.1897297297,0.2643493157
Zhu'26-style Aggregate-DPP,2,7,10,0.95,0.2202876177,4.772702703,0.0514401356,0.2002702703,0.2202876177
Zhu'26-style Aggregate-DPP,2,7,11,0.8957240492,0.4190042049,5.50027027,0.09954180977,0.1843243243,0.5330294346
Zhu'26-style Aggregate-DPP,2,8,0,0.924502767,0.3798996382,5.224864865,0.08655551216,0.1854054054,0.3798996382
Zhu'26-style Aggregate-DPP,2,8,1,0.7675714746,0.5699618165,7.258648649,0.1461875038,0.1564864865,2.379465432
Zhu'26-style Aggregate-DPP,2,8,2,0.2938168902,1.557699888,13.86486486,0.4083699707,0.06756756757,93.42308653
Zhu'26-style Aggregate-DPP,2,8,3,0.223720696,2.021057334,16.66567568,0.5161889678,0.06162162162,503.2258822
Zhu'26-style Aggregate-DPP,2,8,4,0.8564804989,0.4673466129,6.471081081,0.1040793538,0.1651351351,0.9387729028
Zhu'26-style Aggregate-DPP,2,8,5,0.95,0.2347890628,4.904324324,0.0530496369,0.1878378378,0.2347890628
Zhu'26-style Aggregate-DPP,2,8,6,0.4732619221,0.9960890923,11.49,0.2646366426,0.1059459459,15.67876186
Zhu'26-style Aggregate-DPP,2,8,7,0.198994158,2.271318822,16.11162162,0.6353554001,0.05567567568,919.8212544
Zhu'26-style Aggregate-DPP,2,8,8,0.3554966144,1.304697623,12.48837838,0.3550893259,0.08621621622,29.40664117
Zhu'26-style Aggregate-DPP,2,8,9,0.365156396,1.272612991,13.68918919,0.3353507205,0.08,28.71858728
Zhu'26-style Aggregate-DPP,2,8,10,0.95,0.2590903055,4.985135135,0.05861042856,0.1935135135,0.2590903055
Zhu'26-style Aggregate-DPP,2,8,11,0.8950142286,0.4199186836,5.27027027,0.1016884164,0.1872972973,0.5195121017
Zhu'26-style Aggregate-DPP,2,9,0,0.3257577326,1.414897118,14.98621622,0.382787031,0.06945945946,59.2069956
Zhu'26-style Aggregate-DPP,2,9,1,0.6871221964,0.6652565043,8.663243243,0.1555261828,0.13,5.831412607
Zhu'26-style Aggregate-DPP,2,9,2,0.2523803769,1.798374164,15.82243243,0.4636889061,0.0572972973,312.3383736
Zhu'26-style Aggregate-DPP,2,9,3,0.1963495047,2.302374716,22.18,0.5905280015,0.04918918919,794.060206
Zhu'26-style Aggregate-DPP,2,9,4,0.5437054116,0.8671448273,11.72378378,0.2214734762,0.09621621622,11.61147586
Zhu'26-style Aggregate-DPP,2,9,5,0.2493362779,1.819394726,17.99459459,0.520248546,0.05621621622,464.4699618
Zhu'26-style Aggregate-DPP,2,9,6,0.95,0.209506079,4.787837838,0.04518536514,0.1862162162,0.209506079
Zhu'26-style Aggregate-DPP,2,9,7,0.4363495231,1.076896197,11.24378378,0.2843588066,0.09378378378,22.24480984
Zhu'26-style Aggregate-DPP,2,9,8,0.95,0.2790122724,5.403783784,0.06017616037,0.1805405405,0.2790122724
Zhu'26-style Aggregate-DPP,2,9,9,0.6652629851,0.6926602831,8.278108108,0.1793428517,0.1340540541,5.267885095
Zhu'26-style Aggregate-DPP,2,9,10,0.95,0.247425482,5.097027027,0.05262806873,0.1832432432,0.247425482
Zhu'26-style Aggregate-DPP,2,9,11,0.2127973752,2.123503268,17.41054054,0.5796590003,0.05243243243,727.3190069
Zhu'26-style Aggregate-DPP,2,10,0,0.2210551088,2.045012567,14.52648649,0.513463966,0.06405405405,484.9072022
Zhu'26-style Aggregate-DPP,2,10,1,0.5230742899,0.9021077578,13.23594595,0.226746004,0.08945945946,7.735831883
Zhu'26-style Aggregate-DPP,2,10,2,0.4621770162,1.019211399,12.67513514,0.2523236869,0.09432432432,16.30293576
Zhu'26-style Aggregate-DPP,2,10,3,0.8877431859,0.4291816563,6.114324324,0.09105610816,0.1735135135,0.4875449689
Zhu'26-style Aggregate-DPP,2,10,4,0.3493760462,1.325898395,16.14027027,0.3225158257,0.07189189189,27.52366835
Zhu'26-style Aggregate-DPP,2,10,5,0.4491418585,1.047619095,11.72162162,0.2876705406,0.09783783784,20.70476379
Zhu'26-style Aggregate-DPP,2,10,6,0.5565464418,0.8463561798,10.15513514,0.2017530137,0.1108108108,5.848986518
Zhu'26-style Aggregate-DPP,2,10,7,0.34857734,1.328717478,14.33621622,0.3454665444,0.07513513514,25.9250934
Zhu'26-style Aggregate-DPP,2,10,8,0.2223217792,2.03354937,16.84702703,0.5353181315,0.05621621622,561.6577957
Zhu'26-style Aggregate-DPP,2,10,9,0.6900300697,0.6616731043,8.196756757,0.158801545,0.1375675676,3.510115878
Zhu'26-style Aggregate-DPP,2,10,10,0.2104662511,2.146920017,18.73756757,0.5645819396,0.04783783784,680.7314176
Zhu'26-style Aggregate-DPP,2,10,11,0.2177243916,2.075867389,19.84648649,0.5301877521,0.04972972973,537.7156544
Zhu'26-style Aggregate-DPP,2,11,0,0.95,0.3358641596,5.403783784,0.07252850366,0.1805405405,0.3358641596
Zhu'26-style Aggregate-DPP,2,11,1,0.2935060875,1.559243329,14.57027027,0.4121459393,0.07027027027,97.15820749
Zhu'26-style Aggregate-DPP,2,11,2,0.6227889451,0.7487311135,8.921081081,0.1853615405,0.1383783784,6.225891157
Zhu'26-style Aggregate-DPP,2,11,3,0.4312530983,1.088976442,11.97243243,0.3116827169,0.09135135135,23.00393991
Zhu'26-style Aggregate-DPP,2,11,4,0.6153269509,0.7590395275,9.880540541,0.1764254037,0.1181081081,7.939830077
Zhu'26-style Aggregate-DPP,2,11,5,0.4183303984,1.120756955,14.48945946,0.3032101923,0.07891891892,18.74346559
Zhu'26-style Aggregate-DPP,2,11,6,0.9434799305,0.3508668233,5.307837838,0.07889762082,0.1818918919,0.3508668233
Zhu'26-style Aggregate-DPP,2,11,7,0.4987828682,0.9460759936,12.76297297,0.2444455811,0.09540540541,13.65189984
Zhu'26-style Aggregate-DPP,2,11,8,0.6260188518,0.7443154627,10.49972973,0.1669680633,0.1167567568,8.273779344
Zhu'26-style Aggregate-DPP,2,11,9,0.4351735249,1.079661914,12.60810811,0.2900497143,0.09567567568,19.18985743
Zhu'26-style Aggregate-DPP,2,11,10,0.2492611008,1.819920828,17.30351351,0.486951789,0.05891891892,344.5758397
Zhu'26-style Aggregate-DPP,2,11,11,0.2092716103,2.159149808,20.65594595,0.5164452919,0.05027027027,470.1514673
Zhu'26-style Aggregate-DPP,2,12,0,0.2277146089,1.986329388,15.54918919,0.5078561084,0.05972972973,430.0488715
Zhu'26-style Aggregate-DPP,2,12,1,0.9318683167,0.369039043,5.368378378,0.07789716016,0.1778378378,0.369039043
Zhu'26-style Aggregate-DPP,2,12,2,0.4490225566,1.047885528,12.49810811,0.3019043171,0.09648648649,33.88158959
Zhu'26-style Aggregate-DPP,2,12,3,0.364868936,1.273544601,14.10324324,0.3442012436,0.07810810811,28.56875589
Zhu'26-style Aggregate-DPP,2,12,4,0.3264467419,1.412123145,14.28675676,0.3625721589,0.07405405405,55.06696436
Zhu'26-style Aggregate-DPP,2,12,5,0.2532754659,1.792296255,18.01297297,0.4722942833,0.05459459459,318.2032149
Zhu'26-style Aggregate-DPP,2,12,6,0.5108922966,0.9237509324,10.67297297,0.2276921217,0.1067567568,9.427516783
Zhu'26-style Aggregate-DPP,2,12,7,0.7249468559,0.6195927545,7.309189189,0.137650066,0.1394594595,1.874298563
Zhu'26-style Aggregate-DPP,2,12,8,0.885090931,0.4325165816,6.313513514,0.09819295367,0.167027027,0.7251658164
Zhu'26-style Aggregate-DPP,2,12,9,0.3371942215,1.370290719,15.16027027,0.3470168658,0.07135135135,28.55802456
Zhu'26-style Aggregate-DPP,2,12,10,0.4510893652,1.043286736,12.85675676,0.2602577453,0.09108108108,14.39559493
Zhu'26-style Aggregate-DPP,2,12,11,0.3770521179,1.235229773,12.33621622,0.3164858985,0.08459459459,24.96148863
Zhu'26-style Aggregate-DPP,2,13,0,0.931036637,0.3702883284,6.190540541,0.08546654932,0.1691891892,0.3702883284
Zhu'26-style Aggregate-DPP,2,13,1,0.7159624459,0.6302691506,8.195135135,0.1654030663,0.1448648649,2.532960657
Zhu'26-style Aggregate-DPP,2,13,2,0.6775674106,0.6771299559,8.836216216,0.1592170437,0.1348648649,4.556949338
Zhu'26-style Aggregate-DPP,2,13,3,0.3509019354,1.320546841,14.06405405,0.3583321699,0.07702702703,36.66288673
Zhu'26-style Aggregate-DPP,2,13,4,0.95,0.2764601871,5.425675676,0.06620100697,0.192972973,0.2764601871
Zhu'26-style Aggregate-DPP,2,13,5,0.7562371291,0.5830294735,6.843513514,0.144181613,0.1567567568,2.494530523
Zhu'26-style Aggregate-DPP,2,13,6,0.2357345475,1.920506701,18.24324324,0.5237273678,0.05621621622,477.1857167
Zhu'26-style Aggregate-DPP,2,13,7,0.5713184825,0.8232731646,9.445945946,0.2358566364,0.1297297297,12.27492177
Zhu'26-style Aggregate-DPP,2,13,8,0.95,0.2265612916,4.874594595,0.05400731329,0.2032432432,0.2265612916
Zhu'26-style Aggregate-DPP,2,13,9,0.8385292043,0.488449848,6.373783784,0.1206603138,0.1751351351,1.107598784
Zhu'26-style Aggregate-DPP,2,13,10,0.9458583108,0.3469497415,5.736486486,0.0700463397,0.1713513514,0.3469497415
Zhu'26-style Aggregate-DPP,2,13,11,0.3749843981,1.241568686,13.10405405,0.3315323951,0.08486486486,30.35922014
Zhu'26-style Aggregate-DPP,2,14,0,0.3969158517,1.177446822,11.97216216,0.3144101243,0.08972972973,19.55957519
Zhu'26-style Aggregate-DPP,2,14,1,0.64914127,0.7134614509,9.095405405,0.1799079821,0.127027027,8.571150782
Zhu'26-style Aggregate-DPP,2,14,2,0.685168137,0.6676722331,9.18,0.1670985102,0.1224324324,6.288789128
Zhu'26-style Aggregate-DPP,2,14,3,0.2123384503,2.128067317,17.75351351,0.5354677491,0.05243243243,532.8972298
Zhu'26-style Aggregate-DPP,2,14,4,0.8391928019,0.4876767217,6.642972973,0.1078160969,0.1572972973,0.9260603305
Zhu'26-style Aggregate-DPP,2,14,5,0.2547057577,1.782678959,16.12756757,0.4683145807,0.06351351351,298.6126794
Zhu'26-style Aggregate-DPP,2,14,6,0.6450583303,0.7188179662,9.685675676,0.1863098458,0.1183783784,5.176359323
Zhu'26-style Aggregate-DPP,2,14,7,0.3536782427,1.310923092,17.18567568,0.3376512721,0.06675675676,32.07369532
Zhu'26-style Aggregate-DPP,2,14,8,0.3495021855,1.325454306,14.58891892,0.3410358107,0.07405405405,37.34543064
Zhu'26-style Aggregate-DPP,2,14,9,0.2638904463,1.723560971,16.23594595,0.4290269335,0.06135135135,150.228971
Zhu'26-style Aggregate-DPP,2,14,10,0.8142278578,0.5165166625,6.48027027,0.112516873,0.1589189189,1.448649962
Zhu'26-style Aggregate-DPP,2,14,11,0.4332858251,1.084128614,12.97567568,0.2757202773,0.09027027027,17.98578764
Zhu'26-style Aggregate-DPP,2,15,0,0.95,0.2609434761,4.931351351,0.05656126157,0.1886486486,0.2609434761
Zhu'26-style Aggregate-DPP,2,15,1,0.6682774533,0.6888292002,7.325675676,0.1768615514,0.1527027027,3.177121202
Zhu'26-style Aggregate-DPP,2,15,2,0.3936552323,1.186565108,12.13027027,0.3200518858,0.09540540541,24.48490395
Zhu'26-style Aggregate-DPP,2,15,3,0.8783623152,0.4408835581,6.946756757,0.09544533243,0.1597297297,0.8906026968
Zhu'26-style Aggregate-DPP,2,15,4,0.2542081145,1.786011998,16.4772973,0.4952563001,0.06459459459,402.6706343
Zhu'26-style Aggregate-DPP,2,15,5,0.6112416568,0.7647485898,8.296486486,0.1957343012,0.1337837838,6.235977437
Zhu'26-style Aggregate-DPP,2,15,6,0.1961261937,2.305041448,20.03324324,0.6204922383,0.04486486486,867.0792246
Zhu'26-style Aggregate-DPP,2,15,7,0.2603661895,1.74572184,15.46135135,0.4977666326,0.06567567568,381.2739706
Zhu'26-style Aggregate-DPP,2,15,8,0.4858854259,0.9708198352,10.79486486,0.2581855994,0.1062162162,12.38721654
Zhu'26-style Aggregate-DPP,2,15,9,0.9440218225,0.349980936,5.358918919,0.07586073262,0.1813513514,0.349980936
Zhu'26-style Aggregate-DPP,2,15,10,0.777121657,0.5589976316,7.687837838,0.1296270184,0.1437837838,4.133938422
Zhu'26-style Aggregate-DPP,2,15,11,0.6438927182,0.7203540735,10.01216216,0.1715221456,0.1178378378,4.084957029
Zhu'26-style Aggregate-DPP,2,16,0,0.3932789834,1.187626136,15.60135135,0.3094247554,0.07648648649,24.46160451
Zhu'26-style Aggregate-DPP,2,16,1,0.7735119064,0.5631378354,7.724864865,0.1439806466,0.1510810811,2.683929696
Zhu'26-style Aggregate-DPP,2,16,2,0.901603995,0.4113518347,5.503783784,0.09083093215,0.1732432432,0.4567591735
Zhu'26-style Aggregate-DPP,2,16,3,0.8416273572,0.4848363331,7.161351351,0.100898372,0.1483783784,1.672544997
Zhu'26-style Aggregate-DPP,2,16,4,0.2260479039,2.00065631,14.89702703,0.5358514604,0.06351351351,593.917347
Zhu'26-style Aggregate-DPP,2,16,5,0.7045979448,0.6439160289,6.907837838,0.1503630943,0.1459459459,3.746572491
Zhu'26-style Aggregate-DPP,2,16,6,0.6624829137,0.6962092138,8.547837838,0.1785682551,0.1359459459,5.909021131
Zhu'26-style Aggregate-DPP,2,16,7,0.1982197585,2.280313362,18.72891892,0.5873347659,0.04945945946,739.9196289
Zhu'26-style Aggregate-DPP,2,16,8,0.7522839954,0.5876051337,6.712162162,0.1408664199,0.1643243243,2.088446203
Zhu'26-style Aggregate-DPP,2,16,9,0.3841282698,1.214015836,12.90027027,0.3284405004,0.08918918919,20.84850674
Zhu'26-style Aggregate-DPP,2,16,10,0.2247729528,2.011774821,20.19837838,0.5072934886,0.05,441.8690192
Zhu'26-style Aggregate-DPP,2,16,11,0.2144342016,2.107404393,15.9127027,0.5838079737,0.05783783784,731.1560607
Zhu'26-style Aggregate-DPP,2,17,0,0.6058267012,0.772389876,10.02837838,0.192679961,0.1227027027,6.675407644
Zhu'26-style Aggregate-DPP,2,17,1,0.4606290406,1.022513998,11.13918919,0.2583920509,0.1024324324,10.62776596
Zhu'26-style Aggregate-DPP,2,17,2,0.8627452041,0.4598691245,5.15972973,0.1097471451,0.1897297297,0.9388221208
Zhu'26-style Aggregate-DPP,2,17,3,0.95,0.2139841101,4.472162162,0.05222368958,0.2021621622,0.2139841101
Zhu'26-style Aggregate-DPP,2,17,4,0.8920394043,0.4237308779,5.83027027,0.100664714,0.1791891892,0.5898470234
Zhu'26-style Aggregate-DPP,2,17,5,0.9329954481,0.3673358894,5.314594595,0.08309733497,0.1910810811,0.3673358894
Zhu'26-style Aggregate-DPP,2,17,6,0.2434414901,1.861711545,16.21189189,0.5117190922,0.0627027027,474.1250453
Zhu'26-style Aggregate-DPP,2,17,7,0.2237143759,2.021113381,21.8627027,0.5030933578,0.04189189189,412.5233606
Zhu'26-style Aggregate-DPP,2,17,8,0.7874097494,0.5472165522,6.701891892,0.1402057545,0.1678378378,2.438764149
Zhu'26-style Aggregate-DPP,2,17,9,0.2072792387,2.179902851,19.29108108,0.5809146517,0.04756756757,710.1573139
Zhu'26-style Aggregate-DPP,2,17,10,0.95,0.241873434,4.906756757,0.05399660986,0.1902702703,0.241873434
Zhu'26-style Aggregate-DPP,2,17,11,0.5223938409,0.9032962107,10.03027027,0.2543877437,0.1140540541,14.20877495
Zhu'26-style Aggregate-DPP,2,18,0,0.95,0.2641897105,4.993243243,0.06376254363,0.2010810811,0.2641897105
Zhu'26-style Aggregate-DPP,2,18,1,0.2298402862,1.968390267,17.85783784,0.5431693143,0.05432432432,600.4183676
Zhu'26-style Aggregate-DPP,2,18,2,0.2514208534,1.804941085,14.79324324,0.4946514216,0.06513513514,416.2747218
Zhu'26-style Aggregate-DPP,2,18,3,0.95,0.3377909827,4.878108108,0.07650509284,0.1927027027,0.3377909827
Zhu'26-style Aggregate-DPP,2,18,4,0.8064515181,0.5254308787,6.62972973,0.1229792273,0.1643243243,1.779739665
Zhu'26-style Aggregate-DPP,2,18,5,0.2889292384,1.582364629,13.71648649,0.4362194382,0.07810810811,168.5008931
Zhu'26-style Aggregate-DPP,2,18,6,0.86964094,0.451552802,6.178918919,0.1108134984,0.1751351351,0.91552802
Zhu'26-style Aggregate-DPP,2,18,7,0.95,0.2372894534,4.950810811,0.05650054282,0.1902702703,0.2372894534
Zhu'26-style Aggregate-DPP,2,18,8,0.4229897239,1.10910177,11.12081081,0.308450195,0.1002702703,16.30934072
Zhu'26-style Aggregate-DPP,2,18,9,0.9113191376,0.3983676074,5.055945946,0.09162454971,0.1862162162,0.3983676074
Zhu'26-style Aggregate-DPP,2,18,10,0.93510967,0.3641087485,5.647027027,0.08738609963,0.187027027,0.3641087485
Zhu'26-style Aggregate-DPP,2,18,11,0.8418183031,0.4846132827,6.598378378,0.1167001175,0.1781081081,1.753812524
Zhu'26-style Aggregate-DPP,2,19,0,0.8339118425,0.4938172966,6.530810811,0.1139783706,0.1610810811,1.056721076
Zhu'26-style Aggregate-DPP,2,19,1,0.4218873338,1.111838862,13.92756757,0.2677428179,0.08432432432,16.06700473
Zhu'26-style Aggregate-DPP,2,19,2,0.3658373363,1.270411673,16.35324324,0.3320238075,0.07405405405,27.34828557
Zhu'26-style Aggregate-DPP,2,19,3,0.3670076204,1.266646367,12.71054054,0.3430215298,0.08324324324,30.19872115
Zhu'26-style Aggregate-DPP,2,19,4,0.481511622,0.9794527448,11.29972973,0.2406277149,0.09675675676,14.14248783
Zhu'26-style Aggregate-DPP,2,19,5,0.1930715746,2.342239302,17.06027027,0.5728990726,0.05108108108,676.2291153
Zhu'26-style Aggregate-DPP,2,19,6,0.2120595117,2.1308523,19.23378378,0.512556364,0.04621621622,474.3543433
Zhu'26-style Aggregate-DPP,2,19,7,0.3057773787,1.500722279,13.68594595,0.412901427,0.07594594595,118.2839268
Zhu'26-style Aggregate-DPP,2,19,8,0.5446939528,0.8655191693,9.91,0.2287777696,0.1159459459,12.1034984
Zhu'26-style Aggregate-DPP,2,19,9,0.4653449839,1.012509865,11.21189189,0.2654417753,0.1,14.91274662
Zhu'26-style Aggregate-DPP,2,19,10,0.3623629999,1.281724896,14.51891892,0.3294379394,0.07162162162,27.44558999
Zhu'26-style Aggregate-DPP,2,19,11,0.8770434254,0.4425090154,6.159459459,0.09149172886,0.1624324324,0.5700360617
Zhu'26-style Aggregate-DPP,4,0,0,0.95,0.3369544871,5.436486486,0.0776816696,0.1889189189,0.3369544871
Zhu'26-style Aggregate-DPP,4,0,1,0.2315765095,1.95400716,16.04567568,0.5064575314,0.06027027027,478.3193601
Zhu'26-style Aggregate-DPP,4,0,2,0.95,0.2191119648,5.509459459,0.05116560475,0.1886486486,0.2191119648
Zhu'26-style Aggregate-DPP,4,0,3,0.8081176242,0.5235225351,7.016756757,0.125786901,0.1724324324,1.235225351
Zhu'26-style Aggregate-DPP,4,0,4,0.6281327393,0.7414402559,9.821081081,0.1871635673,0.1345945946,6.136006398
Zhu'26-style Aggregate-DPP,4,0,5,0.795200025,0.5383055036,6.885135135,0.1357402797,0.1724324324,1.52136054
Zhu'26-style Aggregate-DPP,4,0,6,0.3394136806,1.361973486,13.28864865,0.3957085129,0.08648648649,50.06833399
Zhu'26-style Aggregate-DPP,4,0,7,0.9476946562,0.3438720469,5.767297297,0.07407189766,0.1789189189,0.3438720469
Zhu'26-style Aggregate-DPP,4,0,8,0.5005847781,0.9427001774,12.51081081,0.2466307491,0.1040540541,12.62480426
Zhu'26-style Aggregate-DPP,4,0,9,0.95,0.2738400263,5.147297297,0.05750640552,0.1859459459,0.2738400263
Zhu'26-style Aggregate-DPP,4,0,10,0.23436609,1.931388168,15.29162162,0.5047709077,0.06675675676,418.1195564
Zhu'26-style Aggregate-DPP,4,0,11,0.2528380647,1.795260579,14.82675676,0.5259628291,0.07648648649,515.6833141
Zhu'26-style Aggregate-DPP,4,1,0,0.5605092249,0.8400796556,11.80162162,0.2177395648,0.1159459459,5.881354146
Zhu'26-style Aggregate-DPP,4,1,1,0.2181252996,2.072097608,20.29594595,0.5555461696,0.0572972973,641.2955626
Zhu'26-style Aggregate-DPP,4,1,2,0.2316669551,1.953264399,18.50135135,0.4867323718,0.05405405405,388.7241919
Zhu'26-style Aggregate-DPP,4,1,3,0.3707979081,1.254604531,14.84162162,0.3207718611,0.07945945946,22.36576311
Zhu'26-style Aggregate-DPP,4,1,4,0.95,0.2976063768,5.173243243,0.06354298314,0.182972973,0.2976063768
Zhu'26-style Aggregate-DPP,4,1,5,0.95,0.2276934429,4.572432432,0.05200025927,0.2027027027,0.2276934429
Zhu'26-style Aggregate-DPP,4,1,6,0.2020086086,2.237061952,21.65324324,0.5907052776,0.04378378378,787.9080409
Zhu'26-style Aggregate-DPP,4,1,7,0.95,0.2579608484,5.255675676,0.05375346327,0.1854054054,0.2579608484
Zhu'26-style Aggregate-DPP,4,1,8,0.325972712,1.414030367,14.13756757,0.3901959472,0.08513513514,45.90098016
Zhu'26-style Aggregate-DPP,4,1,9,0.8362721814,0.4910760745,7.001891892,0.1158674089,0.1705405405,0.8553803727
Zhu'26-style Aggregate-DPP,4,1,10,0.2993435181,1.530799061,15.10405405,0.4095921811,0.07648648649,107.8004587
Zhu'26-style Aggregate-DPP,4,1,11,0.2334007936,1.939147999,18.68459459,0.5314313705,0.06081081081,505.5058026
Zhu'26-style Aggregate-DPP,4,2,0,0.2983974043,1.535332493,14.47351351,0.4186893203,0.07513513514,130.7781153
Zhu'26-style Aggregate-DPP,4,2,1,0.4720337023,0.9986066978,9.829459459,0.2385860327,0.1194594595,7.580493769
Zhu'26-style Aggregate-DPP,4,2,2,0.7619171253,0.5764720931,7.232702703,0.1336792043,0.1562162162,1.941193024
Zhu'26-style Aggregate-DPP,4,2,3,0.95,0.328976203,5.470810811,0.07290823958,0.1832432432,0.328976203
Zhu'26-style Aggregate-DPP,4,2,4,0.6042558466,0.7746227687,10.01756757,0.1999364173,0.1267567568,8.940191986
Zhu'26-style Aggregate-DPP,4,2,5,0.7527600943,0.5870535051,7.555135135,0.1399408626,0.1556756757,1.335267526
Zhu'26-style Aggregate-DPP,4,2,6,0.6803453125,0.6736618433,7.820540541,0.1569450024,0.1472972973,2.757603963
Zhu'26-style Aggregate-DPP,4,2,7,0.2438339011,1.858825842,17.01297297,0.5169545382,0.05918918919,454.2849038
Zhu'26-style Aggregate-DPP,4,2,8,0.7053294905,0.6430324214,8.255945946,0.1560657066,0.1489189189,2.359421478
Zhu'26-style Aggregate-DPP,4,2,9,0.1925045361,2.34929577,18.07567568,0.6031975626,0.05189189189,803.8873192
Zhu'26-style Aggregate-DPP,4,2,10,0.95,0.2710575607,5.304324324,0.05955940455,0.1872972973,0.2710575607
Zhu'26-style Aggregate-DPP,4,2,11,0.2931742638,1.560894842,15.12621622,0.4809243566,0.08081081081,311.4625362
Zhu'26-style Aggregate-DPP,4,3,0,0.2469621281,1.836175919,16.18837838,0.4759169476,0.06594594595,324.0761868
Zhu'26-style Aggregate-DPP,4,3,1,0.8215561338,0.5080937316,6.694324324,0.1152136867,0.1651351351,0.972843584
Zhu'26-style Aggregate-DPP,4,3,2,0.8932287906,0.4222105672,6.280540541,0.09208754804,0.182972973,0.5332634034
Zhu'26-style Aggregate-DPP,4,3,3,0.3220866759,1.429873819,12.91864865,0.4061614551,0.08540540541,93.24183121
Zhu'26-style Aggregate-DPP,4,3,4,0.225348274,2.006740312,18.34,0.5136170473,0.06108108108,471.7560016
Zhu'26-style Aggregate-DPP,4,3,5,0.2465631425,1.839030251,19.72675676,0.4696982667,0.05756756757,296.9230976
Zhu'26-style Aggregate-DPP,4,3,6,0.4834834838,0.9755450403,11.77972973,0.2465228683,0.1078378378,15.69516649
Zhu'26-style Aggregate-DPP,4,3,7,0.2778755806,1.641436133,16.40891892,0.4263297631,0.07675675676,130.5770395
Zhu'26-style Aggregate-DPP,4,3,8,0.2645088005,1.719737046,17.2327027,0.4596810644,0.06567567568,260.8936274
Zhu'26-style Aggregate-DPP,4,3,9,0.3014458345,1.520828652,17.61891892,0.4102127013,0.07,96.32966327
Zhu'26-style Aggregate-DPP,4,3,10,0.9387067142,0.3585144156,5.573243243,0.07364079888,0.1754054054,0.3585144156
Zhu'26-style Aggregate-DPP,4,3,11,0.2969367479,1.542388958,17.79297297,0.3789274495,0.07,71.49236631
Zhu'26-style Aggregate-DPP,4,4,0,0.662118963,0.6966749552,8.533513514,0.1709677998,0.1383783784,4.243474238
Zhu'26-style Aggregate-DPP,4,4,1,0.6741961796,0.6813572012,8.902432432,0.1605793188,0.1378378378,6.589858426
Zhu'26-style Aggregate-DPP,4,4,2,0.3640876,1.27608378,14.51162162,0.3238493702,0.08459459459,22.92810523
Zhu'26-style Aggregate-DPP,4,4,3,0.2460798207,1.842501298,16.43513514,0.4840300707,0.06405405405,320.8461862
Zhu'26-style Aggregate-DPP,4,4,4,0.2372011855,1.908996959,20.19945946,0.4927275935,0.05378378378,389.1028556
Zhu'26-style Aggregate-DPP,4,4,5,0.4128728207,1.13470463,12.74945946,0.302996804,0.09054054054,13.76350187
Zhu'26-style Aggregate-DPP,4,4,6,0.5024050881,0.9393093506,11.51162162,0.2327963985,0.1064864865,6.786187012
Zhu'26-style Aggregate-DPP,4,4,7,0.4159209977,1.126874486,12.92432432,0.2677088306,0.08837837838,16.71373253
Zhu'26-style Aggregate-DPP,4,4,8,0.2309431598,1.959226317,17.17918919,0.5131054868,0.06162162162,523.6614436
Zhu'26-style Aggregate-DPP,4,4,9,0.4380235493,1.072981387,14.42648649,0.2711452965,0.09162162162,14.9515533
Zhu'26-style Aggregate-DPP,4,4,10,0.7287104513,0.6151471375,8.064864865,0.1441439373,0.1448648649,1.966618512
Zhu'26-style Aggregate-DPP,4,4,11,0.5641011845,0.8344446437,9.62,0.2027474959,0.1248648649,5.751114299
Zhu'26-style Aggregate-DPP,4,5,0,0.9411489522,0.3546353857,5.856486486,0.07763639524,0.1810810811,0.3546353857
Zhu'26-style Aggregate-DPP,4,5,1,0.4821824971,0.9781203331,12.00540541,0.2524607887,0.1075675676,10.40924899
Zhu'26-style Aggregate-DPP,4,5,2,0.3825098869,1.218803669,12.48864865,0.3284181779,0.09162162162,23.91285131
Zhu'26-style Aggregate-DPP,4,5,3,0.7544254172,0.5851252029,7.409189189,0.1369509259,0.1575675676,1.481001623
Zhu'26-style Aggregate-DPP,4,5,4,0.3523107703,1.315645181,13.56324324,0.3488237628,0.08702702703,34.55226025
Zhu'26-style Aggregate-DPP,4,5,5,0.8677360717,0.4538598372,6.76972973,0.102057131,0.1686486486,0.6692991862
Zhu'26-style Aggregate-DPP,4,5,6,0.95,0.2241414152,5.291621622,0.05070442285,0.1913513514,0.2241414152
Zhu'26-style Aggregate-DPP,4,5,7,0.2189202535,2.064668323,18.54081081,0.5094708591,0.05567567568,434.9942184
Zhu'26-style Aggregate-DPP,4,5,8,0.8265150398,0.5023771293,6.520810811,0.1202989558,0.1694594595,1.023771293
Zhu'26-style Aggregate-DPP,4,5,9,0.3376263363,1.368663091,12.76972973,0.3876645729,0.08864864865,56.0017085
Zhu'26-style Aggregate-DPP,4,5,10,0.2625732011,1.731770293,16.88189189,0.4418354477,0.06378378378,197.0879959
Zhu'26-style Aggregate-DPP,4,5,11,0.2699141276,1.687095206,17.45216216,0.4701067992,0.07135135135,283.704872
Zhu'26-style Aggregate-DPP,4,6,0,0.6600953202,0.6992694381,8.425675676,0.1893697235,0.1456756757,6.281735953
Zhu'26-style Aggregate-DPP,4,6,1,0.4082536129,1.146768836,13.88054054,0.3214052117,0.09243243243,20.72704971
Zhu'26-style Aggregate-DPP,4,6,2,0.95,0.2551559305,4.884594595,0.05785833127,0.1967567568,0.2551559305
Zhu'26-style Aggregate-DPP,4,6,3,0.8542797728,0.4699577518,6.473783784,0.115203157,0.1813513514,0.8197465107
Zhu'26-style Aggregate-DPP,4,6,4,0.5796663152,0.8105930222,9.366486486,0.199800226,0.127027027,4.558895334
Zhu'26-style Aggregate-DPP,4,6,5,0.95,0.2156180293,4.813783784,0.04982524731,0.1978378378,0.2156180293
Zhu'26-style Aggregate-DPP,4,6,6,0.7238759829,0.6208604762,8.737837838,0.135582504,0.1381081081,2.029465239
Zhu'26-style Aggregate-DPP,4,6,7,0.298421524,1.535216558,15.81648649,0.4186577047,0.07324324324,97.75140675
Zhu'26-style Aggregate-DPP,4,6,8,0.95,0.2628816135,4.742972973,0.05961018208,0.1986486486,0.2628816135
Zhu'26-style Aggregate-DPP,4,6,9,0.3698913443,1.257463669,15.88432432,0.3565079428,0.08,36.13738415
Zhu'26-style Aggregate-DPP,4,6,10,0.95,0.2571157349,4.902702703,0.06024847085,0.2,0.2571157349
Zhu'26-style Aggregate-DPP,4,6,11,0.5870736138,0.7995478023,9.974864865,0.2109077446,0.1391891892,5.590956047
Zhu'26-style Aggregate-DPP,4,7,0,0.95,0.2129344738,5.285135135,0.04793903154,0.1913513514,0.2129344738
Zhu'26-style Aggregate-DPP,4,7,1,0.8194645516,0.5105004868,5.960810811,0.117415112,0.1751351351,0.8420019473
Zhu'26-style Aggregate-DPP,4,7,2,0.5139536145,0.9182376412,11.00135135,0.2583474012,0.12,10.76475282
Zhu'26-style Aggregate-DPP,4,7,3,0.1957148488,2.309972111,18.38918919,0.6130790845,0.05297297297,877.4901026
Zhu'26-style Aggregate-DPP,4,7,4,0.2668165055,1.705631049,15.44135135,0.4623643087,0.07405405405,242.7168736
Zhu'26-style Aggregate-DPP,4,7,5,0.95,0.2143947682,5.331621622,0.0487892959,0.1894594595,0.2143947682
Zhu'26-style Aggregate-DPP,4,7,6,0.9166527097,0.3910280632,5.455945946,0.0935296854,0.1924324324,0.3910280632
Zhu'26-style Aggregate-DPP,4,7,7,0.2817874583,1.619983796,15.43,0.4544711299,0.07432432432,242.0221434
Zhu'26-style Aggregate-DPP,4,7,8,0.4060368001,1.152645744,11.46621622,0.3180679202,0.1062162162,17.31085211
Zhu'26-style Aggregate-DPP,4,7,9,0.95,0.2643493157,5.137567568,0.06065745108,0.1908108108,0.2643493157
Zhu'26-style Aggregate-DPP,4,7,10,0.95,0.2202876177,4.831081081,0.05149967279,0.2040540541,0.2202876177
Zhu'26-style Aggregate-DPP,4,7,11,0.8957240492,0.4190042049,5.804594595,0.1007874979,0.1862162162,0.5520336396
Zhu'26-style Aggregate-DPP,4,8,0,0.924502767,0.3798996382,5.180810811,0.08717156562,0.1864864865,0.3798996382
Zhu'26-style Aggregate-DPP,4,8,1,0.7675714746,0.5699618165,7.663513514,0.1451091976,0.1618918919,1.749427248
Zhu'26-style Aggregate-DPP,4,8,2,0.2938168902,1.557699888,15.97702703,0.4142639703,0.06756756757,97.2961862
Zhu'26-style Aggregate-DPP,4,8,3,0.223720696,2.021057334,17.57675676,0.5260211386,0.06162162162,536.9102009
Zhu'26-style Aggregate-DPP,4,8,4,0.8564804989,0.4673466129,6.329459459,0.1048372132,0.1705405405,0.6693864514
Zhu'26-style Aggregate-DPP,4,8,5,0.95,0.2347890628,5.028648649,0.05292272389,0.1932432432,0.2347890628
Zhu'26-style Aggregate-DPP,4,8,6,0.4732619221,0.9960890923,11.56756757,0.2592523773,0.1137837838,16.48658368
Zhu'26-style Aggregate-DPP,4,8,7,0.198994158,2.271318822,15.49432432,0.6292167006,0.05891891892,911.9220227
Zhu'26-style Aggregate-DPP,4,8,8,0.3554966144,1.304697623,12.94675676,0.3480369064,0.08783783784,21.07381204
Zhu'26-style Aggregate-DPP,4,8,9,0.365156396,1.272612991,16.53540541,0.3415418107,0.08243243243,27.91858728
Zhu'26-style Aggregate-DPP,4,8,10,0.95,0.2590903055,5.025675676,0.05847037975,0.1964864865,0.2590903055
Zhu'26-style Aggregate-DPP,4,8,11,0.8950142286,0.4199186836,5.527837838,0.1015749248,0.1916216216,0.4995934181
Zhu'26-style Aggregate-DPP,4,9,0,0.3257577326,1.414897118,16.0372973,0.3835518403,0.0727027027,59.48148118
Zhu'26-style Aggregate-DPP,4,9,1,0.6871221964,0.6652565043,9.254864865,0.1519302017,0.1321621622,4.505130086
Zhu'26-style Aggregate-DPP,4,9,2,0.2523803769,1.798374164,19.31810811,0.4807005536,0.05351351351,333.7692645
Zhu'26-style Aggregate-DPP,4,9,3,0.1963495047,2.302374716,22.22162162,0.6042177972,0.04945945946,824.0792038
Zhu'26-style Aggregate-DPP,4,9,4,0.5437054116,0.8671448273,12.52189189,0.2221765666,0.1059459459,9.944331028
Zhu'26-style Aggregate-DPP,4,9,5,0.2493362779,1.819394726,17.9272973,0.5177899045,0.06135135135,465.3354352
Zhu'26-style Aggregate-DPP,4,9,6,0.95,0.209506079,4.998648649,0.0454118582,0.1886486486,0.209506079
Zhu'26-style Aggregate-DPP,4,9,7,0.4363495231,1.076896197,10.90594595,0.2762093218,0.1048648649,19.3837821
Zhu'26-style Aggregate-DPP,4,9,8,0.95,0.2790122724,5.344324324,0.06108106503,0.1840540541,0.2790122724
Zhu'26-style Aggregate-DPP,4,9,9,0.6652629851,0.6926602831,8.120540541,0.1690465502,0.1437837838,3.80458368
Zhu'26-style Aggregate-DPP,4,9,10,0.95,0.247425482,5.158108108,0.05302929924,0.1848648649,0.247425482
Zhu'26-style Aggregate-DPP,4,9,11,0.2127973752,2.123503268,17.90081081,0.5934330755,0.05621621622,790.2241049
Zhu'26-style Aggregate-DPP,4,10,0,0.2210551088,2.045012567,15.95756757,0.5239653819,0.06486486486,525.4074535
Zhu'26-style Aggregate-DPP,4,10,1,0.5230742899,0.9021077578,14.26405405,0.2323537009,0.09810810811,12.90117238
Zhu'26-style Aggregate-DPP,4,10,2,0.4621770162,1.019211399,13.48108108,0.2520482244,0.09918918919,17.85318757
Zhu'26-style Aggregate-DPP,4,10,3,0.8877431859,0.4291816563,6.375675676,0.09082411808,0.1732432432,0.6042715941
Zhu'26-style Aggregate-DPP,4,10,4,0.3493760462,1.325898395,15.86,0.3060316835,0.07405405405,18.90210688
Zhu'26-style Aggregate-DPP,4,10,5,0.4491418585,1.047619095,11.64027027,0.2845559974,0.1081081081,14.17143013
Zhu'26-style Aggregate-DPP,4,10,6,0.5565464418,0.8463561798,11.82486486,0.2038117179,0.1175675676,12.00526068
Zhu'26-style Aggregate-DPP,4,10,7,0.34857734,1.328717478,14.95027027,0.3350522723,0.07864864865,27.19842062
Zhu'26-style Aggregate-DPP,4,10,8,0.2223217792,2.03354937,17.40351351,0.539714995,0.0572972973,579.5597401
Zhu'26-style Aggregate-DPP,4,10,9,0.6900300697,0.6616731043,8.701351351,0.1545096114,0.1383783784,2.493384835
Zhu'26-style Aggregate-DPP,4,10,10,0.2104662511,2.146920017,18.87486486,0.5541374638,0.05189189189,619.5645771
Zhu'26-style Aggregate-DPP,4,10,11,0.2177243916,2.075867389,22.5327027,0.5705830094,0.05324324324,682.0265259
Zhu'26-style Aggregate-DPP,4,11,0,0.95,0.3358641596,5.538378378,0.07307314824,0.1881081081,0.3358641596
Zhu'26-style Aggregate-DPP,4,11,1,0.2935060875,1.559243329,15.01459459,0.4066675168,0.07459459459,91.25021064
Zhu'26-style Aggregate-DPP,4,11,2,0.6227889451,0.7487311135,9.06027027,0.1845521015,0.1491891892,7.661933405
Zhu'26-style Aggregate-DPP,4,11,3,0.4312530983,1.088976442,11.89243243,0.2981440908,0.09702702703,14.04882212
Zhu'26-style Aggregate-DPP,4,11,4,0.6153269509,0.7590395275,9.162162162,0.1797077368,0.132972973,3.826553385
Zhu'26-style Aggregate-DPP,4,11,5,0.4183303984,1.120756955,14.50540541,0.300786934,0.08918918919,14.92844509
Zhu'26-style Aggregate-DPP,4,11,6,0.9434799305,0.3508668233,5.603243243,0.0799407384,0.1824324324,0.3508668233
Zhu'26-style Aggregate-DPP,4,11,7,0.4987828682,0.9460759936,12.95513514,0.2462354546,0.1032432432,15.03620382
Zhu'26-style Aggregate-DPP,4,11,8,0.6260188518,0.7443154627,11.06054054,0.169180893,0.1291891892,9.36241027
Zhu'26-style Aggregate-DPP,4,11,9,0.4351735249,1.079661914,12.08297297,0.2923841184,0.1027027027,16.14918126
Zhu'26-style Aggregate-DPP,4,11,10,0.2492611008,1.819920828,17.2927027,0.4918704939,0.06594594595,370.1551271
Zhu'26-style Aggregate-DPP,4,11,11,0.2092716103,2.159149808,23.61,0.5176123999,0.04459459459,456.1727221
Zhu'26-style Aggregate-DPP,4,12,0,0.2277146089,1.986329388,16.98054054,0.5067824169,0.06378378378,450.455976
Zhu'26-style Aggregate-DPP,4,12,1,0.9318683167,0.369039043,5.485675676,0.0787948227,0.1827027027,0.369039043
Zhu'26-style Aggregate-DPP,4,12,2,0.4490225566,1.047885528,12.56810811,0.2965232833,0.1032432432,33.08158959
Zhu'26-style Aggregate-DPP,4,12,3,0.364868936,1.273544601,14.56837838,0.3479874573,0.08594594595,25.55342724
Zhu'26-style Aggregate-DPP,4,12,4,0.3264467419,1.412123145,14.78756757,0.3766933904,0.08189189189,34.52135904
Zhu'26-style Aggregate-DPP,4,12,5,0.2532754659,1.792296255,17.76162162,0.4684190482,0.05783783784,308.4417336
Zhu'26-style Aggregate-DPP,4,12,6,0.5108922966,0.9237509324,11.31432432,0.2221995486,0.1102702703,8.875018648
Zhu'26-style Aggregate-DPP,4,12,7,0.7249468559,0.6195927545,7.332972973,0.1354731185,0.1486486486,1.756742036
Zhu'26-style Aggregate-DPP,4,12,8,0.885090931,0.4325165816,6.21972973,0.09866053916,0.172972973,0.5625829082
Zhu'26-style Aggregate-DPP,4,12,9,0.3371942215,1.370290719,16.15405405,0.3555348892,0.0772972973,24.37976887
Zhu'26-style Aggregate-DPP,4,12,10,0.4510893652,1.043286736,13.55216216,0.2602577453,0.09918918919,13.59559493
Zhu'26-style Aggregate-DPP,4,12,11,0.3770521179,1.235229773,12.42675676,0.3098089808,0.09324324324,20.51597409
Zhu'26-style Aggregate-DPP,4,13,0,0.931036637,0.3702883284,6.242972973,0.08696771822,0.1791891892,0.3702883284
Zhu'26-style Aggregate-DPP,4,13,1,0.7159624459,0.6302691506,7.803513514,0.1652327233,0.1597297297,2.702691506
Zhu'26-style Aggregate-DPP,4,13,2,0.6775674106,0.6771299559,8.842972973,0.1586680194,0.1375675676,2.956949338
Zhu'26-style Aggregate-DPP,4,13,3,0.3509019354,1.320546841,14.76324324,0.3483388424,0.08027027027,25.63827888
Zhu'26-style Aggregate-DPP,4,13,4,0.95,0.2764601871,5.493243243,0.06605156903,0.1967567568,0.2764601871
Zhu'26-style Aggregate-DPP,4,13,5,0.7562371291,0.5830294735,6.79,0.14181798,0.1659459459,1.315147367
Zhu'26-style Aggregate-DPP,4,13,6,0.2357345475,1.920506701,20.06297297,0.5382609321,0.05486486486,549.2829445
Zhu'26-style Aggregate-DPP,4,13,7,0.5713184825,0.8232731646,9.616486486,0.2280689172,0.1324324324,8.158555951
Zhu'26-style Aggregate-DPP,4,13,8,0.95,0.2265612916,4.858378378,0.05535443449,0.2067567568,0.2265612916
Zhu'26-style Aggregate-DPP,4,13,9,0.8385292043,0.488449848,6.133513514,0.1206603138,0.1835135135,0.8422492401
Zhu'26-style Aggregate-DPP,4,13,10,0.9458583108,0.3469497415,5.738918919,0.0715466629,0.1740540541,0.3469497415
Zhu'26-style Aggregate-DPP,4,13,11,0.3749843981,1.241568686,12.88837838,0.3325390724,0.09594594595,29.59059387
Zhu'26-style Aggregate-DPP,4,14,0,0.3969158517,1.177446822,12.89756757,0.3093184623,0.09405405405,22.69191566
Zhu'26-style Aggregate-DPP,4,14,1,0.64914127,0.7134614509,8.761891892,0.176629916,0.1356756757,5.890382077
Zhu'26-style Aggregate-DPP,4,14,2,0.685168137,0.6676722331,8.698378378,0.1633090192,0.1332432432,4.285772429
Zhu'26-style Aggregate-DPP,4,14,3,0.2123384503,2.128067317,17.8427027,0.5521471957,0.0572972973,579.011182
Zhu'26-style Aggregate-DPP,4,14,4,0.8391928019,0.4876767217,6.746486486,0.1099249692,0.1610810811,0.9260603305
Zhu'26-style Aggregate-DPP,4,14,5,0.2547057577,1.782678959,16.85621622,0.4740962421,0.06810810811,301.6805753
Zhu'26-style Aggregate-DPP,4,14,6,0.6450583303,0.7188179662,9.538378378,0.1808701423,0.1256756757,4.376359323
Zhu'26-style Aggregate-DPP,4,14,7,0.3536782427,1.310923092,17.20837838,0.3440287358,0.07702702703,29.36461644
Zhu'26-style Aggregate-DPP,4,14,8,0.3495021855,1.325454306,13.84027027,0.3446181197,0.08378378378,45.19450889
Zhu'26-style Aggregate-DPP,4,14,9,0.2638904463,1.723560971,16.85567568,0.4276294516,0.06108108108,149.828971
Zhu'26-style Aggregate-DPP,4,14,10,0.8142278578,0.5165166625,6.637027027,0.1134940666,0.1659459459,1.165166625
Zhu'26-style Aggregate-DPP,4,14,11,0.4332858251,1.084128614,13.01081081,0.2736692232,0.09648648649,14.18734397
Zhu'26-style Aggregate-DPP,4,15,0,0.95,0.2609434761,4.843783784,0.05761914052,0.1924324324,0.2609434761
Zhu'26-style Aggregate-DPP,4,15,1,0.6682774533,0.6888292002,7.259459459,0.1710902797,0.1532432432,2.665950403
Zhu'26-style Aggregate-DPP,4,15,2,0.3936552323,1.186565108,13.39486486,0.3181277262,0.1005405405,20.82382302
Zhu'26-style Aggregate-DPP,4,15,3,0.8783623152,0.4408835581,6.526756757,0.09544533243,0.1675675676,0.7270684645
Zhu'26-style Aggregate-DPP,4,15,4,0.2542081145,1.786011998,17.91972973,0.5000833595,0.06486486486,442.5307543
Zhu'26-style Aggregate-DPP,4,15,5,0.6112416568,0.7647485898,8.434054054,0.1984212557,0.1497297297,7.553966155
Zhu'26-style Aggregate-DPP,4,15,6,0.1961261937,2.305041448,19.77945946,0.6516414471,0.05027027027,988.4464213
Zhu'26-style Aggregate-DPP,4,15,7,0.2603661895,1.74572184,15.28324324,0.4944639156,0.07243243243,384.1111361
Zhu'26-style Aggregate-DPP,4,15,8,0.4858854259,0.9708198352,10.93513514,0.2542498433,0.1143243243,8.562297528
Zhu'26-style Aggregate-DPP,4,15,9,0.9440218225,0.349980936,5.530810811,0.07661744816,0.1824324324,0.349980936
Zhu'26-style Aggregate-DPP,4,15,10,0.777121657,0.5589976316,8.209189189,0.1270586509,0.1494594595,1.35398579
Zhu'26-style Aggregate-DPP,4,15,11,0.6438927182,0.7203540735,10.02621622,0.1676283398,0.1245945946,2.723894809
Zhu'26-style Aggregate-DPP,4,16,0,0.3932789834,1.187626136,15.60972973,0.3110296556,0.08621621622,29.36059543
Zhu'26-style Aggregate-DPP,4,16,1,0.7735119064,0.5631378354,7.985405405,0.1433718489,0.1594594595,1.883929696
Zhu'26-style Aggregate-DPP,4,16,2,0.901603995,0.4113518347,5.757567568,0.08994152278,0.1716216216,0.4681110082
Zhu'26-style Aggregate-DPP,4,16,3,0.8416273572,0.4848363331,7.131621622,0.1007673352,0.1543243243,0.7393453325
Zhu'26-style Aggregate-DPP,4,16,4,0.2260479039,2.00065631,15.58702703,0.5190892048,0.06405405405,551.9035644
Zhu'26-style Aggregate-DPP,4,16,5,0.7045979448,0.6439160289,7.212702703,0.1522774393,0.1537837838,2.526992346
Zhu'26-style Aggregate-DPP,4,16,6,0.6624829137,0.6962092138,8.241621622,0.1766866086,0.1454054054,4.235556634
Zhu'26-style Aggregate-DPP,4,16,7,0.1982197585,2.280313362,19.25567568,0.6273943249,0.05378378378,901.7809375
Zhu'26-style Aggregate-DPP,4,16,8,0.7522839954,0.5876051337,7.224864865,0.1388018613,0.1610810811,1.876051337
Zhu'26-style Aggregate-DPP,4,16,9,0.3841282698,1.214015836,12.94891892,0.3300810624,0.09837837838,20.84850674
Zhu'26-style Aggregate-DPP,4,16,10,0.2247729528,2.011774821,19.26702703,0.5176242241,0.05675675676,461.1867674
Zhu'26-style Aggregate-DPP,4,16,11,0.2144342016,2.107404393,17.30108108,0.562164361,0.05837837838,642.530186
Zhu'26-style Aggregate-DPP,4,17,0,0.6058267012,0.772389876,9.753783784,0.1918449449,0.1286486486,6.675407644
Zhu'26-style Aggregate-DPP,4,17,1,0.4606290406,1.022513998,11.92972973,0.254523079,0.1075675676,9.96022397
Zhu'26-style Aggregate-DPP,4,17,2,0.8627452041,0.4598691245,5.409459459,0.1077585219,0.1881081081,0.6993456227
Zhu'26-style Aggregate-DPP,4,17,3,0.95,0.2139841101,4.367837838,0.05141401997,0.2089189189,0.2139841101
Zhu'26-style Aggregate-DPP,4,17,4,0.8920394043,0.4237308779,5.888648649,0.09951949538,0.1835135135,0.4949235117
Zhu'26-style Aggregate-DPP,4,17,5,0.9329954481,0.3673358894,5.360810811,0.08458653452,0.1927027027,0.3673358894
Zhu'26-style Aggregate-DPP,4,17,6,0.2434414901,1.861711545,18.07648649,0.513228588,0.06216216216,472.2038723
Zhu'26-style Aggregate-DPP,4,17,7,0.2237143759,2.021113381,19.85486486,0.5238507385,0.04837837838,499.8734628
Zhu'26-style Aggregate-DPP,4,17,8,0.7874097494,0.5472165522,7.481891892,0.1390225835,0.1702702703,2.019382075
Zhu'26-style Aggregate-DPP,4,17,9,0.2072792387,2.179902851,19.52189189,0.613907776,0.05108108108,840.151485
Zhu'26-style Aggregate-DPP,4,17,10,0.95,0.241873434,5.051081081,0.05419272346,0.192972973,0.241873434
Zhu'26-style Aggregate-DPP,4,17,11,0.5223938409,0.9032962107,9.42027027,0.2424251722,0.1237837838,11.17581285
Zhu'26-style Aggregate-DPP,4,18,0,0.95,0.2641897105,5.090540541,0.06404815413,0.2040540541,0.2641897105
Zhu'26-style Aggregate-DPP,4,18,1,0.2298402862,1.968390267,17.77756757,0.5591292354,0.0627027027,664.1752464
Zhu'26-style Aggregate-DPP,4,18,2,0.2514208534,1.804941085,15.84891892,0.4936757778,0.06783783784,394.625311
Zhu'26-style Aggregate-DPP,4,18,3,0.95,0.3377909827,4.860540541,0.07778322088,0.1964864865,0.3377909827
Zhu'26-style Aggregate-DPP,4,18,4,0.8064515181,0.5254308787,7.222432432,0.1228372189,0.1737837838,1.027154393
Zhu'26-style Aggregate-DPP,4,18,5,0.2889292384,1.582364629,14.69486486,0.4340811077,0.07972972973,166.6155481
Zhu'26-style Aggregate-DPP,4,18,6,0.86964094,0.451552802,6.384324324,0.1097151268,0.1808108108,0.709316812
Zhu'26-style Aggregate-DPP,4,18,7,0.95,0.2372894534,5.032972973,0.05662880739,0.1975675676,0.2372894534
Zhu'26-style Aggregate-DPP,4,18,8,0.4229897239,1.10910177,11.24,0.2955606339,0.1016216216,15.98215488
Zhu'26-style Aggregate-DPP,4,18,9,0.9113191376,0.3983676074,5.085135135,0.09216288431,0.1943243243,0.3983676074
Zhu'26-style Aggregate-DPP,4,18,10,0.93510967,0.3641087485,5.604324324,0.08659883747,0.1940540541,0.3641087485
Zhu'26-style Aggregate-DPP,4,18,11,0.8418183031,0.4846132827,6.623243243,0.1184028129,0.1789189189,1.292265654
Zhu'26-style Aggregate-DPP,4,19,0,0.8339118425,0.4938172966,6.25027027,0.1146456913,0.1716216216,0.8690864829
Zhu'26-style Aggregate-DPP,4,19,1,0.4218873338,1.111838862,13.53081081,0.26654083,0.09,11.52493838
Zhu'26-style Aggregate-DPP,4,19,2,0.3658373363,1.270411673,15.25945946,0.3230965903,0.08081081081,29.53705056
Zhu'26-style Aggregate-DPP,4,19,3,0.3670076204,1.266646367,13.45918919,0.3457602246,0.08891891892,24.3316485
Zhu'26-style Aggregate-DPP,4,19,4,0.481511622,0.9794527448,11.96648649,0.2390394131,0.1018918919,13.56303509
Zhu'26-style Aggregate-DPP,4,19,5,0.1930715746,2.342239302,18.80027027,0.5716329973,0.05459459459,685.1764481
Zhu'26-style Aggregate-DPP,4,19,6,0.2120595117,2.1308523,19.91,0.5419275714,0.05378378378,579.0767888
Zhu'26-style Aggregate-DPP,4,19,7,0.3057773787,1.500722279,14.60297297,0.412901427,0.07864864865,98.39765009
Zhu'26-style Aggregate-DPP,4,19,8,0.5446939528,0.8655191693,9.715405405,0.2240992876,0.1248648649,9.841421725
Zhu'26-style Aggregate-DPP,4,19,9,0.4653449839,1.012509865,10.88891892,0.2596950977,0.1113513514,10.4126677
Zhu'26-style Aggregate-DPP,4,19,10,0.3623629999,1.281724896,14.24081081,0.3280522909,0.07972972973,27.09281697
Zhu'26-style Aggregate-DPP,4,19,11,0.8770434254,0.4425090154,6.131351351,0.09376407246,0.1708108108,0.6125450771
Zhu'26-style Aggregate-DPP,8,0,0,0.95,0.3369544871,5.215405405,0.07786380716,0.1948648649,0.3369544871
Zhu'26-style Aggregate-DPP,8,0,1,0.2315765095,1.95400716,16.29891892,0.5180759523,0.06594594595,482.2273744
Zhu'26-style Aggregate-DPP,8,0,2,0.95,0.2191119648,5.41,0.0516985798,0.1948648649,0.2191119648
Zhu'26-style Aggregate-DPP,8,0,3,0.8081176242,0.5235225351,6.781621622,0.124796453,0.1791891892,1.141135211
Zhu'26-style Aggregate-DPP,8,0,4,0.6281327393,0.7414402559,10.17864865,0.1845585069,0.1318918919,3.980163583
Zhu'26-style Aggregate-DPP,8,0,5,0.795200025,0.5383055036,6.938378378,0.1357402797,0.1791891892,1.091527518
Zhu'26-style Aggregate-DPP,8,0,6,0.3394136806,1.361973486,13.9372973,0.3938680082,0.08945945946,38.55425445
Zhu'26-style Aggregate-DPP,8,0,7,0.9476946562,0.3438720469,5.894324324,0.07490834318,0.1821621622,0.3438720469
Zhu'26-style Aggregate-DPP,8,0,8,0.5005847781,0.9427001774,12.66567568,0.242299424,0.1091891892,8.224804258
Zhu'26-style Aggregate-DPP,8,0,9,0.95,0.2738400263,5.335945946,0.05846854615,0.1862162162,0.2738400263
Zhu'26-style Aggregate-DPP,8,0,10,0.23436609,1.931388168,17.06027027,0.5089468822,0.06432432432,442.4495304
Zhu'26-style Aggregate-DPP,8,0,11,0.2528380647,1.795260579,15.06837838,0.5157735123,0.07783783784,462.0207573
Zhu'26-style Aggregate-DPP,8,1,0,0.5605092249,0.8400796556,11.21567568,0.2107010596,0.1216216216,4.281354146
Zhu'26-style Aggregate-DPP,8,1,1,0.2181252996,2.072097608,21.42675676,0.5617064598,0.06054054054,646.783953
Zhu'26-style Aggregate-DPP,8,1,2,0.2316669551,1.953264399,20.02540541,0.5009859228,0.05621621622,446.5688595
Zhu'26-style Aggregate-DPP,8,1,3,0.3707979081,1.254604531,16.54486486,0.3339960711,0.08540540541,23.23813593
Zhu'26-style Aggregate-DPP,8,1,4,0.95,0.2976063768,5.177567568,0.06297994405,0.1805405405,0.2976063768
Zhu'26-style Aggregate-DPP,8,1,5,0.95,0.2276934429,4.591351351,0.05169256543,0.2016216216,0.2276934429
Zhu'26-style Aggregate-DPP,8,1,6,0.2020086086,2.237061952,21.12135135,0.6088436178,0.05081081081,868.4422712
Zhu'26-style Aggregate-DPP,8,1,7,0.95,0.2579608484,5.313513514,0.05396262072,0.187027027,0.2579608484
Zhu'26-style Aggregate-DPP,8,1,8,0.325972712,1.414030367,14.72243243,0.3947819916,0.08945945946,36.09740529
Zhu'26-style Aggregate-DPP,8,1,9,0.8362721814,0.4910760745,7.094594595,0.114407453,0.1697297297,0.7643042981
Zhu'26-style Aggregate-DPP,8,1,10,0.2993435181,1.530799061,15.45351351,0.3984214852,0.07918918919,57.2148888
Zhu'26-style Aggregate-DPP,8,1,11,0.2334007936,1.939147999,18.74081081,0.5099435143,0.05864864865,431.7573267
Zhu'26-style Aggregate-DPP,8,2,0,0.2983974043,1.535332493,16.47621622,0.4278183243,0.06918918919,131.8487803
Zhu'26-style Aggregate-DPP,8,2,1,0.4720337023,0.9986066978,9.906486486,0.238316139,0.1224324324,4.190246884
Zhu'26-style Aggregate-DPP,8,2,2,0.7619171253,0.5764720931,7.001351351,0.1347698272,0.1694594595,1.458832559
Zhu'26-style Aggregate-DPP,8,2,3,0.95,0.328976203,5.574864865,0.07264150212,0.1837837838,0.328976203
Zhu'26-style Aggregate-DPP,8,2,4,0.6042558466,0.7746227687,11.22864865,0.1984709148,0.1275675676,7.962551366
Zhu'26-style Aggregate-DPP,8,2,5,0.7527600943,0.5870535051,7.53027027,0.1399408626,0.1586486486,1.335267526
Zhu'26-style Aggregate-DPP,8,2,6,0.6803453125,0.6736618433,8.368648649,0.1558525778,0.1489189189,1.789294747
Zhu'26-style Aggregate-DPP,8,2,7,0.2438339011,1.858825842,19.00594595,0.5209736211,0.06324324324,473.5555105
Zhu'26-style Aggregate-DPP,8,2,8,0.7053294905,0.6430324214,8.517837838,0.1565870842,0.1508108108,1.615162107
Zhu'26-style Aggregate-DPP,8,2,9,0.1925045361,2.34929577,21.04297297,0.6197061274,0.05027027027,862.4732346
Zhu'26-style Aggregate-DPP,8,2,10,0.95,0.2710575607,5.262972973,0.05985243975,0.1872972973,0.2710575607
Zhu'26-style Aggregate-DPP,8,2,11,0.2931742638,1.560894842,16.03837838,0.4585655927,0.07702702703,223.9228497
Zhu'26-style Aggregate-DPP,8,3,0,0.2469621281,1.836175919,18.15027027,0.4843534315,0.06027027027,349.9015019
Zhu'26-style Aggregate-DPP,8,3,1,0.8215561338,0.5080937316,6.734054054,0.1163122677,0.17,0.9404686578
Zhu'26-style Aggregate-DPP,8,3,2,0.8932287906,0.4222105672,5.77972973,0.09208754804,0.1824324324,0.4888422689
Zhu'26-style Aggregate-DPP,8,3,3,0.3220866759,1.429873819,13.08918919,0.3934085264,0.08810810811,67.58697229
Zhu'26-style Aggregate-DPP,8,3,4,0.225348274,2.006740312,19.66594595,0.5130746851,0.06513513514,477.7762225
Zhu'26-style Aggregate-DPP,8,3,5,0.2465631425,1.839030251,20.65810811,0.4577694218,0.05378378378,256.0644321
Zhu'26-style Aggregate-DPP,8,3,6,0.4834834838,0.9755450403,12.00378378,0.2459955466,0.1159459459,11.09080617
Zhu'26-style Aggregate-DPP,8,3,7,0.2778755806,1.641436133,16.27081081,0.4436313872,0.07594594595,191.8808645
Zhu'26-style Aggregate-DPP,8,3,8,0.2645088005,1.719737046,18.00540541,0.4517795699,0.06621621622,224.3791495
Zhu'26-style Aggregate-DPP,8,3,9,0.3014458345,1.520828652,18.38054054,0.4085685622,0.07297297297,81.45049192
Zhu'26-style Aggregate-DPP,8,3,10,0.9387067142,0.3585144156,5.805135135,0.07499733992,0.1713513514,0.3585144156
Zhu'26-style Aggregate-DPP,8,3,11,0.2969367479,1.542388958,19.19,0.3801780352,0.06945945946,40.17714423
Zhu'26-style Aggregate-DPP,8,4,0,0.662118963,0.6966749552,8.866486486,0.172097543,0.1494594595,3.920198925
Zhu'26-style Aggregate-DPP,8,4,1,0.6741961796,0.6813572012,8.713513514,0.1603951682,0.1451351351,2.65085761
Zhu'26-style Aggregate-DPP,8,4,2,0.3640876,1.27608378,14.40945946,0.3159169575,0.08918918919,15.19775939
Zhu'26-style Aggregate-DPP,8,4,3,0.2460798207,1.842501298,18.54459459,0.4865199373,0.06027027027,326.1012978
Zhu'26-style Aggregate-DPP,8,4,4,0.2372011855,1.908996959,18.49702703,0.4870521971,0.06162162162,372.412886
Zhu'26-style Aggregate-DPP,8,4,5,0.4128728207,1.13470463,12.02324324,0.2928764654,0.1027027027,7.96761576
Zhu'26-style Aggregate-DPP,8,4,6,0.5024050881,0.9393093506,12.50513514,0.2325425311,0.107027027,5.846877661
Zhu'26-style Aggregate-DPP,8,4,7,0.4159209977,1.126874486,12.82378378,0.2725818014,0.09783783784,8.064364211
Zhu'26-style Aggregate-DPP,8,4,8,0.2309431598,1.959226317,19.31432432,0.5432881625,0.05621621622,590.6343647
Zhu'26-style Aggregate-DPP,8,4,9,0.4380235493,1.072981387,13.93540541,0.2636054273,0.09432432432,9.986646359
Zhu'26-style Aggregate-DPP,8,4,10,0.7287104513,0.6151471375,8.533783784,0.1446427053,0.1489189189,1.475735687
Zhu'26-style Aggregate-DPP,8,4,11,0.5641011845,0.8344446437,9.64,0.2045517005,0.127027027,3.441112506
Zhu'26-style Aggregate-DPP,8,5,0,0.9411489522,0.3546353857,5.429459459,0.07859486925,0.1878378378,0.3546353857
Zhu'26-style Aggregate-DPP,8,5,1,0.4821824971,0.9781203331,11.06135135,0.2514033613,0.1127027027,8.84992533
Zhu'26-style Aggregate-DPP,8,5,2,0.3825098869,1.218803669,13.09135135,0.3340180866,0.09459459459,23.81027519
Zhu'26-style Aggregate-DPP,8,5,3,0.7544254172,0.5851252029,7.576756757,0.1353695064,0.1659459459,1.325626014
Zhu'26-style Aggregate-DPP,8,5,4,0.3523107703,1.315645181,13.64621622,0.3481126032,0.09081081081,22.32645301
Zhu'26-style Aggregate-DPP,8,5,5,0.8677360717,0.4538598372,6.745945946,0.101321142,0.1694594595,0.615439349
Zhu'26-style Aggregate-DPP,8,5,6,0.95,0.2241414152,5.155135135,0.05015921401,0.1872972973,0.2241414152
Zhu'26-style Aggregate-DPP,8,5,7,0.2189202535,2.064668323,19.54216216,0.5206312284,0.05648648649,504.6755947
Zhu'26-style Aggregate-DPP,8,5,8,0.8265150398,0.5023771293,6.685135135,0.1193485126,0.17,0.8095085171
Zhu'26-style Aggregate-DPP,8,5,9,0.3376263363,1.368663091,13.81702703,0.3902539355,0.08864864865,43.60823406
Zhu'26-style Aggregate-DPP,8,5,10,0.2625732011,1.731770293,17.58432432,0.4516644142,0.06540540541,222.13278
Zhu'26-style Aggregate-DPP,8,5,11,0.2699141276,1.687095206,16.64162162,0.4532358471,0.07081081081,221.7694446
Zhu'26-style Aggregate-DPP,8,6,0,0.6600953202,0.6992694381,9.04,0.1869128309,0.1505405405,3.289041572
Zhu'26-style Aggregate-DPP,8,6,1,0.4082536129,1.146768836,13.14108108,0.3164462113,0.1032432432,12.4578288
Zhu'26-style Aggregate-DPP,8,6,2,0.95,0.2551559305,5.072162162,0.05847898083,0.1975675676,0.2551559305
Zhu'26-style Aggregate-DPP,8,6,3,0.8542797728,0.4699577518,6.597567568,0.1159652506,0.187027027,1.029619766
Zhu'26-style Aggregate-DPP,8,6,4,0.5796663152,0.8105930222,9.98972973,0.1989239092,0.1316216216,2.463558133
Zhu'26-style Aggregate-DPP,8,6,5,0.95,0.2156180293,4.913243243,0.05023317331,0.1983783784,0.2156180293
Zhu'26-style Aggregate-DPP,8,6,6,0.7238759829,0.6208604762,8.577567568,0.1397775072,0.1448648649,1.76688381
Zhu'26-style Aggregate-DPP,8,6,7,0.298421524,1.535216558,15.46540541,0.4149233941,0.07162162162,68.91977009
Zhu'26-style Aggregate-DPP,8,6,8,0.95,0.2628816135,4.511891892,0.0604627711,0.2043243243,0.2628816135
Zhu'26-style Aggregate-DPP,8,6,9,0.3698913443,1.257463669,15.38864865,0.3524296823,0.08702702703,28.71202083
Zhu'26-style Aggregate-DPP,8,6,10,0.95,0.2571157349,4.812432432,0.06122134119,0.2032432432,0.2571157349
Zhu'26-style Aggregate-DPP,8,6,11,0.5870736138,0.7995478023,9.450540541,0.2068019586,0.1421621622,3.195478023
Zhu'26-style Aggregate-DPP,8,7,0,0.95,0.2129344738,5.293243243,0.04822678083,0.192972973,0.2129344738
Zhu'26-style Aggregate-DPP,8,7,1,0.8194645516,0.5105004868,5.891351351,0.1181049775,0.1821621622,0.8420019473
Zhu'26-style Aggregate-DPP,8,7,2,0.5139536145,0.9182376412,11.02567568,0.2580992289,0.1232432432,9.164752825
Zhu'26-style Aggregate-DPP,8,7,3,0.1957148488,2.309972111,20.04702703,0.6399247063,0.05540540541,976.8189033
Zhu'26-style Aggregate-DPP,8,7,4,0.2668165055,1.705631049,17.39486486,0.4637472528,0.0672972973,261.0788151
Zhu'26-style Aggregate-DPP,8,7,5,0.95,0.2143947682,5.325675676,0.0487892959,0.19,0.2143947682
Zhu'26-style Aggregate-DPP,8,7,6,0.9166527097,0.3910280632,5.545135135,0.09342400214,0.1954054054,0.3910280632
Zhu'26-style Aggregate-DPP,8,7,7,0.2817874583,1.619983796,15.01378378,0.4518441291,0.08405405405,217.5854166
Zhu'26-style Aggregate-DPP,8,7,8,0.4060368001,1.152645744,11.1372973,0.3015570487,0.1091891892,12.15820637
Zhu'26-style Aggregate-DPP,8,7,9,0.95,0.2643493157,5.212432432,0.06051455956,0.1916216216,0.2643493157
Zhu'26-style Aggregate-DPP,8,7,10,0.95,0.2202876177,5.058918919,0.05203550754,0.2032432432,0.2202876177
Zhu'26-style Aggregate-DPP,8,7,11,0.8957240492,0.4190042049,5.844054054,0.1005610092,0.1916216216,0.5330294346
Zhu'26-style Aggregate-DPP,8,8,0,0.924502767,0.3798996382,5.000810811,0.08747959236,0.1927027027,0.3798996382
Zhu'26-style Aggregate-DPP,8,8,1,0.7675714746,0.5699618165,7.724594595,0.1418742792,0.1643243243,1.079847266
Zhu'26-style Aggregate-DPP,8,8,2,0.2938168902,1.557699888,16.18,0.4163689701,0.07081081081,102.0078839
Zhu'26-style Aggregate-DPP,8,8,3,0.223720696,2.021057334,18.1827027,0.5178276629,0.0572972973,496.0890542
Zhu'26-style Aggregate-DPP,8,8,4,0.8564804989,0.4673466129,6.474054054,0.1048372132,0.172972973,0.7367330643
Zhu'26-style Aggregate-DPP,8,8,5,0.95,0.2347890628,4.987297297,0.05349383242,0.1940540541,0.2347890628
Zhu'26-style Aggregate-DPP,8,8,6,0.4732619221,0.9960890923,11.17918919,0.2514451925,0.1181081081,7.317870939
Zhu'26-style Aggregate-DPP,8,8,7,0.198994158,2.271318822,18.25702703,0.6549992386,0.05702702703,1011.074007
Zhu'26-style Aggregate-DPP,8,8,8,0.3554966144,1.304697623,13.82513514,0.3579102938,0.09027027027,33.29659808
Zhu'26-style Aggregate-DPP,8,8,9,0.365156396,1.272612991,15.17648649,0.3322551754,0.08972972973,24.82939242
Zhu'26-style Aggregate-DPP,8,8,10,0.95,0.2590903055,4.933243243,0.05854040415,0.1975675676,0.2590903055
Zhu'26-style Aggregate-DPP,8,8,11,0.8950142286,0.4199186836,5.366486486,0.102028891,0.1932432432,0.5195121017
Zhu'26-style Aggregate-DPP,8,9,0,0.3257577326,1.414897118,16.10486486,0.3720797015,0.07621621622,42.48559648
Zhu'26-style Aggregate-DPP,8,9,1,0.6871221964,0.6652565043,9.029459459,0.1485140196,0.1372972973,1.726282521
Zhu'26-style Aggregate-DPP,8,9,2,0.2523803769,1.798374164,20.08891892,0.4841028831,0.05783783784,353.9058791
Zhu'26-style Aggregate-DPP,8,9,3,0.1963495047,2.302374716,22.98837838,0.6291083346,0.05162162162,915.3741924
Zhu'26-style Aggregate-DPP,8,9,4,0.5437054116,0.8671448273,12.65486486,0.2149112991,0.1086486486,4.408606892
Zhu'26-style Aggregate-DPP,8,9,5,0.2493362779,1.819394726,20.25378378,0.5177899045,0.05972972973,480.290593
Zhu'26-style Aggregate-DPP,8,9,6,0.95,0.209506079,4.914324324,0.04552510472,0.1902702703,0.209506079
Zhu'26-style Aggregate-DPP,8,9,7,0.4363495231,1.076896197,11.15675676,0.2802840642,0.1072972973,11.59825279
Zhu'26-style Aggregate-DPP,8,9,8,0.95,0.2790122724,5.211621622,0.06108106503,0.1856756757,0.2790122724
Zhu'26-style Aggregate-DPP,8,9,9,0.6652629851,0.6926602831,7.98972973,0.1671744953,0.1478378378,1.863301415
Zhu'26-style Aggregate-DPP,8,9,10,0.95,0.247425482,4.982162162,0.05343052976,0.1875675676,0.247425482
Zhu'26-style Aggregate-DPP,8,9,11,0.2127973752,2.123503268,18.05918919,0.6054853914,0.05972972973,814.2941703
Zhu'26-style Aggregate-DPP,8,10,0,0.2210551088,2.045012567,17.48648649,0.5388884466,0.06243243243,573.3982326
Zhu'26-style Aggregate-DPP,8,10,1,0.5230742899,0.9021077578,14.19189189,0.2269898169,0.1024324324,11.65058619
Zhu'26-style Aggregate-DPP,8,10,2,0.4621770162,1.019211399,13.78108108,0.2481917488,0.09891891892,13.00343938
Zhu'26-style Aggregate-DPP,8,10,3,0.8877431859,0.4291816563,6.02972973,0.09210006354,0.1789189189,0.6042715941
Zhu'26-style Aggregate-DPP,8,10,4,0.3493760462,1.325898395,16.75189189,0.3131987019,0.07594594595,19.54745986
Zhu'26-style Aggregate-DPP,8,10,5,0.4491418585,1.047619095,11.23702703,0.2703989826,0.1137837838,5.180952759
Zhu'26-style Aggregate-DPP,8,10,6,0.5565464418,0.8463561798,11.55486486,0.206099167,0.1210810811,10.00526068
Zhu'26-style Aggregate-DPP,8,10,7,0.34857734,1.328717478,15.61054054,0.3368478364,0.08162162162,16.89944297
Zhu'26-style Aggregate-DPP,8,10,8,0.2223217792,2.03354937,18.12297297,0.5430126427,0.05621621622,575.5261907
Zhu'26-style Aggregate-DPP,8,10,9,0.6900300697,0.6616731043,8.433783784,0.1539731197,0.1451351351,2.23171173
Zhu'26-style Aggregate-DPP,8,10,10,0.2104662511,2.146920017,21.59081081,0.5657424369,0.04648648649,703.6698179
Zhu'26-style Aggregate-DPP,8,10,11,0.2177243916,2.075867389,22.16486486,0.564972557,0.0572972973,650.8885151
Zhu'26-style Aggregate-DPP,8,11,0,0.95,0.3358641596,5.354054054,0.07479785609,0.1889189189,0.3358641596
Zhu'26-style Aggregate-DPP,8,11,1,0.2935060875,1.559243329,15.21054054,0.4108816879,0.07783783784,86.1521857
Zhu'26-style Aggregate-DPP,8,11,2,0.6227889451,0.7487311135,9.377297297,0.1819214246,0.1478378378,3.538580022
Zhu'26-style Aggregate-DPP,8,11,3,0.4312530983,1.088976442,12.2772973,0.2928463676,0.1005405405,10.78189279
Zhu'26-style Aggregate-DPP,8,11,4,0.6153269509,0.7590395275,9.847837838,0.1778614244,0.1297297297,3.067513857
Zhu'26-style Aggregate-DPP,8,11,5,0.4183303984,1.120756955,15.26891892,0.3035130996,0.09297297297,19.41904246
Zhu'26-style Aggregate-DPP,8,11,6,0.9434799305,0.3508668233,5.477297297,0.08050971163,0.1872972973,0.3508668233
Zhu'26-style Aggregate-DPP,8,11,7,0.4987828682,0.9460759936,12.62432432,0.2421443151,0.1110810811,13.14405183
Zhu'26-style Aggregate-DPP,8,11,8,0.6260188518,0.7443154627,10.56486486,0.1643529008,0.1294594595,2.531785553
Zhu'26-style Aggregate-DPP,8,11,9,0.4351735249,1.079661914,12.91864865,0.2909251159,0.1108108108,10.71188595
Zhu'26-style Aggregate-DPP,8,11,10,0.2492611008,1.819920828,17.58945946,0.4918704939,0.06081081081,372.1152854
Zhu'26-style Aggregate-DPP,8,11,11,0.2092716103,2.159149808,22.86702703,0.541538114,0.0527027027,546.2766094
Zhu'26-style Aggregate-DPP,8,12,0,0.2277146089,1.986329388,17.58594595,0.5180561783,0.06486486486,481.8235756
Zhu'26-style Aggregate-DPP,8,12,1,0.9318683167,0.369039043,5.244054054,0.07899430326,0.187027027,0.369039043
Zhu'26-style Aggregate-DPP,8,12,2,0.4490225566,1.047885528,13.03486486,0.293407948,0.1075675676,23.17736065
Zhu'26-style Aggregate-DPP,8,12,3,0.364868936,1.273544601,15.48135135,0.3428244386,0.08675675676,21.84760564
Zhu'26-style Aggregate-DPP,8,12,4,0.3264467419,1.412123145,15.41459459,0.3786016649,0.08513513514,29.93348218
Zhu'26-style Aggregate-DPP,8,12,5,0.2532754659,1.792296255,19.70891892,0.4824667756,0.0527027027,357.4032149
Zhu'26-style Aggregate-DPP,8,12,6,0.5108922966,0.9237509324,10.9627027,0.2236975231,0.1148648649,4.285011189
Zhu'26-style Aggregate-DPP,8,12,7,0.7249468559,0.6195927545,7.702432432,0.1381524385,0.1516216216,1.497963773
Zhu'26-style Aggregate-DPP,8,12,8,0.885090931,0.4325165816,6.047027027,0.09912812466,0.1775675676,0.5300663265
Zhu'26-style Aggregate-DPP,8,12,9,0.3371942215,1.370290719,14.90675676,0.3388691913,0.07945945946,21.07686169
Zhu'26-style Aggregate-DPP,8,12,10,0.4510893652,1.043286736,13.84189189,0.2577200208,0.09945945946,8.865734725
Zhu'26-style Aggregate-DPP,8,12,11,0.3770521179,1.235229773,14.23972973,0.3088074432,0.0872972973,18.91597409
Zhu'26-style Aggregate-DPP,8,13,0,0.931036637,0.3702883284,6.426756757,0.08666748444,0.1808108108,0.3702883284
Zhu'26-style Aggregate-DPP,8,13,1,0.7159624459,0.6302691506,7.956216216,0.1645513512,0.1635135135,2.011884054
Zhu'26-style Aggregate-DPP,8,13,2,0.6775674106,0.6771299559,9.084054054,0.1575699708,0.1410810811,1.508519823
Zhu'26-style Aggregate-DPP,8,13,3,0.3509019354,1.320546841,14.87486486,0.3643995472,0.09135135135,31.33140306
Zhu'26-style Aggregate-DPP,8,13,4,0.95,0.2764601871,5.47027027,0.06552853624,0.2002702703,0.2764601871
Zhu'26-style Aggregate-DPP,8,13,5,0.7562371291,0.5830294735,6.66,0.1429210088,0.1708108108,1.132117894
Zhu'26-style Aggregate-DPP,8,13,6,0.2357345475,1.920506701,18.34378378,0.5403371555,0.06054054054,561.1264914
Zhu'26-style Aggregate-DPP,8,13,7,0.5713184825,0.8232731646,9.988648649,0.2249538296,0.1375675676,6.581829115
Zhu'26-style Aggregate-DPP,8,13,8,0.95,0.2265612916,4.885135135,0.05443594277,0.2059459459,0.2265612916
Zhu'26-style Aggregate-DPP,8,13,9,0.8385292043,0.488449848,6.100540541,0.1205283003,0.1889189189,0.8422492401
Zhu'26-style Aggregate-DPP,8,13,10,0.9458583108,0.3469497415,5.649189189,0.0718279735,0.1764864865,0.3469497415
Zhu'26-style Aggregate-DPP,8,13,11,0.3749843981,1.241568686,13.15297297,0.3295190405,0.1059459459,13.35607978
Zhu'26-style Aggregate-DPP,8,14,0,0.3969158517,1.177446822,13.32243243,0.307727318,0.09216216216,15.49787287
Zhu'26-style Aggregate-DPP,8,14,1,0.64914127,0.7134614509,9.938108108,0.1781725353,0.1354054054,8.43076643
Zhu'26-style Aggregate-DPP,8,14,2,0.685168137,0.6676722331,8.549189189,0.1634894711,0.1416216216,1.470688932
Zhu'26-style Aggregate-DPP,8,14,3,0.2123384503,2.128067317,20.94081081,0.554447809,0.05351351351,621.5725283
Zhu'26-style Aggregate-DPP,8,14,4,0.8391928019,0.4876767217,6.74027027,0.1122974505,0.1721621622,0.9260603305
Zhu'26-style Aggregate-DPP,8,14,5,0.2547057577,1.782678959,16.21189189,0.4649419448,0.06972972973,272.4711068
Zhu'26-style Aggregate-DPP,8,14,6,0.6450583303,0.7188179662,9.258648649,0.1806758672,0.1372972973,2.550543729
Zhu'26-style Aggregate-DPP,8,14,7,0.3536782427,1.310923092,18.16810811,0.3429658252,0.08,19.66046204
Zhu'26-style Aggregate-DPP,8,14,8,0.3495021855,1.325454306,15.32486486,0.3456928124,0.08324324324,25.14179619
Zhu'26-style Aggregate-DPP,8,14,9,0.2638904463,1.723560971,18.09216216,0.4257661425,0.06378378378,126.2374096
Zhu'26-style Aggregate-DPP,8,14,10,0.8142278578,0.5165166625,6.524324324,0.1151692558,0.1672972973,0.7495499874
Zhu'26-style Aggregate-DPP,8,14,11,0.4332858251,1.084128614,13.47945946,0.2695671149,0.1013513514,11.50321536
Zhu'26-style Aggregate-DPP,8,15,0,0.95,0.2609434761,4.999189189,0.05797176684,0.1943243243,0.2609434761
Zhu'26-style Aggregate-DPP,8,15,1,0.6682774533,0.6888292002,7.506486486,0.1766753814,0.1635135135,2.421804401
Zhu'26-style Aggregate-DPP,8,15,2,0.3936552323,1.186565108,12.47378378,0.3232588186,0.1097297297,10.93130216
Zhu'26-style Aggregate-DPP,8,15,3,0.8783623152,0.4408835581,6.507027027,0.09544533243,0.1702702703,0.6044177903
Zhu'26-style Aggregate-DPP,8,15,4,0.2542081145,1.786011998,17.08810811,0.5010487714,0.07162162162,411.0131982
Zhu'26-style Aggregate-DPP,8,15,5,0.6112416568,0.7647485898,8.501891892,0.1932540355,0.1510810811,2.706480257
Zhu'26-style Aggregate-DPP,8,15,6,0.1961261937,2.305041448,18.66675676,0.6429196686,0.05513513514,970.7111312
Zhu'26-style Aggregate-DPP,8,15,7,0.2603661895,1.74572184,14.98567568,0.4930484655,0.07297297297,367.8910833
Zhu'26-style Aggregate-DPP,8,15,8,0.4858854259,0.9708198352,11.02162162,0.2500517035,0.1189189189,6.849838022
Zhu'26-style Aggregate-DPP,8,15,9,0.9440218225,0.349980936,5.362702703,0.07832005812,0.1881081081,0.349980936
Zhu'26-style Aggregate-DPP,8,15,10,0.777121657,0.5589976316,7.668108108,0.1258500073,0.152972973,1.35398579
Zhu'26-style Aggregate-DPP,8,15,11,0.6438927182,0.7203540735,9.873783784,0.1666548884,0.1305405405,2.242478515
Zhu'26-style Aggregate-DPP,8,16,0,0.3932789834,1.187626136,14.45081081,0.2997953543,0.08972972973,14.41641022
Zhu'26-style Aggregate-DPP,8,16,1,0.7735119064,0.5631378354,7.69,0.1385014676,0.1608108108,1.541964848
Zhu'26-style Aggregate-DPP,8,16,2,0.901603995,0.4113518347,5.802162162,0.09038622746,0.18,0.4454073388
Zhu'26-style Aggregate-DPP,8,16,3,0.8416273572,0.4848363331,7.142972973,0.1020777037,0.16,0.8241816656
Zhu'26-style Aggregate-DPP,8,16,4,0.2260479039,2.00065631,16.21540541,0.524496384,0.06108108108,547.9035644
Zhu'26-style Aggregate-DPP,8,16,5,0.7045979448,0.6439160289,7.148378378,0.1531475961,0.1578378378,2.107412202
Zhu'26-style Aggregate-DPP,8,16,6,0.6624829137,0.6962092138,8.545405405,0.1774392672,0.1505405405,6.693857986
Zhu'26-style Aggregate-DPP,8,16,7,0.1982197585,2.280313362,19.63513514,0.6255454222,0.05297297297,896.4203108
Zhu'26-style Aggregate-DPP,8,16,8,0.7522839954,0.5876051337,7.390810811,0.1407076077,0.1691891892,1.876051337
Zhu'26-style Aggregate-DPP,8,16,9,0.3841282698,1.214015836,12.8327027,0.3271280509,0.1016216216,13.57842757
Zhu'26-style Aggregate-DPP,8,16,10,0.2247729528,2.011774821,20.77486486,0.5290424055,0.05864864865,510.740012
Zhu'26-style Aggregate-DPP,8,16,11,0.2144342016,2.107404393,16.73432432,0.5695687548,0.06108108108,668.8152958
Zhu'26-style Aggregate-DPP,8,17,0,0.6058267012,0.772389876,9.657837838,0.1914274368,0.137027027,4.358238016
Zhu'26-style Aggregate-DPP,8,17,1,0.4606290406,1.022513998,11.48621622,0.2547994341,0.1140540541,10.40525197
Zhu'26-style Aggregate-DPP,8,17,2,0.8627452041,0.4598691245,5.37027027,0.1094985672,0.1927027027,0.5796073736
Zhu'26-style Aggregate-DPP,8,17,3,0.95,0.2139841101,4.493783784,0.05210802249,0.2078378378,0.2139841101
Zhu'26-style Aggregate-DPP,8,17,4,0.8920394043,0.4237308779,5.983243243,0.09894688609,0.1821621622,0.4949235117
Zhu'26-style Aggregate-DPP,8,17,5,0.9329954481,0.3673358894,5.424594595,0.08468581449,0.1948648649,0.3673358894
Zhu'26-style Aggregate-DPP,8,17,6,0.2434414901,1.861711545,19.89162162,0.513228588,0.06,459.9718915
Zhu'26-style Aggregate-DPP,8,17,7,0.2237143759,2.021113381,24.46,0.5380531568,0.04756756757,545.5590705
Zhu'26-style Aggregate-DPP,8,17,8,0.7874097494,0.5472165522,7.455135135,0.1356209671,0.1713513514,1.283299313
Zhu'26-style Aggregate-DPP,8,17,9,0.2072792387,2.179902851,20.36243243,0.6038920061,0.05378378378,788.8137194
Zhu'26-style Aggregate-DPP,8,17,10,0.95,0.241873434,5.180810811,0.05406198106,0.1927027027,0.241873434
Zhu'26-style Aggregate-DPP,8,17,11,0.5223938409,0.9032962107,10.54378378,0.2412045017,0.1259459459,4.336258318
Zhu'26-style Aggregate-DPP,8,18,0,0.95,0.2641897105,4.744324324,0.06304851739,0.2056756757,0.2641897105
Zhu'26-style Aggregate-DPP,8,18,1,0.2298402862,1.968390267,17.64540541,0.5570012459,0.06540540541,649.1965146
Zhu'26-style Aggregate-DPP,8,18,2,0.2514208534,1.804941085,16.0827027,0.5029443941,0.06702702703,424.684604
Zhu'26-style Aggregate-DPP,8,18,3,0.95,0.3377909827,4.967837838,0.07787451574,0.1972972973,0.3377909827
Zhu'26-style Aggregate-DPP,8,18,4,0.8064515181,0.5254308787,6.978378378,0.1242573024,0.1748648649,1.027154393
Zhu'26-style Aggregate-DPP,8,18,5,0.2889292384,1.582364629,16.04486486,0.4332257754,0.08405405405,152.2243407
Zhu'26-style Aggregate-DPP,8,18,6,0.86964094,0.451552802,6.208648649,0.1104473745,0.1889189189,0.709316812
Zhu'26-style Aggregate-DPP,8,18,7,0.95,0.2372894534,4.901081081,0.0557309554,0.2005405405,0.2372894534
Zhu'26-style Aggregate-DPP,8,18,8,0.4229897239,1.10910177,11.96135135,0.2985582063,0.1048648649,19.16407081
Zhu'26-style Aggregate-DPP,8,18,9,0.9113191376,0.3983676074,5.127297297,0.09237821816,0.1921621622,0.3983676074
Zhu'26-style Aggregate-DPP,8,18,10,0.93510967,0.3641087485,5.552702703,0.08669724524,0.1943243243,0.3641087485
Zhu'26-style Aggregate-DPP,8,18,11,0.8418183031,0.4846132827,6.870540541,0.1164381644,0.1805405405,0.992292979
Zhu'26-style Aggregate-DPP,8,19,0,0.8339118425,0.4938172966,6.614594595,0.1158468685,0.1762162162,0.8690864829
Zhu'26-style Aggregate-DPP,8,19,1,0.4218873338,1.111838862,13.44108108,0.2629348661,0.09162162162,8.813099521
Zhu'26-style Aggregate-DPP,8,19,2,0.3658373363,1.270411673,15.3927027,0.3217231723,0.08081081081,14.60823346
Zhu'26-style Aggregate-DPP,8,19,3,0.3670076204,1.266646367,13.00702703,0.3437062035,0.09567567568,17.39920833
Zhu'26-style Aggregate-DPP,8,19,4,0.481511622,0.9794527448,11.89216216,0.2408924318,0.1091891892,6.112338428
Zhu'26-style Aggregate-DPP,8,19,5,0.1930715746,2.342239302,19.71918919,0.5899910891,0.05216216216,757.7901914
Zhu'26-style Aggregate-DPP,8,19,6,0.2120595117,2.1308523,20.09297297,0.5592047522,0.05567567568,631.9480963
Zhu'26-style Aggregate-DPP,8,19,7,0.3057773787,1.500722279,14.48081081,0.4072230184,0.08135135135,68.95680573
Zhu'26-style Aggregate-DPP,8,19,8,0.5446939528,0.8655191693,9.740540541,0.218017261,0.1313513514,3.855191693
Zhu'26-style Aggregate-DPP,8,19,9,0.4653449839,1.012509865,10.42324324,0.2558639793,0.1162162162,5.375138106
Zhu'26-style Aggregate-DPP,8,19,10,0.3623629999,1.281724896,14.49243243,0.3242417574,0.08351351351,18.39589541
Zhu'26-style Aggregate-DPP,8,19,11,0.8770434254,0.4425090154,6.488378378,0.09519923683,0.1724324324,0.5700360617
Known-Transition Safe,2,0,0,0.95,0.3369544871,4.657567568,0.08451182812,0.2035135135,0.3369544871
Known-Transition Safe,2,0,1,0.2315765095,1.95400716,20.17243243,0.3865765516,0.04297297297,23.99862288
Known-Transition Safe,2,0,2,0.95,0.2191119648,4.902972973,0.05750208589,0.2089189189,0.2191119648
Known-Transition Safe,2,0,3,0.8081176242,0.5235225351,6.253513514,0.1410680993,0.1821621622,2.252838027
Known-Transition Safe,2,0,4,0.6281327393,0.7414402559,9.066486486,0.2174223453,0.1343243243,12.39905049
Known-Transition Safe,2,0,5,0.795200025,0.5383055036,6.221081081,0.1515984689,0.1864864865,3.181026583
Known-Transition Safe,2,0,6,0.3394136806,1.361973486,13.80891892,0.3806163743,0.07702702703,23.99879185
Known-Transition Safe,2,0,7,0.9476946562,0.3438720469,4.947567568,0.08243635286,0.1959459459,0.3438720469
Known-Transition Safe,2,0,8,0.5005847781,0.9427001774,10.96702703,0.2718543485,0.1072972973,18.67880781
Known-Transition Safe,2,0,9,0.95,0.2738400263,4.698378378,0.06172502214,0.1978378378,0.2738400263
Known-Transition Safe,2,0,10,0.23436609,1.931388168,19.52027027,0.3784476816,0.04864864865,23.99858589
Known-Transition Safe,2,0,11,0.2528380647,1.795260579,19.02648649,0.3871940384,0.0527027027,23.9962049
Known-Transition Safe,2,1,0,0.5605092249,0.8400796556,9.196216216,0.2754098979,0.1337837838,15.16310657
Known-Transition Safe,2,1,1,0.2181252996,2.072097608,23.23513514,0.3897783609,0.03864864865,23.99874277
Known-Transition Safe,2,1,2,0.2316669551,1.953264399,20.65756757,0.391180789,0.04297297297,23.99172785
Known-Transition Safe,2,1,3,0.3707979081,1.254604531,12.77702703,0.3662088901,0.08918918919,23.9835314
Known-Transition Safe,2,1,4,0.95,0.2976063768,4.155945946,0.07705592133,0.2237837838,0.2976063768
Known-Transition Safe,2,1,5,0.95,0.2276934429,3.940810811,0.0628310825,0.2413513514,0.2276934429
Known-Transition Safe,2,1,6,0.2020086086,2.237061952,27.35594595,0.3911835359,0.03054054054,23.98732788
Known-Transition Safe,2,1,7,0.95,0.2579608484,4.351621622,0.06630290995,0.2259459459,0.2579608484
Known-Transition Safe,2,1,8,0.325972712,1.414030367,14.64108108,0.3836990509,0.0727027027,23.99946182
Known-Transition Safe,2,1,9,0.8362721814,0.4910760745,5.907297297,0.1485173317,0.2064864865,1.310760745
Known-Transition Safe,2,1,10,0.2993435181,1.530799061,13.96,0.3818723062,0.06783783784,23.92397182
Known-Transition Safe,2,1,11,0.2334007936,1.939147999,19.07405405,0.3914982581,0.05,23.9853838
Known-Transition Safe,2,2,0,0.2983974043,1.535332493,15.92297297,0.378023757,0.05972972973,23.99791679
Known-Transition Safe,2,2,1,0.4720337023,0.9986066978,9.495405405,0.2545097611,0.1151351351,10.97074065
Known-Transition Safe,2,2,2,0.7619171253,0.5764720931,6.283783784,0.1515965802,0.1724324324,2.517665117
Known-Transition Safe,2,2,3,0.95,0.328976203,4.950810811,0.080465801,0.1959459459,0.328976203
Known-Transition Safe,2,2,4,0.6042558466,0.7746227687,8.831081081,0.2309213281,0.1332432432,7.517832605
Known-Transition Safe,2,2,5,0.7527600943,0.5870535051,6.684054054,0.1629470134,0.17,3.179909587
Known-Transition Safe,2,2,6,0.6803453125,0.6736618433,7.474594595,0.1740596547,0.1564864865,4.820560553
Known-Transition Safe,2,2,7,0.2438339011,1.858825842,20.56972973,0.3958796658,0.04378378378,23.97714588
Known-Transition Safe,2,2,8,0.7053294905,0.6430324214,7.180540541,0.1805704556,0.1591891892,3.888518743
Known-Transition Safe,2,2,9,0.1925045361,2.34929577,22.84702703,0.3898561089,0.03594594595,23.98309848
Known-Transition Safe,2,2,10,0.95,0.2710575607,4.805675676,0.06769113137,0.2013513514,0.2710575607
Known-Transition Safe,2,2,11,0.2931742638,1.560894842,15.74243243,0.3868488027,0.06216216216,23.99901395
Known-Transition Safe,2,3,0,0.2469621281,1.836175919,17.25567568,0.3905595805,0.05,23.97935105
Known-Transition Safe,2,3,1,0.8215561338,0.5080937316,5.797567568,0.1500936348,0.2040540541,2.669968363
Known-Transition Safe,2,3,2,0.8932287906,0.4222105672,4.65027027,0.1170778492,0.2254054054,0.5998951051
Known-Transition Safe,2,3,3,0.3220866759,1.429873819,12.48189189,0.3918627169,0.07972972973,23.99608902
Known-Transition Safe,2,3,4,0.225348274,2.006740312,18.50135135,0.3801959347,0.04864864865,23.98861646
Known-Transition Safe,2,3,5,0.2465631425,1.839030251,21.08108108,0.3936518807,0.04540540541,23.97623681
Known-Transition Safe,2,3,6,0.4834834838,0.9755450403,9.365675676,0.3113834304,0.1275675676,23.45933754
Known-Transition Safe,2,3,7,0.2778755806,1.641436133,16.55297297,0.3890647266,0.0627027027,23.99058221
Known-Transition Safe,2,3,8,0.2645088005,1.719737046,18.02405405,0.3927507578,0.05648648649,23.99211138
Known-Transition Safe,2,3,9,0.3014458345,1.520828652,15.37432432,0.3810292326,0.06405405405,23.98667143
Known-Transition Safe,2,3,10,0.9387067142,0.3585144156,4.45,0.09350443543,0.2145945946,0.3585144156
Known-Transition Safe,2,3,11,0.2969367479,1.542388958,16.4727027,0.3718407976,0.06297297297,23.95601503
Known-Transition Safe,2,4,0,0.662118963,0.6966749552,7.558648649,0.1882905284,0.1454054054,5.62352397
Known-Transition Safe,2,4,1,0.6741961796,0.6813572012,7.901891892,0.1788102277,0.1462162162,6.589858426
Known-Transition Safe,2,4,2,0.3640876,1.27608378,13.22459459,0.3048805572,0.07972972973,23.99551877
Known-Transition Safe,2,4,3,0.2460798207,1.842501298,18.65594595,0.3734799928,0.05,23.99257917
Known-Transition Safe,2,4,4,0.2372011855,1.908996959,20.77432432,0.3745761601,0.04324324324,23.9979331
Known-Transition Safe,2,4,5,0.4128728207,1.13470463,11.79027027,0.3247708658,0.09378378378,20.23702502
Known-Transition Safe,2,4,6,0.5024050881,0.9393093506,10.02324324,0.2647836899,0.11,14.75444597
Known-Transition Safe,2,4,7,0.4159209977,1.126874486,12.14135135,0.2789775755,0.0872972973,23.93934366
Known-Transition Safe,2,4,8,0.2309431598,1.959226317,19.91837838,0.383902454,0.04567567568,23.99644225
Known-Transition Safe,2,4,9,0.4380235493,1.072981387,12.31594595,0.3001447935,0.0872972973,19.07080879
Known-Transition Safe,2,4,10,0.7287104513,0.6151471375,7.300540541,0.1629308634,0.1551351351,3.902942749
Known-Transition Safe,2,4,11,0.5641011845,0.8344446437,8.557297297,0.2280063608,0.1316216216,7.923337518
Known-Transition Safe,2,5,0,0.9411489522,0.3546353857,4.969459459,0.08511249256,0.2,0.3546353857
Known-Transition Safe,2,5,1,0.4821824971,0.9781203331,10.35945946,0.2749311207,0.1124324324,10.806166
Known-Transition Safe,2,5,2,0.3825098869,1.218803669,11.36945946,0.3366533378,0.08621621622,23.94190087
Known-Transition Safe,2,5,3,0.7544254172,0.5851252029,7.217027027,0.1562442434,0.1681081081,4.628130071
Known-Transition Safe,2,5,4,0.3523107703,1.315645181,13.32621622,0.342067747,0.08459459459,23.96048494
Known-Transition Safe,2,5,5,0.8677360717,0.4538598372,6.045675676,0.1165315798,0.1797297297,0.9924582096
Known-Transition Safe,2,5,6,0.95,0.2241414152,4.583243243,0.05536898744,0.2094594595,0.2241414152
Known-Transition Safe,2,5,7,0.2189202535,2.064668323,20.82972973,0.3788945381,0.0427027027,23.99272794
Known-Transition Safe,2,5,8,0.8265150398,0.5023771293,5.962702703,0.138357377,0.182972973,1.935656939
Known-Transition Safe,2,5,9,0.3376263363,1.368663091,13.05621622,0.36768949,0.07945945946,23.99347444
Known-Transition Safe,2,5,10,0.2625732011,1.731770293,19.07405405,0.3786492343,0.04675675676,23.98688244
Known-Transition Safe,2,5,11,0.2699141276,1.687095206,17.08081081,0.3807363505,0.05756756757,23.97409316
Known-Transition Safe,2,6,0,0.6600953202,0.6992694381,8.148108108,0.2010872114,0.1405405405,8.77662202
Known-Transition Safe,2,6,1,0.4082536129,1.146768836,12.84216216,0.3176859614,0.08405405405,21.0433716
Known-Transition Safe,2,6,2,0.95,0.2551559305,4.788108108,0.05765144809,0.1924324324,0.2551559305
Known-Transition Safe,2,6,3,0.8542797728,0.4699577518,6.093243243,0.1197757189,0.1748648649,1.58928178
Known-Transition Safe,2,6,4,0.5796663152,0.8105930222,9.691891892,0.2081252354,0.1167567568,7.411860445
Known-Transition Safe,2,6,5,0.95,0.2156180293,4.692702703,0.04895112016,0.1943243243,0.2156180293
Known-Transition Safe,2,6,6,0.7238759829,0.6208604762,8.015945946,0.1438047103,0.1348648649,3.175488572
Known-Transition Safe,2,6,7,0.298421524,1.535216558,15.24486486,0.3593236593,0.06081081081,23.91563052
Known-Transition Safe,2,6,8,0.95,0.2628816135,4.514054054,0.05904178941,0.1932432432,0.2628816135
Known-Transition Safe,2,6,9,0.3698913443,1.257463669,14.62783784,0.3401949006,0.07216216216,23.95376474
Known-Transition Safe,2,6,10,0.95,0.2571157349,4.704594595,0.06059592454,0.1967567568,0.2571157349
Known-Transition Safe,2,6,11,0.5870736138,0.7995478023,9.126486486,0.2193354106,0.1308108108,9.986886268
Known-Transition Safe,2,7,0,0.95,0.2129344738,4.840810811,0.05283076945,0.2067567568,0.2129344738
Known-Transition Safe,2,7,1,0.8194645516,0.5105004868,5.46972973,0.1279010679,0.1856756757,1.615505355
Known-Transition Safe,2,7,2,0.5139536145,0.9182376412,9.672972973,0.2925951835,0.1221621622,16.6389315
Known-Transition Safe,2,7,3,0.1957148488,2.309972111,26.27324324,0.3877007245,0.03081081081,23.99776885
Known-Transition Safe,2,7,4,0.2668165055,1.705631049,18.75081081,0.3770827562,0.05243243243,23.99689119
Known-Transition Safe,2,7,5,0.95,0.2143947682,4.647027027,0.05243980141,0.2051351351,0.2143947682
Known-Transition Safe,2,7,6,0.9166527097,0.3910280632,5.084054054,0.1030411788,0.2037837838,0.3910280632
Known-Transition Safe,2,7,7,0.2817874583,1.619983796,17.60972973,0.3866069438,0.05594594595,23.99935185
Known-Transition Safe,2,7,8,0.4060368001,1.152645744,10.94918919,0.318379446,0.09648648649,21.44789253
Known-Transition Safe,2,7,9,0.95,0.2643493157,4.638648649,0.0659444374,0.2048648649,0.2643493157
Known-Transition Safe,2,7,10,0.95,0.2202876177,4.526756757,0.05679848306,0.2159459459,0.2202876177
Known-Transition Safe,2,7,11,0.8957240492,0.4190042049,5.168648649,0.1104132702,0.2021621622,0.8370967137
Known-Transition Safe,2,8,0,0.924502767,0.3798996382,4.587567568,0.09682306995,0.202972973,0.3798996382
Known-Transition Safe,2,8,1,0.7675714746,0.5699618165,6.667027027,0.1655970143,0.1740540541,3.739159964
Known-Transition Safe,2,8,2,0.2938168902,1.557699888,16.46702703,0.3725849733,0.0572972973,23.99338414
Known-Transition Safe,2,8,3,0.223720696,2.021057334,24.05324324,0.3850933569,0.03945945946,23.97965746
Known-Transition Safe,2,8,4,0.8564804989,0.4673466129,5.414594595,0.1168366532,0.1875675676,1.208159354
Known-Transition Safe,2,8,5,0.95,0.2347890628,4.564054054,0.05895109172,0.2110810811,0.2347890628
Known-Transition Safe,2,8,6,0.4732619221,0.9960890923,10.38837838,0.284019998,0.1121621622,12.70613822
Known-Transition Safe,2,8,7,0.198994158,2.271318822,23.20189189,0.3848964598,0.03486486486,23.99884749
Known-Transition Safe,2,8,8,0.3554966144,1.304697623,12.38378378,0.3533262211,0.08432432432,23.95971917
Known-Transition Safe,2,8,9,0.365156396,1.272612991,13.36540541,0.3484207998,0.07945945946,23.95552233
Known-Transition Safe,2,8,10,0.95,0.2590903055,4.497567568,0.06491262518,0.2102702703,0.2590903055
Known-Transition Safe,2,8,11,0.8950142286,0.4199186836,4.848648649,0.1150804176,0.2089189189,0.5991868362
Known-Transition Safe,2,9,0,0.3257577326,1.414897118,15.65405405,0.37360932,0.0627027027,23.99810689
Known-Transition Safe,2,9,1,0.6871221964,0.6652565043,7.618648649,0.1853728259,0.1527027027,7.292438624
Known-Transition Safe,2,9,2,0.2523803769,1.798374164,20.02,0.3902957983,0.04486486486,23.99026718
Known-Transition Safe,2,9,3,0.1963495047,2.302374716,24.66648649,0.3914037018,0.03405405405,23.99736337
Known-Transition Safe,2,9,4,0.5437054116,0.8671448273,9.255675676,0.2636589002,0.1221621622,10.68866206
Known-Transition Safe,2,9,5,0.2493362779,1.819394726,22.5227027,0.395841285,0.04081081081,23.99284056
Known-Transition Safe,2,9,6,0.95,0.209506079,4.258108108,0.05209340342,0.2183783784,0.209506079
Known-Transition Safe,2,9,7,0.4363495231,1.076896197,10.00108108,0.3239420181,0.107027027,23.99860223
Known-Transition Safe,2,9,8,0.95,0.2790122724,4.49027027,0.07186451232,0.2151351351,0.2790122724
Known-Transition Safe,2,9,9,0.6652629851,0.6926602831,7.349189189,0.2104189617,0.1635135135,5.560545379
Known-Transition Safe,2,9,10,0.95,0.247425482,4.357837838,0.06219072925,0.217027027,0.247425482
Known-Transition Safe,2,9,11,0.2127973752,2.123503268,25.89108108,0.3960046635,0.03486486486,23.99864068
Known-Transition Safe,2,10,0,0.2210551088,2.045012567,19.63783784,0.3824726206,0.04648648649,23.99589223
Known-Transition Safe,2,10,1,0.5230742899,0.9021077578,11.00567568,0.2830667856,0.1110810811,11.15690946
Known-Transition Safe,2,10,2,0.4621770162,1.019211399,11.53162162,0.2889602048,0.1059459459,22.77978136
Known-Transition Safe,2,10,3,0.8877431859,0.4291816563,5.154864865,0.1110072554,0.2072972973,0.8669065008
Known-Transition Safe,2,10,4,0.3493760462,1.325898395,14.48324324,0.3264576858,0.0727027027,23.96827799
Known-Transition Safe,2,10,5,0.4491418585,1.047619095,10.80432432,0.3261776209,0.1121621622,23.98095672
Known-Transition Safe,2,10,6,0.5565464418,0.8463561798,8.848378378,0.2381234549,0.1308108108,14.11517865
Known-Transition Safe,2,10,7,0.34857734,1.328717478,14.32837838,0.3573172679,0.07513513514,23.90715644
Known-Transition Safe,2,10,8,0.2223217792,2.03354937,22.98486486,0.3858247724,0.03972972973,23.98978262
Known-Transition Safe,2,10,9,0.6900300697,0.6616731043,7.27972973,0.1929581837,0.162972973,6.358558652
Known-Transition Safe,2,10,10,0.2104662511,2.146920017,24.25540541,0.3922480896,0.03648648649,23.99724247
Known-Transition Safe,2,10,11,0.2177243916,2.075867389,25.86972973,0.3843159896,0.03513513514,23.99321517
Known-Transition Safe,2,11,0,0.95,0.3358641596,5.097837838,0.07888269047,0.1945945946,0.3358641596
Known-Transition Safe,2,11,1,0.2935060875,1.559243329,15.86756757,0.3569402971,0.06486486486,23.99535639
Known-Transition Safe,2,11,2,0.6227889451,0.7487311135,8.294864865,0.19426537,0.1494594595,14.26752238
Known-Transition Safe,2,11,3,0.4312530983,1.088976442,11.62324324,0.3278702045,0.09513513514,21.8724452
Known-Transition Safe,2,11,4,0.6153269509,0.7590395275,9.05027027,0.1946833815,0.1305405405,7.25310677
Known-Transition Safe,2,11,5,0.4183303984,1.120756955,12.51756757,0.3210817221,0.08918918919,23.48693118
Known-Transition Safe,2,11,6,0.9434799305,0.3508668233,5.04027027,0.08563047067,0.1908108108,0.3508668233
Known-Transition Safe,2,11,7,0.4987828682,0.9460759936,11.32540541,0.2626000123,0.1010810811,13.79797583
Known-Transition Safe,2,11,8,0.6260188518,0.7443154627,9.514594595,0.1834637032,0.127027027,12.28398758
Known-Transition Safe,2,11,9,0.4351735249,1.079661914,11.66108108,0.3052233412,0.1008108108,20.26951935
Known-Transition Safe,2,11,10,0.2492611008,1.819920828,19.19027027,0.3797240213,0.04864864865,23.99208275
Known-Transition Safe,2,11,11,0.2092716103,2.159149808,26.15675676,0.3740581154,0.03378378378,23.98724712
Known-Transition Safe,2,12,0,0.2277146089,1.986329388,18.5527027,0.3774025838,0.04432432432,23.9934339
Known-Transition Safe,2,12,1,0.9318683167,0.369039043,4.857567568,0.08547742158,0.1948648649,0.369039043
Known-Transition Safe,2,12,2,0.4490225566,1.047885528,11.52540541,0.3188970554,0.1016216216,23.91542114
Known-Transition Safe,2,12,3,0.364868936,1.273544601,13.71297297,0.3541830796,0.07837837838,23.99469485
Known-Transition Safe,2,12,4,0.3264467419,1.412123145,13.84,0.3507408569,0.07405405405,23.90923589
Known-Transition Safe,2,12,5,0.2532754659,1.792296255,19.42216216,0.3865547057,0.04567567568,23.99940524
Known-Transition Safe,2,12,6,0.5108922966,0.9237509324,9.786756757,0.2476651148,0.1159459459,13.3787845
Known-Transition Safe,2,12,7,0.7249468559,0.6195927545,6.931351351,0.1512141236,0.1554054054,3.113484072
Known-Transition Safe,2,12,8,0.885090931,0.4325165816,5.664324324,0.111752933,0.1859459459,0.7251658164
Known-Transition Safe,2,12,9,0.3371942215,1.370290719,15.20459459,0.3481279123,0.06918918919,23.87686169
Known-Transition Safe,2,12,10,0.4510893652,1.043286736,11.75513514,0.2749201535,0.09675675676,15.47174903
Known-Transition Safe,2,12,11,0.3770521179,1.235229773,12.12135135,0.3011289878,0.08351351351,22.55120386
Known-Transition Safe,2,13,0,0.931036637,0.3702883284,5.96,0.09287231589,0.1786486486,0.3702883284
Known-Transition Safe,2,13,1,0.7159624459,0.6302691506,7.050540541,0.1691506126,0.1540540541,4.08430641
Known-Transition Safe,2,13,2,0.6775674106,0.6771299559,8.671891892,0.1709295618,0.1364864865,5.142599117
Known-Transition Safe,2,13,3,0.3509019354,1.320546841,14.01702703,0.3433421787,0.07324324324,23.9506231
Known-Transition Safe,2,13,4,0.95,0.2764601871,4.99,0.06829313812,0.1994594595,0.2764601871
Known-Transition Safe,2,13,5,0.7562371291,0.5830294735,6.506756757,0.1503270588,0.1640540541,2.413324208
Known-Transition Safe,2,13,6,0.2357345475,1.920506701,22.06567568,0.3789107815,0.04216216216,23.9889113
Known-Transition Safe,2,13,7,0.5713184825,0.8232731646,9.073243243,0.2460919243,0.1318918919,11.87492177
Known-Transition Safe,2,13,8,0.95,0.2265612916,4.563783784,0.05510950336,0.2078378378,0.2265612916
Known-Transition Safe,2,13,9,0.8385292043,0.488449848,5.812972973,0.1262048797,0.1827027027,1.28449848
Known-Transition Safe,2,13,10,0.9458583108,0.3469497415,5.366216216,0.07323452651,0.1762162162,0.3469497415
Known-Transition Safe,2,13,11,0.3749843981,1.241568686,12.59702703,0.3160966763,0.08135135135,23.96941511
Known-Transition Safe,2,14,0,0.3969158517,1.177446822,12.20027027,0.3217293883,0.08783783784,20.41063876
Known-Transition Safe,2,14,1,0.64914127,0.7134614509,8.715945946,0.1970696224,0.1343243243,13.56538094
Known-Transition Safe,2,14,2,0.685168137,0.6676722331,7.892702703,0.1853241577,0.1391891892,5.485772429
Known-Transition Safe,2,14,3,0.2123384503,2.128067317,25.83810811,0.3962806436,0.03810810811,23.99093361
Known-Transition Safe,2,14,4,0.8391928019,0.4876767217,5.910540541,0.11928309,0.1754054054,1.364443939
Known-Transition Safe,2,14,5,0.2547057577,1.782678959,18.50135135,0.3709899456,0.05027027027,23.99376357
Known-Transition Safe,2,14,6,0.6450583303,0.7188179662,8.86,0.2113713371,0.1345945946,7.651631188
Known-Transition Safe,2,14,7,0.3536782427,1.310923092,15.20297297,0.3486346818,0.06945945946,23.92261625
Known-Transition Safe,2,14,8,0.3495021855,1.325454306,14.33027027,0.3514245067,0.07135135135,23.9636029
Known-Transition Safe,2,14,9,0.2638904463,1.723560971,19.09324324,0.3680035586,0.05243243243,23.98956077
Known-Transition Safe,2,14,10,0.8142278578,0.5165166625,6.166486486,0.1222888098,0.1708108108,1.79819995
Known-Transition Safe,2,14,11,0.4332858251,1.084128614,11.96081081,0.280408401,0.09108108108,17.30165903
Known-Transition Safe,2,15,0,0.95,0.2609434761,4.358648649,0.06170960583,0.2083783784,0.2609434761
Known-Transition Safe,2,15,1,0.6682774533,0.6888292002,6.858108108,0.1943615365,0.1686486486,4.798925604
Known-Transition Safe,2,15,2,0.3936552323,1.186565108,11.95324324,0.3341623898,0.09162162162,23.73559675
Known-Transition Safe,2,15,3,0.8783623152,0.4408835581,5.678108108,0.1070036311,0.1821621622,1.217671161
Known-Transition Safe,2,15,4,0.2542081145,1.786011998,19.70378378,0.381337697,0.04756756757,23.98869591
Known-Transition Safe,2,15,5,0.6112416568,0.7647485898,7.852162162,0.2190901365,0.1518918919,9.883463335
Known-Transition Safe,2,15,6,0.1961261937,2.305041448,23.90513514,0.3918570461,0.03081081081,23.99744541
Known-Transition Safe,2,15,7,0.2603661895,1.74572184,17.60567568,0.3906642387,0.05297297297,23.99517707
Known-Transition Safe,2,15,8,0.4858854259,0.9708198352,9.925135135,0.2849487408,0.1186486486,11.17869423
Known-Transition Safe,2,15,9,0.9440218225,0.349980936,4.797297297,0.08371165632,0.1989189189,0.349980936
Known-Transition Safe,2,15,10,0.777121657,0.5589976316,7.072702703,0.14730343,0.1591891892,3.57494079
Known-Transition Safe,2,15,11,0.6438927182,0.7203540735,8.627297297,0.1923540067,0.1324324324,5.125665177
Known-Transition Safe,2,16,0,0.3932789834,1.187626136,13.79972973,0.3428066793,0.08459459459,23.85958634
Known-Transition Safe,2,16,1,0.7735119064,0.5631378354,6.735675676,0.1742683301,0.1821621622,4.494135062
Known-Transition Safe,2,16,2,0.901603995,0.4113518347,5.111621622,0.1092861766,0.202972973,0.513518347
Known-Transition Safe,2,16,3,0.8416273572,0.4848363331,5.767297297,0.1178021253,0.1764864865,1.418035998
Known-Transition Safe,2,16,4,0.2260479039,2.00065631,19.93,0.3898576215,0.04513513514,23.80279983
Known-Transition Safe,2,16,5,0.7045979448,0.6439160289,6.158918919,0.1789042372,0.1748648649,4.234404549
Known-Transition Safe,2,16,6,0.6624829137,0.6962092138,7.582702703,0.2118733986,0.1616216216,10.2635317
Known-Transition Safe,2,16,7,0.1982197585,2.280313362,29.30513514,0.3944325815,0.03108108108,23.99666332
Known-Transition Safe,2,16,8,0.7522839954,0.5876051337,6.13027027,0.1659587472,0.1910810811,4.127312941
Known-Transition Safe,2,16,9,0.3841282698,1.214015836,11.84108108,0.3428774455,0.09486486486,23.23449091
Known-Transition Safe,2,16,10,0.2247729528,2.011774821,22.4027027,0.3860432764,0.04216216216,23.97713816
Known-Transition Safe,2,16,11,0.2144342016,2.107404393,21.32216216,0.3930024408,0.04189189189,23.99576873
Known-Transition Safe,2,17,0,0.6058267012,0.772389876,8.561891892,0.2148078871,0.1335135135,7.7097469
Known-Transition Safe,2,17,1,0.4606290406,1.022513998,10.24459459,0.2799477514,0.1083783784,12.5482139
Known-Transition Safe,2,17,2,0.8627452041,0.4598691245,4.852702703,0.1193173945,0.2048648649,1.298036868
Known-Transition Safe,2,17,3,0.95,0.2139841101,4.088648649,0.05725520784,0.2205405405,0.2139841101
Known-Transition Safe,2,17,4,0.8920394043,0.4237308779,5.158378378,0.1106281157,0.1962162162,0.6847705352
Known-Transition Safe,2,17,5,0.9329954481,0.3673358894,4.74027027,0.09233037219,0.2097297297,0.3673358894
Known-Transition Safe,2,17,6,0.2434414901,1.861711545,20.00216216,0.3874372674,0.04783783784,23.99863513
Known-Transition Safe,2,17,7,0.2237143759,2.021113381,24.35216216,0.3829190487,0.03486486486,23.98581206
Known-Transition Safe,2,17,8,0.7874097494,0.5472165522,6.392972973,0.1544038056,0.1818918919,4.605362776
Known-Transition Safe,2,17,9,0.2072792387,2.179902851,32.99594595,0.3959174908,0.03135135135,23.99805703
Known-Transition Safe,2,17,10,0.95,0.241873434,4.548108108,0.05961853292,0.2048648649,0.241873434
Known-Transition Safe,2,17,11,0.5223938409,0.9032962107,9.399459459,0.2717212656,0.1210810811,11.73184843
Known-Transition Safe,2,18,0,0.95,0.2641897105,4.415135135,0.06847511685,0.2202702703,0.2641897105
Known-Transition Safe,2,18,1,0.2298402862,1.968390267,21.4072973,0.3899540719,0.04216216216,23.99883016
Known-Transition Safe,2,18,2,0.2514208534,1.804941085,17.29513514,0.3863549565,0.05216216216,23.9927023
Known-Transition Safe,2,18,3,0.95,0.3377909827,4.472702703,0.08481292512,0.2116216216,0.3377909827
Known-Transition Safe,2,18,4,0.8064515181,0.5254308787,6.235135135,0.1360439951,0.1816216216,2.257755816
Known-Transition Safe,2,18,5,0.2889292384,1.582364629,16.50675676,0.3707865225,0.06351351351,23.98877293
Known-Transition Safe,2,18,6,0.86964094,0.451552802,5.608378378,0.1216751739,0.192972973,1.121739228
Known-Transition Safe,2,18,7,0.95,0.2372894534,4.583783784,0.0611821996,0.2110810811,0.2372894534
Known-Transition Safe,2,18,8,0.4229897239,1.10910177,10.21783784,0.3069514088,0.1013513514,23.23712392
Known-Transition Safe,2,18,9,0.9113191376,0.3983676074,4.678918919,0.09829989881,0.1986486486,0.3983676074
Known-Transition Safe,2,18,10,0.93510967,0.3641087485,5.260540541,0.09584916784,0.2037837838,0.3641087485
Known-Transition Safe,2,18,11,0.8418183031,0.4846132827,6.078918919,0.1309765629,0.1951351351,2.584531309
Known-Transition Safe,2,19,0,0.8339118425,0.4938172966,5.713783784,0.1303944591,0.1840540541,1.150538373
Known-Transition Safe,2,19,1,0.4218873338,1.111838862,11.82135135,0.2842701524,0.08648648649,18.69068245
Known-Transition Safe,2,19,2,0.3658373363,1.270411673,14.26081081,0.333053871,0.07675675676,23.98499219
Known-Transition Safe,2,19,3,0.3670076204,1.266646367,11.81216216,0.3495259301,0.08621621622,23.93274466
Known-Transition Safe,2,19,4,0.481511622,0.9794527448,10.44648649,0.2686877124,0.1067567568,15.26029881
Known-Transition Safe,2,19,5,0.1930715746,2.342239302,23.27297297,0.3823547402,0.03459459459,23.99135023
Known-Transition Safe,2,19,6,0.2120595117,2.1308523,26.63432432,0.3858570381,0.03378378378,23.99687649
Known-Transition Safe,2,19,7,0.3057773787,1.500722279,15.00135135,0.3703133623,0.06324324324,23.98450662
Known-Transition Safe,2,19,8,0.5446939528,0.8655191693,8.987297297,0.2502987868,0.1286486486,12.5034984
Known-Transition Safe,2,19,9,0.4653449839,1.012509865,10.31135135,0.2876075318,0.1081081081,14.53776635
Known-Transition Safe,2,19,10,0.3623629999,1.281724896,13.08567568,0.3394838913,0.07567567568,23.99179083
Known-Transition Safe,2,19,11,0.8770434254,0.4425090154,5.446486486,0.1056041785,0.1872972973,0.7825811388
Known-Transition Safe,4,0,0,0.95,0.3369544871,4.735945946,0.08542251592,0.2108108108,0.3369544871
Known-Transition Safe,4,0,1,0.2315765095,1.95400716,22.21540541,0.3934419821,0.04675675676,23.99867769
Known-Transition Safe,4,0,2,0.95,0.2191119648,4.898918919,0.05649535524,0.2075675676,0.2191119648
Known-Transition Safe,4,0,3,0.8081176242,0.5235225351,6.021891892,0.1388042181,0.1924324324,1.358747886
Known-Transition Safe,4,0,4,0.6281327393,0.7414402559,8.564864865,0.2070021039,0.1427027027,8.291849213
Known-Transition Safe,4,0,5,0.795200025,0.5383055036,6.328648649,0.1514529809,0.1910810811,1.397971547
Known-Transition Safe,4,0,6,0.3394136806,1.361973486,13.77135135,0.3828249799,0.08054054054,23.96220855
Known-Transition Safe,4,0,7,0.9476946562,0.3438720469,5.254054054,0.0830869216,0.1948648649,0.3438720469
Known-Transition Safe,4,0,8,0.5005847781,0.9427001774,10.92135135,0.2713447808,0.1164864865,13.05290479
Known-Transition Safe,4,0,9,0.95,0.2738400263,4.697567568,0.06342727095,0.202972973,0.2738400263
Known-Transition Safe,4,0,10,0.23436609,1.931388168,18.03594595,0.3873216272,0.04972972973,23.99858589
Known-Transition Safe,4,0,11,0.2528380647,1.795260579,16.89783784,0.3930165052,0.05837837838,23.99428066
Known-Transition Safe,4,1,0,0.5605092249,0.8400796556,9.152972973,0.267690247,0.1448648649,6.764699682
Known-Transition Safe,4,1,1,0.2181252996,2.072097608,25.94081081,0.394258572,0.03972972973,23.99590823
Known-Transition Safe,4,1,2,0.2316669551,1.953264399,20.97567568,0.3954040634,0.04405405405,23.99722263
Known-Transition Safe,4,1,3,0.3707979081,1.254604531,13.17378378,0.3763813593,0.09378378378,23.47562201
Known-Transition Safe,4,1,4,0.95,0.2976063768,4.24,0.07705592133,0.2210810811,0.2976063768
Known-Transition Safe,4,1,5,0.95,0.2276934429,4.015675676,0.06326185388,0.2443243243,0.2276934429
Known-Transition Safe,4,1,6,0.2020086086,2.237061952,29.20837838,0.39299737,0.03243243243,23.989346
Known-Transition Safe,4,1,7,0.95,0.2579608484,4.404594595,0.06532684188,0.2232432432,0.2579608484
Known-Transition Safe,4,1,8,0.325972712,1.414030367,13.22621622,0.3890494361,0.08216216216,23.99615604
Known-Transition Safe,4,1,9,0.8362721814,0.4910760745,5.928648649,0.1421466151,0.2062162162,0.7643042981
Known-Transition Safe,4,1,10,0.2993435181,1.530799061,14.84135135,0.3876645188,0.07405405405,23.92862525
Known-Transition Safe,4,1,11,0.2334007936,1.939147999,24.16675676,0.3977873868,0.04324324324,23.99349984
Known-Transition Safe,4,2,0,0.2983974043,1.535332493,15.14108108,0.3784387117,0.06513513514,23.97653639
Known-Transition Safe,4,2,1,0.4720337023,0.9986066978,9.478378378,0.2585581666,0.1262162162,11.92754828
Known-Transition Safe,4,2,2,0.7619171253,0.5764720931,6.647027027,0.1497269409,0.1797297297,1.717665117
Known-Transition Safe,4,2,3,0.95,0.328976203,5.023783784,0.08162166333,0.2024324324,0.328976203
Known-Transition Safe,4,2,4,0.6042558466,0.7746227687,9.263783784,0.2256873904,0.1432432432,7.390946448
Known-Transition Safe,4,2,5,0.7527600943,0.5870535051,6.776486486,0.1599324144,0.1751351351,1.335267526
Known-Transition Safe,4,2,6,0.6803453125,0.6736618433,7.618918919,0.1773369285,0.162972973,3.031265807
Known-Transition Safe,4,2,7,0.2438339011,1.858825842,21.66378378,0.4004011341,0.04540540541,23.97718519
Known-Transition Safe,4,2,8,0.7053294905,0.6430324214,7.462702703,0.17813736,0.1667567568,2.273356636
Known-Transition Safe,4,2,9,0.1925045361,2.34929577,27.66891892,0.3955706121,0.03216216216,23.99436549
Known-Transition Safe,4,2,10,0.95,0.2710575607,4.983513514,0.06703180217,0.2086486486,0.2710575607
Known-Transition Safe,4,2,11,0.2931742638,1.560894842,15.61891892,0.3927548912,0.06810810811,23.99901395
Known-Transition Safe,4,3,0,0.2469621281,1.836175919,17.26216216,0.3930408993,0.05351351351,23.99174042
Known-Transition Safe,4,3,1,0.8215561338,0.5080937316,5.712162162,0.1454246653,0.2045945946,1.621405973
Known-Transition Safe,4,3,2,0.8932287906,0.4222105672,4.636216216,0.1139968532,0.2240540541,0.5332634034
Known-Transition Safe,4,3,3,0.3220866759,1.429873819,13.00864865,0.3922491693,0.08351351351,23.99804451
Known-Transition Safe,4,3,4,0.225348274,2.006740312,22.44810811,0.3948397154,0.04567567568,23.99767838
Known-Transition Safe,4,3,5,0.2465631425,1.839030251,22.86027027,0.3921607751,0.04702702703,23.9956318
Known-Transition Safe,4,3,6,0.4834834838,0.9755450403,9.967297297,0.309010483,0.1356756757,18.75715738
Known-Transition Safe,4,3,7,0.2778755806,1.641436133,15.66648649,0.3899519893,0.06972972973,23.98893437
Known-Transition Safe,4,3,8,0.2645088005,1.719737046,18.36864865,0.3969339019,0.0572972973,23.9987162
Known-Transition Safe,4,3,9,0.3014458345,1.520828652,16.23675676,0.3847285455,0.06702702703,23.98667143
Known-Transition Safe,4,3,10,0.9387067142,0.3585144156,4.610540541,0.09321374806,0.2183783784,0.3585144156
Known-Transition Safe,4,3,11,0.2969367479,1.542388958,17.29864865,0.3814286208,0.06891891892,23.99861981
Known-Transition Safe,4,4,0,0.662118963,0.6966749552,7.592432432,0.1871607853,0.1559459459,4.230174059
Known-Transition Safe,4,4,1,0.6741961796,0.6813572012,7.97,0.1766004205,0.1532432432,3.18307242
Known-Transition Safe,4,4,2,0.3640876,1.27608378,13.76621622,0.3210902701,0.08324324324,21.25202145
Known-Transition Safe,4,4,3,0.2460798207,1.842501298,18.74189189,0.3879212192,0.04972972973,23.99257917
Known-Transition Safe,4,4,4,0.2372011855,1.908996959,20.25945946,0.3802515564,0.04594594595,23.9979331
Known-Transition Safe,4,4,5,0.4128728207,1.13470463,11.63756757,0.3180239734,0.1013513514,14.35938798
Known-Transition Safe,4,4,6,0.5024050881,0.9393093506,10.18351351,0.2607218116,0.1162162162,9.204115063
Known-Transition Safe,4,4,7,0.4159209977,1.126874486,12.15405405,0.2774547721,0.09567567568,17.10497123
Known-Transition Safe,4,4,8,0.2309431598,1.959226317,19.66756757,0.3918452634,0.04675675676,23.99644225
Known-Transition Safe,4,4,9,0.4380235493,1.072981387,12.67054054,0.2981148287,0.09648648649,18.70869711
Known-Transition Safe,4,4,10,0.7287104513,0.6151471375,7.587297297,0.1586082079,0.1605405405,1.7211771
Known-Transition Safe,4,4,11,0.5641011845,0.8344446437,8.741891892,0.2262021561,0.1375675676,5.020003587
Known-Transition Safe,4,5,0,0.9411489522,0.3546353857,4.918918919,0.08520833996,0.2021621622,0.3546353857
Known-Transition Safe,4,5,1,0.4821824971,0.9781203331,10.25081081,0.2799539007,0.1237837838,9.431128661
Known-Transition Safe,4,5,2,0.3825098869,1.218803669,11.63405405,0.3432414657,0.09459459459,23.9897541
Known-Transition Safe,4,5,3,0.7544254172,0.5851252029,7.035675676,0.151499985,0.172972973,1.69587642
Known-Transition Safe,4,5,4,0.3523107703,1.315645181,13.34810811,0.3488237628,0.09027027027,23.97951747
Known-Transition Safe,4,5,5,0.8677360717,0.4538598372,6.032702703,0.1123609759,0.1810810811,0.7231590234
Known-Transition Safe,4,5,6,0.95,0.2241414152,4.727027027,0.05585361753,0.2097297297,0.2241414152
Known-Transition Safe,4,5,7,0.2189202535,2.064668323,23.77756757,0.3855907597,0.04351351351,23.99272794
Known-Transition Safe,4,5,8,0.8265150398,0.5023771293,5.852162162,0.1326547176,0.1883783784,0.9118856464
Known-Transition Safe,4,5,9,0.3376263363,1.368663091,12.22054054,0.3736080331,0.08567567568,23.95475772
Known-Transition Safe,4,5,10,0.2625732011,1.731770293,18.3172973,0.3852018787,0.05486486486,23.99578578
Known-Transition Safe,4,5,11,0.2699141276,1.687095206,17.25648649,0.3793684354,0.0627027027,23.98047262
Known-Transition Safe,4,6,0,0.6600953202,0.6992694381,8.19027027,0.1973073766,0.1508108108,4.883197077
Known-Transition Safe,4,6,1,0.4082536129,1.146768836,13.15783784,0.3198555241,0.09405405405,15.66242644
Known-Transition Safe,4,6,2,0.95,0.2551559305,4.829189189,0.05875482508,0.2,0.2551559305
Known-Transition Safe,4,6,3,0.8542797728,0.4699577518,5.855405405,0.1169813755,0.1875675676,0.6798310071
Known-Transition Safe,4,6,4,0.5796663152,0.8105930222,9.41972973,0.2063726019,0.1310810811,4.158895334
Known-Transition Safe,4,6,5,0.95,0.2156180293,4.724324324,0.04994179759,0.1967567568,0.2156180293
Known-Transition Safe,4,6,6,0.7238759829,0.6208604762,7.745675676,0.1401131075,0.1427027027,1.629465239
Known-Transition Safe,4,6,7,0.298421524,1.535216558,16.16783784,0.3667922804,0.06459459459,23.98643927
Known-Transition Safe,4,6,8,0.95,0.2628816135,4.450810811,0.05996542751,0.2021621622,0.2628816135
Known-Transition Safe,4,6,9,0.3698913443,1.257463669,15.24675676,0.3490311318,0.07972972973,23.96274746
Known-Transition Safe,4,6,10,0.95,0.2571157349,4.634594595,0.06080439676,0.2013513514,0.2571157349
Known-Transition Safe,4,6,11,0.5870736138,0.7995478023,8.899189189,0.2132847786,0.1405405405,4.393217035
Known-Transition Safe,4,7,0,0.95,0.2129344738,4.861351351,0.05237037059,0.2078378378,0.2129344738
Known-Transition Safe,4,7,1,0.8194645516,0.5105004868,5.527567568,0.1279010679,0.192972973,0.8420019473
Known-Transition Safe,4,7,2,0.5139536145,0.9182376412,9.952162162,0.2839091518,0.1308108108,10.74712924
Known-Transition Safe,4,7,3,0.1957148488,2.309972111,30.30621622,0.3951925259,0.03324324324,23.99442212
Known-Transition Safe,4,7,4,0.2668165055,1.705631049,18.09567568,0.3872243462,0.06054054054,23.99844559
Known-Transition Safe,4,7,5,0.95,0.2143947682,4.756756757,0.05255569047,0.2072972973,0.2143947682
Known-Transition Safe,4,7,6,0.9166527097,0.3910280632,5.245405405,0.1019843462,0.2064864865,0.3910280632
Known-Transition Safe,4,7,7,0.2817874583,1.619983796,17.16135135,0.3883582776,0.06594594595,23.99935185
Known-Transition Safe,4,7,8,0.4060368001,1.152645744,11.72054054,0.3286598,0.1056756757,15.47408083
Known-Transition Safe,4,7,9,0.95,0.2643493157,4.687297297,0.06565865435,0.207027027,0.2643493157
Known-Transition Safe,4,7,10,0.95,0.2202876177,4.537837838,0.05602449954,0.2172972973,0.2202876177
Known-Transition Safe,4,7,11,0.8957240492,0.4190042049,5.151891892,0.1100735371,0.207027027,0.5140252297
Known-Transition Safe,4,8,0,0.924502767,0.3798996382,4.737567568,0.09764447457,0.2105405405,0.3798996382
Known-Transition Safe,4,8,1,0.7675714746,0.5699618165,6.811081081,0.1597433524,0.1808108108,1.749427248
Known-Transition Safe,4,8,2,0.2938168902,1.557699888,16.72297297,0.3835309725,0.0627027027,23.99259576
Known-Transition Safe,4,8,3,0.223720696,2.021057334,22.56972973,0.3818159666,0.0427027027,23.98010421
Known-Transition Safe,4,8,4,0.8564804989,0.4673466129,5.672702703,0.1172155829,0.1913513514,0.6693864514
Known-Transition Safe,4,8,5,0.95,0.2347890628,4.527837838,0.05907800473,0.2127027027,0.2347890628
Known-Transition Safe,4,8,6,0.4732619221,0.9960890923,10.80783784,0.288058197,0.1210810811,13.8983164
Known-Transition Safe,4,8,7,0.198994158,2.271318822,23.62594595,0.3941045091,0.03486486486,23.9985915
Known-Transition Safe,4,8,8,0.3554966144,1.304697623,12.23135135,0.3522683581,0.08810810811,23.99724593
Known-Transition Safe,4,8,9,0.365156396,1.272612991,13.78216216,0.3453252547,0.09,23.98994317
Known-Transition Safe,4,8,10,0.95,0.2590903055,4.428108108,0.06470255196,0.2156756757,0.2590903055
Known-Transition Safe,4,8,11,0.8950142286,0.4199186836,4.692972973,0.1139455023,0.2135135135,0.4995934181
Known-Transition Safe,4,9,0,0.3257577326,1.414897118,15.66243243,0.3781981755,0.07054054054,23.98098759
Known-Transition Safe,4,9,1,0.6871221964,0.6652565043,7.618108108,0.1803384524,0.1613513514,4.500899598
Known-Transition Safe,4,9,2,0.2523803769,1.798374164,20.69972973,0.3917539396,0.04648648649,23.99677052
Known-Transition Safe,4,9,3,0.1963495047,2.302374716,31.34810811,0.3945150189,0.03405405405,23.99949363
Known-Transition Safe,4,9,4,0.5437054116,0.8671448273,9.299459459,0.265065081,0.1359459459,8.212910337
Known-Transition Safe,4,9,5,0.2493362779,1.819394726,22.14189189,0.3943661001,0.04621621622,23.9977866
Known-Transition Safe,4,9,6,0.95,0.209506079,4.171621622,0.05328249197,0.2202702703,0.209506079
Known-Transition Safe,4,9,7,0.4363495231,1.076896197,9.934054054,0.3256883363,0.1194594595,23.19825279
Known-Transition Safe,4,9,8,0.95,0.2790122724,4.5,0.07178910359,0.217027027,0.2790122724
Known-Transition Safe,4,9,9,0.6652629851,0.6926602831,7.255675676,0.2051772082,0.1681081081,3.189904246
Known-Transition Safe,4,9,10,0.95,0.247425482,4.38027027,0.06272570327,0.2202702703,0.247425482
Known-Transition Safe,4,9,11,0.2127973752,2.123503268,24.27378378,0.3954307437,0.03675675676,23.99267976
Known-Transition Safe,4,10,0,0.2210551088,2.045012567,19.73837838,0.3885523877,0.05189189189,23.99589223
Known-Transition Safe,4,10,1,0.5230742899,0.9021077578,11.02243243,0.2733142693,0.1186486486,8.161124977
Known-Transition Safe,4,10,2,0.4621770162,1.019211399,11.35783784,0.2873074296,0.1162162162,12.08372436
Known-Transition Safe,4,10,3,0.8877431859,0.4291816563,5.267027027,0.10973131,0.2105405405,0.5167266252
Known-Transition Safe,4,10,4,0.3493760462,1.325898395,15.48108108,0.3350581078,0.07756756757,23.89491973
Known-Transition Safe,4,10,5,0.4491418585,1.047619095,11.02621622,0.3239124985,0.1210810811,14.36190651
Known-Transition Safe,4,10,6,0.5565464418,0.8463561798,9.704324324,0.2445283125,0.1413513514,12.65424719
Known-Transition Safe,4,10,7,0.34857734,1.328717478,13.72675676,0.3594719448,0.08243243243,23.88355071
Known-Transition Safe,4,10,8,0.2223217792,2.03354937,22.51,0.3968169312,0.04405405405,23.98719018
Known-Transition Safe,4,10,9,0.6900300697,0.6616731043,7.217027027,0.1829436718,0.1635135135,3.001750357
Known-Transition Safe,4,10,10,0.2104662511,2.146920017,25.4772973,0.3992110734,0.03675675676,23.99908082
Known-Transition Safe,4,10,11,0.2177243916,2.075867389,31.86,0.3955368944,0.0327027027,23.99321517
Known-Transition Safe,4,11,0,0.95,0.3358641596,4.908918919,0.07833804588,0.1983783784,0.3358641596
Known-Transition Safe,4,11,1,0.2935060875,1.559243329,14.66864865,0.3573617142,0.07054054054,23.99535639
Known-Transition Safe,4,11,2,0.6227889451,0.7487311135,8.101351351,0.1977054859,0.1564864865,7.908126746
Known-Transition Safe,4,11,3,0.4312530983,1.088976442,11.43486486,0.3190406658,0.102972973,19.49370433
Known-Transition Safe,4,11,4,0.6153269509,0.7590395275,9.291621622,0.1957091106,0.1375675676,5.694067242
Known-Transition Safe,4,11,5,0.4183303984,1.120756955,12.97189189,0.3165381128,0.09621621622,19.569959
Known-Transition Safe,4,11,6,0.9434799305,0.3508668233,5.07027027,0.08572529954,0.2,0.3508668233
Known-Transition Safe,4,11,7,0.4987828682,0.9460759936,11.2427027,0.2602987464,0.1108108108,14.74405183
Known-Transition Safe,4,11,8,0.6260188518,0.7443154627,9.804054054,0.1824578715,0.1343243243,8.56241027
Known-Transition Safe,4,11,9,0.4351735249,1.079661914,11.26756757,0.3043479397,0.1081081081,16.2305336
Known-Transition Safe,4,11,10,0.2492611008,1.819920828,20.54621622,0.3910370427,0.05054054054,23.99524965
Known-Transition Safe,4,11,11,0.2092716103,2.159149808,25.3227027,0.3863127494,0.03621621622,23.98724712
Known-Transition Safe,4,12,0,0.2277146089,1.986329388,18.39324324,0.386528962,0.05135135135,23.9934339
Known-Transition Safe,4,12,1,0.9318683167,0.369039043,5.059189189,0.08597612299,0.1972972973,0.369039043
Known-Transition Safe,4,12,2,0.4490225566,1.047885528,11.52459459,0.3104006863,0.1124324324,23.95484878
Known-Transition Safe,4,12,3,0.364868936,1.273544601,13.70702703,0.347643256,0.08486486486,23.99469485
Known-Transition Safe,4,12,4,0.3264467419,1.412123145,14.66918919,0.3652437432,0.07945945946,23.89717654
Known-Transition Safe,4,12,5,0.2532754659,1.792296255,20.70162162,0.3880079189,0.04945945946,23.99940524
Known-Transition Safe,4,12,6,0.5108922966,0.9237509324,10.11810811,0.2461671404,0.1191891892,7.427516783
Known-Transition Safe,4,12,7,0.7249468559,0.6195927545,7.056486486,0.1497070061,0.1618918919,1.576334791
Known-Transition Safe,4,12,8,0.885090931,0.4325165816,5.738378378,0.1073108708,0.1894594595,0.5300663265
Known-Transition Safe,4,12,9,0.3371942215,1.370290719,15.24756757,0.3525720984,0.07567567568,23.49645541
Known-Transition Safe,4,12,10,0.4510893652,1.043286736,11.95702703,0.2712545514,0.1018918919,12.58517556
Known-Transition Safe,4,12,11,0.3770521179,1.235229773,12.50513514,0.3144828232,0.09189189189,19.28074432
Known-Transition Safe,4,13,0,0.931036637,0.3702883284,5.718108108,0.09047044565,0.1864864865,0.3702883284
Known-Transition Safe,4,13,1,0.7159624459,0.6302691506,7.166216216,0.1711947288,0.1643243243,2.072422356
Known-Transition Safe,4,13,2,0.6775674106,0.6771299559,8.743513514,0.1663543594,0.1437837838,3.32555947
Known-Transition Safe,4,13,3,0.3509019354,1.320546841,14.21378378,0.3469112242,0.07891891892,23.97796516
Known-Transition Safe,4,13,4,0.95,0.2764601871,4.994864865,0.06821841915,0.2067567568,0.2764601871
Known-Transition Safe,4,13,5,0.7562371291,0.5830294735,6.434324324,0.1493816056,0.1708108108,1.464235788
Known-Transition Safe,4,13,6,0.2357345475,1.920506701,26.46486486,0.3918871781,0.03945945946,23.9914448
Known-Transition Safe,4,13,7,0.5713184825,0.8232731646,9.13972973,0.2409742803,0.1381081081,8.60510228
Known-Transition Safe,4,13,8,0.95,0.2265612916,4.711891892,0.05633415899,0.2132432432,0.2265612916
Known-Transition Safe,4,13,9,0.8385292043,0.488449848,5.904324324,0.1251487719,0.1889189189,0.9306990882
Known-Transition Safe,4,13,10,0.9458583108,0.3469497415,5.196486486,0.07285944571,0.1797297297,0.3469497415
Known-Transition Safe,4,13,11,0.3749843981,1.241568686,12.46783784,0.3241500948,0.09216216216,19.48627774
Known-Transition Safe,4,14,0,0.3969158517,1.177446822,12.09297297,0.322365846,0.09621621622,17.14297922
Known-Transition Safe,4,14,1,0.64914127,0.7134614509,8.238108108,0.196876795,0.1497297297,7.317304979
Known-Transition Safe,4,14,2,0.685168137,0.6676722331,7.66972973,0.1851437057,0.1516216216,3.215083496
Known-Transition Safe,4,14,3,0.2123384503,2.128067317,23.94810811,0.3997315635,0.0372972973,23.99598236
Known-Transition Safe,4,14,4,0.8391928019,0.4876767217,6.002162162,0.1211283533,0.1794594595,0.750706887
Known-Transition Safe,4,14,5,0.2547057577,1.782678959,18.75432432,0.3835168788,0.05540540541,23.9939914
Known-Transition Safe,4,14,6,0.6450583303,0.7188179662,8.168648649,0.202046131,0.1467567568,3.34463356
Known-Transition Safe,4,14,7,0.3536782427,1.310923092,14.08648649,0.3426115216,0.08,19.63692368
Known-Transition Safe,4,14,8,0.3495021855,1.325454306,14.08540541,0.3446181197,0.08324324324,23.96543327
Known-Transition Safe,4,14,9,0.2638904463,1.723560971,18.22054054,0.3652085949,0.05891891892,23.99585338
Known-Transition Safe,4,14,10,0.8142278578,0.5165166625,5.954864865,0.1242431972,0.1837837838,0.9321332999
Known-Transition Safe,4,14,11,0.4332858251,1.084128614,12.09783784,0.289198633,0.1018918919,13.89211566
Known-Transition Safe,4,15,0,0.95,0.2609434761,4.395675676,0.06326116163,0.2140540541,0.2609434761
Known-Transition Safe,4,15,1,0.6682774533,0.6888292002,6.91,0.1936168563,0.1745945946,3.243608803
Known-Transition Safe,4,15,2,0.3936552323,1.186565108,12.11405405,0.3328796167,0.1032432432,20.03725791
Known-Transition Safe,4,15,3,0.8783623152,0.4408835581,5.770810811,0.1065270002,0.1856756757,0.6044177903
Known-Transition Safe,4,15,4,0.2542081145,1.786011998,19.10594595,0.3924399337,0.05297297297,23.99554779
Known-Transition Safe,4,15,5,0.6112416568,0.7647485898,8.032702703,0.2168165597,0.1656756757,7.553966155
Known-Transition Safe,4,15,6,0.1961261937,2.305041448,26.95081081,0.3924800303,0.03108108108,23.99233623
Known-Transition Safe,4,15,7,0.2603661895,1.74572184,18.09891892,0.400100573,0.05567567568,23.98047589
Known-Transition Safe,4,15,8,0.4858854259,0.9708198352,10.22648649,0.2844239733,0.1302702703,11.41213555
Known-Transition Safe,4,15,9,0.9440218225,0.349980936,4.875405405,0.08399542465,0.2040540541,0.349980936
Known-Transition Safe,4,15,10,0.777121657,0.5589976316,7.323513514,0.143224258,0.1640540541,2.861957369
Known-Transition Safe,4,15,11,0.6438927182,0.7203540735,8.590810811,0.1890442717,0.1459459459,2.884957029
Known-Transition Safe,4,16,0,0.3932789834,1.187626136,13.83945946,0.3444115794,0.09540540541,23.98332498
Known-Transition Safe,4,16,1,0.7735119064,0.5631378354,6.82027027,0.1698545471,0.1854054054,1.883929696
Known-Transition Safe,4,16,2,0.901603995,0.4113518347,5.010810811,0.1077297102,0.2102702703,0.4454073388
Known-Transition Safe,4,16,3,0.8416273572,0.4848363331,5.817837838,0.1170159042,0.1794594595,0.7393453325
Known-Transition Safe,4,16,4,0.2260479039,2.00065631,20.21675676,0.3903983394,0.04945945946,23.80279983
Known-Transition Safe,4,16,5,0.7045979448,0.6439160289,6.03,0.1787302059,0.1843243243,2.614824404
Known-Transition Safe,4,16,6,0.6624829137,0.6962092138,7.244864865,0.2082982702,0.1740540541,6.9900672
Known-Transition Safe,4,16,7,0.1982197585,2.280313362,25.53837838,0.397514086,0.03513513514,23.98726247
Known-Transition Safe,4,16,8,0.7522839954,0.5876051337,6.420540541,0.1684997424,0.1897297297,1.801682139
Known-Transition Safe,4,16,9,0.3841282698,1.214015836,12.01378378,0.3497678057,0.102972973,23.9848868
Known-Transition Safe,4,16,10,0.2247729528,2.011774821,24.31405405,0.3925679515,0.04135135135,23.98891298
Known-Transition Safe,4,16,11,0.2144342016,2.107404393,22.49351351,0.3981285596,0.04135135135,23.99251421
Known-Transition Safe,4,17,0,0.6058267012,0.772389876,8.159459459,0.213137855,0.142972973,6.937357024
Known-Transition Safe,4,17,1,0.4606290406,1.022513998,10.76324324,0.2805004616,0.1159459459,9.382737968
Known-Transition Safe,4,17,2,0.8627452041,0.4598691245,4.794594595,0.1180745049,0.2097297297,0.6394764981
Known-Transition Safe,4,17,3,0.95,0.2139841101,4.054324324,0.05708170721,0.2283783784,0.2139841101
Known-Transition Safe,4,17,4,0.8920394043,0.4237308779,5.21027027,0.1099409845,0.2008108108,0.4949235117
Known-Transition Safe,4,17,5,0.9329954481,0.3673358894,4.871351351,0.09292605201,0.2110810811,0.3673358894
Known-Transition Safe,4,17,6,0.2434414901,1.861711545,24.09702703,0.3964942425,0.0472972973,23.99590539
Known-Transition Safe,4,17,7,0.2237143759,2.021113381,22.87054054,0.3922052453,0.03891891892,23.98465782
Known-Transition Safe,4,17,8,0.7874097494,0.5472165522,6.595945946,0.1524811528,0.19,1.513815179
Known-Transition Safe,4,17,9,0.2072792387,2.179902851,32.11864865,0.4000416314,0.03162162162,23.99805703
Known-Transition Safe,4,17,10,0.95,0.241873434,4.488918919,0.05889944974,0.2078378378,0.241873434
Known-Transition Safe,4,17,11,0.5223938409,0.9032962107,9.145945946,0.2719653997,0.1332432432,11.84832948
Known-Transition Safe,4,18,0,0.95,0.2641897105,4.531351351,0.06790389585,0.2162162162,0.2641897105
Known-Transition Safe,4,18,1,0.2298402862,1.968390267,24.62243243,0.3979340324,0.04432432432,23.99805829
Known-Transition Safe,4,18,2,0.2514208534,1.804941085,17.94,0.3883062442,0.05405405405,23.98798908
Known-Transition Safe,4,18,3,0.95,0.3377909827,4.427027027,0.0841738611,0.2137837838,0.3377909827
Known-Transition Safe,4,18,4,0.8064515181,0.5254308787,6.249189189,0.1353339533,0.1875675676,0.9017235147
Known-Transition Safe,4,18,5,0.2889292384,1.582364629,14.75243243,0.3669375275,0.07297297297,23.96711355
Known-Transition Safe,4,18,6,0.86964094,0.451552802,5.59,0.1202106784,0.197027027,0.606211208
Known-Transition Safe,4,18,7,0.95,0.2372894534,4.553243243,0.06111806731,0.2172972973,0.2372894534
Known-Transition Safe,4,18,8,0.4229897239,1.10910177,11.08918919,0.3165436404,0.1056756757,23.98263277
Known-Transition Safe,4,18,9,0.9113191376,0.3983676074,4.671081081,0.09905356725,0.2064864865,0.3983676074
Known-Transition Safe,4,18,10,0.93510967,0.3641087485,5.246486486,0.09496349791,0.2081081081,0.3641087485
Known-Transition Safe,4,18,11,0.8418183031,0.4846132827,6.352432432,0.130059727,0.1967567568,1.584585958
Known-Transition Safe,4,19,0,0.8339118425,0.4938172966,5.898378378,0.1281255688,0.19,0.7752691863
Known-Transition Safe,4,19,1,0.4218873338,1.111838862,12.41432432,0.2848711463,0.09648648649,12.99597156
Known-Transition Safe,4,19,2,0.3658373363,1.270411673,14.53162162,0.3509083053,0.08432432432,23.83816572
Known-Transition Safe,4,19,3,0.3670076204,1.266646367,12.06945946,0.3526069618,0.09540540541,23.06500213
Known-Transition Safe,4,19,4,0.481511622,0.9794527448,10.82351351,0.2596873359,0.1124324324,14.54248783
Known-Transition Safe,4,19,5,0.1930715746,2.342239302,27.00432432,0.3861529661,0.03540540541,23.99288744
Known-Transition Safe,4,19,6,0.2120595117,2.1308523,26.05783784,0.3887365682,0.03891891892,23.99687649
Known-Transition Safe,4,19,7,0.3057773787,1.500722279,15.94459459,0.3836981826,0.06675675676,23.97295016
Known-Transition Safe,4,19,8,0.5446939528,0.8655191693,9.492162162,0.2481934699,0.1362162162,9.841421725
Known-Transition Safe,4,19,9,0.4653449839,1.012509865,9.951621622,0.2813135516,0.1159459459,9.000157835
Known-Transition Safe,4,19,10,0.3623629999,1.281724896,13.30189189,0.3394838913,0.08567567568,22.35729291
Known-Transition Safe,4,19,11,0.8770434254,0.4425090154,5.524594595,0.1027338498,0.1889189189,0.5700360617
Known-Transition Safe,8,0,0,0.95,0.3369544871,4.578378378,0.08469396568,0.212972973,0.3369544871
Known-Transition Safe,8,0,1,0.2315765095,1.95400716,19.80837838,0.391857652,0.05081081081,23.98474212
Known-Transition Safe,8,0,2,0.95,0.2191119648,4.863513514,0.05655457469,0.2140540541,0.2191119648
Known-Transition Safe,8,0,3,0.8081176242,0.5235225351,6.388108108,0.1392286958,0.1937837838,0.7705676054
Known-Transition Safe,8,0,4,0.6281327393,0.7414402559,8.615135135,0.2019923724,0.1467567568,1.765761024
Known-Transition Safe,8,0,5,0.795200025,0.5383055036,6.248108108,0.1479612695,0.1945945946,0.9532220145
Known-Transition Safe,8,0,6,0.3394136806,1.361973486,14.39513514,0.3865059894,0.08567567568,23.86642066
Known-Transition Safe,8,0,7,0.9476946562,0.3438720469,5.115405405,0.08327279838,0.1994594595,0.3438720469
Known-Transition Safe,8,0,8,0.5005847781,0.9427001774,11.4672973,0.2687969425,0.1264864865,5.796703726
Known-Transition Safe,8,0,9,0.95,0.2738400263,4.627837838,0.0652775414,0.2124324324,0.2738400263
Known-Transition Safe,8,0,10,0.23436609,1.931388168,19.17783784,0.3941075857,0.05243243243,23.99858589
Known-Transition Safe,8,0,11,0.2528380647,1.795260579,18.89513514,0.4007797942,0.05864864865,23.99809355
Known-Transition Safe,8,1,0,0.5605092249,0.8400796556,9.523243243,0.2563378192,0.1464864865,4.040876212
Known-Transition Safe,8,1,1,0.2181252996,2.072097608,25.84621622,0.3964986775,0.04216216216,23.99874277
Known-Transition Safe,8,1,2,0.2316669551,1.953264399,25.47810811,0.3975157006,0.03756756757,23.99722263
Known-Transition Safe,8,1,3,0.3707979081,1.254604531,14.15891892,0.3770595239,0.09783783784,23.80584856
Known-Transition Safe,8,1,4,0.95,0.2976063768,4.218378378,0.07753852627,0.2245945946,0.2976063768
Known-Transition Safe,8,1,5,0.95,0.2276934429,3.911351351,0.06369262526,0.2464864865,0.2276934429
Known-Transition Safe,8,1,6,0.2020086086,2.237061952,28.7372973,0.3978342607,0.03,23.99405494
Known-Transition Safe,8,1,7,0.95,0.2579608484,4.399189189,0.06713953973,0.2272972973,0.2579608484
Known-Transition Safe,8,1,8,0.325972712,1.414030367,13.99945946,0.3917246286,0.08378378378,23.99946182
Known-Transition Safe,8,1,9,0.8362721814,0.4910760745,6.022162162,0.1389612568,0.2051351351,0.7643042981
Known-Transition Safe,8,1,10,0.2993435181,1.530799061,13.99243243,0.3876645188,0.07891891892,23.98634551
Known-Transition Safe,8,1,11,0.2334007936,1.939147999,22.30702703,0.4030283273,0.04918918919,23.98376792
Known-Transition Safe,8,2,0,0.2983974043,1.535332493,15.92648649,0.3850779874,0.06189189189,23.99061455
Known-Transition Safe,8,2,1,0.4720337023,0.9986066978,9.711891892,0.2698937021,0.1345945946,6.752627724
Known-Transition Safe,8,2,2,0.7619171253,0.5764720931,6.365135135,0.1512849736,0.1848648649,0.9294162793
Known-Transition Safe,8,2,3,0.95,0.328976203,4.750540541,0.08064362597,0.2059459459,0.328976203
Known-Transition Safe,8,2,4,0.6042558466,0.7746227687,9.395945946,0.2196160228,0.1451351351,2.546227687
Known-Transition Safe,8,2,5,0.7527600943,0.5870535051,6.699189189,0.1570764784,0.18,1.335267526
Known-Transition Safe,8,2,6,0.6803453125,0.6736618433,7.072432432,0.1756982916,0.1737837838,1.915632903
Known-Transition Safe,8,2,7,0.2438339011,1.858825842,22.28081081,0.398893978,0.04972972973,23.97738176
Known-Transition Safe,8,2,8,0.7053294905,0.6430324214,7.591891892,0.1746615091,0.1672972973,1.372129686
Known-Transition Safe,8,2,9,0.1925045361,2.34929577,26.10702703,0.3930308329,0.03351351351,23.99999934
Known-Transition Safe,8,2,10,0.95,0.2710575607,4.988648649,0.06732483737,0.2105405405,0.2710575607
Known-Transition Safe,8,2,11,0.2931742638,1.560894842,17.25486486,0.4020358876,0.06837837838,23.99274429
Known-Transition Safe,8,3,0,0.2469621281,1.836175919,18.50135135,0.3965147457,0.05243243243,23.99021188
Known-Transition Safe,8,3,1,0.8215561338,0.5080937316,5.562972973,0.142952858,0.2091891892,0.7242811947
Known-Transition Safe,8,3,2,0.8932287906,0.4222105672,4.583513514,0.1146815189,0.2267567568,0.4666317017
Known-Transition Safe,8,3,3,0.3220866759,1.429873819,13.05648649,0.3953407883,0.08864864865,23.95246085
Known-Transition Safe,8,3,4,0.225348274,2.006740312,21.12378378,0.3948397154,0.04918918919,23.99722931
Known-Transition Safe,8,3,5,0.2465631425,1.839030251,22.69081081,0.3981251975,0.04702702703,23.98737595
Known-Transition Safe,8,3,6,0.4834834838,0.9755450403,9.983783784,0.3026826233,0.1413513514,10.14407641
Known-Transition Safe,8,3,7,0.2778755806,1.641436133,16.93054054,0.3912828835,0.06405405405,23.99552575
Known-Transition Safe,8,3,8,0.2645088005,1.719737046,18.54108108,0.3987930771,0.05918918919,23.97896367
Known-Transition Safe,8,3,9,0.3014458345,1.520828652,16.27756757,0.3896609628,0.07324324324,23.9995506
Known-Transition Safe,8,3,10,0.9387067142,0.3585144156,4.747837838,0.09282616491,0.2164864865,0.3585144156
Known-Transition Safe,8,3,11,0.2969367479,1.542388958,15.95,0.3789274495,0.07459459459,23.95411793
Known-Transition Safe,8,4,0,0.662118963,0.6966749552,8.219459459,0.1862193326,0.1578378378,1.586699821
Known-Transition Safe,8,4,1,0.6741961796,0.6813572012,7.939459459,0.1749430652,0.1591891892,1.806786006
Known-Transition Safe,8,4,2,0.3640876,1.27608378,13.25027027,0.3214351576,0.09135135135,15.59551877
Known-Transition Safe,8,4,3,0.2460798207,1.842501298,18.86432432,0.3924029791,0.0527027027,23.99257917
Known-Transition Safe,8,4,4,0.2372011855,1.908996959,21.59810811,0.3900545138,0.04945945946,23.9979331
Known-Transition Safe,8,4,5,0.4128728207,1.13470463,11.84918919,0.3143438503,0.1027027027,8.489978717
Known-Transition Safe,8,4,6,0.5024050881,0.9393093506,10.1627027,0.2558983312,0.1218918919,4.125496362
Known-Transition Safe,8,4,7,0.4159209977,1.126874486,12.21567568,0.2893326384,0.1018918919,8.791238697
Known-Transition Safe,8,4,8,0.2309431598,1.959226317,22.05108108,0.3966109491,0.04297297297,23.99497405
Known-Transition Safe,8,4,9,0.4380235493,1.072981387,12.42864865,0.2899949696,0.1024324324,7.059627747
Known-Transition Safe,8,4,10,0.7287104513,0.6151471375,7.772972973,0.157610672,0.1635135135,1.26058855
Known-Transition Safe,8,4,11,0.5641011845,0.8344446437,9.016486486,0.2266532073,0.1386486486,2.744446437
Known-Transition Safe,8,5,0,0.9411489522,0.3546353857,4.960540541,0.08501664515,0.2056756757,0.3546353857
Known-Transition Safe,8,5,1,0.4821824971,0.9781203331,10.72810811,0.2775746891,0.1245945946,6.893684664
Known-Transition Safe,8,5,2,0.3825098869,1.218803669,11.97243243,0.3445590913,0.09810810811,12.82055037
Known-Transition Safe,8,5,3,0.7544254172,0.5851252029,6.835675676,0.1489697138,0.1789189189,0.9553756086
Known-Transition Safe,8,5,4,0.3523107703,1.315645181,13.07432432,0.3509572415,0.09405405405,19.04483976
Known-Transition Safe,8,5,5,0.8677360717,0.4538598372,6.330810811,0.1096623499,0.1789189189,0.5615795117
Known-Transition Safe,8,5,6,0.95,0.2241414152,4.52972973,0.05464204231,0.2091891892,0.2241414152
Known-Transition Safe,8,5,7,0.2189202535,2.064668323,26.38621622,0.3928449998,0.04189189189,23.99744594
Known-Transition Safe,8,5,8,0.8265150398,0.5023771293,6.282972973,0.1288529448,0.182972973,0.8095085171
Known-Transition Safe,8,5,9,0.3376263363,1.368663091,14.04783784,0.3876645729,0.08594594595,23.96031987
Known-Transition Safe,8,5,10,0.2625732011,1.731770293,20.26567568,0.3922225691,0.05405405405,23.99626068
Known-Transition Safe,8,5,11,0.2699141276,1.687095206,18.5772973,0.3889438406,0.06081081081,23.98366234
Known-Transition Safe,8,6,0,0.6600953202,0.6992694381,8.402702703,0.1882357731,0.1483783784,1.597077752
Known-Transition Safe,8,6,1,0.4082536129,1.146768836,13.7372973,0.3201654616,0.09945945946,9.764291128
Known-Transition Safe,8,6,2,0.95,0.2551559305,4.712702703,0.05951339677,0.2010810811,0.2551559305
Known-Transition Safe,8,6,3,0.8542797728,0.4699577518,5.925675676,0.1159652506,0.19,0.6098732553
Known-Transition Safe,8,6,4,0.5796663152,0.8105930222,9.587027027,0.2035245723,0.1332432432,2.127116267
Known-Transition Safe,8,6,5,0.95,0.2156180293,4.827837838,0.05069937445,0.1978378378,0.2156180293
Known-Transition Safe,8,6,6,0.7238759829,0.6208604762,7.74027027,0.140784308,0.1467567568,1.062581429
Known-Transition Safe,8,6,7,0.298421524,1.535216558,15.81405405,0.3696967442,0.06648648649,23.81167499
Known-Transition Safe,8,6,8,0.95,0.2628816135,4.475675676,0.06216794913,0.2081081081,0.2628816135
Known-Transition Safe,8,6,9,0.3698913443,1.257463669,14.56648649,0.3415543208,0.08810810811,18.40898272
Known-Transition Safe,8,6,10,0.95,0.2571157349,4.592702703,0.0621247208,0.2059459459,0.2571157349
Known-Transition Safe,8,6,11,0.5870736138,0.7995478023,9.271081081,0.2143652486,0.1432432432,1.998191209
Known-Transition Safe,8,7,0,0.95,0.2129344738,4.706216216,0.05265811988,0.2124324324,0.2129344738
Known-Transition Safe,8,7,1,0.8194645516,0.5105004868,5.548108108,0.1273491755,0.1940540541,0.7315014605
Known-Transition Safe,8,7,2,0.5139536145,0.9182376412,10.38054054,0.2831646348,0.1367567568,5.682990466
Known-Transition Safe,8,7,3,0.1957148488,2.309972111,30.46756757,0.3976897931,0.03297297297,23.99776885
Known-Transition Safe,8,7,4,0.2668165055,1.705631049,17.2027027,0.3909121972,0.06189189189,23.99844559
Known-Transition Safe,8,7,5,0.95,0.2143947682,4.710810811,0.05290335766,0.2091891892,0.2143947682
Known-Transition Safe,8,7,6,0.9166527097,0.3910280632,5.185405405,0.1011388801,0.2102702703,0.3910280632
Known-Transition Safe,8,7,7,0.2817874583,1.619983796,17.26702703,0.3883582776,0.06756756757,23.99643516
Known-Transition Safe,8,7,8,0.4060368001,1.152645744,10.76486486,0.3224292824,0.1132432432,9.594977648
Known-Transition Safe,8,7,9,0.95,0.2643493157,4.812972973,0.06573010011,0.2086486486,0.2643493157
Known-Transition Safe,8,7,10,0.95,0.2202876177,4.57972973,0.05697709464,0.2216216216,0.2202876177
Known-Transition Safe,8,7,11,0.8957240492,0.4190042049,5.280540541,0.1095073152,0.2105405405,0.4950210247
Known-Transition Safe,8,8,0,0.924502767,0.3798996382,4.586756757,0.09559096301,0.2145945946,0.3798996382
Known-Transition Safe,8,8,1,0.7675714746,0.5699618165,6.99,0.1555841715,0.1810810811,1.079847266
Known-Transition Safe,8,8,2,0.2938168902,1.557699888,16.28189189,0.3885829721,0.06081081081,23.94367979
Known-Transition Safe,8,8,3,0.223720696,2.021057334,21.74162162,0.3960179912,0.04324324324,23.97947876
Known-Transition Safe,8,8,4,0.8564804989,0.4673466129,5.664864865,0.1172155829,0.1937837838,0.6020398386
Known-Transition Safe,8,8,5,0.95,0.2347890628,4.641351351,0.05939528725,0.2116216216,0.2347890628
Known-Transition Safe,8,8,6,0.4732619221,0.9960890923,10.42243243,0.2791741591,0.1281081081,7.113960032
Known-Transition Safe,8,8,7,0.198994158,2.271318822,25.50486486,0.395332249,0.03459459459,23.9985915
Known-Transition Safe,8,8,8,0.3554966144,1.304697623,12.52621622,0.3621417455,0.09459459459,17.70194355
Known-Transition Safe,8,8,9,0.365156396,1.272612991,14.19162162,0.3487647493,0.09135135135,19.88542354
Known-Transition Safe,8,8,10,0.95,0.2590903055,4.266756757,0.06533277162,0.217027027,0.2590903055
Known-Transition Safe,8,8,11,0.8950142286,0.4199186836,4.659459459,0.1125836038,0.2151351351,0.4398373672
Known-Transition Safe,8,9,0,0.3257577326,1.414897118,14.46783784,0.379727794,0.07945945946,23.87703683
Known-Transition Safe,8,9,1,0.6871221964,0.6652565043,7.942702703,0.1765626722,0.1635135135,1.726282521
Known-Transition Safe,8,9,2,0.2523803769,1.798374164,20.3327027,0.3922399866,0.04837837838,23.98376384
Known-Transition Safe,8,9,3,0.1963495047,2.302374716,28.05513514,0.4001153899,0.03486486486,23.99949363
Known-Transition Safe,8,9,4,0.5437054116,0.8671448273,9.953243243,0.2561592693,0.1332432432,4.674317237
Known-Transition Safe,8,9,5,0.2493362779,1.819394726,21.22054054,0.3968247416,0.0472972973,23.98913103
Known-Transition Safe,8,9,6,0.95,0.209506079,4.078378378,0.05447158053,0.2286486486,0.209506079
Known-Transition Safe,8,9,7,0.4363495231,1.076896197,10.24945946,0.3306362377,0.1210810811,10.42964026
Known-Transition Safe,8,9,8,0.95,0.2790122724,4.614864865,0.0721661472,0.2191891892,0.2790122724
Known-Transition Safe,8,9,9,0.6652629851,0.6926602831,7.312972973,0.1993738382,0.1735135135,1.941282265
Known-Transition Safe,8,9,10,0.95,0.247425482,4.194324324,0.0640631383,0.2286486486,0.247425482
Known-Transition Safe,8,9,11,0.2127973752,2.123503268,22.74459459,0.4000221022,0.04027027027,23.99487595
Known-Transition Safe,8,10,0,0.2210551088,2.045012567,22.16405405,0.3951848608,0.04594594595,23.99589223
Known-Transition Safe,8,10,1,0.5230742899,0.9021077578,11.9172973,0.2647808176,0.1243243243,4.425293094
Known-Transition Safe,8,10,2,0.4621770162,1.019211399,11.15378378,0.2856546543,0.1167567568,6.565016585
Known-Transition Safe,8,10,3,0.8877431859,0.4291816563,5.206486486,0.1100792951,0.2124324324,0.4875449689
Known-Transition Safe,8,10,4,0.3493760462,1.325898395,15.05486486,0.3436585298,0.08162162162,20.5244117
Known-Transition Safe,8,10,5,0.4491418585,1.047619095,11.32351351,0.3193822538,0.1297297297,7.88571556
Known-Transition Safe,8,10,6,0.5565464418,0.8463561798,9.495945946,0.2415546286,0.1440540541,3.634411237
Known-Transition Safe,8,10,7,0.34857734,1.328717478,14.13135135,0.3662950887,0.08837837838,22.01226819
Known-Transition Safe,8,10,8,0.2223217792,2.03354937,27.37243243,0.4001145788,0.04324324324,23.99496751
Known-Transition Safe,8,10,9,0.6900300697,0.6616731043,7.587837838,0.1834801635,0.1686486486,2.755057939
Known-Transition Safe,8,10,10,0.2104662511,2.146920017,27.97162162,0.399791322,0.03378378378,23.99724247
Known-Transition Safe,8,10,11,0.2177243916,2.075867389,29.94054054,0.3966589849,0.03594594595,23.99506661
Known-Transition Safe,8,11,0,0.95,0.3358641596,5.148108108,0.07969965734,0.2032432432,0.3358641596
Known-Transition Safe,8,11,1,0.2935060875,1.559243329,15.76324324,0.3771683187,0.07027027027,23.82476299
Known-Transition Safe,8,11,2,0.6227889451,0.7487311135,7.888378378,0.195074809,0.1632432432,2.338580022
Known-Transition Safe,8,11,3,0.4312530983,1.088976442,11.3127027,0.3137429426,0.1075675676,7.914963464
Known-Transition Safe,8,11,4,0.6153269509,0.7590395275,9.244594595,0.1926319233,0.1413513514,2.94463244
Known-Transition Safe,8,11,5,0.4183303984,1.120756955,13.19162162,0.3132061327,0.09783783784,12.26422255
Known-Transition Safe,8,11,6,0.9434799305,0.3508668233,5.152972973,0.08534598406,0.1964864865,0.3508668233
Known-Transition Safe,8,11,7,0.4987828682,0.9460759936,11.5027027,0.2546734296,0.1154054054,8.41367186
Known-Transition Safe,8,11,8,0.6260188518,0.7443154627,9.497297297,0.1788368774,0.1408108108,1.554523702
Known-Transition Safe,8,11,9,0.4351735249,1.079661914,11.34189189,0.3055151417,0.1164864865,8.952562117
Known-Transition Safe,8,11,10,0.2492611008,1.819920828,21.10945946,0.4018581935,0.05,23.99524965
Known-Transition Safe,8,11,11,0.2092716103,2.159149808,28.00189189,0.3938989514,0.03783783784,23.98299616
Known-Transition Safe,8,12,0,0.2277146089,1.986329388,20.26,0.3892131909,0.05486486486,23.9934339
Known-Transition Safe,8,12,1,0.9318683167,0.369039043,4.852972973,0.08627534384,0.2016216216,0.369039043
Known-Transition Safe,8,12,2,0.4490225566,1.047885528,12.13054054,0.3067189263,0.117027027,16.49004748
Known-Transition Safe,8,12,3,0.364868936,1.273544601,13.47324324,0.3466106523,0.09108108108,18.17406104
Known-Transition Safe,8,12,4,0.3264467419,1.412123145,14.59459459,0.3644804334,0.08432432432,21.64862017
Known-Transition Safe,8,12,5,0.2532754659,1.792296255,19.22567568,0.3986648155,0.05,23.99940524
Known-Transition Safe,8,12,6,0.5108922966,0.9237509324,10.0272973,0.2416732169,0.1267567568,3.485011189
Known-Transition Safe,8,12,7,0.7249468559,0.6195927545,7.296216216,0.1495395486,0.1605405405,1.278371018
Known-Transition Safe,8,12,8,0.885090931,0.4325165816,5.707027027,0.1052067361,0.1878378378,0.4650331633
Known-Transition Safe,8,12,9,0.3371942215,1.370290719,14.75891892,0.3503500054,0.08,17.53628025
Known-Transition Safe,8,12,10,0.4510893652,1.043286736,12.21216216,0.2706906126,0.1094594595,7.071749032
Known-Transition Safe,8,12,11,0.3770521179,1.235229773,13.26081081,0.3254997374,0.09459459459,12.73982523
Known-Transition Safe,8,13,0,0.931036637,0.3702883284,5.916486486,0.08936958846,0.1867567568,0.3702883284
Known-Transition Safe,8,13,1,0.7159624459,0.6302691506,7.706486486,0.1694912986,0.1654054054,1.321076603
Known-Transition Safe,8,13,2,0.6775674106,0.6771299559,8.537297297,0.1639752542,0.1494594595,1.508519823
Known-Transition Safe,8,13,3,0.3509019354,1.320546841,14.45756757,0.3522647925,0.08648648649,19.27663835
Known-Transition Safe,8,13,4,0.95,0.2764601871,4.811621622,0.0678448243,0.2075675676,0.2764601871
Known-Transition Safe,8,13,5,0.7562371291,0.5830294735,6.600540541,0.1490664546,0.1748648649,0.9490884205
Known-Transition Safe,8,13,6,0.2357345475,1.920506701,22.27405405,0.3939634016,0.04432432432,23.97275559
Known-Transition Safe,8,13,7,0.5713184825,0.8232731646,9.763513514,0.2354116238,0.1408108108,3.712009622
Known-Transition Safe,8,13,8,0.95,0.2265612916,4.438918919,0.05633415899,0.2137837838,0.2265612916
Known-Transition Safe,8,13,9,0.8385292043,0.488449848,5.756216216,0.1256768258,0.1956756757,0.6653495441
Known-Transition Safe,8,13,10,0.9458583108,0.3469497415,5.327027027,0.07407845831,0.1867567568,0.3469497415
Known-Transition Safe,8,13,11,0.3749843981,1.241568686,12.88567568,0.3342168679,0.1005405405,13.62117876
Known-Transition Safe,8,14,0,0.3969158517,1.177446822,12.84297297,0.3258663636,0.0972972973,12.19106418
Known-Transition Safe,8,14,1,0.64914127,0.7134614509,8.257567568,0.189549353,0.1532432432,2.280768706
Known-Transition Safe,8,14,2,0.685168137,0.6676722331,8.134864865,0.1788278873,0.1527027027,1.470688932
Known-Transition Safe,8,14,3,0.2123384503,2.128067317,25.19459459,0.3980061035,0.03783783784,23.99429945
Known-Transition Safe,8,14,4,0.8391928019,0.4876767217,5.843783784,0.1202057217,0.1851351351,0.6630301652
Known-Transition Safe,8,14,5,0.2547057577,1.782678959,18.61459459,0.38833493,0.05972972973,23.99722353
Known-Transition Safe,8,14,6,0.6450583303,0.7188179662,8.634594595,0.1968007026,0.1475675676,1.675271865
Known-Transition Safe,8,14,7,0.3536782427,1.310923092,15.41459459,0.3454459499,0.08351351351,16.54446243
Known-Transition Safe,8,14,8,0.3495021855,1.325454306,13.63594595,0.3499915831,0.08756756757,17.79087443
Known-Transition Safe,8,14,9,0.2638904463,1.723560971,21.12540541,0.3884999593,0.05756756757,23.98956077
Known-Transition Safe,8,14,10,0.8142278578,0.5165166625,6.226486486,0.1264767828,0.1894594595,0.7495499874
Known-Transition Safe,8,14,11,0.4332858251,1.084128614,12.08216216,0.289198633,0.1081081081,9.734958127
Known-Transition Safe,8,15,0,0.95,0.2609434761,4.360540541,0.06474219217,0.2205405405,0.2609434761
Known-Transition Safe,8,15,1,0.6682774533,0.6888292002,6.579459459,0.1956647269,0.1862162162,1.844146001
Known-Transition Safe,8,15,2,0.3936552323,1.186565108,11.9172973,0.3399348687,0.1140540541,10.82382302
Known-Transition Safe,8,15,3,0.8783623152,0.4408835581,5.824864865,0.1050971076,0.1886486486,0.5226506742
Known-Transition Safe,8,15,4,0.2542081145,1.786011998,18.38513514,0.3934053456,0.05513513514,23.98961151
Known-Transition Safe,8,15,5,0.6112416568,0.7647485898,7.966756757,0.2139229163,0.1672972973,2.341731668
Known-Transition Safe,8,15,6,0.1961261937,2.305041448,28.23891892,0.4005788245,0.03243243243,23.99896785
Known-Transition Safe,8,15,7,0.2603661895,1.74572184,18.49081081,0.3996287562,0.05675675676,23.99223683
Known-Transition Safe,8,15,8,0.4858854259,0.9708198352,10.14351351,0.2804882173,0.1310810811,5.87049588
Known-Transition Safe,8,15,9,0.9440218225,0.349980936,4.951351351,0.08607639238,0.2035135135,0.349980936
Known-Transition Safe,8,15,10,0.777121657,0.5589976316,7.19027027,0.1400515688,0.1697297297,0.8769928948
Known-Transition Safe,8,15,11,0.6438927182,0.7203540735,8.925675676,0.1835929436,0.147027027,1.762832588
Known-Transition Safe,8,16,0,0.3932789834,1.187626136,14.04162162,0.3453745196,0.0972972973,21.99569884
Known-Transition Safe,8,16,1,0.7735119064,0.5631378354,7.002432432,0.1642231688,0.1848648649,1.215689177
Known-Transition Safe,8,16,2,0.901603995,0.4113518347,5.064864865,0.1073961817,0.2110810811,0.4227036694
Known-Transition Safe,8,16,3,0.8416273572,0.4848363331,5.837027027,0.1178021253,0.1824324324,0.6545089994
Known-Transition Safe,8,16,4,0.2260479039,2.00065631,18.35594595,0.3958055187,0.05054054054,23.81855127
Known-Transition Safe,8,16,5,0.7045979448,0.6439160289,6.201621622,0.1804705194,0.19,1.39524426
Known-Transition Safe,8,16,6,0.6624829137,0.6962092138,7.436216216,0.2047231418,0.177027027,1.584836855
Known-Transition Safe,8,16,7,0.1982197585,2.280313362,29.67405405,0.397514086,0.03162162162,23.98726247
Known-Transition Safe,8,16,8,0.7522839954,0.5876051337,6.473783784,0.164211813,0.1956756757,1.150420535
Known-Transition Safe,8,16,9,0.3841282698,1.214015836,12.31648649,0.3615798516,0.1110810811,16.71480762
Known-Transition Safe,8,16,10,0.2247729528,2.011774821,21.68783784,0.4012675183,0.04513513514,23.98960079
Known-Transition Safe,8,16,11,0.2144342016,2.107404393,22.93243243,0.4009764034,0.04459459459,23.99967442
Known-Transition Safe,8,17,0,0.6058267012,0.772389876,8.793513514,0.2102152987,0.1491891892,1.889559504
Known-Transition Safe,8,17,1,0.4606290406,1.022513998,10.50162162,0.2860275643,0.1197297297,6.897933941
Known-Transition Safe,8,17,2,0.8627452041,0.4598691245,4.908918919,0.1213060177,0.2089189189,0.5197382491
Known-Transition Safe,8,17,3,0.95,0.2139841101,4.131081081,0.0576022091,0.2289189189,0.2139841101
Known-Transition Safe,8,17,4,0.8920394043,0.4237308779,5.101351351,0.1089102878,0.2013513514,0.4711926338
Known-Transition Safe,8,17,5,0.9329954481,0.3673358894,4.73027027,0.09391885171,0.22,0.3673358894
Known-Transition Safe,8,17,6,0.2434414901,1.861711545,22.54702703,0.3990100689,0.04810810811,23.98240489
Known-Transition Safe,8,17,7,0.2237143759,2.021113381,26.89702703,0.3960289733,0.03594594595,23.98927478
Known-Transition Safe,8,17,8,0.7874097494,0.5472165522,6.327837838,0.14730478,0.1910810811,0.8416496567
Known-Transition Safe,8,17,9,0.2072792387,2.179902851,27.27702703,0.3965066538,0.03486486486,23.99611406
Known-Transition Safe,8,17,10,0.95,0.241873434,4.491081081,0.05968390412,0.2132432432,0.241873434
Known-Transition Safe,8,17,11,0.5223938409,0.9032962107,9.217297297,0.2658620469,0.1410810811,5.356035582
Known-Transition Safe,8,18,0,0.95,0.2641897105,4.512702703,0.06840371422,0.2156756757,0.2641897105
Known-Transition Safe,8,18,1,0.2298402862,1.968390267,22.55324324,0.3974020351,0.04648648649,23.99298097
Known-Transition Safe,8,18,2,0.2514208534,1.804941085,16.56918919,0.3912331757,0.05621621622,23.99878269
Known-Transition Safe,8,18,3,0.95,0.3377909827,4.581351351,0.0850868097,0.2137837838,0.3377909827
Known-Transition Safe,8,18,4,0.8064515181,0.5254308787,6.255945946,0.1334878449,0.1894594595,0.9017235147
Known-Transition Safe,8,18,5,0.2889292384,1.582364629,16.74540541,0.3853271704,0.07297297297,23.95429695
Known-Transition Safe,8,18,6,0.86964094,0.451552802,5.476216216,0.1181359763,0.202972973,0.554658406
Known-Transition Safe,8,18,7,0.95,0.2372894534,4.514054054,0.06092567046,0.2178378378,0.2372894534
Known-Transition Safe,8,18,8,0.4229897239,1.10910177,10.45918919,0.3159441259,0.1127027027,14.80071684
Known-Transition Safe,8,18,9,0.9113191376,0.3983676074,4.601081081,0.1005609041,0.2137837838,0.3983676074
Known-Transition Safe,8,18,10,0.93510967,0.3641087485,5.213243243,0.0936841969,0.2094594595,0.3641087485
Known-Transition Safe,8,18,11,0.8418183031,0.4846132827,5.985135135,0.1259994535,0.2027027027,0.7384531309
Known-Transition Safe,8,19,0,0.8339118425,0.4938172966,5.898918919,0.1261236068,0.192972973,0.7752691863
Known-Transition Safe,8,19,1,0.4218873338,1.111838862,12.00378378,0.2839696554,0.102972973,6.942066347
Known-Transition Safe,8,19,2,0.3658373363,1.270411673,14.83405405,0.3481614693,0.08675675676,15.34828557
Known-Transition Safe,8,19,3,0.3670076204,1.266646367,12.9,0.3604807095,0.1016216216,17.66506303
Known-Transition Safe,8,19,4,0.481511622,0.9794527448,10.62594595,0.2602167698,0.1172972973,6.332885683
Known-Transition Safe,8,19,5,0.1930715746,2.342239302,25.00648649,0.3969146061,0.03648648649,23.98702535
Known-Transition Safe,8,19,6,0.2120595117,2.1308523,25.47459459,0.3910401923,0.03891891892,23.98943338
Known-Transition Safe,8,19,7,0.3057773787,1.500722279,14.2572973,0.3820757802,0.0772972973,23.93250255
Known-Transition Safe,8,19,8,0.5446939528,0.8655191693,9.104054054,0.2393043541,0.1418918919,3.455191693
Known-Transition Safe,8,19,9,0.4653449839,1.012509865,9.841621622,0.2791243411,0.1218918919,5.025177564
Known-Transition Safe,8,19,10,0.3623629999,1.281724896,13.29432432,0.3419087762,0.08837837838,18.79589541
Known-Transition Safe,8,19,11,0.8770434254,0.4425090154,5.537567568,0.1054845815,0.1943243243,0.5275270463
Wang'26 PORMAB-Safe,2,0,0,0.95,0.3369544871,3.881081081,0.08487610324,0.2145945946,0.3369544871
Wang'26 PORMAB-Safe,2,0,1,0.2315765095,1.95400716,18.12135135,0.3997793027,0.04891891892,23.99873249
Wang'26 PORMAB-Safe,2,0,2,0.95,0.2191119648,4.068918919,0.05643613579,0.2124324324,0.2191119648
Wang'26 PORMAB-Safe,2,0,3,0.8081176242,0.5235225351,5.697027027,0.125786901,0.1781081081,0.7705676054
Wang'26 PORMAB-Safe,2,0,4,0.6281327393,0.7414402559,7.732972973,0.1965818624,0.1405405405,6.136006398
Wang'26 PORMAB-Safe,2,0,5,0.795200025,0.5383055036,5.657837838,0.1325395443,0.1778378378,0.8298330217
Wang'26 PORMAB-Safe,2,0,6,0.3394136806,1.361973486,10.4327027,0.4012300271,0.09405405405,23.99899405
Wang'26 PORMAB-Safe,2,0,7,0.9476946562,0.3438720469,4.113243243,0.0841092439,0.2051351351,0.3438720469
Wang'26 PORMAB-Safe,2,0,8,0.5005847781,0.9427001774,8.510810811,0.3029379759,0.1348648649,12.62260674
Wang'26 PORMAB-Safe,2,0,9,0.95,0.2738400263,3.527837838,0.06683176858,0.2172972973,0.2738400263
Wang'26 PORMAB-Safe,2,0,10,0.23436609,1.931388168,20.46810811,0.3998495505,0.0472972973,23.99930207
Wang'26 PORMAB-Safe,2,0,11,0.2528380647,1.795260579,18.02405405,0.399809383,0.05216216216,23.9999644
Wang'26 PORMAB-Safe,2,1,0,0.5605092249,0.8400796556,7.701351351,0.259516499,0.1459459459,6.642071046
Wang'26 PORMAB-Safe,2,1,1,0.2181252996,2.072097608,22.05162162,0.3992988094,0.0427027027,23.99953142
Wang'26 PORMAB-Safe,2,1,2,0.2316669551,1.953264399,16.72243243,0.4001552471,0.05216216216,23.99994003
Wang'26 PORMAB-Safe,2,1,3,0.3707979081,1.254604531,11.06972973,0.3984217091,0.1045945946,23.99782787
Wang'26 PORMAB-Safe,2,1,4,0.95,0.2976063768,3.335135135,0.07721678964,0.2251351351,0.2976063768
Wang'26 PORMAB-Safe,2,1,5,0.95,0.2276934429,3.243513514,0.06240031112,0.2440540541,0.2276934429
Wang'26 PORMAB-Safe,2,1,6,0.2020086086,2.237061952,26.81027027,0.3996480947,0.03162162162,23.99943658
Wang'26 PORMAB-Safe,2,1,7,0.95,0.2579608484,3.442972973,0.06706982058,0.2272972973,0.2579608484
Wang'26 PORMAB-Safe,2,1,8,0.325972712,1.414030367,12.92243243,0.4001323768,0.07972972973,23.99953849
Wang'26 PORMAB-Safe,2,1,9,0.8362721814,0.4910760745,5.753513514,0.1242289745,0.1835135135,0.6732282236
Wang'26 PORMAB-Safe,2,1,10,0.2993435181,1.530799061,13.74945946,0.4000764031,0.07027027027,23.99968316
Wang'26 PORMAB-Safe,2,1,11,0.2334007936,1.939147999,19.32540541,0.400407857,0.04621621622,23.99996337
Wang'26 PORMAB-Safe,2,2,0,0.2983974043,1.535332493,13.65459459,0.4000163576,0.06540540541,23.99949569
Wang'26 PORMAB-Safe,2,2,1,0.4720337023,0.9986066978,7.213783784,0.3141562692,0.15,9.933121493
Wang'26 PORMAB-Safe,2,2,2,0.7619171253,0.5764720931,5.794594595,0.1391323187,0.1708108108,1.058832559
Wang'26 PORMAB-Safe,2,2,3,0.95,0.328976203,3.981081081,0.0832220881,0.2102702703,0.328976203
Wang'26 PORMAB-Safe,2,2,4,0.6042558466,0.7746227687,7.95972973,0.2196160228,0.1443243243,4.844718762
Wang'26 PORMAB-Safe,2,2,5,0.7527600943,0.5870535051,6.050540541,0.1451767452,0.1721621622,0.9611605154
Wang'26 PORMAB-Safe,2,2,6,0.6803453125,0.6736618433,6.485675676,0.1678692485,0.1591891892,2.189294747
Wang'26 PORMAB-Safe,2,2,7,0.2438339011,1.858825842,19.56324324,0.3998987487,0.04648648649,23.97848257
Wang'26 PORMAB-Safe,2,2,8,0.7053294905,0.6430324214,6.950540541,0.1619746532,0.1505405405,1.787291793
Wang'26 PORMAB-Safe,2,2,9,0.1925045361,2.34929577,25.70108108,0.4000152257,0.03243243243,23.99999967
Wang'26 PORMAB-Safe,2,2,10,0.95,0.2710575607,3.824864865,0.06966911897,0.2181081081,0.2710575607
Wang'26 PORMAB-Safe,2,2,11,0.2931742638,1.560894842,14.57783784,0.3999265703,0.06837837838,23.9997206
Wang'26 PORMAB-Safe,2,3,0,0.2469621281,1.836175919,15.96459459,0.399988592,0.05432432432,23.99908832
Wang'26 PORMAB-Safe,2,3,1,0.8215561338,0.5080937316,5.459189189,0.124002335,0.1802702703,0.7242811947
Wang'26 PORMAB-Safe,2,3,2,0.8932287906,0.4222105672,4.023513514,0.1041833102,0.2102702703,0.4666317017
Wang'26 PORMAB-Safe,2,3,3,0.3220866759,1.429873819,11.58135135,0.3999782169,0.08756756757,23.99918077
Wang'26 PORMAB-Safe,2,3,4,0.225348274,2.006740312,19.39027027,0.4002633378,0.04432432432,23.99955093
Wang'26 PORMAB-Safe,2,3,5,0.2465631425,1.839030251,15.98972973,0.3996163031,0.05081081081,23.99947619
Wang'26 PORMAB-Safe,2,3,6,0.4834834838,0.9755450403,8.145945946,0.3385404951,0.1454054054,20.57289169
Wang'26 PORMAB-Safe,2,3,7,0.2778755806,1.641436133,14.99513514,0.3997118799,0.05837837838,23.99929074
Wang'26 PORMAB-Safe,2,3,8,0.2645088005,1.719737046,17.37,0.4011170461,0.05405405405,23.99884008
Wang'26 PORMAB-Safe,2,3,9,0.3014458345,1.520828652,14.80513514,0.4015809711,0.07351351351,23.99964931
Wang'26 PORMAB-Safe,2,3,10,0.9387067142,0.3585144156,4.044324324,0.0888534376,0.2051351351,0.3585144156
Wang'26 PORMAB-Safe,2,3,11,0.2969367479,1.542388958,12.22351351,0.3997705436,0.07297297297,23.99861981
Wang'26 PORMAB-Safe,2,4,0,0.662118963,0.6966749552,7.281891892,0.1495026796,0.1318918919,2.746799283
Wang'26 PORMAB-Safe,2,4,1,0.6741961796,0.6813572012,8.054864865,0.144558217,0.1232432432,1.688143207
Wang'26 PORMAB-Safe,2,4,2,0.3640876,1.27608378,9.789189189,0.3935166468,0.1048648649,23.99327816
Wang'26 PORMAB-Safe,2,4,3,0.2460798207,1.842501298,16.27216216,0.4008685256,0.04891891892,23.99849541
Wang'26 PORMAB-Safe,2,4,4,0.2372011855,1.908996959,19.58189189,0.4003734163,0.04486486486,23.99920884
Wang'26 PORMAB-Safe,2,4,5,0.4128728207,1.13470463,9.382162162,0.3655588971,0.1140540541,23.61698245
Wang'26 PORMAB-Safe,2,4,6,0.5024050881,0.9393093506,9.303783784,0.2541212594,0.1110810811,8.507568311
Wang'26 PORMAB-Safe,2,4,7,0.4159209977,1.126874486,9.586486486,0.3325802538,0.1067567568,23.93934366
Wang'26 PORMAB-Safe,2,4,8,0.2309431598,1.959226317,20.29540541,0.4003175935,0.04351351351,23.99977447
Wang'26 PORMAB-Safe,2,4,9,0.4380235493,1.072981387,9.865945946,0.3192844615,0.1024324324,23.94658544
Wang'26 PORMAB-Safe,2,4,10,0.7287104513,0.6151471375,7.348648649,0.127850851,0.1348648649,2.18176565
Wang'26 PORMAB-Safe,2,4,11,0.5641011845,0.8344446437,8.100810811,0.2002667145,0.1232432432,4.916669655
Wang'26 PORMAB-Safe,2,5,0,0.9411489522,0.3546353857,4.186216216,0.07984088547,0.1891891892,0.3546353857
Wang'26 PORMAB-Safe,2,5,1,0.4821824971,0.9781203331,8.327567568,0.2884133198,0.1318918919,11.20924899
Wang'26 PORMAB-Safe,2,5,2,0.3825098869,1.218803669,9.527297297,0.40319343,0.1140540541,23.99842904
Wang'26 PORMAB-Safe,2,5,3,0.7544254172,0.5851252029,6.898648649,0.1282531188,0.1497297297,1.110751217
Wang'26 PORMAB-Safe,2,5,4,0.3523107703,1.315645181,10.22675676,0.4021607296,0.1024324324,23.99936629
Wang'26 PORMAB-Safe,2,5,5,0.8677360717,0.4538598372,5.55972973,0.09800919188,0.1654054054,0.5077196745
Wang'26 PORMAB-Safe,2,5,6,0.95,0.2241414152,4.211351351,0.0526429432,0.1972972973,0.2241414152
Wang'26 PORMAB-Safe,2,5,7,0.2189202535,2.064668323,18.97513514,0.4000992398,0.04540540541,23.99921978
Wang'26 PORMAB-Safe,2,5,8,0.8265150398,0.5023771293,5.923243243,0.1095725252,0.1575675676,0.7071313878
Wang'26 PORMAB-Safe,2,5,9,0.3376263363,1.368663091,11.07594595,0.4017211128,0.08351351351,23.9966731
Wang'26 PORMAB-Safe,2,5,10,0.2625732011,1.731770293,15.40027027,0.4001793515,0.05675675676,23.999585
Wang'26 PORMAB-Safe,2,5,11,0.2699141276,1.687095206,14.73837838,0.3998871609,0.06216216216,23.99980549
Wang'26 PORMAB-Safe,2,6,0,0.6600953202,0.6992694381,7.513783784,0.1668797064,0.132972973,3.18831101
Wang'26 PORMAB-Safe,2,6,1,0.4082536129,1.146768836,10.64972973,0.4016790303,0.1091891892,23.99713888
Wang'26 PORMAB-Safe,2,6,2,0.95,0.2551559305,4.132432432,0.05765144809,0.1951351351,0.2551559305
Wang'26 PORMAB-Safe,2,6,3,0.8542797728,0.4699577518,5.851891892,0.1040257834,0.1716216216,0.6098732553
Wang'26 PORMAB-Safe,2,6,4,0.5796663152,0.8105930222,8.123783784,0.1976094341,0.1281081081,3.737709289
Wang'26 PORMAB-Safe,2,6,5,0.95,0.2156180293,3.818918919,0.04895112016,0.1978378378,0.2156180293
Wang'26 PORMAB-Safe,2,6,6,0.7238759829,0.6208604762,7.104324324,0.1258500965,0.1356756757,1.062581429
Wang'26 PORMAB-Safe,2,6,7,0.298421524,1.535216558,13.29810811,0.3999861519,0.07027027027,23.99999245
Wang'26 PORMAB-Safe,2,6,8,0.95,0.2628816135,3.921621622,0.059539133,0.1945945946,0.2628816135
Wang'26 PORMAB-Safe,2,6,9,0.3698913443,1.257463669,11.01027027,0.3979702584,0.09621621622,23.99867836
Wang'26 PORMAB-Safe,2,6,10,0.95,0.2571157349,4.204324324,0.05969254493,0.1991891892,0.2571157349
Wang'26 PORMAB-Safe,2,6,11,0.5870736138,0.7995478023,8.213513514,0.2035605486,0.1327027027,4.395025826
Wang'26 PORMAB-Safe,2,7,0,0.95,0.2129344738,3.801621622,0.0516797723,0.2110810811,0.2129344738
Wang'26 PORMAB-Safe,2,7,1,0.8194645516,0.5105004868,4.847837838,0.1154834885,0.18,0.7315014605
Wang'26 PORMAB-Safe,2,7,2,0.5139536145,0.9182376412,8.488378378,0.2948287345,0.1383783784,8.173564619
Wang'26 PORMAB-Safe,2,7,3,0.1957148488,2.309972111,23.20945946,0.3995627435,0.03540540541,23.99909524
Wang'26 PORMAB-Safe,2,7,4,0.2668165055,1.705631049,16.73405405,0.4010537872,0.05567567568,23.99999021
Wang'26 PORMAB-Safe,2,7,5,0.95,0.2143947682,3.812972973,0.05168652249,0.2097297297,0.2143947682
Wang'26 PORMAB-Safe,2,7,6,0.9166527097,0.3910280632,4.594324324,0.09532630082,0.1989189189,0.3910280632
Wang'26 PORMAB-Safe,2,7,7,0.2817874583,1.619983796,14.00972973,0.400179781,0.06594594595,23.99902777
Wang'26 PORMAB-Safe,2,7,8,0.4060368001,1.152645744,8.823783784,0.3971954929,0.1313513514,23.98923911
Wang'26 PORMAB-Safe,2,7,9,0.95,0.2643493157,4.096756757,0.06351528152,0.2021621622,0.2643493157
Wang'26 PORMAB-Safe,2,7,10,0.95,0.2202876177,4.012972973,0.0543574581,0.2127027027,0.2202876177
Wang'26 PORMAB-Safe,2,7,11,0.8957240492,0.4190042049,4.967567568,0.09988154291,0.1875675676,0.4380084099
Wang'26 PORMAB-Safe,2,8,0,0.924502767,0.3798996382,4.267837838,0.09127858874,0.1964864865,0.3798996382
Wang'26 PORMAB-Safe,2,8,1,0.7675714746,0.5699618165,6.541081081,0.1354044424,0.1589189189,1.019770899
Wang'26 PORMAB-Safe,2,8,2,0.2938168902,1.557699888,13.22486486,0.3995289714,0.06918918919,23.99890284
Wang'26 PORMAB-Safe,2,8,3,0.223720696,2.021057334,16.92837838,0.3992953814,0.05,23.98260599
Wang'26 PORMAB-Safe,2,8,4,0.8564804989,0.4673466129,5.183243243,0.1030688746,0.1705405405,0.6020398386
Wang'26 PORMAB-Safe,2,8,5,0.95,0.2347890628,3.87972973,0.05711085312,0.2075675676,0.2347890628
Wang'26 PORMAB-Safe,2,8,6,0.4732619221,0.9960890923,9.042972973,0.3165948034,0.132972973,17.88267277
Wang'26 PORMAB-Safe,2,8,7,0.198994158,2.271318822,23.86702703,0.3996293386,0.03594594595,23.99910349
Wang'26 PORMAB-Safe,2,8,8,0.3554966144,1.304697623,11.15756757,0.4023405371,0.09918918919,23.99724593
Wang'26 PORMAB-Safe,2,8,9,0.365156396,1.272612991,10.07432432,0.402764814,0.1027027027,23.99970094
Wang'26 PORMAB-Safe,2,8,10,0.95,0.2590903055,3.682702703,0.06295194179,0.2118918919,0.2590903055
Wang'26 PORMAB-Safe,2,8,11,0.8950142286,0.4199186836,4.735405405,0.1019153994,0.1940540541,0.4597560509
Wang'26 PORMAB-Safe,2,9,0,0.3257577326,1.414897118,13.07324324,0.4007600485,0.08162162162,23.99942314
Wang'26 PORMAB-Safe,2,9,1,0.6871221964,0.6652565043,6.850540541,0.1598413601,0.1475675676,4.766156103
Wang'26 PORMAB-Safe,2,9,2,0.2523803769,1.798374164,19.25702703,0.3995306927,0.04702702703,23.9969037
Wang'26 PORMAB-Safe,2,9,3,0.1963495047,2.302374716,26.36945946,0.3994931264,0.03513513514,23.99949363
Wang'26 PORMAB-Safe,2,9,4,0.5437054116,0.8671448273,8.246486486,0.2620183559,0.1310810811,6.674317237
Wang'26 PORMAB-Safe,2,9,5,0.2493362779,1.819394726,17.90621622,0.4002668397,0.04891891892,23.99928272
Wang'26 PORMAB-Safe,2,9,6,0.95,0.209506079,3.540810811,0.05265963606,0.2213513514,0.209506079
Wang'26 PORMAB-Safe,2,9,7,0.4363495231,1.076896197,8.233243243,0.3830257824,0.137027027,23.99860223
Wang'26 PORMAB-Safe,2,9,8,0.95,0.2790122724,3.795135135,0.0701301117,0.2127027027,0.2790122724
Wang'26 PORMAB-Safe,2,9,9,0.6652629851,0.6926602831,7.332432432,0.1821509339,0.1524324324,2.897243963
Wang'26 PORMAB-Safe,2,9,10,0.95,0.247425482,3.647837838,0.06158888349,0.2143243243,0.247425482
Wang'26 PORMAB-Safe,2,9,11,0.2127973752,2.123503268,23.54567568,0.4000221022,0.03648648649,23.9988499
Wang'26 PORMAB-Safe,2,10,0,0.2210551088,2.045012567,19.45810811,0.4001592157,0.04432432432,23.99982707
Wang'26 PORMAB-Safe,2,10,1,0.5230742899,0.9021077578,9.278378378,0.2550283013,0.1175675676,6.025293094
Wang'26 PORMAB-Safe,2,10,2,0.4621770162,1.019211399,9.695945946,0.3126499833,0.1178378378,14.59899276
Wang'26 PORMAB-Safe,2,10,3,0.8877431859,0.4291816563,4.832432432,0.09372399413,0.1824324324,0.4583633126
Wang'26 PORMAB-Safe,2,10,4,0.3493760462,1.325898395,11.33486486,0.3970528165,0.09405405405,23.99851331
Wang'26 PORMAB-Safe,2,10,5,0.4491418585,1.047619095,9.347027027,0.3510939669,0.1272972973,22.89524612
Wang'26 PORMAB-Safe,2,10,6,0.5565464418,0.8463561798,8.442432432,0.2166214331,0.1262162162,7.188055057
Wang'26 PORMAB-Safe,2,10,7,0.34857734,1.328717478,11.00810811,0.3989743564,0.09054054054,23.99963319
Wang'26 PORMAB-Safe,2,10,8,0.2223217792,2.03354937,23.55135135,0.4001145788,0.04135135135,23.99801714
Wang'26 PORMAB-Safe,2,10,9,0.6900300697,0.6616731043,7.528918919,0.1518271529,0.1397297297,1.308365522
Wang'26 PORMAB-Safe,2,10,10,0.2104662511,2.146920017,22.85351351,0.399791322,0.03810810811,23.99932792
Wang'26 PORMAB-Safe,2,10,11,0.2177243916,2.075867389,40.31810811,0.4011473468,0.03486486486,23.99722662
Wang'26 PORMAB-Safe,2,11,0,0.95,0.3358641596,4.275675676,0.07307314824,0.187027027,0.3358641596
Wang'26 PORMAB-Safe,2,11,1,0.2935060875,1.559243329,13.59621622,0.3990820087,0.07027027027,23.99964882
Wang'26 PORMAB-Safe,2,11,2,0.6227889451,0.7487311135,8.052432432,0.1677562414,0.1316216216,8.605588973
Wang'26 PORMAB-Safe,2,11,3,0.4312530983,1.088976442,9.307297297,0.3537701848,0.1110810811,22.76063366
Wang'26 PORMAB-Safe,2,11,4,0.6153269509,0.7590395275,8.510540541,0.1686298626,0.1208108108,4.14463244
Wang'26 PORMAB-Safe,2,11,5,0.4183303984,1.120756955,10.25189189,0.3653061857,0.1059459459,23.98155051
Wang'26 PORMAB-Safe,2,11,6,0.9434799305,0.3508668233,4.508378378,0.07595792581,0.1797297297,0.3508668233
Wang'26 PORMAB-Safe,2,11,7,0.4987828682,0.9460759936,10.50054054,0.2684810252,0.1067567568,14.02050779
Wang'26 PORMAB-Safe,2,11,8,0.6260188518,0.7443154627,8.861891892,0.1567085799,0.1202702703,6.607886568
Wang'26 PORMAB-Safe,2,11,9,0.4351735249,1.079661914,9.401891892,0.3384886002,0.1178378378,17.0305336
Wang'26 PORMAB-Safe,2,11,10,0.2492611008,1.819920828,19.06459459,0.4003825821,0.04891891892,23.99879967
Wang'26 PORMAB-Safe,2,11,11,0.2092716103,2.159149808,25.12648649,0.3997344915,0.03567567568,23.99802303
Wang'26 PORMAB-Safe,2,12,0,0.2277146089,1.986329388,18.5072973,0.398876415,0.04864864865,23.99860142
Wang'26 PORMAB-Safe,2,12,1,0.9318683167,0.369039043,4.637297297,0.07281040578,0.1689189189,0.369039043
Wang'26 PORMAB-Safe,2,12,2,0.4490225566,1.047885528,10.51864865,0.3200299046,0.1067567568,23.95484878
Wang'26 PORMAB-Safe,2,12,3,0.364868936,1.273544601,10.68189189,0.3968640338,0.09405405405,23.99514092
Wang'26 PORMAB-Safe,2,12,4,0.3264467419,1.412123145,12.04027027,0.4026459238,0.08675675676,23.99530996
Wang'26 PORMAB-Safe,2,12,5,0.2532754659,1.792296255,17.87189189,0.3996336243,0.04918918919,23.99967446
Wang'26 PORMAB-Safe,2,12,6,0.5108922966,0.9237509324,9.25027027,0.2207015741,0.1091891892,6.627516783
Wang'26 PORMAB-Safe,2,12,7,0.7249468559,0.6195927545,7.072162162,0.1133687283,0.1275675676,1.058778264
Wang'26 PORMAB-Safe,2,12,8,0.885090931,0.4325165816,5.824324324,0.08404849249,0.1505405405,0.4650331633
Wang'26 PORMAB-Safe,2,12,9,0.3371942215,1.370290719,12.22567568,0.398495355,0.08162162162,23.99872519
Wang'26 PORMAB-Safe,2,12,10,0.4510893652,1.043286736,9.892702703,0.2749201535,0.1045945946,11.85531535
Wang'26 PORMAB-Safe,2,12,11,0.3770521179,1.235229773,10.15432432,0.3782473871,0.1010810811,23.99343681
Wang'26 PORMAB-Safe,2,13,0,0.931036637,0.3702883284,5.038918919,0.08666748444,0.1856756757,0.3702883284
Wang'26 PORMAB-Safe,2,13,1,0.7159624459,0.6302691506,6.845945946,0.1538197414,0.1524324324,1.611884054
Wang'26 PORMAB-Safe,2,13,2,0.6775674106,0.6771299559,7.482162162,0.1550078575,0.1375675676,2.094169603
Wang'26 PORMAB-Safe,2,13,3,0.3509019354,1.320546841,11.40108108,0.3968778614,0.09081081081,23.9995164
Wang'26 PORMAB-Safe,2,13,4,0.95,0.2764601871,4.127297297,0.06791954327,0.2064864865,0.2764601871
Wang'26 PORMAB-Safe,2,13,5,0.7562371291,0.5830294735,5.945405405,0.1351998076,0.1624324324,1.098176841
Wang'26 PORMAB-Safe,2,13,6,0.2357345475,1.920506701,21.26756757,0.3991539602,0.04351351351,23.99966944
Wang'26 PORMAB-Safe,2,13,7,0.5713184825,0.8232731646,8.117567568,0.2349666113,0.1381081081,8.981829115
Wang'26 PORMAB-Safe,2,13,8,0.95,0.2265612916,3.716486486,0.05627292621,0.2118918919,0.2265612916
Wang'26 PORMAB-Safe,2,13,9,0.8385292043,0.488449848,5.018918919,0.1120794381,0.1775675676,0.6653495441
Wang'26 PORMAB-Safe,2,13,10,0.9458583108,0.3469497415,4.127567568,0.07726664513,0.1913513514,0.3469497415
Wang'26 PORMAB-Safe,2,13,11,0.3749843981,1.241568686,9.30027027,0.398644216,0.1108108108,23.99924108
Wang'26 PORMAB-Safe,2,14,0,0.3969158517,1.177446822,9.285945946,0.3911032821,0.1102702703,23.9995789
Wang'26 PORMAB-Safe,2,14,1,0.64914127,0.7134614509,7.911891892,0.1652530982,0.127027027,5.209613371
Wang'26 PORMAB-Safe,2,14,2,0.685168137,0.6676722331,7.857027027,0.1504969304,0.1262162162,2.682755729
Wang'26 PORMAB-Safe,2,14,3,0.2123384503,2.128067317,24.90567568,0.3997315635,0.0427027027,23.99934819
Wang'26 PORMAB-Safe,2,14,4,0.8391928019,0.4876767217,5.861351351,0.1014894799,0.1564864865,0.6630301652
Wang'26 PORMAB-Safe,2,14,5,0.2547057577,1.782678959,17.42810811,0.399898253,0.05675675676,23.99813484
Wang'26 PORMAB-Safe,2,14,6,0.6450583303,0.7188179662,8.572972973,0.174264788,0.1272972973,4.382269492
Wang'26 PORMAB-Safe,2,14,7,0.3536782427,1.310923092,12.20189189,0.401425909,0.08783783784,23.99984796
Wang'26 PORMAB-Safe,2,14,8,0.3495021855,1.325454306,11.10513514,0.397278061,0.0927027027,23.99994742
Wang'26 PORMAB-Safe,2,14,9,0.2638904463,1.723560971,14.89432432,0.4001456416,0.06054054054,23.99858093
Wang'26 PORMAB-Safe,2,14,10,0.8142278578,0.5165166625,5.994864865,0.1065141117,0.1589189189,0.7495499874
Wang'26 PORMAB-Safe,2,14,11,0.4332858251,1.084128614,9.514324324,0.3293406925,0.1135135135,19.1112024
Wang'26 PORMAB-Safe,2,15,0,0.95,0.2609434761,3.618378378,0.06431904059,0.2167567568,0.2609434761
Wang'26 PORMAB-Safe,2,15,1,0.6682774533,0.6888292002,6.396486486,0.1740690006,0.1572972973,2.421804401
Wang'26 PORMAB-Safe,2,15,2,0.3936552323,1.186565108,10.42594595,0.3986217376,0.1232432432,23.99820106
Wang'26 PORMAB-Safe,2,15,3,0.8783623152,0.4408835581,5.141621622,0.1016415338,0.1802702703,0.5226506742
Wang'26 PORMAB-Safe,2,15,4,0.2542081145,1.786011998,17.24594595,0.3996805229,0.05162162162,23.99977868
Wang'26 PORMAB-Safe,2,15,5,0.6112416568,0.7647485898,6.671081081,0.2023483431,0.1540540541,4.741731668
Wang'26 PORMAB-Safe,2,15,6,0.1961261937,2.305041448,32.90054054,0.3999558404,0.03027027027,23.99972906
Wang'26 PORMAB-Safe,2,15,7,0.2603661895,1.74572184,17.61972973,0.4010442064,0.05648648649,23.99917484
Wang'26 PORMAB-Safe,2,15,8,0.4858854259,0.9708198352,7.713243243,0.316959557,0.1491891892,11.63279341
Wang'26 PORMAB-Safe,2,15,9,0.9440218225,0.349980936,4.089189189,0.0845629613,0.202972973,0.349980936
Wang'26 PORMAB-Safe,2,15,10,0.777121657,0.5589976316,6.126216216,0.1272097313,0.1586486486,0.8769928948
Wang'26 PORMAB-Safe,2,15,11,0.6438927182,0.7203540735,7.923513514,0.1779469252,0.1359459459,2.242478515
Wang'26 PORMAB-Safe,2,16,0,0.3932789834,1.187626136,10.34702703,0.3999411258,0.1148648649,23.99947039
Wang'26 PORMAB-Safe,2,16,1,0.7735119064,0.5631378354,6.341621622,0.1520472156,0.1740540541,1.231378354
Wang'26 PORMAB-Safe,2,16,2,0.901603995,0.4113518347,4.355405405,0.1068403009,0.21,0.4227036694
Wang'26 PORMAB-Safe,2,16,3,0.8416273572,0.4848363331,4.793513514,0.1143951672,0.182972973,0.6545089994
Wang'26 PORMAB-Safe,2,16,4,0.2260479039,2.00065631,17.89,0.400131262,0.04567567568,23.99969286
Wang'26 PORMAB-Safe,2,16,5,0.7045979448,0.6439160289,5.449459459,0.1674181675,0.1778378378,1.726992346
Wang'26 PORMAB-Safe,2,16,6,0.6624829137,0.6962092138,6.432702703,0.1960675678,0.1713513514,3.050719779
Wang'26 PORMAB-Safe,2,16,7,0.1982197585,2.280313362,25.19054054,0.4005955906,0.03297297297,23.99979694
Wang'26 PORMAB-Safe,2,16,8,0.7522839954,0.5876051337,5.49027027,0.1532537714,0.1859459459,1.313235936
Wang'26 PORMAB-Safe,2,16,9,0.3841282698,1.214015836,8.772432432,0.401609563,0.122972973,23.99987506
Wang'26 PORMAB-Safe,2,16,10,0.2247729528,2.011774821,23.38810811,0.4001800724,0.04,23.99613493
Wang'26 PORMAB-Safe,2,16,11,0.2144342016,2.107404393,24.60621622,0.3998372659,0.04189189189,23.99967442
Wang'26 PORMAB-Safe,2,17,0,0.6058267012,0.772389876,6.910810811,0.2012388758,0.1456756757,4.78584814
Wang'26 PORMAB-Safe,2,17,1,0.4606290406,1.022513998,7.661081081,0.3360478437,0.1397297297,12.05290594
Wang'26 PORMAB-Safe,2,17,2,0.8627452041,0.4598691245,4.362162162,0.1124815021,0.1997297297,0.5796073736
Wang'26 PORMAB-Safe,2,17,3,0.95,0.2139841101,3.557027027,0.05598286989,0.2237837838,0.2139841101
Wang'26 PORMAB-Safe,2,17,4,0.8920394043,0.4237308779,4.677027027,0.103069673,0.1918918919,0.4474617559
Wang'26 PORMAB-Safe,2,17,5,0.9329954481,0.3673358894,4.035135135,0.09203253228,0.2151351351,0.3673358894
Wang'26 PORMAB-Safe,2,17,6,0.2434414901,1.861711545,21.00027027,0.4000163995,0.04513513514,23.99944623
Wang'26 PORMAB-Safe,2,17,7,0.2237143759,2.021113381,23.91081081,0.4009451951,0.03918918919,23.99966294
Wang'26 PORMAB-Safe,2,17,8,0.7874097494,0.5472165522,6.048918919,0.1356209671,0.172972973,0.9249489702
Wang'26 PORMAB-Safe,2,17,9,0.2072792387,2.179902851,24.16702703,0.4000416314,0.03891891892,23.99969594
Wang'26 PORMAB-Safe,2,17,10,0.95,0.241873434,3.743243243,0.0604683585,0.2148648649,0.241873434
Wang'26 PORMAB-Safe,2,17,11,0.5223938409,0.9032962107,7.805135135,0.2856369099,0.14,11.07251664
Wang'26 PORMAB-Safe,2,18,0,0.95,0.2641897105,3.715135135,0.06754688273,0.2181081081,0.2641897105
Wang'26 PORMAB-Safe,2,18,1,0.2298402862,1.968390267,21.43810811,0.4000620219,0.04405405405,23.99962611
Wang'26 PORMAB-Safe,2,18,2,0.2514208534,1.804941085,16.64324324,0.4000139701,0.05162162162,23.99923841
Wang'26 PORMAB-Safe,2,18,3,0.95,0.3377909827,3.788108108,0.08517810456,0.2181081081,0.3377909827
Wang'26 PORMAB-Safe,2,18,4,0.8064515181,0.5254308787,5.865675676,0.1235472607,0.1754054054,0.776292636
Wang'26 PORMAB-Safe,2,18,5,0.2889292384,1.582364629,12.45918919,0.4002954845,0.07108108108,23.99915506
Wang'26 PORMAB-Safe,2,18,6,0.86964094,0.451552802,4.852162162,0.108982879,0.1881081081,0.503105604
Wang'26 PORMAB-Safe,2,18,7,0.95,0.2372894534,3.784054054,0.05925823106,0.2127027027,0.2372894534
Wang'26 PORMAB-Safe,2,18,8,0.4229897239,1.10910177,8.722432432,0.3893846485,0.1324324324,23.98573906
Wang'26 PORMAB-Safe,2,18,9,0.9113191376,0.3983676074,4.266756757,0.09603889347,0.2,0.3983676074
Wang'26 PORMAB-Safe,2,18,10,0.93510967,0.3641087485,4.483783784,0.09181444928,0.2078378378,0.3641087485
Wang'26 PORMAB-Safe,2,18,11,0.8418183031,0.4846132827,5.696756757,0.1181408597,0.1827027027,0.7384531309
Wang'26 PORMAB-Safe,2,19,0,0.8339118425,0.4938172966,6.212432432,0.09916385172,0.1486486486,0.6814518897
Wang'26 PORMAB-Safe,2,19,1,0.4218873338,1.111838862,9.911351351,0.3098123965,0.102972973,20.94710898
Wang'26 PORMAB-Safe,2,19,2,0.3658373363,1.270411673,11.00810811,0.3869605285,0.09243243243,23.99837419
Wang'26 PORMAB-Safe,2,19,3,0.3670076204,1.266646367,9.645405405,0.3984801005,0.1045945946,23.99732051
Wang'26 PORMAB-Safe,2,19,4,0.481511622,0.9794527448,9.861891892,0.2504222423,0.1045945946,19.2192043
Wang'26 PORMAB-Safe,2,19,5,0.1930715746,2.342239302,31.31945946,0.4000797943,0.02945945946,23.99874953
Wang'26 PORMAB-Safe,2,19,6,0.2120595117,2.1308523,23.92567568,0.3996787827,0.03648648649,23.99973332
Wang'26 PORMAB-Safe,2,19,7,0.3057773787,1.500722279,13.88108108,0.4003278079,0.07135135135,23.9997457
Wang'26 PORMAB-Safe,2,19,8,0.5446939528,0.8655191693,9.000810811,0.2135727031,0.1167567568,5.048306709
Wang'26 PORMAB-Safe,2,19,9,0.4653449839,1.012509865,8.899459459,0.2763878279,0.1140540541,10.43768743
Wang'26 PORMAB-Safe,2,19,10,0.3623629999,1.281724896,11.01891892,0.3952562449,0.0927027027,23.99755664
Wang'26 PORMAB-Safe,2,19,11,0.8770434254,0.4425090154,5.394054054,0.08515308621,0.1567567568,0.4850180308
Wang'26 PORMAB-Safe,4,0,0,0.95,0.3369544871,4.001081081,0.08524037836,0.2140540541,0.3369544871
Wang'26 PORMAB-Safe,4,0,1,0.2315765095,1.95400716,18.21783784,0.3997793027,0.04783783784,23.99873249
Wang'26 PORMAB-Safe,4,0,2,0.95,0.2191119648,4.247837838,0.05542940514,0.2086486486,0.2191119648
Wang'26 PORMAB-Safe,4,0,3,0.8081176242,0.5235225351,5.472162162,0.1235230198,0.1783783784,0.6470450703
Wang'26 PORMAB-Safe,4,0,4,0.6281327393,0.7414402559,7.552162162,0.197784198,0.142972973,2.945924607
Wang'26 PORMAB-Safe,4,0,5,0.795200025,0.5383055036,5.934054054,0.1312301525,0.1705405405,0.8149165108
Wang'26 PORMAB-Safe,4,0,6,0.3394136806,1.361973486,11.28243243,0.4008619261,0.09189189189,23.99973208
Wang'26 PORMAB-Safe,4,0,7,0.9476946562,0.3438720469,4.157837838,0.08355161355,0.2032432432,0.3438720469
Wang'26 PORMAB-Safe,4,0,8,0.5005847781,0.9427001774,8.604054054,0.3108362747,0.1416216216,10.59450621
Wang'26 PORMAB-Safe,4,0,9,0.95,0.2738400263,3.625675676,0.0673498443,0.2172972973,0.2738400263
Wang'26 PORMAB-Safe,4,0,10,0.23436609,1.931388168,18.08540541,0.3998495505,0.04891891892,23.99930207
Wang'26 PORMAB-Safe,4,0,11,0.2528380647,1.795260579,17.74756757,0.4002945886,0.05567567568,23.9999644
Wang'26 PORMAB-Safe,4,1,0,0.5605092249,0.8400796556,8.083513514,0.2681443441,0.1475675676,5.521433801
Wang'26 PORMAB-Safe,4,1,1,0.2181252996,2.072097608,21.61324324,0.3998588358,0.04351351351,23.99953142
Wang'26 PORMAB-Safe,4,1,2,0.2316669551,1.953264399,17.31783784,0.4001552471,0.04864864865,23.99994003
Wang'26 PORMAB-Safe,4,1,3,0.3707979081,1.254604531,11.55918919,0.399438956,0.1062162162,23.99912755
Wang'26 PORMAB-Safe,4,1,4,0.95,0.2976063768,3.401621622,0.0765733164,0.2216216216,0.2976063768
Wang'26 PORMAB-Safe,4,1,5,0.95,0.2276934429,3.369459459,0.06160030713,0.2375675676,0.2276934429
Wang'26 PORMAB-Safe,4,1,6,0.2020086086,2.237061952,25.24216216,0.3996480947,0.03351351351,23.99943658
Wang'26 PORMAB-Safe,4,1,7,0.95,0.2579608484,3.501081081,0.06658178655,0.2237837838,0.2579608484
Wang'26 PORMAB-Safe,4,1,8,0.325972712,1.414030367,12.44297297,0.3997502064,0.08405405405,23.99953849
Wang'26 PORMAB-Safe,4,1,9,0.8362721814,0.4910760745,5.726216216,0.1226362954,0.1840540541,0.5821521491
Wang'26 PORMAB-Safe,4,1,10,0.2993435181,1.530799061,12.63,0.4000764031,0.07756756757,23.99875468
Wang'26 PORMAB-Safe,4,1,11,0.2334007936,1.939147999,19.29108108,0.399883763,0.04837837838,23.99996337
Wang'26 PORMAB-Safe,4,2,0,0.2983974043,1.535332493,14.73405405,0.4000163576,0.06945945946,23.99949569
Wang'26 PORMAB-Safe,4,2,1,0.4720337023,0.9986066978,7.075405405,0.3290004229,0.1581081081,11.32894159
Wang'26 PORMAB-Safe,4,2,2,0.7619171253,0.5764720931,5.642702703,0.137574286,0.1713513514,0.9294162793
Wang'26 PORMAB-Safe,4,2,3,0.95,0.328976203,3.935405405,0.08215513826,0.2091891892,0.328976203
Wang'26 PORMAB-Safe,4,2,4,0.6042558466,0.7746227687,7.925945946,0.2219189554,0.1421621622,3.21934153
Wang'26 PORMAB-Safe,4,2,5,0.7527600943,0.5870535051,6.373783784,0.1427967985,0.1624324324,0.9611605154
Wang'26 PORMAB-Safe,4,2,6,0.6803453125,0.6736618433,6.308378378,0.1660485408,0.1608108108,1.22098553
Wang'26 PORMAB-Safe,4,2,7,0.2438339011,1.858825842,19.6627027,0.3998987487,0.04783783784,23.97848257
Wang'26 PORMAB-Safe,4,2,8,0.7053294905,0.6430324214,6.472432432,0.1607581054,0.1589189189,1.129097264
Wang'26 PORMAB-Safe,4,2,9,0.1925045361,2.34929577,28.00189189,0.4000152257,0.03135135135,23.99999934
Wang'26 PORMAB-Safe,4,2,10,0.95,0.2710575607,3.804594595,0.06879001337,0.2175675676,0.2710575607
Wang'26 PORMAB-Safe,4,2,11,0.2931742638,1.560894842,14.50054054,0.3999265703,0.07216216216,23.9997206
Wang'26 PORMAB-Safe,4,3,0,0.2469621281,1.836175919,15.98,0.399988592,0.05324324324,23.99908832
Wang'26 PORMAB-Safe,4,3,1,0.8215561338,0.5080937316,5.584054054,0.1213932051,0.1740540541,0.7242811947
Wang'26 PORMAB-Safe,4,3,2,0.8932287906,0.4222105672,4.19972973,0.10178698,0.2008108108,0.4444211345
Wang'26 PORMAB-Safe,4,3,3,0.3220866759,1.429873819,11.53054054,0.3999782169,0.08756756757,23.99933929
Wang'26 PORMAB-Safe,4,3,4,0.225348274,2.006740312,20.73513514,0.4002633378,0.04108108108,23.99955093
Wang'26 PORMAB-Safe,4,3,5,0.2465631425,1.839030251,16.83,0.3996163031,0.04945945946,23.99947619
Wang'26 PORMAB-Safe,4,3,6,0.4834834838,0.9755450403,8.240540541,0.3485596063,0.1535135135,15.15715738
Wang'26 PORMAB-Safe,4,3,7,0.2778755806,1.641436133,11.84918919,0.4001555113,0.07243243243,23.99976003
Wang'26 PORMAB-Safe,4,3,8,0.2645088005,1.719737046,16.74675676,0.4006522523,0.05783783784,23.99884008
Wang'26 PORMAB-Safe,4,3,9,0.3014458345,1.520828652,15.45783784,0.4011699363,0.0772972973,23.99964931
Wang'26 PORMAB-Safe,4,3,10,0.9387067142,0.3585144156,3.937297297,0.08904722918,0.2083783784,0.3585144156
Wang'26 PORMAB-Safe,4,3,11,0.2969367479,1.542388958,12.79540541,0.4001874054,0.07594594595,23.99913671
Wang'26 PORMAB-Safe,4,4,0,0.662118963,0.6966749552,7.649459459,0.1470549027,0.1275675676,1.883374776
Wang'26 PORMAB-Safe,4,4,1,0.6741961796,0.6813572012,7.64,0.1399544521,0.1286486486,1.244071604
Wang'26 PORMAB-Safe,4,4,2,0.3640876,1.27608378,10.17621622,0.3969655219,0.1116216216,23.99941558
Wang'26 PORMAB-Safe,4,4,3,0.2460798207,1.842501298,16.25243243,0.4003705523,0.05,23.99849541
Wang'26 PORMAB-Safe,4,4,4,0.2372011855,1.908996959,19.98837838,0.4003734163,0.04675675676,23.99963408
Wang'26 PORMAB-Safe,4,4,5,0.4128728207,1.13470463,9.893513514,0.3735324973,0.1172972973,23.97637043
Wang'26 PORMAB-Safe,4,4,6,0.5024050881,0.9393093506,9.651081081,0.2513287181,0.1086486486,6.525496362
Wang'26 PORMAB-Safe,4,4,7,0.4159209977,1.126874486,9.936486486,0.3386714672,0.1154054054,21.03184572
Wang'26 PORMAB-Safe,4,4,8,0.2309431598,1.959226317,21.43783784,0.4003175935,0.04108108108,23.99977447
Wang'26 PORMAB-Safe,4,4,9,0.4380235493,1.072981387,10.18891892,0.3230543961,0.1059459459,17.13540439
Wang'26 PORMAB-Safe,4,4,10,0.7287104513,0.6151471375,8.081891892,0.1261882912,0.1275675676,1.045441412
Wang'26 PORMAB-Safe,4,4,11,0.5641011845,0.8344446437,8.292162162,0.1982369843,0.1240540541,2.710001793
Wang'26 PORMAB-Safe,4,5,0,0.9411489522,0.3546353857,4.503243243,0.07926580106,0.1862162162,0.3546353857
Wang'26 PORMAB-Safe,4,5,1,0.4821824971,0.9781203331,8.78,0.3048034443,0.1408108108,8.853008328
Wang'26 PORMAB-Safe,4,5,2,0.3825098869,1.218803669,9.897027027,0.4028640236,0.1135135135,23.99860478
Wang'26 PORMAB-Safe,4,5,3,0.7544254172,0.5851252029,6.518378378,0.1260391315,0.1527027027,0.9553756086
Wang'26 PORMAB-Safe,4,5,4,0.3523107703,1.315645181,9.838918919,0.40144957,0.1054054054,23.99936629
Wang'26 PORMAB-Safe,4,5,5,0.8677360717,0.4538598372,6.063783784,0.09641454921,0.1551351351,0.5077196745
Wang'26 PORMAB-Safe,4,5,6,0.95,0.2241414152,4.096216216,0.05179484055,0.1978378378,0.2241414152
Wang'26 PORMAB-Safe,4,5,7,0.2189202535,2.064668323,19.67405405,0.4000992398,0.04540540541,23.99921978
Wang'26 PORMAB-Safe,4,5,8,0.8265150398,0.5023771293,5.928378378,0.108622082,0.1578378378,0.6047542586
Wang'26 PORMAB-Safe,4,5,9,0.3376263363,1.368663091,11.15864865,0.3998715681,0.08891891892,23.99978167
Wang'26 PORMAB-Safe,4,5,10,0.2625732011,1.731770293,16.35135135,0.4001793515,0.05567567568,23.999585
Wang'26 PORMAB-Safe,4,5,11,0.2699141276,1.687095206,15.24513514,0.3998871609,0.06351351351,23.99980549
Wang'26 PORMAB-Safe,4,6,0,0.6600953202,0.6992694381,7.752432432,0.1687696238,0.1351351351,1.490502696
Wang'26 PORMAB-Safe,4,6,1,0.4082536129,1.146768836,10.36756757,0.4010591552,0.1186486486,23.9964222
Wang'26 PORMAB-Safe,4,6,2,0.95,0.2551559305,4.000810811,0.05682391534,0.1918918919,0.2551559305
Wang'26 PORMAB-Safe,4,6,3,0.8542797728,0.4699577518,5.590540541,0.1008503932,0.1645945946,0.5399155036
Wang'26 PORMAB-Safe,4,6,4,0.5796663152,0.8105930222,8.386756757,0.2035245723,0.1291891892,4.158895334
Wang'26 PORMAB-Safe,4,6,5,0.95,0.2156180293,3.901891892,0.04871801959,0.1943243243,0.2156180293
Wang'26 PORMAB-Safe,4,6,6,0.7238759829,0.6208604762,6.811081081,0.1243398954,0.1343243243,1.062581429
Wang'26 PORMAB-Safe,4,6,7,0.298421524,1.535216558,12.72567568,0.3999861519,0.07378378378,23.99999245
Wang'26 PORMAB-Safe,4,6,8,0.95,0.2628816135,3.872162162,0.05961018208,0.1978378378,0.2628816135
Wang'26 PORMAB-Safe,4,6,9,0.3698913443,1.257463669,11.21513514,0.4003492437,0.0972972973,23.99960239
Wang'26 PORMAB-Safe,4,6,10,0.95,0.2571157349,4.034594595,0.05955356345,0.2005405405,0.2571157349
Wang'26 PORMAB-Safe,4,6,11,0.5870736138,0.7995478023,8.284594595,0.2055053946,0.1335135135,3.195478023
Wang'26 PORMAB-Safe,4,7,0,0.95,0.2129344738,3.870810811,0.05116182357,0.2078378378,0.2129344738
Wang'26 PORMAB-Safe,4,7,1,0.8194645516,0.5105004868,4.892162162,0.1123101071,0.1713513514,0.6210009736
Wang'26 PORMAB-Safe,4,7,2,0.5139536145,0.9182376412,8.51972973,0.3027702493,0.1427027027,6.055326977
Wang'26 PORMAB-Safe,4,7,3,0.1957148488,2.309972111,23.73540541,0.3995627435,0.03432432432,23.99909524
Wang'26 PORMAB-Safe,4,7,4,0.2668165055,1.705631049,16.66054054,0.4010537872,0.05837837838,23.99999021
Wang'26 PORMAB-Safe,4,7,5,0.95,0.2143947682,3.982432432,0.05162857796,0.2051351351,0.2143947682
Wang'26 PORMAB-Safe,4,7,6,0.9166527097,0.3910280632,4.441891892,0.09289558584,0.1951351351,0.3910280632
Wang'26 PORMAB-Safe,4,7,7,0.2817874583,1.619983796,14.03297297,0.400179781,0.07,23.99902777
Wang'26 PORMAB-Safe,4,7,8,0.4060368001,1.152645744,9.462162162,0.4028029586,0.1297297297,23.99964417
Wang'26 PORMAB-Safe,4,7,9,0.95,0.2643493157,4.04,0.06437263065,0.2048648649,0.2643493157
Wang'26 PORMAB-Safe,4,7,10,0.95,0.2202876177,3.806216216,0.05525051601,0.2186486486,0.2202876177
Wang'26 PORMAB-Safe,4,7,11,0.8957240492,0.4190042049,4.803513514,0.09750341093,0.1851351351,0.4380084099
Wang'26 PORMAB-Safe,4,8,0,0.924502767,0.3798996382,4.437297297,0.09076521085,0.1956756757,0.3798996382
Wang'26 PORMAB-Safe,4,8,1,0.7675714746,0.5699618165,6.233783784,0.1321695239,0.1545945946,0.9098854496
Wang'26 PORMAB-Safe,4,8,2,0.2938168902,1.557699888,15.01378378,0.3999499713,0.06162162162,23.99969122
Wang'26 PORMAB-Safe,4,8,3,0.223720696,2.021057334,17.90297297,0.3998416131,0.04675675676,23.98260599
Wang'26 PORMAB-Safe,4,8,4,0.8564804989,0.4673466129,4.863243243,0.1029425647,0.1724324324,0.5346932257
Wang'26 PORMAB-Safe,4,8,5,0.95,0.2347890628,3.775135135,0.05749159214,0.2118918919,0.2347890628
Wang'26 PORMAB-Safe,4,8,6,0.4732619221,0.9960890923,8.397837838,0.3273633341,0.1410810811,9.474850955
Wang'26 PORMAB-Safe,4,8,7,0.198994158,2.271318822,24.16783784,0.3996293386,0.03540540541,23.99910349
Wang'26 PORMAB-Safe,4,8,8,0.3554966144,1.304697623,11.07216216,0.4005774323,0.1013513514,23.99962043
Wang'26 PORMAB-Safe,4,8,9,0.365156396,1.272612991,9.796486486,0.4000132184,0.1127027027,23.99970094
Wang'26 PORMAB-Safe,4,8,10,0.95,0.2590903055,3.745405405,0.06358216145,0.2124324324,0.2590903055
Wang'26 PORMAB-Safe,4,8,11,0.8950142286,0.4199186836,4.504054054,0.09998604332,0.1905405405,0.4398373672
Wang'26 PORMAB-Safe,4,9,0,0.3257577326,1.414897118,13.37135135,0.4011424531,0.08162162162,23.99942314
Wang'26 PORMAB-Safe,4,9,1,0.6871221964,0.6652565043,7.121081081,0.1618191497,0.15,1.848334556
Wang'26 PORMAB-Safe,4,9,2,0.2523803769,1.798374164,19.59810811,0.3995306927,0.04648648649,23.9969037
Wang'26 PORMAB-Safe,4,9,3,0.1963495047,2.302374716,26.55189189,0.3994931264,0.03459459459,23.99949363
Wang'26 PORMAB-Safe,4,9,4,0.5437054116,0.8671448273,8.075405405,0.2648307175,0.1389189189,5.675751719
Wang'26 PORMAB-Safe,4,9,5,0.2493362779,1.819394726,17.60891892,0.4002668397,0.05054054054,23.99928272
Wang'26 PORMAB-Safe,4,9,6,0.95,0.209506079,3.450810811,0.05215002668,0.2197297297,0.209506079
Wang'26 PORMAB-Safe,4,9,7,0.4363495231,1.076896197,7.855675676,0.389428949,0.1475675676,23.99825279
Wang'26 PORMAB-Safe,4,9,8,0.95,0.2790122724,3.891081081,0.06922520704,0.2121621622,0.2790122724
Wang'26 PORMAB-Safe,4,9,9,0.6652629851,0.6926602831,6.928378378,0.1782196188,0.1518918919,1.433942548
Wang'26 PORMAB-Safe,4,9,10,0.95,0.247425482,3.628108108,0.06132139648,0.2145945946,0.247425482
Wang'26 PORMAB-Safe,4,9,11,0.2127973752,2.123503268,23.06540541,0.4000221022,0.03837837838,23.9988499
Wang'26 PORMAB-Safe,4,10,0,0.2210551088,2.045012567,20.45378378,0.3996065096,0.04621621622,23.99991354
Wang'26 PORMAB-Safe,4,10,1,0.5230742899,0.9021077578,9.917297297,0.2606359981,0.1191891892,10.17798704
Wang'26 PORMAB-Safe,4,10,2,0.4621770162,1.019211399,9.576756757,0.3154046087,0.1202702703,14.94924457
Wang'26 PORMAB-Safe,4,10,3,0.8877431859,0.4291816563,4.814324324,0.08931618253,0.1705405405,0.4583633126
Wang'26 PORMAB-Safe,4,10,4,0.3493760462,1.325898395,11.66567568,0.3988445711,0.09513513514,23.99752365
Wang'26 PORMAB-Safe,4,10,5,0.4491418585,1.047619095,9.337567568,0.3553410714,0.1335135135,16.60953155
Wang'26 PORMAB-Safe,4,10,6,0.5565464418,0.8463561798,8.648918919,0.2202813517,0.1305405405,4.648986518
Wang'26 PORMAB-Safe,4,10,7,0.34857734,1.328717478,11.44891892,0.4011290334,0.09378378378,23.99935127
Wang'26 PORMAB-Safe,4,10,8,0.2223217792,2.03354937,24.31810811,0.4017634026,0.04081081081,23.99801714
Wang'26 PORMAB-Safe,4,10,9,0.6900300697,0.6616731043,7.268918919,0.1448527607,0.1343243243,1.185019313
Wang'26 PORMAB-Safe,4,10,10,0.2104662511,2.146920017,23.32432432,0.399791322,0.03621621622,23.99932792
Wang'26 PORMAB-Safe,4,10,11,0.2177243916,2.075867389,40.62405405,0.4011473468,0.03540540541,23.99722662
Wang'26 PORMAB-Safe,4,11,0,0.95,0.3358641596,4.351351351,0.07107611811,0.1824324324,0.3358641596
Wang'26 PORMAB-Safe,4,11,1,0.2935060875,1.559243329,13.01054054,0.3999248429,0.07513513514,23.99964882
Wang'26 PORMAB-Safe,4,11,2,0.6227889451,0.7487311135,7.908108108,0.1669468023,0.1324324324,3.477160043
Wang'26 PORMAB-Safe,4,11,3,0.4312530983,1.088976442,9.191891892,0.352004277,0.1205405405,20.58268077
Wang'26 PORMAB-Safe,4,11,4,0.6153269509,0.7590395275,8.869189189,0.1692453,0.1202702703,2.47231622
Wang'26 PORMAB-Safe,4,11,5,0.4183303984,1.120756955,10.57162162,0.3768166626,0.1186486486,23.97752855
Wang'26 PORMAB-Safe,4,11,6,0.9434799305,0.3508668233,4.729189189,0.07396651952,0.1721621622,0.3508668233
Wang'26 PORMAB-Safe,4,11,7,0.4987828682,0.9460759936,9.804324324,0.2585088729,0.1156756757,13.39797583
Wang'26 PORMAB-Safe,4,11,8,0.6260188518,0.7443154627,9.314324324,0.1585190769,0.1172972973,2.820416478
Wang'26 PORMAB-Safe,4,11,9,0.4351735249,1.079661914,9.701081081,0.3501606209,0.1278378378,18.30850509
Wang'26 PORMAB-Safe,4,11,10,0.2492611008,1.819920828,19.03594595,0.4003825821,0.05,23.99879967
Wang'26 PORMAB-Safe,4,11,11,0.2092716103,2.159149808,25.3327027,0.3997344915,0.03621621622,23.99802303
Wang'26 PORMAB-Safe,4,12,0,0.2277146089,1.986329388,17.6772973,0.3994132608,0.04675675676,23.99913984
Wang'26 PORMAB-Safe,4,12,1,0.9318683167,0.369039043,4.571081081,0.0716135224,0.1678378378,0.369039043
Wang'26 PORMAB-Safe,4,12,2,0.4490225566,1.047885528,10.64621622,0.3200299046,0.1143243243,22.60273431
Wang'26 PORMAB-Safe,4,12,3,0.364868936,1.273544601,11.26675676,0.3989292413,0.1002702703,23.99676062
Wang'26 PORMAB-Safe,4,12,4,0.3264467419,1.412123145,12.2327027,0.4037908886,0.09216216216,23.99569272
Wang'26 PORMAB-Safe,4,12,5,0.2532754659,1.792296255,18.46432432,0.3996336243,0.04891891892,23.99967446
Wang'26 PORMAB-Safe,4,12,6,0.5108922966,0.9237509324,8.797567568,0.2197029245,0.1167567568,4.008762121
Wang'26 PORMAB-Safe,4,12,7,0.7249468559,0.6195927545,7.135135135,0.1121965258,0.1243243243,1.058778264
Wang'26 PORMAB-Safe,4,12,8,0.885090931,0.4325165816,5.691891892,0.08112608315,0.1472972973,0.4650331633
Wang'26 PORMAB-Safe,4,12,9,0.3371942215,1.370290719,11.83540541,0.3929401223,0.08540540541,23.99872519
Wang'26 PORMAB-Safe,4,12,10,0.4510893652,1.043286736,10.20081081,0.2836612045,0.1045945946,9.455315351
Wang'26 PORMAB-Safe,4,12,11,0.3770521179,1.235229773,10.48594595,0.3855919966,0.1118918919,23.99869225
Wang'26 PORMAB-Safe,4,13,0,0.931036637,0.3702883284,5.118648649,0.08606701688,0.182972973,0.3702883284
Wang'26 PORMAB-Safe,4,13,1,0.7159624459,0.6302691506,7.107837838,0.1534790553,0.1513513514,1.090807452
Wang'26 PORMAB-Safe,4,13,2,0.6775674106,0.6771299559,7.489459459,0.1584850113,0.1424324324,1.262779735
Wang'26 PORMAB-Safe,4,13,3,0.3509019354,1.320546841,11.07405405,0.3997330978,0.09540540541,23.9999194
Wang'26 PORMAB-Safe,4,13,4,0.95,0.2764601871,4.192972973,0.06732179151,0.202972973,0.2764601871
Wang'26 PORMAB-Safe,4,13,5,0.7562371291,0.5830294735,5.615675676,0.132363448,0.1597297297,0.766058947
Wang'26 PORMAB-Safe,4,13,6,0.2357345475,1.920506701,21.04675676,0.3986349044,0.04297297297,23.99966944
Wang'26 PORMAB-Safe,4,13,7,0.5713184825,0.8232731646,8.091621622,0.2387492177,0.1418918919,7.358555951
Wang'26 PORMAB-Safe,4,13,8,0.95,0.2265612916,3.688378378,0.05602799508,0.2159459459,0.2265612916
Wang'26 PORMAB-Safe,4,13,9,0.8385292043,0.488449848,4.996756757,0.110363263,0.1754054054,0.5768996961
Wang'26 PORMAB-Safe,4,13,10,0.9458583108,0.3469497415,4.063783784,0.07782926633,0.1945945946,0.3469497415
Wang'26 PORMAB-Safe,4,13,11,0.3749843981,1.241568686,9.294594595,0.3993153342,0.1145945946,23.99924108
Wang'26 PORMAB-Safe,4,14,0,0.3969158517,1.177446822,9.461081081,0.3936491131,0.1191891892,23.9995789
Wang'26 PORMAB-Safe,4,14,1,0.64914127,0.7134614509,8.04027027,0.1639033063,0.1289189189,4.409613371
Wang'26 PORMAB-Safe,4,14,2,0.685168137,0.6676722331,8.046756757,0.1512187382,0.1291891892,1.341377865
Wang'26 PORMAB-Safe,4,14,3,0.2123384503,2.128067317,24.52378378,0.3997315635,0.03918918919,23.9997275
Wang'26 PORMAB-Safe,4,14,4,0.8391928019,0.4876767217,5.521891892,0.09819436695,0.1545945946,0.5753534435
Wang'26 PORMAB-Safe,4,14,5,0.2547057577,1.782678959,16.98378378,0.399898253,0.05756756757,23.99836267
Wang'26 PORMAB-Safe,4,14,6,0.6450583303,0.7188179662,9.019189189,0.1744590631,0.1248648649,2.388179662
Wang'26 PORMAB-Safe,4,14,7,0.3536782427,1.310923092,11.09054054,0.4024888196,0.09594594595,23.99984796
Wang'26 PORMAB-Safe,4,14,8,0.3495021855,1.325454306,11.36027027,0.3987109846,0.0972972973,23.99984225
Wang'26 PORMAB-Safe,4,14,9,0.2638904463,1.723560971,16.23297297,0.4001456416,0.05756756757,23.99843554
Wang'26 PORMAB-Safe,4,14,10,0.8142278578,0.5165166625,5.789189189,0.1034429316,0.1532432432,0.633033325
Wang'26 PORMAB-Safe,4,14,11,0.4332858251,1.084128614,9.616216216,0.3393029555,0.1191891892,15.59688734
Wang'26 PORMAB-Safe,4,15,0,0.95,0.2609434761,3.474594595,0.06417799006,0.2197297297,0.2609434761
Wang'26 PORMAB-Safe,4,15,1,0.6682774533,0.6888292002,6.497297297,0.1770477215,0.1632432432,1.865950403
Wang'26 PORMAB-Safe,4,15,2,0.3936552323,1.186565108,9.466756757,0.3992631241,0.1294594595,23.99944889
Wang'26 PORMAB-Safe,4,15,3,0.8783623152,0.4408835581,5.045405405,0.09878174855,0.1791891892,0.4817671161
Wang'26 PORMAB-Safe,4,15,4,0.2542081145,1.786011998,17.13567568,0.4001632288,0.05189189189,23.99977868
Wang'26 PORMAB-Safe,4,15,5,0.6112416568,0.7647485898,6.88027027,0.2052419864,0.1554054054,2.706480257
Wang'26 PORMAB-Safe,4,15,6,0.1961261937,2.305041448,31.71297297,0.3999558404,0.03108108108,23.99972906
Wang'26 PORMAB-Safe,4,15,7,0.2603661895,1.74572184,17.44837838,0.3996287562,0.0572972973,23.99940721
Wang'26 PORMAB-Safe,4,15,8,0.4858854259,0.9708198352,7.446216216,0.3187962432,0.1537837838,7.762297528
Wang'26 PORMAB-Safe,4,15,9,0.9440218225,0.349980936,4.05027027,0.08380624577,0.2045945946,0.349980936
Wang'26 PORMAB-Safe,4,15,10,0.777121657,0.5589976316,6.247567568,0.1237348812,0.1540540541,0.8769928948
Wang'26 PORMAB-Safe,4,15,11,0.6438927182,0.7203540735,8.071081081,0.181840731,0.1386486486,2.162832588
Wang'26 PORMAB-Safe,4,16,0,0.3932789834,1.187626136,10.17486486,0.3999411258,0.1181081081,23.99973519
Wang'26 PORMAB-Safe,4,16,1,0.7735119064,0.5631378354,6.572432432,0.1511340191,0.1732432432,0.8894135062
Wang'26 PORMAB-Safe,4,16,2,0.901603995,0.4113518347,4.26,0.1052838344,0.2067567568,0.4227036694
Wang'26 PORMAB-Safe,4,16,3,0.8416273572,0.4848363331,4.829189189,0.1142641304,0.1840540541,0.6545089994
Wang'26 PORMAB-Safe,4,16,4,0.2260479039,2.00065631,17.17459459,0.400131262,0.04972972973,23.99969286
Wang'26 PORMAB-Safe,4,16,5,0.7045979448,0.6439160289,5.475405405,0.1695065438,0.1786486486,1.131748087
Wang'26 PORMAB-Safe,4,16,6,0.6624829137,0.6962092138,6.479189189,0.1990782022,0.1710810811,2.162092138
Wang'26 PORMAB-Safe,4,16,7,0.1982197585,2.280313362,24.68027027,0.4005955906,0.03459459459,23.99979694
Wang'26 PORMAB-Safe,4,16,8,0.7522839954,0.5876051337,5.578648649,0.152142086,0.1840540541,0.9628154011
Wang'26 PORMAB-Safe,4,16,9,0.3841282698,1.214015836,8.735405405,0.401609563,0.1256756757,23.9987777
Wang'26 PORMAB-Safe,4,16,10,0.2247729528,2.011774821,23.66756757,0.4001800724,0.04081081081,23.99613493
Wang'26 PORMAB-Safe,4,16,11,0.2144342016,2.107404393,24.34783784,0.3998372659,0.04243243243,23.99967442
Wang'26 PORMAB-Safe,4,17,0,0.6058267012,0.772389876,7.431351351,0.2064577263,0.1459459459,4.620187396
Wang'26 PORMAB-Safe,4,17,1,0.4606290406,1.022513998,8.054594595,0.3564981237,0.147027027,11.81162378
Wang'26 PORMAB-Safe,4,17,2,0.8627452041,0.4598691245,4.336756757,0.1085042556,0.1935135135,0.5197382491
Wang'26 PORMAB-Safe,4,17,3,0.95,0.2139841101,3.757837838,0.05557803509,0.2154054054,0.2139841101
Wang'26 PORMAB-Safe,4,17,4,0.8920394043,0.4237308779,4.854054054,0.09871784237,0.1810810811,0.4474617559
Wang'26 PORMAB-Safe,4,17,5,0.9329954481,0.3673358894,3.897567568,0.09054333273,0.2116216216,0.3673358894
Wang'26 PORMAB-Safe,4,17,6,0.2434414901,1.861711545,20.91162162,0.4000163995,0.04594594595,23.99944623
Wang'26 PORMAB-Safe,4,17,7,0.2237143759,2.021113381,23.47702703,0.4003989482,0.03972972973,23.99966294
Wang'26 PORMAB-Safe,4,17,8,0.7874097494,0.5472165522,5.967297297,0.130296698,0.1672972973,0.8416496567
Wang'26 PORMAB-Safe,4,17,9,0.2072792387,2.179902851,24.89135135,0.4006307943,0.03810810811,23.99969594
Wang'26 PORMAB-Safe,4,17,10,0.95,0.241873434,3.717027027,0.06007613131,0.2145945946,0.241873434
Wang'26 PORMAB-Safe,4,17,11,0.5223938409,0.9032962107,8.035135135,0.2941816038,0.1464864865,11.39559011
Wang'26 PORMAB-Safe,4,18,0,0.95,0.2641897105,3.686216216,0.06797529847,0.2227027027,0.2641897105
Wang'26 PORMAB-Safe,4,18,1,0.2298402862,1.968390267,21.87351351,0.3995300245,0.04567567568,23.99962611
Wang'26 PORMAB-Safe,4,18,2,0.2514208534,1.804941085,16.84945946,0.4000139701,0.05054054054,23.99969413
Wang'26 PORMAB-Safe,4,18,3,0.95,0.3377909827,3.751891892,0.08472163026,0.2140540541,0.3377909827
Wang'26 PORMAB-Safe,4,18,4,0.8064515181,0.5254308787,5.63,0.1214171355,0.1702702703,0.776292636
Wang'26 PORMAB-Safe,4,18,5,0.2889292384,1.582364629,13.4872973,0.4002954845,0.07351351351,23.99915506
Wang'26 PORMAB-Safe,4,18,6,0.86964094,0.451552802,4.883783784,0.1088608377,0.1881081081,0.503105604
Wang'26 PORMAB-Safe,4,18,7,0.95,0.2372894534,3.657837838,0.05996368619,0.2183783784,0.2372894534
Wang'26 PORMAB-Safe,4,18,8,0.4229897239,1.10910177,8.523243243,0.4034732386,0.1397297297,23.99314637
Wang'26 PORMAB-Safe,4,18,9,0.9113191376,0.3983676074,4.048918919,0.09582355963,0.2045945946,0.3983676074
Wang'26 PORMAB-Safe,4,18,10,0.93510967,0.3641087485,4.477837838,0.09092877935,0.2072972973,0.3641087485
Wang'26 PORMAB-Safe,4,18,11,0.8418183031,0.4846132827,5.681351351,0.1140805863,0.1783783784,0.6538398482
Wang'26 PORMAB-Safe,4,19,0,0.8339118425,0.4938172966,6.197297297,0.09369182221,0.1435135135,0.5876345931
Wang'26 PORMAB-Safe,4,19,1,0.4218873338,1.111838862,10.39081081,0.3164233303,0.1078378378,16.81159239
Wang'26 PORMAB-Safe,4,19,2,0.3658373363,1.270411673,11.86810811,0.3883339465,0.09567567568,23.99845754
Wang'26 PORMAB-Safe,4,19,3,0.3670076204,1.266646367,10.56702703,0.4001917848,0.1043243243,23.99658974
Wang'26 PORMAB-Safe,4,19,4,0.481511622,0.9794527448,10.36810811,0.2573048832,0.1081081081,15.08084607
Wang'26 PORMAB-Safe,4,19,5,0.1930715746,2.342239302,29.91297297,0.4000797943,0.03351351351,23.99874953
Wang'26 PORMAB-Safe,4,19,6,0.2120595117,2.1308523,25.96351351,0.4002546887,0.03945945946,23.99973332
Wang'26 PORMAB-Safe,4,19,7,0.3057773787,1.500722279,12.75864865,0.3999222073,0.07459459459,23.9997457
Wang'26 PORMAB-Safe,4,19,8,0.5446939528,0.8655191693,9.324594595,0.2091281452,0.1183783784,5.579345047
Wang'26 PORMAB-Safe,4,19,9,0.4653449839,1.012509865,9.391891892,0.2802189463,0.1140540541,11.46286499
Wang'26 PORMAB-Safe,4,19,10,0.3623629999,1.281724896,10.7872973,0.4001060148,0.09972972973,23.99880256
Wang'26 PORMAB-Safe,4,19,11,0.8770434254,0.4425090154,5.377837838,0.08216316043,0.1537837838,0.4850180308
Wang'26 PORMAB-Safe,8,0,0,0.95,0.3369544871,3.700810811,0.0850582408,0.2172972973,0.3369544871
Wang'26 PORMAB-Safe,8,0,1,0.2315765095,1.95400716,18.55567568,0.3997793027,0.05081081081,23.99873249
Wang'26 PORMAB-Safe,8,0,2,0.95,0.2191119648,4.138648649,0.05566628294,0.2086486486,0.2191119648
Wang'26 PORMAB-Safe,8,0,3,0.8081176242,0.5235225351,5.641891892,0.1223910792,0.1697297297,0.6470450703
Wang'26 PORMAB-Safe,8,0,4,0.6281327393,0.7414402559,7.308648649,0.1993873121,0.1489189189,1.424320768
Wang'26 PORMAB-Safe,8,0,5,0.795200025,0.5383055036,5.768918919,0.1290478329,0.1718918919,0.6766110072
Wang'26 PORMAB-Safe,8,0,6,0.3394136806,1.361973486,11.08972973,0.4001257242,0.09432432432,23.99973208
Wang'26 PORMAB-Safe,8,0,7,0.9476946562,0.3438720469,4.095945946,0.0830869216,0.2010810811,0.3438720469
Wang'26 PORMAB-Safe,8,0,8,0.5005847781,0.9427001774,8.936216216,0.3169510867,0.1486486486,5.282104081
Wang'26 PORMAB-Safe,8,0,9,0.95,0.2738400263,3.588648649,0.06705380103,0.2148648649,0.2738400263
Wang'26 PORMAB-Safe,8,0,10,0.23436609,1.931388168,17.40351351,0.3998495505,0.05027027027,23.99930207
Wang'26 PORMAB-Safe,8,0,11,0.2528380647,1.795260579,18.36378378,0.4002945886,0.05459459459,23.9999822
Wang'26 PORMAB-Safe,8,1,0,0.5605092249,0.8400796556,8.213783784,0.2699607326,0.15,2.64127449
Wang'26 PORMAB-Safe,8,1,1,0.2181252996,2.072097608,22.32054054,0.3998588358,0.04243243243,23.99953142
Wang'26 PORMAB-Safe,8,1,2,0.2316669551,1.953264399,18.20675676,0.4001552471,0.04864864865,23.99994003
Wang'26 PORMAB-Safe,8,1,3,0.3707979081,1.254604531,11.60837838,0.3997780384,0.1075675676,23.999982
Wang'26 PORMAB-Safe,8,1,4,0.95,0.2976063768,3.399459459,0.07673418471,0.2235135135,0.2976063768
Wang'26 PORMAB-Safe,8,1,5,0.95,0.2276934429,3.073243243,0.06203107851,0.2416216216,0.2276934429
Wang'26 PORMAB-Safe,8,1,6,0.2020086086,2.237061952,25.03162162,0.3996480947,0.03351351351,23.99943658
Wang'26 PORMAB-Safe,8,1,7,0.95,0.2579608484,3.394324324,0.06679094399,0.2267567568,0.2579608484
Wang'26 PORMAB-Safe,8,1,8,0.325972712,1.414030367,12.03243243,0.4001323768,0.0872972973,23.99946182
Wang'26 PORMAB-Safe,8,1,9,0.8362721814,0.4910760745,5.30972973,0.1195836603,0.1816216216,0.5821521491
Wang'26 PORMAB-Safe,8,1,10,0.2993435181,1.530799061,12.45648649,0.4000764031,0.07351351351,23.99968316
Wang'26 PORMAB-Safe,8,1,11,0.2334007936,1.939147999,19.95972973,0.400407857,0.04756756757,23.99996337
Wang'26 PORMAB-Safe,8,2,0,0.2983974043,1.535332493,13.6227027,0.4000163576,0.06891891892,23.99949569
Wang'26 PORMAB-Safe,8,2,1,0.4720337023,0.9986066978,7.014054054,0.3406058521,0.1645945946,9.130334889
Wang'26 PORMAB-Safe,8,2,2,0.7619171253,0.5764720931,5.687567568,0.1369510729,0.1694594595,0.7529441862
Wang'26 PORMAB-Safe,8,2,3,0.95,0.328976203,3.933243243,0.08153275085,0.2086486486,0.328976203
Wang'26 PORMAB-Safe,8,2,4,0.6042558466,0.7746227687,7.819189189,0.2187785928,0.1445945946,1.523868306
Wang'26 PORMAB-Safe,8,2,5,0.7527600943,0.5870535051,6.408378378,0.1408928412,0.1564864865,0.7741070102
Wang'26 PORMAB-Safe,8,2,6,0.6803453125,0.6736618433,6.512972973,0.1682333901,0.1621621622,0.9473236866
Wang'26 PORMAB-Safe,8,2,7,0.2438339011,1.858825842,20.0527027,0.4004011341,0.0472972973,23.97848257
Wang'26 PORMAB-Safe,8,2,8,0.7053294905,0.6430324214,6.562432432,0.1607581054,0.1532432432,0.8860648428
Wang'26 PORMAB-Safe,8,2,9,0.1925045361,2.34929577,26.17675676,0.4000152257,0.03378378378,23.99999967
Wang'26 PORMAB-Safe,8,2,10,0.95,0.2710575607,4.001621622,0.06747135497,0.2110810811,0.2710575607
Wang'26 PORMAB-Safe,8,2,11,0.2931742638,1.560894842,14.26459459,0.3999265703,0.0727027027,23.9997206
Wang'26 PORMAB-Safe,8,3,0,0.2469621281,1.836175919,15.34,0.399988592,0.05513513514,23.99954416
Wang'26 PORMAB-Safe,8,3,1,0.8215561338,0.5080937316,5.375675676,0.1197453335,0.172972973,0.6161874631
Wang'26 PORMAB-Safe,8,3,2,0.8932287906,0.4222105672,4.077837838,0.1008740923,0.2013513514,0.4444211345
Wang'26 PORMAB-Safe,8,3,3,0.3220866759,1.429873819,11.21540541,0.3999782169,0.08783783784,23.99933929
Wang'26 PORMAB-Safe,8,3,4,0.225348274,2.006740312,20.54864865,0.4002633378,0.04378378378,23.99977546
Wang'26 PORMAB-Safe,8,3,5,0.2465631425,1.839030251,16.33918919,0.4001133383,0.05189189189,23.99947619
Wang'26 PORMAB-Safe,8,3,6,0.4834834838,0.9755450403,7.769459459,0.3533055011,0.167027027,6.854977216
Wang'26 PORMAB-Safe,8,3,7,0.2778755806,1.641436133,12.56162162,0.4001555113,0.07108108108,23.99976003
Wang'26 PORMAB-Safe,8,3,8,0.2645088005,1.719737046,16.97675676,0.3997226647,0.0572972973,23.99884008
Wang'26 PORMAB-Safe,8,3,9,0.3014458345,1.520828652,13.06378378,0.4003478668,0.07594594595,23.99964931
Wang'26 PORMAB-Safe,8,3,10,0.9387067142,0.3585144156,3.713243243,0.08933791654,0.2116216216,0.3585144156
Wang'26 PORMAB-Safe,8,3,11,0.2969367479,1.542388958,12.37918919,0.4006042673,0.07648648649,23.99913671
Wang'26 PORMAB-Safe,8,4,0,0.662118963,0.6966749552,7.918378378,0.1508207133,0.1278378378,1.290024866
Wang'26 PORMAB-Safe,8,4,1,0.6741961796,0.6813572012,7.825675676,0.1395861509,0.1243243243,0.9627144024
Wang'26 PORMAB-Safe,8,4,2,0.3640876,1.27608378,10.25837838,0.399034847,0.1116216216,23.99883115
Wang'26 PORMAB-Safe,8,4,3,0.2460798207,1.842501298,15.54135135,0.4003705523,0.05297297297,23.99849541
Wang'26 PORMAB-Safe,8,4,4,0.2372011855,1.908996959,18.77621622,0.3998574711,0.05162162162,23.99963408
Wang'26 PORMAB-Safe,8,4,5,0.4128728207,1.13470463,9.625945946,0.370465728,0.127027027,11.53523152
Wang'26 PORMAB-Safe,8,4,6,0.5024050881,0.9393093506,9.691351351,0.2533596573,0.1191891892,2.557237402
Wang'26 PORMAB-Safe,8,4,7,0.4159209977,1.126874486,9.594054054,0.3411079526,0.1210810811,11.79747328
Wang'26 PORMAB-Safe,8,4,8,0.2309431598,1.959226317,20.98594595,0.3987290316,0.0427027027,23.99977447
Wang'26 PORMAB-Safe,8,4,9,0.4380235493,1.072981387,10.20486486,0.3216044212,0.1116216216,7.940994916
Wang'26 PORMAB-Safe,8,4,10,0.7287104513,0.6151471375,8.005675676,0.1226969155,0.1245945946,0.8302942749
Wang'26 PORMAB-Safe,8,4,11,0.5641011845,0.8344446437,7.832972973,0.1982369843,0.1283783784,1.737778575
Wang'26 PORMAB-Safe,8,5,0,0.9411489522,0.3546353857,4.199189189,0.07907410626,0.1937837838,0.3546353857
Wang'26 PORMAB-Safe,8,5,1,0.4821824971,0.9781203331,8.243513514,0.310619295,0.1443243243,6.76548966
Wang'26 PORMAB-Safe,8,5,2,0.3825098869,1.218803669,10.24027027,0.4018758044,0.1148648649,23.99848762
Wang'26 PORMAB-Safe,8,5,3,0.7544254172,0.5851252029,6.263243243,0.1269879832,0.152972973,0.7702504057
Wang'26 PORMAB-Safe,8,5,4,0.3523107703,1.315645181,9.967297297,0.4025163094,0.1048648649,23.99968314
Wang'26 PORMAB-Safe,8,5,5,0.8677360717,0.4538598372,5.698378378,0.09445191207,0.1589189189,0.5077196745
Wang'26 PORMAB-Safe,8,5,6,0.95,0.2241414152,3.997297297,0.05155252551,0.1948648649,0.2241414152
Wang'26 PORMAB-Safe,8,5,7,0.2189202535,2.064668323,19.11,0.4000992398,0.04621621622,23.99960989
Wang'26 PORMAB-Safe,8,5,8,0.8265150398,0.5023771293,6.147837838,0.1076716388,0.1518918919,0.6047542586
Wang'26 PORMAB-Safe,8,5,9,0.3376263363,1.368663091,11.35,0.400241477,0.08810810811,23.99978167
Wang'26 PORMAB-Safe,8,5,10,0.2625732011,1.731770293,15.78351351,0.4001793515,0.05891891892,23.999585
Wang'26 PORMAB-Safe,8,5,11,0.2699141276,1.687095206,15.09324324,0.3998871609,0.06378378378,23.99980549
Wang'26 PORMAB-Safe,8,6,0,0.6600953202,0.6992694381,7.442702703,0.1680136569,0.1408108108,1.297808314
Wang'26 PORMAB-Safe,8,6,1,0.4082536129,1.146768836,10.56513514,0.4001293426,0.122972973,23.99754681
Wang'26 PORMAB-Safe,8,6,2,0.95,0.2551559305,3.924054054,0.05737560384,0.1962162162,0.2551559305
Wang'26 PORMAB-Safe,8,6,3,0.8542797728,0.4699577518,5.658378378,0.09932620592,0.1616216216,0.5399155036
Wang'26 PORMAB-Safe,8,6,4,0.5796663152,0.8105930222,8.423243243,0.2035245723,0.1278378378,1.642372089
Wang'26 PORMAB-Safe,8,6,5,0.95,0.2156180293,3.902162162,0.04854319416,0.1945945946,0.2156180293
Wang'26 PORMAB-Safe,8,6,6,0.7238759829,0.6208604762,6.827567568,0.1270246974,0.132972973,0.8417209525
Wang'26 PORMAB-Safe,8,6,7,0.298421524,1.535216558,12.73783784,0.3999861519,0.07324324324,23.99999245
Wang'26 PORMAB-Safe,8,6,8,0.95,0.2628816135,3.905405405,0.05968123117,0.1956756757,0.2628816135
Wang'26 PORMAB-Safe,8,6,9,0.3698913443,1.257463669,11.88594595,0.4000093887,0.09594594595,23.99867836
Wang'26 PORMAB-Safe,8,6,10,0.95,0.2571157349,4.061621622,0.0592756005,0.197027027,0.2571157349
Wang'26 PORMAB-Safe,8,6,11,0.5870736138,0.7995478023,8.179189189,0.2059375826,0.1383783784,1.598643407
Wang'26 PORMAB-Safe,8,7,0,0.95,0.2129344738,3.839189189,0.05162222244,0.21,0.2129344738
Wang'26 PORMAB-Safe,8,7,1,0.8194645516,0.5105004868,5.220810811,0.1125860533,0.1675675676,0.6210009736
Wang'26 PORMAB-Safe,8,7,2,0.5139536145,0.9182376412,9.067027027,0.307733696,0.1494594595,5.901842161
Wang'26 PORMAB-Safe,8,7,3,0.1957148488,2.309972111,22.88918919,0.3995627435,0.03756756757,23.99909524
Wang'26 PORMAB-Safe,8,7,4,0.2668165055,1.705631049,17.1272973,0.4001318245,0.05378378378,23.99999021
Wang'26 PORMAB-Safe,8,7,5,0.95,0.2143947682,3.855675676,0.05220802328,0.2105405405,0.2143947682
Wang'26 PORMAB-Safe,8,7,6,0.9166527097,0.3910280632,4.540810811,0.09162738671,0.1932432432,0.3910280632
Wang'26 PORMAB-Safe,8,7,7,0.2817874583,1.619983796,14.73864865,0.400179781,0.06783783784,23.99935185
Wang'26 PORMAB-Safe,8,7,8,0.4060368001,1.152645744,8.998918919,0.4009338034,0.1397297297,23.99964417
Wang'26 PORMAB-Safe,8,7,9,0.95,0.2643493157,3.891351351,0.06422973913,0.2075675676,0.2643493157
Wang'26 PORMAB-Safe,8,7,10,0.95,0.2202876177,3.852702703,0.05483375566,0.2151351351,0.2202876177
Wang'26 PORMAB-Safe,8,7,11,0.8957240492,0.4190042049,4.892162162,0.09625772276,0.1818918919,0.4190042049
Wang'26 PORMAB-Safe,8,8,0,0.924502767,0.3798996382,4.138918919,0.08840367256,0.1921621622,0.3798996382
Wang'26 PORMAB-Safe,8,8,1,0.7675714746,0.5699618165,6.388918919,0.1303209991,0.1532432432,0.7399236331
Wang'26 PORMAB-Safe,8,8,2,0.2938168902,1.557699888,14.40162162,0.4003709713,0.06378378378,23.99969122
Wang'26 PORMAB-Safe,8,8,3,0.223720696,2.021057334,17.74567568,0.3992953814,0.04918918919,23.98269534
Wang'26 PORMAB-Safe,8,8,4,0.8564804989,0.4673466129,5.194594595,0.1033214944,0.1716216216,0.5346932257
Wang'26 PORMAB-Safe,8,8,5,0.95,0.2347890628,3.781891892,0.05755504865,0.2089189189,0.2347890628
Wang'26 PORMAB-Safe,8,8,6,0.4732619221,0.9960890923,8.72972973,0.3435161302,0.1497297297,8.478761863
Wang'26 PORMAB-Safe,8,8,7,0.198994158,2.271318822,24.53459459,0.3996293386,0.03378378378,23.99910349
Wang'26 PORMAB-Safe,8,8,8,0.3554966144,1.304697623,11.63027027,0.3998721903,0.1002702703,23.99967465
Wang'26 PORMAB-Safe,8,8,9,0.365156396,1.272612991,9.512432432,0.4003571678,0.112972973,23.99844384
Wang'26 PORMAB-Safe,8,8,10,0.95,0.2590903055,3.644054054,0.06260181975,0.2105405405,0.2590903055
Wang'26 PORMAB-Safe,8,8,11,0.8950142286,0.4199186836,4.561621622,0.09839716181,0.1889189189,0.4398373672
Wang'26 PORMAB-Safe,8,9,0,0.3257577326,1.414897118,13.13081081,0.4003776438,0.08513513514,23.99942314
Wang'26 PORMAB-Safe,8,9,1,0.6871221964,0.6652565043,6.747567568,0.1576837714,0.1502702703,1.195769513
Wang'26 PORMAB-Safe,8,9,2,0.2523803769,1.798374164,18.79486486,0.3990446456,0.04918918919,23.9969037
Wang'26 PORMAB-Safe,8,9,3,0.1963495047,2.302374716,26.93351351,0.4001153899,0.03486486486,23.99949363
Wang'26 PORMAB-Safe,8,9,4,0.5437054116,0.8671448273,8.169189189,0.2681118061,0.1456756757,3.941462064
Wang'26 PORMAB-Safe,8,9,5,0.2493362779,1.819394726,17.23081081,0.4002668397,0.05027027027,23.99928272
Wang'26 PORMAB-Safe,8,9,6,0.95,0.209506079,3.442432432,0.05203678015,0.2197297297,0.209506079
Wang'26 PORMAB-Safe,8,9,7,0.4363495231,1.076896197,8.166756757,0.3993247519,0.1535135135,23.99091451
Wang'26 PORMAB-Safe,8,9,8,0.95,0.2790122724,3.992702703,0.06832030237,0.2064864865,0.2790122724
Wang'26 PORMAB-Safe,8,9,9,0.6652629851,0.6926602831,6.755675676,0.1780324133,0.152972973,0.9853205662
Wang'26 PORMAB-Safe,8,9,10,0.95,0.247425482,3.520810811,0.06078642246,0.2143243243,0.247425482
Wang'26 PORMAB-Safe,8,9,11,0.2127973752,2.123503268,22.4772973,0.4000221022,0.03837837838,23.9988499
Wang'26 PORMAB-Safe,8,10,0,0.2210551088,2.045012567,19.96486486,0.4001592157,0.04135135135,23.99991354
Wang'26 PORMAB-Safe,8,10,1,0.5230742899,0.9021077578,9.548378378,0.2581978691,0.1259459459,2.518969821
Wang'26 PORMAB-Safe,8,10,2,0.4621770162,1.019211399,8.902702703,0.3148536836,0.1318918919,5.737919178
Wang'26 PORMAB-Safe,8,10,3,0.8877431859,0.4291816563,4.612432432,0.08908419244,0.172972973,0.4583633126
Wang'26 PORMAB-Safe,8,10,4,0.3493760462,1.325898395,11.24459459,0.399202922,0.0972972973,23.99950738
Wang'26 PORMAB-Safe,8,10,5,0.4491418585,1.047619095,9.226756757,0.3508108266,0.1402702703,8.228573836
Wang'26 PORMAB-Safe,8,10,6,0.5565464418,0.8463561798,8.168108108,0.2237125254,0.1394594595,2.231780899
Wang'26 PORMAB-Safe,8,10,7,0.34857734,1.328717478,12.27,0.4007699205,0.09378378378,23.99963319
Wang'26 PORMAB-Safe,8,10,8,0.2223217792,2.03354937,24.43594595,0.4001145788,0.04081081081,23.99816954
Wang'26 PORMAB-Safe,8,10,9,0.6900300697,0.6616731043,7.761081081,0.1480717109,0.1364864865,1.185019313
Wang'26 PORMAB-Safe,8,10,10,0.2104662511,2.146920017,23.9972973,0.399791322,0.03648648649,23.99932792
Wang'26 PORMAB-Safe,8,10,11,0.2177243916,2.075867389,39.67054054,0.4005863016,0.03405405405,23.99722662
Wang'26 PORMAB-Safe,8,11,0,0.95,0.3358641596,4.320810811,0.07034992533,0.1827027027,0.3358641596
Wang'26 PORMAB-Safe,8,11,1,0.2935060875,1.559243329,12.68972973,0.3999248429,0.07756756757,23.99964882
Wang'26 PORMAB-Safe,8,11,2,0.6227889451,0.7487311135,8.141621622,0.1659350035,0.13,1.446193341
Wang'26 PORMAB-Safe,8,11,3,0.4312530983,1.088976442,9.838108108,0.3573020003,0.1208108108,12.95984568
Wang'26 PORMAB-Safe,8,11,4,0.6153269509,0.7590395275,8.863783784,0.1684247168,0.12,1.477118582
Wang'26 PORMAB-Safe,8,11,5,0.4183303984,1.120756955,10.58945946,0.3765137553,0.1189189189,18.63063396
Wang'26 PORMAB-Safe,8,11,6,0.9434799305,0.3508668233,4.732972973,0.07320788855,0.1732432432,0.3508668233
Wang'26 PORMAB-Safe,8,11,7,0.4987828682,0.9460759936,10.58027027,0.2643898858,0.1167567568,6.521519873
Wang'26 PORMAB-Safe,8,11,8,0.6260188518,0.7443154627,9.49027027,0.1589214096,0.12,1.088630925
Wang'26 PORMAB-Safe,8,11,9,0.4351735249,1.079661914,9.29027027,0.3452000121,0.1321621622,9.306814661
Wang'26 PORMAB-Safe,8,11,10,0.2492611008,1.819920828,19.01621622,0.4003825821,0.05027027027,23.99879967
Wang'26 PORMAB-Safe,8,11,11,0.2092716103,2.159149808,26.25945946,0.3997344915,0.03756756757,23.99947758
Wang'26 PORMAB-Safe,8,12,0,0.2277146089,1.986329388,18.77972973,0.3994132608,0.04567567568,23.99913984
Wang'26 PORMAB-Safe,8,12,1,0.9318683167,0.369039043,4.911351351,0.06961871676,0.1616216216,0.369039043
Wang'26 PORMAB-Safe,8,12,2,0.4490225566,1.047885528,12.00324324,0.3171977816,0.1189189189,12.35484878
Wang'26 PORMAB-Safe,8,12,3,0.364868936,1.273544601,11.19162162,0.4020270525,0.1062162162,23.99647915
Wang'26 PORMAB-Safe,8,12,4,0.3264467419,1.412123145,12.14621622,0.4037908886,0.09621621622,23.99607547
Wang'26 PORMAB-Safe,8,12,5,0.2532754659,1.792296255,18.12459459,0.4006024331,0.04972972973,23.99967446
Wang'26 PORMAB-Safe,8,12,6,0.5108922966,0.9237509324,8.716756757,0.2192035996,0.1194594595,2.342505594
Wang'26 PORMAB-Safe,8,12,7,0.7249468559,0.6195927545,7.471621622,0.1128663558,0.1210810811,0.839185509
Wang'26 PORMAB-Safe,8,12,8,0.885090931,0.4325165816,5.755675676,0.07925574118,0.1432432432,0.4650331633
Wang'26 PORMAB-Safe,8,12,9,0.3371942215,1.370290719,12.49648649,0.398495355,0.08513513514,23.99872519
Wang'26 PORMAB-Safe,8,12,10,0.4510893652,1.043286736,10.57513514,0.2819693882,0.1110810811,7.715035768
Wang'26 PORMAB-Safe,8,12,11,0.3770521179,1.235229773,10.16675676,0.3936042978,0.1124324324,23.99343681
Wang'26 PORMAB-Safe,8,13,0,0.931036637,0.3702883284,5.035675676,0.08516631554,0.1821621622,0.3702883284
Wang'26 PORMAB-Safe,8,13,1,0.7159624459,0.6302691506,6.942972973,0.1505832241,0.1472972973,0.8605383013
Wang'26 PORMAB-Safe,8,13,2,0.6775674106,0.6771299559,7.506756757,0.1584850113,0.1454054054,0.9542599117
Wang'26 PORMAB-Safe,8,13,3,0.3509019354,1.320546841,10.90891892,0.4004469069,0.09675675676,23.9999194
Wang'26 PORMAB-Safe,8,13,4,0.95,0.2764601871,4.177837838,0.06814370018,0.2105405405,0.2764601871
Wang'26 PORMAB-Safe,8,13,5,0.7562371291,0.5830294735,5.897027027,0.1329937502,0.1567567568,0.766058947
Wang'26 PORMAB-Safe,8,13,6,0.2357345475,1.920506701,22.34297297,0.3991539602,0.04108108108,23.99966944
Wang'26 PORMAB-Safe,8,13,7,0.5713184825,0.8232731646,7.679459459,0.2394167365,0.1491891892,1.786185317
Wang'26 PORMAB-Safe,8,13,8,0.95,0.2265612916,3.531621622,0.05615046065,0.2159459459,0.2265612916
Wang'26 PORMAB-Safe,8,13,9,0.8385292043,0.488449848,4.947567568,0.110099236,0.1748648649,0.5768996961
Wang'26 PORMAB-Safe,8,13,10,0.9458583108,0.3469497415,4.045135135,0.07829811733,0.1943243243,0.3469497415
Wang'26 PORMAB-Safe,8,13,11,0.3749843981,1.241568686,9.498108108,0.3993153342,0.1162162162,23.99924108
Wang'26 PORMAB-Safe,8,14,0,0.3969158517,1.177446822,9.387297297,0.4006501482,0.1251351351,23.99660648
Wang'26 PORMAB-Safe,8,14,1,0.64914127,0.7134614509,7.759189189,0.163324824,0.1343243243,1.026922902
Wang'26 PORMAB-Safe,8,14,2,0.685168137,0.6676722331,7.264054054,0.147970603,0.1327027027,0.9353444662
Wang'26 PORMAB-Safe,8,14,3,0.2123384503,2.128067317,26.14567568,0.4003067169,0.03864864865,23.9997275
Wang'26 PORMAB-Safe,8,14,4,0.8391928019,0.4876767217,5.836756757,0.09885338954,0.1532432432,0.5753534435
Wang'26 PORMAB-Safe,8,14,5,0.2547057577,1.782678959,17.6927027,0.4003800582,0.05594594595,23.99836267
Wang'26 PORMAB-Safe,8,14,6,0.6450583303,0.7188179662,8.581621622,0.1690193596,0.1245945946,1.037635932
Wang'26 PORMAB-Safe,8,14,7,0.3536782427,1.310923092,11.88567568,0.4000086948,0.09594594595,23.99984796
Wang'26 PORMAB-Safe,8,14,8,0.3495021855,1.325454306,11.08675676,0.3997856773,0.1035135135,23.99994742
Wang'26 PORMAB-Safe,8,14,9,0.2638904463,1.723560971,16.30783784,0.4001456416,0.06,23.99843554
Wang'26 PORMAB-Safe,8,14,10,0.8142278578,0.5165166625,5.769189189,0.1037221298,0.1535135135,0.633033325
Wang'26 PORMAB-Safe,8,14,11,0.4332858251,1.084128614,9.124864865,0.3457491256,0.1305405405,9.215974083
Wang'26 PORMAB-Safe,8,15,0,0.95,0.2609434761,3.568648649,0.06396641427,0.2154054054,0.2609434761
Wang'26 PORMAB-Safe,8,15,1,0.6682774533,0.6888292002,6.633783784,0.1776062316,0.1648648649,1.266487601
Wang'26 PORMAB-Safe,8,15,2,0.3936552323,1.186565108,9.465675676,0.4002252039,0.1291891892,23.99959448
Wang'26 PORMAB-Safe,8,15,3,0.8783623152,0.4408835581,5.066216216,0.09747101365,0.1778378378,0.4817671161
Wang'26 PORMAB-Safe,8,15,4,0.2542081145,1.786011998,16.83378378,0.4001632288,0.05945945946,23.99977868
Wang'26 PORMAB-Safe,8,15,5,0.6112416568,0.7647485898,6.803783784,0.20462192,0.1583783784,1.494245769
Wang'26 PORMAB-Safe,8,15,6,0.1961261937,2.305041448,33.06162162,0.3999558404,0.03081081081,23.99972906
Wang'26 PORMAB-Safe,8,15,7,0.2603661895,1.74572184,17.19135135,0.3996287562,0.05540540541,23.99940721
Wang'26 PORMAB-Safe,8,15,8,0.4858854259,0.9708198352,7.677027027,0.329029209,0.1583783784,5.07049588
Wang'26 PORMAB-Safe,8,15,9,0.9440218225,0.349980936,4.082702703,0.08304953023,0.2016216216,0.349980936
Wang'26 PORMAB-Safe,8,15,10,0.777121657,0.5589976316,6.567027027,0.1237348812,0.1489189189,0.7179952632
Wang'26 PORMAB-Safe,8,15,11,0.6438927182,0.7203540735,7.571891892,0.1779469252,0.1424324324,1.361062221
Wang'26 PORMAB-Safe,8,16,0,0.3932789834,1.187626136,9.687027027,0.3999411258,0.1218918919,23.99973519
Wang'26 PORMAB-Safe,8,16,1,0.7735119064,0.5631378354,6.340540541,0.1474812331,0.1743243243,0.8894135062
Wang'26 PORMAB-Safe,8,16,2,0.901603995,0.4113518347,4.285675676,0.1046167774,0.2072972973,0.4113518347
Wang'26 PORMAB-Safe,8,16,3,0.8416273572,0.4848363331,4.614324324,0.1150503515,0.1854054054,0.5696726663
Wang'26 PORMAB-Safe,8,16,4,0.2260479039,2.00065631,17.18621622,0.400131262,0.04945945946,23.99969286
Wang'26 PORMAB-Safe,8,16,5,0.7045979448,0.6439160289,5.349189189,0.1731612024,0.1848648649,1.131748087
Wang'26 PORMAB-Safe,8,16,6,0.6624829137,0.6962092138,6.44027027,0.2005835194,0.1751351351,1.288627641
Wang'26 PORMAB-Safe,8,16,7,0.1982197585,2.280313362,24.73621622,0.4005955906,0.03594594595,23.99979694
Wang'26 PORMAB-Safe,8,16,8,0.7522839954,0.5876051337,5.381081081,0.1523008982,0.1856756757,0.7752102674
Wang'26 PORMAB-Safe,8,16,9,0.3841282698,1.214015836,9.251081081,0.3996408886,0.1245945946,23.99987506
Wang'26 PORMAB-Safe,8,16,10,0.2247729528,2.011774821,24.17459459,0.4001800724,0.04,23.99613493
Wang'26 PORMAB-Safe,8,16,11,0.2144342016,2.107404393,24.5572973,0.3998372659,0.04351351351,23.99967442
Wang'26 PORMAB-Safe,8,17,0,0.6058267012,0.772389876,7.145135135,0.2077102504,0.1478378378,1.517169628
Wang'26 PORMAB-Safe,8,17,1,0.4606290406,1.022513998,7.724594595,0.3620252264,0.1556756757,9.888549857
Wang'26 PORMAB-Safe,8,17,2,0.8627452041,0.4598691245,4.452702703,0.107385655,0.1883783784,0.4598691245
Wang'26 PORMAB-Safe,8,17,3,0.95,0.2139841101,3.58027027,0.055462368,0.2213513514,0.2139841101
Wang'26 PORMAB-Safe,8,17,4,0.8920394043,0.4237308779,4.791621622,0.09848879865,0.1821621622,0.4474617559
Wang'26 PORMAB-Safe,8,17,5,0.9329954481,0.3673358894,3.962972973,0.09044405276,0.2081081081,0.3673358894
Wang'26 PORMAB-Safe,8,17,6,0.2434414901,1.861711545,21.04135135,0.4000163995,0.04459459459,23.99944623
Wang'26 PORMAB-Safe,8,17,7,0.2237143759,2.021113381,20.83108108,0.3998527013,0.04108108108,23.99966294
Wang'26 PORMAB-Safe,8,17,8,0.7874097494,0.5472165522,6.13,0.1288177343,0.1672972973,0.6944331045
Wang'26 PORMAB-Safe,8,17,9,0.2072792387,2.179902851,24.82405405,0.4000416314,0.03783783784,23.99969594
Wang'26 PORMAB-Safe,8,17,10,0.95,0.241873434,3.751891892,0.05974927532,0.2110810811,0.241873434
Wang'26 PORMAB-Safe,8,17,11,0.5223938409,0.9032962107,8.164594595,0.2954022743,0.1527027027,4.672516636
Wang'26 PORMAB-Safe,8,18,0,0.95,0.2641897105,3.594594595,0.06861792209,0.2227027027,0.2641897105
Wang'26 PORMAB-Safe,8,18,1,0.2298402862,1.968390267,22.40972973,0.3995300245,0.04486486486,23.99962611
Wang'26 PORMAB-Safe,8,18,2,0.2514208534,1.804941085,17.00162162,0.4000139701,0.04945945946,23.99923841
Wang'26 PORMAB-Safe,8,18,3,0.95,0.3377909827,3.575405405,0.08581716858,0.2151351351,0.3377909827
Wang'26 PORMAB-Safe,8,18,4,0.8064515181,0.5254308787,5.592972973,0.1219851689,0.1724324324,0.6508617574
Wang'26 PORMAB-Safe,8,18,5,0.2889292384,1.582364629,13.56513514,0.4002954845,0.07378378378,23.99989964
Wang'26 PORMAB-Safe,8,18,6,0.86964094,0.451552802,4.858918919,0.1064200117,0.1848648649,0.503105604
Wang'26 PORMAB-Safe,8,18,7,0.95,0.2372894534,3.732432432,0.06060500904,0.2145945946,0.2372894534
Wang'26 PORMAB-Safe,8,18,8,0.4229897239,1.10910177,8.895405405,0.4043725103,0.1427027027,23.99744739
Wang'26 PORMAB-Safe,8,18,9,0.9113191376,0.3983676074,3.911081081,0.09528522502,0.2032432432,0.3983676074
Wang'26 PORMAB-Safe,8,18,10,0.93510967,0.3641087485,4.613513514,0.08994470165,0.2037837838,0.3641087485
Wang'26 PORMAB-Safe,8,18,11,0.8418183031,0.4846132827,5.455405405,0.1136876566,0.1772972973,0.5692265654
Wang'26 PORMAB-Safe,8,19,0,0.8339118425,0.4938172966,6.669189189,0.09102253953,0.1354054054,0.5876345931
Wang'26 PORMAB-Safe,8,19,1,0.4218873338,1.111838862,10.75378378,0.322733767,0.1127027027,9.774815149
Wang'26 PORMAB-Safe,8,19,2,0.3658373363,1.270411673,10.9627027,0.3955443911,0.1078378378,23.99991665
Wang'26 PORMAB-Safe,8,19,3,0.3670076204,1.266646367,9.818648649,0.4015611322,0.1132432432,23.9974423
Wang'26 PORMAB-Safe,8,19,4,0.481511622,0.9794527448,10.30324324,0.2557165815,0.1116216216,4.209602152
Wang'26 PORMAB-Safe,8,19,5,0.1930715746,2.342239302,29.86,0.4000797943,0.03162162162,23.99903627
Wang'26 PORMAB-Safe,8,19,6,0.2120595117,2.1308523,22.63243243,0.4002546887,0.03864864865,23.99973332
Wang'26 PORMAB-Safe,8,19,7,0.3057773787,1.500722279,13.57189189,0.4003278079,0.07486486486,23.9994914
Wang'26 PORMAB-Safe,8,19,8,0.5446939528,0.8655191693,9.071351351,0.2079585247,0.1194594595,2.124153354
Wang'26 PORMAB-Safe,8,19,9,0.4653449839,1.012509865,8.839189189,0.2777560845,0.1213513514,4.150118376
Wang'26 PORMAB-Safe,8,19,10,0.3623629999,1.281724896,10.64,0.4018380754,0.1010810811,23.99963317
Wang'26 PORMAB-Safe,8,19,11,0.8770434254,0.4425090154,5.668918919,0.08072799606,0.1459459459,0.4850180308
Tripathi'24 Whittle-Safe,2,0,0,0.95,0.3369544871,4.562432432,0.06994082327,0.1681081081,0.3369544871
Tripathi'24 Whittle-Safe,2,0,1,0.2315765095,1.95400716,29.21783784,0.3992511926,0.04189189189,23.99873249
Tripathi'24 Whittle-Safe,2,0,2,0.95,0.2191119648,4.831081081,0.04938902125,0.1675675676,0.2191119648
Tripathi'24 Whittle-Safe,2,0,3,0.8081176242,0.5235225351,5.528108108,0.1314466041,0.1632432432,3.735108448
Tripathi'24 Whittle-Safe,2,0,4,0.6281327393,0.7414402559,7.247837838,0.2420702241,0.147027027,14.62337126
Tripathi'24 Whittle-Safe,2,0,5,0.795200025,0.5383055036,5.736486486,0.1469428537,0.1656756757,3.719332087
Tripathi'24 Whittle-Safe,2,0,6,0.3394136806,1.361973486,10.65081081,0.4012300271,0.08702702703,23.99973208
Tripathi'24 Whittle-Safe,2,0,7,0.9476946562,0.3438720469,4.878378378,0.0726778218,0.1654054054,0.3438720469
Tripathi'24 Whittle-Safe,2,0,8,0.5005847781,0.9427001774,8.643243243,0.3638313117,0.1337837838,23.97362981
Tripathi'24 Whittle-Safe,2,0,9,0.95,0.2738400263,4.431621622,0.05225163745,0.1645945946,0.2738400263
Tripathi'24 Whittle-Safe,2,0,10,0.23436609,1.931388168,19.37108108,0.3998495505,0.04756756757,23.99930207
Tripathi'24 Whittle-Safe,2,0,11,0.2528380647,1.795260579,17.49,0.3993241775,0.05351351351,23.9999822
Tripathi'24 Whittle-Safe,2,1,0,0.5605092249,0.8400796556,7.298378378,0.3421621733,0.157027027,18.84804522
Tripathi'24 Whittle-Safe,2,1,1,0.2181252996,2.072097608,21.99189189,0.398738783,0.04324324324,23.99953142
Tripathi'24 Whittle-Safe,2,1,2,0.2316669551,1.953264399,17.93027027,0.4001552471,0.04648648649,23.99988006
Tripathi'24 Whittle-Safe,2,1,3,0.3707979081,1.254604531,10.88405405,0.3990998737,0.1002702703,23.99912755
Tripathi'24 Whittle-Safe,2,1,4,0.95,0.2976063768,4.068378378,0.06595600782,0.1827027027,0.2976063768
Tripathi'24 Whittle-Safe,2,1,5,0.95,0.2276934429,3.853243243,0.05095410021,0.1945945946,0.2276934429
Tripathi'24 Whittle-Safe,2,1,6,0.2020086086,2.237061952,23.74162162,0.3996480947,0.03459459459,23.99943658
Tripathi'24 Whittle-Safe,2,1,7,0.95,0.2579608484,4.019189189,0.05570559942,0.1854054054,0.2579608484
Tripathi'24 Whittle-Safe,2,1,8,0.325972712,1.414030367,12.33648649,0.3997502064,0.0827027027,23.99946182
Tripathi'24 Whittle-Safe,2,1,9,0.8362721814,0.4910760745,5.416486486,0.1408193825,0.1808108108,1.583988969
Tripathi'24 Whittle-Safe,2,1,10,0.2993435181,1.530799061,13.15243243,0.4000764031,0.07108108108,23.99968316
Tripathi'24 Whittle-Safe,2,1,11,0.2334007936,1.939147999,19.5127027,0.400407857,0.04621621622,23.99996337
Tripathi'24 Whittle-Safe,2,2,0,0.2983974043,1.535332493,14.5872973,0.4016761765,0.06081081081,23.99949569
Tripathi'24 Whittle-Safe,2,2,1,0.4720337023,0.9986066978,7.372162162,0.3190143559,0.1348648649,22.12058177
Tripathi'24 Whittle-Safe,2,2,2,0.7619171253,0.5764720931,5.802432432,0.1403787448,0.1486486486,3.576497676
Tripathi'24 Whittle-Safe,2,2,3,0.95,0.328976203,4.777297297,0.06446155329,0.1583783784,0.328976203
Tripathi'24 Whittle-Safe,2,2,4,0.6042558466,0.7746227687,7.36,0.247879286,0.1378378378,9.740191986
Tripathi'24 Whittle-Safe,2,2,5,0.7527600943,0.5870535051,6.467567568,0.1607257299,0.1502702703,5.637498143
Tripathi'24 Whittle-Safe,2,2,6,0.6803453125,0.6736618433,6.494594595,0.174605867,0.1448648649,5.683517143
Tripathi'24 Whittle-Safe,2,2,7,0.2438339011,1.858825842,19.7,0.4004011341,0.04378378378,23.97848257
Tripathi'24 Whittle-Safe,2,2,8,0.7053294905,0.6430324214,6.613513514,0.1826559662,0.1464864865,6.161875378
Tripathi'24 Whittle-Safe,2,2,9,0.1925045361,2.34929577,23.66486486,0.4000152257,0.03594594595,23.99999967
Tripathi'24 Whittle-Safe,2,2,10,0.95,0.2710575607,4.908918919,0.05428477093,0.1583783784,0.2710575607
Tripathi'24 Whittle-Safe,2,2,11,0.2931742638,1.560894842,14.29648649,0.4003484337,0.06594594595,23.9997206
Tripathi'24 Whittle-Safe,2,3,0,0.2469621281,1.836175919,19.17513514,0.399988592,0.05108108108,23.99908832
Tripathi'24 Whittle-Safe,2,3,1,0.8215561338,0.5080937316,5.344324324,0.1310057892,0.1724324324,2.4537809
Tripathi'24 Whittle-Safe,2,3,2,0.8932287906,0.4222105672,4.403783784,0.09482621118,0.1794594595,0.5776845378
Tripathi'24 Whittle-Safe,2,3,3,0.3220866759,1.429873819,11.04162162,0.4019104789,0.08675675676,23.9973838
Tripathi'24 Whittle-Safe,2,3,4,0.225348274,2.006740312,19.96756757,0.4002633378,0.04351351351,23.99955093
Tripathi'24 Whittle-Safe,2,3,5,0.2465631425,1.839030251,16.00081081,0.3996163031,0.05378378378,23.99995674
Tripathi'24 Whittle-Safe,2,3,6,0.4834834838,0.9755450403,8.024324324,0.3725527411,0.1467567568,23.9962145
Tripathi'24 Whittle-Safe,2,3,7,0.2778755806,1.641436133,14.66027027,0.3997118799,0.06054054054,23.99929074
Tripathi'24 Whittle-Safe,2,3,8,0.2645088005,1.719737046,15.80378378,0.4020466337,0.05297297297,23.99884008
Tripathi'24 Whittle-Safe,2,3,9,0.3014458345,1.520828652,13.69,0.4024030407,0.06972972973,23.99910121
Tripathi'24 Whittle-Safe,2,3,10,0.9387067142,0.3585144156,4.461351351,0.07800110934,0.1737837838,0.3585144156
Tripathi'24 Whittle-Safe,2,3,11,0.2969367479,1.542388958,13.09459459,0.401854853,0.07081081081,23.99965362
Tripathi'24 Whittle-Safe,2,4,0,0.662118963,0.6966749552,7.928108108,0.1651307934,0.1118918919,7.520198925
Tripathi'24 Whittle-Safe,2,4,1,0.6741961796,0.6813572012,7.890540541,0.1471363253,0.1105405405,5.908501225
Tripathi'24 Whittle-Safe,2,4,2,0.3640876,1.27608378,10.5327027,0.359027896,0.08972972973,23.99551877
Tripathi'24 Whittle-Safe,2,4,3,0.2460798207,1.842501298,14.68054054,0.4023624456,0.05243243243,23.99849541
Tripathi'24 Whittle-Safe,2,4,4,0.2372011855,1.908996959,19.7927027,0.4003734163,0.04783783784,23.99963408
Tripathi'24 Whittle-Safe,2,4,5,0.4128728207,1.13470463,10.22783784,0.357891974,0.1010810811,23.992826
Tripathi'24 Whittle-Safe,2,4,6,0.5024050881,0.9393093506,9.665405405,0.2716381095,0.09972972973,16.99720857
Tripathi'24 Whittle-Safe,2,4,7,0.4159209977,1.126874486,10.40594595,0.3109564461,0.09378378378,23.93934366
Tripathi'24 Whittle-Safe,2,4,8,0.2309431598,1.959226317,23.08216216,0.3981995109,0.03783783784,23.9985318
Tripathi'24 Whittle-Safe,2,4,9,0.4380235493,1.072981387,10.57216216,0.3158045218,0.09027027027,23.94658544
Tripathi'24 Whittle-Safe,2,4,10,0.7287104513,0.6151471375,7.804594595,0.1293471549,0.112972973,4.363531299
Tripathi'24 Whittle-Safe,2,4,11,0.5641011845,0.8344446437,8.435405405,0.2079345842,0.1094594595,9.192226805
Tripathi'24 Whittle-Safe,2,5,0,0.9411489522,0.3546353857,5.09972973,0.06584716485,0.1494594595,0.3546353857
Tripathi'24 Whittle-Safe,2,5,1,0.4821824971,0.9781203331,8.081351351,0.3320321996,0.1327027027,23.23082998
Tripathi'24 Whittle-Safe,2,5,2,0.3825098869,1.218803669,9.487837838,0.3982523341,0.102972973,23.99674092
Tripathi'24 Whittle-Safe,2,5,3,0.7544254172,0.5851252029,6.423243243,0.1412207584,0.1381081081,5.028130071
Tripathi'24 Whittle-Safe,2,5,4,0.3523107703,1.315645181,10.88027027,0.4021607296,0.09540540541,23.99936629
Tripathi'24 Whittle-Safe,2,5,5,0.8677360717,0.4538598372,5.816756757,0.09764119742,0.1432432432,1.261757396
Tripathi'24 Whittle-Safe,2,5,6,0.95,0.2241414152,4.852432432,0.04185992377,0.1513513514,0.2241414152
Tripathi'24 Whittle-Safe,2,5,7,0.2189202535,2.064668323,25.50054054,0.4000992398,0.04297297297,23.99921978
Tripathi'24 Whittle-Safe,2,5,8,0.8265150398,0.5023771293,5.988378378,0.1227429527,0.1445945946,2.140411198
Tripathi'24 Whittle-Safe,2,5,9,0.3376263363,1.368663091,11.94108108,0.400241477,0.07945945946,23.99903659
Tripathi'24 Whittle-Safe,2,5,10,0.2625732011,1.731770293,17.25891892,0.4001793515,0.05405405405,23.99911009
Tripathi'24 Whittle-Safe,2,5,11,0.2699141276,1.687095206,15.32243243,0.4007991042,0.06081081081,23.99622675
Tripathi'24 Whittle-Safe,2,6,0,0.6600953202,0.6992694381,7.158918919,0.2109147819,0.1378378378,10.97223865
Tripathi'24 Whittle-Safe,2,6,1,0.4082536129,1.146768836,11.09486486,0.3991995301,0.09783783784,23.99867142
Tripathi'24 Whittle-Safe,2,6,2,0.95,0.2551559305,4.703513514,0.0448246905,0.1489189189,0.2551559305
Tripathi'24 Whittle-Safe,2,6,3,0.8542797728,0.4699577518,5.765675676,0.1044068303,0.1451351351,2.188436816
Tripathi'24 Whittle-Safe,2,6,4,0.5796663152,0.8105930222,7.81972973,0.239015402,0.1272972973,12.7813488
Tripathi'24 Whittle-Safe,2,6,5,0.95,0.2156180293,4.746756757,0.03846159441,0.1486486486,0.2156180293
Tripathi'24 Whittle-Safe,2,6,6,0.7238759829,0.6208604762,6.71,0.1503489153,0.1318918919,5.038070001
Tripathi'24 Whittle-Safe,2,6,7,0.298421524,1.535216558,12.80594595,0.397911535,0.07432432432,23.99773862
Tripathi'24 Whittle-Safe,2,6,8,0.95,0.2628816135,4.591081081,0.04667924866,0.1516216216,0.2628816135
Tripathi'24 Whittle-Safe,2,6,9,0.3698913443,1.257463669,11.51351351,0.3989898235,0.09216216216,23.99867836
Tripathi'24 Whittle-Safe,2,6,10,0.95,0.2571157349,4.721621622,0.04808759149,0.1532432432,0.2571157349
Tripathi'24 Whittle-Safe,2,6,11,0.5870736138,0.7995478023,7.364324324,0.2366229307,0.1359459459,10.38733847
Tripathi'24 Whittle-Safe,2,7,0,0.95,0.2129344738,4.234324324,0.04517663836,0.1759459459,0.2129344738
Tripathi'24 Whittle-Safe,2,7,1,0.8194645516,0.5105004868,4.840810811,0.1218302513,0.1681081081,2.49950925
Tripathi'24 Whittle-Safe,2,7,2,0.5139536145,0.9182376412,7.817837838,0.3777182946,0.1521621622,23.12437818
Tripathi'24 Whittle-Safe,2,7,3,0.1957148488,2.309972111,25.73918919,0.4001870602,0.03459459459,23.99909524
Tripathi'24 Whittle-Safe,2,7,4,0.2668165055,1.705631049,16.13432432,0.3996708431,0.0572972973,23.99999021
Tripathi'24 Whittle-Safe,2,7,5,0.95,0.2143947682,4.374054054,0.04635562555,0.1740540541,0.2143947682
Tripathi'24 Whittle-Safe,2,7,6,0.9166527097,0.3910280632,4.705135135,0.09437515148,0.1772972973,0.3910280632
Tripathi'24 Whittle-Safe,2,7,7,0.2817874583,1.619983796,14.31324324,0.400179781,0.06567567568,23.99902777
Tripathi'24 Whittle-Safe,2,7,8,0.4060368001,1.152645744,8.872972973,0.3996876999,0.1216216216,23.98923911
Tripathi'24 Whittle-Safe,2,7,9,0.95,0.2643493157,4.306216216,0.05658504271,0.1735135135,0.2643493157
Tripathi'24 Whittle-Safe,2,7,10,0.95,0.2202876177,4.30972973,0.04929679662,0.1813513514,0.2202876177
Tripathi'24 Whittle-Safe,2,7,11,0.8957240492,0.4190042049,4.742162162,0.1010139867,0.1745945946,0.7990883039
Tripathi'24 Whittle-Safe,2,8,0,0.924502767,0.3798996382,4.653783784,0.08244848904,0.1645945946,0.3798996382
Tripathi'24 Whittle-Safe,2,8,1,0.7675714746,0.5699618165,6.066756757,0.1625161396,0.1608108108,4.468816313
Tripathi'24 Whittle-Safe,2,8,2,0.2938168902,1.557699888,16.12189189,0.3999499713,0.06081081081,23.99890284
Tripathi'24 Whittle-Safe,2,8,3,0.223720696,2.021057334,16.91540541,0.3998416131,0.04891891892,23.98260599
Tripathi'24 Whittle-Safe,2,8,4,0.8564804989,0.4673466129,5.237297297,0.1088791298,0.1589189189,1.612239031
Tripathi'24 Whittle-Safe,2,8,5,0.95,0.2347890628,4.465675676,0.04873459466,0.1691891892,0.2347890628
Tripathi'24 Whittle-Safe,2,8,6,0.4732619221,0.9960890923,8.168108108,0.377437002,0.1372972973,23.9932656
Tripathi'24 Whittle-Safe,2,8,7,0.198994158,2.271318822,24.41432432,0.4002432086,0.03648648649,23.99910349
Tripathi'24 Whittle-Safe,2,8,8,0.3554966144,1.304697623,11.24486486,0.3998721903,0.0972972973,23.99967465
Tripathi'24 Whittle-Safe,2,8,9,0.365156396,1.272612991,9.975675676,0.4000132184,0.09972972973,23.99844384
Tripathi'24 Whittle-Safe,2,8,10,0.95,0.2590903055,4.315405405,0.05132789024,0.1697297297,0.2590903055
Tripathi'24 Whittle-Safe,2,8,11,0.8950142286,0.4199186836,4.568918919,0.09601383955,0.1716216216,0.7585363051
Tripathi'24 Whittle-Safe,2,9,0,0.3257577326,1.414897118,14.19297297,0.4003776438,0.07189189189,23.99942314
Tripathi'24 Whittle-Safe,2,9,1,0.6871221964,0.6652565043,6.933783784,0.1929243862,0.1443243243,8.622951633
Tripathi'24 Whittle-Safe,2,9,2,0.2523803769,1.798374164,20.71891892,0.3985585986,0.0472972973,23.99685931
Tripathi'24 Whittle-Safe,2,9,3,0.1963495047,2.302374716,27.37297297,0.3994931264,0.03459459459,23.99949363
Tripathi'24 Whittle-Safe,2,9,4,0.5437054116,0.8671448273,7.712432432,0.3180312245,0.1397297297,20.61175168
Tripathi'24 Whittle-Safe,2,9,5,0.2493362779,1.819394726,17.62837838,0.4002668397,0.05054054054,23.99928272
Tripathi'24 Whittle-Safe,2,9,6,0.95,0.209506079,4.334594595,0.03974953174,0.1683783784,0.209506079
Tripathi'24 Whittle-Safe,2,9,7,0.4363495231,1.076896197,8.072972973,0.3812794643,0.1262162162,23.99650558
Tripathi'24 Whittle-Safe,2,9,8,0.95,0.2790122724,4.618648649,0.05693358531,0.1643243243,0.2790122724
Tripathi'24 Whittle-Safe,2,9,9,0.6652629851,0.6926602831,6.849189189,0.2194048248,0.1486486486,5.560545379
Tripathi'24 Whittle-Safe,2,9,10,0.95,0.247425482,4.377837838,0.04754581559,0.1643243243,0.247425482
Tripathi'24 Whittle-Safe,2,9,11,0.2127973752,2.123503268,22.35540541,0.4000221022,0.04162162162,23.99864068
Tripathi'24 Whittle-Safe,2,10,0,0.2210551088,2.045012567,18.10324324,0.4007119218,0.04432432432,23.99982707
Tripathi'24 Whittle-Safe,2,10,1,0.5230742899,0.9021077578,9.847297297,0.2891621083,0.1078378378,12.88431031
Tripathi'24 Whittle-Safe,2,10,2,0.4621770162,1.019211399,9.659459459,0.3093444328,0.1078378378,19.85318757
Tripathi'24 Whittle-Safe,2,10,3,0.8877431859,0.4291816563,5.837567568,0.07435282208,0.1332432432,0.8669065008
Tripathi'24 Whittle-Safe,2,10,4,0.3493760462,1.325898395,11.74108108,0.3852272363,0.08459459459,23.99702661
Tripathi'24 Whittle-Safe,2,10,5,0.4491418585,1.047619095,9.630540541,0.3459974416,0.1105405405,23.98095573
Tripathi'24 Whittle-Safe,2,10,6,0.5565464418,0.8463561798,8.47972973,0.2266862092,0.112972973,11.34432922
Tripathi'24 Whittle-Safe,2,10,7,0.34857734,1.328717478,12.07027027,0.3971787922,0.08378378378,23.99712316
Tripathi'24 Whittle-Safe,2,10,8,0.2223217792,2.03354937,25.09675676,0.4012137947,0.03972972973,23.99801714
Tripathi'24 Whittle-Safe,2,10,9,0.6900300697,0.6616731043,7.622972973,0.1607686813,0.1205405405,9.977040052
Tripathi'24 Whittle-Safe,2,10,10,0.2104662511,2.146920017,23.19324324,0.4003715707,0.03810810811,23.99932792
Tripathi'24 Whittle-Safe,2,10,11,0.2177243916,2.075867389,23.04783784,0.3994642111,0.03756756757,23.99691805
Tripathi'24 Whittle-Safe,2,11,0,0.95,0.3358641596,5.662432432,0.05373826554,0.1308108108,0.3358641596
Tripathi'24 Whittle-Safe,2,11,1,0.2935060875,1.559243329,13.6127027,0.3973963402,0.07081081081,23.99948208
Tripathi'24 Whittle-Safe,2,11,2,0.6227889451,0.7487311135,7.896756757,0.175648272,0.1183783784,20.55483351
Tripathi'24 Whittle-Safe,2,11,3,0.4312530983,1.088976442,9.897297297,0.3614224517,0.1051351351,23.96063366
Tripathi'24 Whittle-Safe,2,11,4,0.6153269509,0.7590395275,8.736486486,0.195298819,0.1116216216,9.01694866
Tripathi'24 Whittle-Safe,2,11,5,0.4183303984,1.120756955,11.17081081,0.3713643314,0.09891891892,23.99645241
Tripathi'24 Whittle-Safe,2,11,6,0.9434799305,0.3508668233,5.810540541,0.0602163332,0.1302702703,0.3508668233
Tripathi'24 Whittle-Safe,2,11,7,0.4987828682,0.9460759936,9.937837838,0.2874025451,0.1048648649,21.11949571
Tripathi'24 Whittle-Safe,2,11,8,0.6260188518,0.7443154627,8.563783784,0.1713937228,0.1089189189,14.87145767
Tripathi'24 Whittle-Safe,2,11,9,0.4351735249,1.079661914,9.842432432,0.3443246105,0.1075675676,23.99841547
Tripathi'24 Whittle-Safe,2,11,10,0.2492611008,1.819920828,22.10675676,0.3998907116,0.04351351351,23.99708852
Tripathi'24 Whittle-Safe,2,11,11,0.2092716103,2.159149808,25.93459459,0.4009015995,0.03783783784,23.99947758
Tripathi'24 Whittle-Safe,2,12,0,0.2277146089,1.986329388,18.27486486,0.3972658776,0.04594594595,23.99913984
Tripathi'24 Whittle-Safe,2,12,1,0.9318683167,0.369039043,5.714594595,0.05625351899,0.1240540541,0.369039043
Tripathi'24 Whittle-Safe,2,12,2,0.4490225566,1.047885528,10.20216216,0.3407044029,0.1062162162,23.95484878
Tripathi'24 Whittle-Safe,2,12,3,0.364868936,1.273544601,11.01891892,0.3944546251,0.09081081081,23.99352123
Tripathi'24 Whittle-Safe,2,12,4,0.3264467419,1.412123145,12.15756757,0.398066065,0.08108108108,23.99454446
Tripathi'24 Whittle-Safe,2,12,5,0.2532754659,1.792296255,19.13027027,0.3996336243,0.04648648649,23.99940524
Tripathi'24 Whittle-Safe,2,12,6,0.5108922966,0.9237509324,8.791351351,0.23992558,0.1035135135,12.17002238
Tripathi'24 Whittle-Safe,2,12,7,0.7249468559,0.6195927545,7.250540541,0.1210717734,0.1135135135,2.376334791
Tripathi'24 Whittle-Safe,2,12,8,0.885090931,0.4325165816,6.364324324,0.07843746656,0.1237837838,0.9527818878
Tripathi'24 Whittle-Safe,2,12,9,0.3371942215,1.370290719,12.09216216,0.3877552385,0.07621621622,23.99872519
Tripathi'24 Whittle-Safe,2,12,10,0.4510893652,1.043286736,9.864594595,0.2980416433,0.09891891892,18.25531535
Tripathi'24 Whittle-Safe,2,12,11,0.3770521179,1.235229773,10.55324324,0.3739073906,0.0927027027,23.95820704
Tripathi'24 Whittle-Safe,2,13,0,0.931036637,0.3702883284,5.617567568,0.08346499079,0.1497297297,0.3702883284
Tripathi'24 Whittle-Safe,2,13,1,0.7159624459,0.6302691506,6.502702703,0.1820966816,0.1475675676,6.447536218
Tripathi'24 Whittle-Safe,2,13,2,0.6775674106,0.6771299559,7.183783784,0.1806289909,0.1343243243,5.973988985
Tripathi'24 Whittle-Safe,2,13,3,0.3509019354,1.320546841,10.98891892,0.3950933387,0.08540540541,23.9994358
Tripathi'24 Whittle-Safe,2,13,4,0.95,0.2764601871,4.978648649,0.05551619433,0.1581081081,0.2764601871
Tripathi'24 Whittle-Safe,2,13,5,0.7562371291,0.5830294735,5.893783784,0.144181613,0.147027027,3.843618943
Tripathi'24 Whittle-Safe,2,13,6,0.2357345475,1.920506701,18.69297297,0.3981158485,0.04189189189,23.99966944
Tripathi'24 Whittle-Safe,2,13,7,0.5713184825,0.8232731646,7.516756757,0.285920545,0.1408108108,11.1214681
Tripathi'24 Whittle-Safe,2,13,8,0.95,0.2265612916,4.471351351,0.04286294706,0.1621621622,0.2265612916
Tripathi'24 Whittle-Safe,2,13,9,0.8385292043,0.488449848,5.49972973,0.1122114516,0.1540540541,1.903647416
Tripathi'24 Whittle-Safe,2,13,10,0.9458583108,0.3469497415,4.967027027,0.06216964286,0.1459459459,0.3469497415
Tripathi'24 Whittle-Safe,2,13,11,0.3749843981,1.241568686,10.36351351,0.3959597431,0.09621621622,23.99453802
Tripathi'24 Whittle-Safe,2,14,0,0.3969158517,1.177446822,10.0327027,0.3710548633,0.1005405405,23.99872434
Tripathi'24 Whittle-Safe,2,14,1,0.64914127,0.7134614509,8.081621622,0.1820290837,0.1159459459,13.56538094
Tripathi'24 Whittle-Safe,2,14,2,0.685168137,0.6676722331,7.899189189,0.1670985102,0.1164864865,5.888789128
Tripathi'24 Whittle-Safe,2,14,3,0.2123384503,2.128067317,23.22378378,0.4003067169,0.03810810811,23.9997275
Tripathi'24 Whittle-Safe,2,14,4,0.8391928019,0.4876767217,6.381081081,0.08962707319,0.1235135135,1.715150826
Tripathi'24 Whittle-Safe,2,14,5,0.2547057577,1.782678959,17.88351351,0.4003800582,0.05513513514,23.99836267
Tripathi'24 Whittle-Safe,2,14,6,0.6450583303,0.7188179662,8.410540541,0.1979663534,0.1132432432,8.126903052
Tripathi'24 Whittle-Safe,2,14,7,0.3536782427,1.310923092,13.16918919,0.3918597135,0.08,23.99954387
Tripathi'24 Whittle-Safe,2,14,8,0.3495021855,1.325454306,11.63972973,0.3836652871,0.08405405405,23.99816963
Tripathi'24 Whittle-Safe,2,14,9,0.2638904463,1.723560971,18.81972973,0.4006114688,0.05648648649,23.99643493
Tripathi'24 Whittle-Safe,2,14,10,0.8142278578,0.5165166625,6.702972973,0.0959045803,0.1208108108,2.380783262
Tripathi'24 Whittle-Safe,2,14,11,0.4332858251,1.084128614,9.908378378,0.3264106152,0.1005405405,23.98578764
Tripathi'24 Whittle-Safe,2,15,0,0.95,0.2609434761,4.627297297,0.04767507833,0.1554054054,0.2609434761
Tripathi'24 Whittle-Safe,2,15,1,0.6682774533,0.6888292002,6.315675676,0.1904519654,0.1524324324,8.731363607
Tripathi'24 Whittle-Safe,2,15,2,0.3936552323,1.186565108,9.64027027,0.3906044058,0.1135135135,23.99820106
Tripathi'24 Whittle-Safe,2,15,3,0.8783623152,0.4408835581,5.437837838,0.08996407739,0.1483783784,1.258554719
Tripathi'24 Whittle-Safe,2,15,4,0.2542081145,1.786011998,14.38648649,0.4001632288,0.06189189189,23.99977868
Tripathi'24 Whittle-Safe,2,15,5,0.6112416568,0.7647485898,7.010540541,0.2271510001,0.142972973,9.118714745
Tripathi'24 Whittle-Safe,2,15,6,0.1961261937,2.305041448,26.37810811,0.3999558404,0.03405405405,23.99972906
Tripathi'24 Whittle-Safe,2,15,7,0.2603661895,1.74572184,15.54810811,0.4010442064,0.05783783784,23.99917484
Tripathi'24 Whittle-Safe,2,15,8,0.4858854259,0.9708198352,7.818918919,0.3400493261,0.1375675676,17.38230748
Tripathi'24 Whittle-Safe,2,15,9,0.9440218225,0.349980936,4.887027027,0.06791521948,0.1540540541,0.349980936
Tripathi'24 Whittle-Safe,2,15,10,0.777121657,0.5589976316,6.416486486,0.1386918448,0.1397297297,3.897947895
Tripathi'24 Whittle-Safe,2,15,11,0.6438927182,0.7203540735,7.511621622,0.2094867522,0.1335135135,6.968143691
Tripathi'24 Whittle-Safe,2,16,0,0.3932789834,1.187626136,10.26837838,0.3996201458,0.1010810811,23.99629271
Tripathi'24 Whittle-Safe,2,16,1,0.7735119064,0.5631378354,6.620540541,0.1674193565,0.1586486486,5.457272897
Tripathi'24 Whittle-Safe,2,16,2,0.901603995,0.4113518347,4.907027027,0.08838505638,0.1643243243,0.5362220164
Tripathi'24 Whittle-Safe,2,16,3,0.8416273572,0.4848363331,5.211351351,0.1045674037,0.1521621622,1.333199664
Tripathi'24 Whittle-Safe,2,16,4,0.2260479039,2.00065631,16.44513514,0.3995905441,0.04945945946,23.99969286
Tripathi'24 Whittle-Safe,2,16,5,0.7045979448,0.6439160289,5.546486486,0.1708987947,0.1605405405,10.90796939
Tripathi'24 Whittle-Safe,2,16,6,0.6624829137,0.6962092138,6.595135135,0.2163893502,0.1532432432,11.65595012
Tripathi'24 Whittle-Safe,2,16,7,0.1982197585,2.280313362,30.20648649,0.3993629888,0.03297297297,23.99959388
Tripathi'24 Whittle-Safe,2,16,8,0.7522839954,0.5876051337,5.975135135,0.1580181373,0.1621621622,4.527312941
Tripathi'24 Whittle-Safe,2,16,9,0.3841282698,1.214015836,9.146486486,0.3970159895,0.1105405405,23.99890264
Tripathi'24 Whittle-Safe,2,16,10,0.2247729528,2.011774821,23.55378378,0.4001800724,0.04054054054,23.99613493
Tripathi'24 Whittle-Safe,2,16,11,0.2144342016,2.107404393,23.9527027,0.3998372659,0.04243243243,23.99967442
Tripathi'24 Whittle-Safe,2,17,0,0.6058267012,0.772389876,7.178378378,0.2496698086,0.1437837838,16.30232417
Tripathi'24 Whittle-Safe,2,17,1,0.4606290406,1.022513998,7.647567568,0.3703158804,0.1391891892,23.97335388
Tripathi'24 Whittle-Safe,2,17,2,0.8627452041,0.4598691245,4.662702703,0.1001768958,0.167027027,1.477644242
Tripathi'24 Whittle-Safe,2,17,3,0.95,0.2139841101,4.233243243,0.04603550045,0.1743243243,0.2139841101
Tripathi'24 Whittle-Safe,2,17,4,0.8920394043,0.4237308779,4.995675676,0.09596931776,0.1627027027,0.732232291
Tripathi'24 Whittle-Safe,2,17,5,0.9329954481,0.3673358894,4.694324324,0.07753765665,0.1694594595,0.3673358894
Tripathi'24 Whittle-Safe,2,17,6,0.2434414901,1.861711545,17.96216216,0.4000163995,0.04783783784,23.99944623
Tripathi'24 Whittle-Safe,2,17,7,0.2237143759,2.021113381,24.04432432,0.4009451951,0.03783783784,23.99966294
Tripathi'24 Whittle-Safe,2,17,8,0.7874097494,0.5472165522,5.898918919,0.1499669146,0.1605405405,5.405362776
Tripathi'24 Whittle-Safe,2,17,9,0.2072792387,2.179902851,22.94972973,0.4012199572,0.03783783784,23.99969594
Tripathi'24 Whittle-Safe,2,17,10,0.95,0.241873434,4.426216216,0.0485054292,0.167027027,0.241873434
Tripathi'24 Whittle-Safe,2,17,11,0.5223938409,0.9032962107,7.418108108,0.3361726709,0.1464864865,19.16481054
Tripathi'24 Whittle-Safe,2,18,0,0.95,0.2641897105,4.106486486,0.0619060754,0.1913513514,0.2641897105
Tripathi'24 Whittle-Safe,2,18,1,0.2298402862,1.968390267,21.94432432,0.3995300245,0.04486486486,23.99962611
Tripathi'24 Whittle-Safe,2,18,2,0.2514208534,1.804941085,17.45864865,0.4000139701,0.05054054054,23.99832697
Tripathi'24 Whittle-Safe,2,18,3,0.95,0.3377909827,3.995135135,0.07540955452,0.1872972973,0.3377909827
Tripathi'24 Whittle-Safe,2,18,4,0.8064515181,0.5254308787,5.243513514,0.1414403122,0.1772972973,2.28146318
Tripathi'24 Whittle-Safe,2,18,5,0.2889292384,1.582364629,13.15891892,0.3998678184,0.07324324324,23.99915506
Tripathi'24 Whittle-Safe,2,18,6,0.86964094,0.451552802,5.015135135,0.1226515043,0.1827027027,1.379503238
Tripathi'24 Whittle-Safe,2,18,7,0.95,0.2372894534,4.02,0.05387111914,0.1910810811,0.2372894534
Tripathi'24 Whittle-Safe,2,18,8,0.4229897239,1.10910177,8.590810811,0.4049720248,0.1267567568,23.99601372
Tripathi'24 Whittle-Safe,2,18,9,0.9113191376,0.3983676074,4.154594595,0.09097854818,0.1824324324,0.3983676074
Tripathi'24 Whittle-Safe,2,18,10,0.93510967,0.3641087485,4.451081081,0.08827176956,0.1856756757,0.3641087485
Tripathi'24 Whittle-Safe,2,18,11,0.8418183031,0.4846132827,5.295405405,0.1266543363,0.1767567568,3.72298444
Tripathi'24 Whittle-Safe,2,19,0,0.8339118425,0.4938172966,6.428378378,0.09182332434,0.1216216216,1.713442152
Tripathi'24 Whittle-Safe,2,19,1,0.4218873338,1.111838862,10.04837838,0.3110143844,0.09459459459,23.99849287
Tripathi'24 Whittle-Safe,2,19,2,0.3658373363,1.270411673,10.96945946,0.3752864752,0.09108108108,23.98799375
Tripathi'24 Whittle-Safe,2,19,3,0.3670076204,1.266646367,10.03378378,0.3923180371,0.09648648649,23.99841666
Tripathi'24 Whittle-Safe,2,19,4,0.481511622,0.9794527448,9.618918919,0.2731879007,0.1008108108,19.04801076
Tripathi'24 Whittle-Safe,2,19,5,0.1930715746,2.342239302,25.76567568,0.4000797943,0.03405405405,23.99903627
Tripathi'24 Whittle-Safe,2,19,6,0.2120595117,2.1308523,22.72621622,0.3996787827,0.04162162162,23.99853725
Tripathi'24 Whittle-Safe,2,19,7,0.3057773787,1.500722279,14.04135135,0.3987054054,0.06810810811,23.9997457
Tripathi'24 Whittle-Safe,2,19,8,0.5446939528,0.8655191693,8.865945946,0.2407078987,0.1108108108,12.03797923
Tripathi'24 Whittle-Safe,2,19,9,0.4653449839,1.012509865,8.760540541,0.2865129266,0.1075675676,23.93823985
Tripathi'24 Whittle-Safe,2,19,10,0.3623629999,1.281724896,11.69621622,0.385210293,0.0827027027,23.99672603
Tripathi'24 Whittle-Safe,2,19,11,0.8770434254,0.4425090154,6.045135135,0.072834592,0.1224324324,0.7400721233
Tripathi'24 Whittle-Safe,4,0,0,0.95,0.3369544871,4.400810811,0.07412998717,0.1827027027,0.3369544871
Tripathi'24 Whittle-Safe,4,0,1,0.2315765095,1.95400716,29.10324324,0.4003074127,0.04324324324,23.99873249
Tripathi'24 Whittle-Safe,4,0,2,0.95,0.2191119648,4.566216216,0.05045497135,0.182972973,0.2191119648
Tripathi'24 Whittle-Safe,4,0,3,0.8081176242,0.5235225351,5.33972973,0.1320125744,0.1775675676,2.470450703
Tripathi'24 Whittle-Safe,4,0,4,0.6281327393,0.7414402559,6.923783784,0.2324515397,0.1589189189,14.16481152
Tripathi'24 Whittle-Safe,4,0,5,0.795200025,0.5383055036,5.464864865,0.14505151,0.1818918919,2.889499065
Tripathi'24 Whittle-Safe,4,0,6,0.3394136806,1.361973486,11.11810811,0.4019662289,0.09324324324,23.99973208
Tripathi'24 Whittle-Safe,4,0,7,0.9476946562,0.3438720469,4.747297297,0.07537303514,0.1762162162,0.3438720469
Tripathi'24 Whittle-Safe,4,0,8,0.5005847781,0.9427001774,8.312972973,0.3470155788,0.1494594595,18.43862094
Tripathi'24 Whittle-Safe,4,0,9,0.95,0.2738400263,4.354324324,0.05395388626,0.1737837838,0.2738400263
Tripathi'24 Whittle-Safe,4,0,10,0.23436609,1.931388168,17.71324324,0.4008935441,0.05189189189,23.99858589
Tripathi'24 Whittle-Safe,4,0,11,0.2528380647,1.795260579,17.86621622,0.399809383,0.05432432432,23.9999822
Tripathi'24 Whittle-Safe,4,1,0,0.5605092249,0.8400796556,7.29,0.3285392599,0.1732432432,20.56828418
Tripathi'24 Whittle-Safe,4,1,1,0.2181252996,2.072097608,24.3727027,0.3992988094,0.04243243243,23.99953142
Tripathi'24 Whittle-Safe,4,1,2,0.2316669551,1.953264399,17.53891892,0.4001552471,0.04891891892,23.99988006
Tripathi'24 Whittle-Safe,4,1,3,0.3707979081,1.254604531,11.80054054,0.399438956,0.1005405405,23.99912755
Tripathi'24 Whittle-Safe,4,1,4,0.95,0.2976063768,4.011621622,0.06692121769,0.1924324324,0.2976063768
Tripathi'24 Whittle-Safe,4,1,5,0.95,0.2276934429,3.738918919,0.05273872449,0.2024324324,0.2276934429
Tripathi'24 Whittle-Safe,4,1,6,0.2020086086,2.237061952,22.26621622,0.3996480947,0.03648648649,23.99943658
Tripathi'24 Whittle-Safe,4,1,7,0.95,0.2579608484,3.964594595,0.05661194835,0.192972973,0.2579608484
Tripathi'24 Whittle-Safe,4,1,8,0.325972712,1.414030367,11.58189189,0.4001323768,0.08297297297,23.99946182
Tripathi'24 Whittle-Safe,4,1,9,0.8362721814,0.4910760745,5.517027027,0.1413502755,0.1921621622,1.675065043
Tripathi'24 Whittle-Safe,4,1,10,0.2993435181,1.530799061,12.46675676,0.4000764031,0.07459459459,23.99875468
Tripathi'24 Whittle-Safe,4,1,11,0.2334007936,1.939147999,19.41,0.399883763,0.04810810811,23.99996337
Tripathi'24 Whittle-Safe,4,2,0,0.2983974043,1.535332493,13.85810811,0.402506086,0.06702702703,23.99949569
Tripathi'24 Whittle-Safe,4,2,1,0.4720337023,0.9986066978,7.265135135,0.3109175448,0.147027027,17.89968224
Tripathi'24 Whittle-Safe,4,2,2,0.7619171253,0.5764720931,5.786216216,0.1434948102,0.1662162162,2.69413721
Tripathi'24 Whittle-Safe,4,2,3,0.95,0.328976203,4.616486486,0.06872935268,0.1710810811,0.328976203
Tripathi'24 Whittle-Safe,4,2,4,0.6042558466,0.7746227687,7.309189189,0.2424359908,0.1545945946,8.267078142
Tripathi'24 Whittle-Safe,4,2,5,0.7527600943,0.5870535051,6.151621622,0.1570764784,0.1683783784,3.179909587
Tripathi'24 Whittle-Safe,4,2,6,0.6803453125,0.6736618433,6.314324324,0.1742417254,0.1583783784,4.294222396
Tripathi'24 Whittle-Safe,4,2,7,0.2438339011,1.858825842,20.43756757,0.4004011341,0.04405405405,23.97848257
Tripathi'24 Whittle-Safe,4,2,8,0.7053294905,0.6430324214,6.477297297,0.1807442482,0.1640540541,4.146713271
Tripathi'24 Whittle-Safe,4,2,9,0.1925045361,2.34929577,23.23648649,0.4000152257,0.03405405405,23.99999967
Tripathi'24 Whittle-Safe,4,2,10,0.95,0.2710575607,4.706216216,0.05596972334,0.1740540541,0.2710575607
Tripathi'24 Whittle-Safe,4,2,11,0.2931742638,1.560894842,12.89918919,0.3999265703,0.07594594595,23.9997206
Tripathi'24 Whittle-Safe,4,3,0,0.2469621281,1.836175919,16.42513514,0.399988592,0.05243243243,23.99908832
Tripathi'24 Whittle-Safe,4,3,1,0.8215561338,0.5080937316,5.329459459,0.1318297249,0.1818918919,2.561874631
Tripathi'24 Whittle-Safe,4,3,2,0.8932287906,0.4222105672,4.441081081,0.09551087697,0.1862162162,0.4888422689
Tripathi'24 Whittle-Safe,4,3,3,0.3220866759,1.429873819,11.15378378,0.3999782169,0.09108108108,23.99933929
Tripathi'24 Whittle-Safe,4,3,4,0.225348274,2.006740312,20.06243243,0.4002633378,0.04081081081,23.99955093
Tripathi'24 Whittle-Safe,4,3,5,0.2465631425,1.839030251,16.71594595,0.3996163031,0.05135135135,23.99947619
Tripathi'24 Whittle-Safe,4,3,6,0.4834834838,0.9755450403,7.845945946,0.3693888112,0.1613513514,23.99280055
Tripathi'24 Whittle-Safe,4,3,7,0.2778755806,1.641436133,12.24972973,0.4001555113,0.06918918919,23.99929074
Tripathi'24 Whittle-Safe,4,3,8,0.2645088005,1.719737046,15.9672973,0.4015818399,0.05594594595,23.99884008
Tripathi'24 Whittle-Safe,4,3,9,0.3014458345,1.520828652,15.0672973,0.4019920059,0.07675675676,23.99964931
Tripathi'24 Whittle-Safe,4,3,10,0.9387067142,0.3585144156,4.44027027,0.07877627565,0.1808108108,0.3585144156
Tripathi'24 Whittle-Safe,4,3,11,0.2969367479,1.542388958,12.29972973,0.4010211292,0.07702702703,23.99913671
Tripathi'24 Whittle-Safe,4,4,0,0.662118963,0.6966749552,7.521081081,0.1555279765,0.1281081081,8.900248656
Tripathi'24 Whittle-Safe,4,4,1,0.6741961796,0.6813572012,7.986756757,0.1511876384,0.1216216216,3.864429622
Tripathi'24 Whittle-Safe,4,4,2,0.3640876,1.27608378,10.60918919,0.3745478339,0.1002702703,23.99551877
Tripathi'24 Whittle-Safe,4,4,3,0.2460798207,1.842501298,16.58621622,0.4013664989,0.05432432432,23.99787247
Tripathi'24 Whittle-Safe,4,4,4,0.2372011855,1.908996959,21.86297297,0.3998574711,0.0427027027,23.99963408
Tripathi'24 Whittle-Safe,4,4,5,0.4128728207,1.13470463,9.96027027,0.3447048661,0.1097297297,23.88744549
Tripathi'24 Whittle-Safe,4,4,6,0.5024050881,0.9393093506,9.558648649,0.2617372812,0.1137837838,12.96135247
Tripathi'24 Whittle-Safe,4,4,7,0.4159209977,1.126874486,10.50540541,0.3255753583,0.1040540541,23.93934366
Tripathi'24 Whittle-Safe,4,4,8,0.2309431598,1.959226317,22.86702703,0.3987290316,0.0427027027,23.99977447
Tripathi'24 Whittle-Safe,4,4,9,0.4380235493,1.072981387,10.61297297,0.3256643508,0.1043243243,23.92764128
Tripathi'24 Whittle-Safe,4,4,10,0.7287104513,0.6151471375,7.797297297,0.1341685784,0.1254054054,2.58176565
Tripathi'24 Whittle-Safe,4,4,11,0.5641011845,0.8344446437,7.959189189,0.1982369843,0.122972973,6.357782161
Tripathi'24 Whittle-Safe,4,5,0,0.9411489522,0.3546353857,4.892162162,0.06670979146,0.1572972973,0.3546353857
Tripathi'24 Whittle-Safe,4,5,1,0.4821824971,0.9781203331,8.15972973,0.3198717846,0.1448648649,21.72143165
Tripathi'24 Whittle-Safe,4,5,2,0.3825098869,1.218803669,10.46567568,0.4028640236,0.1121621622,23.99860478
Tripathi'24 Whittle-Safe,4,5,3,0.7544254172,0.5851252029,6.264594595,0.1409044745,0.1583783784,4.998380477
Tripathi'24 Whittle-Safe,4,5,4,0.3523107703,1.315645181,10.65837838,0.4025163094,0.1016216216,23.99759944
Tripathi'24 Whittle-Safe,4,5,5,0.8677360717,0.4538598372,5.881621622,0.101321142,0.1562162162,1.315617233
Tripathi'24 Whittle-Safe,4,5,6,0.95,0.2241414152,4.768918919,0.04331381403,0.16,0.2241414152
Tripathi'24 Whittle-Safe,4,5,7,0.2189202535,2.064668323,26.64162162,0.4000992398,0.04054054054,23.99960989
Tripathi'24 Whittle-Safe,4,5,8,0.8265150398,0.5023771293,5.885675676,0.1189411798,0.1597297297,1.935656939
Tripathi'24 Whittle-Safe,4,5,9,0.3376263363,1.368663091,11.70027027,0.4006113859,0.08216216216,23.99978167
Tripathi'24 Whittle-Safe,4,5,10,0.2625732011,1.731770293,16.89162162,0.3997113055,0.05459459459,23.999585
Tripathi'24 Whittle-Safe,4,5,11,0.2699141276,1.687095206,15.29837838,0.3998871609,0.06081081081,23.99922197
Tripathi'24 Whittle-Safe,4,6,0,0.6600953202,0.6992694381,7.091351351,0.2031661205,0.1532432432,10.37369977
Tripathi'24 Whittle-Safe,4,6,1,0.4082536129,1.146768836,10.26540541,0.398579655,0.1167567568,23.99100869
Tripathi'24 Whittle-Safe,4,6,2,0.95,0.2551559305,4.886756757,0.04841066574,0.1575675676,0.2551559305
Tripathi'24 Whittle-Safe,4,6,3,0.8542797728,0.4699577518,5.586756757,0.1044068303,0.1608108108,1.309450773
Tripathi'24 Whittle-Safe,4,6,4,0.5796663152,0.8105930222,8.084594595,0.2339765805,0.1367567568,6.9906744
Tripathi'24 Whittle-Safe,4,6,5,0.95,0.2156180293,4.82,0.04061777471,0.1575675676,0.2156180293
Tripathi'24 Whittle-Safe,4,6,6,0.7238759829,0.6208604762,6.828108108,0.1444759108,0.1367567568,4.858930477
Tripathi'24 Whittle-Safe,4,6,7,0.298421524,1.535216558,13.36513514,0.3999861519,0.07324324324,23.99924117
Tripathi'24 Whittle-Safe,4,6,8,0.95,0.2628816135,4.561351351,0.04824232853,0.1594594595,0.2628816135
Tripathi'24 Whittle-Safe,4,6,9,0.3698913443,1.257463669,11.70189189,0.4000093887,0.09432432432,23.99973122
Tripathi'24 Whittle-Safe,4,6,10,0.95,0.2571157349,4.757567568,0.04982485997,0.1613513514,0.2571157349
Tripathi'24 Whittle-Safe,4,6,11,0.5870736138,0.7995478023,7.404594595,0.2273308887,0.1459459459,10.38688627
Tripathi'24 Whittle-Safe,4,7,0,0.95,0.2129344738,4.443783784,0.04569458708,0.1778378378,0.2129344738
Tripathi'24 Whittle-Safe,4,7,1,0.8194645516,0.5105004868,4.792702703,0.1178290313,0.1754054054,1.105004868
Tripathi'24 Whittle-Safe,4,7,2,0.5139536145,0.9182376412,8.065675676,0.3725066755,0.1667567568,19.05388383
Tripathi'24 Whittle-Safe,4,7,3,0.1957148488,2.309972111,25.75648649,0.4001870602,0.03459459459,23.99909524
Tripathi'24 Whittle-Safe,4,7,4,0.2668165055,1.705631049,14.42432432,0.4010537872,0.06135135135,23.99999021
Tripathi'24 Whittle-Safe,4,7,5,0.95,0.2143947682,4.423243243,0.0458920693,0.1772972973,0.2143947682
Tripathi'24 Whittle-Safe,4,7,6,0.9166527097,0.3910280632,4.777837838,0.09331831888,0.182972973,0.3910280632
Tripathi'24 Whittle-Safe,4,7,7,0.2817874583,1.619983796,14.16378378,0.400179781,0.06945945946,23.99902777
Tripathi'24 Whittle-Safe,4,7,8,0.4060368001,1.152645744,8.509189189,0.4037375363,0.1327027027,23.99856763
Tripathi'24 Whittle-Safe,4,7,9,0.95,0.2643493157,4.394324324,0.05801395793,0.1791891892,0.2643493157
Tripathi'24 Whittle-Safe,4,7,10,0.95,0.2202876177,4.254054054,0.04935633381,0.1883783784,0.2202876177
Tripathi'24 Whittle-Safe,4,7,11,0.8957240492,0.4190042049,5.024594595,0.1035053631,0.1827027027,0.6280504593
Tripathi'24 Whittle-Safe,4,8,0,0.924502767,0.3798996382,4.694324324,0.08460467618,0.1759459459,0.3798996382
Tripathi'24 Whittle-Safe,4,8,1,0.7675714746,0.5699618165,6.190810811,0.1625161396,0.1751351351,3.629274514
Tripathi'24 Whittle-Safe,4,8,2,0.2938168902,1.557699888,16.74540541,0.3999499713,0.05972972973,23.99945142
Tripathi'24 Whittle-Safe,4,8,3,0.223720696,2.021057334,16.40135135,0.3992953814,0.05,23.98260599
Tripathi'24 Whittle-Safe,4,8,4,0.8564804989,0.4673466129,5.03972973,0.1034478043,0.167027027,1.208159354
Tripathi'24 Whittle-Safe,4,8,5,0.95,0.2347890628,4.433783784,0.04974989872,0.1772972973,0.2347890628
Tripathi'24 Whittle-Safe,4,8,6,0.4732619221,0.9960890923,8.343243243,0.3672068978,0.1513513514,20.15024562
Tripathi'24 Whittle-Safe,4,8,7,0.198994158,2.271318822,23.79135135,0.4002432086,0.03756756757,23.99910349
Tripathi'24 Whittle-Safe,4,8,8,0.3554966144,1.304697623,11.45702703,0.4005774323,0.09702702703,23.99972888
Tripathi'24 Whittle-Safe,4,8,9,0.365156396,1.272612991,10.02432432,0.4000132184,0.1105405405,23.99844384
Tripathi'24 Whittle-Safe,4,8,10,0.95,0.2590903055,4.293243243,0.05342862245,0.1783783784,0.2590903055
Tripathi'24 Whittle-Safe,4,8,11,0.8950142286,0.4199186836,4.559459459,0.09748922952,0.1813513514,0.5195121017
Tripathi'24 Whittle-Safe,4,9,0,0.3257577326,1.414897118,13.61783784,0.4003776438,0.08,23.99942314
Tripathi'24 Whittle-Safe,4,9,1,0.6871221964,0.6652565043,6.694324324,0.1803384524,0.1578378378,7.292438624
Tripathi'24 Whittle-Safe,4,9,2,0.2523803769,1.798374164,19.75702703,0.3985585986,0.04756756757,23.9969037
Tripathi'24 Whittle-Safe,4,9,3,0.1963495047,2.302374716,27.31027027,0.3994931264,0.03432432432,23.99949363
Tripathi'24 Whittle-Safe,4,9,4,0.5437054116,0.8671448273,7.811621622,0.3119377744,0.1481081081,14.39884134
Tripathi'24 Whittle-Safe,4,9,5,0.2493362779,1.819394726,17.54756757,0.4002668397,0.05189189189,23.99928272
Tripathi'24 Whittle-Safe,4,9,6,0.95,0.209506079,4.249189189,0.04241082517,0.177027027,0.209506079
Tripathi'24 Whittle-Safe,4,9,7,0.4363495231,1.076896197,8.152162162,0.3859363127,0.1437837838,23.99790335
Tripathi'24 Whittle-Safe,4,9,8,0.95,0.2790122724,4.599189189,0.06077943014,0.1786486486,0.2790122724
Tripathi'24 Whittle-Safe,4,9,9,0.6652629851,0.6926602831,6.742432432,0.2081724959,0.1627027027,3.882564529
Tripathi'24 Whittle-Safe,4,9,10,0.95,0.247425482,4.299459459,0.05035442917,0.1737837838,0.247425482
Tripathi'24 Whittle-Safe,4,9,11,0.2127973752,2.123503268,23.02756757,0.4000221022,0.03864864865,23.99864068
Tripathi'24 Whittle-Safe,4,10,0,0.2210551088,2.045012567,20.43108108,0.3996065096,0.04837837838,23.99991354
Tripathi'24 Whittle-Safe,4,10,1,0.5230742899,0.9021077578,9.68,0.2842858502,0.1232432432,13.80328013
Tripathi'24 Whittle-Safe,4,10,2,0.4621770162,1.019211399,10.02756757,0.3145782211,0.1202702703,18.41820416
Tripathi'24 Whittle-Safe,4,10,3,0.8877431859,0.4291816563,5.89027027,0.07864463864,0.1437837838,0.9544514696
Tripathi'24 Whittle-Safe,4,10,4,0.3493760462,1.325898395,11.51891892,0.3906025,0.0927027027,23.99603696
Tripathi'24 Whittle-Safe,4,10,5,0.4491418585,1.047619095,9.575945946,0.3437323192,0.1254054054,23.9809597
Tripathi'24 Whittle-Safe,4,10,6,0.5565464418,0.8463561798,8.928918919,0.2287449135,0.1256756757,11.34432922
Tripathi'24 Whittle-Safe,4,10,7,0.34857734,1.328717478,11.9827027,0.3978970179,0.09108108108,23.99805381
Tripathi'24 Whittle-Safe,4,10,8,0.2223217792,2.03354937,24.92702703,0.4006641867,0.04,23.99801714
Tripathi'24 Whittle-Safe,4,10,9,0.6900300697,0.6616731043,7.18,0.1512906612,0.1316216216,5.233462087
Tripathi'24 Whittle-Safe,4,10,10,0.2104662511,2.146920017,23.6,0.399791322,0.03486486486,23.99932792
Tripathi'24 Whittle-Safe,4,10,11,0.2177243916,2.075867389,36.42351351,0.4011473468,0.0372972973,23.99722662
Tripathi'24 Whittle-Safe,4,11,0,0.95,0.3358641596,5.528648649,0.05691535894,0.1405405405,0.3358641596
Tripathi'24 Whittle-Safe,4,11,1,0.2935060875,1.559243329,13.11972973,0.3999248429,0.07432432432,23.99896416
Tripathi'24 Whittle-Safe,4,11,2,0.6227889451,0.7487311135,7.694594595,0.1770647904,0.1367567568,16.46244683
Tripathi'24 Whittle-Safe,4,11,3,0.4312530983,1.088976442,9.678378378,0.3605394978,0.1205405405,23.96063366
Tripathi'24 Whittle-Safe,4,11,4,0.6153269509,0.7590395275,8.583783784,0.1895547361,0.1275675676,6.21694866
Tripathi'24 Whittle-Safe,4,11,5,0.4183303984,1.120756955,10.81783784,0.3595509473,0.1121621622,23.97752855
Tripathi'24 Whittle-Safe,4,11,6,0.9434799305,0.3508668233,5.667837838,0.06344051482,0.1413513514,0.3508668233
Tripathi'24 Whittle-Safe,4,11,7,0.4987828682,0.9460759936,9.973783784,0.2902152035,0.1183783784,16.71265978
Tripathi'24 Whittle-Safe,4,11,8,0.6260188518,0.7443154627,8.178918919,0.1673703959,0.1208108108,11.77261851
Tripathi'24 Whittle-Safe,4,11,9,0.4351735249,1.079661914,9.859189189,0.3437410095,0.1216216216,23.9578452
Tripathi'24 Whittle-Safe,4,11,10,0.2492611008,1.819920828,21.93675676,0.3998907116,0.04675675676,23.99721622
Tripathi'24 Whittle-Safe,4,11,11,0.2092716103,2.159149808,25.81324324,0.4003180455,0.0372972973,23.99947758
Tripathi'24 Whittle-Safe,4,12,0,0.2277146089,1.986329388,16.31081081,0.398876415,0.05135135135,23.99967826
Tripathi'24 Whittle-Safe,4,12,1,0.9318683167,0.369039043,5.519189189,0.05974442885,0.1367567568,0.369039043
Tripathi'24 Whittle-Safe,4,12,2,0.4490225566,1.047885528,10.4727027,0.3469350736,0.12,23.99427642
Tripathi'24 Whittle-Safe,4,12,3,0.364868936,1.273544601,11.69027027,0.3927336189,0.09702702703,23.99927246
Tripathi'24 Whittle-Safe,4,12,4,0.3264467419,1.412123145,11.45135135,0.4037908886,0.09108108108,23.99428929
Tripathi'24 Whittle-Safe,4,12,5,0.2532754659,1.792296255,17.70972973,0.3996336243,0.05162162162,23.99967446
Tripathi'24 Whittle-Safe,4,12,6,0.5108922966,0.9237509324,8.630810811,0.2319363828,0.1172972973,8.141275175
Tripathi'24 Whittle-Safe,4,12,7,0.7249468559,0.6195927545,6.775675676,0.1165504208,0.1254054054,2.156742036
Tripathi'24 Whittle-Safe,4,12,8,0.885090931,0.4325165816,6.078378378,0.07984022304,0.1345945946,0.8552321429
Tripathi'24 Whittle-Safe,4,12,9,0.3371942215,1.370290719,12.12405405,0.3970139596,0.08567567568,23.99569881
Tripathi'24 Whittle-Safe,4,12,10,0.4510893652,1.043286736,9.345405405,0.2864808984,0.1116216216,17.78517556
Tripathi'24 Whittle-Safe,4,12,11,0.3770521179,1.235229773,10.40135135,0.3715704695,0.1072972973,23.99343681
Tripathi'24 Whittle-Safe,4,13,0,0.931036637,0.3702883284,5.452432432,0.08286452323,0.1602702703,0.3702883284
Tripathi'24 Whittle-Safe,4,13,1,0.7159624459,0.6302691506,6.618108108,0.1797118794,0.1635135135,3.005383013
Tripathi'24 Whittle-Safe,4,13,2,0.6775674106,0.6771299559,7.255675676,0.1839231367,0.1481081081,4.434079294
Tripathi'24 Whittle-Safe,4,13,3,0.3509019354,1.320546841,10.40675676,0.3965209569,0.09702702703,23.9994358
Tripathi'24 Whittle-Safe,4,13,4,0.95,0.2764601871,4.867027027,0.05693585475,0.1659459459,0.2764601871
Tripathi'24 Whittle-Safe,4,13,5,0.7562371291,0.5830294735,5.817567568,0.1405573758,0.1581081081,2.413324208
Tripathi'24 Whittle-Safe,4,13,6,0.2357345475,1.920506701,18.03351351,0.3981158485,0.04783783784,23.99966944
Tripathi'24 Whittle-Safe,4,13,7,0.5713184825,0.8232731646,7.676216216,0.2743502195,0.1524324324,12.48438026
Tripathi'24 Whittle-Safe,4,13,8,0.95,0.2265612916,4.466486486,0.04543472388,0.1710810811,0.2265612916
Tripathi'24 Whittle-Safe,4,13,9,0.8385292043,0.488449848,5.408378378,0.1127395055,0.1659459459,1.196048632
Tripathi'24 Whittle-Safe,4,13,10,0.9458583108,0.3469497415,4.909189189,0.06245095347,0.1516216216,0.3469497415
Tripathi'24 Whittle-Safe,4,13,11,0.3749843981,1.241568686,10.63324324,0.3976375387,0.1067567568,23.999271
Tripathi'24 Whittle-Safe,4,14,0,0.3969158517,1.177446822,10.19189189,0.3780558984,0.1105405405,23.9995789
Tripathi'24 Whittle-Safe,4,14,1,0.64914127,0.7134614509,7.933513514,0.1743159869,0.1264864865,12.22499659
Tripathi'24 Whittle-Safe,4,14,2,0.685168137,0.6676722331,7.772702703,0.1663767024,0.1305405405,4.821116895
Tripathi'24 Whittle-Safe,4,14,3,0.2123384503,2.128067317,27.63702703,0.3997315635,0.04108108108,23.9997275
Tripathi'24 Whittle-Safe,4,14,4,0.8391928019,0.4876767217,6.210810811,0.09120872742,0.1359459459,1.402827548
Tripathi'24 Whittle-Safe,4,14,5,0.2547057577,1.782678959,17.45243243,0.4003800582,0.05594594595,23.99813484
Tripathi'24 Whittle-Safe,4,14,6,0.6450583303,0.7188179662,8.337837838,0.1905838986,0.1259459459,5.970449154
Tripathi'24 Whittle-Safe,4,14,7,0.3536782427,1.310923092,12.41540541,0.392214017,0.08702702703,23.99292723
Tripathi'24 Whittle-Safe,4,14,8,0.3495021855,1.325454306,11.23648649,0.3883222887,0.09648648649,23.99816963
Tripathi'24 Whittle-Safe,4,14,9,0.2638904463,1.723560971,14.36567568,0.4001456416,0.0627027027,23.99628954
Tripathi'24 Whittle-Safe,4,14,10,0.8142278578,0.5165166625,6.201081081,0.09660257579,0.1343243243,0.9825833124
Tripathi'24 Whittle-Safe,4,14,11,0.4332858251,1.084128614,10.15945946,0.3354938549,0.1140540541,21.21597408
Tripathi'24 Whittle-Safe,4,15,0,0.95,0.2609434761,4.454054054,0.05056661414,0.1697297297,0.2609434761
Tripathi'24 Whittle-Safe,4,15,1,0.6682774533,0.6888292002,6.275405405,0.1897072851,0.1645945946,8.909022007
Tripathi'24 Whittle-Safe,4,15,2,0.3936552323,1.186565108,9.521351351,0.3960561914,0.1248648649,23.99944889
Tripathi'24 Whittle-Safe,4,15,3,0.8783623152,0.4408835581,5.45,0.0938962821,0.1591891892,1.217671161
Tripathi'24 Whittle-Safe,4,15,4,0.2542081145,1.786011998,17.04297297,0.3996805229,0.05216216216,23.99977868
Tripathi'24 Whittle-Safe,4,15,5,0.6112416568,0.7647485898,6.747027027,0.2242573567,0.1572972973,6.577709104
Tripathi'24 Whittle-Safe,4,15,6,0.1961261937,2.305041448,26.60135135,0.3999558404,0.03189189189,23.99896785
Tripathi'24 Whittle-Safe,4,15,7,0.2603661895,1.74572184,16.21810811,0.4005723897,0.05675675676,23.99940721
Tripathi'24 Whittle-Safe,4,15,8,0.4858854259,0.9708198352,7.518108108,0.3232567667,0.1481081081,11.26132566
Tripathi'24 Whittle-Safe,4,15,9,0.9440218225,0.349980936,4.763243243,0.06990159777,0.1656756757,0.349980936
Tripathi'24 Whittle-Safe,4,15,10,0.777121657,0.5589976316,6.238918919,0.1368788795,0.1537837838,2.543962106
Tripathi'24 Whittle-Safe,4,15,11,0.6438927182,0.7203540735,7.422972973,0.2063717076,0.1508108108,5.04601925
Tripathi'24 Whittle-Safe,4,16,0,0.3932789834,1.187626136,10.12540541,0.3996201458,0.1167567568,23.99947039
Tripathi'24 Whittle-Safe,4,16,1,0.7735119064,0.5631378354,6.345135135,0.1649841658,0.1727027027,4.851789087
Tripathi'24 Whittle-Safe,4,16,2,0.901603995,0.4113518347,4.97,0.09160916535,0.1724324324,0.4794628429
Tripathi'24 Whittle-Safe,4,16,3,0.8416273572,0.4848363331,5.285135135,0.1073191775,0.1616216216,0.8241816656
Tripathi'24 Whittle-Safe,4,16,4,0.2260479039,2.00065631,16.87540541,0.3995905441,0.04945945946,23.99969286
Tripathi'24 Whittle-Safe,4,16,5,0.7045979448,0.6439160289,5.573513514,0.1679402616,0.1697297297,8.176221299
Tripathi'24 Whittle-Safe,4,16,6,0.6624829137,0.6962092138,6.624054054,0.2114970693,0.1672972973,8.782485628
Tripathi'24 Whittle-Safe,4,16,7,0.1982197585,2.280313362,30.09351351,0.3993629888,0.03351351351,23.99959388
Tripathi'24 Whittle-Safe,4,16,8,0.7522839954,0.5876051337,5.824594595,0.1562712031,0.1745945946,4.290128342
Tripathi'24 Whittle-Safe,4,16,9,0.3841282698,1.214015836,9.422972973,0.4035782373,0.1208108108,23.99743046
Tripathi'24 Whittle-Safe,4,16,10,0.2247729528,2.011774821,22.50432432,0.4001800724,0.04405405405,23.99613493
Tripathi'24 Whittle-Safe,4,16,11,0.2144342016,2.107404393,24.44567568,0.3998372659,0.04108108108,23.99967442
Tripathi'24 Whittle-Safe,4,17,0,0.6058267012,0.772389876,6.664324324,0.234013257,0.1586486486,7.392577272
Tripathi'24 Whittle-Safe,4,17,1,0.4606290406,1.022513998,7.724324324,0.3628542918,0.1494594595,23.94408179
Tripathi'24 Whittle-Safe,4,17,2,0.8627452041,0.4598691245,4.605135135,0.1061427655,0.1808108108,1.077644242
Tripathi'24 Whittle-Safe,4,17,3,0.95,0.2139841101,4.168108108,0.04713433777,0.1843243243,0.2139841101
Tripathi'24 Whittle-Safe,4,17,4,0.8920394043,0.4237308779,5.085675676,0.0997485391,0.1732432432,0.5898470234
Tripathi'24 Whittle-Safe,4,17,5,0.9329954481,0.3673358894,4.702432432,0.08140957548,0.1767567568,0.3673358894
Tripathi'24 Whittle-Safe,4,17,6,0.2434414901,1.861711545,17.78972973,0.4000163995,0.04918918919,23.99944623
Tripathi'24 Whittle-Safe,4,17,7,0.2237143759,2.021113381,22.97432432,0.4003989482,0.03945945946,23.99966294
Tripathi'24 Whittle-Safe,4,17,8,0.7874097494,0.5472165522,5.799189189,0.1477484691,0.1735135135,4.816496567
Tripathi'24 Whittle-Safe,4,17,9,0.2072792387,2.179902851,22.53405405,0.4012199572,0.03864864865,23.99969594
Tripathi'24 Whittle-Safe,4,17,10,0.95,0.241873434,4.387027027,0.05020508035,0.1748648649,0.241873434
Tripathi'24 Whittle-Safe,4,17,11,0.5223938409,0.9032962107,7.827027027,0.3246983676,0.1581081081,15.04832948
Tripathi'24 Whittle-Safe,4,18,0,0.95,0.2641897105,4.038648649,0.0610492439,0.1959459459,0.2641897105
Tripathi'24 Whittle-Safe,4,18,1,0.2298402862,1.968390267,21.01324324,0.3995300245,0.04837837838,23.99962611
Tripathi'24 Whittle-Safe,4,18,2,0.2514208534,1.804941085,18.20297297,0.4000139701,0.05135135135,23.99923841
Tripathi'24 Whittle-Safe,4,18,3,0.95,0.3377909827,4.149189189,0.07677897742,0.1918918919,0.3377909827
Tripathi'24 Whittle-Safe,4,18,4,0.8064515181,0.5254308787,5.120810811,0.1360439951,0.1851351351,2.006894059
Tripathi'24 Whittle-Safe,4,18,5,0.2889292384,1.582364629,13.97594595,0.4002954845,0.07243243243,23.99915506
Tripathi'24 Whittle-Safe,4,18,6,0.86964094,0.451552802,4.844324324,0.1185021002,0.1927027027,1.070186426
Tripathi'24 Whittle-Safe,4,18,7,0.95,0.2372894534,4.050540541,0.05592335225,0.1951351351,0.2372894534
Tripathi'24 Whittle-Safe,4,18,8,0.4229897239,1.10910177,8.56,0.4049720248,0.1378378378,23.99649161
Tripathi'24 Whittle-Safe,4,18,9,0.9113191376,0.3983676074,4.204864865,0.09270121892,0.1894594595,0.3983676074
Tripathi'24 Whittle-Safe,4,18,10,0.93510967,0.3641087485,4.61027027,0.08915743949,0.192972973,0.3641087485
Tripathi'24 Whittle-Safe,4,18,11,0.8418183031,0.4846132827,5.371351351,0.1280950785,0.1897297297,4.292211005
Tripathi'24 Whittle-Safe,4,19,0,0.8339118425,0.4938172966,6.587567568,0.09382528635,0.1332432432,1.338172966
Tripathi'24 Whittle-Safe,4,19,1,0.4218873338,1.111838862,10.38081081,0.3287437068,0.1056756757,23.9168815
Tripathi'24 Whittle-Safe,4,19,2,0.3658373363,1.270411673,11.07621622,0.3831836289,0.09,23.99837419
Tripathi'24 Whittle-Safe,4,19,3,0.3670076204,1.266646367,10.01378378,0.3912910265,0.1078378378,23.99841666
Tripathi'24 Whittle-Safe,4,19,4,0.481511622,0.9794527448,9.833243243,0.2758350703,0.1091891892,20.4192043
Tripathi'24 Whittle-Safe,4,19,5,0.1930715746,2.342239302,25.84945946,0.4000797943,0.03432432432,23.99903627
Tripathi'24 Whittle-Safe,4,19,6,0.2120595117,2.1308523,21.36054054,0.3996787827,0.04054054054,23.99853725
Tripathi'24 Whittle-Safe,4,19,7,0.3057773787,1.500722279,13.13297297,0.4019502103,0.07297297297,23.9989522
Tripathi'24 Whittle-Safe,4,19,8,0.5446939528,0.8655191693,8.689189189,0.2308830865,0.1240540541,7.513825878
Tripathi'24 Whittle-Safe,4,19,9,0.4653449839,1.012509865,8.620810811,0.2684519398,0.1189189189,9.525256482
Tripathi'24 Whittle-Safe,4,19,10,0.3623629999,1.281724896,10.63756757,0.3768964018,0.09648648649,23.99179083
Tripathi'24 Whittle-Safe,4,19,11,0.8770434254,0.4425090154,6.145675676,0.07522653262,0.1310810811,0.910108185
Tripathi'24 Whittle-Safe,8,0,0,0.95,0.3369544871,4.295945946,0.07431212473,0.1872972973,0.3369544871
Tripathi'24 Whittle-Safe,8,0,1,0.2315765095,1.95400716,29.66945946,0.4003074127,0.0427027027,23.99873249
Tripathi'24 Whittle-Safe,8,0,2,0.95,0.2191119648,4.586486486,0.05057341025,0.1886486486,0.2191119648
Tripathi'24 Whittle-Safe,8,0,3,0.8081176242,0.5235225351,5.478108108,0.1339934705,0.187027027,1.511702816
Tripathi'24 Whittle-Safe,8,0,4,0.6281327393,0.7414402559,7.594594595,0.2324515397,0.1643243243,8.584647934
Tripathi'24 Whittle-Safe,8,0,5,0.795200025,0.5383055036,5.650540541,0.1424327265,0.1878378378,1.229833022
Tripathi'24 Whittle-Safe,8,0,6,0.3394136806,1.361973486,10.9527027,0.4052791374,0.09675675676,23.99973208
Tripathi'24 Whittle-Safe,8,0,7,0.9476946562,0.3438720469,4.755405405,0.07462952801,0.1808108108,0.3438720469
Tripathi'24 Whittle-Safe,8,0,8,0.5005847781,0.9427001774,8.581351351,0.3375885771,0.1548648649,10.73720639
Tripathi'24 Whittle-Safe,8,0,9,0.95,0.2738400263,4.307567568,0.05669228652,0.1818918919,0.2738400263
Tripathi'24 Whittle-Safe,8,0,10,0.23436609,1.931388168,18.63027027,0.4003715473,0.04864864865,23.99858589
Tripathi'24 Whittle-Safe,8,0,11,0.2528380647,1.795260579,16.88675676,0.399809383,0.05675675676,23.9999822
Tripathi'24 Whittle-Safe,8,1,0,0.5605092249,0.8400796556,7.362972973,0.3130999581,0.1754054054,6.161911735
Tripathi'24 Whittle-Safe,8,1,1,0.2181252996,2.072097608,22.32756757,0.4004188622,0.04189189189,23.99953142
Tripathi'24 Whittle-Safe,8,1,2,0.2316669551,1.953264399,18.28162162,0.4001552471,0.05027027027,23.99988006
Tripathi'24 Whittle-Safe,8,1,3,0.3707979081,1.254604531,10.84594595,0.3997780384,0.1064864865,23.99955477
Tripathi'24 Whittle-Safe,8,1,4,0.95,0.2976063768,3.938378378,0.06844946665,0.1964864865,0.2976063768
Tripathi'24 Whittle-Safe,8,1,5,0.95,0.2276934429,3.644864865,0.05360026725,0.2086486486,0.2276934429
Tripathi'24 Whittle-Safe,8,1,6,0.2020086086,2.237061952,23.37378378,0.3996480947,0.03432432432,23.99943658
Tripathi'24 Whittle-Safe,8,1,7,0.95,0.2579608484,3.951081081,0.05919155684,0.1972972973,0.2579608484
Tripathi'24 Whittle-Safe,8,1,8,0.325972712,1.414030367,12.82324324,0.3997502064,0.0872972973,23.99953849
Tripathi'24 Whittle-Safe,8,1,9,0.8362721814,0.4910760745,5.302162162,0.1408193825,0.2021621622,1.310760745
Tripathi'24 Whittle-Safe,8,1,10,0.2993435181,1.530799061,13.00513514,0.4000764031,0.07081081081,23.9990605
Tripathi'24 Whittle-Safe,8,1,11,0.2334007936,1.939147999,18.35,0.399883763,0.05162162162,23.99996337
Tripathi'24 Whittle-Safe,8,2,0,0.2983974043,1.535332493,13.84648649,0.4000163576,0.06864864865,23.99949569
Tripathi'24 Whittle-Safe,8,2,1,0.4720337023,0.9986066978,7.343243243,0.3087583952,0.1545945946,14.7359081
Tripathi'24 Whittle-Safe,8,2,2,0.7619171253,0.5764720931,5.573243243,0.1436506135,0.1756756757,1.988248838
Tripathi'24 Whittle-Safe,8,2,3,0.95,0.328976203,4.580810811,0.0706854274,0.1794594595,0.328976203
Tripathi'24 Whittle-Safe,8,2,4,0.6042558466,0.7746227687,7.633513514,0.2415985608,0.16,7.086419672
Tripathi'24 Whittle-Safe,8,2,5,0.7527600943,0.5870535051,6.088648649,0.1556485104,0.177027027,2.083481546
Tripathi'24 Whittle-Safe,8,2,6,0.6803453125,0.6736618433,6.562162162,0.1784293531,0.1686486486,2.757603963
Tripathi'24 Whittle-Safe,8,2,7,0.2438339011,1.858825842,20.10810811,0.4004011341,0.04486486486,23.97848257
Tripathi'24 Whittle-Safe,8,2,8,0.7053294905,0.6430324214,6.337837838,0.1722284134,0.1686486486,1.615162107
Tripathi'24 Whittle-Safe,8,2,9,0.1925045361,2.34929577,25.20486486,0.4000152257,0.03135135135,23.99999967
Tripathi'24 Whittle-Safe,8,2,10,0.95,0.2710575607,4.552432432,0.05809422854,0.1835135135,0.2710575607
Tripathi'24 Whittle-Safe,8,2,11,0.2931742638,1.560894842,13.31432432,0.4003484337,0.07540540541,23.9997206
Tripathi'24 Whittle-Safe,8,3,0,0.2469621281,1.836175919,16.12702703,0.399988592,0.05378378378,23.99847146
Tripathi'24 Whittle-Safe,8,3,1,0.8215561338,0.5080937316,5.402702703,0.1326536607,0.1872972973,1.729499705
Tripathi'24 Whittle-Safe,8,3,2,0.8932287906,0.4222105672,4.289189189,0.09505443311,0.1889189189,0.4888422689
Tripathi'24 Whittle-Safe,8,3,3,0.3220866759,1.429873819,11.65486486,0.4007511217,0.08945945946,23.99933929
Tripathi'24 Whittle-Safe,8,3,4,0.225348274,2.006740312,20.15540541,0.4002633378,0.04405405405,23.99977546
Tripathi'24 Whittle-Safe,8,3,5,0.2465631425,1.839030251,17.29918919,0.3996163031,0.05108108108,23.99947619
Tripathi'24 Whittle-Safe,8,3,6,0.4834834838,0.9755450403,7.836756757,0.3641155948,0.1654054054,22.89403434
Tripathi'24 Whittle-Safe,8,3,7,0.2778755806,1.641436133,13.64351351,0.4001555113,0.06702702703,23.99976003
Tripathi'24 Whittle-Safe,8,3,8,0.2645088005,1.719737046,16.53945946,0.4006522523,0.06108108108,23.99884008
Tripathi'24 Whittle-Safe,8,3,9,0.3014458345,1.520828652,15.02567568,0.4011699363,0.07945945946,23.99964931
Tripathi'24 Whittle-Safe,8,3,10,0.9387067142,0.3585144156,4.441891892,0.08042350404,0.1851351351,0.3585144156
Tripathi'24 Whittle-Safe,8,3,11,0.2969367479,1.542388958,12.97378378,0.4022717148,0.07783783784,23.99913671
Tripathi'24 Whittle-Safe,8,4,0,0.662118963,0.6966749552,7.212702703,0.1560928481,0.1364864865,2.553449373
Tripathi'24 Whittle-Safe,8,4,1,0.6741961796,0.6813572012,8.006756757,0.1498985843,0.1318918919,4.78307242
Tripathi'24 Whittle-Safe,8,4,2,0.3640876,1.27608378,10.35972973,0.3731682839,0.1113513514,23.99327816
Tripathi'24 Whittle-Safe,8,4,3,0.2460798207,1.842501298,16.39135135,0.4028604189,0.05405405405,23.99849541
Tripathi'24 Whittle-Safe,8,4,4,0.2372011855,1.908996959,23.47108108,0.3998574711,0.04486486486,23.99963408
Tripathi'24 Whittle-Safe,8,4,5,0.4128728207,1.13470463,10.28621622,0.3483849892,0.1156756757,16.81803623
Tripathi'24 Whittle-Safe,8,4,6,0.5024050881,0.9393093506,9.815675676,0.2632604856,0.1208108108,8.404115063
Tripathi'24 Whittle-Safe,8,4,7,0.4159209977,1.126874486,10.4127027,0.3197887056,0.1121621622,17.65122226
Tripathi'24 Whittle-Safe,8,4,8,0.2309431598,1.959226317,22.11918919,0.3987290316,0.04459459459,23.99830627
Tripathi'24 Whittle-Safe,8,4,9,0.4380235493,1.072981387,10.38864865,0.3210244313,0.1137837838,12.00559052
Tripathi'24 Whittle-Safe,8,4,10,0.7287104513,0.6151471375,7.715135135,0.1333372984,0.1327027027,2.58176565
Tripathi'24 Whittle-Safe,8,4,11,0.5641011845,0.8344446437,7.978648649,0.2043261749,0.1289189189,3.47555715
Tripathi'24 Whittle-Safe,8,5,0,0.9411489522,0.3546353857,5.168648649,0.06987275571,0.1645945946,0.3546353857
Tripathi'24 Whittle-Safe,8,5,1,0.4821824971,0.9781203331,8.598918919,0.3238371373,0.1467567568,17.9618093
Tripathi'24 Whittle-Safe,8,5,2,0.3825098869,1.218803669,10.29486486,0.4035228364,0.112972973,23.99848762
Tripathi'24 Whittle-Safe,8,5,3,0.7544254172,0.5851252029,6.47,0.1367927839,0.1624324324,1.510751217
Tripathi'24 Whittle-Safe,8,5,4,0.3523107703,1.315645181,10.10945946,0.4035830487,0.1059459459,23.99791629
Tripathi'24 Whittle-Safe,8,5,5,0.8677360717,0.4538598372,5.948648649,0.09825452152,0.16,0.7770188607
Tripathi'24 Whittle-Safe,8,5,6,0.95,0.2241414152,4.969189189,0.04513117685,0.1643243243,0.2241414152
Tripathi'24 Whittle-Safe,8,5,7,0.2189202535,2.064668323,26.65756757,0.4000992398,0.04108108108,23.99960989
Tripathi'24 Whittle-Safe,8,5,8,0.8265150398,0.5023771293,5.827027027,0.1140531861,0.1664864865,1.116639905
Tripathi'24 Whittle-Safe,8,5,9,0.3376263363,1.368663091,10.85351351,0.4020910217,0.09027027027,23.99956334
Tripathi'24 Whittle-Safe,8,5,10,0.2625732011,1.731770293,14.92918919,0.3997113055,0.05702702703,23.999585
Tripathi'24 Whittle-Safe,8,5,11,0.2699141276,1.687095206,15.28081081,0.3998871609,0.06324324324,23.99941648
Tripathi'24 Whittle-Safe,8,6,0,0.6600953202,0.6992694381,6.918648649,0.1922045996,0.157027027,5.383927639
Tripathi'24 Whittle-Safe,8,6,1,0.4082536129,1.146768836,10.25702703,0.398579655,0.1245945946,23.99713888
Tripathi'24 Whittle-Safe,8,6,2,0.95,0.2551559305,4.472432432,0.04861754892,0.1654054054,0.2551559305
Tripathi'24 Whittle-Safe,8,6,3,0.8542797728,0.4699577518,5.770540541,0.1051689239,0.1686486486,1.16953527
Tripathi'24 Whittle-Safe,8,6,4,0.5796663152,0.8105930222,7.996486486,0.2254324919,0.1421621622,4.601267423
Tripathi'24 Whittle-Safe,8,6,5,0.95,0.2156180293,4.488378378,0.041550177,0.1662162162,0.2156180293
Tripathi'24 Whittle-Safe,8,6,6,0.7238759829,0.6208604762,6.876756757,0.1434691101,0.1472972973,1.450325715
Tripathi'24 Whittle-Safe,8,6,7,0.298421524,1.535216558,13.64081081,0.3999861519,0.07432432432,23.99999245
Tripathi'24 Whittle-Safe,8,6,8,0.95,0.2628816135,4.431351351,0.05016065381,0.1664864865,0.2628816135
Tripathi'24 Whittle-Safe,8,6,9,0.3698913443,1.257463669,11.50459459,0.4000093887,0.1018918919,23.99880718
Tripathi'24 Whittle-Safe,8,6,10,0.95,0.2571157349,4.577837838,0.05184009141,0.1713513514,0.2571157349
Tripathi'24 Whittle-Safe,8,6,11,0.5870736138,0.7995478023,8.023243243,0.2320849567,0.1537837838,5.991860442
Tripathi'24 Whittle-Safe,8,7,0,0.95,0.2129344738,4.181891892,0.0469031341,0.1872972973,0.2129344738
Tripathi'24 Whittle-Safe,8,7,1,0.8194645516,0.5105004868,4.876756757,0.1219682244,0.1851351351,0.8420019473
Tripathi'24 Whittle-Safe,8,7,2,0.5139536145,0.9182376412,8.385945946,0.3511638547,0.1675675676,21.53954555
Tripathi'24 Whittle-Safe,8,7,3,0.1957148488,2.309972111,26.53864865,0.4001870602,0.03486486486,23.99909524
Tripathi'24 Whittle-Safe,8,7,4,0.2668165055,1.705631049,14.80216216,0.4001318245,0.06216216216,23.99999021
Tripathi'24 Whittle-Safe,8,7,5,0.95,0.2143947682,4.411621622,0.04763040526,0.1867567568,0.2143947682
Tripathi'24 Whittle-Safe,8,7,6,0.9166527097,0.3910280632,4.630540541,0.09342400214,0.1927027027,0.3910280632
Tripathi'24 Whittle-Safe,8,7,7,0.2817874583,1.619983796,14.60648649,0.400179781,0.06972972973,23.99902777
Tripathi'24 Whittle-Safe,8,7,8,0.4060368001,1.152645744,9.003783784,0.404360588,0.14,23.99964417
Tripathi'24 Whittle-Safe,8,7,9,0.95,0.2643493157,4.364864865,0.05908564434,0.1864864865,0.2643493157
Tripathi'24 Whittle-Safe,8,7,10,0.95,0.2202876177,4.205405405,0.04983263136,0.1962162162,0.2202876177
Tripathi'24 Whittle-Safe,8,7,11,0.8957240492,0.4190042049,4.850540541,0.1013537198,0.19,0.5330294346
Tripathi'24 Whittle-Safe,8,8,0,0.924502767,0.3798996382,4.561891892,0.08604213427,0.1848648649,0.3798996382
Tripathi'24 Whittle-Safe,8,8,1,0.7675714746,0.5699618165,6.198378378,0.1574326964,0.18,1.919389065
Tripathi'24 Whittle-Safe,8,8,2,0.2938168902,1.557699888,14.96216216,0.3999499713,0.06513513514,23.99969122
Tripathi'24 Whittle-Safe,8,8,3,0.223720696,2.021057334,17.23540541,0.3992953814,0.04918918919,23.98260599
Tripathi'24 Whittle-Safe,8,8,4,0.8564804989,0.4673466129,4.948108108,0.1068581715,0.1781081081,0.7367330643
Tripathi'24 Whittle-Safe,8,8,5,0.95,0.2347890628,4.462702703,0.05108248529,0.1824324324,0.2347890628
Tripathi'24 Whittle-Safe,8,8,6,0.4732619221,0.9960890923,8.252162162,0.3491696089,0.1527027027,12.08658368
Tripathi'24 Whittle-Safe,8,8,7,0.198994158,2.271318822,24.19135135,0.4002432086,0.03486486486,23.99910349
Tripathi'24 Whittle-Safe,8,8,8,0.3554966144,1.304697623,11.63378378,0.4016352952,0.1010810811,23.99967465
Tripathi'24 Whittle-Safe,8,8,9,0.365156396,1.272612991,10.63081081,0.4000132184,0.1072972973,23.99922192
Tripathi'24 Whittle-Safe,8,8,10,0.95,0.2590903055,4.307567568,0.05447898855,0.1805405405,0.2590903055
Tripathi'24 Whittle-Safe,8,8,11,0.8950142286,0.4199186836,4.658108108,0.09975906024,0.1878378378,0.5792681526
Tripathi'24 Whittle-Safe,8,9,0,0.3257577326,1.414897118,13.39594595,0.4003776438,0.08594594595,23.99942314
Tripathi'24 Whittle-Safe,8,9,1,0.6871221964,0.6652565043,6.639459459,0.1756636769,0.1643243243,2.517821547
Tripathi'24 Whittle-Safe,8,9,2,0.2523803769,1.798374164,19.06405405,0.3985585986,0.04918918919,23.9969037
Tripathi'24 Whittle-Safe,8,9,3,0.1963495047,2.302374716,27.94891892,0.3994931264,0.03378378378,23.99949363
Tripathi'24 Whittle-Safe,8,9,4,0.5437054116,0.8671448273,8.110810811,0.3051412338,0.1583783784,10.82008275
Tripathi'24 Whittle-Safe,8,9,5,0.2493362779,1.819394726,18.00162162,0.4002668397,0.05216216216,23.99928272
Tripathi'24 Whittle-Safe,8,9,6,0.95,0.209506079,4.231351351,0.04484562555,0.1824324324,0.209506079
Tripathi'24 Whittle-Safe,8,9,7,0.4363495231,1.076896197,8.272972973,0.3879736839,0.1486486486,23.99860223
Tripathi'24 Whittle-Safe,8,9,8,0.95,0.2790122724,4.373513514,0.06108106503,0.1856756757,0.2790122724
Tripathi'24 Whittle-Safe,8,9,9,0.6652629851,0.6926602831,6.962432432,0.2031179479,0.1705405405,1.755961698
Tripathi'24 Whittle-Safe,8,9,10,0.95,0.247425482,4.117297297,0.05222683822,0.1845945946,0.247425482
Tripathi'24 Whittle-Safe,8,9,11,0.2127973752,2.123503268,25.39162162,0.4000221022,0.03567567568,23.9988499
Tripathi'24 Whittle-Safe,8,10,0,0.2210551088,2.045012567,20.28810811,0.3996065096,0.04648648649,23.99991354
Tripathi'24 Whittle-Safe,8,10,1,0.5230742899,0.9021077578,10.72378378,0.2837982244,0.1272972973,9.659017219
Tripathi'24 Whittle-Safe,8,10,2,0.4621770162,1.019211399,9.561891892,0.2986013937,0.1248648649,15.94135856
Tripathi'24 Whittle-Safe,8,10,3,0.8877431859,0.4291816563,5.774324324,0.07864463864,0.1459459459,0.6042715941
Tripathi'24 Whittle-Safe,8,10,4,0.3493760462,1.325898395,11.67135135,0.3952610619,0.1,23.99603696
Tripathi'24 Whittle-Safe,8,10,5,0.4491418585,1.047619095,9.925135135,0.3343886895,0.1343243243,12.43809746
Tripathi'24 Whittle-Safe,8,10,6,0.5565464418,0.8463561798,9.382972973,0.235149771,0.1359459459,11.34432922
Tripathi'24 Whittle-Safe,8,10,7,0.34857734,1.328717478,12.47783784,0.4007699205,0.09135135135,23.99777189
Tripathi'24 Whittle-Safe,8,10,8,0.2223217792,2.03354937,22.74162162,0.4012137947,0.04189189189,23.99816954
Tripathi'24 Whittle-Safe,8,10,9,0.6900300697,0.6616731043,7.521621622,0.1589803756,0.1427027027,5.095135191
Tripathi'24 Whittle-Safe,8,10,10,0.2104662511,2.146920017,22.00972973,0.4003715707,0.03837837838,23.99932792
Tripathi'24 Whittle-Safe,8,10,11,0.2177243916,2.075867389,39.08621622,0.4005863016,0.03459459459,23.99722662
Tripathi'24 Whittle-Safe,8,11,0,0.95,0.3358641596,5.324864865,0.05991090415,0.152972973,0.3358641596
Tripathi'24 Whittle-Safe,8,11,1,0.2935060875,1.559243329,13.35594595,0.3995034258,0.07675675676,23.99896416
Tripathi'24 Whittle-Safe,8,11,2,0.6227889451,0.7487311135,7.900540541,0.1794931075,0.1427027027,10.45178231
Tripathi'24 Whittle-Safe,8,11,3,0.4312530983,1.088976442,9.972432432,0.3608338158,0.1243243243,23.91653943
Tripathi'24 Whittle-Safe,8,11,4,0.6153269509,0.7590395275,8.134594595,0.1827849241,0.1316216216,4.667513857
Tripathi'24 Whittle-Safe,8,11,5,0.4183303984,1.120756955,11.14,0.3759079407,0.1189189189,23.98533528
Tripathi'24 Whittle-Safe,8,11,6,0.9434799305,0.3508668233,5.386756757,0.0644836324,0.1518918919,0.3508668233
Tripathi'24 Whittle-Safe,8,11,7,0.4987828682,0.9460759936,9.925675676,0.2720607722,0.1221621622,16.1283558
Tripathi'24 Whittle-Safe,8,11,8,0.6260188518,0.7443154627,9.032972973,0.1734053862,0.13,7.316933971
Tripathi'24 Whittle-Safe,8,11,9,0.4351735249,1.079661914,9.651891892,0.3326525898,0.1302702703,17.27976781
Tripathi'24 Whittle-Safe,8,11,10,0.2492611008,1.819920828,22.38621622,0.3998907116,0.04405405405,23.99867197
Tripathi'24 Whittle-Safe,8,11,11,0.2092716103,2.159149808,25.18081081,0.4014851535,0.04054054054,23.99947758
Tripathi'24 Whittle-Safe,8,12,0,0.2277146089,1.986329388,20.35216216,0.3999501065,0.04594594595,23.99913984
Tripathi'24 Whittle-Safe,8,12,1,0.9318683167,0.369039043,5.326486486,0.06044261083,0.1424324324,0.369039043
Tripathi'24 Whittle-Safe,8,12,2,0.4490225566,1.047885528,10.89945946,0.3288094861,0.1202702703,23.99427642
Tripathi'24 Whittle-Safe,8,12,3,0.364868936,1.273544601,10.71378378,0.3975524363,0.1054054054,23.98938969
Tripathi'24 Whittle-Safe,8,12,4,0.3264467419,1.412123145,11.70162162,0.4022642689,0.09486486486,23.99441687
Tripathi'24 Whittle-Safe,8,12,5,0.2532754659,1.792296255,19.38378378,0.4010868375,0.04621621622,23.99940524
Tripathi'24 Whittle-Safe,8,12,6,0.5108922966,0.9237509324,8.665675676,0.2221995486,0.1197297297,4.408762121
Tripathi'24 Whittle-Safe,8,12,7,0.7249468559,0.6195927545,7.120810811,0.1219090609,0.1318918919,1.278371018
Tripathi'24 Whittle-Safe,8,12,8,0.885090931,0.4325165816,6.280810811,0.082645736,0.1413513514,0.5950994898
Tripathi'24 Whittle-Safe,8,12,9,0.3371942215,1.370290719,15.40945946,0.3988657038,0.08,23.99872519
Tripathi'24 Whittle-Safe,8,12,10,0.4510893652,1.043286736,9.996216216,0.289864531,0.1145945946,11.17475619
Tripathi'24 Whittle-Safe,8,12,11,0.3770521179,1.235229773,10.58216216,0.3742412365,0.1110810811,23.99343681
Tripathi'24 Whittle-Safe,8,13,0,0.931036637,0.3702883284,5.287837838,0.08346499079,0.1727027027,0.3702883284
Tripathi'24 Whittle-Safe,8,13,1,0.7159624459,0.6302691506,6.461081081,0.1725574729,0.1691891892,2.472422356
Tripathi'24 Whittle-Safe,8,13,2,0.6775674106,0.6771299559,7.033513514,0.1756877723,0.1562162162,2.12555947
Tripathi'24 Whittle-Safe,8,13,3,0.3509019354,1.320546841,10.82378378,0.3997330978,0.1005405405,23.9999194
Tripathi'24 Whittle-Safe,8,13,4,0.95,0.2764601871,4.783513514,0.05895326693,0.1772972973,0.2764601871
Tripathi'24 Whittle-Safe,8,13,5,0.7562371291,0.5830294735,5.874324324,0.1459149439,0.1683783784,1.796353682
Tripathi'24 Whittle-Safe,8,13,6,0.2357345475,1.920506701,19.65486486,0.3986349044,0.04459459459,23.99966944
Tripathi'24 Whittle-Safe,8,13,7,0.5713184825,0.8232731646,7.760540541,0.2632249064,0.1597297297,10.7869314
Tripathi'24 Whittle-Safe,8,13,8,0.95,0.2265612916,4.323783784,0.04647568117,0.1789189189,0.2265612916
Tripathi'24 Whittle-Safe,8,13,9,0.8385292043,0.488449848,5.286486486,0.1119474246,0.1740540541,0.8422492401
Tripathi'24 Whittle-Safe,8,13,10,0.9458583108,0.3469497415,4.834324324,0.06648307208,0.1594594595,0.3469497415
Tripathi'24 Whittle-Safe,8,13,11,0.3749843981,1.241568686,9.92027027,0.3996508933,0.1172972973,23.99611568
Tripathi'24 Whittle-Safe,8,14,0,0.3969158517,1.177446822,10.43108108,0.3720095499,0.1127027027,23.98553426
Tripathi'24 Whittle-Safe,8,14,1,0.64914127,0.7134614509,7.818918919,0.1727733676,0.1345945946,8.690382077
Tripathi'24 Whittle-Safe,8,14,2,0.685168137,0.6676722331,7.612972973,0.1625872114,0.1416216216,2.809050098
Tripathi'24 Whittle-Safe,8,14,3,0.2123384503,2.128067317,26.02081081,0.4003067169,0.03864864865,23.9997275
Tripathi'24 Whittle-Safe,8,14,4,0.8391928019,0.4876767217,6.046486486,0.09344940425,0.1451351351,1.139797383
Tripathi'24 Whittle-Safe,8,14,5,0.2547057577,1.782678959,17.01945946,0.3994164479,0.05594594595,23.99813484
Tripathi'24 Whittle-Safe,8,14,6,0.6450583303,0.7188179662,8.284864865,0.1843670946,0.1340540541,2.069361695
Tripathi'24 Whittle-Safe,8,14,7,0.3536782427,1.310923092,13.10459459,0.4028431232,0.09567567568,23.99984796
Tripathi'24 Whittle-Safe,8,14,8,0.3495021855,1.325454306,10.96675676,0.3954869066,0.09972972973,23.99994742
Tripathi'24 Whittle-Safe,8,14,9,0.2638904463,1.723560971,16.6972973,0.4006114688,0.05783783784,23.99858093
Tripathi'24 Whittle-Safe,8,14,10,0.8142278578,0.5165166625,6.002972973,0.09771936858,0.1435135135,0.9825833124
Tripathi'24 Whittle-Safe,8,14,11,0.4332858251,1.084128614,10.75972973,0.3369588936,0.12,21.29055933
Tripathi'24 Whittle-Safe,8,15,0,0.95,0.2609434761,4.390540541,0.05232974574,0.1735135135,0.2609434761
Tripathi'24 Whittle-Safe,8,15,1,0.6682774533,0.6888292002,6.350810811,0.1908243055,0.17,4.576584004
Tripathi'24 Whittle-Safe,8,15,2,0.3936552323,1.186565108,10.3827027,0.3999045106,0.1289189189,23.99889777
Tripathi'24 Whittle-Safe,8,15,3,0.8783623152,0.4408835581,5.311891892,0.09401543981,0.1643243243,0.7679520226
Tripathi'24 Whittle-Safe,8,15,4,0.2542081145,1.786011998,17.68675676,0.3996805229,0.05189189189,23.99977868
Tripathi'24 Whittle-Safe,8,15,5,0.6112416568,0.7647485898,6.79027027,0.2182633813,0.1681081081,4.235977437
Tripathi'24 Whittle-Safe,8,15,6,0.1961261937,2.305041448,27.24432432,0.3999558404,0.0327027027,23.99896785
Tripathi'24 Whittle-Safe,8,15,7,0.2603661895,1.74572184,16.21432432,0.400100573,0.05351351351,23.99940721
Tripathi'24 Whittle-Safe,8,15,8,0.4858854259,0.9708198352,7.738108108,0.3151228708,0.1543243243,14.82853225
Tripathi'24 Whittle-Safe,8,15,9,0.9440218225,0.349980936,4.728918919,0.07283387047,0.1737837838,0.349980936
Tripathi'24 Whittle-Safe,8,15,10,0.777121657,0.5589976316,6.337027027,0.1346126729,0.1605405405,1.671981053
Tripathi'24 Whittle-Safe,8,15,11,0.6438927182,0.7203540735,7.895135135,0.2065663978,0.157027027,2.484957029
Tripathi'24 Whittle-Safe,8,16,0,0.3932789834,1.187626136,9.698918919,0.3999411258,0.1218918919,23.99973519
Tripathi'24 Whittle-Safe,8,16,1,0.7735119064,0.5631378354,6.328108108,0.1607225822,0.1864864865,2.625894543
Tripathi'24 Whittle-Safe,8,16,2,0.901603995,0.4113518347,4.748648649,0.09205387004,0.1837837838,0.4454073388
Tripathi'24 Whittle-Safe,8,16,3,0.8416273572,0.4848363331,5.189459459,0.1102019882,0.1716216216,0.7393453325
Tripathi'24 Whittle-Safe,8,16,4,0.2260479039,2.00065631,17.22810811,0.400131262,0.04945945946,23.99969286
Tripathi'24 Whittle-Safe,8,16,5,0.7045979448,0.6439160289,5.774324324,0.1771639236,0.1805405405,4.741816751
Tripathi'24 Whittle-Safe,8,16,6,0.6624829137,0.6962092138,6.50972973,0.2026533306,0.1764864865,3.435556634
Tripathi'24 Whittle-Safe,8,16,7,0.1982197585,2.280313362,28.72189189,0.3999792897,0.03594594595,23.99979694
Tripathi'24 Whittle-Safe,8,16,8,0.7522839954,0.5876051337,5.818648649,0.1559535787,0.1843243243,3.776892406
Tripathi'24 Whittle-Safe,8,16,9,0.3841282698,1.214015836,9.365135135,0.4019376753,0.1243243243,23.9987777
Tripathi'24 Whittle-Safe,8,16,10,0.2247729528,2.011774821,22.35756757,0.4001800724,0.04324324324,23.99613493
Tripathi'24 Whittle-Safe,8,16,11,0.2144342016,2.107404393,24.46135135,0.3998372659,0.0427027027,23.99967442
Tripathi'24 Whittle-Safe,8,17,0,0.6058267012,0.772389876,6.976486486,0.2356832892,0.1694594595,4.441068388
Tripathi'24 Whittle-Safe,8,17,1,0.4606290406,1.022513998,7.917027027,0.3692104599,0.1532432432,23.97034161
Tripathi'24 Whittle-Safe,8,17,2,0.8627452041,0.4598691245,4.444864865,0.1078828108,0.1881081081,1.118429494
Tripathi'24 Whittle-Safe,8,17,3,0.95,0.2139841101,4.008918919,0.04886934407,0.1954054054,0.2139841101
Tripathi'24 Whittle-Safe,8,17,4,0.8920394043,0.4237308779,4.804864865,0.09883236423,0.1816216216,0.4949235117
Tripathi'24 Whittle-Safe,8,17,5,0.9329954481,0.3673358894,4.43972973,0.08240237518,0.192972973,0.3673358894
Tripathi'24 Whittle-Safe,8,17,6,0.2434414901,1.861711545,17.89594595,0.4000163995,0.05054054054,23.99944623
Tripathi'24 Whittle-Safe,8,17,7,0.2237143759,2.021113381,24.64918919,0.4003989482,0.03810810811,23.99966294
Tripathi'24 Whittle-Safe,8,17,8,0.7874097494,0.5472165522,5.589459459,0.1464174018,0.1878378378,3.933197254
Tripathi'24 Whittle-Safe,8,17,9,0.2072792387,2.179902851,22.71135135,0.4006307943,0.03945945946,23.99969594
Tripathi'24 Whittle-Safe,8,17,10,0.95,0.241873434,4.291621622,0.05210084511,0.1845945946,0.241873434
Tripathi'24 Whittle-Safe,8,17,11,0.5223938409,0.9032962107,7.395405405,0.301261493,0.1618918919,10.04173706
Tripathi'24 Whittle-Safe,8,18,0,0.95,0.2641897105,4.156216216,0.06247729639,0.1981081081,0.2641897105
Tripathi'24 Whittle-Safe,8,18,1,0.2298402862,1.968390267,22.16432432,0.3995300245,0.04567567568,23.99962611
Tripathi'24 Whittle-Safe,8,18,2,0.2514208534,1.804941085,18.65513514,0.4000139701,0.05108108108,23.99923841
Tripathi'24 Whittle-Safe,8,18,3,0.95,0.3377909827,4.097297297,0.07778322088,0.1967567568,0.3377909827
Tripathi'24 Whittle-Safe,8,18,4,0.8064515181,0.5254308787,5.090540541,0.1349079283,0.1894594595,1.278016151
Tripathi'24 Whittle-Safe,8,18,5,0.2889292384,1.582364629,13.58675676,0.4002954845,0.07243243243,23.99989964
Tripathi'24 Whittle-Safe,8,18,6,0.86964094,0.451552802,4.844324324,0.1171596459,0.2008108108,0.863975218
Tripathi'24 Whittle-Safe,8,18,7,0.95,0.2372894534,4.066216216,0.05553855855,0.1986486486,0.2372894534
Tripathi'24 Whittle-Safe,8,18,8,0.4229897239,1.10910177,8.768648649,0.4037729958,0.1454054054,23.9917127
Tripathi'24 Whittle-Safe,8,18,9,0.9113191376,0.3983676074,4.109189189,0.09323955352,0.1954054054,0.3983676074
Tripathi'24 Whittle-Safe,8,18,10,0.93510967,0.3641087485,4.776216216,0.08994470165,0.1986486486,0.3641087485
Tripathi'24 Whittle-Safe,8,18,11,0.8418183031,0.4846132827,5.52027027,0.1261304301,0.192972973,2.092265654
Tripathi'24 Whittle-Safe,8,19,0,0.8339118425,0.4938172966,6.232702703,0.09315796568,0.1435135135,0.8690864829
Tripathi'24 Whittle-Safe,8,19,1,0.4218873338,1.111838862,10.48459459,0.3173248212,0.1118918919,13.99194311
Tripathi'24 Whittle-Safe,8,19,2,0.3658373363,1.270411673,11.68540541,0.3849004014,0.0972972973,23.99837419
Tripathi'24 Whittle-Safe,8,19,3,0.3670076204,1.266646367,10.73459459,0.4015611322,0.1124324324,23.99829487
Tripathi'24 Whittle-Safe,8,19,4,0.481511622,0.9794527448,9.693513514,0.2702760142,0.1189189189,8.030149407
Tripathi'24 Whittle-Safe,8,19,5,0.1930715746,2.342239302,25.02783784,0.4000797943,0.03486486486,23.99903627
Tripathi'24 Whittle-Safe,8,19,6,0.2120595117,2.1308523,18.7372973,0.4002546887,0.04297297297,23.99973332
Tripathi'24 Whittle-Safe,8,19,7,0.3057773787,1.500722279,13.12648649,0.4003278079,0.07945945946,23.99790439
Tripathi'24 Whittle-Safe,8,19,8,0.5446939528,0.8655191693,8.545945946,0.2166137164,0.1297297297,5.048306709
Tripathi'24 Whittle-Safe,8,19,9,0.4653449839,1.012509865,8.895405405,0.2766614792,0.1218918919,6.150118376
Tripathi'24 Whittle-Safe,8,19,10,0.3623629999,1.281724896,11.19081081,0.3928313599,0.1002702703,23.99386736
Tripathi'24 Whittle-Safe,8,19,11,0.8770434254,0.4425090154,5.913243243,0.07725968215,0.1427027027,0.7825811388
Conservative-AoI Safe,2,0,0,0.95,0.3369544871,6.355945946,0.09452939395,0.2378378378,0.3369544871
Conservative-AoI Safe,2,0,1,0.2315765095,1.95400716,22.74540541,0.36703648,0.04216216216,23.99862288
Conservative-AoI Safe,2,0,2,0.95,0.2191119648,6.571621622,0.06271339748,0.2310810811,0.2191119648
Conservative-AoI Safe,2,0,3,0.8081176242,0.5235225351,8.426486486,0.1420585474,0.1981081081,1.758747886
Conservative-AoI Safe,2,0,4,0.6281327393,0.7414402559,12.61351351,0.1871635673,0.1232432432,8.01888691
Conservative-AoI Safe,2,0,5,0.795200025,0.5383055036,8.058378378,0.1566905479,0.1908108108,3.166110072
Conservative-AoI Safe,2,0,6,0.3394136806,1.361973486,17.33027027,0.337548564,0.06513513514,23.20288643
Conservative-AoI Safe,2,0,7,0.9476946562,0.3438720469,7.416216216,0.09070786966,0.2164864865,0.3438720469
Conservative-AoI Safe,2,0,8,0.5005847781,0.9427001774,14.46054054,0.2382228827,0.09648648649,12.91020461
Conservative-AoI Safe,2,0,9,0.95,0.2738400263,6.663513514,0.07127241765,0.2283783784,0.2738400263
Conservative-AoI Safe,2,0,10,0.23436609,1.931388168,20.82459459,0.377403688,0.04648648649,23.99858589
Conservative-AoI Safe,2,0,11,0.2528380647,1.795260579,18.90162162,0.3779751327,0.05432432432,23.96397328
Conservative-AoI Safe,2,1,0,0.5605092249,0.8400796556,11.44567568,0.2415796631,0.1227027027,9.761911735
Conservative-AoI Safe,2,1,1,0.2181252996,2.072097608,26.04216216,0.3785778333,0.04297297297,23.97922108
Conservative-AoI Safe,2,1,2,0.2316669551,1.953264399,25.39783784,0.3705923265,0.03648648649,23.98487437
Conservative-AoI Safe,2,1,3,0.3707979081,1.254604531,16.53189189,0.3190764496,0.07864864865,23.92892686
Conservative-AoI Safe,2,1,4,0.95,0.2976063768,5.558648649,0.0909710303,0.2656756757,0.2976063768
Conservative-AoI Safe,2,1,5,0.95,0.2276934429,5.213513514,0.07452344849,0.2832432432,0.2276934429
Conservative-AoI Safe,2,1,6,0.2020086086,2.237061952,32.25054054,0.3821143659,0.02783783784,23.98800058
Conservative-AoI Safe,2,1,7,0.95,0.2579608484,5.98972973,0.07920095237,0.2705405405,0.2579608484
Conservative-AoI Safe,2,1,8,0.325972712,1.414030367,16.83351351,0.3470106954,0.06864864865,23.91912357
Conservative-AoI Safe,2,1,9,0.8362721814,0.4910760745,7.91972973,0.1459955897,0.2148648649,1.583988969
Conservative-AoI Safe,2,1,10,0.2993435181,1.530799061,16.53081081,0.3578759966,0.07,23.90876618
Conservative-AoI Safe,2,1,11,0.2334007936,1.939147999,23.70702703,0.3846850354,0.04405405405,23.9926919
Conservative-AoI Safe,2,2,0,0.2983974043,1.535332493,18.08027027,0.3473171072,0.05432432432,23.95723919
Conservative-AoI Safe,2,2,1,0.4720337023,0.9986066978,11.9672973,0.2558592296,0.1105405405,11.37074065
Conservative-AoI Safe,2,2,2,0.7619171253,0.5764720931,8.613783784,0.1579845142,0.1840540541,3.047081397
Conservative-AoI Safe,2,2,3,0.95,0.328976203,6.269459459,0.09558092384,0.24,0.328976203
Conservative-AoI Safe,2,2,4,0.6042558466,0.7746227687,12.50459459,0.206007785,0.1213513514,7.143209836
Conservative-AoI Safe,2,2,5,0.7527600943,0.5870535051,8.781081081,0.1659616125,0.1751351351,3.954016597
Conservative-AoI Safe,2,2,6,0.6803453125,0.6736618433,9.398378378,0.1744237962,0.1545945946,4.778589493
Conservative-AoI Safe,2,2,7,0.2438339011,1.858825842,22.42432432,0.3652341587,0.04378378378,23.97671341
Conservative-AoI Safe,2,2,8,0.7053294905,0.6430324214,10.09,0.1732711687,0.1575675676,4.531551164
Conservative-AoI Safe,2,2,9,0.1925045361,2.34929577,24.79243243,0.3841416056,0.03432432432,23.98873199
Conservative-AoI Safe,2,2,10,0.95,0.2710575607,6.255405405,0.07743455179,0.2445945946,0.2710575607
Conservative-AoI Safe,2,2,11,0.2931742638,1.560894842,20.53891892,0.3594276771,0.05594594595,23.99901395
Conservative-AoI Safe,2,3,0,0.2469621281,1.836175919,18.75054054,0.3880782617,0.05702702703,23.99587021
Conservative-AoI Safe,2,3,1,0.8215561338,0.5080937316,7.025945946,0.1559985079,0.2175675676,2.669968363
Conservative-AoI Safe,2,3,2,0.8932287906,0.4222105672,6.257027027,0.1347650486,0.2648648649,0.5998951051
Conservative-AoI Safe,2,3,3,0.3220866759,1.429873819,15.56891892,0.3752452644,0.07378378378,23.99902226
Conservative-AoI Safe,2,3,4,0.225348274,2.006740312,24.56216216,0.3812806592,0.04216216216,23.98419776
Conservative-AoI Safe,2,3,5,0.2465631425,1.839030251,24.25675676,0.3628356981,0.04135135135,23.9956318
Conservative-AoI Safe,2,3,6,0.4834834838,0.9755450403,12.98081081,0.2763165411,0.1172972973,16.89516649
Conservative-AoI Safe,2,3,7,0.2778755806,1.641436133,19.06918919,0.3699885769,0.05837837838,23.99058221
Conservative-AoI Safe,2,3,8,0.2645088005,1.719737046,19.78594595,0.3885676136,0.0572972973,23.98685229
Conservative-AoI Safe,2,3,9,0.3014458345,1.520828652,21.40324324,0.3571892159,0.05702702703,23.99540734
Conservative-AoI Safe,2,3,10,0.9387067142,0.3585144156,5.90027027,0.1119146351,0.2572972973,0.3585144156
Conservative-AoI Safe,2,3,11,0.2969367479,1.542388958,17.89810811,0.356416908,0.06675675676,23.97050438
Conservative-AoI Safe,2,4,0,0.662118963,0.6966749552,9.096756757,0.2012825749,0.1605405405,5.133499104
Conservative-AoI Safe,2,4,1,0.6741961796,0.6813572012,9.642702703,0.1924373717,0.1613513514,5.227144024
Conservative-AoI Safe,2,4,2,0.3640876,1.27608378,16.17783784,0.3055703323,0.07891891892,21.89985389
Conservative-AoI Safe,2,4,3,0.2460798207,1.842501298,21.26972973,0.3675043129,0.04756756757,23.99257917
Conservative-AoI Safe,2,4,4,0.2372011855,1.908996959,23.25675676,0.3652891478,0.04378378378,23.9979331
Conservative-AoI Safe,2,4,5,0.4128728207,1.13470463,14.04648649,0.3125037888,0.09243243243,18.36761576
Conservative-AoI Safe,2,4,6,0.5024050881,0.9393093506,13.23135135,0.2558983312,0.1118918919,10.12549636
Conservative-AoI Safe,2,4,7,0.4159209977,1.126874486,15.58351351,0.2716681194,0.08351351351,22.81246917
Conservative-AoI Safe,2,4,8,0.2309431598,1.959226317,22.55945946,0.3770186859,0.04459459459,23.98661588
Conservative-AoI Safe,2,4,9,0.4380235493,1.072981387,16.24108108,0.2752052261,0.0872972973,17.89751607
Conservative-AoI Safe,2,4,10,0.7287104513,0.6151471375,8.935135135,0.1744025263,0.1659459459,3.8423542
Conservative-AoI Safe,2,4,11,0.5641011845,0.8344446437,10.75,0.2311637189,0.1324324324,10.89556074
Conservative-AoI Safe,2,5,0,0.9411489522,0.3546353857,6.998378378,0.1000646872,0.2367567568,0.3546353857
Conservative-AoI Safe,2,5,1,0.4821824971,0.9781203331,14.97189189,0.245058797,0.09945945946,11.20924899
Conservative-AoI Safe,2,5,2,0.3825098869,1.218803669,14.14594595,0.3063479493,0.08459459459,23.77266785
Conservative-AoI Safe,2,5,3,0.7544254172,0.5851252029,8.74972973,0.1646257665,0.1810810811,3.362003246
Conservative-AoI Safe,2,5,4,0.3523107703,1.315645181,16.47135135,0.3203773805,0.07891891892,23.92645301
Conservative-AoI Safe,2,5,5,0.8677360717,0.4538598372,8.235945946,0.1227874857,0.2,0.7770188607
Conservative-AoI Safe,2,5,6,0.95,0.2241414152,6.41,0.06475869538,0.2413513514,0.2241414152
Conservative-AoI Safe,2,5,7,0.2189202535,2.064668323,21.68891892,0.3749884089,0.03864864865,23.94004968
Conservative-AoI Safe,2,5,8,0.8265150398,0.5023771293,8.312972973,0.143109593,0.1908108108,1.83327981
Conservative-AoI Safe,2,5,9,0.3376263363,1.368663091,17.59864865,0.3436454086,0.06864864865,23.98524038
Conservative-AoI Safe,2,5,10,0.2625732011,1.731770293,21.83324324,0.3412055523,0.04405405405,23.97186527
Conservative-AoI Safe,2,5,11,0.2699141276,1.687095206,19.23648649,0.3661452568,0.05837837838,23.99342604
Conservative-AoI Safe,2,6,0,0.6600953202,0.6992694381,11.26135135,0.1774632439,0.1243243243,5.18831101
Conservative-AoI Safe,2,6,1,0.4082536129,1.146768836,18.32621622,0.2625170823,0.06864864865,14.77568324
Conservative-AoI Safe,2,6,2,0.95,0.2551559305,6.607837838,0.06792664637,0.2281081081,0.2551559305
Conservative-AoI Safe,2,6,3,0.8542797728,0.4699577518,8.022432432,0.1271426242,0.2027027027,1.239493021
Conservative-AoI Safe,2,6,4,0.5796663152,0.8105930222,13.33405405,0.1910370582,0.1102702703,7.7906744
Conservative-AoI Safe,2,6,5,0.95,0.2156180293,6.572432432,0.05909099505,0.2272972973,0.2156180293
Conservative-AoI Safe,2,6,6,0.7238759829,0.6208604762,11.43675676,0.1416233086,0.1378378378,3.492046667
Conservative-AoI Safe,2,6,7,0.298421524,1.535216558,19.57162162,0.3282044048,0.05702702703,23.21431201
Conservative-AoI Safe,2,6,8,0.95,0.2628816135,5.820810811,0.07033859388,0.2324324324,0.2628816135
Conservative-AoI Safe,2,6,9,0.3698913443,1.257463669,19.01891892,0.2847985282,0.06486486486,23.4388374
Conservative-AoI Safe,2,6,10,0.95,0.2571157349,6.227567568,0.0708110632,0.2340540541,0.2571157349
Conservative-AoI Safe,2,6,11,0.5870736138,0.7995478023,11.75432432,0.2074502406,0.1262162162,7.19231264
Conservative-AoI Safe,2,7,0,0.95,0.2129344738,6.791351351,0.0572621085,0.2245945946,0.2129344738
Conservative-AoI Safe,2,7,1,0.8194645516,0.5105004868,7.461081081,0.1361794542,0.1924324324,1.947006816
Conservative-AoI Safe,2,7,2,0.5139536145,0.9182376412,13.40567568,0.2397344761,0.1021621622,14.70184216
Conservative-AoI Safe,2,7,3,0.1957148488,2.309972111,34.53081081,0.3783359727,0.03216216216,23.98863342
Conservative-AoI Safe,2,7,4,0.2668165055,1.705631049,19.39108108,0.3420481725,0.05189189189,23.90135888
Conservative-AoI Safe,2,7,5,0.95,0.2143947682,6.917567568,0.0582342546,0.2275675676,0.2143947682
Conservative-AoI Safe,2,7,6,0.9166527097,0.3910280632,7.01,0.1090651247,0.2264864865,0.3910280632
Conservative-AoI Safe,2,7,7,0.2817874583,1.619983796,20.90459459,0.3423857645,0.05594594595,23.89943287
Conservative-AoI Safe,2,7,8,0.4060368001,1.152645744,14.95540541,0.2809963408,0.08783783784,23.75318401
Conservative-AoI Safe,2,7,9,0.95,0.2643493157,6.402702703,0.07308901349,0.2310810811,0.2643493157
Conservative-AoI Safe,2,7,10,0.95,0.2202876177,6.202162162,0.06102562383,0.2378378378,0.2202876177
Conservative-AoI Safe,2,7,11,0.8957240492,0.4190042049,7.173513514,0.117207933,0.2183783784,0.6090462544
Conservative-AoI Safe,2,8,0,0.924502767,0.3798996382,6.420540541,0.1069879522,0.2310810811,0.3798996382
Conservative-AoI Safe,2,8,1,0.7675714746,0.5699618165,8.626216216,0.1594352649,0.1727027027,3.059312698
Conservative-AoI Safe,2,8,2,0.2938168902,1.557699888,21.99891892,0.3553239745,0.05108108108,23.93099665
Conservative-AoI Safe,2,8,3,0.223720696,2.021057334,24.29567568,0.3670677104,0.04108108108,23.97903202
Conservative-AoI Safe,2,8,4,0.8564804989,0.4673466129,7.775945946,0.1259309657,0.2027027027,1.275505967
Conservative-AoI Safe,2,8,5,0.95,0.2347890628,6.471891892,0.06694661116,0.2391891892,0.2347890628
Conservative-AoI Safe,2,8,6,0.4732619221,0.9960890923,14.11864865,0.2444456475,0.09648648649,15.89049459
Conservative-AoI Safe,2,8,7,0.198994158,2.271318822,28.71675676,0.3885796795,0.03135135135,23.9985915
Conservative-AoI Safe,2,8,8,0.3554966144,1.304697623,16.89135135,0.3057223889,0.06783783784,17.58925483
Conservative-AoI Safe,2,8,9,0.365156396,1.272612991,19.30243243,0.3016436737,0.06783783784,23.96055074
Conservative-AoI Safe,2,8,10,0.95,0.2590903055,5.892972973,0.07576640824,0.2494594595,0.2590903055
Conservative-AoI Safe,2,8,11,0.8950142286,0.4199186836,6.626756757,0.1234787913,0.2289189189,0.6987802543
Conservative-AoI Safe,2,9,0,0.3257577326,1.414897118,19.20837838,0.3208374816,0.0572972973,23.95563771
Conservative-AoI Safe,2,9,1,0.6871221964,0.6652565043,9.915405405,0.1877102136,0.1627027027,6.766156103
Conservative-AoI Safe,2,9,2,0.2523803769,1.798374164,24.42918919,0.3577306446,0.0372972973,23.95122493
Conservative-AoI Safe,2,9,3,0.1963495047,2.302374716,28.35864865,0.388914648,0.03243243243,23.9920901
Conservative-AoI Safe,2,9,4,0.5437054116,0.8671448273,12.96,0.2355352842,0.1064864865,9.275751719
Conservative-AoI Safe,2,9,5,0.2493362779,1.819394726,23.52135135,0.3801059793,0.04297297297,23.98789452
Conservative-AoI Safe,2,9,6,0.95,0.209506079,5.487297297,0.06307831675,0.2643243243,0.209506079
Conservative-AoI Safe,2,9,7,0.4363495231,1.076896197,12.78108108,0.2869782838,0.1013513514,16.33722505
Conservative-AoI Safe,2,9,8,0.95,0.2790122724,6.146486486,0.08189387238,0.2459459459,0.2790122724
Conservative-AoI Safe,2,9,9,0.6652629851,0.6926602831,9.669189189,0.201994715,0.1559459459,4.682564529
Conservative-AoI Safe,2,9,10,0.95,0.247425482,5.71027027,0.07549820788,0.2659459459,0.247425482
Conservative-AoI Safe,2,9,11,0.2127973752,2.123503268,25.26810811,0.3925611447,0.03513513514,23.98713727
Conservative-AoI Safe,2,10,0,0.2210551088,2.045012567,21.61486486,0.3879996816,0.04945945946,23.97543983
Conservative-AoI Safe,2,10,1,0.5230742899,0.9021077578,14.81648649,0.2552721142,0.1021621622,11.65058619
Conservative-AoI Safe,2,10,2,0.4621770162,1.019211399,14.58378378,0.2779417032,0.1040540541,14.24186218
Conservative-AoI Safe,2,10,3,0.8877431859,0.4291816563,6.783513514,0.1357141994,0.2632432432,0.7501798756
Conservative-AoI Safe,2,10,4,0.3493760462,1.325898395,19.90135135,0.3164238601,0.0672972973,23.88698923
Conservative-AoI Safe,2,10,5,0.4491418585,1.047619095,12.55594595,0.3151351493,0.1110810811,18.0571447
Conservative-AoI Safe,2,10,6,0.5565464418,0.8463561798,11.41324324,0.2436133328,0.1345945946,10.72975393
Conservative-AoI Safe,2,10,7,0.34857734,1.328717478,16.91648649,0.3447483187,0.07432432432,23.99024183
Conservative-AoI Safe,2,10,8,0.2223217792,2.03354937,22.97378378,0.3852751645,0.04162162162,23.99755995
Conservative-AoI Safe,2,10,9,0.6900300697,0.6616731043,9.118648649,0.1986807619,0.1718918919,5.495135191
Conservative-AoI Safe,2,10,10,0.2104662511,2.146920017,25.23594595,0.3905073436,0.0372972973,23.99908082
Conservative-AoI Safe,2,10,11,0.2177243916,2.075867389,32.46243243,0.3736561301,0.03189189189,23.99321517
Conservative-AoI Safe,2,11,0,0.95,0.3358641596,6.349189189,0.09694673581,0.2497297297,0.3358641596
Conservative-AoI Safe,2,11,1,0.2935060875,1.559243329,18.49918919,0.3480905377,0.06459459459,23.99535639
Conservative-AoI Safe,2,11,2,0.6227889451,0.7487311135,10.40432432,0.2080258337,0.1610810811,5.867008951
Conservative-AoI Safe,2,11,3,0.4312530983,1.088976442,14.4072973,0.2816622852,0.08648648649,16.93543462
Conservative-AoI Safe,2,11,4,0.6153269509,0.7590395275,12.37972973,0.1918113401,0.1272972973,7.939830077
Conservative-AoI Safe,2,11,5,0.4183303984,1.120756955,17.86918919,0.2880648281,0.0772972973,18.74346559
Conservative-AoI Safe,2,11,6,0.9434799305,0.3508668233,6.285135135,0.1047859026,0.2386486486,0.3508668233
Conservative-AoI Safe,2,11,7,0.4987828682,0.9460759936,14.85783784,0.2385645681,0.1,13.65189984
Conservative-AoI Safe,2,11,8,0.6260188518,0.7443154627,12.22,0.1878893627,0.1367567568,6.597678329
Conservative-AoI Safe,2,11,9,0.4351735249,1.079661914,14.10054054,0.2888825122,0.09594594595,18.6305336
Conservative-AoI Safe,2,11,10,0.2492611008,1.819920828,20.43324324,0.3748053164,0.04756756757,23.9585749
Conservative-AoI Safe,2,11,11,0.2092716103,2.159149808,32.33324324,0.3565514953,0.02864864865,23.98724712
Conservative-AoI Safe,2,12,0,0.2277146089,1.986329388,20.6272973,0.3790131211,0.04864864865,23.9934339
Conservative-AoI Safe,2,12,1,0.9318683167,0.369039043,6.061081081,0.1071210628,0.2467567568,0.369039043
Conservative-AoI Safe,2,12,2,0.4490225566,1.047885528,13.97324324,0.2968064956,0.09837837838,23.95484878
Conservative-AoI Safe,2,12,3,0.364868936,1.273544601,16.49486486,0.3132231317,0.07702702703,19.58570423
Conservative-AoI Safe,2,12,4,0.3264467419,1.412123145,16.57081081,0.330513147,0.07108108108,23.951635
Conservative-AoI Safe,2,12,5,0.2532754659,1.792296255,20.75189189,0.36717853,0.04513513514,23.99199887
Conservative-AoI Safe,2,12,6,0.5108922966,0.9237509324,12.16675676,0.2439201786,0.1140540541,11.39876958
Conservative-AoI Safe,2,12,7,0.7249468559,0.6195927545,9.269459459,0.1672900437,0.1735135135,4.172262336
Conservative-AoI Safe,2,12,8,0.885090931,0.4325165816,7.161351351,0.1251960159,0.2148648649,0.8552321429
Conservative-AoI Safe,2,12,9,0.3371942215,1.370290719,17.57513514,0.3185000049,0.06243243243,23.07686169
Conservative-AoI Safe,2,12,10,0.4510893652,1.043286736,14.81351351,0.2549003269,0.08648648649,16.48216841
Conservative-AoI Safe,2,12,11,0.3770521179,1.235229773,15.99162162,0.3094751349,0.07945945946,23.87965045
Conservative-AoI Safe,2,13,0,0.931036637,0.3702883284,7.879459459,0.09597473161,0.1975675676,0.3702883284
Conservative-AoI Safe,2,13,1,0.7159624459,0.6302691506,9.762972973,0.1640403222,0.1510810811,3.85403726
Conservative-AoI Safe,2,13,2,0.6775674106,0.6771299559,11.44405405,0.1625111894,0.1389189189,5.388339205
Conservative-AoI Safe,2,13,3,0.3509019354,1.320546841,18.73027027,0.2876650686,0.06648648649,18.0985926
Conservative-AoI Safe,2,13,4,0.95,0.2764601871,6.621351351,0.07733413342,0.2302702703,0.2764601871
Conservative-AoI Safe,2,13,5,0.7562371291,0.5830294735,8.99972973,0.1528482674,0.1662162162,3.66058947
Conservative-AoI Safe,2,13,6,0.2357345475,1.920506701,23.9972973,0.3581485469,0.04,23.96104276
Conservative-AoI Safe,2,13,7,0.5713184825,0.8232731646,11.87837838,0.2220612482,0.1197297297,8.958555951
Conservative-AoI Safe,2,13,8,0.95,0.2265612916,5.847027027,0.06545784344,0.2478378378,0.2265612916
Conservative-AoI Safe,2,13,9,0.8385292043,0.488449848,8.09972973,0.1338616611,0.2051351351,1.372948328
Conservative-AoI Safe,2,13,10,0.9458583108,0.3469497415,7.454054054,0.08345547835,0.2075675676,0.3469497415
Conservative-AoI Safe,2,13,11,0.3749843981,1.241568686,16.2327027,0.2744873474,0.07243243243,16.51451109
Conservative-AoI Safe,2,14,0,0.3969158517,1.177446822,13.67567568,0.3105913778,0.09027027027,22.38808558
Conservative-AoI Safe,2,14,1,0.64914127,0.7134614509,10.85972973,0.2072894756,0.1445945946,8.484612233
Conservative-AoI Safe,2,14,2,0.685168137,0.6676722331,10.00189189,0.1869482253,0.1454054054,6.021116895
Conservative-AoI Safe,2,14,3,0.2123384503,2.128067317,23.82864865,0.3870781903,0.04,23.99261653
Conservative-AoI Safe,2,14,4,0.8391928019,0.4876767217,7.805945946,0.14261249,0.207027027,2.065857713
Conservative-AoI Safe,2,14,5,0.2547057577,1.782678959,22.73594595,0.3618356482,0.04945945946,23.98452285
Conservative-AoI Safe,2,14,6,0.6450583303,0.7188179662,11.02675676,0.2037946072,0.1354054054,6.68926712
Conservative-AoI Safe,2,14,7,0.3536782427,1.310923092,20.14486486,0.3082440784,0.06108108108,23.87553954
Conservative-AoI Safe,2,14,8,0.3495021855,1.325454306,18.17243243,0.3123773392,0.06783783784,23.86544642
Conservative-AoI Safe,2,14,9,0.2638904463,1.723560971,22.47405405,0.352631258,0.04756756757,23.94351182
Conservative-AoI Safe,2,14,10,0.8142278578,0.5165166625,7.616486486,0.1443454673,0.2072972973,1.681683287
Conservative-AoI Safe,2,14,11,0.4332858251,1.084128614,14.54783784,0.2710321536,0.09189189189,16.30321536
Conservative-AoI Safe,2,15,0,0.95,0.2609434761,6.078648649,0.07320522382,0.2413513514,0.2609434761
Conservative-AoI Safe,2,15,1,0.6682774533,0.6888292002,8.871621622,0.1999466381,0.1781081081,4.443608803
Conservative-AoI Safe,2,15,2,0.3936552323,1.186565108,14.90810811,0.2950378106,0.08918918919,20.43725791
Conservative-AoI Safe,2,15,3,0.8783623152,0.4408835581,8.012162162,0.1177278258,0.2072972973,0.8497191387
Conservative-AoI Safe,2,15,4,0.2542081145,1.786011998,20.45891892,0.3707181662,0.0527027027,23.97053993
Conservative-AoI Safe,2,15,5,0.6112416568,0.7647485898,9.573243243,0.2155764268,0.1556756757,9.883463335
Conservative-AoI Safe,2,15,6,0.1961261937,2.305041448,38.98162162,0.3731675208,0.02675675676,23.99157501
Conservative-AoI Safe,2,15,7,0.2603661895,1.74572184,20.68405405,0.3722633869,0.05540540541,23.99517707
Conservative-AoI Safe,2,15,8,0.4858854259,0.9708198352,12.03513514,0.2613342043,0.1154054054,10.2163967
Conservative-AoI Safe,2,15,9,0.9440218225,0.349980936,6.601351351,0.09610287325,0.2305405405,0.349980936
Conservative-AoI Safe,2,15,10,0.777121657,0.5589976316,9.618378378,0.1430731776,0.162972973,2.461957369
Conservative-AoI Safe,2,15,11,0.6438927182,0.7203540735,11.67540541,0.1795044475,0.1308108108,5.366373324
Conservative-AoI Safe,2,16,0,0.3932789834,1.187626136,17.98,0.2901659532,0.07459459459,19.4719602
Conservative-AoI Safe,2,16,1,0.7735119064,0.5631378354,8.705675676,0.1744205296,0.1897297297,3.989032379
Conservative-AoI Safe,2,16,2,0.901603995,0.4113518347,6.399459459,0.1229608457,0.2421621622,0.5362220164
Conservative-AoI Safe,2,16,3,0.8416273572,0.4848363331,7.601081081,0.1310368468,0.2035135135,1.75738133
Conservative-AoI Safe,2,16,4,0.2260479039,2.00065631,19.9927027,0.3741768018,0.04297297297,23.72076106
Conservative-AoI Safe,2,16,5,0.7045979448,0.6439160289,8.282162162,0.1844732407,0.1821621622,3.258740433
Conservative-AoI Safe,2,16,6,0.6624829137,0.6962092138,9.48972973,0.205663965,0.1648648649,6.027975062
Conservative-AoI Safe,2,16,7,0.1982197585,2.280313362,28.25351351,0.390734776,0.03135135135,23.99666332
Conservative-AoI Safe,2,16,8,0.7522839954,0.5876051337,7.955135135,0.1756462913,0.2045945946,3.86533861
Conservative-AoI Safe,2,16,9,0.3841282698,1.214015836,14.30810811,0.323846927,0.09189189189,19.63449091
Conservative-AoI Safe,2,16,10,0.2247729528,2.011774821,27.45081081,0.3719064804,0.04054054054,23.98856908
Conservative-AoI Safe,2,16,11,0.2144342016,2.107404393,21.91,0.3918633033,0.04459459459,23.99902325
Conservative-AoI Safe,2,17,0,0.6058267012,0.772389876,12.87108108,0.1962287793,0.1245945946,7.103017768
Conservative-AoI Safe,2,17,1,0.4606290406,1.022513998,14.66378378,0.2354545747,0.09405405405,9.737709971
Conservative-AoI Safe,2,17,2,0.8627452041,0.4598691245,6.297837838,0.1306276892,0.2291891892,0.9388221208
Conservative-AoI Safe,2,17,3,0.95,0.2139841101,5.348378378,0.06627724059,0.2594594595,0.2139841101
Conservative-AoI Safe,2,17,4,0.8920394043,0.4237308779,7.214594595,0.1196753426,0.2191891892,0.7085014131
Conservative-AoI Safe,2,17,5,0.9329954481,0.3673358894,6.576216216,0.1038468487,0.2386486486,0.3673358894
Conservative-AoI Safe,2,17,6,0.2434414901,1.861711545,21.72810811,0.365297995,0.0472972973,23.98376976
Conservative-AoI Safe,2,17,7,0.2237143759,2.021113381,28.75675676,0.3414042873,0.03,23.98234934
Conservative-AoI Safe,2,17,8,0.7874097494,0.5472165522,8.583513514,0.1536643237,0.1886486486,2.355464836
Conservative-AoI Safe,2,17,9,0.2072792387,2.179902851,28.83756757,0.3729401365,0.03081081081,23.99417108
Conservative-AoI Safe,2,17,10,0.95,0.241873434,6.647567568,0.06569805437,0.2308108108,0.241873434
Conservative-AoI Safe,2,17,11,0.5223938409,0.9032962107,13.70702703,0.2421810381,0.1078378378,11.58899769
Conservative-AoI Safe,2,18,0,0.95,0.2641897105,6.495675676,0.07368750843,0.2343243243,0.2641897105
Conservative-AoI Safe,2,18,1,0.2298402862,1.968390267,23.91459459,0.3729301561,0.04027027027,23.9867338
Conservative-AoI Safe,2,18,2,0.2514208534,1.804941085,21.05972973,0.3487926691,0.04594594595,23.92352712
Conservative-AoI Safe,2,18,3,0.95,0.3377909827,6.401351351,0.09339464197,0.2337837838,0.3377909827
Conservative-AoI Safe,2,18,4,0.8064515181,0.5254308787,9.140810811,0.1374640785,0.1827027027,2.030601423
Conservative-AoI Safe,2,18,5,0.2889292384,1.582364629,19.93810811,0.3275922448,0.05513513514,22.82965721
Conservative-AoI Safe,2,18,6,0.86964094,0.451552802,7.624054054,0.1236278347,0.1959459459,1.121739228
Conservative-AoI Safe,2,18,7,0.95,0.2372894534,6.391621622,0.0666334438,0.2332432432,0.2372894534
Conservative-AoI Safe,2,18,8,0.4229897239,1.10910177,17.25783784,0.2628870953,0.07837837838,13.5457478
Conservative-AoI Safe,2,18,9,0.9113191376,0.3983676074,6.696486486,0.1051905817,0.2205405405,0.3983676074
Conservative-AoI Safe,2,18,10,0.93510967,0.3641087485,7.231891892,0.09870299317,0.2175675676,0.3641087485
Conservative-AoI Safe,2,18,11,0.8418183031,0.4846132827,8.567297297,0.129142891,0.1978378378,1.33074611
Conservative-AoI Safe,2,19,0,0.8339118425,0.4938172966,6.972162162,0.1516152565,0.2208108108,1.713442152
Conservative-AoI Safe,2,19,1,0.4218873338,1.111838862,16.05972973,0.264136854,0.08243243243,17.0221706
Conservative-AoI Safe,2,19,2,0.3658373363,1.270411673,17.81216216,0.3169162092,0.07135135135,23.65540386
Conservative-AoI Safe,2,19,3,0.3670076204,1.266646367,14.57243243,0.3324090873,0.08594594595,21.19926923
Conservative-AoI Safe,2,19,4,0.481511622,0.9794527448,14.18,0.2543929967,0.1010810811,12.88631862
Conservative-AoI Safe,2,19,5,0.1930715746,2.342239302,26.47,0.3836208155,0.03432432432,23.98423767
Conservative-AoI Safe,2,19,6,0.2120595117,2.1308523,27.12324324,0.3818256959,0.03432432432,23.99375297
Conservative-AoI Safe,2,19,7,0.3057773787,1.500722279,17.93675676,0.3601733469,0.06189189189,23.9989522
Conservative-AoI Safe,2,19,8,0.5446939528,0.8655191693,11.2372973,0.2556790411,0.1337837838,12.03797923
Conservative-AoI Safe,2,19,9,0.4653449839,1.012509865,11.50810811,0.2813135516,0.1094594595,15.73776635
Conservative-AoI Safe,2,19,10,0.3623629999,1.281724896,15.85243243,0.3141958055,0.07432432432,17.8796726
Conservative-AoI Safe,2,19,11,0.8770434254,0.4425090154,6.886756757,0.1249788976,0.2254054054,0.8250901542
Conservative-AoI Safe,4,0,0,0.95,0.3369544871,8.066486486,0.09635076956,0.2413513514,0.3369544871
Conservative-AoI Safe,4,0,1,0.2315765095,1.95400716,27.45783784,0.3443277481,0.03621621622,23.97212887
Conservative-AoI Safe,4,0,2,0.95,0.2191119648,8.523243243,0.06484529768,0.2397297297,0.2191119648
Conservative-AoI Safe,4,0,3,0.8081176242,0.5235225351,10.14486486,0.1504066094,0.2097297297,2.376360562
Conservative-AoI Safe,4,0,4,0.6281327393,0.7414402559,14.07621622,0.1883659029,0.1321621622,7.91168563
Conservative-AoI Safe,4,0,5,0.795200025,0.5383055036,10.2,0.1552356682,0.1935135135,4.549165108
Conservative-AoI Safe,4,0,6,0.3394136806,1.361973486,19.08783784,0.3114133971,0.06621621622,19.40144321
Conservative-AoI Safe,4,0,7,0.9476946562,0.3438720469,8.603513514,0.09433246691,0.2286486486,0.3438720469
Conservative-AoI Safe,4,0,8,0.5005847781,0.9427001774,16.08351351,0.2313437192,0.1035135135,14.93830515
Conservative-AoI Safe,4,0,9,0.95,0.2738400263,8.036756757,0.07497295855,0.2378378378,0.2738400263
Conservative-AoI Safe,4,0,10,0.23436609,1.931388168,24.41783784,0.3544358287,0.04486486486,23.97524391
Conservative-AoI Safe,4,0,11,0.2528380647,1.795260579,23.76540541,0.3706970493,0.05459459459,23.95828954
Conservative-AoI Safe,4,1,0,0.5605092249,0.8400796556,13.84162162,0.2336329637,0.1272972973,9.641672768
Conservative-AoI Safe,4,1,1,0.2181252996,2.072097608,27.19351351,0.3729775695,0.04189189189,23.98614739
Conservative-AoI Safe,4,1,2,0.2316669551,1.953264399,29.84486486,0.3531713197,0.03702702703,23.99722263
Conservative-AoI Safe,4,1,3,0.3707979081,1.254604531,20.29837838,0.3170419558,0.08108108108,23.9835314
Conservative-AoI Safe,4,1,4,0.95,0.2976063768,7.412702703,0.09523404056,0.2745945946,0.2976063768
Conservative-AoI Safe,4,1,5,0.95,0.2276934429,6.061351351,0.07796961952,0.3005405405,0.2276934429
Conservative-AoI Safe,4,1,6,0.2020086086,2.237061952,34.75135135,0.3803005319,0.03054054054,23.98598247
Conservative-AoI Safe,4,1,7,0.95,0.2579608484,7.735945946,0.07843404174,0.2645945946,0.2579608484
Conservative-AoI Safe,4,1,8,0.325972712,1.414030367,20.44810811,0.3515967399,0.07081081081,23.96809531
Conservative-AoI Safe,4,1,9,0.8362721814,0.4910760745,9.675135135,0.1462610363,0.2178378378,1.766141118
Conservative-AoI Safe,4,1,10,0.2993435181,1.530799061,19.85162162,0.3533249723,0.06702702703,23.9947239
Conservative-AoI Safe,4,1,11,0.2334007936,1.939147999,26.15081081,0.3773477187,0.04540540541,23.99188396
Conservative-AoI Safe,4,2,0,0.2983974043,1.535332493,22.57108108,0.3203450499,0.05621621622,23.10664986
Conservative-AoI Safe,4,2,1,0.4720337023,0.9986066978,14.06243243,0.249111887,0.1216216216,10.96516744
Conservative-AoI Safe,4,2,2,0.7619171253,0.5764720931,10.58378378,0.1663978907,0.1913513514,3.400025583
Conservative-AoI Safe,4,2,3,0.95,0.328976203,7.47027027,0.09967089825,0.2486486486,0.328976203
Conservative-AoI Safe,4,2,4,0.6042558466,0.7746227687,12.75675676,0.2074732875,0.1337837838,8.267078142
Conservative-AoI Safe,4,2,5,0.7527600943,0.5870535051,10.29864865,0.1653269601,0.1764864865,3.205802577
Conservative-AoI Safe,4,2,6,0.6803453125,0.6736618433,11.39162162,0.1846197592,0.1718918919,5.599575023
Conservative-AoI Safe,4,2,7,0.2438339011,1.858825842,27.14513514,0.3501625978,0.04027027027,23.97651684
Conservative-AoI Safe,4,2,8,0.7053294905,0.6430324214,12.18162162,0.1718808283,0.1551351351,4.961875378
Conservative-AoI Safe,4,2,9,0.1925045361,2.34929577,28.83351351,0.366998096,0.03297297297,23.98873232
Conservative-AoI Safe,4,2,10,0.95,0.2710575607,7.591621622,0.0805114214,0.2562162162,0.2710575607
Conservative-AoI Safe,4,2,11,0.2931742638,1.560894842,21.79378378,0.3400219574,0.06054054054,23.97548019
Conservative-AoI Safe,4,3,0,0.2469621281,1.836175919,23.63621622,0.3702127663,0.04891891892,23.97262001
Conservative-AoI Safe,4,3,1,0.8215561338,0.5080937316,8.135135135,0.1625899941,0.2313513514,2.669968363
Conservative-AoI Safe,4,3,2,0.8932287906,0.4222105672,7.985675676,0.1384165995,0.2675675676,0.7553690757
Conservative-AoI Safe,4,3,3,0.3220866759,1.429873819,16.34513514,0.3779504311,0.08297297297,23.98990552
Conservative-AoI Safe,4,3,4,0.225348274,2.006740312,27.5027027,0.3796535725,0.04324324324,23.9549149
Conservative-AoI Safe,4,3,5,0.2465631425,1.839030251,33.63081081,0.3509068532,0.03918918919,23.98060501
Conservative-AoI Safe,4,3,6,0.4834834838,0.9755450403,15.41054054,0.2713069855,0.1140540541,16.58161234
Conservative-AoI Safe,4,3,7,0.2778755806,1.641436133,19.79837838,0.3788612047,0.06675675676,23.98281227
Conservative-AoI Safe,4,3,8,0.2645088005,1.719737046,24.31945946,0.3746237997,0.05567567568,23.98685229
Conservative-AoI Safe,4,3,9,0.3014458345,1.520828652,20.12054054,0.3682871547,0.07054054054,23.97054778
Conservative-AoI Safe,4,3,10,0.9387067142,0.3585144156,7.247837838,0.1127866972,0.2627027027,0.3585144156
Conservative-AoI Safe,4,3,11,0.2969367479,1.542388958,22.55837838,0.3434941897,0.06108108108,23.98689084
Conservative-AoI Safe,4,4,0,0.662118963,0.6966749552,11.53135135,0.2099439392,0.1710810811,9.003573701
Conservative-AoI Safe,4,4,1,0.6741961796,0.6813572012,11.39702703,0.1935422753,0.167027027,6.589858426
Conservative-AoI Safe,4,4,2,0.3640876,1.27608378,19.0472973,0.2924646069,0.07621621622,23.32810523
Conservative-AoI Safe,4,4,3,0.2460798207,1.842501298,21.4527027,0.3724840461,0.04918918919,23.8700571
Conservative-AoI Safe,4,4,4,0.2372011855,1.908996959,29.99162162,0.35342241,0.04,23.9979331
Conservative-AoI Safe,4,4,5,0.4128728207,1.13470463,15.96216216,0.3097436964,0.09459459459,19.41286856
Conservative-AoI Safe,4,4,6,0.5024050881,0.9393093506,15.76162162,0.2591986073,0.1202702703,15.10066182
Conservative-AoI Safe,4,4,7,0.4159209977,1.126874486,17.36135135,0.266490588,0.08459459459,19.18685805
Conservative-AoI Safe,4,4,8,0.2309431598,1.959226317,24.05162162,0.3674873146,0.04459459459,23.97678952
Conservative-AoI Safe,4,4,9,0.4380235493,1.072981387,19.09756757,0.267085367,0.08567567568,19.28136717
Conservative-AoI Safe,4,4,10,0.7287104513,0.6151471375,11.67810811,0.1765638541,0.1716216216,4.272648475
Conservative-AoI Safe,4,4,11,0.5641011845,0.8344446437,11.79432432,0.2413123699,0.1456756757,9.592226805
Conservative-AoI Safe,4,5,0,0.9411489522,0.3546353857,8.033513514,0.1044736677,0.2483783784,0.3546353857
Conservative-AoI Safe,4,5,1,0.4821824971,0.9781203331,15.12864865,0.2603914941,0.1175675676,12.67797099
Conservative-AoI Safe,4,5,2,0.3825098869,1.218803669,18.21459459,0.2951481318,0.08432432432,18.18291374
Conservative-AoI Safe,4,5,3,0.7544254172,0.5851252029,10.29864865,0.169211883,0.1924324324,3.732253651
Conservative-AoI Safe,4,5,4,0.3523107703,1.315645181,16.80216216,0.3153992636,0.08459459459,23.92241988
Conservative-AoI Safe,4,5,5,0.8677360717,0.4538598372,10.33891892,0.1264674303,0.1972972973,1.315617233
Conservative-AoI Safe,4,5,6,0.95,0.2241414152,7.424324324,0.06554621927,0.247027027,0.2241414152
Conservative-AoI Safe,4,5,7,0.2189202535,2.064668323,30.5572973,0.3593638918,0.04054054054,23.96402981
Conservative-AoI Safe,4,5,8,0.8265150398,0.5023771293,9.536486486,0.1469113659,0.2002702703,1.730902681
Conservative-AoI Safe,4,5,9,0.3376263363,1.368663091,18.01324324,0.3329180493,0.07702702703,23.98524038
Conservative-AoI Safe,4,5,10,0.2625732011,1.731770293,25.89864865,0.3018896862,0.03972972973,23.97186527
Conservative-AoI Safe,4,5,11,0.2699141276,1.687095206,22.88324324,0.3593056816,0.05783783784,23.94499659
Conservative-AoI Safe,4,6,0,0.6600953202,0.6992694381,13.3027027,0.1821880374,0.1327027027,5.786849886
Conservative-AoI Safe,4,6,1,0.4082536129,1.146768836,19.20702703,0.2591077695,0.07621621622,17.12398462
Conservative-AoI Safe,4,6,2,0.95,0.2551559305,7.625945946,0.07185742692,0.2386486486,0.2551559305
Conservative-AoI Safe,4,6,3,0.8542797728,0.4699577518,10.1972973,0.1284127803,0.1997297297,1.309450773
Conservative-AoI Safe,4,6,4,0.5796663152,0.8105930222,14.87027027,0.190817979,0.1191891892,8.611860445
Conservative-AoI Safe,4,6,5,0.95,0.2156180293,8.21972973,0.05810031762,0.2245945946,0.2156180293
Conservative-AoI Safe,4,6,6,0.7238759829,0.6208604762,12.97756757,0.1471607129,0.1510810811,3.838070001
Conservative-AoI Safe,4,6,7,0.298421524,1.535216558,24.46216216,0.2900314525,0.05378378378,23.95555388
Conservative-AoI Safe,4,6,8,0.95,0.2628816135,7.123783784,0.07453048988,0.2497297297,0.2628816135
Conservative-AoI Safe,4,6,9,0.3698913443,1.257463669,21.78,0.2705246163,0.06405405405,20.92391006
Conservative-AoI Safe,4,6,10,0.95,0.2571157349,7.645405405,0.07268731315,0.2464864865,0.2571157349
Conservative-AoI Safe,4,6,11,0.5870736138,0.7995478023,13.93243243,0.1970777286,0.1335135135,8.390503849
Conservative-AoI Safe,4,7,0,0.95,0.2129344738,8.407567568,0.05881595466,0.2324324324,0.2129344738
Conservative-AoI Safe,4,7,1,0.8194645516,0.5105004868,8.345405405,0.138524997,0.2132432432,1.394504381
Conservative-AoI Safe,4,7,2,0.5139536145,0.9182376412,14.87351351,0.2382454421,0.1167567568,9.282990466
Conservative-AoI Safe,4,7,3,0.1957148488,2.309972111,34.68297297,0.3327608473,0.0272972973,23.98863342
Conservative-AoI Safe,4,7,4,0.2668165055,1.705631049,24.14972973,0.3328285452,0.04891891892,23.96893147
Conservative-AoI Safe,4,7,5,0.95,0.2143947682,8.708918919,0.05800247648,0.2275675676,0.2143947682
Conservative-AoI Safe,4,7,6,0.9166527097,0.3910280632,8.692702703,0.1104390071,0.227027027,0.3910280632
Conservative-AoI Safe,4,7,7,0.2817874583,1.619983796,22.02891892,0.3270615934,0.05567567568,23.8591412
Conservative-AoI Safe,4,7,8,0.4060368001,1.152645744,17.84837838,0.2781926079,0.09243243243,19.07408083
Conservative-AoI Safe,4,7,9,0.95,0.2643493157,8.028918919,0.07430359143,0.2348648649,0.2643493157
Conservative-AoI Safe,4,7,10,0.95,0.2202876177,7.693783784,0.06293081404,0.2402702703,0.2202876177
Conservative-AoI Safe,4,7,11,0.8957240492,0.4190042049,8.37027027,0.1218509526,0.2289189189,0.6470546643
Conservative-AoI Safe,4,8,0,0.924502767,0.3798996382,7.46972973,0.1115056776,0.2437837838,0.3798996382
Conservative-AoI Safe,4,8,1,0.7675714746,0.5699618165,9.850810811,0.1639025332,0.1802702703,4.139159964
Conservative-AoI Safe,4,8,2,0.2938168902,1.557699888,22.68864865,0.3128029776,0.04756756757,23.55399777
Conservative-AoI Safe,4,8,3,0.223720696,2.021057334,30.36837838,0.3381174297,0.03810810811,23.97912136
Conservative-AoI Safe,4,8,4,0.8564804989,0.4673466129,9.985945946,0.1289624032,0.2027027027,1.410199193
Conservative-AoI Safe,4,8,5,0.95,0.2347890628,7.588648649,0.06980215382,0.26,0.2347890628
Conservative-AoI Safe,4,8,6,0.4732619221,0.9960890923,15.91945946,0.2387921689,0.1045945946,14.29049459
Conservative-AoI Safe,4,8,7,0.198994158,2.271318822,26.94540541,0.3836687199,0.0372972973,23.99078102
Conservative-AoI Safe,4,8,8,0.3554966144,1.304697623,19.26324324,0.2993752113,0.07351351351,20.16911442
Conservative-AoI Safe,4,8,9,0.365156396,1.272612991,21.59675676,0.2947646846,0.07243243243,23.63190663
Conservative-AoI Safe,4,8,10,0.95,0.2590903055,7.345675676,0.07863740893,0.2610810811,0.2590903055
Conservative-AoI Safe,4,8,11,0.8950142286,0.4199186836,7.467837838,0.1277914697,0.2424324324,0.6788615707
Conservative-AoI Safe,4,9,0,0.3257577326,1.414897118,22.04594595,0.3261911463,0.06351351351,23.89160488
Conservative-AoI Safe,4,9,1,0.6871221964,0.6652565043,12.75054054,0.1803384524,0.1559459459,6.496669111
Conservative-AoI Safe,4,9,2,0.2523803769,1.798374164,25.85432432,0.3640492565,0.04567567568,23.97073496
Conservative-AoI Safe,4,9,3,0.1963495047,2.302374716,31.82459459,0.3777139062,0.03243243243,23.9920901
Conservative-AoI Safe,4,9,4,0.5437054116,0.8671448273,15.04837838,0.2296761975,0.11,10.2771862
Conservative-AoI Safe,4,9,5,0.2493362779,1.819394726,24.83540541,0.3683045,0.04432432432,23.98789452
Conservative-AoI Safe,4,9,6,0.95,0.209506079,6.580810811,0.06551311712,0.2759459459,0.209506079
Conservative-AoI Safe,4,9,7,0.4363495231,1.076896197,14.82135135,0.2788287991,0.1062162162,14.61482013
Conservative-AoI Safe,4,9,8,0.95,0.2790122724,7.198108108,0.08634298699,0.2621621622,0.2790122724
Conservative-AoI Safe,4,9,9,0.6652629851,0.6926602831,11.6072973,0.2033051534,0.1654054054,5.082564529
Conservative-AoI Safe,4,9,10,0.95,0.247425482,6.707027027,0.0779724627,0.2735135135,0.247425482
Conservative-AoI Safe,4,9,11,0.2127973752,2.123503268,33.53513514,0.3713261121,0.03027027027,23.99267976
Conservative-AoI Safe,4,10,0,0.2210551088,2.045012567,23.61783784,0.3763928535,0.04891891892,23.97543983
Conservative-AoI Safe,4,10,1,0.5230742899,0.9021077578,15.86297297,0.2599045594,0.12,12.45058619
Conservative-AoI Safe,4,10,2,0.4621770162,1.019211399,16.88324324,0.2817981788,0.1081081081,23.79899276
Conservative-AoI Safe,4,10,3,0.8877431859,0.4291816563,8.352432432,0.1439498474,0.2764864865,0.8377248445
Conservative-AoI Safe,4,10,4,0.3493760462,1.325898395,23.46621622,0.3114069473,0.07135135135,23.7323422
Conservative-AoI Safe,4,10,5,0.4491418585,1.047619095,14.44405405,0.3131531673,0.1191891892,16.49524315
Conservative-AoI Safe,4,10,6,0.5565464418,0.8463561798,13.36810811,0.2383521998,0.1408108108,9.929753935
Conservative-AoI Safe,4,10,7,0.34857734,1.328717478,18.94594595,0.3336158209,0.07756756757,23.98048366
Conservative-AoI Safe,4,10,8,0.2223217792,2.03354937,33.16837838,0.3770310454,0.03540540541,23.97941285
Conservative-AoI Safe,4,10,9,0.6900300697,0.6616731043,10.7572973,0.2020785427,0.18,5.895135191
Conservative-AoI Safe,4,10,10,0.2104662511,2.146920017,30.31324324,0.3771616246,0.03135135135,23.99724247
Conservative-AoI Safe,4,10,11,0.2177243916,2.075867389,29.45567568,0.3798276277,0.03756756757,23.99321517
Conservative-AoI Safe,4,11,0,0.95,0.3358641596,7.671081081,0.103664019,0.2678378378,0.3358641596
Conservative-AoI Safe,4,11,1,0.2935060875,1.559243329,20.52135135,0.3417692809,0.06432432432,23.93654319
Conservative-AoI Safe,4,11,2,0.6227889451,0.7487311135,11.99621622,0.214501346,0.1705405405,8.769546724
Conservative-AoI Safe,4,11,3,0.4312530983,1.088976442,17.84108108,0.2640032078,0.08027027027,16.93543462
Conservative-AoI Safe,4,11,4,0.6153269509,0.7590395275,13.61675676,0.1989914437,0.1413513514,8.657909132
Conservative-AoI Safe,4,11,5,0.4183303984,1.120756955,21.27972973,0.2707991128,0.07432432432,23.54725036
Conservative-AoI Safe,4,11,6,0.9434799305,0.3508668233,7.924324324,0.1099066617,0.2513513514,0.3508668233
Conservative-AoI Safe,4,11,7,0.4987828682,0.9460759936,16.91540541,0.2421443151,0.1021621622,14.74405183
Conservative-AoI Safe,4,11,8,0.6260188518,0.7443154627,16.26567568,0.1901021925,0.1478378378,7.007886568
Conservative-AoI Safe,4,11,9,0.4351735249,1.079661914,15.76783784,0.2862563076,0.1078378378,22.42208146
Conservative-AoI Safe,4,11,10,0.2492611008,1.819920828,28.60648649,0.3393906408,0.03864864865,23.9968331
Conservative-AoI Safe,4,11,11,0.2092716103,2.159149808,32.50864865,0.3524666173,0.0327027027,23.98724712
Conservative-AoI Safe,4,12,0,0.2277146089,1.986329388,24.88486486,0.3763288922,0.05324324324,23.98988165
Conservative-AoI Safe,4,12,1,0.9318683167,0.369039043,7.311081081,0.1131054797,0.2610810811,0.369039043
Conservative-AoI Safe,4,12,2,0.4490225566,1.047885528,16.41648649,0.3007714679,0.1040540541,23.91542114
Conservative-AoI Safe,4,12,3,0.364868936,1.273544601,18.91864865,0.3135673329,0.07918918919,22.47723006
Conservative-AoI Safe,4,12,4,0.3264467419,1.412123145,18.68081081,0.3297498372,0.07459459459,23.98197476
Conservative-AoI Safe,4,12,5,0.2532754659,1.792296255,27.91486486,0.3342390313,0.04054054054,23.99199887
Conservative-AoI Safe,4,12,6,0.5108922966,0.9237509324,14.40621622,0.2486637645,0.1151351351,13.3500373
Conservative-AoI Safe,4,12,7,0.7249468559,0.6195927545,10.90081081,0.1711415662,0.1878378378,3.693891318
Conservative-AoI Safe,4,12,8,0.885090931,0.4325165816,8.452432432,0.1337294512,0.2345945946,0.9202653062
Conservative-AoI Safe,4,12,9,0.3371942215,1.370290719,21.84486486,0.3077598885,0.06216216216,23.64715241
Conservative-AoI Safe,4,12,10,0.4510893652,1.043286736,18.40378378,0.2441854902,0.08675675676,17.76874188
Conservative-AoI Safe,4,12,11,0.3770521179,1.235229773,18.73324324,0.2934505325,0.08297297297,19.68074432
Conservative-AoI Safe,4,13,0,0.931036637,0.3702883284,10.81567568,0.09747590051,0.2027027027,0.3702883284
Conservative-AoI Safe,4,13,1,0.7159624459,0.6302691506,10.73891892,0.1693209556,0.1678378378,4.544844711
Conservative-AoI Safe,4,13,2,0.6775674106,0.6771299559,13.48324324,0.1623281813,0.1418918919,5.942599117
Conservative-AoI Safe,4,13,3,0.3509019354,1.320546841,22.2472973,0.2837391186,0.06459459459,19.57257735
Conservative-AoI Safe,4,13,4,0.95,0.2764601871,8.831351351,0.0786043559,0.2364864865,0.2764601871
Conservative-AoI Safe,4,13,5,0.7562371291,0.5830294735,10.42432432,0.1520603897,0.1743243243,3.511501049
Conservative-AoI Safe,4,13,6,0.2357345475,1.920506701,26.87567568,0.3363482006,0.03945945946,23.94837524
Conservative-AoI Safe,4,13,7,0.5713184825,0.8232731646,14.97621622,0.2113809477,0.1294594595,7.595643799
Conservative-AoI Safe,4,13,8,0.95,0.2265612916,7.379459459,0.06588647291,0.2502702703,0.2265612916
Conservative-AoI Safe,4,13,9,0.8385292043,0.488449848,9.568918919,0.1349177688,0.2064864865,1.461398176
Conservative-AoI Safe,4,13,10,0.9458583108,0.3469497415,8.888918919,0.08833152877,0.2167567568,0.3469497415
Conservative-AoI Safe,4,13,11,0.3749843981,1.241568686,16.82810811,0.266769488,0.08351351351,14.70666766
Conservative-AoI Safe,4,14,0,0.3969158517,1.177446822,16.97297297,0.2956346209,0.09054054054,15.92638325
Conservative-AoI Safe,4,14,1,0.64914127,0.7134614509,12.57243243,0.2094105772,0.1510810811,9.911535135
Conservative-AoI Safe,4,14,2,0.685168137,0.6676722331,11.83756757,0.1885722929,0.1456756757,6.291805827
Conservative-AoI Safe,4,14,3,0.2123384503,2.128067317,30.41621622,0.3755751237,0.03594594595,23.99598236
Conservative-AoI Safe,4,14,4,0.8391928019,0.4876767217,9.31,0.1448531668,0.2102702703,2.241211157
Conservative-AoI Safe,4,14,5,0.2547057577,1.782678959,25.54486486,0.3444906638,0.04378378378,23.90554231
Conservative-AoI Safe,4,14,6,0.6450583303,0.7188179662,12.92486486,0.2131198132,0.14,8.845721019
Conservative-AoI Safe,4,14,7,0.3536782427,1.310923092,21.90351351,0.3022209183,0.06405405405,23.88230822
Conservative-AoI Safe,4,14,8,0.3495021855,1.325454306,21.20972973,0.3070038758,0.06945945946,22.66544642
Conservative-AoI Safe,4,14,9,0.2638904463,1.723560971,24.58162162,0.3372589575,0.04675675676,23.98326815
Conservative-AoI Safe,4,14,10,0.8142278578,0.5165166625,8.135675676,0.1545362015,0.2324324324,1.914716612
Conservative-AoI Safe,4,14,11,0.4332858251,1.084128614,18.05378378,0.2739622309,0.09810810811,16.61753041
Conservative-AoI Safe,4,15,0,0.95,0.2609434761,7.222432432,0.07651991122,0.2567567568,0.2609434761
Conservative-AoI Safe,4,15,1,0.6682774533,0.6888292002,10.4272973,0.2049732296,0.1810810811,4.443608803
Conservative-AoI Safe,4,15,2,0.3936552323,1.186565108,17.83108108,0.2857377057,0.08783783784,13.77160683
Conservative-AoI Safe,4,15,3,0.8783623152,0.4408835581,10.22783784,0.1204684533,0.2118918919,0.9314862548
Conservative-AoI Safe,4,15,4,0.2542081145,1.786011998,22.48540541,0.3547888699,0.05135135135,23.99851593
Conservative-AoI Safe,4,15,5,0.6112416568,0.7647485898,11.92783784,0.2108225842,0.1486486486,8.789217566
Conservative-AoI Safe,4,15,6,0.1961261937,2.305041448,39.87675676,0.3644457424,0.02486486486,23.99744541
Conservative-AoI Safe,4,15,7,0.2603661895,1.74572184,26.93891892,0.3491443679,0.04783783784,23.98047589
Conservative-AoI Safe,4,15,8,0.4858854259,0.9708198352,14.30837838,0.2547746108,0.1189189189,13.52885621
Conservative-AoI Safe,4,15,9,0.9440218225,0.349980936,7.825945946,0.103102492,0.2518918919,0.349980936
Conservative-AoI Safe,4,15,10,0.777121657,0.5589976316,11.58783784,0.1439796602,0.17,2.943962106
Conservative-AoI Safe,4,15,11,0.6438927182,0.7203540735,13.38189189,0.1787256864,0.1375675676,7.447789618
Conservative-AoI Safe,4,16,0,0.3932789834,1.187626136,19.10189189,0.296585554,0.08162162162,22.34216703
Conservative-AoI Safe,4,16,1,0.7735119064,0.5631378354,9.928108108,0.1782255149,0.2005405405,4.31530805
Conservative-AoI Safe,4,16,2,0.901603995,0.4113518347,8.063783784,0.1249620168,0.2383783784,0.5589256858
Conservative-AoI Safe,4,16,3,0.8416273572,0.4848363331,9.645675676,0.1311678836,0.2043243243,1.502872331
Conservative-AoI Safe,4,16,4,0.2260479039,2.00065631,23.70189189,0.3547109566,0.03918918919,23.62953396
Conservative-AoI Safe,4,16,5,0.7045979448,0.6439160289,9.873513514,0.1839511466,0.1878378378,3.570908375
Conservative-AoI Safe,4,16,6,0.6624829137,0.6962092138,10.92351351,0.2098035874,0.1781081081,8.397648772
Conservative-AoI Safe,4,16,7,0.1982197585,2.280313362,29.83243243,0.3703968461,0.02918918919,23.974728
Conservative-AoI Safe,4,16,8,0.7522839954,0.5876051337,9.102432432,0.1805694695,0.2097297297,4.527312941
Conservative-AoI Safe,4,16,9,0.3841282698,1.214015836,16.64918919,0.3231907022,0.09594594595,21.66898182
Conservative-AoI Safe,4,16,10,0.2247729528,2.011774821,35.03081081,0.3555947926,0.03378378378,23.98856908
Conservative-AoI Safe,4,16,11,0.2144342016,2.107404393,24.23864865,0.3844589095,0.04324324324,23.99251421
Conservative-AoI Safe,4,17,0,0.6058267012,0.772389876,14.40648649,0.193306223,0.1302702703,7.84779752
Conservative-AoI Safe,4,17,1,0.4606290406,1.022513998,16.86162162,0.2296511169,0.09675675676,11.42776596
Conservative-AoI Safe,4,17,2,0.8627452041,0.4598691245,7.741081081,0.1327406014,0.2283783784,1.137513366
Conservative-AoI Safe,4,17,3,0.95,0.2139841101,6.71972973,0.06951591902,0.2713513514,0.2139841101
Conservative-AoI Safe,4,17,4,0.8920394043,0.4237308779,8.925675676,0.1216222142,0.2210810811,0.8034249248
Conservative-AoI Safe,4,17,5,0.9329954481,0.3673358894,7.792972973,0.1077187676,0.2472972973,0.3673358894
Conservative-AoI Safe,4,17,6,0.2434414901,1.861711545,30.5027027,0.3129688056,0.03783783784,23.91080781
Conservative-AoI Safe,4,17,7,0.2237143759,2.021113381,33.77378378,0.3414042873,0.03162162162,23.98004086
Conservative-AoI Safe,4,17,8,0.7874097494,0.5472165522,9.961891892,0.1555869765,0.1997297297,2.755464836
Conservative-AoI Safe,4,17,9,0.2072792387,2.179902851,34.27783784,0.3540869226,0.02810810811,23.99805703
Conservative-AoI Safe,4,17,10,0.95,0.241873434,8.292162162,0.06713622073,0.2364864865,0.241873434
Conservative-AoI Safe,4,17,11,0.5223938409,0.9032962107,15.83108108,0.2438899769,0.1197297297,15.15162569
Conservative-AoI Safe,4,18,0,0.95,0.2641897105,7.74,0.07690062653,0.2448648649,0.2641897105
Conservative-AoI Safe,4,18,1,0.2298402862,1.968390267,31.5072973,0.3335623507,0.03540540541,23.99883016
Conservative-AoI Safe,4,18,2,0.2514208534,1.804941085,25.62540541,0.3234259295,0.04756756757,23.4272899
Conservative-AoI Safe,4,18,3,0.95,0.3377909827,7.87972973,0.09430759058,0.2359459459,0.3377909827
Conservative-AoI Safe,4,18,4,0.8064515181,0.5254308787,10.69459459,0.1377480952,0.1910810811,2.030601423
Conservative-AoI Safe,4,18,5,0.2889292384,1.582364629,23.54108108,0.3040706084,0.05783783784,23.59438646
Conservative-AoI Safe,4,18,6,0.86964094,0.451552802,9.401081081,0.1250923303,0.207027027,1.121739228
Conservative-AoI Safe,4,18,7,0.95,0.2372894534,7.752702703,0.06753129578,0.2408108108,0.2372894534
Conservative-AoI Safe,4,18,8,0.4229897239,1.10910177,18.43378378,0.2559926789,0.08918918919,14.43664603
Conservative-AoI Safe,4,18,9,0.9113191376,0.3983676074,8.155405405,0.110358594,0.2308108108,0.3983676074
Conservative-AoI Safe,4,18,10,0.93510967,0.3641087485,8.533783784,0.1023440807,0.2289189189,0.3641087485
Conservative-AoI Safe,4,18,11,0.8418183031,0.4846132827,10.55837838,0.1338580473,0.2027027027,1.669199241
Conservative-AoI Safe,4,19,0,0.8339118425,0.4938172966,8.322702703,0.1562865012,0.2313513514,1.994894042
Conservative-AoI Safe,4,19,1,0.4218873338,1.111838862,16.74783784,0.2707477878,0.09405405405,16.86700473
Conservative-AoI Safe,4,19,2,0.3658373363,1.270411673,21.52540541,0.2997484839,0.06540540541,20.88988015
Conservative-AoI Safe,4,19,3,0.3670076204,1.266646367,18.23081081,0.3231659921,0.08621621622,23.66542842
Conservative-AoI Safe,4,19,4,0.481511622,0.9794527448,14.89918919,0.2575696002,0.1132432432,13.38358234
Conservative-AoI Safe,4,19,5,0.1930715746,2.342239302,29.18243243,0.3848868908,0.03540540541,23.98856256
Conservative-AoI Safe,4,19,6,0.2120595117,2.1308523,31.73918919,0.3668521392,0.03162162162,23.97454718
Conservative-AoI Safe,4,19,7,0.3057773787,1.500722279,19.79540541,0.3520613346,0.06918918919,23.92094609
Conservative-AoI Safe,4,19,8,0.5446939528,0.8655191693,13.31972973,0.2594218267,0.1354054054,12.5034984
Conservative-AoI Safe,4,19,9,0.4653449839,1.012509865,14.09432432,0.2815872029,0.112972973,15.71274662
Conservative-AoI Safe,4,19,10,0.3623629999,1.281724896,18.33972973,0.3031106172,0.07540540541,19.9613975
Conservative-AoI Safe,4,19,11,0.8770434254,0.4425090154,7.76027027,0.1329918987,0.2435135135,0.9351983392
Conservative-AoI Safe,8,0,0,0.95,0.3369544871,10.18945946,0.1032719969,0.2521621622,0.3369544871
Conservative-AoI Safe,8,0,1,0.2315765095,1.95400716,36.54540541,0.3094724853,0.03297297297,23.74216467
Conservative-AoI Safe,8,0,2,0.95,0.2191119648,10.84027027,0.06668110063,0.2527027027,0.2191119648
Conservative-AoI Safe,8,0,3,0.8081176242,0.5235225351,12.30540541,0.1543684016,0.2143243243,2.746928167
Conservative-AoI Safe,8,0,4,0.6281327393,0.7414402559,17.59810811,0.186963178,0.1343243243,9.32608819
Conservative-AoI Safe,8,0,5,0.795200025,0.5383055036,12.07891892,0.1590183555,0.2091891892,2.889499065
Conservative-AoI Safe,8,0,6,0.3394136806,1.361973486,28.50459459,0.2823334227,0.05324324324,20.6972311
Conservative-AoI Safe,8,0,7,0.9476946562,0.3438720469,10.47135135,0.1035333676,0.252972973,0.3438720469
Conservative-AoI Safe,8,0,8,0.5005847781,0.9427001774,19.96189189,0.2201332306,0.1037837838,11.73830515
Conservative-AoI Safe,8,0,9,0.95,0.2738400263,9.264054054,0.08118986725,0.2621621622,0.2738400263
Conservative-AoI Safe,8,0,10,0.23436609,1.931388168,32.84675676,0.3304239758,0.03459459459,23.97524391
Conservative-AoI Safe,8,0,11,0.2528380647,1.795260579,33.09621622,0.321206082,0.04324324324,23.90521158
Conservative-AoI Safe,8,1,0,0.5605092249,0.8400796556,16.96243243,0.232951818,0.1224324324,12.32223036
Conservative-AoI Safe,8,1,1,0.2181252996,2.072097608,32.14621622,0.354496699,0.03810810811,23.97229477
Conservative-AoI Safe,8,1,2,0.2316669551,1.953264399,30.36621622,0.3230804897,0.03513513514,23.94363354
Conservative-AoI Safe,8,1,3,0.3707979081,1.254604531,23.7872973,0.2987315113,0.07864864865,23.92892686
Conservative-AoI Safe,8,1,4,0.95,0.2976063768,9.067567568,0.09901444589,0.2878378378,0.2976063768
Conservative-AoI Safe,8,1,5,0.95,0.2276934429,6.948108108,0.08473888404,0.3291891892,0.2276934429
Conservative-AoI Safe,8,1,6,0.2020086086,2.237061952,38.31297297,0.3597437463,0.03216216216,23.98665517
Conservative-AoI Safe,8,1,7,0.95,0.2579608484,8.901351351,0.08666090123,0.297027027,0.2579608484
Conservative-AoI Safe,8,1,8,0.325972712,1.414030367,24.42972973,0.3187300881,0.06837837838,23.36121467
Conservative-AoI Safe,8,1,9,0.8362721814,0.4910760745,11.48405405,0.1608605952,0.2410810811,2.585825789
Conservative-AoI Safe,8,1,10,0.2993435181,1.530799061,27.30378378,0.3131932132,0.05189189189,23.86997651
Conservative-AoI Safe,8,1,11,0.2334007936,1.939147999,30.67756757,0.3663417435,0.04297297297,23.9926919
Conservative-AoI Safe,8,2,0,0.2983974043,1.535332493,31.01,0.285073898,0.04486486486,23.67196974
Conservative-AoI Safe,8,2,1,0.4720337023,0.9986066978,16.50810811,0.2539699737,0.1364864865,11.17492056
Conservative-AoI Safe,8,2,2,0.7619171253,0.5764720931,12.80702703,0.1643724482,0.2005405405,3.752969769
Conservative-AoI Safe,8,2,3,0.95,0.328976203,9.125945946,0.1051834725,0.2659459459,0.328976203
Conservative-AoI Safe,8,2,4,0.6042558466,0.7746227687,16.72108108,0.2116604376,0.1413513514,9.01632368
Conservative-AoI Safe,8,2,5,0.7527600943,0.5870535051,12.35162162,0.1716734845,0.1945945946,4.702230618
Conservative-AoI Safe,8,2,6,0.6803453125,0.6736618433,15.04540541,0.1749700085,0.1602702703,7.241546083
Conservative-AoI Safe,8,2,7,0.2438339011,1.858825842,34.00243243,0.3260481004,0.0372972973,23.97651684
Conservative-AoI Safe,8,2,8,0.7053294905,0.6430324214,13.12864865,0.1850890618,0.1886486486,5.260648428
Conservative-AoI Safe,8,2,9,0.1925045361,2.34929577,32.55027027,0.3523943655,0.03594594595,23.98873232
Conservative-AoI Safe,8,2,10,0.95,0.2710575607,9.641351351,0.08454065541,0.2627027027,0.2710575607
Conservative-AoI Safe,8,2,11,0.2931742638,1.560894842,26.49459459,0.3193506473,0.05567567568,23.89726987
Conservative-AoI Safe,8,3,0,0.2469621281,1.836175919,28.03216216,0.3523472709,0.04648648649,23.99847146
Conservative-AoI Safe,8,3,1,0.8215561338,0.5080937316,10.16162162,0.1719279329,0.242972973,2.778062094
Conservative-AoI Safe,8,3,2,0.8932287906,0.4222105672,8.847027027,0.152566359,0.2962162162,0.9996853152
Conservative-AoI Safe,8,3,3,0.3220866759,1.429873819,19.95702703,0.374858812,0.08405405405,23.98990552
Conservative-AoI Safe,8,3,4,0.225348274,2.006740312,35.44216216,0.3595861693,0.04081081081,23.99767838
Conservative-AoI Safe,8,3,5,0.2465631425,1.839030251,35.34621622,0.3335106211,0.04108108108,23.97575626
Conservative-AoI Safe,8,3,6,0.4834834838,0.9755450403,18.08378378,0.2755255587,0.1191891892,23.81042762
Conservative-AoI Safe,8,3,7,0.2778755806,1.641436133,26.43864865,0.3553487411,0.05810810811,23.98728652
Conservative-AoI Safe,8,3,8,0.2645088005,1.719737046,27.58351351,0.3458065844,0.05108108108,23.95395205
Conservative-AoI Safe,8,3,9,0.3014458345,1.520828652,26.44243243,0.3567781811,0.06405405405,23.99540734
Conservative-AoI Safe,8,3,10,0.9387067142,0.3585144156,8.646486486,0.1213135266,0.2824324324,0.3585144156
Conservative-AoI Safe,8,3,11,0.2969367479,1.542388958,27.28324324,0.3280703001,0.06054054054,23.94100877
Conservative-AoI Safe,8,4,0,0.662118963,0.6966749552,12.72243243,0.2137097498,0.1772972973,10.19027352
Conservative-AoI Safe,8,4,1,0.6741961796,0.6813572012,12.96081081,0.2084584734,0.1883783784,8.379716853
Conservative-AoI Safe,8,4,2,0.3640876,1.27608378,21.14351351,0.3007419071,0.08891891892,22.30209451
Conservative-AoI Safe,8,4,3,0.2460798207,1.842501298,32.44702703,0.34758538,0.03945945946,23.98007268
Conservative-AoI Safe,8,4,4,0.2372011855,1.908996959,33.49891892,0.3482629587,0.03891891892,23.9979331
Conservative-AoI Safe,8,4,5,0.4128728207,1.13470463,18.04972973,0.2971699424,0.1032432432,18.03291113
Conservative-AoI Safe,8,4,6,0.5024050881,0.9393093506,20.74864865,0.2409201551,0.1151351351,11.72549636
Conservative-AoI Safe,8,4,7,0.4159209977,1.126874486,21.25837838,0.2655769059,0.08864864865,19.22561113
Conservative-AoI Safe,8,4,8,0.2309431598,1.959226317,33.69054054,0.3240666233,0.03594594595,23.97678952
Conservative-AoI Safe,8,4,9,0.4380235493,1.072981387,22.68324324,0.2685353418,0.09,17.89751607
Conservative-AoI Safe,8,4,10,0.7287104513,0.6151471375,11.97054054,0.1931894524,0.1924324324,4.918089887
Conservative-AoI Safe,8,4,11,0.5641011845,0.8344446437,13.87918919,0.2476270862,0.1581081081,9.992226805
Conservative-AoI Safe,8,5,0,0.9411489522,0.3546353857,9.477297297,0.1172213721,0.2813513514,0.3546353857
Conservative-AoI Safe,8,5,1,0.4821824971,0.9781203331,19.86189189,0.2355419505,0.1027027027,14.27488799
Conservative-AoI Safe,8,5,2,0.3825098869,1.218803669,23.81864865,0.2823012823,0.07378378378,21.74530641
Conservative-AoI Safe,8,5,3,0.7544254172,0.5851252029,11.41243243,0.1758538448,0.21,4.472754463
Conservative-AoI Safe,8,5,4,0.3523107703,1.315645181,22.61945946,0.2958423758,0.07513513514,20.25983916
Conservative-AoI Safe,8,5,5,0.8677360717,0.4538598372,12.15378378,0.1355446271,0.2172972973,1.638776257
Conservative-AoI Safe,8,5,6,0.95,0.2241414152,9.04972973,0.07148293783,0.2708108108,0.2241414152
Conservative-AoI Safe,8,5,7,0.2189202535,2.064668323,37.89810811,0.3085842115,0.03243243243,23.96402981
Conservative-AoI Safe,8,5,8,0.8265150398,0.5023771293,10.81324324,0.1549222445,0.2191891892,2.457051103
Conservative-AoI Safe,8,5,9,0.3376263363,1.368663091,24.48486486,0.3118332395,0.06297297297,23.98524038
Conservative-AoI Safe,8,5,10,0.2625732011,1.731770293,29.92324324,0.3131227908,0.04297297297,23.97186527
Conservative-AoI Safe,8,5,11,0.2699141276,1.687095206,27.22594595,0.316444344,0.05162162162,23.95476028
Conservative-AoI Safe,8,6,0,0.6600953202,0.6992694381,15.52675676,0.1812430787,0.1427027027,6.883197077
Conservative-AoI Safe,8,6,1,0.4082536129,1.146768836,22.65378378,0.2491897688,0.08432432432,19.06922091
Conservative-AoI Safe,8,6,2,0.95,0.2551559305,9.720540541,0.07565028535,0.2564864865,0.2551559305
Conservative-AoI Safe,8,6,3,0.8542797728,0.4699577518,12.17513514,0.1299369676,0.2124324324,1.239493021
Conservative-AoI Safe,8,6,4,0.5796663152,0.8105930222,19.46945946,0.1820548112,0.1145945946,9.022453467
Conservative-AoI Safe,8,6,5,0.95,0.2156180293,10.11621622,0.06089752449,0.2437837838,0.2156180293
Conservative-AoI Safe,8,6,6,0.7238759829,0.6208604762,16.47081081,0.1438047103,0.1505405405,4.375488572
Conservative-AoI Safe,8,6,7,0.298421524,1.535216558,27.21513514,0.2713598998,0.05189189189,22.70433117
Conservative-AoI Safe,8,6,8,0.95,0.2628816135,9.609189189,0.07914868038,0.2624324324,0.2628816135
Conservative-AoI Safe,8,6,9,0.3698913443,1.257463669,30.70513514,0.2375586769,0.05783783784,18.06644639
Conservative-AoI Safe,8,6,10,0.95,0.2571157349,9.205675676,0.07706522972,0.2591891892,0.2571157349
Conservative-AoI Safe,8,6,11,0.5870736138,0.7995478023,17.21675676,0.1962133526,0.1316216216,7.19231264
Conservative-AoI Safe,8,7,0,0.95,0.2129344738,10.35135135,0.06071509997,0.2408108108,0.2129344738
Conservative-AoI Safe,8,7,1,0.8194645516,0.5105004868,10.95648649,0.1434920287,0.2162162162,2.057507302
Conservative-AoI Safe,8,7,2,0.5139536145,0.9182376412,19.16216216,0.227077687,0.1127027027,11.28299047
Conservative-AoI Safe,8,7,3,0.1957148488,2.309972111,39.34648649,0.2965504737,0.02513513514,23.97949799
Conservative-AoI Safe,8,7,4,0.2668165055,1.705631049,29.50945946,0.2922621851,0.04297297297,23.99844559
Conservative-AoI Safe,8,7,5,0.95,0.2143947682,11.01864865,0.06107353667,0.2448648649,0.2143947682
Conservative-AoI Safe,8,7,6,0.9166527097,0.3910280632,11.30108108,0.1159345366,0.2359459459,0.3910280632
Conservative-AoI Safe,8,7,7,0.2817874583,1.619983796,28.18567568,0.2924727502,0.04432432432,22.79967592
Conservative-AoI Safe,8,7,8,0.4060368001,1.152645744,21.26540541,0.2504668049,0.08621621622,19.47408083
Conservative-AoI Safe,8,7,9,0.95,0.2643493157,9.746486486,0.07944768622,0.2518918919,0.2643493157
Conservative-AoI Safe,8,7,10,0.95,0.2202876177,9.148108108,0.06977759135,0.2721621622,0.2202876177
Conservative-AoI Safe,8,7,11,0.8957240492,0.4190042049,10.36972973,0.1216244638,0.2386486486,0.6850630742
Conservative-AoI Safe,8,8,0,0.924502767,0.3798996382,9.104864865,0.120643804,0.2632432432,0.3798996382
Conservative-AoI Safe,8,8,1,0.7675714746,0.5699618165,12.11837838,0.1691400202,0.1856756757,4.139159964
Conservative-AoI Safe,8,8,2,0.2938168902,1.557699888,30.11594595,0.2715449805,0.04189189189,23.91169765
Conservative-AoI Safe,8,8,3,0.223720696,2.021057334,39.26432432,0.3162681612,0.03513513514,23.97903202
Conservative-AoI Safe,8,8,4,0.8564804989,0.4673466129,12.03324324,0.1330043198,0.222972973,1.34285258
Conservative-AoI Safe,8,8,5,0.95,0.2347890628,8.971891892,0.07665545619,0.2810810811,0.2347890628
Conservative-AoI Safe,8,8,6,0.4732619221,0.9960890923,18.73675676,0.2420227281,0.1121621622,19.47485095
Conservative-AoI Safe,8,8,7,0.198994158,2.271318822,35.12783784,0.3357868636,0.03135135135,23.99692701
Conservative-AoI Safe,8,8,8,0.3554966144,1.304697623,23.07,0.2902070658,0.07540540541,22.50199777
Conservative-AoI Safe,8,8,9,0.365156396,1.272612991,29.75459459,0.2469557101,0.0572972973,23.96055074
Conservative-AoI Safe,8,8,10,0.95,0.2590903055,8.667027027,0.08290889775,0.2816216216,0.2590903055
Conservative-AoI Safe,8,8,11,0.8950142286,0.4199186836,9.924324324,0.1328985888,0.2527027027,0.7585363051
Conservative-AoI Safe,8,9,0,0.3257577326,1.414897118,25.21945946,0.3055412965,0.06162162162,23.98732506
Conservative-AoI Safe,8,9,1,0.6871221964,0.6652565043,14.39486486,0.2002961475,0.1881081081,8.357695128
Conservative-AoI Safe,8,9,2,0.2523803769,1.798374164,39.94864865,0.3023212784,0.03459459459,23.95772827
Conservative-AoI Safe,8,9,3,0.1963495047,2.302374716,47.73027027,0.3565569493,0.03054054054,23.9878645
Conservative-AoI Safe,8,9,4,0.5437054116,0.8671448273,18.69648649,0.232957286,0.1143243243,13.01291034
Conservative-AoI Safe,8,9,5,0.2493362779,1.819394726,36.44891892,0.3176564846,0.03702702703,23.98789452
Conservative-AoI Safe,8,9,6,0.95,0.209506079,7.965135135,0.07077908073,0.2959459459,0.209506079
Conservative-AoI Safe,8,9,7,0.4363495231,1.076896197,19.16243243,0.2680598371,0.09891891892,14.61482013
Conservative-AoI Safe,8,9,8,0.95,0.2790122724,8.464864865,0.09177241499,0.2816216216,0.2790122724
Conservative-AoI Safe,8,9,9,0.6652629851,0.6926602831,13.47891892,0.2195920303,0.1813513514,8.194487926
Conservative-AoI Safe,8,9,10,0.95,0.247425482,8.527297297,0.08071420452,0.2851351351,0.247425482
Conservative-AoI Safe,8,9,11,0.2127973752,2.123503268,33.50648649,0.3351691645,0.03162162162,23.98159478
Conservative-AoI Safe,8,10,0,0.2210551088,2.045012567,28.35405405,0.3714184986,0.04162162162,23.98055293
Conservative-AoI Safe,8,10,1,0.5230742899,0.9021077578,18.50837838,0.2596607465,0.1216216216,13.4548017
Conservative-AoI Safe,8,10,2,0.4621770162,1.019211399,18.90513514,0.2875828921,0.12,23.97978136
Conservative-AoI Safe,8,10,3,0.8877431859,0.4291816563,9.766486486,0.1554333566,0.2986486486,1.071178095
Conservative-AoI Safe,8,10,4,0.3493760462,1.325898395,26.14405405,0.3117652982,0.07810810811,23.9905828
Conservative-AoI Safe,8,10,5,0.4491418585,1.047619095,16.79864865,0.2972973107,0.1221621622,18.53333466
Conservative-AoI Safe,8,10,6,0.5565464418,0.8463561798,16.32054054,0.2472732515,0.1448648649,14.68339775
Conservative-AoI Safe,8,10,7,0.34857734,1.328717478,22.2872973,0.3303838055,0.07405405405,23.92100401
Conservative-AoI Safe,8,10,8,0.2223217792,2.03354937,34.20810811,0.3638404549,0.03459459459,23.98978262
Conservative-AoI Safe,8,10,9,0.6900300697,0.6616731043,12.52540541,0.2090529349,0.1913513514,6.280154504
Conservative-AoI Safe,8,10,10,0.2104662511,2.146920017,32.83135135,0.358013419,0.03405405405,23.97444096
Conservative-AoI Safe,8,10,11,0.2177243916,2.075867389,37.79081081,0.3422375966,0.03351351351,23.99352375
Conservative-AoI Safe,8,11,0,0.95,0.3358641596,8.798918919,0.1113798173,0.2843243243,0.3358641596
Conservative-AoI Safe,8,11,1,0.2935060875,1.559243329,29.57567568,0.2979419009,0.0527027027,23.9441099
Conservative-AoI Safe,8,11,2,0.6227889451,0.7487311135,13.43594595,0.2242146145,0.1767567568,8.072084497
Conservative-AoI Safe,8,11,3,0.4312530983,1.088976442,22.15702703,0.2595884384,0.08405405405,16.93543462
Conservative-AoI Safe,8,11,4,0.6153269509,0.7590395275,17.66864865,0.1989914437,0.1489189189,8.657909132
Conservative-AoI Safe,8,11,5,0.4183303984,1.120756955,25.87864865,0.2662555035,0.07675675676,22.34346559
Conservative-AoI Safe,8,11,6,0.9434799305,0.3508668233,9.263783784,0.115596394,0.267027027,0.3508668233
Conservative-AoI Safe,8,11,7,0.4987828682,0.9460759936,19.05837838,0.2452126697,0.1137837838,13.14405183
Conservative-AoI Safe,8,11,8,0.6260188518,0.7443154627,17.75783784,0.1919126896,0.1505405405,9.640832956
Conservative-AoI Safe,8,11,9,0.4351735249,1.079661914,20.7727027,0.2772104915,0.1,16.9458004
Conservative-AoI Safe,8,11,10,0.2492611008,1.819920828,35.10216216,0.3108621522,0.03378378378,23.99841655
Conservative-AoI Safe,8,11,11,0.2092716103,2.159149808,39.6372973,0.3577186033,0.03351351351,23.98724712
Conservative-AoI Safe,8,12,0,0.2277146089,1.986329388,31.05405405,0.34733922,0.04891891892,23.96964494
Conservative-AoI Safe,8,12,1,0.9318683167,0.369039043,8.837027027,0.1207854814,0.2778378378,0.369039043
Conservative-AoI Safe,8,12,2,0.4490225566,1.047885528,20.92702703,0.2925583111,0.1002702703,23.36330667
Conservative-AoI Safe,8,12,3,0.364868936,1.273544601,21.32567568,0.3101253205,0.08486486486,20.37140847
Conservative-AoI Safe,8,12,4,0.3264467419,1.412123145,22.29783784,0.3274599077,0.0827027027,23.86074331
Conservative-AoI Safe,8,12,5,0.2532754659,1.792296255,39.31243243,0.3022683413,0.03405405405,23.84592509
Conservative-AoI Safe,8,12,6,0.5108922966,0.9237509324,17.68459459,0.2451684907,0.1202702703,12.97002238
Conservative-AoI Safe,8,12,7,0.7249468559,0.6195927545,12.37864865,0.1825286763,0.2024324324,5.670226108
Conservative-AoI Safe,8,12,8,0.885090931,0.4325165816,10.22648649,0.1378208243,0.2397297297,1.017815051
Conservative-AoI Safe,8,12,9,0.3371942215,1.370290719,25.59432432,0.3073895396,0.06972972973,23.90075659
Conservative-AoI Safe,8,12,10,0.4510893652,1.043286736,23.02216216,0.2588478983,0.1016216216,21.76433681
Conservative-AoI Safe,8,12,11,0.3770521179,1.235229773,25.54297297,0.2760905465,0.07054054054,23.00919091
Conservative-AoI Safe,8,13,0,0.931036637,0.3702883284,13.40189189,0.103680732,0.2121621622,0.3702883284
Conservative-AoI Safe,8,13,1,0.7159624459,0.6302691506,13.95621622,0.1628479211,0.16,4.544844711
Conservative-AoI Safe,8,13,2,0.6775674106,0.6771299559,16.31216216,0.1753217561,0.1648648649,7.051118941
Conservative-AoI Safe,8,13,3,0.3509019354,1.320546841,26.60918919,0.2498331862,0.05810810811,19.33695207
Conservative-AoI Safe,8,13,4,0.95,0.2764601871,11.02594595,0.07830548003,0.2359459459,0.2764601871
Conservative-AoI Safe,8,13,5,0.7562371291,0.5830294735,13.70837838,0.1591512887,0.1813513514,3.877559996
Conservative-AoI Safe,8,13,6,0.2357345475,1.920506701,39.0627027,0.2974190107,0.03081081081,23.92810721
Conservative-AoI Safe,8,13,7,0.5713184825,0.8232731646,17.02297297,0.2089333788,0.1313513514,8.865463292
Conservative-AoI Safe,8,13,8,0.95,0.2265612916,9.541891892,0.0679071547,0.2556756757,0.2265612916
Conservative-AoI Safe,8,13,9,0.8385292043,0.488449848,11.63243243,0.1408583751,0.2135135135,1.815197568
Conservative-AoI Safe,8,13,10,0.9458583108,0.3469497415,11.34810811,0.08917546058,0.2259459459,0.3469497415
Conservative-AoI Safe,8,13,11,0.3749843981,1.241568686,22.50135135,0.2526760056,0.08054054054,15.98980504
Conservative-AoI Safe,8,14,0,0.3969158517,1.177446822,22.56648649,0.2765408887,0.08783783784,18.2812769
Conservative-AoI Safe,8,14,1,0.64914127,0.7134614509,15.92783784,0.225415253,0.1721621622,9.403843528
Conservative-AoI Safe,8,14,2,0.685168137,0.6676722331,14.77351351,0.1977753426,0.1632432432,6.424133594
Conservative-AoI Safe,8,14,3,0.2123384503,2.128067317,40.63513514,0.334164084,0.03054054054,23.97008682
Conservative-AoI Safe,8,14,4,0.8391928019,0.4876767217,12.17081081,0.1539476786,0.2227027027,2.591918044
Conservative-AoI Safe,8,14,5,0.2547057577,1.782678959,26.02324324,0.3334091459,0.05108108108,23.95912149
Conservative-AoI Safe,8,14,6,0.6450583303,0.7188179662,14.52162162,0.2162282152,0.1610810811,9.245721019
Conservative-AoI Safe,8,14,7,0.3536782427,1.310923092,27.60945946,0.290883205,0.07108108108,23.99323131
Conservative-AoI Safe,8,14,8,0.3495021855,1.325454306,25.11459459,0.2873011767,0.07216216216,23.99090073
Conservative-AoI Safe,8,14,9,0.2638904463,1.723560971,26.23864865,0.3265449298,0.05243243243,23.94765844
Conservative-AoI Safe,8,14,10,0.8142278578,0.5165166625,10.64459459,0.1566301879,0.2318918919,2.2642666
Conservative-AoI Safe,8,14,11,0.4332858251,1.084128614,21.0927027,0.2830454706,0.1083783784,17.50321536
Conservative-AoI Safe,8,15,0,0.95,0.2609434761,9.008918919,0.07919987125,0.2686486486,0.2609434761
Conservative-AoI Safe,8,15,1,0.6682774533,0.6888292002,13.24756757,0.203111529,0.1848648649,5.887754804
Conservative-AoI Safe,8,15,2,0.3936552323,1.186565108,23.69648649,0.2815686931,0.09621621622,17.18351834
Conservative-AoI Safe,8,15,3,0.8783623152,0.4408835581,13.49675676,0.1239240271,0.2172972973,1.013253371
Conservative-AoI Safe,8,15,4,0.2542081145,1.786011998,29.24432432,0.3079663932,0.04108108108,23.96220397
Conservative-AoI Safe,8,15,5,0.6112416568,0.7647485898,14.54081081,0.2192968253,0.162972973,12.07195487
Conservative-AoI Safe,8,15,6,0.1961261937,2.305041448,51.59621622,0.3208368501,0.02243243243,23.97140922
Conservative-AoI Safe,8,15,7,0.2603661895,1.74572184,36.67945946,0.312814481,0.04,23.96871495
Conservative-AoI Safe,8,15,8,0.4858854259,0.9708198352,17.56756757,0.256611297,0.1256756757,14.67049588
Conservative-AoI Safe,8,15,9,0.9440218225,0.349980936,10.03189189,0.1047105125,0.2564864865,0.349980936
Conservative-AoI Safe,8,15,10,0.777121657,0.5589976316,12.45567568,0.156217176,0.2010810811,3.102959737
Conservative-AoI Safe,8,15,11,0.6438927182,0.7203540735,17.04081081,0.189238962,0.1467567568,8.729205912
Conservative-AoI Safe,8,16,0,0.3932789834,1.187626136,24.23513514,0.2763638117,0.07675675676,23.84317612
Conservative-AoI Safe,8,16,1,0.7735119064,0.5631378354,12.32324324,0.182639298,0.1983783784,4.820410733
Conservative-AoI Safe,8,16,2,0.901603995,0.4113518347,9.065135135,0.1356349293,0.2708108108,0.6043330246
Conservative-AoI Safe,8,16,3,0.8416273572,0.4848363331,11.4072973,0.1398163155,0.2224324324,2.096726663
Conservative-AoI Safe,8,16,4,0.2260479039,2.00065631,29.70027027,0.3444373161,0.04054054054,23.62953396
Conservative-AoI Safe,8,16,5,0.7045979448,0.6439160289,11.65351351,0.1883019306,0.1924324324,4.546572491
Conservative-AoI Safe,8,16,6,0.6624829137,0.6962092138,13.58810811,0.2210934665,0.1921621622,9.582485628
Conservative-AoI Safe,8,16,7,0.1982197585,2.280313362,38.41540541,0.3365002961,0.02810810811,23.96532715
Conservative-AoI Safe,8,16,8,0.7522839954,0.5876051337,11.94216216,0.1837457134,0.2140540541,3.776892406
Conservative-AoI Safe,8,16,9,0.3841282698,1.214015836,19.79297297,0.2992384979,0.08783783784,23.39512434
Conservative-AoI Safe,8,16,10,0.2247729528,2.011774821,36.75540541,0.3338458756,0.03189189189,23.97679426
Conservative-AoI Safe,8,16,11,0.2144342016,2.107404393,32.45540541,0.3582587468,0.03810810811,23.97396253
Conservative-AoI Safe,8,17,0,0.6058267012,0.772389876,17.21675676,0.1853735702,0.1237837838,9.337357024
Conservative-AoI Safe,8,17,1,0.4606290406,1.022513998,20.51540541,0.221636818,0.1016216216,11.29530796
Conservative-AoI Safe,8,17,2,0.8627452041,0.4598691245,9.181621622,0.1404465164,0.2464864865,1.417775117
Conservative-AoI Safe,8,17,3,0.95,0.2139841101,8.767297297,0.07148225949,0.2813513514,0.2139841101
Conservative-AoI Safe,8,17,4,0.8920394043,0.4237308779,10.59459459,0.1240271732,0.2302702703,0.7796940469
Conservative-AoI Safe,8,17,5,0.9329954481,0.3673358894,10.18945946,0.1086122873,0.2524324324,0.3673358894
Conservative-AoI Safe,8,17,6,0.2434414901,1.861711545,30.68297297,0.3180004585,0.04594594595,23.88107708
Conservative-AoI Safe,8,17,7,0.2237143759,2.021113381,42.58648649,0.3097219695,0.02945945946,23.98004086
Conservative-AoI Safe,8,17,8,0.7874097494,0.5472165522,13.15891892,0.1572138365,0.2056756757,2.902681388
Conservative-AoI Safe,8,17,9,0.2072792387,2.179902851,40.06351351,0.3263962648,0.03054054054,23.97698839
Conservative-AoI Safe,8,17,10,0.95,0.241873434,10.31351351,0.07177757582,0.257027027,0.241873434
Conservative-AoI Safe,8,17,11,0.5223938409,0.9032962107,19.18945946,0.2326598078,0.1202702703,10.96922043
Conservative-AoI Safe,8,18,0,0.95,0.2641897105,10.1227027,0.07975673151,0.2559459459,0.2641897105
Conservative-AoI Safe,8,18,1,0.2298402862,1.968390267,35.61459459,0.3117504586,0.03837837838,23.97814695
Conservative-AoI Safe,8,18,2,0.2514208534,1.804941085,31.80054054,0.2980591899,0.04702702703,23.93340929
Conservative-AoI Safe,8,18,3,0.95,0.3377909827,10.47648649,0.09914621817,0.2478378378,0.3377909827
Conservative-AoI Safe,8,18,4,0.8064515181,0.5254308787,13.28972973,0.143428429,0.2010810811,2.156032301
Conservative-AoI Safe,8,18,5,0.2889292384,1.582364629,31.3372973,0.2903852927,0.05243243243,23.99438646
Conservative-AoI Safe,8,18,6,0.86964094,0.451552802,11.59108108,0.1227735456,0.2075675676,1.327950436
Conservative-AoI Safe,8,18,7,0.95,0.2372894534,10.21108108,0.0666334438,0.2310810811,0.2372894534
Conservative-AoI Safe,8,18,8,0.4229897239,1.10910177,25.20972973,0.2233191402,0.07135135135,20.96395134
Conservative-AoI Safe,8,18,9,0.9113191376,0.3983676074,10.72135135,0.1158496069,0.2424324324,0.3983676074
Conservative-AoI Safe,8,18,10,0.93510967,0.3641087485,10.37891892,0.1078549158,0.2456756757,0.3641087485
Conservative-AoI Safe,8,18,11,0.8418183031,0.4846132827,11.4127027,0.1373944145,0.2154054054,2.453785199
Conservative-AoI Safe,8,19,0,0.8339118425,0.4938172966,10.61756757,0.1617585307,0.2372972973,1.994894042
Conservative-AoI Safe,8,19,1,0.4218873338,1.111838862,22.08972973,0.2536194594,0.09216216216,15.84987677
Conservative-AoI Safe,8,19,2,0.3658373363,1.270411673,22.97378378,0.2949415208,0.07594594595,23.89511204
Conservative-AoI Safe,8,19,3,0.3670076204,1.266646367,22.7072973,0.335490119,0.08432432432,23.99939102
Conservative-AoI Safe,8,19,4,0.481511622,0.9794527448,18.84837838,0.2657758259,0.1197297297,18.68084607
Conservative-AoI Safe,8,19,5,0.1930715746,2.342239302,36.66891892,0.3652627236,0.03189189189,23.99135023
Conservative-AoI Safe,8,19,6,0.2120595117,2.1308523,36.44135135,0.341512274,0.03540540541,23.9627845
Conservative-AoI Safe,8,19,7,0.3057773787,1.500722279,22.90054054,0.3334037063,0.06513513514,23.92672432
Conservative-AoI Safe,8,19,8,0.5446939528,0.8655191693,15.1527027,0.2676091702,0.1486486486,14.36557508
Conservative-AoI Safe,8,19,9,0.4653449839,1.012509865,17.01189189,0.279945295,0.1237837838,17.55027621
Conservative-AoI Safe,8,19,10,0.3623629999,1.281724896,24.00945946,0.2878684833,0.07621621622,23.49692156
Conservative-AoI Safe,8,19,11,0.8770434254,0.4425090154,9.356486486,0.1448320048,0.2727027027,1.360288493
Static-Geometry Safe,2,0,0,0.95,0.3369544871,4.607297297,0.08378327788,0.2062162162,0.3369544871
Static-Geometry Safe,2,0,1,0.2315765095,1.95400716,19.61,0.3839360014,0.04378378378,23.99862288
Static-Geometry Safe,2,0,2,0.95,0.2191119648,4.975135135,0.05625847744,0.2035135135,0.2191119648
Static-Geometry Safe,2,0,3,0.8081176242,0.5235225351,6.048108108,0.1379552626,0.1775675676,1.264657746
Static-Geometry Safe,2,0,4,0.6281327393,0.7414402559,8.194594595,0.214817285,0.1332432432,11.65761024
Static-Geometry Safe,2,0,5,0.795200025,0.5383055036,6.069459459,0.1482522455,0.18,1.229833022
Static-Geometry Safe,2,0,6,0.3394136806,1.361973486,13.86,0.3828249799,0.07540540541,23.99879185
Static-Geometry Safe,2,0,7,0.9476946562,0.3438720469,4.973243243,0.08029876986,0.1902702703,0.3438720469
Static-Geometry Safe,2,0,8,0.5005847781,0.9427001774,10.24783784,0.2912179197,0.1102702703,18.53610763
Static-Geometry Safe,2,0,9,0.95,0.2738400263,4.544054054,0.06179903296,0.1975675676,0.2738400263
Static-Geometry Safe,2,0,10,0.23436609,1.931388168,19.66189189,0.3873216272,0.04513513514,23.99858589
Static-Geometry Safe,2,0,11,0.2528380647,1.795260579,18.09756757,0.3944721219,0.05081081081,23.9999822
Static-Geometry Safe,2,1,0,0.5605092249,0.8400796556,8.861621622,0.2792697234,0.13,11.52382347
Static-Geometry Safe,2,1,1,0.2181252996,2.072097608,25.80648649,0.3936985456,0.03891891892,23.99386234
Static-Geometry Safe,2,1,2,0.2316669551,1.953264399,22.94297297,0.3869575147,0.03945945946,23.98487437
Static-Geometry Safe,2,1,3,0.3707979081,1.254604531,12.71108108,0.37502503,0.08810810811,23.98613075
Static-Geometry Safe,2,1,4,0.95,0.2976063768,4.231891892,0.07673418471,0.222972973,0.2976063768
Static-Geometry Safe,2,1,5,0.95,0.2276934429,3.874324324,0.06326185388,0.242972973,0.2276934429
Static-Geometry Safe,2,1,6,0.2020086086,2.237061952,30.12162162,0.3905789246,0.03216216216,23.989346
Static-Geometry Safe,2,1,7,0.95,0.2579608484,4.354324324,0.06421133551,0.2175675676,0.2579608484
Static-Geometry Safe,2,1,8,0.325972712,1.414030367,14.57459459,0.3898137768,0.07027027027,23.99946182
Static-Geometry Safe,2,1,9,0.8362721814,0.4910760745,5.972972973,0.1433411245,0.1975675676,0.8553803727
Static-Geometry Safe,2,1,10,0.2993435181,1.530799061,15.02189189,0.3814585767,0.06756756757,23.9947239
Static-Geometry Safe,2,1,11,0.2334007936,1.939147999,19.21162162,0.3967391987,0.04675675676,23.9926919
Static-Geometry Safe,2,2,0,0.2983974043,1.535332493,15.85756757,0.3830032137,0.06108108108,23.99791679
Static-Geometry Safe,2,2,1,0.4720337023,0.9986066978,9.526486486,0.2704334895,0.1151351351,18.32754828
Static-Geometry Safe,2,2,2,0.7619171253,0.5764720931,6.364324324,0.1495711377,0.1635135135,1.588248838
Static-Geometry Safe,2,2,3,0.95,0.328976203,4.842972973,0.07957667613,0.2010810811,0.328976203
Static-Geometry Safe,2,2,4,0.6042558466,0.7746227687,8.777837838,0.2413892033,0.1275675676,6.787928598
Static-Geometry Safe,2,2,5,0.7527600943,0.5870535051,6.723243243,0.1599324144,0.1618918919,1.522321031
Static-Geometry Safe,2,2,6,0.6803453125,0.6736618433,7.25027027,0.169872027,0.1467567568,4.92591318
Static-Geometry Safe,2,2,7,0.2438339011,1.858825842,20.22054054,0.3923629683,0.04432432432,23.97710656
Static-Geometry Safe,2,2,8,0.7053294905,0.6430324214,7.009459459,0.1732711687,0.1513513514,2.6024539
Static-Geometry Safe,2,2,9,0.1925045361,2.34929577,25.90324324,0.3917609433,0.03216216216,23.98873199
Static-Geometry Safe,2,2,10,0.95,0.2710575607,4.730540541,0.06578640256,0.2072972973,0.2710575607
Static-Geometry Safe,2,2,11,0.2931742638,1.560894842,15.03945946,0.3935986182,0.06513513514,23.99901395
Static-Geometry Safe,2,3,0,0.2469621281,1.836175919,16.55189189,0.3900633168,0.05432432432,23.99174042
Static-Geometry Safe,2,3,1,0.8215561338,0.5080937316,5.50972973,0.1456993106,0.1983783784,1.729499705
Static-Geometry Safe,2,3,2,0.8932287906,0.4222105672,4.622702703,0.1151379628,0.2216216216,0.4888422689
Static-Geometry Safe,2,3,3,0.3220866759,1.429873819,13.25810811,0.3887710978,0.07756756757,23.99902226
Static-Geometry Safe,2,3,4,0.225348274,2.006740312,20.21189189,0.3921279041,0.04648648649,23.99535677
Static-Geometry Safe,2,3,5,0.2465631425,1.839030251,19.60324324,0.3946459511,0.04594594595,23.98641486
Static-Geometry Safe,2,3,6,0.4834834838,0.9755450403,9.319459459,0.309010483,0.122972973,20.37725201
Static-Geometry Safe,2,3,7,0.2778755806,1.641436133,17.26378378,0.3912828835,0.05702702703,23.99552575
Static-Geometry Safe,2,3,8,0.2645088005,1.719737046,18.84756757,0.394609933,0.05378378378,23.99345712
Static-Geometry Safe,2,3,9,0.3014458345,1.520828652,15.61027027,0.3859616498,0.06459459459,23.98667143
Static-Geometry Safe,2,3,10,0.9387067142,0.3585144156,4.486756757,0.09350443543,0.2116216216,0.3585144156
Static-Geometry Safe,2,3,11,0.2969367479,1.542388958,16.88378378,0.3810117589,0.06081081081,23.99585942
Static-Geometry Safe,2,4,0,0.662118963,0.6966749552,7.556216216,0.1854661705,0.1351351351,4.526849014
Static-Geometry Safe,2,4,1,0.6741961796,0.6813572012,7.671891892,0.1712600533,0.1364864865,3.271215628
Static-Geometry Safe,2,4,2,0.3640876,1.27608378,13.86513514,0.3172965075,0.07513513514,23.97593767
Static-Geometry Safe,2,4,3,0.2460798207,1.842501298,19.07540541,0.3779617527,0.04864864865,23.99257917
Static-Geometry Safe,2,4,4,0.2372011855,1.908996959,23.04540541,0.3797356113,0.03945945946,23.9979331
Static-Geometry Safe,2,4,5,0.4128728207,1.13470463,11.57945946,0.328144312,0.09432432432,21.17637043
Static-Geometry Safe,2,4,6,0.5024050881,0.9393093506,10.10675676,0.2663068943,0.107027027,13.46892078
Static-Geometry Safe,2,4,7,0.4159209977,1.126874486,11.82513514,0.2832414249,0.08783783784,23.93934366
Static-Geometry Safe,2,4,8,0.2309431598,1.959226317,19.53189189,0.3886681397,0.04648648649,23.99435271
Static-Geometry Safe,2,4,9,0.4380235493,1.072981387,12.60324324,0.3059446929,0.08648648649,23.92764128
Static-Geometry Safe,2,4,10,0.7287104513,0.6151471375,7.501891892,0.1554493442,0.1445945946,2.766618512
Static-Geometry Safe,2,4,11,0.5641011845,0.8344446437,8.728108108,0.2248490026,0.1213513514,8.461116092
Static-Geometry Safe,2,5,0,0.9411489522,0.3546353857,4.874324324,0.08367478153,0.1983783784,0.3546353857
Static-Geometry Safe,2,5,1,0.4821824971,0.9781203331,9.826486486,0.2884133198,0.1154054054,12.76548966
Static-Geometry Safe,2,5,2,0.3825098869,1.218803669,11.58054054,0.3554295024,0.08891891892,23.94190087
Static-Geometry Safe,2,5,3,0.7544254172,0.5851252029,6.824864865,0.1511837011,0.1654054054,2.806627637
Static-Geometry Safe,2,5,4,0.3523107703,1.315645181,13.64756757,0.3434900661,0.07918918919,23.96048494
Static-Geometry Safe,2,5,5,0.8677360717,0.4538598372,5.962972973,0.1110116629,0.1724324324,0.9385983724
Static-Geometry Safe,2,5,6,0.95,0.2241414152,4.591351351,0.05361220338,0.2013513514,0.2241414152
Static-Geometry Safe,2,5,7,0.2189202535,2.064668323,23.79378378,0.3844747228,0.04162162162,23.99744594
Static-Geometry Safe,2,5,8,0.8265150398,0.5023771293,5.997297297,0.1321116072,0.1783783784,1.116639905
Static-Geometry Safe,2,5,9,0.3376263363,1.368663091,13.26918919,0.3787867583,0.07891891892,23.98427696
Static-Geometry Safe,2,5,10,0.2625732011,1.731770293,17.95810811,0.3809894645,0.04972972973,23.99578578
Static-Geometry Safe,2,5,11,0.2699141276,1.687095206,17.46243243,0.3852960672,0.05621621622,23.99980549
Static-Geometry Safe,2,6,0,0.6600953202,0.6992694381,8.001621622,0.1967404014,0.1337837838,7.878813705
Static-Geometry Safe,2,6,1,0.4082536129,1.146768836,12.30189189,0.3384517755,0.08513513514,19.12704971
Static-Geometry Safe,2,6,2,0.95,0.2551559305,4.732432432,0.0568928764,0.19,0.2551559305
Static-Geometry Safe,2,6,3,0.8542797728,0.4699577518,5.741891892,0.1140600165,0.1705405405,0.5399155036
Static-Geometry Safe,2,6,4,0.5796663152,0.8105930222,9.227297297,0.2105351066,0.1140540541,6.264825556
Static-Geometry Safe,2,6,5,0.95,0.2156180293,4.60972973,0.04871801959,0.1932432432,0.2156180293
Static-Geometry Safe,2,6,6,0.7238759829,0.6208604762,7.874054054,0.1422945092,0.1324324324,1.76688381
Static-Geometry Safe,2,6,7,0.298421524,1.535216558,15.00351351,0.3688668974,0.06162162162,23.95254122
Static-Geometry Safe,2,6,8,0.95,0.2628816135,4.55972973,0.0581181513,0.1897297297,0.2628816135
Static-Geometry Safe,2,6,9,0.3698913443,1.257463669,13.68378378,0.3490311318,0.0772972973,23.95376474
Static-Geometry Safe,2,6,10,0.95,0.2571157349,4.735945946,0.05962305419,0.1891891892,0.2571157349
Static-Geometry Safe,2,6,11,0.5870736138,0.7995478023,8.862972973,0.2176066586,0.1264864865,7.189147256
Static-Geometry Safe,2,7,0,0.95,0.2129344738,4.582972973,0.05288831931,0.2086486486,0.2129344738
Static-Geometry Safe,2,7,1,0.8194645516,0.5105004868,5.430810811,0.1262453907,0.1805405405,1.173503408
Static-Geometry Safe,2,7,2,0.5139536145,0.9182376412,9.432972973,0.2970622856,0.12,12.8301197
Static-Geometry Safe,2,7,3,0.1957148488,2.309972111,23.54621622,0.3845791406,0.03351351351,23.99665327
Static-Geometry Safe,2,7,4,0.2668165055,1.705631049,16.31621622,0.3839974767,0.06054054054,23.99844559
Static-Geometry Safe,2,7,5,0.95,0.2143947682,4.595405405,0.0527874686,0.2059459459,0.2143947682
Static-Geometry Safe,2,7,6,0.9166527097,0.3910280632,4.998378378,0.1007161471,0.2016216216,0.3910280632
Static-Geometry Safe,2,7,7,0.2817874583,1.619983796,16.95243243,0.379163775,0.05864864865,23.9987037
Static-Geometry Safe,2,7,8,0.4060368001,1.152645744,10.78351351,0.3364479469,0.1018918919,23.77434997
Static-Geometry Safe,2,7,9,0.95,0.2643493157,4.616216216,0.06558720859,0.2037837838,0.2643493157
Static-Geometry Safe,2,7,10,0.95,0.2202876177,4.595135135,0.05554820198,0.2105405405,0.2202876177
Static-Geometry Safe,2,7,11,0.8957240492,0.4190042049,5.146756757,0.1086013601,0.197027027,0.4950210247
Static-Geometry Safe,2,8,0,0.924502767,0.3798996382,4.56972973,0.09466688281,0.2027027027,0.3798996382
Static-Geometry Safe,2,8,1,0.7675714746,0.5699618165,6.752702703,0.1585110025,0.1659459459,1.469579982
Static-Geometry Safe,2,8,2,0.2938168902,1.557699888,15.57405405,0.376794973,0.06189189189,23.99338414
Static-Geometry Safe,2,8,3,0.223720696,2.021057334,22.20702703,0.3878245155,0.04432432432,23.97983616
Static-Geometry Safe,2,8,4,0.8564804989,0.4673466129,5.607297297,0.1173418928,0.1816216216,0.6020398386
Static-Geometry Safe,2,8,5,0.95,0.2347890628,4.492702703,0.0585703527,0.2083783784,0.2347890628
Static-Geometry Safe,2,8,6,0.4732619221,0.9960890923,10.51108108,0.3042109931,0.1078378378,17.68658368
Static-Geometry Safe,2,8,7,0.198994158,2.271318822,21.4572973,0.3910351593,0.03918918919,23.99385401
Static-Geometry Safe,2,8,8,0.3554966144,1.304697623,12.23054054,0.3529736001,0.08594594595,23.99724593
Static-Geometry Safe,2,8,9,0.365156396,1.272612991,12.40351351,0.3566755868,0.08216216216,23.95929364
Static-Geometry Safe,2,8,10,0.95,0.2590903055,4.41,0.06393228348,0.2097297297,0.2590903055
Static-Geometry Safe,2,8,11,0.8950142286,0.4199186836,4.642972973,0.1105407562,0.2067567568,0.4796747345
Static-Geometry Safe,2,9,0,0.3257577326,1.414897118,14.49216216,0.3770509616,0.06513513514,23.99176942
Static-Geometry Safe,2,9,1,0.6871221964,0.6652565043,7.965945946,0.1801586533,0.1435135135,7.42718212
Static-Geometry Safe,2,9,2,0.2523803769,1.798374164,19.60243243,0.3820329981,0.04648648649,23.96423161
Static-Geometry Safe,2,9,3,0.1963495047,2.302374716,28.12189189,0.3932704921,0.03162162162,23.99736337
Static-Geometry Safe,2,9,4,0.5437054116,0.8671448273,9.176216216,0.2744396197,0.1178378378,15.02438619
Static-Geometry Safe,2,9,5,0.2493362779,1.819394726,21.58864865,0.3914157303,0.04162162162,23.99284056
Static-Geometry Safe,2,9,6,0.95,0.209506079,4.144324324,0.05226327321,0.2162162162,0.209506079
Static-Geometry Safe,2,9,7,0.4363495231,1.076896197,9.964324324,0.3352930861,0.1048648649,23.99790335
Static-Geometry Safe,2,9,8,0.95,0.2790122724,4.610810811,0.07141205998,0.2108108108,0.2790122724
Static-Geometry Safe,2,9,9,0.6652629851,0.6926602831,7.233513514,0.2048027972,0.1524324324,3.40458368
Static-Geometry Safe,2,9,10,0.95,0.247425482,4.507297297,0.061990114,0.2145945946,0.247425482
Static-Geometry Safe,2,9,11,0.2127973752,2.123503268,26.25459459,0.3925611447,0.03459459459,23.99267976
Static-Geometry Safe,2,10,0,0.2210551088,2.045012567,20.93702703,0.3813672084,0.04513513514,23.99589223
Static-Geometry Safe,2,10,1,0.5230742899,0.9021077578,10.79567568,0.2825791598,0.1078378378,11.8800948
Static-Geometry Safe,2,10,2,0.4621770162,1.019211399,10.95540541,0.300254169,0.102972973,16.76845597
Static-Geometry Safe,2,10,3,0.8877431859,0.4291816563,5.210540541,0.1036995678,0.1951351351,0.5167266252
Static-Geometry Safe,2,10,4,0.3493760462,1.325898395,14.53486486,0.3361331606,0.07189189189,23.96827799
Static-Geometry Safe,2,10,5,0.4491418585,1.047619095,10.72486486,0.3292921641,0.107027027,23.94286522
Static-Geometry Safe,2,10,6,0.5565464418,0.8463561798,9.124594595,0.2399534142,0.1227027027,14.96153483
Static-Geometry Safe,2,10,7,0.34857734,1.328717478,13.61648649,0.3641404117,0.07567567568,23.90715644
Static-Geometry Safe,2,10,8,0.2223217792,2.03354937,21.31702703,0.389672028,0.04081081081,23.99755995
Static-Geometry Safe,2,10,9,0.6900300697,0.6616731043,7.348648649,0.1813341967,0.1502702703,5.696885548
Static-Geometry Safe,2,10,10,0.2104662511,2.146920017,21.84351351,0.3945690842,0.03702702703,23.99908082
Static-Geometry Safe,2,10,11,0.2177243916,2.075867389,27.57378378,0.3927316682,0.03594594595,23.99321517
Static-Geometry Safe,2,11,0,0.95,0.3358641596,5.091621622,0.07525172658,0.1905405405,0.3358641596
Static-Geometry Safe,2,11,1,0.2935060875,1.559243329,15.78135135,0.3683185592,0.06135135135,23.99535639
Static-Geometry Safe,2,11,2,0.6227889451,0.7487311135,8.44027027,0.1871827784,0.1332432432,13.44670677
Static-Geometry Safe,2,11,3,0.4312530983,1.088976442,11.15189189,0.3272815686,0.09378378378,23.8496101
Static-Geometry Safe,2,11,4,0.6153269509,0.7590395275,9.232702703,0.1969399855,0.1202702703,8.412146297
Static-Geometry Safe,2,11,5,0.4183303984,1.120756955,12.68162162,0.3356212718,0.08594594595,21.92099414
Static-Geometry Safe,2,11,6,0.9434799305,0.3508668233,5.183783784,0.08117351373,0.1791891892,0.3508668233
Static-Geometry Safe,2,11,7,0.4987828682,0.9460759936,11.31621622,0.2741063419,0.09810810811,16.61164769
Static-Geometry Safe,2,11,8,0.6260188518,0.7443154627,9.271891892,0.1808485408,0.1210810811,12.52714221
Static-Geometry Safe,2,11,9,0.4351735249,1.079661914,10.92621622,0.3090167479,0.09864864865,22.46782892
Static-Geometry Safe,2,11,10,0.2492611008,1.819920828,20.01216216,0.3772646688,0.04513513514,23.99841655
Static-Geometry Safe,2,11,11,0.2092716103,2.159149808,27.55621622,0.3728910074,0.03054054054,23.98724712
Static-Geometry Safe,2,12,0,0.2277146089,1.986329388,19.93783784,0.3800868127,0.04216216216,23.9934339
Static-Geometry Safe,2,12,1,0.9318683167,0.369039043,4.844594595,0.08138807003,0.1883783784,0.369039043
Static-Geometry Safe,2,12,2,0.4490225566,1.047885528,11.66,0.3273934246,0.1016216216,23.97176455
Static-Geometry Safe,2,12,3,0.364868936,1.273544601,13.78513514,0.3583134946,0.07702702703,23.93014086
Static-Geometry Safe,2,12,4,0.3264467419,1.412123145,14.39972973,0.3602822295,0.07135135135,23.98197476
Static-Geometry Safe,2,12,5,0.2532754659,1.792296255,20.72648649,0.3909143453,0.04648648649,23.99940524
Static-Geometry Safe,2,12,6,0.5108922966,0.9237509324,9.554594595,0.244169841,0.1072972973,12.45503357
Static-Geometry Safe,2,12,7,0.7249468559,0.6195927545,6.919459459,0.1445158236,0.1402702703,2.376334791
Static-Geometry Safe,2,12,8,0.885090931,0.4325165816,5.664594595,0.1026350159,0.1735135135,0.4975497449
Static-Geometry Safe,2,12,9,0.3371942215,1.370290719,14.53783784,0.34886861,0.07081081081,23.93628025
Static-Geometry Safe,2,12,10,0.4510893652,1.043286736,11.33351351,0.2766119698,0.09513513514,13.97475619
Static-Geometry Safe,2,12,11,0.3770521179,1.235229773,12.77135135,0.3291720421,0.08324324324,23.69102909
Static-Geometry Safe,2,13,0,0.931036637,0.3702883284,5.763243243,0.08946966638,0.1767567568,0.3702883284
Static-Geometry Safe,2,13,1,0.7159624459,0.6302691506,7.126756757,0.173920217,0.1475675676,2.532960657
Static-Geometry Safe,2,13,2,0.6775674106,0.6771299559,8.505405405,0.1690994809,0.1289189189,3.388339205
Static-Geometry Safe,2,13,3,0.3509019354,1.320546841,13.75243243,0.3572614562,0.07324324324,23.98351417
Static-Geometry Safe,2,13,4,0.95,0.2764601871,4.922432432,0.06732179151,0.1986486486,0.2764601871
Static-Geometry Safe,2,13,5,0.7562371291,0.5830294735,6.428378378,0.1481210014,0.1583783784,2.413324208
Static-Geometry Safe,2,13,6,0.2357345475,1.920506701,20.21486486,0.3841013401,0.04378378378,23.99904531
Static-Geometry Safe,2,13,7,0.5713184825,0.8232731646,8.771891892,0.2489845057,0.1264864865,10.60510228
Static-Geometry Safe,2,13,8,0.95,0.2265612916,4.500810811,0.05492580502,0.2043243243,0.2265612916
Static-Geometry Safe,2,13,9,0.8385292043,0.488449848,5.595675676,0.1201322599,0.1791891892,0.6653495441
Static-Geometry Safe,2,13,10,0.9458583108,0.3469497415,5.244324324,0.0714528927,0.1745945946,0.3469497415
Static-Geometry Safe,2,13,11,0.3749843981,1.241568686,12.15918919,0.3325390724,0.08567567568,23.98510197
Static-Geometry Safe,2,14,0,0.3969158517,1.177446822,12.25216216,0.3354132297,0.08783783784,22.82127752
Static-Geometry Safe,2,14,1,0.64914127,0.7134614509,8.451621622,0.1928274192,0.1262162162,9.598073684
Static-Geometry Safe,2,14,2,0.685168137,0.6676722331,7.515405405,0.1844218979,0.1345945946,6.156461361
Static-Geometry Safe,2,14,3,0.2123384503,2.128067317,22.95621622,0.3893788036,0.04135135135,23.99093361
Static-Geometry Safe,2,14,4,0.8391928019,0.4876767217,6.19972973,0.115460759,0.1648648649,0.9260603305
Static-Geometry Safe,2,14,5,0.2547057577,1.782678959,18.95486486,0.3729171661,0.04891891892,23.9969957
Static-Geometry Safe,2,14,6,0.6450583303,0.7188179662,8.574864865,0.2069030092,0.1272972973,4.14463356
Static-Geometry Safe,2,14,7,0.3536782427,1.310923092,14.61054054,0.3564293596,0.07243243243,23.87892388
Static-Geometry Safe,2,14,8,0.3495021855,1.325454306,14.11432432,0.3514245067,0.07189189189,23.99450889
Static-Geometry Safe,2,14,9,0.2638904463,1.723560971,18.62567568,0.3666060767,0.05378378378,23.98956077
Static-Geometry Safe,2,14,10,0.8142278578,0.5165166625,6.185675676,0.1176820396,0.1613513514,1.099099975
Static-Geometry Safe,2,14,11,0.4332858251,1.084128614,12.06162162,0.2974028496,0.09405405405,20.43817348
Static-Geometry Safe,2,15,0,0.95,0.2609434761,4.435675676,0.06283801005,0.2086486486,0.2609434761
Static-Geometry Safe,2,15,1,0.6682774533,0.6888292002,6.78027027,0.1941753664,0.1602702703,3.932438003
Static-Geometry Safe,2,15,2,0.3936552323,1.186565108,11.58675676,0.3418590284,0.09351351351,23.90290899
Static-Geometry Safe,2,15,3,0.8783623152,0.4408835581,5.674054054,0.1040246882,0.1781081081,0.5226506742
Static-Geometry Safe,2,15,4,0.2542081145,1.786011998,18.67594595,0.3856820505,0.05243243243,23.99554779
Static-Geometry Safe,2,15,5,0.6112416568,0.7647485898,7.752432432,0.2149563604,0.1440540541,6.824468976
Static-Geometry Safe,2,15,6,0.1961261937,2.305041448,27.43108108,0.3887421252,0.02972972973,23.99820663
Static-Geometry Safe,2,15,7,0.2603661895,1.74572184,17.29837838,0.3920796888,0.05378378378,23.9981173
Static-Geometry Safe,2,15,8,0.4858854259,0.9708198352,9.727567568,0.2915083343,0.1154054054,13.0078744
Static-Geometry Safe,2,15,9,0.9440218225,0.349980936,4.78,0.08371165632,0.1986486486,0.349980936
Static-Geometry Safe,2,15,10,0.777121657,0.5589976316,6.815405405,0.1409580514,0.1543243243,1.989976316
Static-Geometry Safe,2,15,11,0.6438927182,0.7203540735,8.365405405,0.1954690513,0.1275675676,5.125665177
Static-Geometry Safe,2,16,0,0.3932789834,1.187626136,12.73594595,0.3453745196,0.08756756757,23.98332498
Static-Geometry Safe,2,16,1,0.7735119064,0.5631378354,6.536216216,0.1701589459,0.1740540541,2.447067531
Static-Geometry Safe,2,16,2,0.901603995,0.4113518347,4.922432432,0.1066179485,0.2037837838,0.4340555041
Static-Geometry Safe,2,16,3,0.8416273572,0.4848363331,5.54,0.1162296831,0.1732432432,0.7393453325
Static-Geometry Safe,2,16,4,0.2260479039,2.00065631,19.32756757,0.3855318781,0.04513513514,23.68466401
Static-Geometry Safe,2,16,5,0.7045979448,0.6439160289,6.255405405,0.1785561745,0.1691891892,4.810068664
Static-Geometry Safe,2,16,6,0.6624829137,0.6962092138,7.245675676,0.210556246,0.1575675676,9.567322483
Static-Geometry Safe,2,16,7,0.1982197585,2.280313362,28.40621622,0.3962814842,0.03108108108,23.99979694
Static-Geometry Safe,2,16,8,0.7522839954,0.5876051337,6.171891892,0.1659587472,0.1824324324,2.088446203
Static-Geometry Safe,2,16,9,0.3841282698,1.214015836,11.32972973,0.3638766383,0.09648648649,23.22047507
Static-Geometry Safe,2,16,10,0.2247729528,2.011774821,22.01378378,0.3854995535,0.04108108108,23.98891298
Static-Geometry Safe,2,16,11,0.2144342016,2.107404393,22.03027027,0.3964198533,0.04027027027,23.99967442
Static-Geometry Safe,2,17,0,0.6058267012,0.772389876,8.295405405,0.2204442457,0.1318918919,10.02691653
Static-Geometry Safe,2,17,1,0.4606290406,1.022513998,9.753513514,0.2896201811,0.1083783784,15.6157559
Static-Geometry Safe,2,17,2,0.8627452041,0.4598691245,4.689459459,0.1160858817,0.1994594595,0.6394764981
Static-Geometry Safe,2,17,3,0.95,0.2139841101,3.986486486,0.05685037304,0.2216216216,0.2139841101
Static-Geometry Safe,2,17,4,0.8920394043,0.4237308779,5.198378378,0.1081086348,0.1894594595,0.4949235117
Static-Geometry Safe,2,17,5,0.9329954481,0.3673358894,4.663513514,0.0916354124,0.2091891892,0.3673358894
Static-Geometry Safe,2,17,6,0.2434414901,1.861711545,18.78459459,0.3844182757,0.05054054054,23.99413496
Static-Geometry Safe,2,17,7,0.2237143759,2.021113381,27.66486486,0.393297739,0.03378378378,23.99042902
Static-Geometry Safe,2,17,8,0.7874097494,0.5472165522,6.005135135,0.1484879509,0.1748648649,1.030515866
Static-Geometry Safe,2,17,9,0.2072792387,2.179902851,26.68621622,0.3959174908,0.03108108108,23.99969594
Static-Geometry Safe,2,17,10,0.95,0.241873434,4.403513514,0.05857259375,0.2067567568,0.241873434
Static-Geometry Safe,2,17,11,0.5223938409,0.9032962107,9.073513514,0.2822190323,0.1221621622,16.95821811
Static-Geometry Safe,2,18,0,0.95,0.2641897105,4.337297297,0.06897493522,0.2175675676,0.2641897105
Static-Geometry Safe,2,18,1,0.2298402862,1.968390267,24.67648649,0.3952740456,0.03972972973,23.99883016
Static-Geometry Safe,2,18,2,0.2514208534,1.804941085,16.90108108,0.3863549565,0.05324324324,23.97810691
Static-Geometry Safe,2,18,3,0.95,0.3377909827,4.443783784,0.08371738679,0.2113513514,0.3377909827
Static-Geometry Safe,2,18,4,0.8064515181,0.5254308787,6.055675676,0.1332038282,0.1732432432,1.152585272
Static-Geometry Safe,2,18,5,0.2889292384,1.582364629,15.14864865,0.3776291804,0.06567567568,23.98474892
Static-Geometry Safe,2,18,6,0.86964094,0.451552802,5.415135135,0.1188682241,0.1883783784,0.606211208
Static-Geometry Safe,2,18,7,0.95,0.2372894534,4.454594595,0.06073327361,0.2091891892,0.2372894534
Static-Geometry Safe,2,18,8,0.4229897239,1.10910177,10.64216216,0.3243373285,0.1008108108,23.98263277
Static-Geometry Safe,2,18,9,0.9113191376,0.3983676074,4.590810811,0.09786923112,0.1989189189,0.3983676074
Static-Geometry Safe,2,18,10,0.93510967,0.3641087485,5.103243243,0.09486509014,0.2054054054,0.3641087485
Static-Geometry Safe,2,18,11,0.8418183031,0.4846132827,6.218918919,0.1290119145,0.1897297297,1.584585958
Static-Geometry Safe,2,19,0,0.8339118425,0.4938172966,5.952432432,0.1235877883,0.1737837838,0.7752691863
Static-Geometry Safe,2,19,1,0.4218873338,1.111838862,11.95891892,0.2983935109,0.08783783784,21.77481515
Static-Geometry Safe,2,19,2,0.3658373363,1.270411673,13.39324324,0.3406076701,0.0772972973,23.98499219
Static-Geometry Safe,2,19,3,0.3670076204,1.266646367,11.82108108,0.3577420146,0.08783783784,23.93274466
Static-Geometry Safe,2,19,4,0.481511622,0.9794527448,10.56621622,0.2697465803,0.1013513514,15.75756254
Static-Geometry Safe,2,19,5,0.1930715746,2.342239302,22.28108108,0.375391326,0.03621621622,23.99135023
Static-Geometry Safe,2,19,6,0.2120595117,2.1308523,24.09432432,0.3893124742,0.03756756757,23.99687649
Static-Geometry Safe,2,19,7,0.3057773787,1.500722279,14.89027027,0.3739637679,0.06432432432,23.98450662
Static-Geometry Safe,2,19,8,0.5446939528,0.8655191693,9.257567568,0.2486613181,0.1197297297,12.1552476
Static-Geometry Safe,2,19,9,0.4653449839,1.012509865,9.625405405,0.2859656239,0.1072972973,14.8253354
Static-Geometry Safe,2,19,10,0.3623629999,1.281724896,13.16567568,0.3460657219,0.07513513514,23.99179083
Static-Geometry Safe,2,19,11,0.8770434254,0.4425090154,5.601351351,0.0989067448,0.1754054054,0.5275270463
Static-Geometry Safe,4,0,0,0.95,0.3369544871,4.677567568,0.08478503446,0.2118918919,0.3369544871
Static-Geometry Safe,4,0,1,0.2315765095,1.95400716,23.36378378,0.3897452118,0.04432432432,23.99025059
Static-Geometry Safe,4,0,2,0.95,0.2191119648,4.875405405,0.05720598864,0.2164864865,0.2191119648
Static-Geometry Safe,4,0,3,0.8081176242,0.5235225351,6.047567568,0.1376722775,0.1889189189,0.7705676054
Static-Geometry Safe,4,0,4,0.6281327393,0.7414402559,8.462162162,0.2051986006,0.1440540541,4.184647934
Static-Geometry Safe,4,0,5,0.795200025,0.5383055036,6.058378378,0.1478157815,0.1891891892,0.8149165108
Static-Geometry Safe,4,0,6,0.3394136806,1.361973486,13.64432432,0.3865059894,0.08,23.99181084
Static-Geometry Safe,4,0,7,0.9476946562,0.3438720469,5.067567568,0.08327279838,0.2,0.3438720469
Static-Geometry Safe,4,0,8,0.5005847781,0.9427001774,10.80054054,0.2736378353,0.1175675676,11.71020461
Static-Geometry Safe,4,0,9,0.95,0.2738400263,4.495675676,0.06416737913,0.2081081081,0.2738400263
Static-Geometry Safe,4,0,10,0.23436609,1.931388168,18.66162162,0.3899316113,0.05189189189,23.99717177
Static-Geometry Safe,4,0,11,0.2528380647,1.795260579,19.39702703,0.3968981497,0.05324324324,23.99428066
Static-Geometry Safe,4,1,0,0.5605092249,0.8400796556,9.512162162,0.2642845187,0.1381081081,7.082150702
Static-Geometry Safe,4,1,1,0.2181252996,2.072097608,27.37945946,0.3959386511,0.03891891892,23.99874277
Static-Geometry Safe,4,1,2,0.2316669551,1.953264399,21.80810811,0.3927645169,0.04189189189,23.99722263
Static-Geometry Safe,4,1,3,0.3707979081,1.254604531,12.69702703,0.3790940177,0.09405405405,23.93542526
Static-Geometry Safe,4,1,4,0.95,0.2976063768,4.244324324,0.07753852627,0.2216216216,0.2976063768
Static-Geometry Safe,4,1,5,0.95,0.2276934429,3.893513514,0.06356954772,0.2475675676,0.2276934429
Static-Geometry Safe,4,1,6,0.2020086086,2.237061952,25.80621622,0.3942065926,0.0327027027,23.99136411
Static-Geometry Safe,4,1,7,0.95,0.2579608484,4.396216216,0.06616347166,0.2259459459,0.2579608484
Static-Geometry Safe,4,1,8,0.325972712,1.414030367,13.37351351,0.3913424583,0.08135135135,23.98900631
Static-Geometry Safe,4,1,9,0.8362721814,0.4910760745,5.934594595,0.1386958102,0.2013513514,0.9464564472
Static-Geometry Safe,4,1,10,0.2993435181,1.530799061,15.19864865,0.3880782483,0.07189189189,23.99317275
Static-Geometry Safe,4,1,11,0.2334007936,1.939147999,21.52108108,0.3993596689,0.04459459459,23.99430778
Static-Geometry Safe,4,2,0,0.2983974043,1.535332493,15.87162162,0.3863228516,0.06405405405,23.99061455
Static-Geometry Safe,4,2,1,0.4720337023,0.9986066978,9.331621622,0.2566689107,0.1256756757,9.152627724
Static-Geometry Safe,4,2,2,0.7619171253,0.5764720931,6.504324324,0.1506617606,0.1802702703,0.9294162793
Static-Geometry Safe,4,2,3,0.95,0.328976203,4.82027027,0.08313317562,0.207027027,0.328976203
Static-Geometry Safe,4,2,4,0.6042558466,0.7746227687,8.865135135,0.2246406029,0.1402702703,4.292455374
Static-Geometry Safe,4,2,5,0.7527600943,0.5870535051,6.721621622,0.1588217726,0.172972973,1.335267526
Static-Geometry Safe,4,2,6,0.6803453125,0.6736618433,7.103783784,0.1733313716,0.1627027027,2.08394212
Static-Geometry Safe,4,2,7,0.2438339011,1.858825842,20.50027027,0.4014059048,0.04459459459,23.97730313
Static-Geometry Safe,4,2,8,0.7053294905,0.6430324214,7.228108108,0.1736187538,0.1602702703,1.458194529
Static-Geometry Safe,4,2,9,0.1925045361,2.34929577,24.99243243,0.3949356673,0.03621621622,23.99999967
Static-Geometry Safe,4,2,10,0.95,0.2710575607,4.745135135,0.06805742537,0.2108108108,0.2710575607
Static-Geometry Safe,4,2,11,0.2931742638,1.560894842,15.51783784,0.396973526,0.06648648649,23.99901395
Static-Geometry Safe,4,3,0,0.2469621281,1.836175919,18.26189189,0.3950259544,0.05783783784,23.99541437
Static-Geometry Safe,4,3,1,0.8215561338,0.5080937316,5.513243243,0.1435021485,0.2064864865,0.9404686578
Static-Geometry Safe,4,3,2,0.8932287906,0.4222105672,4.702162162,0.1146815189,0.2272972973,0.4888422689
Static-Geometry Safe,4,3,3,0.3220866759,1.429873819,12.4327027,0.3957272407,0.08675675676,23.98892778
Static-Geometry Safe,4,3,4,0.225348274,2.006740312,20.08540541,0.3953820776,0.04864864865,23.99767838
Static-Geometry Safe,4,3,5,0.2465631425,1.839030251,20.66891892,0.3931548455,0.04810810811,23.98108556
Static-Geometry Safe,4,3,6,0.4834834838,0.9755450403,9.828378378,0.3055828923,0.1321621622,17.2060673
Static-Geometry Safe,4,3,7,0.2778755806,1.641436133,15.91135135,0.3899519893,0.06486486486,23.99882145
Static-Geometry Safe,4,3,8,0.2645088005,1.719737046,18.22810811,0.3960043143,0.05891891892,23.98300089
Static-Geometry Safe,4,3,9,0.3014458345,1.520828652,16.35,0.389249928,0.06810810811,23.98667143
Static-Geometry Safe,4,3,10,0.9387067142,0.3585144156,4.431351351,0.09437649752,0.2191891892,0.3585144156
Static-Geometry Safe,4,3,11,0.2969367479,1.542388958,16.35918919,0.3747588307,0.07027027027,23.97240148
Static-Geometry Safe,4,4,0,0.662118963,0.6966749552,7.610540541,0.1860310421,0.1502702703,1.780049731
Static-Geometry Safe,4,4,1,0.6741961796,0.6813572012,7.590810811,0.1721808062,0.1508108108,1.525428805
Static-Geometry Safe,4,4,2,0.3640876,1.27608378,13.35378378,0.3252289202,0.08486486486,23.99551877
Static-Geometry Safe,4,4,3,0.2460798207,1.842501298,18.64648649,0.3889171658,0.05054054054,23.99257917
Static-Geometry Safe,4,4,4,0.2372011855,1.908996959,21.08081081,0.3864428979,0.04891891892,23.9979331
Static-Geometry Safe,4,4,5,0.4128728207,1.13470463,11.65594595,0.3229308043,0.1005405405,16.08227782
Static-Geometry Safe,4,4,6,0.5024050881,0.9393093506,10.33189189,0.2619911486,0.1127027027,7.397208569
Static-Geometry Safe,4,4,7,0.4159209977,1.126874486,11.5572973,0.2823277429,0.09648648649,18.93310907
Static-Geometry Safe,4,4,8,0.2309431598,1.959226317,21.25594595,0.3939633459,0.04594594595,23.99644225
Static-Geometry Safe,4,4,9,0.4380235493,1.072981387,11.9027027,0.3004347885,0.09783783784,17.09751607
Static-Geometry Safe,4,4,10,0.7287104513,0.6151471375,7.478918919,0.15727816,0.1556756757,1.290882825
Static-Geometry Safe,4,4,11,0.5641011845,0.8344446437,8.188378378,0.2178577097,0.1354054054,3.682225012
Static-Geometry Safe,4,5,0,0.9411489522,0.3546353857,4.901891892,0.08616681397,0.2062162162,0.3546353857
Static-Geometry Safe,4,5,1,0.4821824971,0.9781203331,10.09486486,0.2754598344,0.1183783784,9.609248994
Static-Geometry Safe,4,5,2,0.3825098869,1.218803669,11.25972973,0.3429120593,0.09756756757,22.21539813
Static-Geometry Safe,4,5,3,0.7544254172,0.5851252029,6.652972973,0.1481790041,0.1732432432,1.140500811
Static-Geometry Safe,4,5,4,0.3523107703,1.315645181,14.14108108,0.3538018797,0.08783783784,23.98355061
Static-Geometry Safe,4,5,5,0.8677360717,0.4538598372,6.197567568,0.1112569925,0.18,0.5615795117
Static-Geometry Safe,4,5,6,0.95,0.2241414152,4.662702703,0.05567188124,0.21,0.2241414152
Static-Geometry Safe,4,5,7,0.2189202535,2.064668323,26.45405405,0.3800105751,0.04297297297,23.99489188
Static-Geometry Safe,4,5,8,0.8265150398,0.5023771293,6.190540541,0.1317042744,0.1837837838,0.8190170342
Static-Geometry Safe,4,5,9,0.3376263363,1.368663091,12.87621622,0.3817460298,0.0827027027,23.98983911
Static-Geometry Safe,4,5,10,0.2625732011,1.731770293,17.47864865,0.3861379707,0.05540540541,23.99252137
Static-Geometry Safe,4,5,11,0.2699141276,1.687095206,17.42864865,0.388487869,0.06405405405,23.98366234
Static-Geometry Safe,4,6,0,0.6600953202,0.6992694381,8.206216216,0.1903146822,0.1437837838,1.792694381
Static-Geometry Safe,4,6,1,0.4082536129,1.146768836,12.61567568,0.3235747744,0.09378378378,17.71105996
Static-Geometry Safe,4,6,2,0.95,0.2551559305,4.714324324,0.05937547464,0.2005405405,0.2551559305
Static-Geometry Safe,4,6,3,0.8542797728,0.4699577518,5.98,0.1157112194,0.1808108108,0.5399155036
Static-Geometry Safe,4,6,4,0.5796663152,0.8105930222,9.365945946,0.2022100972,0.1251351351,3.337709289
Static-Geometry Safe,4,6,5,0.95,0.2156180293,4.70972973,0.05029144845,0.1994594595,0.2156180293
Static-Geometry Safe,4,6,6,0.7238759829,0.6208604762,8.021621622,0.1406165079,0.1402702703,1.062581429
Static-Geometry Safe,4,6,7,0.298421524,1.535216558,16.07486486,0.3667922804,0.06378378378,23.99547724
Static-Geometry Safe,4,6,8,0.95,0.2628816135,4.375675676,0.06081801652,0.2043243243,0.2628816135
Static-Geometry Safe,4,6,9,0.3698913443,1.257463669,14.74810811,0.3527695373,0.08243243243,23.96274746
Static-Geometry Safe,4,6,10,0.95,0.2571157349,4.537297297,0.06156879489,0.2035135135,0.2571157349
Static-Geometry Safe,4,6,11,0.5870736138,0.7995478023,9.266216216,0.2137169666,0.1354054054,3.99231264
Static-Geometry Safe,4,7,0,0.95,0.2129344738,4.600810811,0.05300341902,0.2145945946,0.2129344738
Static-Geometry Safe,4,7,1,0.8194645516,0.5105004868,5.516756757,0.1281770141,0.19,0.7315014605
Static-Geometry Safe,4,7,2,0.5139536145,0.9182376412,9.787027027,0.2809310838,0.1308108108,6.110653955
Static-Geometry Safe,4,7,3,0.1957148488,2.309972111,29.30216216,0.3864520909,0.03243243243,23.99776885
Static-Geometry Safe,4,7,4,0.2668165055,1.705631049,16.73027027,0.3853804208,0.06324324324,23.99844559
Static-Geometry Safe,4,7,5,0.95,0.2143947682,4.620810811,0.05307719126,0.2086486486,0.2143947682
Static-Geometry Safe,4,7,6,0.9166527097,0.3910280632,5.286756757,0.1016672964,0.2097297297,0.3910280632
Static-Geometry Safe,4,7,7,0.2817874583,1.619983796,16.78189189,0.3883582776,0.06324324324,23.99708331
Static-Geometry Safe,4,7,8,0.4060368001,1.152645744,11.33216216,0.3289713258,0.1110810811,23.80053827
Static-Geometry Safe,4,7,9,0.95,0.2643493157,4.634054054,0.06580154587,0.2102702703,0.2643493157
Static-Geometry Safe,4,7,10,0.95,0.2202876177,4.553243243,0.05691755745,0.2181081081,0.2202876177
Static-Geometry Safe,4,7,11,0.8957240492,0.4190042049,5.195675676,0.1092808264,0.2064864865,0.4950210247
Static-Geometry Safe,4,8,0,0.924502767,0.3798996382,4.714864865,0.09579631417,0.2078378378,0.3798996382
Static-Geometry Safe,4,8,1,0.7675714746,0.5699618165,6.814324324,0.1560463027,0.1756756757,0.9098854496
Static-Geometry Safe,4,8,2,0.2938168902,1.557699888,15.98918919,0.3814259727,0.06324324324,23.99787465
Static-Geometry Safe,4,8,3,0.223720696,2.021057334,22.14297297,0.3954717594,0.04,23.97921071
Static-Geometry Safe,4,8,4,0.8564804989,0.4673466129,5.473783784,0.1162051037,0.1910810811,0.6020398386
Static-Geometry Safe,4,8,5,0.95,0.2347890628,4.677027027,0.05939528725,0.2148648649,0.2347890628
Static-Geometry Safe,4,8,6,0.4732619221,0.9960890923,10.78513514,0.2864429174,0.1202702703,14.09440549
Static-Geometry Safe,4,8,7,0.198994158,2.271318822,23.80972973,0.3941045091,0.03297297297,23.99692701
Static-Geometry Safe,4,8,8,0.3554966144,1.304697623,12.74594595,0.3649627134,0.08783783784,23.9059391
Static-Geometry Safe,4,8,9,0.365156396,1.272612991,12.31243243,0.3460131536,0.09162162162,21.41406766
Static-Geometry Safe,4,8,10,0.95,0.2590903055,4.293243243,0.06491262518,0.2205405405,0.2590903055
Static-Geometry Safe,4,8,11,0.8950142286,0.4199186836,4.647027027,0.1128105869,0.2145945946,0.4398373672
Static-Geometry Safe,4,9,0,0.3257577326,1.414897118,15.7427027,0.3839342449,0.07162162162,23.9898763
Static-Geometry Safe,4,9,1,0.6871221964,0.6652565043,7.751891892,0.175843476,0.1572972973,3.309360573
Static-Geometry Safe,4,9,2,0.2523803769,1.798374164,19.12,0.3912678925,0.04918918919,23.98376384
Static-Geometry Safe,4,9,3,0.1963495047,2.302374716,27.3172973,0.3963818093,0.03378378378,23.99736337
Static-Geometry Safe,4,9,4,0.5437054116,0.8671448273,9.74,0.2657681714,0.1316216216,9.955806884
Static-Geometry Safe,4,9,5,0.2493362779,1.819394726,19.18621622,0.3968247416,0.05054054054,23.99407707
Static-Geometry Safe,4,9,6,0.95,0.209506079,4.130540541,0.05413184094,0.2289189189,0.209506079
Static-Geometry Safe,4,9,7,0.4363495231,1.076896197,9.412972973,0.3210314879,0.1202702703,18.21377181
Static-Geometry Safe,4,9,8,0.95,0.2790122724,4.6,0.07231696465,0.2175675676,0.2790122724
Static-Geometry Safe,4,9,9,0.6652629851,0.6926602831,7.507027027,0.2014330985,0.1654054054,2.126602831
Static-Geometry Safe,4,9,10,0.95,0.247425482,4.451081081,0.06346129254,0.2210810811,0.247425482
Static-Geometry Safe,4,9,11,0.2127973752,2.123503268,24.61783784,0.3971525032,0.03810810811,23.99466673
Static-Geometry Safe,4,10,0,0.2210551088,2.045012567,23.06945946,0.3957375669,0.0472972973,23.98566603
Static-Geometry Safe,4,10,1,0.5230742899,0.9021077578,10.74621622,0.2667313208,0.1162162162,7.446370672
Static-Geometry Safe,4,10,2,0.4621770162,1.019211399,11.09648649,0.2892356673,0.1148648649,12.53791918
Static-Geometry Safe,4,10,3,0.8877431859,0.4291816563,5.121081081,0.1099633,0.2127027027,0.5750899378
Static-Geometry Safe,4,10,4,0.3493760462,1.325898395,14.91243243,0.3418667752,0.08189189189,23.7323422
Static-Geometry Safe,4,10,5,0.4491418585,1.047619095,10.96162162,0.3233462179,0.1159459459,14.91428741
Static-Geometry Safe,4,10,6,0.5565464418,0.8463561798,9.110810811,0.2374372202,0.1351351351,10.77611011
Static-Geometry Safe,4,10,7,0.34857734,1.328717478,13.95648649,0.3659359758,0.08081081081,23.96096733
Static-Geometry Safe,4,10,8,0.2223217792,2.03354937,21.60108108,0.4006641867,0.04432432432,23.98978262
Static-Geometry Safe,4,10,9,0.6900300697,0.6616731043,7.458378378,0.1827648413,0.1602702703,2.755057939
Static-Geometry Safe,4,10,10,0.2104662511,2.146920017,22.4627027,0.3992110734,0.03783783784,23.99540412
Static-Geometry Safe,4,10,11,0.2177243916,2.075867389,26.42243243,0.3927316682,0.03594594595,23.99321517
Static-Geometry Safe,4,11,0,0.95,0.3358641596,5.044054054,0.07897346456,0.1983783784,0.3358641596
Static-Geometry Safe,4,11,1,0.2935060875,1.559243329,14.82972973,0.3598902169,0.07027027027,23.99535639
Static-Geometry Safe,4,11,2,0.6227889451,0.7487311135,8.121621622,0.1908252541,0.1513513514,4.215740065
Static-Geometry Safe,4,11,3,0.4312530983,1.088976442,11.28108108,0.3187463479,0.1056756757,15.53779856
Static-Geometry Safe,4,11,4,0.6153269509,0.7590395275,9.218918919,0.1909907568,0.1340540541,5.375988187
Static-Geometry Safe,4,11,5,0.4183303984,1.120756955,13.32351351,0.3259282387,0.09378378378,23.96617423
Static-Geometry Safe,4,11,6,0.9434799305,0.3508668233,5.029459459,0.08600978616,0.1978378378,0.3508668233
Static-Geometry Safe,4,11,7,0.4987828682,0.9460759936,11.32,0.2600430501,0.1075675676,15.29012782
Static-Geometry Safe,4,11,8,0.6260188518,0.7443154627,9.758378378,0.178032212,0.1297297297,3.919255642
Static-Geometry Safe,4,11,9,0.4351735249,1.079661914,11.33243243,0.3119347531,0.1091891892,17.34918126
Static-Geometry Safe,4,11,10,0.2492611008,1.819920828,21.97837838,0.3964476181,0.04837837838,23.9968331
Static-Geometry Safe,4,11,11,0.2092716103,2.159149808,26.63216216,0.3845620874,0.03594594595,23.99336235
Static-Geometry Safe,4,12,0,0.2277146089,1.986329388,19.90810811,0.3892131909,0.05108108108,23.9934339
Static-Geometry Safe,4,12,1,0.9318683167,0.369039043,4.928918919,0.08507846046,0.1959459459,0.369039043
Static-Geometry Safe,4,12,2,0.4490225566,1.047885528,11.25378378,0.3081349878,0.1091891892,23.95484878
Static-Geometry Safe,4,12,3,0.364868936,1.273544601,13.47378378,0.3552156834,0.08459459459,23.99469485
Static-Geometry Safe,4,12,4,0.3264467419,1.412123145,14.65972973,0.3648620883,0.07972972973,23.93348218
Static-Geometry Safe,4,12,5,0.2532754659,1.792296255,21.84972973,0.394305176,0.04783783784,23.99940524
Static-Geometry Safe,4,12,6,0.5108922966,0.9237509324,10.05567568,0.2419228793,0.1167567568,7.180014918
Static-Geometry Safe,4,12,7,0.7249468559,0.6195927545,6.615405405,0.1450181961,0.16,1.317556527
Static-Geometry Safe,4,12,8,0.885090931,0.4325165816,5.67972973,0.1062588034,0.1851351351,0.4650331633
Static-Geometry Safe,4,12,9,0.3371942215,1.370290719,15.57135135,0.3547941915,0.07702702703,22.84715241
Static-Geometry Safe,4,12,10,0.4510893652,1.043286736,12.16513514,0.2726643984,0.1024324324,12.79559493
Static-Geometry Safe,4,12,11,0.3770521179,1.235229773,12.36540541,0.3214935868,0.09027027027,21.35120386
Static-Geometry Safe,4,13,0,0.931036637,0.3702883284,5.822972973,0.08896927675,0.182972973,0.3702883284
Static-Geometry Safe,4,13,1,0.7159624459,0.6302691506,6.918378378,0.1693209556,0.1594594595,1.442153205
Static-Geometry Safe,4,13,2,0.6775674106,0.6771299559,8.344324324,0.1645242785,0.1432432432,1.539909691
Static-Geometry Safe,4,13,3,0.3509019354,1.320546841,13.78594595,0.3504802697,0.07972972973,21.95609151
Static-Geometry Safe,4,13,4,0.95,0.2764601871,5.027837838,0.06851729502,0.2067567568,0.2764601871
Static-Geometry Safe,4,13,5,0.7562371291,0.5830294735,6.455405405,0.1476482748,0.167027027,0.9490884205
Static-Geometry Safe,4,13,6,0.2357345475,1.920506701,24.58027027,0.3872156753,0.04297297297,23.99651181
Static-Geometry Safe,4,13,7,0.5713184825,0.8232731646,9.045675676,0.2387492177,0.1359459459,7.335282786
Static-Geometry Safe,4,13,8,0.95,0.2265612916,4.469189189,0.05676278846,0.2135135135,0.2265612916
Static-Geometry Safe,4,13,9,0.8385292043,0.488449848,5.603783784,0.124356691,0.1889189189,0.6653495441
Static-Geometry Safe,4,13,10,0.9458583108,0.3469497415,5.188108108,0.07445353912,0.1837837838,0.3469497415
Static-Geometry Safe,4,13,11,0.3749843981,1.241568686,12.76378378,0.3355591044,0.09243243243,23.75686861
Static-Geometry Safe,4,14,0,0.3969158517,1.177446822,11.95,0.3280939657,0.09891891892,16.21361736
Static-Geometry Safe,4,14,1,0.64914127,0.7134614509,8.351621622,0.1912847998,0.1435135135,3.609613371
Static-Geometry Safe,4,14,2,0.685168137,0.6676722331,7.893243243,0.1782865314,0.1440540541,2.415083496
Static-Geometry Safe,4,14,3,0.2123384503,2.128067317,27.87459459,0.3974309502,0.03702702703,23.97345265
Static-Geometry Safe,4,14,4,0.8391928019,0.4876767217,6.043783784,0.119019481,0.1789189189,0.5753534435
Static-Geometry Safe,4,14,5,0.2547057577,1.782678959,17.46108108,0.3786988276,0.05783783784,23.9969957
Static-Geometry Safe,4,14,6,0.6450583303,0.7188179662,8.436756757,0.197383528,0.1421621622,2.231725763
Static-Geometry Safe,4,14,7,0.3536782427,1.310923092,14.99378378,0.3504061995,0.07972972973,23.99323131
Static-Geometry Safe,4,14,8,0.3495021855,1.325454306,14.01513514,0.3521409684,0.08243243243,23.99450889
Static-Geometry Safe,4,14,9,0.2638904463,1.723560971,20.50162162,0.3838416864,0.0527027027,23.98956077
Static-Geometry Safe,4,14,10,0.8142278578,0.5165166625,5.949459459,0.1234056026,0.18,0.7495499874
Static-Geometry Safe,4,14,11,0.4332858251,1.084128614,12.02756757,0.2968168341,0.1016216216,14.18734397
Static-Geometry Safe,4,15,0,0.95,0.2609434761,4.375675676,0.06410746479,0.2148648649,0.2609434761
Static-Geometry Safe,4,15,1,0.6682774533,0.6888292002,6.854324324,0.1932445162,0.1740540541,1.844146001
Static-Geometry Safe,4,15,2,0.3936552323,1.186565108,11.64648649,0.3370486293,0.107027027,20.52520862
Static-Geometry Safe,4,15,3,0.8783623152,0.4408835581,5.872702703,0.1052162653,0.1835135135,0.5226506742
Static-Geometry Safe,4,15,4,0.2542081145,1.786011998,21.44162162,0.389543698,0.05,23.99109558
Static-Geometry Safe,4,15,5,0.6112416568,0.7647485898,7.951621622,0.2118560283,0.1548648649,4.859720386
Static-Geometry Safe,4,15,6,0.1961261937,2.305041448,30.82702703,0.3993328562,0.03081081081,23.99744541
Static-Geometry Safe,4,15,7,0.2603661895,1.74572184,18.92351351,0.400100573,0.05621621622,23.99517707
Static-Geometry Safe,4,15,8,0.4858854259,0.9708198352,10.09486486,0.2846863571,0.1240540541,11.07049588
Static-Geometry Safe,4,15,9,0.9440218225,0.349980936,4.74027027,0.08579262405,0.2054054054,0.349980936
Static-Geometry Safe,4,15,10,0.777121657,0.5589976316,7.015135135,0.1400515688,0.1621621622,0.8769928948
Static-Geometry Safe,4,15,11,0.6438927182,0.7203540735,8.866756757,0.1906017941,0.1397297297,2.884957029
Static-Geometry Safe,4,16,0,0.3932789834,1.187626136,12.92297297,0.3469794197,0.09837837838,23.98332498
Static-Geometry Safe,4,16,1,0.7735119064,0.5631378354,6.834054054,0.1657451629,0.1813513514,1.378827012
Static-Geometry Safe,4,16,2,0.901603995,0.4113518347,4.987567568,0.1085079434,0.2121621622,0.4340555041
Static-Geometry Safe,4,16,3,0.8416273572,0.4848363331,5.714864865,0.1192435306,0.1840540541,0.6545089994
Static-Geometry Safe,4,16,4,0.2260479039,2.00065631,18.50351351,0.3963462366,0.04837837838,23.79361149
Static-Geometry Safe,4,16,5,0.7045979448,0.6439160289,6.282702703,0.1808185822,0.1832432432,1.551328231
Static-Geometry Safe,4,16,6,0.6624829137,0.6962092138,6.965675676,0.2043468125,0.1681081081,2.443138207
Static-Geometry Safe,4,16,7,0.1982197585,2.280313362,27.47783784,0.4005955906,0.03405405405,23.99979694
Static-Geometry Safe,4,16,8,0.7522839954,0.5876051337,6.224324324,0.163417752,0.1935135135,1.688446203
Static-Geometry Safe,4,16,9,0.3841282698,1.214015836,11.47324324,0.3563300534,0.1059459459,21.22047507
Static-Geometry Safe,4,16,10,0.2247729528,2.011774821,22.18243243,0.3914805056,0.04486486486,23.98856908
Static-Geometry Safe,4,16,11,0.2144342016,2.107404393,22.16378378,0.3992676971,0.04027027027,23.99251421
Static-Geometry Safe,4,17,0,0.6058267012,0.772389876,8.738108108,0.2112590688,0.1413513514,4.758238016
Static-Geometry Safe,4,17,1,0.4606290406,1.022513998,10.14648649,0.2838167233,0.1181081081,9.517821956
Static-Geometry Safe,4,17,2,0.8627452041,0.4598691245,4.797567568,0.1203117061,0.212972973,0.5796073736
Static-Geometry Safe,4,17,3,0.95,0.2139841101,3.887297297,0.05783354328,0.2313513514,0.2139841101
Static-Geometry Safe,4,17,4,0.8920394043,0.4237308779,5.185675676,0.1093683752,0.1986486486,0.4474617559
Static-Geometry Safe,4,17,5,0.9329954481,0.3673358894,4.662162162,0.0936210118,0.2194594595,0.3673358894
Static-Geometry Safe,4,17,6,0.2434414901,1.861711545,20.97486486,0.3954879119,0.04810810811,23.99277009
Static-Geometry Safe,4,17,7,0.2237143759,2.021113381,24.94243243,0.3889277641,0.03918918919,23.98581206
Static-Geometry Safe,4,17,8,0.7874097494,0.5472165522,6.398378378,0.1478963655,0.1859459459,0.8416496567
Static-Geometry Safe,4,17,9,0.2072792387,2.179902851,25.17810811,0.3965066538,0.03567567568,23.99805703
Static-Geometry Safe,4,17,10,0.95,0.241873434,4.327297297,0.06014150251,0.2148648649,0.241873434
Static-Geometry Safe,4,17,11,0.5223938409,0.9032962107,9.093513514,0.2695240586,0.1332432432,10.63514464
Static-Geometry Safe,4,18,0,0.95,0.2641897105,4.64027027,0.06954615621,0.2191891892,0.2641897105
Static-Geometry Safe,4,18,1,0.2298402862,1.968390267,24.07918919,0.3920820614,0.04567567568,23.99805829
Static-Geometry Safe,4,18,2,0.2514208534,1.804941085,19.97351351,0.383428025,0.05621621622,23.99619822
Static-Geometry Safe,4,18,3,0.95,0.3377909827,4.581351351,0.08536069428,0.2113513514,0.3377909827
Static-Geometry Safe,4,18,4,0.8064515181,0.5254308787,6.332702703,0.1339138699,0.1843243243,0.9017235147
Static-Geometry Safe,4,18,5,0.2889292384,1.582364629,14.59027027,0.3806228432,0.07189189189,23.95429695
Static-Geometry Safe,4,18,6,0.86964094,0.451552802,5.539189189,0.1183800589,0.1945945946,0.554658406
Static-Geometry Safe,4,18,7,0.95,0.2372894534,4.464054054,0.06111806731,0.2162162162,0.2372894534
Static-Geometry Safe,4,18,8,0.4229897239,1.10910177,10.90783784,0.3231382995,0.1035135135,20.65532746
Static-Geometry Safe,4,18,9,0.9113191376,0.3983676074,4.642432432,0.0992689011,0.2108108108,0.3983676074
Static-Geometry Safe,4,18,10,0.93510967,0.3641087485,5.118378378,0.09397942021,0.2078378378,0.3641087485
Static-Geometry Safe,4,18,11,0.8418183031,0.4846132827,6.28,0.1253445707,0.1948648649,0.6538398482
Static-Geometry Safe,4,19,0,0.8339118425,0.4938172966,5.937567568,0.1266574634,0.1859459459,0.7752691863
Static-Geometry Safe,4,19,1,0.4218873338,1.111838862,11.81702703,0.2872751223,0.09621621622,15.90378198
Static-Geometry Safe,4,19,2,0.3658373363,1.270411673,13.52702703,0.3433545062,0.08837837838,23.86363732
Static-Geometry Safe,4,19,3,0.3670076204,1.266646367,12.24648649,0.3621923937,0.09459459459,23.93213568
Static-Geometry Safe,4,19,4,0.481511622,0.9794527448,10.47324324,0.2618050715,0.1159459459,9.947960386
Static-Geometry Safe,4,19,5,0.1930715746,2.342239302,22.25297297,0.3962815684,0.03783783784,23.99135023
Static-Geometry Safe,4,19,6,0.2120595117,2.1308523,25.44243243,0.3875847561,0.03891891892,23.99687649
Static-Geometry Safe,4,19,7,0.3057773787,1.500722279,15.61918919,0.3792365759,0.0672972973,23.99606308
Static-Geometry Safe,4,19,8,0.5446939528,0.8655191693,8.901891892,0.2379008095,0.1356756757,8.241421725
Static-Geometry Safe,4,19,9,0.4653449839,1.012509865,9.453513514,0.2796716437,0.1210810811,8.625177564
Static-Geometry Safe,4,19,10,0.3623629999,1.281724896,12.80432432,0.3450264855,0.08648648649,20.92936718
Static-Geometry Safe,4,19,11,0.8770434254,0.4425090154,5.396756757,0.1051257904,0.1943243243,0.4850180308
Static-Geometry Safe,8,0,0,0.95,0.3369544871,4.656486486,0.0855135847,0.2191891892,0.3369544871
Static-Geometry Safe,8,0,1,0.2315765095,1.95400716,19.91054054,0.3960825323,0.04891891892,23.99862288
Static-Geometry Safe,8,0,2,0.95,0.2191119648,5.122432432,0.05744286644,0.2137837838,0.2191119648
Static-Geometry Safe,8,0,3,0.8081176242,0.5235225351,5.93972973,0.1385212329,0.1983783784,0.8940901405
Static-Geometry Safe,8,0,4,0.6281327393,0.7414402559,9.384864865,0.2019923724,0.1478378378,1.765761024
Static-Geometry Safe,8,0,5,0.795200025,0.5383055036,6.317837838,0.1473793176,0.1886486486,0.8149165108
Static-Geometry Safe,8,0,6,0.3394136806,1.361973486,13.52405405,0.3839292828,0.08864864865,23.94536011
Static-Geometry Safe,8,0,7,0.9476946562,0.3438720469,5.01972973,0.08290104481,0.2021621622,0.3438720469
Static-Geometry Safe,8,0,8,0.5005847781,0.9427001774,10.95297297,0.2647204012,0.1227027027,5.368603194
Static-Geometry Safe,8,0,9,0.95,0.2738400263,4.648378378,0.06535155222,0.2097297297,0.2738400263
Static-Geometry Safe,8,0,10,0.23436609,1.931388168,19.45621622,0.3967175697,0.04945945946,23.98408667
Static-Geometry Safe,8,0,11,0.2528380647,1.795260579,18.59756757,0.399809383,0.05918918919,23.9999822
Static-Geometry Safe,8,1,0,0.5605092249,0.8400796556,9.558108108,0.2552025765,0.1424324324,4.040876212
Static-Geometry Safe,8,1,1,0.2181252996,2.072097608,26.35351351,0.3970587039,0.04243243243,23.99795411
Static-Geometry Safe,8,1,2,0.2316669551,1.953264399,22.01324324,0.3938203355,0.04351351351,23.99722263
Static-Geometry Safe,8,1,3,0.3707979081,1.254604531,14.0472973,0.3763813593,0.09540540541,19.69793917
Static-Geometry Safe,8,1,4,0.95,0.2976063768,4.234324324,0.07826243367,0.2251351351,0.2976063768
Static-Geometry Safe,8,1,5,0.95,0.2276934429,4.045405405,0.06424647417,0.2462162162,0.2276934429
Static-Geometry Safe,8,1,6,0.2020086086,2.237061952,27.12135135,0.398438872,0.03135135135,23.99136411
Static-Geometry Safe,8,1,7,0.95,0.2579608484,4.344324324,0.06602403336,0.2248648649,0.2579608484
Static-Geometry Safe,8,1,8,0.325972712,1.414030367,13.18675676,0.3940176509,0.09081081081,23.91858539
Static-Geometry Safe,8,1,9,0.8362721814,0.4910760745,5.966756757,0.138563087,0.21,0.8553803727
Static-Geometry Safe,8,1,10,0.2993435181,1.530799061,15.76486486,0.3901468957,0.07621621622,23.98634551
Static-Geometry Safe,8,1,11,0.2334007936,1.939147999,24.14351351,0.4035524214,0.04621621622,23.99915543
Static-Geometry Safe,8,2,0,0.2983974043,1.535332493,16.04540541,0.3913023083,0.06486486486,23.96662464
Static-Geometry Safe,8,2,1,0.4720337023,0.9986066978,9.41972973,0.269084021,0.1324324324,4.755414329
Static-Geometry Safe,8,2,2,0.7619171253,0.5764720931,6.732972973,0.1501943507,0.1835135135,0.9294162793
Static-Geometry Safe,8,2,3,0.95,0.328976203,4.917027027,0.08224405074,0.2062162162,0.328976203
Static-Geometry Safe,8,2,4,0.6042558466,0.7746227687,9.324864865,0.2175224477,0.1424324324,2.622359381
Static-Geometry Safe,8,2,5,0.7527600943,0.5870535051,6.86027027,0.1562831628,0.1735135135,1.522321031
Static-Geometry Safe,8,2,6,0.6803453125,0.6736618433,7.11,0.1744237962,0.1681081081,1.64197106
Static-Geometry Safe,8,2,7,0.2438339011,1.858825842,23.45891892,0.3998987487,0.04972972973,23.97738176
Static-Geometry Safe,8,2,8,0.7053294905,0.6430324214,7.336486486,0.1729235836,0.1686486486,1.372129686
Static-Geometry Safe,8,2,9,0.1925045361,2.34929577,29.79405405,0.3949356673,0.03027027027,23.99999967
Static-Geometry Safe,8,2,10,0.95,0.2710575607,4.718378378,0.06754461377,0.2154054054,0.2710575607
Static-Geometry Safe,8,2,11,0.2931742638,1.560894842,17.16405405,0.4024577511,0.06972972973,23.97548019
Static-Geometry Safe,8,3,0,0.2469621281,1.836175919,18.52513514,0.3960184819,0.05297297297,23.99174042
Static-Geometry Safe,8,3,1,0.8215561338,0.5080937316,5.784054054,0.1410303412,0.2054054054,0.8323749262
Static-Geometry Safe,8,3,2,0.8932287906,0.4222105672,4.864864865,0.1147956299,0.2286486486,0.4666317017
Static-Geometry Safe,8,3,3,0.3220866759,1.429873819,13.09135135,0.3945678836,0.08702702703,23.96369158
Static-Geometry Safe,8,3,4,0.225348274,2.006740312,23.33621622,0.3975515266,0.04540540541,23.98839192
Static-Geometry Safe,8,3,5,0.2465631425,1.839030251,20.60486486,0.3956400215,0.04864864865,23.97623681
Static-Geometry Safe,8,3,6,0.4834834838,0.9755450403,9.777297297,0.2971457461,0.14,8.76853137
Static-Geometry Safe,8,3,7,0.2778755806,1.641436133,17.05837838,0.3930574091,0.06540540541,23.99552575
Static-Geometry Safe,8,3,8,0.2645088005,1.719737046,19.26297297,0.3992578709,0.05756756757,23.97896367
Static-Geometry Safe,8,3,9,0.3014458345,1.520828652,16.93054054,0.3937713105,0.07297297297,23.99540734
Static-Geometry Safe,8,3,10,0.9387067142,0.3585144156,4.652432432,0.09253547755,0.2164864865,0.3585144156
Static-Geometry Safe,8,3,11,0.2969367479,1.542388958,18.26567568,0.3893489965,0.06540540541,23.99206523
Static-Geometry Safe,8,4,0,0.662118963,0.6966749552,7.871351351,0.1854661705,0.1586486486,1.483374776
Static-Geometry Safe,8,4,1,0.6741961796,0.6813572012,7.887297297,0.1760479687,0.1532432432,1.288143207
Static-Geometry Safe,8,4,2,0.3640876,1.27608378,13.86378378,0.3293675703,0.08972972973,15.25426207
Static-Geometry Safe,8,4,3,0.2460798207,1.842501298,20.24756757,0.3933989257,0.05027027027,23.99257917
Static-Geometry Safe,8,4,4,0.2372011855,1.908996959,19.83162162,0.3926342394,0.05054054054,23.98759858
Static-Geometry Safe,8,4,5,0.4128728207,1.13470463,11.60405405,0.3143438503,0.1043243243,7.959387978
Static-Geometry Safe,8,4,6,0.5024050881,0.9393093506,10.96648649,0.2589447399,0.1191891892,3.793093506
Static-Geometry Safe,8,4,7,0.4159209977,1.126874486,11.77243243,0.2853733496,0.1048648649,9.616849825
Static-Geometry Safe,8,4,8,0.2309431598,1.959226317,21.06,0.3966109491,0.04378378378,23.99497405
Static-Geometry Safe,8,4,9,0.4380235493,1.072981387,12.64324324,0.2873850148,0.1018918919,7.713664972
Static-Geometry Safe,8,4,10,0.7287104513,0.6151471375,7.55,0.157111904,0.1610810811,1.26058855
Static-Geometry Safe,8,4,11,0.5641011845,0.8344446437,8.272972973,0.2223682213,0.1416216216,2.710001793
Static-Geometry Safe,8,5,0,0.9411489522,0.3546353857,5.123783784,0.08482495035,0.2024324324,0.3546353857
Static-Geometry Safe,8,5,1,0.4821824971,0.9781203331,10.20837838,0.2733449796,0.1281081081,6.493684664
Static-Geometry Safe,8,5,2,0.3825098869,1.218803669,11.6872973,0.3448884977,0.09972972973,16.15898713
Static-Geometry Safe,8,5,3,0.7544254172,0.5851252029,6.95027027,0.1488115719,0.1767567568,0.9553756086
Static-Geometry Safe,8,5,4,0.3523107703,1.315645181,13.59405405,0.3545130392,0.09459459459,22.90064578
Static-Geometry Safe,8,5,5,0.8677360717,0.4538598372,6.178378378,0.1099076795,0.1837837838,0.5615795117
Static-Geometry Safe,8,5,6,0.95,0.2241414152,4.843783784,0.0551266724,0.2035135135,0.2241414152
Static-Geometry Safe,8,5,7,0.2189202535,2.064668323,27.22945946,0.3950770736,0.04216216216,23.99744594
Static-Geometry Safe,8,5,8,0.8265150398,0.5023771293,6.354594595,0.1296676104,0.1854054054,0.7071313878
Static-Geometry Safe,8,5,9,0.3376263363,1.368663091,14.1027027,0.3858150282,0.08378378378,23.96031987
Static-Geometry Safe,8,5,10,0.2625732011,1.731770293,17.42297297,0.3889462469,0.05675675676,23.99109666
Static-Geometry Safe,8,5,11,0.2699141276,1.687095206,17.97702703,0.3889438406,0.06243243243,23.98366234
Static-Geometry Safe,8,6,0,0.6600953202,0.6992694381,8.660810811,0.1874798061,0.1502702703,1.597077752
Static-Geometry Safe,8,6,1,0.4082536129,1.146768836,12.37216216,0.3130368986,0.09864864865,11.70952742
Static-Geometry Safe,8,6,2,0.95,0.2551559305,4.771891892,0.05972027996,0.2054054054,0.2551559305
Static-Geometry Safe,8,6,3,0.8542797728,0.4699577518,5.927027027,0.1160922662,0.1875675676,0.5399155036
Static-Geometry Safe,8,6,4,0.5796663152,0.8105930222,9.455675676,0.2035245723,0.1324324324,2.084744178
Static-Geometry Safe,8,6,5,0.95,0.2156180293,4.948108108,0.05122385074,0.2,0.2156180293
Static-Geometry Safe,8,6,6,0.7238759829,0.6208604762,8.29027027,0.1406165079,0.1410810811,1.062581429
Static-Geometry Safe,8,6,7,0.298421524,1.535216558,17.00594595,0.3750907483,0.06567567568,23.94726718
Static-Geometry Safe,8,6,8,0.95,0.2628816135,4.403783784,0.06195480188,0.2091891892,0.2628816135
Static-Geometry Safe,8,6,9,0.3698913443,1.257463669,14.9827027,0.3435934511,0.08540540541,18.86644639
Static-Geometry Safe,8,6,10,0.95,0.2571157349,4.592432432,0.06205523006,0.2078378378,0.2571157349
Static-Geometry Safe,8,6,11,0.5870736138,0.7995478023,9.745945946,0.2143652486,0.1440540541,1.998191209
Static-Geometry Safe,8,7,0,0.95,0.2129344738,4.735135135,0.05265811988,0.2105405405,0.2129344738
Static-Geometry Safe,8,7,1,0.8194645516,0.5105004868,5.415135135,0.128039041,0.1943243243,0.6210009736
Static-Geometry Safe,8,7,2,0.5139536145,0.9182376412,10.05594595,0.2786975327,0.1367567568,3.582376412
Static-Geometry Safe,8,7,3,0.1957148488,2.309972111,26.66,0.3970654763,0.03243243243,23.99665327
Static-Geometry Safe,8,7,4,0.2668165055,1.705631049,18.48594595,0.3946000481,0.06,23.99844559
Static-Geometry Safe,8,7,5,0.95,0.2143947682,4.809189189,0.05301924673,0.2081081081,0.2143947682
Static-Geometry Safe,8,7,6,0.9166527097,0.3910280632,4.94972973,0.1006104638,0.2143243243,0.3910280632
Static-Geometry Safe,8,7,7,0.2817874583,1.619983796,17.18594595,0.3918609453,0.06810810811,23.99773147
Static-Geometry Safe,8,7,8,0.4060368001,1.152645744,10.84783784,0.3242984377,0.1151351351,10.54816166
Static-Geometry Safe,8,7,9,0.95,0.2643493157,4.89,0.06608732892,0.2067567568,0.2643493157
Static-Geometry Safe,8,7,10,0.95,0.2202876177,4.461081081,0.0563817227,0.2227027027,0.2202876177
Static-Geometry Safe,8,7,11,0.8957240492,0.4190042049,5.387297297,0.1095073152,0.2062162162,0.4950210247
Static-Geometry Safe,8,8,0,0.924502767,0.3798996382,4.484324324,0.09559096301,0.2113513514,0.3798996382
Static-Geometry Safe,8,8,1,0.7675714746,0.5699618165,6.920810811,0.1520411657,0.1827027027,0.9098854496
Static-Geometry Safe,8,8,2,0.2938168902,1.557699888,18.99486486,0.390266972,0.06054054054,23.98676828
Static-Geometry Safe,8,8,3,0.223720696,2.021057334,23.52459459,0.3949255277,0.04162162162,23.980819
Static-Geometry Safe,8,8,4,0.8564804989,0.4673466129,5.721621622,0.1160787938,0.1905405405,0.5346932257
Static-Geometry Safe,8,8,5,0.95,0.2347890628,4.690810811,0.05964911326,0.2140540541,0.2347890628
Static-Geometry Safe,8,8,6,0.4732619221,0.9960890923,11.06756757,0.281058652,0.1224324324,6.917870939
Static-Geometry Safe,8,8,7,0.198994158,2.271318822,21.05891892,0.3898074194,0.03918918919,23.9957745
Static-Geometry Safe,8,8,8,0.3554966144,1.304697623,13.99648649,0.3727203749,0.0872972973,23.72073404
Static-Geometry Safe,8,8,9,0.365156396,1.272612991,14.41621622,0.3477329009,0.09135135135,21.15803654
Static-Geometry Safe,8,8,10,0.95,0.2590903055,4.428378378,0.06540279603,0.2216216216,0.2590903055
Static-Geometry Safe,8,8,11,0.8950142286,0.4199186836,4.893783784,0.1125836038,0.2135135135,0.4398373672
Static-Geometry Safe,8,9,0,0.3257577326,1.414897118,14.85513514,0.3820222218,0.07972972973,23.92395036
Static-Geometry Safe,8,9,1,0.6871221964,0.6652565043,7.523783784,0.1718878968,0.1624324324,1.461026017
Static-Geometry Safe,8,9,2,0.2523803769,1.798374164,20.83135135,0.3932120808,0.04756756757,23.99356324
Static-Geometry Safe,8,9,3,0.1963495047,2.302374716,33.1327027,0.4007376533,0.0327027027,23.99949363
Static-Geometry Safe,8,9,4,0.5437054116,0.8671448273,9.890540541,0.2563936327,0.1310810811,4.20717241
Static-Geometry Safe,8,9,5,0.2493362779,1.819394726,20.5672973,0.3982999265,0.04486486486,23.99655009
Static-Geometry Safe,8,9,6,0.95,0.209506079,4.138108108,0.05509443644,0.2262162162,0.209506079
Static-Geometry Safe,8,9,7,0.4363495231,1.076896197,10.00189189,0.3291809726,0.1264864865,8.275847871
Static-Geometry Safe,8,9,8,0.95,0.2790122724,4.417297297,0.07269400826,0.2248648649,0.2790122724
Static-Geometry Safe,8,9,9,0.6652629851,0.6926602831,7.312972973,0.1997482492,0.1724324324,1.355961698
Static-Geometry Safe,8,9,10,0.95,0.247425482,4.107837838,0.0639293948,0.2262162162,0.247425482
Static-Geometry Safe,8,9,11,0.2127973752,2.123503268,26.50486486,0.4000221022,0.03432432432,23.99864068
Static-Geometry Safe,8,10,0,0.2210551088,2.045012567,20.86135135,0.3951848608,0.04648648649,23.99589223
Static-Geometry Safe,8,10,1,0.5230742899,0.9021077578,10.88081081,0.2623426885,0.1262162162,4.433724125
Static-Geometry Safe,8,10,2,0.4621770162,1.019211399,12.10783784,0.2917148302,0.1178378378,13.39899276
Static-Geometry Safe,8,10,3,0.8877431859,0.4291816563,4.951891892,0.1103112852,0.2140540541,0.4583633126
Static-Geometry Safe,8,10,4,0.3493760462,1.325898395,15.77864865,0.3465253372,0.08189189189,23.74671652
Static-Geometry Safe,8,10,5,0.4491418585,1.047619095,10.84810811,0.3182496926,0.1289189189,7.600000991
Static-Geometry Safe,8,10,6,0.5565464418,0.8463561798,9.359189189,0.2410971388,0.1445945946,4.527123597
Static-Geometry Safe,8,10,7,0.34857734,1.328717478,13.64189189,0.3641404117,0.0927027027,23.74098567
Static-Geometry Safe,8,10,8,0.2223217792,2.03354937,25.82675676,0.4001145788,0.03891891892,23.99267986
Static-Geometry Safe,8,10,9,0.6900300697,0.6616731043,7.210540541,0.1824071801,0.1705405405,3.016731043
Static-Geometry Safe,8,10,10,0.2104662511,2.146920017,25.1572973,0.399791322,0.03486486486,23.9963233
Static-Geometry Safe,8,10,11,0.2177243916,2.075867389,26.93621622,0.3944148039,0.04162162162,23.98735606
Static-Geometry Safe,8,11,0,0.95,0.3358641596,4.956216216,0.07997197963,0.2037837838,0.3358641596
Static-Geometry Safe,8,11,1,0.2935060875,1.559243329,15.69486486,0.3763254844,0.06675675676,23.94238939
Static-Geometry Safe,8,11,2,0.6227889451,0.7487311135,8.098378378,0.1932535712,0.1613513514,1.743655568
Static-Geometry Safe,8,11,3,0.4312530983,1.088976442,11.53351351,0.317569076,0.1097297297,10.53543462
Static-Geometry Safe,8,11,4,0.6153269509,0.7590395275,9.618918919,0.1922216317,0.1345945946,1.990395275
Static-Geometry Safe,8,11,5,0.4183303984,1.120756955,13.31783784,0.3144177619,0.09891891892,14.18119473
Static-Geometry Safe,8,11,6,0.9434799305,0.3508668233,5.124054054,0.0861994439,0.1997297297,0.3508668233
Static-Geometry Safe,8,11,7,0.4987828682,0.9460759936,11.51405405,0.2546734296,0.1156756757,7.467595866
Static-Geometry Safe,8,11,8,0.6260188518,0.7443154627,9.852162162,0.1778310457,0.1389189189,1.777261851
Static-Geometry Safe,8,11,9,0.4351735249,1.079661914,11.45243243,0.3046397402,0.1137837838,9.232224031
Static-Geometry Safe,8,11,10,0.2492611008,1.819920828,21.1272973,0.3984151001,0.04918918919,23.99841655
Static-Geometry Safe,8,11,11,0.2092716103,2.159149808,28.26864865,0.3933153974,0.0372972973,23.99761331
Static-Geometry Safe,8,12,0,0.2277146089,1.986329388,21.16081081,0.3935079572,0.05162162162,23.9934339
Static-Geometry Safe,8,12,1,0.9318683167,0.369039043,4.843243243,0.08667430497,0.2010810811,0.369039043
Static-Geometry Safe,8,12,2,0.4490225566,1.047885528,11.59135135,0.3053028648,0.1140540541,14.79427642
Static-Geometry Safe,8,12,3,0.364868936,1.273544601,13.20972973,0.346266451,0.09351351351,16.10051644
Static-Geometry Safe,8,12,4,0.3264467419,1.412123145,13.86810811,0.3633354687,0.08810810811,23.27286646
Static-Geometry Safe,8,12,5,0.2532754659,1.792296255,21.70189189,0.3976960068,0.04351351351,23.99940524
Static-Geometry Safe,8,12,6,0.5108922966,0.9237509324,10.03027027,0.2409242297,0.127027027,3.637509324
Static-Geometry Safe,8,12,7,0.7249468559,0.6195927545,7.132702703,0.1503768361,0.1613513514,1.097963773
Static-Geometry Safe,8,12,8,0.885090931,0.4325165816,5.667567568,0.1054405288,0.1913513514,0.4650331633
Static-Geometry Safe,8,12,9,0.3371942215,1.370290719,14.1327027,0.3462761681,0.08135135135,15.59569881
Static-Geometry Safe,8,12,10,0.4510893652,1.043286736,12.17054054,0.2715365208,0.1097297297,7.071749032
Static-Geometry Safe,8,12,11,0.3770521179,1.235229773,13.38459459,0.326501275,0.09432432432,15.42166341
Static-Geometry Safe,8,13,0,0.931036637,0.3702883284,6.049189189,0.08946966638,0.1851351351,0.3702883284
Static-Geometry Safe,8,13,1,0.7159624459,0.6302691506,7.325675676,0.1674471825,0.1635135135,1.321076603
Static-Geometry Safe,8,13,2,0.6775674106,0.6771299559,8.724324324,0.1641582623,0.1456756757,1.231389868
Static-Geometry Safe,8,13,3,0.3509019354,1.320546841,14.66675676,0.3565476471,0.08540540541,15.00265361
Static-Geometry Safe,8,13,4,0.95,0.2764601871,4.886756757,0.06844257605,0.2075675676,0.2764601871
Static-Geometry Safe,8,13,5,0.7562371291,0.5830294735,6.395675676,0.148593728,0.1737837838,0.9490884205
Static-Geometry Safe,8,13,6,0.2357345475,1.920506701,27.06054054,0.3934443457,0.03972972973,23.99555712
Static-Geometry Safe,8,13,7,0.5713184825,0.8232731646,9.231891892,0.2325190424,0.1402702703,2.442190128
Static-Geometry Safe,8,13,8,0.95,0.2265612916,4.496216216,0.05700771959,0.2108108108,0.2265612916
Static-Geometry Safe,8,13,9,0.8385292043,0.488449848,5.590540541,0.1259408527,0.1951351351,0.6653495441
Static-Geometry Safe,8,13,10,0.9458583108,0.3469497415,5.21027027,0.07482861992,0.1862162162,0.3469497415
Static-Geometry Safe,8,13,11,0.3749843981,1.241568686,12.74378378,0.3295190405,0.09891891892,11.37176664
Static-Geometry Safe,8,14,0,0.3969158517,1.177446822,13.12567568,0.3293668812,0.1008108108,14.82723473
Static-Geometry Safe,8,14,1,0.64914127,0.7134614509,8.636756757,0.1891636982,0.1502702703,2.280768706
Static-Geometry Safe,8,14,2,0.685168137,0.6676722331,7.741621622,0.1755797521,0.1521621622,1.470688932
Static-Geometry Safe,8,14,3,0.2123384503,2.128067317,30.93351351,0.3974309502,0.03540540541,23.99598236
Static-Geometry Safe,8,14,4,0.8391928019,0.4876767217,5.999459459,0.1204693307,0.1843243243,0.6630301652
Static-Geometry Safe,8,14,5,0.2547057577,1.782678959,17.63243243,0.3859259044,0.05891891892,23.9750543
Static-Geometry Safe,8,14,6,0.6450583303,0.7188179662,8.873243243,0.1934980255,0.1424324324,1.675271865
Static-Geometry Safe,8,14,7,0.3536782427,1.310923092,15.62135135,0.3518234136,0.08135135135,15.12938493
Static-Geometry Safe,8,14,8,0.3495021855,1.325454306,14.9572973,0.3593055863,0.08594594595,19.61814597
Static-Geometry Safe,8,14,9,0.2638904463,1.723560971,21.03162162,0.3866366502,0.05837837838,23.98541415
Static-Geometry Safe,8,14,10,0.8142278578,0.5165166625,5.891351351,0.1256391882,0.187027027,0.7495499874
Static-Geometry Safe,8,14,11,0.4332858251,1.084128614,11.88243243,0.2880266021,0.1054054054,7.166700899
Static-Geometry Safe,8,15,0,0.95,0.2609434761,4.438918919,0.06495376796,0.2175675676,0.2609434761
Static-Geometry Safe,8,15,1,0.6682774533,0.6888292002,6.350810811,0.1936168563,0.1837837838,1.555316801
Static-Geometry Safe,8,15,2,0.3936552323,1.186565108,12.20756757,0.3421797216,0.1140540541,12.4506928
Static-Geometry Safe,8,15,3,0.8783623152,0.4408835581,5.806486486,0.1068844734,0.19,0.5226506742
Static-Geometry Safe,8,15,4,0.2542081145,1.786011998,20.76918919,0.3963015813,0.05486486486,23.99257965
Static-Geometry Safe,8,15,5,0.6112416568,0.7647485898,7.893243243,0.2141296051,0.1678378378,2.517988718
Static-Geometry Safe,8,15,6,0.1961261937,2.305041448,28.54648649,0.3993328562,0.03378378378,23.99820663
Static-Geometry Safe,8,15,7,0.2603661895,1.74572184,19.01540541,0.396797856,0.05594594595,23.9981173
Static-Geometry Safe,8,15,8,0.4858854259,0.9708198352,9.652432432,0.2770772286,0.1324324324,5.699676045
Static-Geometry Safe,8,15,9,0.9440218225,0.349980936,4.774594595,0.08579262405,0.2072972973,0.349980936
Static-Geometry Safe,8,15,10,0.777121657,0.5589976316,7.031621622,0.139447247,0.1702702703,0.8769928948
Static-Geometry Safe,8,15,11,0.6438927182,0.7203540735,9.044054054,0.1849557756,0.1445945946,1.762832588
Static-Geometry Safe,8,16,0,0.3932789834,1.187626136,13.43162162,0.3421647192,0.1010810811,18.03282043
Static-Geometry Safe,8,16,1,0.7735119064,0.5631378354,6.975675676,0.1633099723,0.1875675676,1.052551342
Static-Geometry Safe,8,16,2,0.901603995,0.4113518347,4.938378378,0.1086191196,0.2143243243,0.4227036694
Static-Geometry Safe,8,16,3,0.8416273572,0.4848363331,6.154054054,0.1193745674,0.1851351351,0.6545089994
Static-Geometry Safe,8,16,4,0.2260479039,2.00065631,20.54243243,0.3963462366,0.04675675676,23.81855127
Static-Geometry Safe,8,16,5,0.7045979448,0.6439160289,6.223513514,0.1804705194,0.187027027,1.151328231
Static-Geometry Safe,8,16,6,0.6624829137,0.6962092138,7.46972973,0.2037823185,0.1772972973,1.584836855
Static-Geometry Safe,8,16,7,0.1982197585,2.280313362,28.59972973,0.3993629888,0.03216216216,23.9935297
Static-Geometry Safe,8,16,8,0.7522839954,0.5876051337,6.311351351,0.165005874,0.1975675676,1.525630802
Static-Geometry Safe,8,16,9,0.3841282698,1.214015836,11.23945946,0.3586268401,0.1137837838,15.01669677
Static-Geometry Safe,8,16,10,0.2247729528,2.011774821,24.90756757,0.4012675183,0.04351351351,23.9909764
Static-Geometry Safe,8,16,11,0.2144342016,2.107404393,21.89648649,0.3998372659,0.04405405405,23.99967442
Static-Geometry Safe,8,17,0,0.6058267012,0.772389876,8.938648649,0.2100065447,0.1464864865,1.517169628
Static-Geometry Safe,8,17,1,0.4606290406,1.022513998,10.00567568,0.2840930784,0.122972973,6.052905945
Static-Geometry Safe,8,17,2,0.8627452041,0.4598691245,4.636486486,0.1213060177,0.2183783784,0.5197382491
Static-Geometry Safe,8,17,3,0.95,0.2139841101,3.953513514,0.05777570973,0.2294594595,0.2139841101
Static-Geometry Safe,8,17,4,0.8920394043,0.4237308779,5.248378378,0.108795766,0.1994594595,0.4474617559
Static-Geometry Safe,8,17,5,0.9329954481,0.3673358894,4.819459459,0.09381957174,0.2181081081,0.3673358894
Static-Geometry Safe,8,17,6,0.2434414901,1.861711545,20.91594595,0.3954879119,0.04918918919,23.99413496
Static-Geometry Safe,8,17,7,0.2237143759,2.021113381,28.41135135,0.3993064545,0.03540540541,23.98581206
Static-Geometry Safe,8,17,8,0.7874097494,0.5472165522,6.536216216,0.1468610909,0.1921621622,0.8416496567
Static-Geometry Safe,8,17,9,0.2072792387,2.179902851,25.42081081,0.3988633055,0.03702702703,23.99611406
Static-Geometry Safe,8,17,10,0.95,0.241873434,4.355135135,0.0602722449,0.2175675676,0.241873434
Static-Geometry Safe,8,17,11,0.5223938409,0.9032962107,9.429459459,0.2653737787,0.1397297297,5.356035582
Static-Geometry Safe,8,18,0,0.95,0.2641897105,4.611351351,0.0683323116,0.2186486486,0.2641897105
Static-Geometry Safe,8,18,1,0.2298402862,1.968390267,23.26891892,0.3989980272,0.04540540541,23.99532064
Static-Geometry Safe,8,18,2,0.2514208534,1.804941085,20.35675676,0.3897697099,0.05054054054,23.99878269
Static-Geometry Safe,8,18,3,0.95,0.3377909827,4.421891892,0.08581716858,0.217027027,0.3377909827
Static-Geometry Safe,8,18,4,0.8064515181,0.5254308787,6.415405405,0.1330618198,0.1840540541,0.9017235147
Static-Geometry Safe,8,18,5,0.2889292384,1.582364629,16.18864865,0.3810505093,0.06918918919,23.97113756
Static-Geometry Safe,8,18,6,0.86964094,0.451552802,5.683513514,0.118013935,0.1959459459,0.554658406
Static-Geometry Safe,8,18,7,0.95,0.2372894534,4.587297297,0.06124633188,0.2181081081,0.2372894534
Static-Geometry Safe,8,18,8,0.4229897239,1.10910177,10.73189189,0.3168433976,0.1132432432,9.982154878
Static-Geometry Safe,8,18,9,0.9113191376,0.3983676074,4.649459459,0.1002379034,0.2108108108,0.3983676074
Static-Geometry Safe,8,18,10,0.93510967,0.3641087485,5.12972973,0.0936841969,0.2094594595,0.3641087485
Static-Geometry Safe,8,18,11,0.8418183031,0.4846132827,6.073243243,0.1262614066,0.2002702703,0.6538398482
Static-Geometry Safe,8,19,0,0.8339118425,0.4938172966,5.89027027,0.1250558938,0.1910810811,0.6814518897
Static-Geometry Safe,8,19,1,0.4218873338,1.111838862,12.21,0.2818661764,0.1035135135,9.301260659
Static-Geometry Safe,8,19,2,0.3658373363,1.270411673,13.87486486,0.3419810881,0.08783783784,14.31758208
Static-Geometry Safe,8,19,3,0.3670076204,1.266646367,12.80837838,0.3632194043,0.09918918919,16.93244017
Static-Geometry Safe,8,19,4,0.481511622,0.9794527448,10.68837838,0.2599520528,0.1167567568,6.168507641
Static-Geometry Safe,8,19,5,0.1930715746,2.342239302,28.34540541,0.3956485308,0.03567567568,23.99163697
Static-Geometry Safe,8,19,6,0.2120595117,2.1308523,25.96918919,0.3944956285,0.03945945946,23.99687649
Static-Geometry Safe,8,19,7,0.3057773787,1.500722279,15.64810811,0.3897821919,0.07297297297,23.92094609
Static-Geometry Safe,8,19,8,0.5446939528,0.8655191693,9.341351351,0.2395382782,0.1391891892,3.120710862
Static-Geometry Safe,8,19,9,0.4653449839,1.012509865,10.20540541,0.2804925977,0.1213513514,5.637687429
Static-Geometry Safe,8,19,10,0.3623629999,1.281724896,13.22891892,0.3429480127,0.08891891892,17.0841925
Static-Geometry Safe,8,19,11,0.8770434254,0.4425090154,5.685675676,0.1047669993,0.1924324324,0.4850180308
Max-Age-First Safe,2,0,0,0.95,0.3369544871,5.519189189,0.07085151107,0.167027027,0.3369544871
Max-Age-First Safe,2,0,1,0.2315765095,1.95400716,30.73810811,0.3997793027,0.03972972973,23.99873249
Max-Age-First Safe,2,0,2,0.95,0.2191119648,5.639189189,0.0488560462,0.1672972973,0.2191119648
Max-Age-First Safe,2,0,3,0.8081176242,0.5235225351,6.414864865,0.1348424259,0.1651351351,3.488063378
Max-Age-First Safe,2,0,4,0.6281327393,0.7414402559,7.393513514,0.2468795663,0.1548648649,16.64225817
Max-Age-First Safe,2,0,5,0.795200025,0.5383055036,6.517027027,0.1511620049,0.1686486486,3.304415576
Max-Age-First Safe,2,0,6,0.3394136806,1.361973486,11.99972973,0.4038067337,0.08810810811,23.99973208
Max-Age-First Safe,2,0,7,0.9476946562,0.3438720469,6.182162162,0.07016848524,0.1548648649,0.3438720469
Max-Age-First Safe,2,0,8,0.5005847781,0.9427001774,9.165945946,0.36637915,0.1394594595,23.98634773
Max-Age-First Safe,2,0,9,0.95,0.2738400263,5.723513514,0.04692285856,0.1491891892,0.2738400263
Max-Age-First Safe,2,0,10,0.23436609,1.931388168,20.47837838,0.4008935441,0.04621621622,23.99930207
Max-Age-First Safe,2,0,11,0.2528380647,1.795260579,17.4572973,0.399809383,0.05459459459,23.9999822
Max-Age-First Safe,2,1,0,0.5605092249,0.8400796556,7.265945946,0.3600990091,0.172972973,23.89011626
Max-Age-First Safe,2,1,1,0.2181252996,2.072097608,22.2627027,0.3998588358,0.0427027027,23.99874277
Max-Age-First Safe,2,1,2,0.2316669551,1.953264399,26.74540541,0.3996273378,0.03945945946,23.99994003
Max-Age-First Safe,2,1,3,0.3707979081,1.254604531,11.01783784,0.3990998737,0.1008108108,23.99910955
Max-Age-First Safe,2,1,4,0.95,0.2976063768,4.845405405,0.06410602224,0.1818918919,0.2976063768
Max-Age-First Safe,2,1,5,0.95,0.2276934429,4.502972973,0.05021563499,0.192972973,0.2276934429
Max-Age-First Safe,2,1,6,0.2020086086,2.237061952,28.95594595,0.3996480947,0.03135135135,23.99876388
Max-Age-First Safe,2,1,7,0.95,0.2579608484,5.103243243,0.05312599094,0.1786486486,0.2579608484
Max-Age-First Safe,2,1,8,0.325972712,1.414030367,13.21243243,0.4001323768,0.07864864865,23.99946182
Max-Age-First Safe,2,1,9,0.8362721814,0.4910760745,5.805675676,0.1397575963,0.1837837838,2.550130087
Max-Age-First Safe,2,1,10,0.2993435181,1.530799061,13.68648649,0.4000764031,0.06918918919,23.99875468
Max-Age-First Safe,2,1,11,0.2334007936,1.939147999,19.00162162,0.399883763,0.04783783784,23.99996337
Max-Age-First Safe,2,2,0,0.2983974043,1.535332493,14.61675676,0.4033359954,0.06297297297,23.99896939
Max-Age-First Safe,2,2,1,0.4720337023,0.9986066978,7.880810811,0.3360176591,0.1443243243,23.93387927
Max-Age-First Safe,2,2,2,0.7619171253,0.5764720931,7.096486486,0.1442738265,0.1486486486,4.635330235
Max-Age-First Safe,2,2,3,0.95,0.328976203,6.099189189,0.06081614131,0.1464864865,0.328976203
Max-Age-First Safe,2,2,4,0.6042558466,0.7746227687,7.902702703,0.2635810989,0.1454054054,14.13415628
Max-Age-First Safe,2,2,5,0.7527600943,0.5870535051,7.335675676,0.1615190455,0.1524324324,4.650444638
Max-Age-First Safe,2,2,6,0.6803453125,0.6736618433,7.349459459,0.1680513193,0.1421621622,5.599575023
Max-Age-First Safe,2,2,7,0.2438339011,1.858825842,19.42,0.4014059048,0.04648648649,23.97848257
Max-Age-First Safe,2,2,8,0.7053294905,0.6430324214,7.371351351,0.1770946047,0.1478378378,6.050394121
Max-Age-First Safe,2,2,9,0.1925045361,2.34929577,25.14405405,0.4000152257,0.03405405405,23.99999967
Max-Age-First Safe,2,2,10,0.95,0.2710575607,6.221081081,0.04952294892,0.1486486486,0.2710575607
Max-Age-First Safe,2,2,11,0.2931742638,1.560894842,14.12540541,0.4003484337,0.0672972973,23.9997206
Max-Age-First Safe,2,3,0,0.2469621281,1.836175919,15.54216216,0.399988592,0.05540540541,23.99908832
Max-Age-First Safe,2,3,1,0.8215561338,0.5080937316,6.030810811,0.1360867265,0.1783783784,3.102343289
Max-Age-First Safe,2,3,2,0.8932287906,0.4222105672,5.382162162,0.08980532876,0.1702702703,0.5554739706
Max-Age-First Safe,2,3,3,0.3220866759,1.429873819,11.4027027,0.4011375741,0.08945945946,23.99918077
Max-Age-First Safe,2,3,4,0.225348274,2.006740312,20.80567568,0.4002633378,0.0427027027,23.99955093
Max-Age-First Safe,2,3,5,0.2465631425,1.839030251,17.20189189,0.3996163031,0.04837837838,23.99995674
Max-Age-First Safe,2,3,6,0.4834834838,0.9755450403,8.075945946,0.3878450687,0.152972973,23.99810725
Max-Age-First Safe,2,3,7,0.2778755806,1.641436133,16.19594595,0.3997118799,0.05891891892,23.99976003
Max-Age-First Safe,2,3,8,0.2645088005,1.719737046,16.27243243,0.4011170461,0.05837837838,23.99884008
Max-Age-First Safe,2,3,9,0.3014458345,1.520828652,15.2927027,0.4019920059,0.0727027027,23.99964931
Max-Age-First Safe,2,3,10,0.9387067142,0.3585144156,5.542702703,0.07373769467,0.162972973,0.3585144156
Max-Age-First Safe,2,3,11,0.2969367479,1.542388958,12.86,0.4010211292,0.07594594595,23.99775652
Max-Age-First Safe,2,4,0,0.662118963,0.6966749552,9.131081081,0.1577874628,0.1081081081,8.706898746
Max-Age-First Safe,2,4,1,0.6741961796,0.6813572012,9.372702703,0.1384812474,0.102972973,6.589858426
Max-Age-First Safe,2,4,2,0.3640876,1.27608378,11.90486486,0.3686847463,0.09189189189,23.99551877
Max-Age-First Safe,2,4,3,0.2460798207,1.842501298,17.41054054,0.4023624456,0.05054054054,23.99808011
Max-Age-First Safe,2,4,4,0.2372011855,1.908996959,21.70702703,0.3998574711,0.0472972973,23.99920884
Max-Age-First Safe,2,4,5,0.4128728207,1.13470463,11.29567568,0.3634121587,0.1032432432,23.97637043
Max-Age-First Safe,2,4,6,0.5024050881,0.9393093506,10.80405405,0.2800157334,0.1027027027,22.18751064
Max-Age-First Safe,2,4,7,0.4159209977,1.126874486,11.37162162,0.3112610067,0.09486486486,23.93934366
Max-Age-First Safe,2,4,8,0.2309431598,1.959226317,22.68189189,0.3976699903,0.04,23.99977447
Max-Age-First Safe,2,4,9,0.4380235493,1.072981387,12.03891892,0.3410340842,0.09621621622,23.99223688
Max-Age-First Safe,2,4,10,0.7287104513,0.6151471375,9.371081081,0.1192055399,0.1040540541,4.978678437
Max-Age-First Safe,2,4,11,0.5641011845,0.8344446437,9.494594595,0.2038751238,0.1067567568,10.02667145
Max-Age-First Safe,2,5,0,0.9411489522,0.3546353857,6.271891892,0.06373852202,0.1435135135,0.3546353857
Max-Age-First Safe,2,5,1,0.4821824971,0.9781203331,8.645675676,0.3542381747,0.1383783784,23.98398765
Max-Age-First Safe,2,5,2,0.3825098869,1.218803669,10.12621622,0.3985817405,0.1054054054,23.99837046
Max-Age-First Safe,2,5,3,0.7544254172,0.5851252029,7.363783784,0.1421696101,0.1451351351,5.768630883
Max-Age-First Safe,2,5,4,0.3523107703,1.315645181,10.73567568,0.4032274689,0.1002702703,23.99968314
Max-Age-First Safe,2,5,5,0.8677360717,0.4538598372,7.090810811,0.09776386224,0.1372972973,1.36947707
Max-Age-First Safe,2,5,6,0.95,0.2241414152,6.146216216,0.03998198218,0.1451351351,0.2241414152
Max-Age-First Safe,2,5,7,0.2189202535,2.064668323,26.17189189,0.3995412214,0.04297297297,23.99960989
Max-Age-First Safe,2,5,8,0.8265150398,0.5023771293,6.827837838,0.1174476262,0.1459459459,2.149919715
Max-Age-First Safe,2,5,9,0.3376263363,1.368663091,11.90351351,0.3995016591,0.08189189189,23.99956334
Max-Age-First Safe,2,5,10,0.2625732011,1.731770293,17.35675676,0.4001793515,0.05324324324,23.99911009
Max-Age-First Safe,2,5,11,0.2699141276,1.687095206,15.94675676,0.4007991042,0.05702702703,23.99980549
Max-Age-First Safe,2,6,0,0.6600953202,0.6992694381,7.757567568,0.2209313441,0.1445945946,10.27296921
Max-Age-First Safe,2,6,1,0.4082536129,1.146768836,11.15567568,0.39795978,0.1056756757,23.99713888
Max-Age-First Safe,2,6,2,0.95,0.2551559305,6.011351351,0.04282481969,0.1405405405,0.2551559305
Max-Age-First Safe,2,6,3,0.8542797728,0.4699577518,6.857567568,0.1075822205,0.1440540541,1.799155036
Max-Age-First Safe,2,6,4,0.5796663152,0.8105930222,8.568918919,0.2484358074,0.1321621622,13.99194182
Max-Age-First Safe,2,6,5,0.95,0.2156180293,6.181621622,0.03671334012,0.1405405405,0.2156180293
Max-Age-First Safe,2,6,6,0.7238759829,0.6208604762,8.462972973,0.1496777148,0.1278378378,7.550977145
Max-Age-First Safe,2,6,7,0.298421524,1.535216558,13.1727027,0.3999861519,0.07297297297,23.99773862
Max-Age-First Safe,2,6,8,0.95,0.2628816135,5.904594595,0.04156371456,0.1340540541,0.2628816135
Max-Age-First Safe,2,6,9,0.3698913443,1.257463669,12.98081081,0.4000093887,0.0872972973,23.99960239
Max-Age-First Safe,2,6,10,0.95,0.2571157349,5.987027027,0.04468254528,0.1405405405,0.2571157349
Max-Age-First Safe,2,6,11,0.5870736138,0.7995478023,8.208108108,0.2493724767,0.1383783784,13.97919891
Max-Age-First Safe,2,7,0,0.95,0.2129344738,5.317567568,0.04523418822,0.1740540541,0.2129344738
Max-Age-First Safe,2,7,1,0.8194645516,0.5105004868,5.665405405,0.125417552,0.1740540541,2.389008763
Max-Age-First Safe,2,7,2,0.5139536145,0.9182376412,8.079189189,0.3948421857,0.1645945946,23.99732874
Max-Age-First Safe,2,7,3,0.1957148488,2.309972111,24.83432432,0.4001870602,0.03756756757,23.99909524
Max-Age-First Safe,2,7,4,0.2668165055,1.705631049,15.60810811,0.4001318245,0.05972972973,23.99999021
Max-Age-First Safe,2,7,5,0.95,0.2143947682,5.394594595,0.04502290132,0.1689189189,0.2143947682
Max-Age-First Safe,2,7,6,0.9166527097,0.3910280632,5.515405405,0.09226148627,0.1716216216,0.3910280632
Max-Age-First Safe,2,7,7,0.2817874583,1.619983796,14.89648649,0.400179781,0.06837837838,23.99902777
Max-Age-First Safe,2,7,8,0.4060368001,1.152645744,9.040540541,0.4009338034,0.1254054054,23.99964417
Max-Age-First Safe,2,7,9,0.95,0.2643493157,5.422162162,0.0545845614,0.1672972973,0.2643493157
Max-Age-First Safe,2,7,10,0.95,0.2202876177,5.084054054,0.04774882957,0.1775675676,0.2202876177
Max-Age-First Safe,2,7,11,0.8957240492,0.4190042049,5.597027027,0.1005610092,0.1724324324,0.8751051236
Max-Age-First Safe,2,8,0,0.924502767,0.3798996382,5.434594595,0.08347524482,0.1664864865,0.3798996382
Max-Age-First Safe,2,8,1,0.7675714746,0.5699618165,6.745405405,0.1714506762,0.1654054054,4.30912178
Max-Age-First Safe,2,8,2,0.2938168902,1.557699888,16.96810811,0.3999499713,0.05783783784,23.99969122
Max-Age-First Safe,2,8,3,0.223720696,2.021057334,16.69432432,0.3987491497,0.05108108108,23.98260599
Max-Age-First Safe,2,8,4,0.8564804989,0.4673466129,6.409189189,0.1055950725,0.1572972973,1.477545806
Max-Age-First Safe,2,8,5,0.95,0.2347890628,5.45972973,0.04702126907,0.1637837838,0.2347890628
Max-Age-First Safe,2,8,6,0.4732619221,0.9960890923,8.324054054,0.3801291347,0.1424324324,23.9987027
Max-Age-First Safe,2,8,7,0.198994158,2.271318822,24.89162162,0.4002432086,0.03486486486,23.99910349
Max-Age-First Safe,2,8,8,0.3554966144,1.304697623,11.72,0.3998721903,0.1008108108,23.99967465
Max-Age-First Safe,2,8,9,0.365156396,1.272612991,10.74513514,0.4000132184,0.1013513514,23.99844384
Max-Age-First Safe,2,8,10,0.95,0.2590903055,5.435945946,0.04803674312,0.1586486486,0.2590903055
Max-Age-First Safe,2,8,11,0.8950142286,0.4199186836,5.605945946,0.09873763642,0.1683783784,0.7186989379
Max-Age-First Safe,2,9,0,0.3257577326,1.414897118,13.95621622,0.4003776438,0.07675675676,23.99942314
Max-Age-First Safe,2,9,1,0.6871221964,0.6652565043,7.722702703,0.1839344335,0.1462162162,8.618721146
Max-Age-First Safe,2,9,2,0.2523803769,1.798374164,20.67837838,0.3985585986,0.04351351351,23.9969037
Max-Age-First Safe,2,9,3,0.1963495047,2.302374716,27.81594595,0.3994931264,0.03594594595,23.99949363
Max-Age-First Safe,2,9,4,0.5437054116,0.8671448273,7.905675676,0.3377177557,0.1494594595,23.93743444
Max-Age-First Safe,2,9,5,0.2493362779,1.819394726,18.3327027,0.4002668397,0.04918918919,23.99928272
Max-Age-First Safe,2,9,6,0.95,0.209506079,5.437297297,0.03816408033,0.1556756757,0.209506079
Max-Age-First Safe,2,9,7,0.4363495231,1.076896197,8.784594595,0.3981605398,0.1332432432,23.99650558
Max-Age-First Safe,2,9,8,0.95,0.2790122724,5.905135135,0.05369101025,0.1543243243,0.2790122724
Max-Age-First Safe,2,9,9,0.6652629851,0.6926602831,7.572162162,0.2250209893,0.1556756757,6.253205662
Max-Age-First Safe,2,9,10,0.95,0.247425482,5.693783784,0.04413535624,0.1502702703,0.247425482
Max-Age-First Safe,2,9,11,0.2127973752,2.123503268,22.06054054,0.4000221022,0.04027027027,23.9988499
Max-Age-First Safe,2,10,0,0.2210551088,2.045012567,19.7627027,0.4001592157,0.04297297297,23.99991354
Max-Age-First Safe,2,10,1,0.5230742899,0.9021077578,10.24567568,0.2976955601,0.1105405405,14.01592668
Max-Age-First Safe,2,10,2,0.4621770162,1.019211399,11.09567568,0.3374416119,0.1110810811,23.98909227
Max-Age-First Safe,2,10,3,0.8877431859,0.4291816563,7.578648649,0.06460923853,0.117027027,0.9046313452
Max-Age-First Safe,2,10,4,0.3493760462,1.325898395,12.56378378,0.3809270253,0.09027027027,23.99851331
Max-Age-First Safe,2,10,5,0.4491418585,1.047619095,10.05486486,0.3544916505,0.1151351351,23.9809597
Max-Age-First Safe,2,10,6,0.5565464418,0.8463561798,9.384324324,0.2237125254,0.1127027027,14.74695955
Max-Age-First Safe,2,10,7,0.34857734,1.328717478,12.17702703,0.3889191971,0.08513513514,23.99712316
Max-Age-First Safe,2,10,8,0.2223217792,2.03354937,24.32378378,0.4034122264,0.03918918919,23.99801714
Max-Age-First Safe,2,10,9,0.6900300697,0.6616731043,8.688918919,0.1537942891,0.1172972973,6.620231757
Max-Age-First Safe,2,10,10,0.2104662511,2.146920017,21.74513514,0.4003715707,0.04,23.99932792
Max-Age-First Safe,2,10,11,0.2177243916,2.075867389,39.48,0.4000252563,0.03621621622,23.99722662
Max-Age-First Safe,2,11,0,0.95,0.3358641596,7.313783784,0.04783794922,0.1151351351,0.3358641596
Max-Age-First Safe,2,11,1,0.2935060875,1.559243329,14.67486486,0.3986605916,0.07135135135,23.99948208
Max-Age-First Safe,2,11,2,0.6227889451,0.7487311135,9.006756757,0.1724105159,0.1183783784,17.15990906
Max-Age-First Safe,2,11,3,0.4312530983,1.088976442,10.64162162,0.3805531189,0.1094594595,23.99922838
Max-Age-First Safe,2,11,4,0.6153269509,0.7590395275,10.12459459,0.1922216317,0.1127027027,11.36638346
Max-Age-First Safe,2,11,5,0.4183303984,1.120756955,11.16081081,0.3728788679,0.1013513514,23.98155051
Max-Age-First Safe,2,11,6,0.9434799305,0.3508668233,7.422702703,0.05443177205,0.1140540541,0.3508668233
Max-Age-First Safe,2,11,7,0.4987828682,0.9460759936,10.74513514,0.2889367224,0.1086486486,19.48126773
Max-Age-First Safe,2,11,8,0.6260188518,0.7443154627,10.37108108,0.1750147169,0.1094594595,16.3600886
Max-Age-First Safe,2,11,9,0.4351735249,1.079661914,10.06459459,0.3615408411,0.1137837838,23.94072912
Max-Age-First Safe,2,11,10,0.2492611008,1.819920828,20.94648649,0.3998907116,0.04972972973,23.99708852
Max-Age-First Safe,2,11,11,0.2092716103,2.159149808,26.59324324,0.4014851535,0.03945945946,23.99947758
Max-Age-First Safe,2,12,0,0.2277146089,1.986329388,19.07054054,0.3983395692,0.04648648649,23.99860142
Max-Age-First Safe,2,12,1,0.9318683167,0.369039043,7.261621622,0.04807481587,0.1083783784,0.369039043
Max-Age-First Safe,2,12,2,0.4490225566,1.047885528,10.79081081,0.3613789012,0.1140540541,23.99987252
Max-Age-First Safe,2,12,3,0.364868936,1.273544601,11.47864865,0.3941104239,0.09405405405,23.99676062
Max-Age-First Safe,2,12,4,0.3264467419,1.412123145,13.80702703,0.4007376493,0.08135135135,23.99428929
Max-Age-First Safe,2,12,5,0.2532754659,1.792296255,19.65837838,0.3996336243,0.04837837838,23.99967446
Max-Age-First Safe,2,12,6,0.5108922966,0.9237509324,10.45054054,0.2556543121,0.1089189189,16.1500373
Max-Age-First Safe,2,12,7,0.7249468559,0.6195927545,8.935945946,0.1142060158,0.1059459459,4.133076827
Max-Age-First Safe,2,12,8,0.885090931,0.4325165816,7.958648649,0.07224195877,0.1094594595,1.050331633
Max-Age-First Safe,2,12,9,0.3371942215,1.370290719,13.92540541,0.388866285,0.07918918919,23.99872519
Max-Age-First Safe,2,12,10,0.4510893652,1.043286736,10.96864865,0.305090878,0.1067567568,19.14188882
Max-Age-First Safe,2,12,11,0.3770521179,1.235229773,11.41513514,0.3752427742,0.1002702703,23.99562454
Max-Age-First Safe,2,13,0,0.931036637,0.3702883284,6.65,0.08246421152,0.1483783784,0.3702883284
Max-Age-First Safe,2,13,1,0.7159624459,0.6302691506,7.005675676,0.1880586871,0.1556756757,5.756728766
Max-Age-First Safe,2,13,2,0.6775674106,0.6771299559,8.055405405,0.1782498857,0.1381081081,4.556949338
Max-Age-First Safe,2,13,3,0.3509019354,1.320546841,10.61810811,0.3968778614,0.09243243243,23.9999194
Max-Age-First Safe,2,13,4,0.95,0.2764601871,6.091081081,0.05342406319,0.1489189189,0.2764601871
Max-Age-First Safe,2,13,5,0.7562371291,0.5830294735,7.067297297,0.1504846344,0.1508108108,4.975736837
Max-Age-First Safe,2,13,6,0.2357345475,1.920506701,20.17297297,0.3981158485,0.04297297297,23.99966944
Max-Age-First Safe,2,13,7,0.5713184825,0.8232731646,7.934594595,0.3046110709,0.1518918919,16.39713596
Max-Age-First Safe,2,13,8,0.95,0.2265612916,5.746486486,0.04212815368,0.1564864865,0.2265612916
Max-Age-First Safe,2,13,9,0.8385292043,0.488449848,6.474054054,0.1091751417,0.1513513514,2.168996961
Max-Age-First Safe,2,13,10,0.9458583108,0.3469497415,6.966216216,0.05541818844,0.1297297297,0.3469497415
Max-Age-First Safe,2,13,11,0.3749843981,1.241568686,10.43864865,0.3939463885,0.1048648649,23.99924108
Max-Age-First Safe,2,14,0,0.3969158517,1.177446822,11.22621622,0.3821928737,0.1013513514,23.99872434
Max-Age-First Safe,2,14,1,0.64914127,0.7134614509,9.795675676,0.1806792918,0.1113513514,13.56538094
Max-Age-First Safe,2,14,2,0.685168137,0.6676722331,9.231351351,0.1705270974,0.1183783784,6.824133594
Max-Age-First Safe,2,14,3,0.2123384503,2.128067317,23.73864865,0.3985812569,0.04135135135,23.99934819
Max-Age-First Safe,2,14,4,0.8391928019,0.4876767217,8.647027027,0.08330045626,0.1105405405,2.065857713
Max-Age-First Safe,2,14,5,0.2547057577,1.782678959,15.47027027,0.3994164479,0.05594594595,23.99790701
Max-Age-First Safe,2,14,6,0.6450583303,0.7188179662,9.931351351,0.2070972843,0.1162162162,7.970449154
Max-Age-First Safe,2,14,7,0.3536782427,1.310923092,13.99567568,0.3954027489,0.08135135135,23.99984796
Max-Age-First Safe,2,14,8,0.3495021855,1.325454306,11.94162162,0.3811576708,0.08486486486,23.99816963
Max-Age-First Safe,2,14,9,0.2638904463,1.723560971,17.72135135,0.4006114688,0.05972972973,23.99628954
Max-Age-First Safe,2,14,10,0.8142278578,0.5165166625,8.223783784,0.08348026058,0.107027027,2.73033325
Max-Age-First Safe,2,14,11,0.4332858251,1.084128614,11.05162162,0.3395959632,0.1059459459,23.95248854
Max-Age-First Safe,2,15,0,0.95,0.2609434761,5.862972973,0.04471301725,0.1475675676,0.2609434761
Max-Age-First Safe,2,15,1,0.6682774533,0.6888292002,6.912162162,0.1986434477,0.1591891892,10.68668041
Max-Age-First Safe,2,15,2,0.3936552323,1.186565108,10.57513514,0.397980351,0.1216216216,23.99889777
Max-Age-First Safe,2,15,3,0.8783623152,0.4408835581,6.820540541,0.08734260758,0.1383783784,1.258554719
Max-Age-First Safe,2,15,4,0.2542081145,1.786011998,17.68567568,0.3996805229,0.05378378378,23.99977868
Max-Age-First Safe,2,15,5,0.6112416568,0.7647485898,7.541891892,0.2259108672,0.1486486486,10.00145205
Max-Age-First Safe,2,15,6,0.1961261937,2.305041448,26.49675676,0.3999558404,0.03324324324,23.99896785
Max-Age-First Safe,2,15,7,0.2603661895,1.74572184,15.93864865,0.3996287562,0.05675675676,23.99917484
Max-Age-First Safe,2,15,8,0.4858854259,0.9708198352,8.28,0.3513318268,0.1459459459,23.99481672
Max-Age-First Safe,2,15,9,0.9440218225,0.349980936,6.259189189,0.06479376789,0.1440540541,0.349980936
Max-Age-First Safe,2,15,10,0.777121657,0.5589976316,7.529459459,0.1331018685,0.1345945946,4.692936053
Max-Age-First Safe,2,15,11,0.6438927182,0.7203540735,8.592702703,0.2161062221,0.1345945946,7.130976279
Max-Age-First Safe,2,16,0,0.3932789834,1.187626136,11.48918919,0.3989781857,0.1089189189,23.99841116
Max-Age-First Safe,2,16,1,0.7735119064,0.5631378354,6.960540541,0.1712243418,0.1645945946,7.372580947
Max-Age-First Safe,2,16,2,0.901603995,0.4113518347,5.696486486,0.083604481,0.1583783784,0.513518347
Max-Age-First Safe,2,16,3,0.8416273572,0.4848363331,6.49027027,0.1014225194,0.1459459459,1.502872331
Max-Age-First Safe,2,16,4,0.2260479039,2.00065631,18.24108108,0.3995905441,0.04702702703,23.99969286
Max-Age-First Safe,2,16,5,0.7045979448,0.6439160289,6.279459459,0.1722910456,0.16,9.376221299
Max-Age-First Safe,2,16,6,0.6624829137,0.6962092138,7.393783784,0.2299372052,0.1589189189,11.65595012
Max-Age-First Safe,2,16,7,0.1982197585,2.280313362,30.51054054,0.3999792897,0.03378378378,23.99979694
Max-Age-First Safe,2,16,8,0.7522839954,0.5876051337,6.443783784,0.1510304006,0.16,4.502523209
Max-Age-First Safe,2,16,9,0.3841282698,1.214015836,9.875135135,0.3993127762,0.1172972973,23.9987777
Max-Age-First Safe,2,16,10,0.2247729528,2.011774821,22.74135135,0.4001800724,0.04162162162,23.99613493
Max-Age-First Safe,2,16,11,0.2144342016,2.107404393,24.77783784,0.3998372659,0.04054054054,23.99934883
Max-Age-First Safe,2,17,0,0.6058267012,0.772389876,7.632972973,0.2571849533,0.1491891892,14.78515454
Max-Age-First Safe,2,17,1,0.4606290406,1.022513998,8.647027027,0.3855154128,0.142972973,23.99922743
Max-Age-First Safe,2,17,2,0.8627452041,0.4598691245,5.45027027,0.09657251615,0.1632432432,1.836858989
Max-Age-First Safe,2,17,3,0.95,0.2139841101,5.081891892,0.04458966187,0.1678378378,0.2139841101
Max-Age-First Safe,2,17,4,0.8920394043,0.4237308779,6.064864865,0.09482409917,0.1591891892,0.7796940469
Max-Age-First Safe,2,17,5,0.9329954481,0.3673358894,5.84027027,0.07426141763,0.16,0.3673358894
Max-Age-First Safe,2,17,6,0.2434414901,1.861711545,17.72675676,0.4005195648,0.04891891892,23.99944623
Max-Age-First Safe,2,17,7,0.2237143759,2.021113381,24.62243243,0.4009451951,0.03675675676,23.99966294
Max-Age-First Safe,2,17,8,0.7874097494,0.5472165522,6.688918919,0.1441989563,0.1591891892,5.699795881
Max-Age-First Safe,2,17,9,0.2072792387,2.179902851,24.33648649,0.4018091202,0.03837837838,23.99969594
Max-Age-First Safe,2,17,10,0.95,0.241873434,5.868108108,0.04510612688,0.1483783784,0.241873434
Max-Age-First Safe,2,17,11,0.5223938409,0.9032962107,8.141621622,0.3593654114,0.152972973,23.99554529
Max-Age-First Safe,2,18,0,0.95,0.2641897105,4.923243243,0.06297711476,0.1908108108,0.2641897105
Max-Age-First Safe,2,18,1,0.2298402862,1.968390267,21.93972973,0.3995300245,0.04621621622,23.99962611
Max-Age-First Safe,2,18,2,0.2514208534,1.804941085,17.84351351,0.4000139701,0.05432432432,23.99923841
Max-Age-First Safe,2,18,3,0.95,0.3377909827,4.779459459,0.07586602882,0.187027027,0.3377909827
Max-Age-First Safe,2,18,4,0.8064515181,0.5254308787,6.028378378,0.1449905208,0.1854054054,3.034048452
Max-Age-First Safe,2,18,5,0.2889292384,1.582364629,14.33351351,0.4002954845,0.06918918919,23.99915506
Max-Age-First Safe,2,18,6,0.86964094,0.451552802,5.72027027,0.1210649675,0.1835135135,1.791925654
Max-Age-First Safe,2,18,7,0.95,0.2372894534,4.831351351,0.05355045772,0.1859459459,0.2372894534
Max-Age-First Safe,2,18,8,0.4229897239,1.10910177,8.74027027,0.4055715392,0.1324324324,23.99649161
Max-Age-First Safe,2,18,9,0.9113191376,0.3983676074,5.081891892,0.08721020595,0.177027027,0.3983676074
Max-Age-First Safe,2,18,10,0.93510967,0.3641087485,5.423513514,0.08689406078,0.1824324324,0.3641087485
Max-Age-First Safe,2,18,11,0.8418183031,0.4846132827,6.135405405,0.129142891,0.1797297297,4.12298444
Max-Age-First Safe,2,19,0,0.8339118425,0.4938172966,8.078108108,0.0870186155,0.1118918919,2.370163228
Max-Age-First Safe,2,19,1,0.4218873338,1.111838862,11.33621622,0.3305466888,0.09891891892,23.97078671
Max-Age-First Safe,2,19,2,0.3658373363,1.270411673,11.65,0.3766598933,0.09486486486,23.99099531
Max-Age-First Safe,2,19,3,0.3670076204,1.266646367,10.81567568,0.3919757002,0.09945945946,23.99817307
Max-Age-First Safe,2,19,4,0.481511622,0.9794527448,10.20108108,0.2734526177,0.1059459459,17.56303509
Max-Age-First Safe,2,19,5,0.1930715746,2.342239302,26.0472973,0.3994467567,0.03378378378,23.99903627
Max-Age-First Safe,2,19,6,0.2120595117,2.1308523,25.68513514,0.4002546887,0.03513513514,23.99807256
Max-Age-First Safe,2,19,7,0.3057773787,1.500722279,13.79810811,0.3999222073,0.06864864865,23.9989522
Max-Age-First Safe,2,19,8,0.5446939528,0.8655191693,10.01297297,0.2479595458,0.1135135135,13.88628594
Max-Age-First Safe,2,19,9,0.4653449839,1.012509865,9.732702703,0.2974589792,0.1113513514,19.80047351
Max-Age-First Safe,2,19,10,0.3623629999,1.281724896,12.43243243,0.3827854081,0.08459459459,23.99672603
Max-Age-First Safe,2,19,11,0.8770434254,0.4425090154,8.182162162,0.06087488888,0.1037837838,0.7400721233
Max-Age-First Safe,4,0,0,0.95,0.3369544871,5.481081081,0.06984975449,0.17,0.3369544871
Max-Age-First Safe,4,0,1,0.2315765095,1.95400716,31.91756757,0.4003074127,0.04054054054,23.99873249
Max-Age-First Safe,4,0,2,0.95,0.2191119648,5.521081081,0.04879682675,0.1764864865,0.2191119648
Max-Age-First Safe,4,0,3,0.8081176242,0.5235225351,6.350540541,0.1301731709,0.1740540541,3.735108448
Max-Age-First Safe,4,0,4,0.6281327393,0.7414402559,7.897567568,0.2470799556,0.167027027,12.51616998
Max-Age-First Safe,4,0,5,0.795200025,0.5383055036,6.451891892,0.1488341974,0.1837837838,3.181026583
Max-Age-First Safe,4,0,6,0.3394136806,1.361973486,11.54621622,0.4008619261,0.09567567568,23.99899405
Max-Age-First Safe,4,0,7,0.9476946562,0.3438720469,6.145675676,0.0716554995,0.1656756757,0.3438720469
Max-Age-First Safe,4,0,8,0.5005847781,0.9427001774,8.943783784,0.3651052309,0.1572972973,23.98854525
Max-Age-First Safe,4,0,9,0.95,0.2738400263,5.790810811,0.05106746436,0.1627027027,0.2738400263
Max-Age-First Safe,4,0,10,0.23436609,1.931388168,19.98378378,0.4008935441,0.04702702703,23.99930207
Max-Age-First Safe,4,0,11,0.2528380647,1.795260579,17.01837838,0.399809383,0.05648648649,23.9999822
Max-Age-First Safe,4,1,0,0.5605092249,0.8400796556,7.696486486,0.3532875525,0.1878378378,23.92860281
Max-Age-First Safe,4,1,1,0.2181252996,2.072097608,21.73945946,0.3992988094,0.04135135135,23.99953142
Max-Age-First Safe,4,1,2,0.2316669551,1.953264399,19.57378378,0.4001552471,0.04540540541,23.99988006
Max-Age-First Safe,4,1,3,0.3707979081,1.254604531,11.45054054,0.399438956,0.1059459459,23.99912755
Max-Age-First Safe,4,1,4,0.95,0.2976063768,4.934324324,0.06281907574,0.1810810811,0.2976063768
Max-Age-First Safe,4,1,5,0.95,0.2276934429,4.65027027,0.05107717774,0.1945945946,0.2276934429
Max-Age-First Safe,4,1,6,0.2020086086,2.237061952,22.24081081,0.3996480947,0.03540540541,23.99943658
Max-Age-First Safe,4,1,7,0.95,0.2579608484,4.990540541,0.0547992505,0.1832432432,0.2579608484
Max-Age-First Safe,4,1,8,0.325972712,1.414030367,11.88756757,0.4001323768,0.08648648649,23.99953849
Max-Age-First Safe,4,1,9,0.8362721814,0.4910760745,5.885675676,0.1408193825,0.1940540541,2.130445416
Max-Age-First Safe,4,1,10,0.2993435181,1.530799061,13.4972973,0.3996626736,0.07108108108,23.99875468
Max-Age-First Safe,4,1,11,0.2334007936,1.939147999,19.57756757,0.399883763,0.04621621622,23.99996337
Max-Age-First Safe,4,2,0,0.2983974043,1.535332493,14.67918919,0.4000163576,0.06594594595,23.99896939
Max-Age-First Safe,4,2,1,0.4720337023,0.9986066978,8.123513514,0.3284606355,0.1578378378,23.71222196
Max-Age-First Safe,4,2,2,0.7619171253,0.5764720931,6.867567568,0.1395997285,0.1616216216,2.870609304
Max-Age-First Safe,4,2,3,0.95,0.328976203,6.011891892,0.06392807836,0.1567567568,0.328976203
Max-Age-First Safe,4,2,4,0.6042558466,0.7746227687,8.014864865,0.2639998139,0.1613513514,12.99821658
Max-Age-First Safe,4,2,5,0.7527600943,0.5870535051,7.17972973,0.1543792055,0.1675675676,3.179909587
Max-Age-First Safe,4,2,6,0.6803453125,0.6736618433,7.221891892,0.1702361685,0.1578378378,3.620560553
Max-Age-First Safe,4,2,7,0.2438339011,1.858825842,19.77054054,0.4009035194,0.04459459459,23.97848257
Max-Age-First Safe,4,2,8,0.7053294905,0.6430324214,7.272702703,0.1830035513,0.1681081081,3.746713271
Max-Age-First Safe,4,2,9,0.1925045361,2.34929577,25.29756757,0.4000152257,0.03081081081,23.99999967
Max-Age-First Safe,4,2,10,0.95,0.2710575607,6.104324324,0.05172071293,0.1597297297,0.2710575607
Max-Age-First Safe,4,2,11,0.2931742638,1.560894842,14.02621622,0.3999265703,0.0727027027,23.9997206
Max-Age-First Safe,4,3,0,0.2469621281,1.836175919,16.60567568,0.399988592,0.05216216216,23.99954416
Max-Age-First Safe,4,3,1,0.8215561338,0.5080937316,6.035135135,0.135537436,0.1878378378,3.318530752
Max-Age-First Safe,4,3,2,0.8932287906,0.4222105672,5.391621622,0.09014766165,0.1778378378,0.5110528362
Max-Age-First Safe,4,3,3,0.3220866759,1.429873819,11.39945946,0.4007511217,0.09108108108,23.99933929
Max-Age-First Safe,4,3,4,0.225348274,2.006740312,20.43216216,0.4002633378,0.04216216216,23.99955093
Max-Age-First Safe,4,3,5,0.2465631425,1.839030251,17.06432432,0.3996163031,0.04972972973,23.99803455
Max-Age-First Safe,4,3,6,0.4834834838,0.9755450403,8.118918919,0.3841538172,0.1691891892,23.99810725
Max-Age-First Safe,4,3,7,0.2778755806,1.641436133,14.75459459,0.4001555113,0.06378378378,23.99976003
Max-Age-First Safe,4,3,8,0.2645088005,1.719737046,16.38135135,0.4020466337,0.05702702703,23.99884008
Max-Age-First Safe,4,3,9,0.3014458345,1.520828652,14.89837838,0.4007589016,0.07378378378,23.99910121
Max-Age-First Safe,4,3,10,0.9387067142,0.3585144156,5.407567568,0.07519113149,0.17,0.3585144156
Max-Age-First Safe,4,3,11,0.2969367479,1.542388958,13.72054054,0.4014379911,0.07351351351,23.99913671
Max-Age-First Safe,4,4,0,0.662118963,0.6966749552,8.984054054,0.1474314838,0.1181081081,9.003573701
Max-Age-First Safe,4,4,1,0.6741961796,0.6813572012,9.446486486,0.137744645,0.112972973,6.589858426
Max-Age-First Safe,4,4,2,0.3640876,1.27608378,11.68810811,0.3845495716,0.1005405405,23.99551877
Max-Age-First Safe,4,4,3,0.2460798207,1.842501298,16.64324324,0.4048523122,0.05405405405,23.99849541
Max-Age-First Safe,4,4,4,0.2372011855,1.908996959,18.17486486,0.3998574711,0.05135135135,23.99963408
Max-Age-First Safe,4,4,5,0.4128728207,1.13470463,10.81189189,0.3726124665,0.1145945946,23.992826
Max-Age-First Safe,4,4,6,0.5024050881,0.9393093506,10.49891892,0.2675762312,0.1127027027,15.29375532
Max-Age-First Safe,4,4,7,0.4159209977,1.126874486,11.68216216,0.3261844797,0.1081081081,23.97809674
Max-Age-First Safe,4,4,8,0.2309431598,1.959226317,23.26945946,0.3960814284,0.04081081081,23.99977447
Max-Age-First Safe,4,4,9,0.4380235493,1.072981387,11.61756757,0.3387141244,0.1067567568,23.99907273
Max-Age-First Safe,4,4,10,0.7287104513,0.6151471375,9.410810811,0.1240269634,0.1172972973,4.733237024
Max-Age-First Safe,4,4,11,0.5641011845,0.8344446437,9.366486486,0.1948541006,0.1189189189,7.385558943
Max-Age-First Safe,4,5,0,0.9411489522,0.3546353857,6.178918919,0.06421775902,0.147027027,0.3546353857
Max-Age-First Safe,4,5,1,0.4821824971,0.9781203331,8.598378378,0.3539738178,0.157027027,23.99015364
Max-Age-First Safe,4,5,2,0.3825098869,1.218803669,11.42594595,0.399899366,0.1151351351,23.99860478
Max-Age-First Safe,4,5,3,0.7544254172,0.5851252029,7.403513514,0.1356857903,0.1545945946,5.213255274
Max-Age-First Safe,4,5,4,0.3523107703,1.315645181,10.8472973,0.4018051498,0.1054054054,23.99873258
Max-Age-First Safe,4,5,5,0.8677360717,0.4538598372,7.205405405,0.09653721403,0.1486486486,1.207897559
Max-Age-First Safe,4,5,6,0.95,0.2241414152,6.247837838,0.04131471492,0.1532432432,0.2241414152
Max-Age-First Safe,4,5,7,0.2189202535,2.064668323,25.47459459,0.4000992398,0.04351351351,23.99960989
Max-Age-First Safe,4,5,8,0.8265150398,0.5023771293,6.949459459,0.1197558454,0.1605405405,1.43327981
Max-Age-First Safe,4,5,9,0.3376263363,1.368663091,10.90972973,0.4028308396,0.08918918919,23.99978167
Max-Age-First Safe,4,5,10,0.2625732011,1.731770293,16.73648649,0.4001793515,0.05594594595,23.99911009
Max-Age-First Safe,4,5,11,0.2699141276,1.687095206,16.34945946,0.3998871609,0.05864864865,23.99980549
Max-Age-First Safe,4,6,0,0.6600953202,0.6992694381,7.994864865,0.2201753771,0.1616216216,10.56347191
Max-Age-First Safe,4,6,1,0.4082536129,1.146768836,10.96,0.3988895925,0.1162162162,23.99928332
Max-Age-First Safe,4,6,2,0.95,0.2551559305,6.08,0.0437213135,0.1435135135,0.2551559305
Max-Age-First Safe,4,6,3,0.8542797728,0.4699577518,6.835675676,0.1075822205,0.1581081081,1.449366277
Max-Age-First Safe,4,6,4,0.5796663152,0.8105930222,8.394594595,0.2346338181,0.1443243243,6.264825556
Max-Age-First Safe,4,6,5,0.95,0.2156180293,6.07,0.03688816555,0.1489189189,0.2156180293
Max-Age-First Safe,4,6,6,0.7238759829,0.6208604762,8.554864865,0.145986112,0.1389189189,5.479790954
Max-Age-First Safe,4,6,7,0.298421524,1.535216558,13.72972973,0.3999861519,0.07486486486,23.99999245
Max-Age-First Safe,4,6,8,0.95,0.2628816135,5.833783784,0.04305574534,0.1464864865,0.2628816135
Max-Age-First Safe,4,6,9,0.3698913443,1.257463669,12.71297297,0.4000093887,0.09297297297,23.99511103
Max-Age-First Safe,4,6,10,0.95,0.2571157349,5.99,0.04662828597,0.1518918919,0.2571157349
Max-Age-First Safe,4,6,11,0.5870736138,0.7995478023,8.568378378,0.2539104507,0.1575675676,13.57332034
Max-Age-First Safe,4,7,0,0.95,0.2129344738,5.48,0.04437094036,0.1727027027,0.2129344738
Max-Age-First Safe,4,7,1,0.8194645516,0.5105004868,5.77,0.1229340362,0.1794594595,1.615505355
Max-Age-First Safe,4,7,2,0.5139536145,0.9182376412,8.114324324,0.39211229,0.18,23.99732874
Max-Age-First Safe,4,7,3,0.1957148488,2.309972111,26.91324324,0.4001870602,0.03378378378,23.99909524
Max-Age-First Safe,4,7,4,0.2668165055,1.705631049,16.33891892,0.4010537872,0.05702702703,23.99999021
Max-Age-First Safe,4,7,5,0.95,0.2143947682,5.457297297,0.04467523413,0.1748648649,0.2143947682
Max-Age-First Safe,4,7,6,0.9166527097,0.3910280632,5.567297297,0.09035918759,0.1816216216,0.3910280632
Max-Age-First Safe,4,7,7,0.2817874583,1.619983796,14.90810811,0.400179781,0.06810810811,23.99902777
Max-Age-First Safe,4,7,8,0.4060368001,1.152645744,9.295945946,0.4006222775,0.1351351351,23.99964417
Max-Age-First Safe,4,7,9,0.95,0.2643493157,5.421891892,0.05765672912,0.1754054054,0.2643493157
Max-Age-First Safe,4,7,10,0.95,0.2202876177,5.258648649,0.04983263136,0.1862162162,0.2202876177
Max-Age-First Safe,4,7,11,0.8957240492,0.4190042049,5.542162162,0.09931532101,0.1856756757,0.6280504593
Max-Age-First Safe,4,8,0,0.924502767,0.3798996382,5.375675676,0.08111370653,0.1713513514,0.3798996382
Max-Age-First Safe,4,8,1,0.7675714746,0.5699618165,6.807027027,0.1686778889,0.1821621622,4.139159964
Max-Age-First Safe,4,8,2,0.2938168902,1.557699888,17.00135135,0.3999499713,0.06,23.99969122
Max-Age-First Safe,4,8,3,0.223720696,2.021057334,18.17864865,0.3987491497,0.04810810811,23.98260599
Max-Age-First Safe,4,8,4,0.8564804989,0.4673466129,6.322972973,0.1053424527,0.1672972973,1.275505967
Max-Age-First Safe,4,8,5,0.95,0.2347890628,5.401621622,0.04695781257,0.1691891892,0.2347890628
Max-Age-First Safe,4,8,6,0.4732619221,0.9960890923,8.623783784,0.3860518266,0.1613513514,23.99924641
Max-Age-First Safe,4,8,7,0.198994158,2.271318822,24.80027027,0.4002432086,0.03648648649,23.99910349
Max-Age-First Safe,4,8,8,0.3554966144,1.304697623,11.50351351,0.3998721903,0.1035135135,23.99967465
Max-Age-First Safe,4,8,9,0.365156396,1.272612991,11.01297297,0.4000132184,0.1064864865,23.99844384
Max-Age-First Safe,4,8,10,0.95,0.2590903055,5.422432432,0.05055762177,0.1659459459,0.2590903055
Max-Age-First Safe,4,8,11,0.8950142286,0.4199186836,5.292702703,0.09714875491,0.1821621622,0.6390242034
Max-Age-First Safe,4,9,0,0.3257577326,1.414897118,13.14243243,0.4003776438,0.08297297297,23.99942314
Max-Age-First Safe,4,9,1,0.6871221964,0.6652565043,7.762702703,0.1833950363,0.1581081081,8.222951633
Max-Age-First Safe,4,9,2,0.2523803769,1.798374164,19.68891892,0.3985585986,0.04702702703,23.9969037
Max-Age-First Safe,4,9,3,0.1963495047,2.302374716,27.40513514,0.3994931264,0.03486486486,23.99949363
Max-Age-First Safe,4,9,4,0.5437054116,0.8671448273,7.917567568,0.3292806709,0.1624324324,23.9489103
Max-Age-First Safe,4,9,5,0.2493362779,1.819394726,18.96702703,0.4002668397,0.04945945946,23.99902311
Max-Age-First Safe,4,9,6,0.95,0.209506079,5.29,0.03873031297,0.1616216216,0.209506079
Max-Age-First Safe,4,9,7,0.4363495231,1.076896197,8.726486486,0.3984515928,0.1481081081,23.99650558
Max-Age-First Safe,4,9,8,0.95,0.2790122724,5.777297297,0.05678276786,0.1645945946,0.2790122724
Max-Age-First Safe,4,9,9,0.6652629851,0.6926602831,7.234594595,0.2132270439,0.1718918919,4.097243963
Max-Age-First Safe,4,9,10,0.95,0.247425482,5.703243243,0.04747894384,0.1648648649,0.247425482
Max-Age-First Safe,4,9,11,0.2127973752,2.123503268,21.78945946,0.4000221022,0.04081081081,23.99864068
Max-Age-First Safe,4,10,0,0.2210551088,2.045012567,20.46,0.4001592157,0.04378378378,23.99982707
Max-Age-First Safe,4,10,1,0.5230742899,0.9021077578,11.10459459,0.3001336892,0.1283783784,16.06651287
Max-Age-First Safe,4,10,2,0.4621770162,1.019211399,10.74675676,0.3134763709,0.1237837838,18.89504975
Max-Age-First Safe,4,10,3,0.8877431859,0.4291816563,7.771621622,0.06739311954,0.1227027027,0.8669065008
Max-Age-First Safe,4,10,4,0.3493760462,1.325898395,13.33243243,0.3834354817,0.09405405405,23.99851331
Max-Age-First Safe,4,10,5,0.4491418585,1.047619095,10.37891892,0.3598713161,0.1324324324,23.98096366
Max-Age-First Safe,4,10,6,0.5565464418,0.8463561798,9.857297297,0.2223400559,0.1259459459,12.02246629
Max-Age-First Safe,4,10,7,0.34857734,1.328717478,13.56594595,0.399692582,0.0927027027,23.99805381
Max-Age-First Safe,4,10,8,0.2223217792,2.03354937,25.01621622,0.4028626185,0.04027027027,23.99801714
Max-Age-First Safe,4,10,9,0.6900300697,0.6616731043,8.958918919,0.1541519503,0.1262162162,8.066924174
Max-Age-First Safe,4,10,10,0.2104662511,2.146920017,22.48378378,0.4003715707,0.03837837838,23.99932792
Max-Age-First Safe,4,10,11,0.2177243916,2.075867389,37.34702703,0.4011473468,0.03675675676,23.99722662
Max-Age-First Safe,4,11,0,0.95,0.3358641596,7.148108108,0.04974420526,0.1256756757,0.3358641596
Max-Age-First Safe,4,11,1,0.2935060875,1.559243329,13.84675676,0.3995034258,0.07567567568,23.99672572
Max-Age-First Safe,4,11,2,0.6227889451,0.7487311135,8.711351351,0.1637090462,0.1283783784,17.66244683
Max-Age-First Safe,4,11,3,0.4312530983,1.088976442,10.02864865,0.3793758471,0.1286486486,23.99922838
Max-Age-First Safe,4,11,4,0.6153269509,0.7590395275,10.03432432,0.1881187153,0.127027027,8.730225352
Max-Age-First Safe,4,11,5,0.4183303984,1.120756955,11.90378378,0.3743934043,0.1137837838,23.9966896
Max-Age-First Safe,4,11,6,0.9434799305,0.3508668233,7.480810811,0.05594903399,0.1227027027,0.3508668233
Max-Age-First Safe,4,11,7,0.4987828682,0.9460759936,11.01783784,0.2943063429,0.1216216216,18.13519173
Max-Age-First Safe,4,11,8,0.6260188518,0.7443154627,10.18972973,0.1689797267,0.1172972973,12.57261851
Max-Age-First Safe,4,11,9,0.4351735249,1.079661914,10.50027027,0.3711702581,0.1332432432,23.91368227
Max-Age-First Safe,4,11,10,0.2492611008,1.819920828,21.03108108,0.3998907116,0.04864864865,23.99721622
Max-Age-First Safe,4,11,11,0.2092716103,2.159149808,25.7127027,0.4009015995,0.03891891892,23.99947758
Max-Age-First Safe,4,12,0,0.2277146089,1.986329388,19.46459459,0.3972658776,0.04837837838,23.99913984
Max-Age-First Safe,4,12,1,0.9318683167,0.369039043,7.205405405,0.04907221869,0.1151351351,0.369039043
Max-Age-First Safe,4,12,2,0.4490225566,1.047885528,11.15918919,0.3661935104,0.1289189189,23.99961756
Max-Age-First Safe,4,12,3,0.364868936,1.273544601,12.53432432,0.3965198326,0.09972972973,23.99838031
Max-Age-First Safe,4,12,4,0.3264467419,1.412123145,13.75054054,0.4026459238,0.08972972973,23.99505479
Max-Age-First Safe,4,12,5,0.2532754659,1.792296255,18.96918919,0.4010868375,0.05054054054,23.99967446
Max-Age-First Safe,4,12,6,0.5108922966,0.9237509324,9.961621622,0.2349323317,0.1172972973,15.41629382
Max-Age-First Safe,4,12,7,0.7249468559,0.6195927545,8.674594595,0.1110243233,0.1167567568,2.274298563
Max-Age-First Safe,4,12,8,0.885090931,0.4325165816,7.902702703,0.07329402613,0.1216216216,1.050331633
Max-Age-First Safe,4,12,9,0.3371942215,1.370290719,13.72054054,0.3907180293,0.08783783784,23.99936259
Max-Age-First Safe,4,12,10,0.4510893652,1.043286736,11.10324324,0.3143958678,0.1162162162,23.92105008
Max-Age-First Safe,4,12,11,0.3770521179,1.235229773,11.6372973,0.3802504624,0.1083783784,23.99715839
Max-Age-First Safe,4,13,0,0.931036637,0.3702883284,6.622972973,0.0812632764,0.1581081081,0.3702883284
Max-Age-First Safe,4,13,1,0.7159624459,0.6302691506,7.011891892,0.1832890827,0.1686486486,4.544844711
Max-Age-First Safe,4,13,2,0.6775674106,0.6771299559,8.189189189,0.1824590719,0.1513513514,4.065469161
Max-Age-First Safe,4,13,3,0.3509019354,1.320546841,11.60054054,0.3986623842,0.09594594595,23.9999194
Max-Age-First Safe,4,13,4,0.95,0.2764601871,6.178378378,0.05618866506,0.1575675676,0.2764601871
Max-Age-First Safe,4,13,5,0.7562371291,0.5830294735,6.86027027,0.14181798,0.1610810811,3.294530523
Max-Age-First Safe,4,13,6,0.2357345475,1.920506701,19.48,0.3981158485,0.04540540541,23.99966944
Max-Age-First Safe,4,13,7,0.5713184825,0.8232731646,8.169459459,0.2992709207,0.1675675676,23.05314077
Max-Age-First Safe,4,13,8,0.95,0.2265612916,5.895945946,0.04298541262,0.1645945946,0.2265612916
Max-Age-First Safe,4,13,9,0.8385292043,0.488449848,6.579459459,0.1119474246,0.1651351351,1.72674772
Max-Age-First Safe,4,13,10,0.9458583108,0.3469497415,6.905135135,0.05719982224,0.1394594595,0.3469497415
Max-Age-First Safe,4,13,11,0.3749843981,1.241568686,11.82432432,0.3939463885,0.1091891892,23.99687459
Max-Age-First Safe,4,14,0,0.3969158517,1.177446822,11.16081081,0.3895121378,0.1132432432,23.99149147
Max-Age-First Safe,4,14,1,0.64914127,0.7134614509,8.878378378,0.1700737837,0.1256756757,12.76538094
Max-Age-First Safe,4,14,2,0.685168137,0.6676722331,8.781621622,0.1631285672,0.1310810811,6.55947806
Max-Age-First Safe,4,14,3,0.2123384503,2.128067317,24.65081081,0.3997315635,0.03945945946,23.9997275
Max-Age-First Safe,4,14,4,0.8391928019,0.4876767217,8.398108108,0.08751820088,0.1245945946,1.841211157
Max-Age-First Safe,4,14,5,0.2547057577,1.782678959,17.85621622,0.3989346428,0.05324324324,23.99790701
Max-Age-First Safe,4,14,6,0.6450583303,0.7188179662,9.609189189,0.1950522265,0.1310810811,7.013995255
Max-Age-First Safe,4,14,7,0.3536782427,1.310923092,13.62,0.3993000878,0.09081081081,23.99954387
Max-Age-First Safe,4,14,8,0.3495021855,1.325454306,12.70918919,0.3929792903,0.09621621622,23.99994742
Max-Age-First Safe,4,14,9,0.2638904463,1.723560971,18.42702703,0.4001456416,0.05567567568,23.99829016
Max-Age-First Safe,4,14,10,0.8142278578,0.5165166625,7.79,0.08613264345,0.1227027027,1.980783262
Max-Age-First Safe,4,14,11,0.4332858251,1.084128614,10.56216216,0.3513162726,0.1243243243,21.1334018
Max-Age-First Safe,4,15,0,0.95,0.2609434761,5.592162162,0.04619404779,0.1567567568,0.2609434761
Max-Age-First Safe,4,15,1,0.6682774533,0.6888292002,6.955945946,0.1956647269,0.1713513514,9.242534407
Max-Age-First Safe,4,15,2,0.3936552323,1.186565108,10.29972973,0.397980351,0.1335135135,23.99959448
Max-Age-First Safe,4,15,3,0.8783623152,0.4408835581,6.804054054,0.08948744652,0.1489189189,1.217671161
Max-Age-First Safe,4,15,4,0.2542081145,1.786011998,16.49297297,0.3996805229,0.05567567568,23.99977868
Max-Age-First Safe,4,15,5,0.6112416568,0.7647485898,7.394054054,0.230458021,0.1664864865,7.624468976
Max-Age-First Safe,4,15,6,0.1961261937,2.305041448,27.22405405,0.3999558404,0.03162162162,23.99896785
Max-Age-First Safe,4,15,7,0.2603661895,1.74572184,16.26972973,0.3996287562,0.05864864865,23.99940721
Max-Age-First Safe,4,15,8,0.4858854259,0.9708198352,8.228648649,0.3523813618,0.1635135135,23.99018187
Max-Age-First Safe,4,15,9,0.9440218225,0.349980936,6.161351351,0.06337492626,0.1508108108,0.349980936
Max-Age-First Safe,4,15,10,0.777121657,0.5589976316,7.687837838,0.1327997076,0.1467567568,3.579952632
Max-Age-First Safe,4,15,11,0.6438927182,0.7203540735,8.320540541,0.2098761328,0.152972973,5.930976279
Max-Age-First Safe,4,16,0,0.3932789834,1.187626136,10.72162162,0.3996201458,0.1183783784,23.99569884
Max-Age-First Safe,4,16,1,0.7735119064,0.5631378354,7.160540541,0.1668105588,0.172972973,5.741202593
Max-Age-First Safe,4,16,2,0.901603995,0.4113518347,6.058648649,0.08605035677,0.162972973,0.5021665123
Max-Age-First Safe,4,16,3,0.8416273572,0.4848363331,6.562432432,0.1007673352,0.1532432432,0.8241816656
Max-Age-First Safe,4,16,4,0.2260479039,2.00065631,17.59513514,0.400131262,0.04972972973,23.99969286
Max-Age-First Safe,4,16,5,0.7045979448,0.6439160289,6.433513514,0.1789042372,0.1751351351,7.93230527
Max-Age-First Safe,4,16,6,0.6624829137,0.6962092138,7.387567568,0.219776314,0.1743243243,11.55215934
Max-Age-First Safe,4,16,7,0.1982197585,2.280313362,28.4627027,0.3999792897,0.03378378378,23.99979694
Max-Age-First Safe,4,16,8,0.7522839954,0.5876051337,6.536216216,0.1532537714,0.172972973,4.477733476
Max-Age-First Safe,4,16,9,0.3841282698,1.214015836,9.992702703,0.4029220125,0.1194594595,23.99987506
Max-Age-First Safe,4,16,10,0.2247729528,2.011774821,22.32648649,0.4001800724,0.04351351351,23.99613493
Max-Age-First Safe,4,16,11,0.2144342016,2.107404393,24.84702703,0.3998372659,0.04216216216,23.99967442
Max-Age-First Safe,4,17,0,0.6058267012,0.772389876,7.248648649,0.2513398407,0.1659459459,9.806035536
Max-Age-First Safe,4,17,1,0.4606290406,1.022513998,7.936486486,0.3730794317,0.157027027,23.99922743
Max-Age-First Safe,4,17,2,0.8627452041,0.4598691245,5.608378378,0.1010469184,0.1745945946,1.017775117
Max-Age-First Safe,4,17,3,0.95,0.2139841101,4.995945946,0.04563066564,0.1775675676,0.2139841101
Max-Age-First Safe,4,17,4,0.8920394043,0.4237308779,6.02027027,0.09654192705,0.1705405405,0.7796940469
Max-Age-First Safe,4,17,5,0.9329954481,0.3673358894,5.723783784,0.07624701703,0.1713513514,0.3673358894
Max-Age-First Safe,4,17,6,0.2434414901,1.861711545,18.64945946,0.4000163995,0.04783783784,23.99944623
Max-Age-First Safe,4,17,7,0.2237143759,2.021113381,24.60027027,0.4009451951,0.03918918919,23.99966294
Max-Age-First Safe,4,17,8,0.7874097494,0.5472165522,6.608648649,0.1467131945,0.1764864865,4.816496567
Max-Age-First Safe,4,17,9,0.2072792387,2.179902851,22.01783784,0.4012199572,0.03972972973,23.99969594
Max-Age-First Safe,4,17,10,0.95,0.241873434,5.853243243,0.04739411882,0.1645945946,0.241873434
Max-Age-First Safe,4,17,11,0.5223938409,0.9032962107,7.961621622,0.3432525601,0.1718918919,23.98672551
Max-Age-First Safe,4,18,0,0.95,0.2641897105,4.961621622,0.06169186752,0.1921621622,0.2641897105
Max-Age-First Safe,4,18,1,0.2298402862,1.968390267,21.37783784,0.3995300245,0.04540540541,23.99962611
Max-Age-First Safe,4,18,2,0.2514208534,1.804941085,17.98486486,0.4000139701,0.05162162162,23.99923841
Max-Age-First Safe,4,18,3,0.95,0.3377909827,5.101351351,0.0756834391,0.1881081081,0.3377909827
Max-Age-First Safe,4,18,4,0.8064515181,0.5254308787,6.127837838,0.1400202287,0.1883783784,2.657755816
Max-Age-First Safe,4,18,5,0.2889292384,1.582364629,14.27108108,0.4002954845,0.07189189189,23.99915506
Max-Age-First Safe,4,18,6,0.86964094,0.451552802,5.737837838,0.120454761,0.1948648649,1.43105604
Max-Age-First Safe,4,18,7,0.95,0.2372894534,4.885135135,0.05483310341,0.1916216216,0.2372894534
Max-Age-First Safe,4,18,8,0.4229897239,1.10910177,8.657297297,0.405271782,0.1448648649,23.99314637
Max-Age-First Safe,4,18,9,0.9113191376,0.3983676074,5.151351351,0.09076321434,0.1864864865,0.3983676074
Max-Age-First Safe,4,18,10,0.93510967,0.3641087485,5.579189189,0.08817336179,0.1910810811,0.3641087485
Max-Age-First Safe,4,18,11,0.8418183031,0.4846132827,6.14972973,0.1284880082,0.19,3.699918026
Max-Age-First Safe,4,19,0,0.8339118425,0.4938172966,8.159189189,0.0866182231,0.1172972973,1.826884304
Max-Age-First Safe,4,19,1,0.4218873338,1.111838862,11.06567568,0.3173248212,0.11,23.92847389
Max-Age-First Safe,4,19,2,0.3658373363,1.270411673,12.77783784,0.3811235019,0.09756756757,23.99845754
Max-Age-First Safe,4,19,3,0.3670076204,1.266646367,11.29567568,0.3977954268,0.1081081081,23.99817307
Max-Age-First Safe,4,19,4,0.481511622,0.9794527448,10.35621622,0.2787469568,0.1178378378,20.7931845
Max-Age-First Safe,4,19,5,0.1930715746,2.342239302,26.34108108,0.4000797943,0.03486486486,23.99903627
Max-Age-First Safe,4,19,6,0.2120595117,2.1308523,22.0427027,0.4002546887,0.04162162162,23.99853725
Max-Age-First Safe,4,19,7,0.3057773787,1.500722279,13.77054054,0.4011390091,0.07891891892,23.9986979
Max-Age-First Safe,4,19,8,0.5446939528,0.8655191693,10.15459459,0.2329884034,0.1235135135,9.041421725
Max-Age-First Safe,4,19,9,0.4653449839,1.012509865,9.898378378,0.3004691436,0.1281081081,19.25035513
Max-Age-First Safe,4,19,10,0.3623629999,1.281724896,13.10351351,0.3914457114,0.09486486486,23.99672603
Max-Age-First Safe,4,19,11,0.8770434254,0.4425090154,8.446216216,0.06338642653,0.1113513514,0.8675991696
Max-Age-First Safe,8,0,0,0.95,0.3369544871,5.575945946,0.07194433644,0.1783783784,0.3369544871
Max-Age-First Safe,8,0,1,0.2315765095,1.95400716,31.07027027,0.4003074127,0.04108108108,23.99873249
Max-Age-First Safe,8,0,2,0.95,0.2191119648,5.888918919,0.05069184915,0.1835135135,0.2191119648
Max-Age-First Safe,8,0,3,0.8081176242,0.5235225351,6.47972973,0.1303146635,0.18,1.511702816
Max-Age-First Safe,8,0,4,0.6281327393,0.7414402559,8.164324324,0.2440741167,0.1745945946,12.23328947
Max-Age-First Safe,8,0,5,0.795200025,0.5383055036,6.364864865,0.1412688227,0.1875675676,1.951193561
Max-Age-First Safe,8,0,6,0.3394136806,1.361973486,11.64918919,0.4012300271,0.09351351351,23.99973208
Max-Age-First Safe,8,0,7,0.9476946562,0.3438720469,6.022972973,0.0716554995,0.1718918919,0.3438720469
Max-Age-First Safe,8,0,8,0.5005847781,0.9427001774,9.224864865,0.3648504471,0.1672972973,23.99953283
Max-Age-First Safe,8,0,9,0.95,0.2738400263,5.652702703,0.05195559418,0.167027027,0.2738400263
Max-Age-First Safe,8,0,10,0.23436609,1.931388168,19.95135135,0.4003715473,0.04567567568,23.99930207
Max-Age-First Safe,8,0,11,0.2528380647,1.795260579,17.23351351,0.399809383,0.05513513514,23.9999822
Max-Age-First Safe,8,1,0,0.5605092249,0.8400796556,7.39,0.3383023478,0.1932432432,12.24764694
Max-Age-First Safe,8,1,1,0.2181252996,2.072097608,20.69027027,0.3998588358,0.04216216216,23.99953142
Max-Age-First Safe,8,1,2,0.2316669551,1.953264399,22.9772973,0.3996273378,0.04405405405,23.99994003
Max-Age-First Safe,8,1,3,0.3707979081,1.254604531,11.60216216,0.3997780384,0.1027027027,23.99955477
Max-Age-First Safe,8,1,4,0.95,0.2976063768,4.852702703,0.06386471977,0.1875675676,0.2976063768
Max-Age-First Safe,8,1,5,0.95,0.2276934429,4.452162162,0.0531079571,0.2056756757,0.2276934429
Max-Age-First Safe,8,1,6,0.2020086086,2.237061952,23.89216216,0.3996480947,0.03351351351,23.99943658
Max-Age-First Safe,8,1,7,0.95,0.2579608484,4.983243243,0.05584503772,0.1878378378,0.2579608484
Max-Age-First Safe,8,1,8,0.325972712,1.414030367,12.63351351,0.3997502064,0.08540540541,23.99953849
Max-Age-First Safe,8,1,9,0.8362721814,0.4910760745,5.826756757,0.1417484453,0.2091891892,1.675065043
Max-Age-First Safe,8,1,10,0.2993435181,1.530799061,14.20837838,0.3988352147,0.07108108108,23.99968316
Max-Age-First Safe,8,1,11,0.2334007936,1.939147999,21.26378378,0.399883763,0.04540540541,23.99996337
Max-Age-First Safe,8,2,0,0.2983974043,1.535332493,14.53756757,0.3991864481,0.06675675676,23.99896939
Max-Age-First Safe,8,2,1,0.4720337023,0.9986066978,8.104594595,0.3176648874,0.1597297297,17.11918847
Max-Age-First Safe,8,2,2,0.7619171253,0.5764720931,7.094054054,0.1458318592,0.1743243243,2.776497676
Max-Age-First Safe,8,2,3,0.95,0.328976203,5.978378378,0.0643726408,0.1613513514,0.328976203
Max-Age-First Safe,8,2,4,0.6042558466,0.7746227687,8.42027027,0.2602313788,0.172972973,8.984910747
Max-Age-First Safe,8,2,5,0.7527600943,0.5870535051,7.261621622,0.1545378686,0.1727027027,2.083481546
Max-Age-First Safe,8,2,6,0.6803453125,0.6736618433,7.292432432,0.1727851593,0.1683783784,3.30492765
Max-Age-First Safe,8,2,7,0.2438339011,1.858825842,20.17459459,0.4009035194,0.04513513514,23.97848257
Max-Age-First Safe,8,2,8,0.7053294905,0.6430324214,7.432432432,0.1753566792,0.1708108108,3.088518743
Max-Age-First Safe,8,2,9,0.1925045361,2.34929577,21.94,0.4000152257,0.03675675676,23.99999967
Max-Age-First Safe,8,2,10,0.95,0.2710575607,6.030810811,0.05487084134,0.1691891892,0.2710575607
Max-Age-First Safe,8,2,11,0.2931742638,1.560894842,14.18054054,0.4003484337,0.07351351351,23.9997206
Max-Age-First Safe,8,3,0,0.2469621281,1.836175919,18.23405405,0.399988592,0.05081081081,23.99954416
Max-Age-First Safe,8,3,1,0.8215561338,0.5080937316,5.98972973,0.1316924023,0.1886486486,1.80521851
Max-Age-First Safe,8,3,2,0.8932287906,0.4222105672,5.548108108,0.09242988093,0.1816216216,0.4666317017
Max-Age-First Safe,8,3,3,0.3220866759,1.429873819,11.27513514,0.3999782169,0.09297297297,23.99933929
Max-Age-First Safe,8,3,4,0.225348274,2.006740312,20.17783784,0.4002633378,0.04513513514,23.99955093
Max-Age-First Safe,8,3,5,0.2465631425,1.839030251,16.71297297,0.3996163031,0.05297297297,23.99803455
Max-Age-First Safe,8,3,6,0.4834834838,0.9755450403,8.450540541,0.3857357821,0.1772972973,23.98901506
Max-Age-First Safe,8,3,7,0.2778755806,1.641436133,13.82567568,0.4001555113,0.06864864865,23.99976003
Max-Age-First Safe,8,3,8,0.2645088005,1.719737046,16.33918919,0.4015818399,0.0572972973,23.99884008
Max-Age-First Safe,8,3,9,0.3014458345,1.520828652,14.21648649,0.4007589016,0.07864864865,23.99865181
Max-Age-First Safe,8,3,10,0.9387067142,0.3585144156,5.25972973,0.07528802728,0.177027027,0.3585144156
Max-Age-First Safe,8,3,11,0.2969367479,1.542388958,12.62918919,0.4031054386,0.07594594595,23.99913671
Max-Age-First Safe,8,4,0,0.662118963,0.6966749552,8.633783784,0.1528919091,0.1294594595,3.353449373
Max-Age-First Safe,8,4,1,0.6741961796,0.6813572012,9.501891892,0.1441899158,0.1240540541,4.901715219
Max-Age-First Safe,8,4,2,0.3640876,1.27608378,11.96567568,0.3859291217,0.1078378378,23.99327816
Max-Age-First Safe,8,4,3,0.2460798207,1.842501298,18.67837838,0.4013664989,0.05135135135,23.99849541
Max-Age-First Safe,8,4,4,0.2372011855,1.908996959,18.45945946,0.3998574711,0.05513513514,23.99963408
Max-Age-First Safe,8,4,5,0.4128728207,1.13470463,11.00945946,0.3612654202,0.1224324324,23.992826
Max-Age-First Safe,8,4,6,0.5024050881,0.9393093506,10.69054054,0.2660530269,0.1232432432,20.37648909
Max-Age-First Safe,8,4,7,0.4159209977,1.126874486,11.5027027,0.3167430988,0.1145945946,18.74372431
Max-Age-First Safe,8,4,8,0.2309431598,1.959226317,19.49594595,0.3971404697,0.04621621622,23.99977447
Max-Age-First Safe,8,4,9,0.4380235493,1.072981387,11.84405405,0.3349441898,0.1181081081,22.08695769
Max-Age-First Safe,8,4,10,0.7287104513,0.6151471375,9.618378378,0.1236944514,0.1256756757,2.98176565
Max-Age-First Safe,8,4,11,0.5641011845,0.8344446437,9.363243243,0.2007177656,0.1256756757,4.813335724
Max-Age-First Safe,8,5,0,0.9411489522,0.3546353857,6.065135135,0.06603885965,0.1583783784,0.3546353857
Max-Age-First Safe,8,5,1,0.4821824971,0.9781203331,8.422162162,0.3508015357,0.1594594595,23.99631964
Max-Age-First Safe,8,5,2,0.3825098869,1.218803669,11.73945946,0.4012169916,0.1154054054,23.9985462
Max-Age-First Safe,8,5,3,0.7544254172,0.5851252029,7.242972973,0.133471803,0.1608108108,2.747128449
Max-Age-First Safe,8,5,4,0.3523107703,1.315645181,11.32459459,0.4032274689,0.1064864865,23.99968314
Max-Age-First Safe,8,5,5,0.8677360717,0.4538598372,6.901891892,0.09641454921,0.157027027,0.7231590234
Max-Age-First Safe,8,5,6,0.95,0.2241414152,5.814324324,0.0425868689,0.1627027027,0.2241414152
Max-Age-First Safe,8,5,7,0.2189202535,2.064668323,27.10540541,0.4000992398,0.04054054054,23.99960989
Max-Age-First Safe,8,5,8,0.8265150398,0.5023771293,6.924864865,0.1173118486,0.1667567568,0.9118856464
Max-Age-First Safe,8,5,9,0.3376263363,1.368663091,11.29810811,0.4013512038,0.09081081081,23.99956334
Max-Age-First Safe,8,5,10,0.2625732011,1.731770293,17.27135135,0.4001793515,0.05540540541,23.999585
Max-Age-First Safe,8,5,11,0.2699141276,1.687095206,15.99162162,0.4003431326,0.06540540541,23.99941648
Max-Age-First Safe,8,6,0,0.6600953202,0.6992694381,8.021081081,0.212993691,0.17,8.76493303
Max-Age-First Safe,8,6,1,0.4082536129,1.146768836,10.83108108,0.4001293426,0.1251351351,23.99713888
Max-Age-First Safe,8,6,2,0.95,0.2551559305,5.964864865,0.04613495068,0.152972973,0.2551559305
Max-Age-First Safe,8,6,3,0.8542797728,0.4699577518,6.901081081,0.1033907054,0.1637837838,1.099577518
Max-Age-First Safe,8,6,4,0.5796663152,0.8105930222,8.873513514,0.2254324919,0.1486486486,3.811860445
Max-Age-First Safe,8,6,5,0.95,0.2156180293,6.063783784,0.03951054699,0.1554054054,0.2156180293
Max-Age-First Safe,8,6,6,0.7238759829,0.6208604762,8.470540541,0.1431335098,0.1443243243,3.53376762
Max-Age-First Safe,8,6,7,0.298421524,1.535216558,13.29243243,0.3999861519,0.07378378378,23.99999245
Max-Age-First Safe,8,6,8,0.95,0.2628816135,5.74,0.04646610141,0.1543243243,0.2628816135
Max-Age-First Safe,8,6,9,0.3698913443,1.257463669,11.65891892,0.4000093887,0.1018918919,23.99880718
Max-Age-First Safe,8,6,10,0.95,0.2571157349,5.863513514,0.04906046184,0.1597297297,0.2571157349
Max-Age-First Safe,8,6,11,0.5870736138,0.7995478023,8.198378378,0.2459149727,0.1648648649,7.568346163
Max-Age-First Safe,8,7,0,0.95,0.2129344738,5.454054054,0.04575213694,0.1837837838,0.2129344738
Max-Age-First Safe,8,7,1,0.8194645516,0.5105004868,5.81,0.1233479555,0.1867567568,0.8840038946
Max-Age-First Safe,8,7,2,0.5139536145,0.9182376412,8.334324324,0.3856598093,0.1886486486,23.99732874
Max-Age-First Safe,8,7,3,0.1957148488,2.309972111,27.66459459,0.4001870602,0.03459459459,23.99909524
Max-Age-First Safe,8,7,4,0.2668165055,1.705631049,15.82864865,0.4010537872,0.06108108108,23.9992179
Max-Age-First Safe,8,7,5,0.95,0.2143947682,5.558378378,0.04502290132,0.1786486486,0.2143947682
Max-Age-First Safe,8,7,6,0.9166527097,0.3910280632,5.760540541,0.09025350433,0.1862162162,0.3910280632
Max-Age-First Safe,8,7,7,0.2817874583,1.619983796,14.84189189,0.400179781,0.06783783784,23.99902777
Max-Age-First Safe,8,7,8,0.4060368001,1.152645744,8.866486486,0.4006222775,0.1462162162,23.99964417
Max-Age-First Safe,8,7,9,0.95,0.2643493157,5.510810811,0.05758528336,0.1808108108,0.2643493157
Max-Age-First Safe,8,7,10,0.95,0.2202876177,5.269459459,0.04917772223,0.1910810811,0.2202876177
Max-Age-First Safe,8,7,11,0.8957240492,0.4190042049,5.836486486,0.09999478729,0.187027027,0.5520336396
Max-Age-First Safe,8,8,0,0.924502767,0.3798996382,5.311351351,0.08285919135,0.1778378378,0.3798996382
Max-Age-First Safe,8,8,1,0.7675714746,0.5699618165,6.796756757,0.1625161396,0.1859459459,2.719389065
Max-Age-First Safe,8,8,2,0.2938168902,1.557699888,14.77459459,0.3999499713,0.06567567568,23.99969122
Max-Age-First Safe,8,8,3,0.223720696,2.021057334,18.59675676,0.3987491497,0.0472972973,23.98260599
Max-Age-First Safe,8,8,4,0.8564804989,0.4673466129,6.234054054,0.102563635,0.17,1.073466129
Max-Age-First Safe,8,8,5,0.95,0.2347890628,5.221351351,0.04835385564,0.1772972973,0.2347890628
Max-Age-First Safe,8,8,6,0.4732619221,0.9960890923,8.667297297,0.3817444143,0.1694594595,23.99815899
Max-Age-First Safe,8,8,7,0.198994158,2.271318822,25.19162162,0.3996293386,0.03567567568,23.99910349
Max-Age-First Safe,8,8,8,0.3554966144,1.304697623,12.02864865,0.4019879162,0.1021621622,23.99989155
Max-Age-First Safe,8,8,9,0.365156396,1.272612991,11.75864865,0.4000132184,0.1067567568,23.99892286
Max-Age-First Safe,8,8,10,0.95,0.2590903055,5.326756757,0.05146793906,0.1740540541,0.2590903055
Max-Age-First Safe,8,8,11,0.8950142286,0.4199186836,5.352972973,0.09953207717,0.1862162162,0.5991868362
Max-Age-First Safe,8,9,0,0.3257577326,1.414897118,13.57243243,0.4003776438,0.08405405405,23.99942314
Max-Age-First Safe,8,9,1,0.6871221964,0.6652565043,7.731081081,0.1760232751,0.1621621622,3.178847564
Max-Age-First Safe,8,9,2,0.2523803769,1.798374164,19.60945946,0.3985585986,0.04864864865,23.9969037
Max-Age-First Safe,8,9,3,0.1963495047,2.302374716,27.67945946,0.3994931264,0.03486486486,23.99949363
Max-Age-First Safe,8,9,4,0.5437054116,0.8671448273,8.499189189,0.3330304864,0.1718918919,14.30300688
Max-Age-First Safe,8,9,5,0.2493362779,1.819394726,17.70513514,0.4002668397,0.05189189189,23.99928272
Max-Age-First Safe,8,9,6,0.95,0.209506079,5.167837838,0.04059888071,0.1697297297,0.209506079
Max-Age-First Safe,8,9,7,0.4363495231,1.076896197,8.947837838,0.3990336989,0.1554054054,23.99790335
Max-Age-First Safe,8,9,8,0.95,0.2790122724,5.47027027,0.05685817659,0.172972973,0.2790122724
Max-Age-First Safe,8,9,9,0.6652629851,0.6926602831,7.362162162,0.2049900027,0.1781081081,2.633942548
Max-Age-First Safe,8,9,10,0.95,0.247425482,5.526486486,0.04968571165,0.17,0.247425482
Max-Age-First Safe,8,9,11,0.2127973752,2.123503268,23.42783784,0.4000221022,0.03783783784,23.9988499
Max-Age-First Safe,8,10,0,0.2210551088,2.045012567,21.1227027,0.4001592157,0.04351351351,23.99991354
Max-Age-First Safe,8,10,1,0.5230742899,0.9021077578,12.01216216,0.2967203085,0.1332432432,21.28337493
Max-Age-First Safe,8,10,2,0.4621770162,1.019211399,10.73324324,0.317608309,0.1316216216,20.40931091
Max-Age-First Safe,8,10,3,0.8877431859,0.4291816563,7.593243243,0.06866906501,0.1291891892,0.6042715941
Max-Age-First Safe,8,10,4,0.3493760462,1.325898395,12.77540541,0.3888107454,0.09810810811,23.99851331
Max-Age-First Safe,8,10,5,0.4491418585,1.047619095,10.63837838,0.3508108266,0.1424324324,20.0571447
Max-Age-First Safe,8,10,6,0.5565464418,0.8463561798,9.748648649,0.2264574643,0.1362162162,10.40526068
Max-Age-First Safe,8,10,7,0.34857734,1.328717478,12.80891892,0.3989743564,0.09810810811,23.99712316
Max-Age-First Safe,8,10,8,0.2223217792,2.03354937,24.96702703,0.4017634026,0.03945945946,23.99816954
Max-Age-First Safe,8,10,9,0.6900300697,0.6616731043,8.547297297,0.1525424751,0.137027027,7.928597278
Max-Age-First Safe,8,10,10,0.2104662511,2.146920017,22.28324324,0.4003715707,0.03810810811,23.99932792
Max-Age-First Safe,8,10,11,0.2177243916,2.075867389,38.78243243,0.4011473468,0.03594594595,23.99722662
Max-Age-First Safe,8,11,0,0.95,0.3358641596,7.057027027,0.05237665408,0.132972973,0.3358641596
Max-Age-First Safe,8,11,1,0.2935060875,1.559243329,13.37432432,0.3961320889,0.07864864865,23.99724365
Max-Age-First Safe,8,11,2,0.6227889451,0.7487311135,8.884324324,0.1667444426,0.1372972973,9.559395632
Max-Age-First Safe,8,11,3,0.4312530983,1.088976442,10.46594595,0.379964483,0.1327027027,23.99292453
Max-Age-First Safe,8,11,4,0.6153269509,0.7590395275,10.03216216,0.1776562786,0.1289189189,5.098869605
Max-Age-First Safe,8,11,5,0.4183303984,1.120756955,11.70027027,0.3801486427,0.1194594595,23.99740115
Max-Age-First Safe,8,11,6,0.9434799305,0.3508668233,7.094324324,0.05613869174,0.1308108108,0.3508668233
Max-Age-First Safe,8,11,7,0.4987828682,0.9460759936,11.11162162,0.289703811,0.1294594595,16.5283558
Max-Age-First Safe,8,11,8,0.6260188518,0.7443154627,10.27459459,0.167973895,0.1256756757,8.56241027
Max-Age-First Safe,8,11,9,0.4351735249,1.079661914,10.73864865,0.3752554654,0.1418918919,23.99841547
Max-Age-First Safe,8,11,10,0.2492611008,1.819920828,22.67513514,0.3998907116,0.04513513514,23.99854426
Max-Age-First Safe,8,11,11,0.2092716103,2.159149808,25.95162162,0.4014851535,0.04,23.99947758
Max-Age-First Safe,8,12,0,0.2277146089,1.986329388,18.87162162,0.3994132608,0.04837837838,23.99913984
Max-Age-First Safe,8,12,1,0.9318683167,0.369039043,7.317027027,0.05425871335,0.122972973,0.369039043
Max-Age-First Safe,8,12,2,0.4490225566,1.047885528,11.78108108,0.3551482305,0.1294594595,23.99427642
Max-Age-First Safe,8,12,3,0.364868936,1.273544601,12.68324324,0.3954872289,0.1008108108,23.99676062
Max-Age-First Safe,8,12,4,0.3264467419,1.412123145,12.89459459,0.4007376493,0.09432432432,23.99492721
Max-Age-First Safe,8,12,5,0.2532754659,1.792296255,21.59243243,0.3996336243,0.04756756757,23.99967446
Max-Age-First Safe,8,12,6,0.5108922966,0.9237509324,10.15162162,0.2366799686,0.1245945946,8.322520513
Max-Age-First Safe,8,12,7,0.7249468559,0.6195927545,8.871891892,0.1078426308,0.1197297297,1.497963773
Max-Age-First Safe,8,12,8,0.885090931,0.4325165816,7.64972973,0.07282644064,0.1272972973,0.5300663265
Max-Age-First Safe,8,12,9,0.3371942215,1.370290719,13.92540541,0.3947918665,0.08540540541,23.99872519
Max-Age-First Safe,8,12,10,0.4510893652,1.043286736,11.46648649,0.3129860209,0.1210810811,23.79720417
Max-Age-First Safe,8,12,11,0.3770521179,1.235229773,11.86135135,0.381585846,0.1089189189,23.99934612
Max-Age-First Safe,8,13,0,0.931036637,0.3702883284,6.635675676,0.08106312055,0.1667567568,0.3702883284
Max-Age-First Safe,8,13,1,0.7159624459,0.6302691506,7.681621622,0.1834594257,0.1756756757,3.114575561
Max-Age-First Safe,8,13,2,0.6775674106,0.6771299559,8.641081081,0.1809950071,0.1613513514,4.034079294
Max-Age-First Safe,8,13,3,0.3509019354,1.320546841,12.34945946,0.3997330978,0.09378378378,23.9999194
Max-Age-First Safe,8,13,4,0.95,0.2764601871,6.101081081,0.05499316155,0.1624324324,0.2764601871
Max-Age-First Safe,8,13,5,0.7562371291,0.5830294735,6.711081081,0.1422907066,0.1659459459,2.196353682
Max-Age-First Safe,8,13,6,0.2357345475,1.920506701,19.6327027,0.3986349044,0.04567567568,23.99966944
Max-Age-First Safe,8,13,7,0.5713184825,0.8232731646,8.320810811,0.2890356327,0.1767567568,23.05314077
Max-Age-First Safe,8,13,8,0.95,0.2265612916,5.881891892,0.04433253382,0.1697297297,0.2265612916
Max-Age-First Safe,8,13,9,0.8385292043,0.488449848,6.445945946,0.1127395055,0.1732432432,1.372948328
Max-Age-First Safe,8,13,10,0.9458583108,0.3469497415,6.637297297,0.05935653685,0.147027027,0.3469497415
Max-Age-First Safe,8,13,11,0.3749843981,1.241568686,11.30540541,0.3983086569,0.1145945946,23.99924108
Max-Age-First Safe,8,14,0,0.3969158517,1.177446822,11.13351351,0.3866480779,0.1178378378,23.99489735
Max-Age-First Safe,8,14,1,0.64914127,0.7134614509,9.177297297,0.1731590224,0.1327027027,8.376920626
Max-Age-First Safe,8,14,2,0.685168137,0.6676722331,8.999189189,0.1660157985,0.1408108108,3.482755729
Max-Age-First Safe,8,14,3,0.2123384503,2.128067317,25.0772973,0.4003067169,0.03648648649,23.9997275
Max-Age-First Safe,8,14,4,0.8391928019,0.4876767217,8.041351351,0.08804541895,0.1332432432,0.9260603305
Max-Age-First Safe,8,14,5,0.2547057577,1.782678959,15.69189189,0.3989346428,0.05918918919,23.99790701
Max-Age-First Safe,8,14,6,0.6450583303,0.7188179662,9.464054054,0.1851441951,0.1364864865,3.506997628
Max-Age-First Safe,8,14,7,0.3536782427,1.310923092,14.90540541,0.4031974267,0.08945945946,23.99878365
Max-Age-First Safe,8,14,8,0.3495021855,1.325454306,11.77972973,0.3987109846,0.1008108108,23.99984225
Max-Age-First Safe,8,14,9,0.2638904463,1.723560971,17.69891892,0.4001456416,0.05918918919,23.99858093
Max-Age-First Safe,8,14,10,0.8142278578,0.5165166625,7.850540541,0.09199580556,0.132972973,0.9825833124
Max-Age-First Safe,8,14,11,0.4332858251,1.084128614,10.47243243,0.3378379168,0.1297297297,16.96514457
Max-Age-First Safe,8,15,0,0.95,0.2609434761,5.622432432,0.04852138149,0.1610810811,0.2609434761
Max-Age-First Safe,8,15,1,0.6682774533,0.6888292002,7.070810811,0.1921274958,0.1743243243,3.821267203
Max-Age-First Safe,8,15,2,0.3936552323,1.186565108,11.28486486,0.3992631241,0.1310810811,23.99959448
Max-Age-First Safe,8,15,3,0.8783623152,0.4408835581,6.815945946,0.08853418477,0.1513513514,0.8497191387
Max-Age-First Safe,8,15,4,0.2542081145,1.786011998,18.02243243,0.3996805229,0.05108108108,23.99977868
Max-Age-First Safe,8,15,5,0.6112416568,0.7647485898,7.569459459,0.2302513322,0.1759459459,6.130223206
Max-Age-First Safe,8,15,6,0.1961261937,2.305041448,27.47972973,0.3999558404,0.03162162162,23.99896785
Max-Age-First Safe,8,15,7,0.2603661895,1.74572184,17.53243243,0.3991569395,0.05378378378,23.99940721
Max-Age-First Safe,8,15,8,0.4858854259,0.9708198352,8.514864865,0.359203339,0.1710810811,23.9846249
Max-Age-First Safe,8,15,9,0.9440218225,0.349980936,5.954054054,0.06555048343,0.1589189189,0.349980936
Max-Age-First Safe,8,15,10,0.777121657,0.5589976316,7.553243243,0.1287205357,0.1559459459,1.671981053
Max-Age-First Safe,8,15,11,0.6438927182,0.7203540735,8.497837838,0.2040354241,0.1610810811,3.125665177
Max-Age-First Safe,8,16,0,0.3932789834,1.187626136,10.80405405,0.3999411258,0.1181081081,23.99973519
Max-Age-First Safe,8,16,1,0.7735119064,0.5631378354,7.247297297,0.1677237553,0.1859459459,3.072962074
Max-Age-First Safe,8,16,2,0.901603995,0.4113518347,5.766216216,0.08605035677,0.1686486486,0.4567591735
Max-Age-First Safe,8,16,3,0.8416273572,0.4848363331,6.484864865,0.103519109,0.1627027027,0.7393453325
Max-Age-First Safe,8,16,4,0.2260479039,2.00065631,17.06432432,0.400131262,0.04972972973,23.99969286
Max-Age-First Safe,8,16,5,0.7045979448,0.6439160289,6.297837838,0.1752495787,0.1816216216,4.097900722
Max-Age-First Safe,8,16,6,0.6624829137,0.6962092138,7.430540541,0.2173301735,0.1864864865,8.55974091
Max-Age-First Safe,8,16,7,0.1982197585,2.280313362,31.06837838,0.3999792897,0.0327027027,23.99979694
Max-Age-First Safe,8,16,8,0.7522839954,0.5876051337,6.621891892,0.1554771421,0.1840540541,4.152102674
Max-Age-First Safe,8,16,9,0.3841282698,1.214015836,9.775405405,0.4002971134,0.1254054054,23.99975013
Max-Age-First Safe,8,16,10,0.2247729528,2.011774821,22.86351351,0.4001800724,0.04162162162,23.99613493
Max-Age-First Safe,8,16,11,0.2144342016,2.107404393,24.73243243,0.3998372659,0.04162162162,23.99967442
Max-Age-First Safe,8,17,0,0.6058267012,0.772389876,7.691621622,0.253844889,0.1754054054,7.516476032
Max-Age-First Safe,8,17,1,0.4606290406,1.022513998,8.267297297,0.3763956934,0.1621621622,23.99961371
Max-Age-First Safe,8,17,2,0.8627452041,0.4598691245,5.405945946,0.09980402892,0.177027027,1.118429494
Max-Age-First Safe,8,17,3,0.95,0.2139841101,4.910810811,0.04753917257,0.1845945946,0.2139841101
Max-Age-First Safe,8,17,4,0.8920394043,0.4237308779,5.924324324,0.09516766475,0.1762162162,0.5186543897
Max-Age-First Safe,8,17,5,0.9329954481,0.3673358894,5.683243243,0.0770412568,0.177027027,0.3673358894
Max-Age-First Safe,8,17,6,0.2434414901,1.861711545,17.85540541,0.4000163995,0.05027027027,23.99944623
Max-Age-First Safe,8,17,7,0.2237143759,2.021113381,24.55675676,0.4003989482,0.03756756757,23.99966294
Max-Age-First Safe,8,17,8,0.7874097494,0.5472165522,6.65972973,0.1430157854,0.1827027027,5.405362776
Max-Age-First Safe,8,17,9,0.2072792387,2.179902851,24.27702703,0.4012199572,0.03648648649,23.99969594
Max-Age-First Safe,8,17,10,0.95,0.241873434,5.639459459,0.0485054292,0.1716216216,0.241873434
Max-Age-First Safe,8,17,11,0.5223938409,0.9032962107,7.954864865,0.3349520003,0.1759459459,12.4065476
Max-Age-First Safe,8,18,0,0.95,0.2641897105,5.178378378,0.06262010164,0.1986486486,0.2641897105
Max-Age-First Safe,8,18,1,0.2298402862,1.968390267,23.40621622,0.3995300245,0.04540540541,23.99962611
Max-Age-First Safe,8,18,2,0.2514208534,1.804941085,18.39783784,0.4000139701,0.05135135135,23.99923841
Max-Age-First Safe,8,18,3,0.95,0.3377909827,5.066486486,0.07577473396,0.1910810811,0.3377909827
Max-Age-First Safe,8,18,4,0.8064515181,0.5254308787,6.102432432,0.13476592,0.1935135135,2.030601423
Max-Age-First Safe,8,18,5,0.2889292384,1.582364629,14.30432432,0.4002954845,0.07405405405,23.99915506
Max-Age-First Safe,8,18,6,0.86964094,0.451552802,5.582702703,0.1199665958,0.2032432432,1.018633624
Max-Age-First Safe,8,18,7,0.95,0.2372894534,4.902702703,0.05605161682,0.1983783784,0.2372894534
Max-Age-First Safe,8,18,8,0.4229897239,1.10910177,9.277567568,0.4037729958,0.142972973,23.99386321
Max-Age-First Safe,8,18,9,0.9113191376,0.3983676074,5.112972973,0.09097854818,0.1891891892,0.3983676074
Max-Age-First Safe,8,18,10,0.93510967,0.3641087485,5.610810811,0.08827176956,0.1986486486,0.3641087485
Max-Age-First Safe,8,18,11,0.8418183031,0.4846132827,6.236486486,0.1297977738,0.197027027,3.299918026
Max-Age-First Safe,8,19,0,0.8339118425,0.4938172966,8.172162162,0.08488318936,0.1248648649,1.056721076
Max-Age-First Safe,8,19,1,0.4218873338,1.111838862,11.16,0.3188273062,0.1137837838,20.6876682
Max-Age-First Safe,8,19,2,0.3658373363,1.270411673,13.19108108,0.3811235019,0.1013513514,23.99845754
Max-Age-First Safe,8,19,3,0.3670076204,1.266646367,11.37297297,0.3960837425,0.1105405405,23.99695512
Max-Age-First Safe,8,19,4,0.481511622,0.9794527448,10.97567568,0.2933063895,0.1259459459,19.27268761
Max-Age-First Safe,8,19,5,0.1930715746,2.342239302,26.07189189,0.4000797943,0.03351351351,23.99903627
Max-Age-First Safe,8,19,6,0.2120595117,2.1308523,23.65054054,0.4002546887,0.03891891892,23.99973332
Max-Age-First Safe,8,19,7,0.3057773787,1.500722279,14.51081081,0.4035726128,0.07513513514,23.9994914
Max-Age-First Safe,8,19,8,0.5446939528,0.8655191693,9.947027027,0.2280759973,0.1356756757,5.644864217
Max-Age-First Safe,8,19,9,0.4653449839,1.012509865,9.705945946,0.2832291108,0.1248648649,11.31274662
Max-Age-First Safe,8,19,10,0.3623629999,1.281724896,12.12891892,0.3962954813,0.09918918919,23.99963317
Max-Age-First Safe,8,19,11,0.8770434254,0.4425090154,7.879459459,0.06601756122,0.1210810811,0.7825811388
Round-Robin Safe,2,0,0,0.95,0.3369544871,3.083783784,0.1059129915,0.2681081081,0.3369544871
Round-Robin Safe,2,0,1,0.2315765095,1.95400716,18.23540541,0.4003074127,0.04972972973,23.99730057
Round-Robin Safe,2,0,2,0.95,0.2191119648,3.822162162,0.05513330789,0.2094594595,0.2191119648
Round-Robin Safe,2,0,3,0.8081176242,0.5235225351,4.504324324,0.1560663125,0.22,0.6470450703
Round-Robin Safe,2,0,4,0.6281327393,0.7414402559,7.377837838,0.185360064,0.1381081081,0.7414402559
Round-Robin Safe,2,0,5,0.795200025,0.5383055036,5.124864865,0.1345763759,0.1789189189,0.5383055036
Round-Robin Safe,2,0,6,0.3394136806,1.361973486,12.64918919,0.3404933716,0.07783783784,1.361973486
Round-Robin Safe,2,0,7,0.9476946562,0.3438720469,3.572432432,0.08596801172,0.2124324324,0.3438720469
Round-Robin Safe,2,0,8,0.5005847781,0.9427001774,9.17027027,0.2356750444,0.1121621622,0.9427001774
Round-Robin Safe,2,0,9,0.95,0.2738400263,3.118378378,0.06846000657,0.2202702703,0.2738400263
Round-Robin Safe,2,0,10,0.23436609,1.931388168,17.98432432,0.4003715473,0.04648648649,23.99894398
Round-Robin Safe,2,0,11,0.2528380647,1.795260579,15.37567568,0.4017502053,0.05945945946,23.9999288
Round-Robin Safe,2,1,0,0.5605092249,0.8400796556,8.883783784,0.2468017799,0.1316216216,1.280159311
Round-Robin Safe,2,1,1,0.2181252996,2.072097608,23.48162162,0.3998588358,0.04054054054,23.99795411
Round-Robin Safe,2,1,2,0.2316669551,1.953264399,23.66324324,0.4001552471,0.04459459459,23.99296661
Round-Robin Safe,2,1,3,0.3707979081,1.254604531,11.59216216,0.4048642729,0.1064864865,23.99131147
Round-Robin Safe,2,1,4,0.95,0.2976063768,3.134324324,0.07786026289,0.2272972973,0.2976063768
Round-Robin Safe,2,1,5,0.95,0.2276934429,3.191891892,0.05692336074,0.2202702703,0.2276934429
Round-Robin Safe,2,1,6,0.2020086086,2.237061952,25.17864865,0.400252706,0.03324324324,23.99876388
Round-Robin Safe,2,1,7,0.95,0.2579608484,3.172702703,0.0665120674,0.2237837838,0.2579608484
Round-Robin Safe,2,1,8,0.325972712,1.414030367,13.77567568,0.3535075917,0.07405405405,1.414030367
Round-Robin Safe,2,1,9,0.8362721814,0.4910760745,5.029459459,0.1625859976,0.2394594595,0.5821521491
Round-Robin Safe,2,1,10,0.2993435181,1.530799061,13.5,0.3826997651,0.06756756757,1.530799061
Round-Robin Safe,2,1,11,0.2334007936,1.939147999,21.1227027,0.399883763,0.04297297297,23.99834749
Round-Robin Safe,2,2,0,0.2983974043,1.535332493,13.91378378,0.4004313123,0.06972972973,23.99949569
Round-Robin Safe,2,2,1,0.4720337023,0.9986066978,7.185675676,0.2634162532,0.1318918919,1.994426791
Round-Robin Safe,2,2,2,0.7619171253,0.5764720931,4.951891892,0.1441180233,0.1794594595,0.5764720931
Round-Robin Safe,2,2,3,0.95,0.328976203,3.068378378,0.1063393348,0.2732432432,0.328976203
Round-Robin Safe,2,2,4,0.6042558466,0.7746227687,7.720540541,0.1936556922,0.1335135135,0.7746227687
Round-Robin Safe,2,2,5,0.7527600943,0.5870535051,5.62972973,0.1467633763,0.1705405405,0.5870535051
Round-Robin Safe,2,2,6,0.6803453125,0.6736618433,5.728108108,0.1684154608,0.1597297297,0.6736618433
Round-Robin Safe,2,2,7,0.2438339011,1.858825842,18.94324324,0.4004011341,0.0472972973,23.97844326
Round-Robin Safe,2,2,8,0.7053294905,0.6430324214,6.195135135,0.1607581054,0.1545945946,0.6430324214
Round-Robin Safe,2,2,9,0.1925045361,2.34929577,31.99216216,0.4000152257,0.03216216216,23.99999867
Round-Robin Safe,2,2,10,0.95,0.2710575607,3.46972973,0.07223317698,0.2254054054,0.2710575607
Round-Robin Safe,2,2,11,0.2931742638,1.560894842,13.59837838,0.3902237104,0.07162162162,1.560894842
Round-Robin Safe,2,3,0,0.2469621281,1.836175919,15.54486486,0.4009811195,0.05702702703,23.99755978
Round-Robin Safe,2,3,1,0.8215561338,0.5080937316,4.825945946,0.1285339818,0.1856756757,0.6161874631
Round-Robin Safe,2,3,2,0.8932287906,0.4222105672,3.520540541,0.1055526418,0.2086486486,0.4222105672
Round-Robin Safe,2,3,3,0.3220866759,1.429873819,10.64540541,0.4050020979,0.09162162162,23.9952698
Round-Robin Safe,2,3,4,0.225348274,2.006740312,18.82432432,0.4002633378,0.04702702703,23.99910185
Round-Robin Safe,2,3,5,0.2465631425,1.839030251,19.92702703,0.4011074087,0.05189189189,23.99947619
Round-Robin Safe,2,3,6,0.4834834838,0.9755450403,8.030810811,0.3224571849,0.1581081081,2.253270242
Round-Robin Safe,2,3,7,0.2778755806,1.641436133,13.91756757,0.4050354565,0.06540540541,23.99811219
Round-Robin Safe,2,3,8,0.2645088005,1.719737046,15.22486486,0.4034410151,0.06054054054,23.99755628
Round-Robin Safe,2,3,9,0.3014458345,1.520828652,14.17648649,0.4032251102,0.07405405405,23.98162938
Round-Robin Safe,2,3,10,0.9387067142,0.3585144156,3.613243243,0.08991929127,0.2083783784,0.3585144156
Round-Robin Safe,2,3,11,0.2969367479,1.542388958,13.33351351,0.3855972396,0.07027027027,1.542388958
Round-Robin Safe,2,4,0,0.662118963,0.6966749552,6.443783784,0.1741687388,0.1481081081,0.6966749552
Round-Robin Safe,2,4,1,0.6741961796,0.6813572012,6.331351351,0.1703393003,0.1540540541,0.6813572012
Round-Robin Safe,2,4,2,0.3640876,1.27608378,9.795135135,0.3190209451,0.0927027027,1.27608378
Round-Robin Safe,2,4,3,0.2460798207,1.842501298,16.79189189,0.4008685256,0.05486486486,23.99828776
Round-Robin Safe,2,4,4,0.2372011855,1.908996959,24.93783784,0.3998574711,0.04513513514,23.99714193
Round-Robin Safe,2,4,5,0.4128728207,1.13470463,10.52162162,0.2836761576,0.09675675676,1.13470463
Round-Robin Safe,2,4,6,0.5024050881,0.9393093506,9.472432432,0.2985480531,0.1405405405,1.757237402
Round-Robin Safe,2,4,7,0.4159209977,1.126874486,9.497567568,0.2875052743,0.1008108108,1.853748972
Round-Robin Safe,2,4,8,0.2309431598,1.959226317,19.33243243,0.4003175935,0.04783783784,23.99830627
Round-Robin Safe,2,4,9,0.4380235493,1.072981387,9.407297297,0.3172544967,0.11,1.745962775
Round-Robin Safe,2,4,10,0.7287104513,0.6151471375,5.888108108,0.1537867844,0.162972973,0.6151471375
Round-Robin Safe,2,4,11,0.5641011845,0.8344446437,7.055675676,0.2086111609,0.1362162162,0.8344446437
Round-Robin Safe,2,5,0,0.9411489522,0.3546353857,3.387297297,0.1018857878,0.2413513514,0.3546353857
Round-Robin Safe,2,5,1,0.4821824971,0.9781203331,8.828108108,0.2453231538,0.1159459459,1.556240666
Round-Robin Safe,2,5,2,0.3825098869,1.218803669,10.92378378,0.3047009173,0.09081081081,1.218803669
Round-Robin Safe,2,5,3,0.7544254172,0.5851252029,4.977837838,0.1462813007,0.1762162162,0.5851252029
Round-Robin Safe,2,5,4,0.3523107703,1.315645181,10.99405405,0.3289112952,0.08405405405,1.315645181
Round-Robin Safe,2,5,5,0.8677360717,0.4538598372,4.458918919,0.1134649593,0.1935135135,0.4538598372
Round-Robin Safe,2,5,6,0.95,0.2241414152,3.507567568,0.05603535381,0.2102702703,0.2241414152
Round-Robin Safe,2,5,7,0.2189202535,2.064668323,23.15297297,0.4000992398,0.04108108108,23.99921978
Round-Robin Safe,2,5,8,0.8265150398,0.5023771293,4.666486486,0.1255942823,0.1840540541,0.5023771293
Round-Robin Safe,2,5,9,0.3376263363,1.368663091,11.02972973,0.4050502933,0.09162162162,23.95742963
Round-Robin Safe,2,5,10,0.2625732011,1.731770293,16.11621622,0.4029876276,0.06027027027,23.98599253
Round-Robin Safe,2,5,11,0.2699141276,1.687095206,15.38,0.403990906,0.05891891892,23.99922197
Round-Robin Safe,2,6,0,0.6600953202,0.6992694381,6.785405405,0.1748173595,0.1475675676,0.6992694381
Round-Robin Safe,2,6,1,0.4082536129,1.146768836,11.64594595,0.2866922091,0.09216216216,1.146768836
Round-Robin Safe,2,6,2,0.95,0.2551559305,3.421081081,0.06378898263,0.212972973,0.2551559305
Round-Robin Safe,2,6,3,0.8542797728,0.4699577518,4.657837838,0.1174894379,0.1881081081,0.4699577518
Round-Robin Safe,2,6,4,0.5796663152,0.8105930222,7.762702703,0.2026482556,0.1267567568,0.8105930222
Round-Robin Safe,2,6,5,0.95,0.2156180293,3.200540541,0.05390450732,0.2175675676,0.2156180293
Round-Robin Safe,2,6,6,0.7238759829,0.6208604762,5.427567568,0.1552151191,0.1662162162,0.6208604762
Round-Robin Safe,2,6,7,0.298421524,1.535216558,14.99513514,0.3838041396,0.06432432432,1.535216558
Round-Robin Safe,2,6,8,0.95,0.2628816135,3.26972973,0.06572040337,0.2137837838,0.2628816135
Round-Robin Safe,2,6,9,0.3698913443,1.257463669,12.41027027,0.3143659172,0.07891891892,1.257463669
Round-Robin Safe,2,6,10,0.95,0.2571157349,3.364864865,0.06427893372,0.2159459459,0.2571157349
Round-Robin Safe,2,6,11,0.5870736138,0.7995478023,6.975675676,0.1998869506,0.1416216216,0.7995478023
Round-Robin Safe,2,7,0,0.95,0.2129344738,3.382162162,0.05323361846,0.2145945946,0.2129344738
Round-Robin Safe,2,7,1,0.8194645516,0.5105004868,4.247027027,0.1276251217,0.1908108108,0.5105004868
Round-Robin Safe,2,7,2,0.5139536145,0.9182376412,9.310810811,0.2295594103,0.1143243243,0.9182376412
Round-Robin Safe,2,7,3,0.1957148488,2.309972111,33.10972973,0.4001870602,0.02783783784,23.99686409
Round-Robin Safe,2,7,4,0.2668165055,1.705631049,17.00486486,0.4038196754,0.05675675676,23.99999021
Round-Robin Safe,2,7,5,0.95,0.2143947682,3.546486486,0.05359869205,0.2121621622,0.2143947682
Round-Robin Safe,2,7,6,0.9166527097,0.3910280632,3.594054054,0.1311529261,0.2724324324,0.3910280632
Round-Robin Safe,2,7,7,0.2817874583,1.619983796,14.54540541,0.4054337825,0.06810810811,23.99222217
Round-Robin Safe,2,7,8,0.4060368001,1.152645744,9.781621622,0.2890960136,0.09648648649,1.905291488
Round-Robin Safe,2,7,9,0.95,0.2643493157,3.462972973,0.06701612381,0.2164864865,0.2643493157
Round-Robin Safe,2,7,10,0.95,0.2202876177,3.477297297,0.05507190443,0.2156756757,0.2202876177
Round-Robin Safe,2,7,11,0.8957240492,0.4190042049,4.311891892,0.1047510512,0.1943243243,0.4190042049
Round-Robin Safe,2,8,0,0.924502767,0.3798996382,3.875945946,0.0970284211,0.21,0.3798996382
Round-Robin Safe,2,8,1,0.7675714746,0.5699618165,5.955135135,0.1424904541,0.1640540541,0.5699618165
Round-Robin Safe,2,8,2,0.2938168902,1.557699888,13.86,0.3894249721,0.06567567568,1.557699888
Round-Robin Safe,2,8,3,0.223720696,2.021057334,18.74756757,0.3998416131,0.04675675676,23.91952334
Round-Robin Safe,2,8,4,0.8564804989,0.4673466129,4.108648649,0.1168366532,0.1972972973,0.4673466129
Round-Robin Safe,2,8,5,0.95,0.2347890628,3.377837838,0.05869726571,0.2164864865,0.2347890628
Round-Robin Safe,2,8,6,0.4732619221,0.9960890923,8.902702703,0.3009804338,0.1308108108,1.592178185
Round-Robin Safe,2,8,7,0.198994158,2.271318822,26.35513514,0.4002432086,0.03675675676,23.9985915
Round-Robin Safe,2,8,8,0.3554966144,1.304697623,11.75405405,0.3261744057,0.08405405405,1.304697623
Round-Robin Safe,2,8,9,0.365156396,1.272612991,10.60783784,0.4051724602,0.1113513514,23.96653721
Round-Robin Safe,2,8,10,0.95,0.2590903055,3.204864865,0.06477257636,0.2164864865,0.2590903055
Round-Robin Safe,2,8,11,0.8950142286,0.4199186836,4.01027027,0.1049796709,0.1994594595,0.4199186836
Round-Robin Safe,2,9,0,0.3257577326,1.414897118,12.84945946,0.4042016901,0.08513513514,23.99250881
Round-Robin Safe,2,9,1,0.6871221964,0.6652565043,5.734594595,0.1663141261,0.1645945946,0.6652565043
Round-Robin Safe,2,9,2,0.2523803769,1.798374164,17.00810811,0.4019609281,0.05621621622,23.9969037
Round-Robin Safe,2,9,3,0.1963495047,2.302374716,25.61783784,0.4001153899,0.03621621622,23.99844596
Round-Robin Safe,2,9,4,0.5437054116,0.8671448273,8.291081081,0.2374101919,0.13,1.468579309
Round-Robin Safe,2,9,5,0.2493362779,1.819394726,18.44837838,0.4012502964,0.05108108108,23.99902311
Round-Robin Safe,2,9,6,0.95,0.209506079,2.730810811,0.07757387248,0.3178378378,0.209506079
Round-Robin Safe,2,9,7,0.4363495231,1.076896197,9.273243243,0.2843588066,0.1097297297,1.753792394
Round-Robin Safe,2,9,8,0.95,0.2790122724,3.572432432,0.06975306809,0.2097297297,0.2790122724
Round-Robin Safe,2,9,9,0.6652629851,0.6926602831,6.729189189,0.1731650708,0.1437837838,0.6926602831
Round-Robin Safe,2,9,10,0.95,0.247425482,3.178918919,0.06185637049,0.2181081081,0.247425482
Round-Robin Safe,2,9,11,0.2127973752,2.123503268,26.28054054,0.4000221022,0.0427027027,23.99330742
Round-Robin Safe,2,10,0,0.2210551088,2.045012567,19.51513514,0.4001592157,0.04594594595,23.99991354
Round-Robin Safe,2,10,1,0.5230742899,0.9021077578,8.517567568,0.2738018951,0.1313513514,1.608431031
Round-Robin Safe,2,10,2,0.4621770162,1.019211399,9.621621622,0.2608630257,0.1072972973,1.638422798
Round-Robin Safe,2,10,3,0.8877431859,0.4291816563,3.38027027,0.1570572872,0.3032432432,0.4583633126
Round-Robin Safe,2,10,4,0.3493760462,1.325898395,11.77675676,0.3314745986,0.08459459459,1.325898395
Round-Robin Safe,2,10,5,0.4491418585,1.047619095,9.613513514,0.2619047737,0.1021621622,1.047619095
Round-Robin Safe,2,10,6,0.5565464418,0.8463561798,7.403783784,0.211589045,0.1340540541,0.8463561798
Round-Robin Safe,2,10,7,0.34857734,1.328717478,12.48486486,0.3321793696,0.08081081081,1.328717478
Round-Robin Safe,2,10,8,0.2223217792,2.03354937,21.07945946,0.3995649709,0.04135135135,23.99039221
Round-Robin Safe,2,10,9,0.6900300697,0.6616731043,6.497297297,0.2008267287,0.1856756757,0.9233462087
Round-Robin Safe,2,10,10,0.2104662511,2.146920017,22.95837838,0.399791322,0.03810810811,23.99932792
Round-Robin Safe,2,10,11,0.2177243916,2.075867389,25.0427027,0.4000252563,0.03864864865,23.99660947
Round-Robin Safe,2,11,0,0.95,0.3358641596,3.074054054,0.113013751,0.2875675676,0.3358641596
Round-Robin Safe,2,11,1,0.2935060875,1.559243329,12.81648649,0.4016105114,0.07594594595,17.11332512
Round-Robin Safe,2,11,2,0.6227889451,0.7487311135,6.456756757,0.1871827784,0.1489189189,0.7487311135
Round-Robin Safe,2,11,3,0.4312530983,1.088976442,10.13135135,0.2722441106,0.09540540541,1.088976442
Round-Robin Safe,2,11,4,0.6153269509,0.7590395275,7.083783784,0.1897598819,0.1402702703,0.7590395275
Round-Robin Safe,2,11,5,0.4183303984,1.120756955,12.05243243,0.2801892386,0.09027027027,1.120756955
Round-Robin Safe,2,11,6,0.9434799305,0.3508668233,3.836216216,0.08771670584,0.2048648649,0.3508668233
Round-Robin Safe,2,11,7,0.4987828682,0.9460759936,10.18216216,0.2365189984,0.1102702703,0.9460759936
Round-Robin Safe,2,11,8,0.6260188518,0.7443154627,7.33027027,0.1860788657,0.147027027,0.7443154627
Round-Robin Safe,2,11,9,0.4351735249,1.079661914,9.497837838,0.2699154786,0.1048648649,1.079661914
Round-Robin Safe,2,11,10,0.2492611008,1.819920828,22.90324324,0.401366323,0.04567567568,23.99721622
Round-Robin Safe,2,11,11,0.2092716103,2.159149808,25.48594595,0.4003180455,0.03756756757,23.99802303
Round-Robin Safe,2,12,0,0.2277146089,1.986329388,18.36594595,0.3999501065,0.04621621622,23.99860142
Round-Robin Safe,2,12,1,0.9318683167,0.369039043,3.412432432,0.09225976075,0.2151351351,0.369039043
Round-Robin Safe,2,12,2,0.4490225566,1.047885528,11.39513514,0.2619713821,0.09864864865,1.047885528
Round-Robin Safe,2,12,3,0.364868936,1.273544601,12.13972973,0.3803423742,0.1018918919,2.220633804
Round-Robin Safe,2,12,4,0.3264467419,1.412123145,12.14648649,0.3530307863,0.07891891892,1.412123145
Round-Robin Safe,2,12,5,0.2532754659,1.792296255,22.5227027,0.4020556463,0.04837837838,23.99789017
Round-Robin Safe,2,12,6,0.5108922966,0.9237509324,7.765135135,0.2546556624,0.1316216216,1.447501865
Round-Robin Safe,2,12,7,0.7249468559,0.6195927545,4.895675676,0.1548981886,0.1740540541,0.6195927545
Round-Robin Safe,2,12,8,0.885090931,0.4325165816,4.201621622,0.1081291454,0.1954054054,0.4325165816
Round-Robin Safe,2,12,9,0.3371942215,1.370290719,11.71297297,0.3425726797,0.07891891892,1.370290719
Round-Robin Safe,2,12,10,0.4510893652,1.043286736,10.28702703,0.2608216841,0.1051351351,1.043286736
Round-Robin Safe,2,12,11,0.3770521179,1.235229773,11.32702703,0.3088074432,0.09216216216,1.235229773
Round-Robin Safe,2,13,0,0.931036637,0.3702883284,4.350810811,0.09257208211,0.1956756757,0.3702883284
Round-Robin Safe,2,13,1,0.7159624459,0.6302691506,5.898918919,0.1575672877,0.1559459459,0.6302691506
Round-Robin Safe,2,13,2,0.6775674106,0.6771299559,6.305405405,0.169282489,0.1505405405,0.6771299559
Round-Robin Safe,2,13,3,0.3509019354,1.320546841,12.09135135,0.3301367103,0.07945945946,1.320546841
Round-Robin Safe,2,13,4,0.95,0.2764601871,3.702162162,0.06911504678,0.2121621622,0.2764601871
Round-Robin Safe,2,13,5,0.7562371291,0.5830294735,5.198378378,0.1457573684,0.1708108108,0.5830294735
Round-Robin Safe,2,13,6,0.2357345475,1.920506701,19.73243243,0.3996730161,0.04567567568,23.99871475
Round-Robin Safe,2,13,7,0.5713184825,0.8232731646,8.796216216,0.2058182912,0.1256756757,0.8232731646
Round-Robin Safe,2,13,8,0.95,0.2265612916,3.312972973,0.0566403229,0.2162162162,0.2265612916
Round-Robin Safe,2,13,9,0.8385292043,0.488449848,3.941081081,0.1425745502,0.2264864865,0.5768996961
Round-Robin Safe,2,13,10,0.9458583108,0.3469497415,3.317297297,0.08673743537,0.2156756757,0.3469497415
Round-Robin Safe,2,13,11,0.3749843981,1.241568686,10.54216216,0.3103921715,0.08702702703,1.241568686
Round-Robin Safe,2,14,0,0.3969158517,1.177446822,10.28486486,0.3131372088,0.09675675676,1.954893643
Round-Robin Safe,2,14,1,0.64914127,0.7134614509,6.94972973,0.1783653627,0.1502702703,0.7134614509
Round-Robin Safe,2,14,2,0.685168137,0.6676722331,7.036216216,0.1669180583,0.1478378378,0.6676722331
Round-Robin Safe,2,14,3,0.2123384503,2.128067317,24.18216216,0.4003067169,0.03837837838,23.9997275
Round-Robin Safe,2,14,4,0.8391928019,0.4876767217,4.471891892,0.1219191804,0.1878378378,0.4876767217
Round-Robin Safe,2,14,5,0.2547057577,1.782678959,15.65783784,0.4023072786,0.05513513514,23.99513054
Round-Robin Safe,2,14,6,0.6450583303,0.7188179662,6.548108108,0.2375984791,0.1835135135,1.037635932
Round-Robin Safe,2,14,7,0.3536782427,1.310923092,11.84243243,0.3351711473,0.08513513514,2.332769276
Round-Robin Safe,2,14,8,0.3495021855,1.325454306,12.47837838,0.3313635766,0.08486486486,1.325454306
Round-Robin Safe,2,14,9,0.2638904463,1.723560971,14.83837838,0.4034064326,0.06486486486,23.99829016
Round-Robin Safe,2,14,10,0.8142278578,0.5165166625,4.69027027,0.1291291656,0.1845945946,0.5165166625
Round-Robin Safe,2,14,11,0.4332858251,1.084128614,9.658918919,0.2710321536,0.09918918919,1.084128614
Round-Robin Safe,2,15,0,0.95,0.2609434761,3.079459459,0.06523586902,0.2224324324,0.2609434761
Round-Robin Safe,2,15,1,0.6682774533,0.6888292002,5.903243243,0.1722073001,0.16,0.6888292002
Round-Robin Safe,2,15,2,0.3936552323,1.186565108,10.61675676,0.2966412769,0.0927027027,1.186565108
Round-Robin Safe,2,15,3,0.8783623152,0.4408835581,4.119459459,0.1102208895,0.2048648649,0.4408835581
Round-Robin Safe,2,15,4,0.2542081145,1.786011998,16.69243243,0.4020940526,0.05756756757,23.99554779
Round-Robin Safe,2,15,5,0.6112416568,0.7647485898,6.844864865,0.1911871475,0.1481081081,0.7647485898
Round-Robin Safe,2,15,6,0.1961261937,2.305041448,26.81324324,0.3999558404,0.03594594595,23.99793569
Round-Robin Safe,2,15,7,0.2603661895,1.74572184,18.43594595,0.4029314732,0.05783783784,23.99834968
Round-Robin Safe,2,15,8,0.4858854259,0.9708198352,8.242972973,0.2458535637,0.1208108108,1.54163967
Round-Robin Safe,2,15,9,0.9440218225,0.349980936,2.886486486,0.1246688848,0.3056756757,0.349980936
Round-Robin Safe,2,15,10,0.777121657,0.5589976316,5.182972973,0.145943706,0.1808108108,0.7179952632
Round-Robin Safe,2,15,11,0.6438927182,0.7203540735,7.18972973,0.1800885184,0.1402702703,0.7203540735
Round-Robin Safe,2,16,0,0.3932789834,1.187626136,9.264324324,0.4057187665,0.1243243243,23.99331559
Round-Robin Safe,2,16,1,0.7735119064,0.5631378354,5.778648649,0.146720236,0.1724324324,0.7262756708
Round-Robin Safe,2,16,2,0.901603995,0.4113518347,4.074054054,0.1028379587,0.2002702703,0.4113518347
Round-Robin Safe,2,16,3,0.8416273572,0.4848363331,4.128918919,0.1256643361,0.1962162162,0.5696726663
Round-Robin Safe,2,16,4,0.2260479039,2.00065631,19.05891892,0.3995905441,0.04621621622,23.99838024
Round-Robin Safe,2,16,5,0.7045979448,0.6439160289,5.007027027,0.1609790072,0.1724324324,0.6439160289
Round-Robin Safe,2,16,6,0.6624829137,0.6962092138,6.021891892,0.2090509288,0.1797297297,0.9924184276
Round-Robin Safe,2,16,7,0.1982197585,2.280313362,28.47405405,0.3999792897,0.03513513514,23.99979694
Round-Robin Safe,2,16,8,0.7522839954,0.5876051337,5.213513514,0.1469012834,0.1759459459,0.5876051337
Round-Robin Safe,2,16,9,0.3841282698,1.214015836,8.778918919,0.394062978,0.1205405405,2.154174193
Round-Robin Safe,2,16,10,0.2247729528,2.011774821,22.67189189,0.4001800724,0.04162162162,23.99613493
Round-Robin Safe,2,16,11,0.2144342016,2.107404393,20.14,0.3998372659,0.04216216216,23.99869766
Round-Robin Safe,2,17,0,0.6058267012,0.772389876,6.208108108,0.2791041255,0.1997297297,1.144779752
Round-Robin Safe,2,17,1,0.4606290406,1.022513998,8.316216216,0.2556284995,0.1105405405,1.022513998
Round-Robin Safe,2,17,2,0.8627452041,0.4598691245,3.849189189,0.1149672811,0.2005405405,0.4598691245
Round-Robin Safe,2,17,3,0.95,0.2139841101,3.390810811,0.05349602753,0.2121621622,0.2139841101
Round-Robin Safe,2,17,4,0.8920394043,0.4237308779,4.182162162,0.1059327195,0.1935135135,0.4237308779
Round-Robin Safe,2,17,5,0.9329954481,0.3673358894,3.676216216,0.09183397234,0.2113513514,0.3673358894
Round-Robin Safe,2,17,6,0.2434414901,1.861711545,19.05135135,0.4005195648,0.04945945946,23.99535162
Round-Robin Safe,2,17,7,0.2237143759,2.021113381,22.34432432,0.3998527013,0.0427027027,23.96402455
Round-Robin Safe,2,17,8,0.7874097494,0.5472165522,5.315135135,0.1368041381,0.1775675676,0.5472165522
Round-Robin Safe,2,17,9,0.2072792387,2.179902851,28.30459459,0.4000416314,0.0327027027,23.99969594
Round-Robin Safe,2,17,10,0.95,0.241873434,3.172432432,0.06994718226,0.2486486486,0.241873434
Round-Robin Safe,2,17,11,0.5223938409,0.9032962107,7.898918919,0.2285095279,0.1232432432,1.406592421
Round-Robin Safe,2,18,0,0.95,0.2641897105,3.408108108,0.06604742761,0.2140540541,0.2641897105
Round-Robin Safe,2,18,1,0.2298402862,1.968390267,20.49351351,0.4000620219,0.04648648649,23.99845627
Round-Robin Safe,2,18,2,0.2514208534,1.804941085,16.92594595,0.4014774359,0.0527027027,23.99878269
Round-Robin Safe,2,18,3,0.95,0.3377909827,3.055675676,0.107727935,0.2705405405,0.3377909827
Round-Robin Safe,2,18,4,0.8064515181,0.5254308787,4.844324324,0.1341978866,0.1886486486,0.6508617574
Round-Robin Safe,2,18,5,0.2889292384,1.582364629,13.17459459,0.3955911572,0.07405405405,1.582364629
Round-Robin Safe,2,18,6,0.86964094,0.451552802,4.378918919,0.1128882005,0.1954054054,0.451552802
Round-Robin Safe,2,18,7,0.95,0.2372894534,3.399459459,0.05932236334,0.2148648649,0.2372894534
Round-Robin Safe,2,18,8,0.4229897239,1.10910177,10.3227027,0.2772754426,0.1005405405,1.10910177
Round-Robin Safe,2,18,9,0.9113191376,0.3983676074,3.485945946,0.09959190186,0.2140540541,0.3983676074
Round-Robin Safe,2,18,10,0.93510967,0.3641087485,3.927027027,0.09102718712,0.2045945946,0.3641087485
Round-Robin Safe,2,18,11,0.8418183031,0.4846132827,4.562702703,0.1211533207,0.1943243243,0.4846132827
Round-Robin Safe,2,19,0,0.8339118425,0.4938172966,4.791891892,0.1234543241,0.187027027,0.4938172966
Round-Robin Safe,2,19,1,0.4218873338,1.111838862,9.635135135,0.2779597156,0.1035135135,1.111838862
Round-Robin Safe,2,19,2,0.3658373363,1.270411673,11.13135135,0.3176029182,0.08783783784,1.270411673
Round-Robin Safe,2,19,3,0.3670076204,1.266646367,11.67081081,0.3166615919,0.08702702703,1.266646367
Round-Robin Safe,2,19,4,0.481511622,0.9794527448,8.891351351,0.2448631862,0.1181081081,0.9794527448
Round-Robin Safe,2,19,5,0.1930715746,2.342239302,24.84594595,0.4000797943,0.03540540541,23.99778581
Round-Robin Safe,2,19,6,0.2120595117,2.1308523,23.97702703,0.4002546887,0.03648648649,23.99973332
Round-Robin Safe,2,19,7,0.3057773787,1.500722279,11.9272973,0.4039782134,0.08108108108,23.97348937
Round-Robin Safe,2,19,8,0.5446939528,0.8655191693,7.920810811,0.2168476405,0.1286486486,1.331038339
Round-Robin Safe,2,19,9,0.4653449839,1.012509865,7.657837838,0.3705238802,0.1654054054,2.150118376
Round-Robin Safe,2,19,10,0.3623629999,1.281724896,11.32162162,0.3277058788,0.08567567568,2.253799166
Round-Robin Safe,2,19,11,0.8770434254,0.4425090154,3.866486486,0.1106272539,0.2045945946,0.4425090154
Round-Robin Safe,4,0,0,0.95,0.3369544871,3.083783784,0.1059129915,0.2681081081,0.3369544871
Round-Robin Safe,4,0,1,0.2315765095,1.95400716,18.23540541,0.4003074127,0.04972972973,23.99730057
Round-Robin Safe,4,0,2,0.95,0.2191119648,3.822162162,0.05513330789,0.2094594595,0.2191119648
Round-Robin Safe,4,0,3,0.8081176242,0.5235225351,4.504324324,0.1560663125,0.22,0.6470450703
Round-Robin Safe,4,0,4,0.6281327393,0.7414402559,7.377837838,0.185360064,0.1381081081,0.7414402559
Round-Robin Safe,4,0,5,0.795200025,0.5383055036,5.124864865,0.1345763759,0.1789189189,0.5383055036
Round-Robin Safe,4,0,6,0.3394136806,1.361973486,12.64918919,0.3404933716,0.07783783784,1.361973486
Round-Robin Safe,4,0,7,0.9476946562,0.3438720469,3.572432432,0.08596801172,0.2124324324,0.3438720469
Round-Robin Safe,4,0,8,0.5005847781,0.9427001774,9.17027027,0.2356750444,0.1121621622,0.9427001774
Round-Robin Safe,4,0,9,0.95,0.2738400263,3.118378378,0.06846000657,0.2202702703,0.2738400263
Round-Robin Safe,4,0,10,0.23436609,1.931388168,17.98432432,0.4003715473,0.04648648649,23.99894398
Round-Robin Safe,4,0,11,0.2528380647,1.795260579,15.37567568,0.4017502053,0.05945945946,23.9999288
Round-Robin Safe,4,1,0,0.5605092249,0.8400796556,8.883783784,0.2468017799,0.1316216216,1.280159311
Round-Robin Safe,4,1,1,0.2181252996,2.072097608,23.48162162,0.3998588358,0.04054054054,23.99795411
Round-Robin Safe,4,1,2,0.2316669551,1.953264399,23.66324324,0.4001552471,0.04459459459,23.99296661
Round-Robin Safe,4,1,3,0.3707979081,1.254604531,11.59216216,0.4048642729,0.1064864865,23.99131147
Round-Robin Safe,4,1,4,0.95,0.2976063768,3.134324324,0.07786026289,0.2272972973,0.2976063768
Round-Robin Safe,4,1,5,0.95,0.2276934429,3.191891892,0.05692336074,0.2202702703,0.2276934429
Round-Robin Safe,4,1,6,0.2020086086,2.237061952,25.17864865,0.400252706,0.03324324324,23.99876388
Round-Robin Safe,4,1,7,0.95,0.2579608484,3.172702703,0.0665120674,0.2237837838,0.2579608484
Round-Robin Safe,4,1,8,0.325972712,1.414030367,13.77567568,0.3535075917,0.07405405405,1.414030367
Round-Robin Safe,4,1,9,0.8362721814,0.4910760745,5.029459459,0.1625859976,0.2394594595,0.5821521491
Round-Robin Safe,4,1,10,0.2993435181,1.530799061,13.5,0.3826997651,0.06756756757,1.530799061
Round-Robin Safe,4,1,11,0.2334007936,1.939147999,21.1227027,0.399883763,0.04297297297,23.99834749
Round-Robin Safe,4,2,0,0.2983974043,1.535332493,13.91378378,0.4004313123,0.06972972973,23.99949569
Round-Robin Safe,4,2,1,0.4720337023,0.9986066978,7.185675676,0.2634162532,0.1318918919,1.994426791
Round-Robin Safe,4,2,2,0.7619171253,0.5764720931,4.951891892,0.1441180233,0.1794594595,0.5764720931
Round-Robin Safe,4,2,3,0.95,0.328976203,3.068378378,0.1063393348,0.2732432432,0.328976203
Round-Robin Safe,4,2,4,0.6042558466,0.7746227687,7.720540541,0.1936556922,0.1335135135,0.7746227687
Round-Robin Safe,4,2,5,0.7527600943,0.5870535051,5.62972973,0.1467633763,0.1705405405,0.5870535051
Round-Robin Safe,4,2,6,0.6803453125,0.6736618433,5.728108108,0.1684154608,0.1597297297,0.6736618433
Round-Robin Safe,4,2,7,0.2438339011,1.858825842,18.94324324,0.4004011341,0.0472972973,23.97844326
Round-Robin Safe,4,2,8,0.7053294905,0.6430324214,6.195135135,0.1607581054,0.1545945946,0.6430324214
Round-Robin Safe,4,2,9,0.1925045361,2.34929577,31.99216216,0.4000152257,0.03216216216,23.99999867
Round-Robin Safe,4,2,10,0.95,0.2710575607,3.46972973,0.07223317698,0.2254054054,0.2710575607
Round-Robin Safe,4,2,11,0.2931742638,1.560894842,13.59837838,0.3902237104,0.07162162162,1.560894842
Round-Robin Safe,4,3,0,0.2469621281,1.836175919,15.54486486,0.4009811195,0.05702702703,23.99755978
Round-Robin Safe,4,3,1,0.8215561338,0.5080937316,4.825945946,0.1285339818,0.1856756757,0.6161874631
Round-Robin Safe,4,3,2,0.8932287906,0.4222105672,3.520540541,0.1055526418,0.2086486486,0.4222105672
Round-Robin Safe,4,3,3,0.3220866759,1.429873819,10.64540541,0.4050020979,0.09162162162,23.9952698
Round-Robin Safe,4,3,4,0.225348274,2.006740312,18.82432432,0.4002633378,0.04702702703,23.99910185
Round-Robin Safe,4,3,5,0.2465631425,1.839030251,19.92702703,0.4011074087,0.05189189189,23.99947619
Round-Robin Safe,4,3,6,0.4834834838,0.9755450403,8.030810811,0.3224571849,0.1581081081,2.253270242
Round-Robin Safe,4,3,7,0.2778755806,1.641436133,13.91756757,0.4050354565,0.06540540541,23.99811219
Round-Robin Safe,4,3,8,0.2645088005,1.719737046,15.22486486,0.4034410151,0.06054054054,23.99755628
Round-Robin Safe,4,3,9,0.3014458345,1.520828652,14.17648649,0.4032251102,0.07405405405,23.98162938
Round-Robin Safe,4,3,10,0.9387067142,0.3585144156,3.613243243,0.08991929127,0.2083783784,0.3585144156
Round-Robin Safe,4,3,11,0.2969367479,1.542388958,13.33351351,0.3855972396,0.07027027027,1.542388958
Round-Robin Safe,4,4,0,0.662118963,0.6966749552,6.443783784,0.1741687388,0.1481081081,0.6966749552
Round-Robin Safe,4,4,1,0.6741961796,0.6813572012,6.331351351,0.1703393003,0.1540540541,0.6813572012
Round-Robin Safe,4,4,2,0.3640876,1.27608378,9.795135135,0.3190209451,0.0927027027,1.27608378
Round-Robin Safe,4,4,3,0.2460798207,1.842501298,16.79189189,0.4008685256,0.05486486486,23.99828776
Round-Robin Safe,4,4,4,0.2372011855,1.908996959,24.93783784,0.3998574711,0.04513513514,23.99714193
Round-Robin Safe,4,4,5,0.4128728207,1.13470463,10.52162162,0.2836761576,0.09675675676,1.13470463
Round-Robin Safe,4,4,6,0.5024050881,0.9393093506,9.472432432,0.2985480531,0.1405405405,1.757237402
Round-Robin Safe,4,4,7,0.4159209977,1.126874486,9.497567568,0.2875052743,0.1008108108,1.853748972
Round-Robin Safe,4,4,8,0.2309431598,1.959226317,19.33243243,0.4003175935,0.04783783784,23.99830627
Round-Robin Safe,4,4,9,0.4380235493,1.072981387,9.407297297,0.3172544967,0.11,1.745962775
Round-Robin Safe,4,4,10,0.7287104513,0.6151471375,5.888108108,0.1537867844,0.162972973,0.6151471375
Round-Robin Safe,4,4,11,0.5641011845,0.8344446437,7.055675676,0.2086111609,0.1362162162,0.8344446437
Round-Robin Safe,4,5,0,0.9411489522,0.3546353857,3.387297297,0.1018857878,0.2413513514,0.3546353857
Round-Robin Safe,4,5,1,0.4821824971,0.9781203331,8.828108108,0.2453231538,0.1159459459,1.556240666
Round-Robin Safe,4,5,2,0.3825098869,1.218803669,10.92378378,0.3047009173,0.09081081081,1.218803669
Round-Robin Safe,4,5,3,0.7544254172,0.5851252029,4.977837838,0.1462813007,0.1762162162,0.5851252029
Round-Robin Safe,4,5,4,0.3523107703,1.315645181,10.99405405,0.3289112952,0.08405405405,1.315645181
Round-Robin Safe,4,5,5,0.8677360717,0.4538598372,4.458918919,0.1134649593,0.1935135135,0.4538598372
Round-Robin Safe,4,5,6,0.95,0.2241414152,3.507567568,0.05603535381,0.2102702703,0.2241414152
Round-Robin Safe,4,5,7,0.2189202535,2.064668323,23.15297297,0.4000992398,0.04108108108,23.99921978
Round-Robin Safe,4,5,8,0.8265150398,0.5023771293,4.666486486,0.1255942823,0.1840540541,0.5023771293
Round-Robin Safe,4,5,9,0.3376263363,1.368663091,11.02972973,0.4050502933,0.09162162162,23.95742963
Round-Robin Safe,4,5,10,0.2625732011,1.731770293,16.11621622,0.4029876276,0.06027027027,23.98599253
Round-Robin Safe,4,5,11,0.2699141276,1.687095206,15.38,0.403990906,0.05891891892,23.99922197
Round-Robin Safe,4,6,0,0.6600953202,0.6992694381,6.785405405,0.1748173595,0.1475675676,0.6992694381
Round-Robin Safe,4,6,1,0.4082536129,1.146768836,11.64594595,0.2866922091,0.09216216216,1.146768836
Round-Robin Safe,4,6,2,0.95,0.2551559305,3.421081081,0.06378898263,0.212972973,0.2551559305
Round-Robin Safe,4,6,3,0.8542797728,0.4699577518,4.657837838,0.1174894379,0.1881081081,0.4699577518
Round-Robin Safe,4,6,4,0.5796663152,0.8105930222,7.762702703,0.2026482556,0.1267567568,0.8105930222
Round-Robin Safe,4,6,5,0.95,0.2156180293,3.200540541,0.05390450732,0.2175675676,0.2156180293
Round-Robin Safe,4,6,6,0.7238759829,0.6208604762,5.427567568,0.1552151191,0.1662162162,0.6208604762
Round-Robin Safe,4,6,7,0.298421524,1.535216558,14.99513514,0.3838041396,0.06432432432,1.535216558
Round-Robin Safe,4,6,8,0.95,0.2628816135,3.26972973,0.06572040337,0.2137837838,0.2628816135
Round-Robin Safe,4,6,9,0.3698913443,1.257463669,12.41027027,0.3143659172,0.07891891892,1.257463669
Round-Robin Safe,4,6,10,0.95,0.2571157349,3.364864865,0.06427893372,0.2159459459,0.2571157349
Round-Robin Safe,4,6,11,0.5870736138,0.7995478023,6.975675676,0.1998869506,0.1416216216,0.7995478023
Round-Robin Safe,4,7,0,0.95,0.2129344738,3.382162162,0.05323361846,0.2145945946,0.2129344738
Round-Robin Safe,4,7,1,0.8194645516,0.5105004868,4.247027027,0.1276251217,0.1908108108,0.5105004868
Round-Robin Safe,4,7,2,0.5139536145,0.9182376412,9.310810811,0.2295594103,0.1143243243,0.9182376412
Round-Robin Safe,4,7,3,0.1957148488,2.309972111,33.10972973,0.4001870602,0.02783783784,23.99686409
Round-Robin Safe,4,7,4,0.2668165055,1.705631049,17.00486486,0.4038196754,0.05675675676,23.99999021
Round-Robin Safe,4,7,5,0.95,0.2143947682,3.546486486,0.05359869205,0.2121621622,0.2143947682
Round-Robin Safe,4,7,6,0.9166527097,0.3910280632,3.594054054,0.1311529261,0.2724324324,0.3910280632
Round-Robin Safe,4,7,7,0.2817874583,1.619983796,14.54540541,0.4054337825,0.06810810811,23.99222217
Round-Robin Safe,4,7,8,0.4060368001,1.152645744,9.781621622,0.2890960136,0.09648648649,1.905291488
Round-Robin Safe,4,7,9,0.95,0.2643493157,3.462972973,0.06701612381,0.2164864865,0.2643493157
Round-Robin Safe,4,7,10,0.95,0.2202876177,3.477297297,0.05507190443,0.2156756757,0.2202876177
Round-Robin Safe,4,7,11,0.8957240492,0.4190042049,4.311891892,0.1047510512,0.1943243243,0.4190042049
Round-Robin Safe,4,8,0,0.924502767,0.3798996382,3.875945946,0.0970284211,0.21,0.3798996382
Round-Robin Safe,4,8,1,0.7675714746,0.5699618165,5.955135135,0.1424904541,0.1640540541,0.5699618165
Round-Robin Safe,4,8,2,0.2938168902,1.557699888,13.86,0.3894249721,0.06567567568,1.557699888
Round-Robin Safe,4,8,3,0.223720696,2.021057334,18.74756757,0.3998416131,0.04675675676,23.91952334
Round-Robin Safe,4,8,4,0.8564804989,0.4673466129,4.108648649,0.1168366532,0.1972972973,0.4673466129
Round-Robin Safe,4,8,5,0.95,0.2347890628,3.377837838,0.05869726571,0.2164864865,0.2347890628
Round-Robin Safe,4,8,6,0.4732619221,0.9960890923,8.902702703,0.3009804338,0.1308108108,1.592178185
Round-Robin Safe,4,8,7,0.198994158,2.271318822,26.35513514,0.4002432086,0.03675675676,23.9985915
Round-Robin Safe,4,8,8,0.3554966144,1.304697623,11.75405405,0.3261744057,0.08405405405,1.304697623
Round-Robin Safe,4,8,9,0.365156396,1.272612991,10.60783784,0.4051724602,0.1113513514,23.96653721
Round-Robin Safe,4,8,10,0.95,0.2590903055,3.204864865,0.06477257636,0.2164864865,0.2590903055
Round-Robin Safe,4,8,11,0.8950142286,0.4199186836,4.01027027,0.1049796709,0.1994594595,0.4199186836
Round-Robin Safe,4,9,0,0.3257577326,1.414897118,12.84945946,0.4042016901,0.08513513514,23.99250881
Round-Robin Safe,4,9,1,0.6871221964,0.6652565043,5.734594595,0.1663141261,0.1645945946,0.6652565043
Round-Robin Safe,4,9,2,0.2523803769,1.798374164,17.00810811,0.4019609281,0.05621621622,23.9969037
Round-Robin Safe,4,9,3,0.1963495047,2.302374716,25.61783784,0.4001153899,0.03621621622,23.99844596
Round-Robin Safe,4,9,4,0.5437054116,0.8671448273,8.291081081,0.2374101919,0.13,1.468579309
Round-Robin Safe,4,9,5,0.2493362779,1.819394726,18.44837838,0.4012502964,0.05108108108,23.99902311
Round-Robin Safe,4,9,6,0.95,0.209506079,2.730810811,0.07757387248,0.3178378378,0.209506079
Round-Robin Safe,4,9,7,0.4363495231,1.076896197,9.273243243,0.2843588066,0.1097297297,1.753792394
Round-Robin Safe,4,9,8,0.95,0.2790122724,3.572432432,0.06975306809,0.2097297297,0.2790122724
Round-Robin Safe,4,9,9,0.6652629851,0.6926602831,6.729189189,0.1731650708,0.1437837838,0.6926602831
Round-Robin Safe,4,9,10,0.95,0.247425482,3.178918919,0.06185637049,0.2181081081,0.247425482
Round-Robin Safe,4,9,11,0.2127973752,2.123503268,26.28054054,0.4000221022,0.0427027027,23.99330742
Round-Robin Safe,4,10,0,0.2210551088,2.045012567,19.51513514,0.4001592157,0.04594594595,23.99991354
Round-Robin Safe,4,10,1,0.5230742899,0.9021077578,8.517567568,0.2738018951,0.1313513514,1.608431031
Round-Robin Safe,4,10,2,0.4621770162,1.019211399,9.621621622,0.2608630257,0.1072972973,1.638422798
Round-Robin Safe,4,10,3,0.8877431859,0.4291816563,3.38027027,0.1570572872,0.3032432432,0.4583633126
Round-Robin Safe,4,10,4,0.3493760462,1.325898395,11.77675676,0.3314745986,0.08459459459,1.325898395
Round-Robin Safe,4,10,5,0.4491418585,1.047619095,9.613513514,0.2619047737,0.1021621622,1.047619095
Round-Robin Safe,4,10,6,0.5565464418,0.8463561798,7.403783784,0.211589045,0.1340540541,0.8463561798
Round-Robin Safe,4,10,7,0.34857734,1.328717478,12.48486486,0.3321793696,0.08081081081,1.328717478
Round-Robin Safe,4,10,8,0.2223217792,2.03354937,21.07945946,0.3995649709,0.04135135135,23.99039221
Round-Robin Safe,4,10,9,0.6900300697,0.6616731043,6.497297297,0.2008267287,0.1856756757,0.9233462087
Round-Robin Safe,4,10,10,0.2104662511,2.146920017,22.95837838,0.399791322,0.03810810811,23.99932792
Round-Robin Safe,4,10,11,0.2177243916,2.075867389,25.0427027,0.4000252563,0.03864864865,23.99660947
Round-Robin Safe,4,11,0,0.95,0.3358641596,3.074054054,0.113013751,0.2875675676,0.3358641596
Round-Robin Safe,4,11,1,0.2935060875,1.559243329,12.81648649,0.4016105114,0.07594594595,17.11332512
Round-Robin Safe,4,11,2,0.6227889451,0.7487311135,6.456756757,0.1871827784,0.1489189189,0.7487311135
Round-Robin Safe,4,11,3,0.4312530983,1.088976442,10.13135135,0.2722441106,0.09540540541,1.088976442
Round-Robin Safe,4,11,4,0.6153269509,0.7590395275,7.083783784,0.1897598819,0.1402702703,0.7590395275
Round-Robin Safe,4,11,5,0.4183303984,1.120756955,12.05243243,0.2801892386,0.09027027027,1.120756955
Round-Robin Safe,4,11,6,0.9434799305,0.3508668233,3.836216216,0.08771670584,0.2048648649,0.3508668233
Round-Robin Safe,4,11,7,0.4987828682,0.9460759936,10.18216216,0.2365189984,0.1102702703,0.9460759936
Round-Robin Safe,4,11,8,0.6260188518,0.7443154627,7.33027027,0.1860788657,0.147027027,0.7443154627
Round-Robin Safe,4,11,9,0.4351735249,1.079661914,9.497837838,0.2699154786,0.1048648649,1.079661914
Round-Robin Safe,4,11,10,0.2492611008,1.819920828,22.90324324,0.401366323,0.04567567568,23.99721622
Round-Robin Safe,4,11,11,0.2092716103,2.159149808,25.48594595,0.4003180455,0.03756756757,23.99802303
Round-Robin Safe,4,12,0,0.2277146089,1.986329388,18.36594595,0.3999501065,0.04621621622,23.99860142
Round-Robin Safe,4,12,1,0.9318683167,0.369039043,3.412432432,0.09225976075,0.2151351351,0.369039043
Round-Robin Safe,4,12,2,0.4490225566,1.047885528,11.39513514,0.2619713821,0.09864864865,1.047885528
Round-Robin Safe,4,12,3,0.364868936,1.273544601,12.13972973,0.3803423742,0.1018918919,2.220633804
Round-Robin Safe,4,12,4,0.3264467419,1.412123145,12.14648649,0.3530307863,0.07891891892,1.412123145
Round-Robin Safe,4,12,5,0.2532754659,1.792296255,22.5227027,0.4020556463,0.04837837838,23.99789017
Round-Robin Safe,4,12,6,0.5108922966,0.9237509324,7.765135135,0.2546556624,0.1316216216,1.447501865
Round-Robin Safe,4,12,7,0.7249468559,0.6195927545,4.895675676,0.1548981886,0.1740540541,0.6195927545
Round-Robin Safe,4,12,8,0.885090931,0.4325165816,4.201621622,0.1081291454,0.1954054054,0.4325165816
Round-Robin Safe,4,12,9,0.3371942215,1.370290719,11.71297297,0.3425726797,0.07891891892,1.370290719
Round-Robin Safe,4,12,10,0.4510893652,1.043286736,10.28702703,0.2608216841,0.1051351351,1.043286736
Round-Robin Safe,4,12,11,0.3770521179,1.235229773,11.32702703,0.3088074432,0.09216216216,1.235229773
Round-Robin Safe,4,13,0,0.931036637,0.3702883284,4.350810811,0.09257208211,0.1956756757,0.3702883284
Round-Robin Safe,4,13,1,0.7159624459,0.6302691506,5.898918919,0.1575672877,0.1559459459,0.6302691506
Round-Robin Safe,4,13,2,0.6775674106,0.6771299559,6.305405405,0.169282489,0.1505405405,0.6771299559
Round-Robin Safe,4,13,3,0.3509019354,1.320546841,12.09135135,0.3301367103,0.07945945946,1.320546841
Round-Robin Safe,4,13,4,0.95,0.2764601871,3.702162162,0.06911504678,0.2121621622,0.2764601871
Round-Robin Safe,4,13,5,0.7562371291,0.5830294735,5.198378378,0.1457573684,0.1708108108,0.5830294735
Round-Robin Safe,4,13,6,0.2357345475,1.920506701,19.73243243,0.3996730161,0.04567567568,23.99871475
Round-Robin Safe,4,13,7,0.5713184825,0.8232731646,8.796216216,0.2058182912,0.1256756757,0.8232731646
Round-Robin Safe,4,13,8,0.95,0.2265612916,3.312972973,0.0566403229,0.2162162162,0.2265612916
Round-Robin Safe,4,13,9,0.8385292043,0.488449848,3.941081081,0.1425745502,0.2264864865,0.5768996961
Round-Robin Safe,4,13,10,0.9458583108,0.3469497415,3.317297297,0.08673743537,0.2156756757,0.3469497415
Round-Robin Safe,4,13,11,0.3749843981,1.241568686,10.54216216,0.3103921715,0.08702702703,1.241568686
Round-Robin Safe,4,14,0,0.3969158517,1.177446822,10.28486486,0.3131372088,0.09675675676,1.954893643
Round-Robin Safe,4,14,1,0.64914127,0.7134614509,6.94972973,0.1783653627,0.1502702703,0.7134614509
Round-Robin Safe,4,14,2,0.685168137,0.6676722331,7.036216216,0.1669180583,0.1478378378,0.6676722331
Round-Robin Safe,4,14,3,0.2123384503,2.128067317,24.18216216,0.4003067169,0.03837837838,23.9997275
Round-Robin Safe,4,14,4,0.8391928019,0.4876767217,4.471891892,0.1219191804,0.1878378378,0.4876767217
Round-Robin Safe,4,14,5,0.2547057577,1.782678959,15.65783784,0.4023072786,0.05513513514,23.99513054
Round-Robin Safe,4,14,6,0.6450583303,0.7188179662,6.548108108,0.2375984791,0.1835135135,1.037635932
Round-Robin Safe,4,14,7,0.3536782427,1.310923092,11.84243243,0.3351711473,0.08513513514,2.332769276
Round-Robin Safe,4,14,8,0.3495021855,1.325454306,12.47837838,0.3313635766,0.08486486486,1.325454306
Round-Robin Safe,4,14,9,0.2638904463,1.723560971,14.83837838,0.4034064326,0.06486486486,23.99829016
Round-Robin Safe,4,14,10,0.8142278578,0.5165166625,4.69027027,0.1291291656,0.1845945946,0.5165166625
Round-Robin Safe,4,14,11,0.4332858251,1.084128614,9.658918919,0.2710321536,0.09918918919,1.084128614
Round-Robin Safe,4,15,0,0.95,0.2609434761,3.079459459,0.06523586902,0.2224324324,0.2609434761
Round-Robin Safe,4,15,1,0.6682774533,0.6888292002,5.903243243,0.1722073001,0.16,0.6888292002
Round-Robin Safe,4,15,2,0.3936552323,1.186565108,10.61675676,0.2966412769,0.0927027027,1.186565108
Round-Robin Safe,4,15,3,0.8783623152,0.4408835581,4.119459459,0.1102208895,0.2048648649,0.4408835581
Round-Robin Safe,4,15,4,0.2542081145,1.786011998,16.69243243,0.4020940526,0.05756756757,23.99554779
Round-Robin Safe,4,15,5,0.6112416568,0.7647485898,6.844864865,0.1911871475,0.1481081081,0.7647485898
Round-Robin Safe,4,15,6,0.1961261937,2.305041448,26.81324324,0.3999558404,0.03594594595,23.99793569
Round-Robin Safe,4,15,7,0.2603661895,1.74572184,18.43594595,0.4029314732,0.05783783784,23.99834968
Round-Robin Safe,4,15,8,0.4858854259,0.9708198352,8.242972973,0.2458535637,0.1208108108,1.54163967
Round-Robin Safe,4,15,9,0.9440218225,0.349980936,2.886486486,0.1246688848,0.3056756757,0.349980936
Round-Robin Safe,4,15,10,0.777121657,0.5589976316,5.182972973,0.145943706,0.1808108108,0.7179952632
Round-Robin Safe,4,15,11,0.6438927182,0.7203540735,7.18972973,0.1800885184,0.1402702703,0.7203540735
Round-Robin Safe,4,16,0,0.3932789834,1.187626136,9.264324324,0.4057187665,0.1243243243,23.99331559
Round-Robin Safe,4,16,1,0.7735119064,0.5631378354,5.778648649,0.146720236,0.1724324324,0.7262756708
Round-Robin Safe,4,16,2,0.901603995,0.4113518347,4.074054054,0.1028379587,0.2002702703,0.4113518347
Round-Robin Safe,4,16,3,0.8416273572,0.4848363331,4.128918919,0.1256643361,0.1962162162,0.5696726663
Round-Robin Safe,4,16,4,0.2260479039,2.00065631,19.05891892,0.3995905441,0.04621621622,23.99838024
Round-Robin Safe,4,16,5,0.7045979448,0.6439160289,5.007027027,0.1609790072,0.1724324324,0.6439160289
Round-Robin Safe,4,16,6,0.6624829137,0.6962092138,6.021891892,0.2090509288,0.1797297297,0.9924184276
Round-Robin Safe,4,16,7,0.1982197585,2.280313362,28.47405405,0.3999792897,0.03513513514,23.99979694
Round-Robin Safe,4,16,8,0.7522839954,0.5876051337,5.213513514,0.1469012834,0.1759459459,0.5876051337
Round-Robin Safe,4,16,9,0.3841282698,1.214015836,8.778918919,0.394062978,0.1205405405,2.154174193
Round-Robin Safe,4,16,10,0.2247729528,2.011774821,22.67189189,0.4001800724,0.04162162162,23.99613493
Round-Robin Safe,4,16,11,0.2144342016,2.107404393,20.14,0.3998372659,0.04216216216,23.99869766
Round-Robin Safe,4,17,0,0.6058267012,0.772389876,6.208108108,0.2791041255,0.1997297297,1.144779752
Round-Robin Safe,4,17,1,0.4606290406,1.022513998,8.316216216,0.2556284995,0.1105405405,1.022513998
Round-Robin Safe,4,17,2,0.8627452041,0.4598691245,3.849189189,0.1149672811,0.2005405405,0.4598691245
Round-Robin Safe,4,17,3,0.95,0.2139841101,3.390810811,0.05349602753,0.2121621622,0.2139841101
Round-Robin Safe,4,17,4,0.8920394043,0.4237308779,4.182162162,0.1059327195,0.1935135135,0.4237308779
Round-Robin Safe,4,17,5,0.9329954481,0.3673358894,3.676216216,0.09183397234,0.2113513514,0.3673358894
Round-Robin Safe,4,17,6,0.2434414901,1.861711545,19.05135135,0.4005195648,0.04945945946,23.99535162
Round-Robin Safe,4,17,7,0.2237143759,2.021113381,22.34432432,0.3998527013,0.0427027027,23.96402455
Round-Robin Safe,4,17,8,0.7874097494,0.5472165522,5.315135135,0.1368041381,0.1775675676,0.5472165522
Round-Robin Safe,4,17,9,0.2072792387,2.179902851,28.30459459,0.4000416314,0.0327027027,23.99969594
Round-Robin Safe,4,17,10,0.95,0.241873434,3.172432432,0.06994718226,0.2486486486,0.241873434
Round-Robin Safe,4,17,11,0.5223938409,0.9032962107,7.898918919,0.2285095279,0.1232432432,1.406592421
Round-Robin Safe,4,18,0,0.95,0.2641897105,3.408108108,0.06604742761,0.2140540541,0.2641897105
Round-Robin Safe,4,18,1,0.2298402862,1.968390267,20.49351351,0.4000620219,0.04648648649,23.99845627
Round-Robin Safe,4,18,2,0.2514208534,1.804941085,16.92594595,0.4014774359,0.0527027027,23.99878269
Round-Robin Safe,4,18,3,0.95,0.3377909827,3.055675676,0.107727935,0.2705405405,0.3377909827
Round-Robin Safe,4,18,4,0.8064515181,0.5254308787,4.844324324,0.1341978866,0.1886486486,0.6508617574
Round-Robin Safe,4,18,5,0.2889292384,1.582364629,13.17459459,0.3955911572,0.07405405405,1.582364629
Round-Robin Safe,4,18,6,0.86964094,0.451552802,4.378918919,0.1128882005,0.1954054054,0.451552802
Round-Robin Safe,4,18,7,0.95,0.2372894534,3.399459459,0.05932236334,0.2148648649,0.2372894534
Round-Robin Safe,4,18,8,0.4229897239,1.10910177,10.3227027,0.2772754426,0.1005405405,1.10910177
Round-Robin Safe,4,18,9,0.9113191376,0.3983676074,3.485945946,0.09959190186,0.2140540541,0.3983676074
Round-Robin Safe,4,18,10,0.93510967,0.3641087485,3.927027027,0.09102718712,0.2045945946,0.3641087485
Round-Robin Safe,4,18,11,0.8418183031,0.4846132827,4.562702703,0.1211533207,0.1943243243,0.4846132827
Round-Robin Safe,4,19,0,0.8339118425,0.4938172966,4.791891892,0.1234543241,0.187027027,0.4938172966
Round-Robin Safe,4,19,1,0.4218873338,1.111838862,9.635135135,0.2779597156,0.1035135135,1.111838862
Round-Robin Safe,4,19,2,0.3658373363,1.270411673,11.13135135,0.3176029182,0.08783783784,1.270411673
Round-Robin Safe,4,19,3,0.3670076204,1.266646367,11.67081081,0.3166615919,0.08702702703,1.266646367
Round-Robin Safe,4,19,4,0.481511622,0.9794527448,8.891351351,0.2448631862,0.1181081081,0.9794527448
Round-Robin Safe,4,19,5,0.1930715746,2.342239302,24.84594595,0.4000797943,0.03540540541,23.99778581
Round-Robin Safe,4,19,6,0.2120595117,2.1308523,23.97702703,0.4002546887,0.03648648649,23.99973332
Round-Robin Safe,4,19,7,0.3057773787,1.500722279,11.9272973,0.4039782134,0.08108108108,23.97348937
Round-Robin Safe,4,19,8,0.5446939528,0.8655191693,7.920810811,0.2168476405,0.1286486486,1.331038339
Round-Robin Safe,4,19,9,0.4653449839,1.012509865,7.657837838,0.3705238802,0.1654054054,2.150118376
Round-Robin Safe,4,19,10,0.3623629999,1.281724896,11.32162162,0.3277058788,0.08567567568,2.253799166
Round-Robin Safe,4,19,11,0.8770434254,0.4425090154,3.866486486,0.1106272539,0.2045945946,0.4425090154
Round-Robin Safe,8,0,0,0.95,0.3369544871,3.083783784,0.1059129915,0.2681081081,0.3369544871
Round-Robin Safe,8,0,1,0.2315765095,1.95400716,18.23540541,0.4003074127,0.04972972973,23.99730057
Round-Robin Safe,8,0,2,0.95,0.2191119648,3.822162162,0.05513330789,0.2094594595,0.2191119648
Round-Robin Safe,8,0,3,0.8081176242,0.5235225351,4.504324324,0.1560663125,0.22,0.6470450703
Round-Robin Safe,8,0,4,0.6281327393,0.7414402559,7.377837838,0.185360064,0.1381081081,0.7414402559
Round-Robin Safe,8,0,5,0.795200025,0.5383055036,5.124864865,0.1345763759,0.1789189189,0.5383055036
Round-Robin Safe,8,0,6,0.3394136806,1.361973486,12.64918919,0.3404933716,0.07783783784,1.361973486
Round-Robin Safe,8,0,7,0.9476946562,0.3438720469,3.572432432,0.08596801172,0.2124324324,0.3438720469
Round-Robin Safe,8,0,8,0.5005847781,0.9427001774,9.17027027,0.2356750444,0.1121621622,0.9427001774
Round-Robin Safe,8,0,9,0.95,0.2738400263,3.118378378,0.06846000657,0.2202702703,0.2738400263
Round-Robin Safe,8,0,10,0.23436609,1.931388168,17.98432432,0.4003715473,0.04648648649,23.99894398
Round-Robin Safe,8,0,11,0.2528380647,1.795260579,15.37567568,0.4017502053,0.05945945946,23.9999288
Round-Robin Safe,8,1,0,0.5605092249,0.8400796556,8.883783784,0.2468017799,0.1316216216,1.280159311
Round-Robin Safe,8,1,1,0.2181252996,2.072097608,23.48162162,0.3998588358,0.04054054054,23.99795411
Round-Robin Safe,8,1,2,0.2316669551,1.953264399,23.66324324,0.4001552471,0.04459459459,23.99296661
Round-Robin Safe,8,1,3,0.3707979081,1.254604531,11.59216216,0.4048642729,0.1064864865,23.99131147
Round-Robin Safe,8,1,4,0.95,0.2976063768,3.134324324,0.07786026289,0.2272972973,0.2976063768
Round-Robin Safe,8,1,5,0.95,0.2276934429,3.191891892,0.05692336074,0.2202702703,0.2276934429
Round-Robin Safe,8,1,6,0.2020086086,2.237061952,25.17864865,0.400252706,0.03324324324,23.99876388
Round-Robin Safe,8,1,7,0.95,0.2579608484,3.172702703,0.0665120674,0.2237837838,0.2579608484
Round-Robin Safe,8,1,8,0.325972712,1.414030367,13.77567568,0.3535075917,0.07405405405,1.414030367
Round-Robin Safe,8,1,9,0.8362721814,0.4910760745,5.029459459,0.1625859976,0.2394594595,0.5821521491
Round-Robin Safe,8,1,10,0.2993435181,1.530799061,13.5,0.3826997651,0.06756756757,1.530799061
Round-Robin Safe,8,1,11,0.2334007936,1.939147999,21.1227027,0.399883763,0.04297297297,23.99834749
Round-Robin Safe,8,2,0,0.2983974043,1.535332493,13.91378378,0.4004313123,0.06972972973,23.99949569
Round-Robin Safe,8,2,1,0.4720337023,0.9986066978,7.185675676,0.2634162532,0.1318918919,1.994426791
Round-Robin Safe,8,2,2,0.7619171253,0.5764720931,4.951891892,0.1441180233,0.1794594595,0.5764720931
Round-Robin Safe,8,2,3,0.95,0.328976203,3.068378378,0.1063393348,0.2732432432,0.328976203
Round-Robin Safe,8,2,4,0.6042558466,0.7746227687,7.720540541,0.1936556922,0.1335135135,0.7746227687
Round-Robin Safe,8,2,5,0.7527600943,0.5870535051,5.62972973,0.1467633763,0.1705405405,0.5870535051
Round-Robin Safe,8,2,6,0.6803453125,0.6736618433,5.728108108,0.1684154608,0.1597297297,0.6736618433
Round-Robin Safe,8,2,7,0.2438339011,1.858825842,18.94324324,0.4004011341,0.0472972973,23.97844326
Round-Robin Safe,8,2,8,0.7053294905,0.6430324214,6.195135135,0.1607581054,0.1545945946,0.6430324214
Round-Robin Safe,8,2,9,0.1925045361,2.34929577,31.99216216,0.4000152257,0.03216216216,23.99999867
Round-Robin Safe,8,2,10,0.95,0.2710575607,3.46972973,0.07223317698,0.2254054054,0.2710575607
Round-Robin Safe,8,2,11,0.2931742638,1.560894842,13.59837838,0.3902237104,0.07162162162,1.560894842
Round-Robin Safe,8,3,0,0.2469621281,1.836175919,15.54486486,0.4009811195,0.05702702703,23.99755978
Round-Robin Safe,8,3,1,0.8215561338,0.5080937316,4.825945946,0.1285339818,0.1856756757,0.6161874631
Round-Robin Safe,8,3,2,0.8932287906,0.4222105672,3.520540541,0.1055526418,0.2086486486,0.4222105672
Round-Robin Safe,8,3,3,0.3220866759,1.429873819,10.64540541,0.4050020979,0.09162162162,23.9952698
Round-Robin Safe,8,3,4,0.225348274,2.006740312,18.82432432,0.4002633378,0.04702702703,23.99910185
Round-Robin Safe,8,3,5,0.2465631425,1.839030251,19.92702703,0.4011074087,0.05189189189,23.99947619
Round-Robin Safe,8,3,6,0.4834834838,0.9755450403,8.030810811,0.3224571849,0.1581081081,2.253270242
Round-Robin Safe,8,3,7,0.2778755806,1.641436133,13.91756757,0.4050354565,0.06540540541,23.99811219
Round-Robin Safe,8,3,8,0.2645088005,1.719737046,15.22486486,0.4034410151,0.06054054054,23.99755628
Round-Robin Safe,8,3,9,0.3014458345,1.520828652,14.17648649,0.4032251102,0.07405405405,23.98162938
Round-Robin Safe,8,3,10,0.9387067142,0.3585144156,3.613243243,0.08991929127,0.2083783784,0.3585144156
Round-Robin Safe,8,3,11,0.2969367479,1.542388958,13.33351351,0.3855972396,0.07027027027,1.542388958
Round-Robin Safe,8,4,0,0.662118963,0.6966749552,6.443783784,0.1741687388,0.1481081081,0.6966749552
Round-Robin Safe,8,4,1,0.6741961796,0.6813572012,6.331351351,0.1703393003,0.1540540541,0.6813572012
Round-Robin Safe,8,4,2,0.3640876,1.27608378,9.795135135,0.3190209451,0.0927027027,1.27608378
Round-Robin Safe,8,4,3,0.2460798207,1.842501298,16.79189189,0.4008685256,0.05486486486,23.99828776
Round-Robin Safe,8,4,4,0.2372011855,1.908996959,24.93783784,0.3998574711,0.04513513514,23.99714193
Round-Robin Safe,8,4,5,0.4128728207,1.13470463,10.52162162,0.2836761576,0.09675675676,1.13470463
Round-Robin Safe,8,4,6,0.5024050881,0.9393093506,9.472432432,0.2985480531,0.1405405405,1.757237402
Round-Robin Safe,8,4,7,0.4159209977,1.126874486,9.497567568,0.2875052743,0.1008108108,1.853748972
Round-Robin Safe,8,4,8,0.2309431598,1.959226317,19.33243243,0.4003175935,0.04783783784,23.99830627
Round-Robin Safe,8,4,9,0.4380235493,1.072981387,9.407297297,0.3172544967,0.11,1.745962775
Round-Robin Safe,8,4,10,0.7287104513,0.6151471375,5.888108108,0.1537867844,0.162972973,0.6151471375
Round-Robin Safe,8,4,11,0.5641011845,0.8344446437,7.055675676,0.2086111609,0.1362162162,0.8344446437
Round-Robin Safe,8,5,0,0.9411489522,0.3546353857,3.387297297,0.1018857878,0.2413513514,0.3546353857
Round-Robin Safe,8,5,1,0.4821824971,0.9781203331,8.828108108,0.2453231538,0.1159459459,1.556240666
Round-Robin Safe,8,5,2,0.3825098869,1.218803669,10.92378378,0.3047009173,0.09081081081,1.218803669
Round-Robin Safe,8,5,3,0.7544254172,0.5851252029,4.977837838,0.1462813007,0.1762162162,0.5851252029
Round-Robin Safe,8,5,4,0.3523107703,1.315645181,10.99405405,0.3289112952,0.08405405405,1.315645181
Round-Robin Safe,8,5,5,0.8677360717,0.4538598372,4.458918919,0.1134649593,0.1935135135,0.4538598372
Round-Robin Safe,8,5,6,0.95,0.2241414152,3.507567568,0.05603535381,0.2102702703,0.2241414152
Round-Robin Safe,8,5,7,0.2189202535,2.064668323,23.15297297,0.4000992398,0.04108108108,23.99921978
Round-Robin Safe,8,5,8,0.8265150398,0.5023771293,4.666486486,0.1255942823,0.1840540541,0.5023771293
Round-Robin Safe,8,5,9,0.3376263363,1.368663091,11.02972973,0.4050502933,0.09162162162,23.95742963
Round-Robin Safe,8,5,10,0.2625732011,1.731770293,16.11621622,0.4029876276,0.06027027027,23.98599253
Round-Robin Safe,8,5,11,0.2699141276,1.687095206,15.38,0.403990906,0.05891891892,23.99922197
Round-Robin Safe,8,6,0,0.6600953202,0.6992694381,6.785405405,0.1748173595,0.1475675676,0.6992694381
Round-Robin Safe,8,6,1,0.4082536129,1.146768836,11.64594595,0.2866922091,0.09216216216,1.146768836
Round-Robin Safe,8,6,2,0.95,0.2551559305,3.421081081,0.06378898263,0.212972973,0.2551559305
Round-Robin Safe,8,6,3,0.8542797728,0.4699577518,4.657837838,0.1174894379,0.1881081081,0.4699577518
Round-Robin Safe,8,6,4,0.5796663152,0.8105930222,7.762702703,0.2026482556,0.1267567568,0.8105930222
Round-Robin Safe,8,6,5,0.95,0.2156180293,3.200540541,0.05390450732,0.2175675676,0.2156180293
Round-Robin Safe,8,6,6,0.7238759829,0.6208604762,5.427567568,0.1552151191,0.1662162162,0.6208604762
Round-Robin Safe,8,6,7,0.298421524,1.535216558,14.99513514,0.3838041396,0.06432432432,1.535216558
Round-Robin Safe,8,6,8,0.95,0.2628816135,3.26972973,0.06572040337,0.2137837838,0.2628816135
Round-Robin Safe,8,6,9,0.3698913443,1.257463669,12.41027027,0.3143659172,0.07891891892,1.257463669
Round-Robin Safe,8,6,10,0.95,0.2571157349,3.364864865,0.06427893372,0.2159459459,0.2571157349
Round-Robin Safe,8,6,11,0.5870736138,0.7995478023,6.975675676,0.1998869506,0.1416216216,0.7995478023
Round-Robin Safe,8,7,0,0.95,0.2129344738,3.382162162,0.05323361846,0.2145945946,0.2129344738
Round-Robin Safe,8,7,1,0.8194645516,0.5105004868,4.247027027,0.1276251217,0.1908108108,0.5105004868
Round-Robin Safe,8,7,2,0.5139536145,0.9182376412,9.310810811,0.2295594103,0.1143243243,0.9182376412
Round-Robin Safe,8,7,3,0.1957148488,2.309972111,33.10972973,0.4001870602,0.02783783784,23.99686409
Round-Robin Safe,8,7,4,0.2668165055,1.705631049,17.00486486,0.4038196754,0.05675675676,23.99999021
Round-Robin Safe,8,7,5,0.95,0.2143947682,3.546486486,0.05359869205,0.2121621622,0.2143947682
Round-Robin Safe,8,7,6,0.9166527097,0.3910280632,3.594054054,0.1311529261,0.2724324324,0.3910280632
Round-Robin Safe,8,7,7,0.2817874583,1.619983796,14.54540541,0.4054337825,0.06810810811,23.99222217
Round-Robin Safe,8,7,8,0.4060368001,1.152645744,9.781621622,0.2890960136,0.09648648649,1.905291488
Round-Robin Safe,8,7,9,0.95,0.2643493157,3.462972973,0.06701612381,0.2164864865,0.2643493157
Round-Robin Safe,8,7,10,0.95,0.2202876177,3.477297297,0.05507190443,0.2156756757,0.2202876177
Round-Robin Safe,8,7,11,0.8957240492,0.4190042049,4.311891892,0.1047510512,0.1943243243,0.4190042049
Round-Robin Safe,8,8,0,0.924502767,0.3798996382,3.875945946,0.0970284211,0.21,0.3798996382
Round-Robin Safe,8,8,1,0.7675714746,0.5699618165,5.955135135,0.1424904541,0.1640540541,0.5699618165
Round-Robin Safe,8,8,2,0.2938168902,1.557699888,13.86,0.3894249721,0.06567567568,1.557699888
Round-Robin Safe,8,8,3,0.223720696,2.021057334,18.74756757,0.3998416131,0.04675675676,23.91952334
Round-Robin Safe,8,8,4,0.8564804989,0.4673466129,4.108648649,0.1168366532,0.1972972973,0.4673466129
Round-Robin Safe,8,8,5,0.95,0.2347890628,3.377837838,0.05869726571,0.2164864865,0.2347890628
Round-Robin Safe,8,8,6,0.4732619221,0.9960890923,8.902702703,0.3009804338,0.1308108108,1.592178185
Round-Robin Safe,8,8,7,0.198994158,2.271318822,26.35513514,0.4002432086,0.03675675676,23.9985915
Round-Robin Safe,8,8,8,0.3554966144,1.304697623,11.75405405,0.3261744057,0.08405405405,1.304697623
Round-Robin Safe,8,8,9,0.365156396,1.272612991,10.60783784,0.4051724602,0.1113513514,23.96653721
Round-Robin Safe,8,8,10,0.95,0.2590903055,3.204864865,0.06477257636,0.2164864865,0.2590903055
Round-Robin Safe,8,8,11,0.8950142286,0.4199186836,4.01027027,0.1049796709,0.1994594595,0.4199186836
Round-Robin Safe,8,9,0,0.3257577326,1.414897118,12.84945946,0.4042016901,0.08513513514,23.99250881
Round-Robin Safe,8,9,1,0.6871221964,0.6652565043,5.734594595,0.1663141261,0.1645945946,0.6652565043
Round-Robin Safe,8,9,2,0.2523803769,1.798374164,17.00810811,0.4019609281,0.05621621622,23.9969037
Round-Robin Safe,8,9,3,0.1963495047,2.302374716,25.61783784,0.4001153899,0.03621621622,23.99844596
Round-Robin Safe,8,9,4,0.5437054116,0.8671448273,8.291081081,0.2374101919,0.13,1.468579309
Round-Robin Safe,8,9,5,0.2493362779,1.819394726,18.44837838,0.4012502964,0.05108108108,23.99902311
Round-Robin Safe,8,9,6,0.95,0.209506079,2.730810811,0.07757387248,0.3178378378,0.209506079
Round-Robin Safe,8,9,7,0.4363495231,1.076896197,9.273243243,0.2843588066,0.1097297297,1.753792394
Round-Robin Safe,8,9,8,0.95,0.2790122724,3.572432432,0.06975306809,0.2097297297,0.2790122724
Round-Robin Safe,8,9,9,0.6652629851,0.6926602831,6.729189189,0.1731650708,0.1437837838,0.6926602831
Round-Robin Safe,8,9,10,0.95,0.247425482,3.178918919,0.06185637049,0.2181081081,0.247425482
Round-Robin Safe,8,9,11,0.2127973752,2.123503268,26.28054054,0.4000221022,0.0427027027,23.99330742
Round-Robin Safe,8,10,0,0.2210551088,2.045012567,19.51513514,0.4001592157,0.04594594595,23.99991354
Round-Robin Safe,8,10,1,0.5230742899,0.9021077578,8.517567568,0.2738018951,0.1313513514,1.608431031
Round-Robin Safe,8,10,2,0.4621770162,1.019211399,9.621621622,0.2608630257,0.1072972973,1.638422798
Round-Robin Safe,8,10,3,0.8877431859,0.4291816563,3.38027027,0.1570572872,0.3032432432,0.4583633126
Round-Robin Safe,8,10,4,0.3493760462,1.325898395,11.77675676,0.3314745986,0.08459459459,1.325898395
Round-Robin Safe,8,10,5,0.4491418585,1.047619095,9.613513514,0.2619047737,0.1021621622,1.047619095
Round-Robin Safe,8,10,6,0.5565464418,0.8463561798,7.403783784,0.211589045,0.1340540541,0.8463561798
Round-Robin Safe,8,10,7,0.34857734,1.328717478,12.48486486,0.3321793696,0.08081081081,1.328717478
Round-Robin Safe,8,10,8,0.2223217792,2.03354937,21.07945946,0.3995649709,0.04135135135,23.99039221
Round-Robin Safe,8,10,9,0.6900300697,0.6616731043,6.497297297,0.2008267287,0.1856756757,0.9233462087
Round-Robin Safe,8,10,10,0.2104662511,2.146920017,22.95837838,0.399791322,0.03810810811,23.99932792
Round-Robin Safe,8,10,11,0.2177243916,2.075867389,25.0427027,0.4000252563,0.03864864865,23.99660947
Round-Robin Safe,8,11,0,0.95,0.3358641596,3.074054054,0.113013751,0.2875675676,0.3358641596
Round-Robin Safe,8,11,1,0.2935060875,1.559243329,12.81648649,0.4016105114,0.07594594595,17.11332512
Round-Robin Safe,8,11,2,0.6227889451,0.7487311135,6.456756757,0.1871827784,0.1489189189,0.7487311135
Round-Robin Safe,8,11,3,0.4312530983,1.088976442,10.13135135,0.2722441106,0.09540540541,1.088976442
Round-Robin Safe,8,11,4,0.6153269509,0.7590395275,7.083783784,0.1897598819,0.1402702703,0.7590395275
Round-Robin Safe,8,11,5,0.4183303984,1.120756955,12.05243243,0.2801892386,0.09027027027,1.120756955
Round-Robin Safe,8,11,6,0.9434799305,0.3508668233,3.836216216,0.08771670584,0.2048648649,0.3508668233
Round-Robin Safe,8,11,7,0.4987828682,0.9460759936,10.18216216,0.2365189984,0.1102702703,0.9460759936
Round-Robin Safe,8,11,8,0.6260188518,0.7443154627,7.33027027,0.1860788657,0.147027027,0.7443154627
Round-Robin Safe,8,11,9,0.4351735249,1.079661914,9.497837838,0.2699154786,0.1048648649,1.079661914
Round-Robin Safe,8,11,10,0.2492611008,1.819920828,22.90324324,0.401366323,0.04567567568,23.99721622
Round-Robin Safe,8,11,11,0.2092716103,2.159149808,25.48594595,0.4003180455,0.03756756757,23.99802303
Round-Robin Safe,8,12,0,0.2277146089,1.986329388,18.36594595,0.3999501065,0.04621621622,23.99860142
Round-Robin Safe,8,12,1,0.9318683167,0.369039043,3.412432432,0.09225976075,0.2151351351,0.369039043
Round-Robin Safe,8,12,2,0.4490225566,1.047885528,11.39513514,0.2619713821,0.09864864865,1.047885528
Round-Robin Safe,8,12,3,0.364868936,1.273544601,12.13972973,0.3803423742,0.1018918919,2.220633804
Round-Robin Safe,8,12,4,0.3264467419,1.412123145,12.14648649,0.3530307863,0.07891891892,1.412123145
Round-Robin Safe,8,12,5,0.2532754659,1.792296255,22.5227027,0.4020556463,0.04837837838,23.99789017
Round-Robin Safe,8,12,6,0.5108922966,0.9237509324,7.765135135,0.2546556624,0.1316216216,1.447501865
Round-Robin Safe,8,12,7,0.7249468559,0.6195927545,4.895675676,0.1548981886,0.1740540541,0.6195927545
Round-Robin Safe,8,12,8,0.885090931,0.4325165816,4.201621622,0.1081291454,0.1954054054,0.4325165816
Round-Robin Safe,8,12,9,0.3371942215,1.370290719,11.71297297,0.3425726797,0.07891891892,1.370290719
Round-Robin Safe,8,12,10,0.4510893652,1.043286736,10.28702703,0.2608216841,0.1051351351,1.043286736
Round-Robin Safe,8,12,11,0.3770521179,1.235229773,11.32702703,0.3088074432,0.09216216216,1.235229773
Round-Robin Safe,8,13,0,0.931036637,0.3702883284,4.350810811,0.09257208211,0.1956756757,0.3702883284
Round-Robin Safe,8,13,1,0.7159624459,0.6302691506,5.898918919,0.1575672877,0.1559459459,0.6302691506
Round-Robin Safe,8,13,2,0.6775674106,0.6771299559,6.305405405,0.169282489,0.1505405405,0.6771299559
Round-Robin Safe,8,13,3,0.3509019354,1.320546841,12.09135135,0.3301367103,0.07945945946,1.320546841
Round-Robin Safe,8,13,4,0.95,0.2764601871,3.702162162,0.06911504678,0.2121621622,0.2764601871
Round-Robin Safe,8,13,5,0.7562371291,0.5830294735,5.198378378,0.1457573684,0.1708108108,0.5830294735
Round-Robin Safe,8,13,6,0.2357345475,1.920506701,19.73243243,0.3996730161,0.04567567568,23.99871475
Round-Robin Safe,8,13,7,0.5713184825,0.8232731646,8.796216216,0.2058182912,0.1256756757,0.8232731646
Round-Robin Safe,8,13,8,0.95,0.2265612916,3.312972973,0.0566403229,0.2162162162,0.2265612916
Round-Robin Safe,8,13,9,0.8385292043,0.488449848,3.941081081,0.1425745502,0.2264864865,0.5768996961
Round-Robin Safe,8,13,10,0.9458583108,0.3469497415,3.317297297,0.08673743537,0.2156756757,0.3469497415
Round-Robin Safe,8,13,11,0.3749843981,1.241568686,10.54216216,0.3103921715,0.08702702703,1.241568686
Round-Robin Safe,8,14,0,0.3969158517,1.177446822,10.28486486,0.3131372088,0.09675675676,1.954893643
Round-Robin Safe,8,14,1,0.64914127,0.7134614509,6.94972973,0.1783653627,0.1502702703,0.7134614509
Round-Robin Safe,8,14,2,0.685168137,0.6676722331,7.036216216,0.1669180583,0.1478378378,0.6676722331
Round-Robin Safe,8,14,3,0.2123384503,2.128067317,24.18216216,0.4003067169,0.03837837838,23.9997275
Round-Robin Safe,8,14,4,0.8391928019,0.4876767217,4.471891892,0.1219191804,0.1878378378,0.4876767217
Round-Robin Safe,8,14,5,0.2547057577,1.782678959,15.65783784,0.4023072786,0.05513513514,23.99513054
Round-Robin Safe,8,14,6,0.6450583303,0.7188179662,6.548108108,0.2375984791,0.1835135135,1.037635932
Round-Robin Safe,8,14,7,0.3536782427,1.310923092,11.84243243,0.3351711473,0.08513513514,2.332769276
Round-Robin Safe,8,14,8,0.3495021855,1.325454306,12.47837838,0.3313635766,0.08486486486,1.325454306
Round-Robin Safe,8,14,9,0.2638904463,1.723560971,14.83837838,0.4034064326,0.06486486486,23.99829016
Round-Robin Safe,8,14,10,0.8142278578,0.5165166625,4.69027027,0.1291291656,0.1845945946,0.5165166625
Round-Robin Safe,8,14,11,0.4332858251,1.084128614,9.658918919,0.2710321536,0.09918918919,1.084128614
Round-Robin Safe,8,15,0,0.95,0.2609434761,3.079459459,0.06523586902,0.2224324324,0.2609434761
Round-Robin Safe,8,15,1,0.6682774533,0.6888292002,5.903243243,0.1722073001,0.16,0.6888292002
Round-Robin Safe,8,15,2,0.3936552323,1.186565108,10.61675676,0.2966412769,0.0927027027,1.186565108
Round-Robin Safe,8,15,3,0.8783623152,0.4408835581,4.119459459,0.1102208895,0.2048648649,0.4408835581
Round-Robin Safe,8,15,4,0.2542081145,1.786011998,16.69243243,0.4020940526,0.05756756757,23.99554779
Round-Robin Safe,8,15,5,0.6112416568,0.7647485898,6.844864865,0.1911871475,0.1481081081,0.7647485898
Round-Robin Safe,8,15,6,0.1961261937,2.305041448,26.81324324,0.3999558404,0.03594594595,23.99793569
Round-Robin Safe,8,15,7,0.2603661895,1.74572184,18.43594595,0.4029314732,0.05783783784,23.99834968
Round-Robin Safe,8,15,8,0.4858854259,0.9708198352,8.242972973,0.2458535637,0.1208108108,1.54163967
Round-Robin Safe,8,15,9,0.9440218225,0.349980936,2.886486486,0.1246688848,0.3056756757,0.349980936
Round-Robin Safe,8,15,10,0.777121657,0.5589976316,5.182972973,0.145943706,0.1808108108,0.7179952632
Round-Robin Safe,8,15,11,0.6438927182,0.7203540735,7.18972973,0.1800885184,0.1402702703,0.7203540735
Round-Robin Safe,8,16,0,0.3932789834,1.187626136,9.264324324,0.4057187665,0.1243243243,23.99331559
Round-Robin Safe,8,16,1,0.7735119064,0.5631378354,5.778648649,0.146720236,0.1724324324,0.7262756708
Round-Robin Safe,8,16,2,0.901603995,0.4113518347,4.074054054,0.1028379587,0.2002702703,0.4113518347
Round-Robin Safe,8,16,3,0.8416273572,0.4848363331,4.128918919,0.1256643361,0.1962162162,0.5696726663
Round-Robin Safe,8,16,4,0.2260479039,2.00065631,19.05891892,0.3995905441,0.04621621622,23.99838024
Round-Robin Safe,8,16,5,0.7045979448,0.6439160289,5.007027027,0.1609790072,0.1724324324,0.6439160289
Round-Robin Safe,8,16,6,0.6624829137,0.6962092138,6.021891892,0.2090509288,0.1797297297,0.9924184276
Round-Robin Safe,8,16,7,0.1982197585,2.280313362,28.47405405,0.3999792897,0.03513513514,23.99979694
Round-Robin Safe,8,16,8,0.7522839954,0.5876051337,5.213513514,0.1469012834,0.1759459459,0.5876051337
Round-Robin Safe,8,16,9,0.3841282698,1.214015836,8.778918919,0.394062978,0.1205405405,2.154174193
Round-Robin Safe,8,16,10,0.2247729528,2.011774821,22.67189189,0.4001800724,0.04162162162,23.99613493
Round-Robin Safe,8,16,11,0.2144342016,2.107404393,20.14,0.3998372659,0.04216216216,23.99869766
Round-Robin Safe,8,17,0,0.6058267012,0.772389876,6.208108108,0.2791041255,0.1997297297,1.144779752
Round-Robin Safe,8,17,1,0.4606290406,1.022513998,8.316216216,0.2556284995,0.1105405405,1.022513998
Round-Robin Safe,8,17,2,0.8627452041,0.4598691245,3.849189189,0.1149672811,0.2005405405,0.4598691245
Round-Robin Safe,8,17,3,0.95,0.2139841101,3.390810811,0.05349602753,0.2121621622,0.2139841101
Round-Robin Safe,8,17,4,0.8920394043,0.4237308779,4.182162162,0.1059327195,0.1935135135,0.4237308779
Round-Robin Safe,8,17,5,0.9329954481,0.3673358894,3.676216216,0.09183397234,0.2113513514,0.3673358894
Round-Robin Safe,8,17,6,0.2434414901,1.861711545,19.05135135,0.4005195648,0.04945945946,23.99535162
Round-Robin Safe,8,17,7,0.2237143759,2.021113381,22.34432432,0.3998527013,0.0427027027,23.96402455
Round-Robin Safe,8,17,8,0.7874097494,0.5472165522,5.315135135,0.1368041381,0.1775675676,0.5472165522
Round-Robin Safe,8,17,9,0.2072792387,2.179902851,28.30459459,0.4000416314,0.0327027027,23.99969594
Round-Robin Safe,8,17,10,0.95,0.241873434,3.172432432,0.06994718226,0.2486486486,0.241873434
Round-Robin Safe,8,17,11,0.5223938409,0.9032962107,7.898918919,0.2285095279,0.1232432432,1.406592421
Round-Robin Safe,8,18,0,0.95,0.2641897105,3.408108108,0.06604742761,0.2140540541,0.2641897105
Round-Robin Safe,8,18,1,0.2298402862,1.968390267,20.49351351,0.4000620219,0.04648648649,23.99845627
Round-Robin Safe,8,18,2,0.2514208534,1.804941085,16.92594595,0.4014774359,0.0527027027,23.99878269
Round-Robin Safe,8,18,3,0.95,0.3377909827,3.055675676,0.107727935,0.2705405405,0.3377909827
Round-Robin Safe,8,18,4,0.8064515181,0.5254308787,4.844324324,0.1341978866,0.1886486486,0.6508617574
Round-Robin Safe,8,18,5,0.2889292384,1.582364629,13.17459459,0.3955911572,0.07405405405,1.582364629
Round-Robin Safe,8,18,6,0.86964094,0.451552802,4.378918919,0.1128882005,0.1954054054,0.451552802
Round-Robin Safe,8,18,7,0.95,0.2372894534,3.399459459,0.05932236334,0.2148648649,0.2372894534
Round-Robin Safe,8,18,8,0.4229897239,1.10910177,10.3227027,0.2772754426,0.1005405405,1.10910177
Round-Robin Safe,8,18,9,0.9113191376,0.3983676074,3.485945946,0.09959190186,0.2140540541,0.3983676074
Round-Robin Safe,8,18,10,0.93510967,0.3641087485,3.927027027,0.09102718712,0.2045945946,0.3641087485
Round-Robin Safe,8,18,11,0.8418183031,0.4846132827,4.562702703,0.1211533207,0.1943243243,0.4846132827
Round-Robin Safe,8,19,0,0.8339118425,0.4938172966,4.791891892,0.1234543241,0.187027027,0.4938172966
Round-Robin Safe,8,19,1,0.4218873338,1.111838862,9.635135135,0.2779597156,0.1035135135,1.111838862
Round-Robin Safe,8,19,2,0.3658373363,1.270411673,11.13135135,0.3176029182,0.08783783784,1.270411673
Round-Robin Safe,8,19,3,0.3670076204,1.266646367,11.67081081,0.3166615919,0.08702702703,1.266646367
Round-Robin Safe,8,19,4,0.481511622,0.9794527448,8.891351351,0.2448631862,0.1181081081,0.9794527448
Round-Robin Safe,8,19,5,0.1930715746,2.342239302,24.84594595,0.4000797943,0.03540540541,23.99778581
Round-Robin Safe,8,19,6,0.2120595117,2.1308523,23.97702703,0.4002546887,0.03648648649,23.99973332
Round-Robin Safe,8,19,7,0.3057773787,1.500722279,11.9272973,0.4039782134,0.08108108108,23.97348937
Round-Robin Safe,8,19,8,0.5446939528,0.8655191693,7.920810811,0.2168476405,0.1286486486,1.331038339
Round-Robin Safe,8,19,9,0.4653449839,1.012509865,7.657837838,0.3705238802,0.1654054054,2.150118376
Round-Robin Safe,8,19,10,0.3623629999,1.281724896,11.32162162,0.3277058788,0.08567567568,2.253799166
Round-Robin Safe,8,19,11,0.8770434254,0.4425090154,3.866486486,0.1106272539,0.2045945946,0.4425090154
