policy,extra_delay,seed,wAoI,worst_user_mean_aoi,p95_user_mean_aoi,p95_slot_aoi,p99_slot_aoi,cvar95_slot_aoi,slot_aoi_gt40,slot_aoi_gt60,mean_service_rate,worst_service_rate,jain_service_fairness,starvation_p95,starvation_max,rejection_rate,rejected_candidates,proposed_candidates,mean_power,max_avg_power,max_queue,finite_window_bound,bound_ok,certificate_ok,uav_pi_los,uav_pth,uav_mean_aoi,uav_avg_power,uav_service_rate,uav_max_queue,adaptive_belief,age_estimator,shield
Stationary-Conservative-NoShield,4,0,575.9443243243243,28.127837837837838,27.47527027027027,47.0,69.0,60.26441441441442,0.07891891891891892,0.019684684684684685,0.14567567567567566,0.0327027027027027,0.7703610535726834,34.0,109.0,0.0,0,11100,0.19751492751194677,0.3231469042468276,57.89496108347547,0.4064864864864865,True,False,0.95;0.2315765095;0.95;0.8081176242;0.6281327393;0.795200025;0.3394136806;0.9476946562;0.5005847781;0.95;0.23436609;0.2528380647,0.3369544871;1.95400716;0.2191119648;0.5235225351;0.7414402559;0.5383055036;1.361973486;0.3438720469;0.9427001774;0.2738400263;1.931388168;1.795260579,7.818918919;28.12783784;8.362432432;9.89027027;13.52972973;9.632162162;19.98648649;8.817297297;15.82567568;8.363243243;26.94135135;26.28027027,0.09844535151;0.3163379158;0.06478607823;0.1496991465;0.210208332;0.1660017783;0.3217202235;0.09358895978;0.2580960216;0.07008824456;0.2980601741;0.3231469042,0.2375675676;0.0327027027;0.2375675676;0.1972972973;0.1424324324;0.1997297297;0.06675675676;0.2202702703;0.1035135135;0.2237837838;0.04135135135;0.04513513514,0.3369544871;43.99025059;0.2191119648;4.229198589;16.78913228;4.687470612;30.38315156;0.3438720469;17.76640568;0.2738400263;57.89496108;54.38672606,False,conservative,False
Stationary-Conservative-NoShield,4,1,687.3127027027027,31.49972972972973,30.99045945945946,54.0,78.0,69.1554054054054,0.1175900900900901,0.03461711711711712,0.12605855855855858,0.030810810810810812,0.6309528758515418,42.0,125.0,0.0,0,11100,0.2621199758151984,0.3881604792506315,81.40732063317093,0.4064864864864865,True,False,0.5605092249;0.2181252996;0.2316669551;0.3707979081;0.95;0.95;0.2020086086;0.95;0.325972712;0.8362721814;0.2993435181;0.2334007936,0.8400796556;2.072097608;1.953264399;1.254604531;0.2976063768;0.2276934429;2.237061952;0.2579608484;1.414030367;0.4910760745;1.530799061;1.939147999,13.58297297;30.57378378;27.85972973;18.63081081;7.396756757;6.314054054;31.49972973;7.720540541;18.96891892;9.292432432;21.27864865;26.33162162,0.2470288285;0.3690573849;0.348420136;0.3319615772;0.09056885952;0.07421575465;0.3881604793;0.07501780348;0.3485393769;0.1616569348;0.3491876776;0.3616248971,0.1310810811;0.03567567568;0.03513513514;0.07945945946;0.2608108108;0.2891891892;0.03081081081;0.2543243243;0.07297297297;0.2189189189;0.06324324324;0.04108108108,12.40238967;81.40732063;49.14912832;33.222967;0.2976063768;0.2276934429;60.87748743;0.2579608484;35.23136651;3.096586534;37.21675678;65.3143959,False,conservative,False
Stationary-Conservative-NoShield,4,2,585.7870270270271,32.384864864864866,28.792175675675672,47.0,71.0,61.773423423423424,0.0784009009009009,0.019932432432432434,0.13418918918918918,0.02945945945945946,0.7778820570618347,36.0,125.0,0.0,0,11100,0.22296545211661165,0.3522559980584604,61.52855655832436,0.4064864864864865,True,False,0.2983974043;0.4720337023;0.7619171253;0.95;0.6042558466;0.7527600943;0.6803453125;0.2438339011;0.7053294905;0.1925045361;0.95;0.2931742638,1.535332493;0.9986066978;0.5764720931;0.328976203;0.7746227687;0.5870535051;0.6736618433;1.858825842;0.6430324214;2.34929577;0.2710575607;1.560894842,22.09081081;15.17675676;10.33135135;7.612432432;12.68972973;10.07162162;11.21189189;25.8527027;11.32513514;32.38486486;7.637567568;22.19243243,0.3406778315;0.2366967767;0.1606331697;0.09620331125;0.2198253803;0.1743707573;0.1795217777;0.3275552565;0.1842200991;0.3231869046;0.0804381626;0.3522559981,0.05783783784;0.1113513514;0.1791891892;0.237027027;0.1372972973;0.1832432432;0.1589189189;0.04216216216;0.1651351351;0.02945945946;0.2505405405;0.05810810811,61.52855656;19.3373014;4.635330235;0.328976203;8.413305829;5.450444638;5.494222396;38.32947189;6.232778114;56.82816887;0.2710575607;55.04823024,False,conservative,False
Stationary-Conservative-NoShield,4,3,695.2962162162162,27.366216216216216,26.97764864864865,53.0,78.0,68.2081081081081,0.10855855855855856,0.03099099099099099,0.11123873873873873,0.04351351351351351,0.6333982837550826,43.0,136.0,0.0,0,11100,0.30004398418865114,0.37368661263179603,75.29025294410236,0.4064864864864865,True,False,0.2469621281;0.8215561338;0.8932287906;0.3220866759;0.225348274;0.2465631425;0.4834834838;0.2778755806;0.2645088005;0.3014458345;0.9387067142;0.2969367479,1.836175919;0.5080937316;0.4222105672;1.429873819;2.006740312;1.839030251;0.9755450403;1.641436133;1.719737046;1.520828652;0.3585144156;1.542388958,24.89594595;8.15;7.689459459;17.76;26.65972973;27.36621622;14.45324324;21.17054054;22.01837838;23.23864865;7.007837838;21.61918919,0.3736866126;0.1649244788;0.1356779363;0.3586278119;0.372060501;0.3712852965;0.3074285181;0.354017847;0.3643983362;0.364176807;0.1161780498;0.3180656149,0.04918918919;0.2316216216;0.2624324324;0.07243243243;0.04432432432;0.04351351351;0.1221621622;0.06054054054;0.05486486486;0.06405405405;0.2656756757;0.06405405405,61.25996247;3.318530752;0.8220007774;41.80968486;64.56386456;70.69332757;38.00341395;64.860741;54.48818255;75.29025294;0.3585144156;35.57050438,False,conservative,False
Stationary-Conservative-NoShield,4,4,657.827027027027,28.705405405405404,28.385959459459457,50.0,71.0,62.43333333333333,0.0970045045045045,0.022635135135135136,0.1028153153153153,0.03918918918918919,0.8302907464400159,44.0,119.0,0.0,0,11100,0.27520450733507634,0.3807253302829076,56.714894888935085,0.4064864864864865,True,False,0.662118963;0.6741961796;0.3640876;0.2460798207;0.2372011855;0.4128728207;0.5024050881;0.4159209977;0.2309431598;0.4380235493;0.7287104513;0.5641011845,0.6966749552;0.6813572012;1.27608378;1.842501298;1.908996959;1.13470463;0.9393093506;1.126874486;1.959226317;1.072981387;0.6151471375;0.8344446437,10.82243243;11.58;19.84567568;24.55405405;28.12459459;16.72837838;14.5;17.22918919;28.70540541;17.91405405;10.42162162;13.0372973,0.2159692361;0.1964886848;0.2917748319;0.3440995667;0.3647732027;0.2950232039;0.2531057899;0.2573537678;0.3807253303;0.2888349897;0.1808865096;0.2334189747,0.1683783784;0.1613513514;0.07594594595;0.04891891892;0.03918918919;0.09378378378;0.1118918919;0.08945945946;0.04324324324;0.09135135135;0.1778378378;0.1324324324,8.113548835;6.308501225;33.84335121;32.06253244;56.54188444;18.76761576;18.73651792;23.54810496;56.71489489;23.10869711;5.778678437;12.56445002,False,conservative,False
Stationary-Conservative-NoShield,4,5,622.9045945945946,29.874864864864865,26.988999999999997,48.0,72.0,62.80765765765766,0.08425675675675676,0.022229729729729728,0.1297297297297297,0.03783783783783784,0.7474125220793248,37.0,149.0,0.0,0,11100,0.23493895487233118,0.35657379951201335,87.42014904147229,0.4064864864864865,True,False,0.9411489522;0.4821824971;0.3825098869;0.7544254172;0.3523107703;0.8677360717;0.95;0.2189202535;0.8265150398;0.3376263363;0.2625732011;0.2699141276,0.3546353857;0.9781203331;1.218803669;0.5851252029;1.315645181;0.4538598372;0.2241414152;2.064668323;0.5023771293;1.368663091;1.731770293;1.687095206,8.075945946;16.06918919;17.90459459;11.10216216;19.29594595;9.637027027;7.545135135;29.87486486;9.37972973;18.9827027;24.46783784;24.62783784,0.1003522294;0.2558974277;0.3086537941;0.166207186;0.3047318702;0.1332139955;0.06663663696;0.3565737995;0.1535644684;0.3273694151;0.316399113;0.3296675226,0.2416216216;0.1137837838;0.0827027027;0.1791891892;0.07702702703;0.2067567568;0.2405405405;0.03783783784;0.2037837838;0.07297297297;0.04513513514;0.05540540541,0.3546353857;18.90293366;34.11113389;6.324006491;33.73322771;1.854215605;0.2241414152;87.42014904;3.061805361;38.17786056;32.36248703;35.83218905,False,conservative,False
Stationary-Conservative-NoShield,4,6,486.8637837837838,23.74837837837838,22.90331081081081,40.0,61.0,53.08378378378379,0.04862612612612613,0.01018018018018018,0.15162162162162163,0.051351351351351354,0.8540670408293874,31.0,106.0,0.0,0,11100,0.1655903472177535,0.2933508396497228,42.15517823916122,0.4064864864864865,True,False,0.6600953202;0.4082536129;0.95;0.8542797728;0.5796663152;0.95;0.7238759829;0.298421524;0.95;0.3698913443;0.95;0.5870736138,0.6992694381;1.146768836;0.2551559305;0.4699577518;0.8105930222;0.2156180293;0.6208604762;1.535216558;0.2628816135;1.257463669;0.2571157349;0.7995478023,12.47891892;19.04864865;7.955135135;9.685135135;15.4372973;8.485135135;13.42513514;23.74837838;7.857297297;22.21189189;8.017567568;13.40297297,0.1922045996;0.2755344583;0.0669611915;0.1329853422;0.191913375;0.0587413442;0.1451471113;0.2933508396;0.06621774696;0.290576064;0.06837888733;0.2050732066,0.1402702703;0.08108108108;0.2235135135;0.1978378378;0.1159459459;0.2267567568;0.1454054054;0.05135135135;0.2216216216;0.06351351351;0.22;0.1321621622,9.378083144;20.56275858;0.2551559305;2.009028291;9.433046489;0.2156180293;8.613558574;42.15517824;0.2628816135;41.16723882;0.2571157349;10.38869506,False,conservative,False
Stationary-Conservative-NoShield,4,7,513.5745945945946,32.28594594594595,27.69136486486486,45.0,69.0,59.38918918918919,0.06605855855855856,0.018513513513513515,0.15961711711711712,0.02945945945945946,0.7938560803360294,31.0,120.0,0.0,0,11100,0.17612963424686767,0.337755381575549,60.51743417433723,0.4064864864864865,True,False,0.95;0.8194645516;0.5139536145;0.1957148488;0.2668165055;0.95;0.9166527097;0.2817874583;0.4060368001;0.95;0.95;0.8957240492,0.2129344738;0.5105004868;0.9182376412;2.309972111;1.705631049;0.2143947682;0.3910280632;1.619983796;1.152645744;0.2643493157;0.2202876177;0.4190042049,8.471351351;8.84972973;14.4427027;32.28594595;23.93216216;8.790810811;8.303783784;22.91648649;17.51459459;7.842432432;7.861891892;8.263243243,0.0572621085;0.1381110777;0.2444497504;0.3377553816;0.3065526074;0.06043614682;0.1131867718;0.3200562581;0.2744542974;0.07480371176;0.06191868174;0.1245688177,0.2194594595;0.2086486486;0.1143243243;0.02945945946;0.04540540541;0.2321621622;0.2235135135;0.05351351351;0.09081081081;0.232972973;0.2343243243;0.2308108108,0.2129344738;3.383513144;12.95594103;60.51743417;52.67728028;0.2143947682;0.3910280632;47.65930324;21.47408083;0.2643493157;0.2202876177;0.8751051236,False,conservative,False
Stationary-Conservative-NoShield,4,8,585.2089189189189,28.91189189189189,28.762797297297297,47.0,66.0,60.33468468468468,0.0806081081081081,0.01650900900900901,0.1429279279279279,0.03,0.7366592253901912,35.0,164.0,0.0,0,11100,0.21129015944496324,0.34437797530921793,63.16286809085644,0.4064864864864865,True,False,0.924502767;0.7675714746;0.2938168902;0.223720696;0.8564804989;0.95;0.4732619221;0.198994158;0.3554966144;0.365156396;0.95;0.8950142286,0.3798996382;0.5699618165;1.557699888;2.021057334;0.4673466129;0.2347890628;0.9960890923;2.271318822;1.304697623;1.272612991;0.2590903055;0.4199186836,7.626486486;9.927567568;22.18675676;28.91189189;9.205405405;7.974054054;16.12108108;28.64081081;18.55324324;20.92648649;7.671621622;7.942432432,0.1131484868;0.1773043381;0.3443779753;0.3217304783;0.1307307417;0.06688315466;0.2336771168;0.3351729937;0.3011383161;0.3095545112;0.07408582248;0.1276779781,0.2383783784;0.1883783784;0.05189189189;0.03432432432;0.2067567568;0.2416216216;0.09945945946;0.03;0.07378378378;0.07351351351;0.2432432432;0.2337837838,0.3798996382;5.158930863;49.1621904;51.70573342;1.88570516;0.2347890628;18.87876186;63.16286809;24.22548589;31.30326252;0.2590903055;0.8581297232,False,conservative,False
Stationary-Conservative-NoShield,4,9,696.5272972972973,35.22162162162162,31.85651351351351,54.0,80.0,69.71756756756757,0.11220720720720721,0.03443693693693694,0.1275,0.031081081081081083,0.6910409331333283,40.0,124.0,0.0,0,11100,0.2461773385069649,0.39239918687340225,91.34923487716857,0.4064864864864865,True,False,0.3257577326;0.6871221964;0.2523803769;0.1963495047;0.5437054116;0.2493362779;0.95;0.4363495231;0.95;0.6652629851;0.95;0.2127973752,1.414897118;0.6652565043;1.798374164;2.302374716;0.8671448273;1.819394726;0.209506079;1.076896197;0.2790122724;0.6926602831;0.247425482;2.123503268,22.04081081;12.15324324;25.51378378;35.22162162;14.79297297;26.99783784;7.462702703;14.75783784;7.294054054;11.20162162;7.345405405;29.10324324,0.3250439324;0.185552625;0.3446073736;0.3721135352;0.2531125442;0.3923991869;0.06143624207;0.2814482763;0.08423154277;0.2109805781;0.07302395306;0.3701782724,0.06189189189;0.1591891892;0.04135135135;0.03108108108;0.1178378378;0.04594594595;0.2543243243;0.1043243243;0.2543243243;0.1702702703;0.2527027027;0.03675675676,45.45802442;9.153464641;63.47968815;77.26385542;12.54576551;91.34923488;0.209506079;22.52170604;0.2790122724;6.438526228;0.247425482;62.80575171,False,conservative,False
Stationary-Conservative-NoShield,4,10,715.2840540540541,34.48513513513514,32.037189189189185,57.0,82.0,72.76081081081081,0.126981981981982,0.0409009009009009,0.10051801801801802,0.0327027027027027,0.7076244608007185,46.0,150.0,0.0,0,11100,0.2983346002910708,0.38599912534032965,110.20786483165443,0.4064864864864865,True,False,0.2210551088;0.5230742899;0.4621770162;0.8877431859;0.3493760462;0.4491418585;0.5565464418;0.34857734;0.2223217792;0.6900300697;0.2104662511;0.2177243916,2.045012567;0.9021077578;1.019211399;0.4291816563;1.325898395;1.047619095;0.8463561798;1.328717478;2.03354937;0.6616731043;2.146920017;2.075867389,24.91162162;15.55378378;16.58621622;7.728918919;21.59081081;14.58108108;12.84648649;19.26243243;27.26459459;10.71216216;30.03432432;34.48513514,0.3443358997;0.2811162824;0.2829000289;0.1383820854;0.3067483853;0.3142857284;0.2397246693;0.3192513077;0.380878301;0.2092317654;0.3771616246;0.3859991253,0.04675675676;0.1156756757;0.1105405405;0.2586486486;0.07054054054;0.1162162162;0.1340540541;0.07216216216;0.03756756757;0.177027027;0.03432432432;0.0327027027,87.67669649;17.97377152;21.45318757;1.42135797;32.43519244;23.88572052;11.7906854;29.90715644;77.8711398;7.726846922;46.34980109;110.2078648,False,conservative,False
Stationary-Conservative-NoShield,4,11,633.2256756756757,35.03972972972973,30.97017567567567,52.0,79.0,68.92432432432433,0.09925675675675676,0.029481981981981983,0.11752252252252253,0.030810810810810812,0.7671855036711038,40.0,182.0,0.0,0,11100,0.2435087088792253,0.35267114414399553,68.60259154812466,0.4064864864864865,True,False,0.95;0.2935060875;0.6227889451;0.4312530983;0.6153269509;0.4183303984;0.9434799305;0.4987828682;0.6260188518;0.4351735249;0.2492611008;0.2092716103,0.3358641596;1.559243329;0.7487311135;1.088976442;0.7590395275;1.120756955;0.3508668233;0.9460759936;0.7443154627;1.079661914;1.819920828;2.159149808,7.770810811;22.93702703;12.45432432;16.14918919;14.21432432;18.95486486;7.619459459;17.61027027;14.90864865;16.26162162;27.64054054;35.03972973,0.09694673581;0.2987847351;0.2025621202;0.3007929525;0.1996068811;0.3001811195;0.1071566244;0.2666911517;0.1836648696;0.2815874993;0.3526711441;0.3314586732,0.2402702703;0.0572972973;0.1497297297;0.09243243243;0.1397297297;0.08864864865;0.2372972973;0.1;0.1316216216;0.1024324324;0.04;0.03081081081,0.3358641596;34.95838307;18.01117795;42.36220962;10.24830441;28.76617423;0.3508668233;19.30379968;19.62598137;17.39154786;56.75065765;68.60259155,False,conservative,False
Stationary-Conservative-NoShield,4,12,651.5235135135135,26.781891891891892,26.326135135135136,48.0,68.0,60.41576576576576,0.08608108108108108,0.01828828828828829,0.11173423423423423,0.04,0.7462299674953704,41.0,122.0,0.0,0,11100,0.2642741507120743,0.37056936074359986,51.69268044437006,0.4064864864864865,True,False,0.2277146089;0.9318683167;0.4490225566;0.364868936;0.3264467419;0.2532754659;0.5108922966;0.7249468559;0.885090931;0.3371942215;0.4510893652;0.3770521179,1.986329388;0.369039043;1.047885528;1.273544601;1.412123145;1.792296255;0.9237509324;0.6195927545;0.4325165816;1.370290719;1.043286736;1.235229773,25.95324324;7.934054054;15.75783784;18.94972973;19.0727027;26.78189189;14.54054054;10.87027027;8.271891892;20.5072973;17.88864865;19.04189189,0.3414339165;0.1050265168;0.3089846247;0.3280237851;0.290439382;0.3705693607;0.2416732169;0.1672900437;0.1392235807;0.3140558188;0.2611036534;0.303465909,0.04756756757;0.2356756757;0.1097297297;0.0727027027;0.07027027027;0.04;0.1143243243;0.1772972973;0.2354054054;0.06648648649;0.09162162162;0.07972972973,51.69268044;0.369039043;39.92101724;35.13014086;27.72732492;46.3457764;14.54127517;4.79185509;1.082848214;29.71453594;19.94188882;30.08665363,False,conservative,False
Stationary-Conservative-NoShield,4,13,490.91513513513513,31.431081081081082,26.126256756756753,42.0,64.0,55.254954954954954,0.05497747747747748,0.013198198198198199,0.15346846846846848,0.034594594594594595,0.8490512034026275,31.0,100.0,0.0,0,11100,0.17082950797271448,0.3415387592093851,77.56104275843623,0.4064864864864865,True,False,0.931036637;0.7159624459;0.6775674106;0.3509019354;0.95;0.7562371291;0.2357345475;0.5713184825;0.95;0.8385292043;0.9458583108;0.3749843981,0.3702883284;0.6302691506;0.6771299559;1.320546841;0.2764601871;0.5830294735;1.920506701;0.8232731646;0.2265612916;0.488449848;0.3469497415;1.241568686,9.56027027;10.84324324;13.22783784;21.78594595;8.245945946;10.48216216;31.43108108;13.17432432;7.545135135;9.786486486;9.562432432;18.71675676,0.1034805761;0.1681285545;0.1621451732;0.2766010275;0.07867907487;0.1596240153;0.3415387592;0.2229512732;0.0622737388;0.1345217284;0.08364301876;0.2563671557,0.2021621622;0.162972973;0.1375675676;0.05918918919;0.2302702703;0.1775675676;0.03459459459;0.1275675676;0.2402702703;0.1951351351;0.1986486486;0.07567567568,0.3702883284;6.156728766;5.942599117;24.97531155;0.2764601871;4.60967789;77.56104276;11.45164861;0.2265612916;2.522796353;0.3469497415;23.96392321,False,conservative,False
Stationary-Conservative-NoShield,4,14,679.8962162162162,29.67135135135135,27.7187027027027,52.0,76.0,66.26261261261261,0.10511261261261261,0.028400900900900902,0.1095945945945946,0.03189189189189189,0.7736868603298857,43.0,112.0,0.0,0,11100,0.26055048143168835,0.3548696038825957,73.69983704836051,0.4064864864864865,True,False,0.3969158517;0.64914127;0.685168137;0.2123384503;0.8391928019;0.2547057577;0.6450583303;0.3536782427;0.3495021855;0.2638904463;0.8142278578;0.4332858251,1.177446822;0.7134614509;0.6676722331;2.128067317;0.4876767217;1.782678959;0.7188179662;1.310923092;1.325454306;1.723560971;0.5165166625;1.084128614,18.23486486;12.88540541;11.49459459;29.67135135;9.502702703;26.12108108;12.16810811;24.32162162;20.69351351;25.77378378;9.185945946;18.29297297,0.2860877548;0.2155810546;0.2017452856;0.3548696039;0.1441941442;0.3348545613;0.2206965431;0.3061182572;0.3041380287;0.33166903;0.1444850664;0.2821664474,0.08243243243;0.1510810811;0.1586486486;0.03189189189;0.2062162162;0.04567567568;0.1483783784;0.0672972973;0.07702702703;0.04675675676;0.2059459459;0.09378378378,24.79872434;14.50576529;6.824133594;73.69983705;2.279594765;41.89930588;9.645721019;29.12600059;31.18907035;64.92156035;2.846849912;29.1112024,False,conservative,False
Stationary-Conservative-NoShield,4,15,601.9451351351352,38.053243243243244,32.06582432432432,50.0,78.0,67.46846846846847,0.0868018018018018,0.026216216216216216,0.13635135135135135,0.025675675675675677,0.7917194394429475,35.0,188.0,0.0,0,11100,0.22143141650922002,0.3874961568691695,87.31256975207013,0.4064864864864865,True,False,0.95;0.6682774533;0.3936552323;0.8783623152;0.2542081145;0.6112416568;0.1961261937;0.2603661895;0.4858854259;0.9440218225;0.777121657;0.6438927182,0.2609434761;0.6888292002;1.186565108;0.4408835581;1.786011998;0.7647485898;2.305041448;1.74572184;0.9708198352;0.349980936;0.5589976316;0.7203540735,7.547297297;10.81216216;17.36486486;9.708378378;24.08702703;12.11243243;38.05324324;27.16702703;15.07243243;7.941621622;11.58297297;13.14324324,0.0738399512;0.2025530189;0.2706651219;0.123566554;0.3403076916;0.205655364;0.3874961569;0.357165252;0.2516260059;0.09714335711;0.1590877043;0.1880708203,0.2486486486;0.1672972973;0.09054054054;0.2081081081;0.05027027027;0.1464864865;0.02567567568;0.04972972973;0.1140540541;0.2327027027;0.1651351351;0.1375675676,0.2609434761;9.420192807;25.57008345;1.6673903;64.14227969;10.61296051;87.31256975;52.94089891;13.52885621;0.349980936;5.646921843;7.768143691,False,conservative,False
Stationary-Conservative-NoShield,4,16,647.567027027027,29.375405405405406,29.16358108108108,50.0,70.0,62.244594594594595,0.09887387387387388,0.023085585585585586,0.1254054054054054,0.0327027027027027,0.7346306475993546,40.0,101.0,0.0,0,11100,0.2545273841956249,0.3728620496855933,64.9306057137046,0.4064864864864865,True,False,0.3932789834;0.7735119064;0.901603995;0.8416273572;0.2260479039;0.7045979448;0.6624829137;0.1982197585;0.7522839954;0.3841282698;0.2247729528;0.2144342016,1.187626136;0.5631378354;0.4113518347;0.4848363331;2.00065631;0.6439160289;0.6962092138;2.280313362;0.5876051337;1.214015836;2.011774821;2.107404393,18.94162162;9.707297297;7.996486486;9.401351351;25.95810811;9.603243243;10.70513514;29.37540541;9.645135135;17.02162162;28.99027027;24.95648649,0.3081408353;0.1882706763;0.1217379078;0.13339551;0.3584959821;0.1898682128;0.2163893502;0.3728620497;0.1794577841;0.3038320713;0.3333021527;0.3485760779,0.08324324324;0.1972972973;0.2340540541;0.2021621622;0.04054054054;0.1810810811;0.1713513514;0.0327027027;0.2008108108;0.08513513514;0.03513513514;0.04135135135,35.29872611;6.272962074;0.5589256858;2.096726663;64.93060571;8.449228953;11.38771597;60.97609175;4.527312941;26.91858592;47.27168063;46.83677778,False,conservative,False
Stationary-Conservative-NoShield,4,17,567.3921621621622,32.87432432432433,32.75971621621621,53.0,81.0,70.22432432432433,0.09522522522522522,0.033153153153153155,0.1516891891891892,0.02945945945945946,0.7671437512696877,31.0,129.0,0.0,0,11100,0.1945672787273608,0.33759036049698415,79.60461695964833,0.4064864864864865,True,False,0.6058267012;0.4606290406;0.8627452041;0.95;0.8920394043;0.9329954481;0.2434414901;0.2237143759;0.7874097494;0.2072792387;0.95;0.5223938409,0.772389876;1.022513998;0.4598691245;0.2139841101;0.4237308779;0.3673358894;1.861711545;2.021113381;0.5472165522;2.179902851;0.241873434;0.9032962107,13.86837838;15.74189189;7.916486486;6.722162162;8.73;8.248378378;30.58891892;32.87432432;9.841351351;32.66594595;8.248918919;14.82216216,0.2108415607;0.234072799;0.1318705787;0.06483140201;0.1235690858;0.1026554891;0.3361144086;0.3261093753;0.1640170693;0.3375903605;0.06778993272;0.235345283,0.1327027027;0.1018918919;0.2278378378;0.2527027027;0.2218918919;0.2354054054;0.03837837838;0.02945945946;0.1997297297;0.02945945946;0.2340540541;0.1167567568,11.24037479;16.18536395;1.597382491;0.2139841101;0.9220793145;0.3673358894;77.43511611;79.60461696;4.816496567;66.43242241;0.241873434;14.00218253,False,conservative,False
Stationary-Conservative-NoShield,4,18,509.99783783783784,30.01,27.54347297297297,46.0,69.0,59.88603603603604,0.06984234234234234,0.018806306306306305,0.16344594594594597,0.04243243243243243,0.8192821381414438,30.0,110.0,0.0,0,11100,0.17224891747758822,0.35484224550052884,66.15453914597269,0.4064864864864865,True,False,0.95;0.2298402862;0.2514208534;0.95;0.8064515181;0.2889292384;0.86964094;0.95;0.4229897239;0.9113191376;0.93510967;0.8418183031,0.2641897105;1.968390267;1.804941085;0.3377909827;0.5254308787;1.582364629;0.451552802;0.2372894534;1.10910177;0.3983676074;0.3641087485;0.4846132827,7.732702703;30.01;25.52540541;8.007027027;10.8172973;23.98513514;9.322162162;7.841621622;18.63351351;8.488108108;8.990540541;9.996756757,0.07482995042;0.3548422455;0.3019617653;0.09175133449;0.1381741203;0.2912406249;0.1288756105;0.06855741234;0.2709805406;0.1088512571;0.1021472651;0.1347748832,0.2351351351;0.04243243243;0.04567567568;0.2267567568;0.1867567568;0.05540540541;0.2094594595;0.2375675676;0.08675675676;0.2191891892;0.2191891892;0.197027027,0.2641897105;66.15453915;44.87175966;0.3377909827;3.410341088;27.19438646;1.895031258;0.2372894534;32.61868143;0.3983676074;0.3641087485;2.515332068,False,conservative,False
Stationary-Conservative-NoShield,4,19,674.8737837837838,31.118378378378377,30.8025,51.0,79.0,66.92702702702702,0.09583333333333334,0.026599099099099098,0.10822072072072071,0.032972972972972976,0.7524489108991688,42.0,129.0,0.0,0,11100,0.27897449594502827,0.3488037447503847,72.92772878477837,0.4064864864864865,True,False,0.8339118425;0.4218873338;0.3658373363;0.3670076204;0.481511622;0.1930715746;0.2120595117;0.3057773787;0.5446939528;0.4653449839;0.3623629999;0.8770434254,0.4938172966;1.111838862;1.270411673;1.266646367;0.9794527448;2.342239302;2.1308523;1.500722279;0.8655191693;1.012509865;1.281724896;0.4425090154,8.563513514;16.97297297;19.60108108;17.53567568;15.46891892;31.11837838;30.54405405;20.61162162;13.41837838;13.77513514;18.11054054;8.361081081,0.1588223197;0.2701467938;0.3179462727;0.3087878442;0.2697465803;0.3488037448;0.3369050258;0.3475997278;0.2680770184;0.2865129266;0.3020713808;0.1322743165,0.2259459459;0.09594594595;0.07756756757;0.08864864865;0.1105405405;0.03297297297;0.03837837838;0.06297297297;0.1391891892;0.1162162162;0.07486486486;0.2354054054,3.777422677;31.38136491;45.71380929;31.59926923;22.37810979;54.95165767;72.92772878;54.33539166;13.55869009;26.11306229;27.122795;1.122653262,False,conservative,False
Stationary-Conservative-Shield,4,0,594.5535135135135,31.00189189189189,29.232378378378375,49.0,76.0,65.76126126126127,0.08635135135135136,0.026351351351351353,0.14448198198198198,0.03216216216216216,0.7655984624711832,34.69999999999982,129.0,0.022432432432432432,249,11100,0.1970714902204693,0.3320270499118368,23.993018994379078,0.4064864864864865,True,True,0.95;0.2315765095;0.95;0.8081176242;0.6281327393;0.795200025;0.3394136806;0.9476946562;0.5005847781;0.95;0.23436609;0.2528380647,0.3369544871;1.95400716;0.2191119648;0.5235225351;0.7414402559;0.5383055036;1.361973486;0.3438720469;0.9427001774;0.2738400263;1.931388168;1.795260579,8.036486486;31.00189189;8.052162162;10.07027027;13.86648649;9.346216216;20.62972973;8.989189189;16.16783784;8.271621622;27.59216216;27.78459459,0.09817214516;0.3232033464;0.06632578393;0.1506895946;0.2062005469;0.1660017783;0.3320270499;0.0945183437;0.2504525066;0.06986621211;0.2949281933;0.3124723819,0.2359459459;0.03216216216;0.2440540541;0.1964864865;0.137027027;0.1978378378;0.06513513514;0.2154054054;0.1054054054;0.2218918919;0.03810810811;0.04432432432,0.3369544871;23.97212887;0.2191119648;4.352721124;16.78913228;4.964081619;23.99301899;0.3438720469;17.76640568;0.2738400263;23.96498703;23.92985301,False,conservative,True
Stationary-Conservative-Shield,4,1,670.6016216216216,30.645675675675676,29.99622972972973,55.0,84.0,72.41126126126126,0.11184684684684684,0.03790540540540541,0.1289414414414414,0.027567567567567567,0.6207170394079529,40.0,145.0,0.0636936936936937,707,11100,0.2555179205127745,0.36162489705808193,23.99586392401863,0.4064864864864865,True,True,0.5605092249;0.2181252996;0.2316669551;0.3707979081;0.95;0.95;0.2020086086;0.95;0.325972712;0.8362721814;0.2993435181;0.2334007936,0.8400796556;2.072097608;1.953264399;1.254604531;0.2976063768;0.2276934429;2.237061952;0.2579608484;1.414030367;0.4910760745;1.530799061;1.939147999,13.31162162;29.46486486;27.99918919;18.65405405;6.978108108;6.03027027;30.64567568;7.434324324;18.0572973;8.809459459;21.3472973;27.10621622,0.2631492759;0.330975591;0.3420852244;0.3238236019;0.09386665991;0.07600037893;0.3549068556;0.07843404174;0.3435711621;0.1643114001;0.3334659575;0.3616248971,0.1381081081;0.03594594595;0.03135135135;0.08027027027;0.2721621622;0.2935135135;0.02756756757;0.2659459459;0.07189189189;0.2259459459;0.06297297297;0.04162162162,12.40238967;23.98614739;23.99586392;23.98613075;0.2976063768;0.2276934429;23.98800058;0.2579608484;23.95763981;3.496586534;23.99317275;23.9926919,False,conservative,True
Stationary-Conservative-Shield,4,2,595.7689189189189,37.425135135135136,30.867202702702695,48.0,83.0,67.86936936936937,0.07813063063063064,0.02412162162162162,0.13650900900900903,0.02837837837837838,0.7751983147749415,35.0,160.0,0.025675675675675677,285,11100,0.22133453601885644,0.3455061825268014,23.988732319450108,0.4064864864864865,True,True,0.2983974043;0.4720337023;0.7619171253;0.95;0.6042558466;0.7527600943;0.6803453125;0.2438339011;0.7053294905;0.1925045361;0.95;0.2931742638,1.535332493;0.9986066978;0.5764720931;0.328976203;0.7746227687;0.5870535051;0.6736618433;1.858825842;0.6430324214;2.34929577;0.2710575607;1.560894842,21.11891892;14.84054054;10.12297297;7.735945946;12.92756757;9.845675676;11.27783784;25.50162162;11.42837838;37.42513514;7.817567568;21.44243243,0.3303039633;0.2259010287;0.1681117266;0.09744808607;0.2242218879;0.1757987253;0.1831631931;0.3195170907;0.1830035513;0.3231869046;0.0798520922;0.3455061825,0.0572972973;0.1162162162;0.1872972973;0.2418918919;0.1383783784;0.19;0.1627027027;0.04297297297;0.1659459459;0.02837837838;0.2510810811;0.05594594595,23.98331232;16.95959424;4.988274421;0.328976203;8.413305829;4.889284123;6.14689871;23.92955052;6.232778114;23.98873232;0.2710575607;23.97879168,False,conservative,True
Stationary-Conservative-Shield,4,3,681.9727027027027,27.703243243243243,26.214378378378377,53.0,83.0,71.13738738738739,0.1022072072072072,0.03286036036036036,0.11231981981981981,0.04135135135135135,0.6294508350860141,41.0,162.0,0.06405405405405405,711,11100,0.2978843817647937,0.37741256249523564,23.997173599863718,0.4064864864864865,True,True,0.2469621281;0.8215561338;0.8932287906;0.3220866759;0.225348274;0.2465631425;0.4834834838;0.2778755806;0.2645088005;0.3014458345;0.9387067142;0.2969367479,1.836175919;0.5080937316;0.4222105672;1.429873819;2.006740312;1.839030251;0.9755450403;1.641436133;1.719737046;1.520828652;0.3585144156;1.542388958,22.87081081;7.857027027;7.255405405;16.75243243;27.70324324;24.99621622;14.12081081;23.04081081;23.23216216;21.83027027;6.76027027;21.91648649,0.356317381;0.1682202219;0.1388730433;0.3543768357;0.3639250673;0.3379839379;0.306110214;0.3691013142;0.3774125625;0.3563671463;0.1174376951;0.328487162,0.04783783784;0.2362162162;0.2645945946;0.08135135135;0.04135135135;0.04432432432;0.1235135135;0.0572972973;0.05486486486;0.06540540541;0.2691891892;0.06189189189,23.99587021;3.318530752;0.7997902102;23.99495276;23.88077147;23.98060501;23.9946933;23.9971736;23.99474092;23.9576686;0.3585144156;23.99016813,False,conservative,True
Stationary-Conservative-Shield,4,4,659.4786486486487,29.036756756756755,28.86833783783784,49.0,73.0,64.32792792792793,0.0938963963963964,0.022905405405405404,0.10310810810810811,0.03702702702702703,0.8192086658936635,43.55000000000018,185.0,0.02918918918918919,324,11100,0.273235213966365,0.36325114961623733,23.997933097420248,0.4064864864864865,True,True,0.662118963;0.6741961796;0.3640876;0.2460798207;0.2372011855;0.4128728207;0.5024050881;0.4159209977;0.2309431598;0.4380235493;0.7287104513;0.5641011845,0.6966749552;0.6813572012;1.27608378;1.842501298;1.908996959;1.13470463;0.9393093506;1.126874486;1.959226317;1.072981387;0.6151471375;0.8344446437,10.91189189;11.12810811;18.60216216;25.04540541;28.73054054;16.97513514;14.88756757;17.37972973;29.03675676;17.0972973;10.13108108;12.44594595,0.2110736824;0.1990667931;0.2838424192;0.3450955133;0.3353643306;0.2999300347;0.2703687725;0.2625312992;0.3632511496;0.2931849142;0.1830478374;0.2320658212,0.1689189189;0.1613513514;0.07702702703;0.04486486486;0.03972972973;0.09216216216;0.1140540541;0.08918918919;0.03702702703;0.09432432432;0.1832432432;0.1354054054,8.113548835;6.603430438;23.97593767;23.96502336;23.9979331;22.80875467;20.35444597;22.13310907;23.99435271;23.10869711;5.133237024;11.69556074,False,conservative,True
Stationary-Conservative-Shield,4,5,603.6451351351351,32.20567567567568,27.675459459459454,48.0,78.0,66.27252252252252,0.07912162162162162,0.024594594594594593,0.13220720720720722,0.03594594594594595,0.748976162243441,36.0,207.0,0.01954954954954955,217,11100,0.23194020865127327,0.33146296856046314,23.994516869010454,0.4064864864864865,True,True,0.9411489522;0.4821824971;0.3825098869;0.7544254172;0.3523107703;0.8677360717;0.95;0.2189202535;0.8265150398;0.3376263363;0.2625732011;0.2699141276,0.3546353857;0.9781203331;1.218803669;0.5851252029;1.315645181;0.4538598372;0.2241414152;2.064668323;0.5023771293;1.368663091;1.731770293;1.687095206,8.061081081;15.31027027;17.90783784;10.85783784;18.99702703;9.322702703;7.337027027;32.20567568;9.174594595;18.57459459;23.96891892;22.89081081,0.1015023982;0.2590697099;0.3079949813;0.169211883;0.301887232;0.1371392697;0.06675779449;0.3314629686;0.1569589085;0.3292189598;0.3056340544;0.316444344,0.2427027027;0.1172972973;0.08459459459;0.1867567568;0.07405405405;0.207027027;0.2456756757;0.03594594595;0.2091891892;0.07594594595;0.04783783784;0.05945945946,0.3546353857;15.87797099;23.94190087;6.324006491;23.99451687;1.854215605;0.2241414152;23.98073788;3.061805361;23.98524038;23.97186527;23.91609452,False,conservative,True
Stationary-Conservative-Shield,4,6,490.47621621621624,23.885135135135137,23.329932432432432,40.0,61.0,53.31981981981982,0.04842342342342342,0.010202702702702703,0.15155405405405406,0.04891891891891892,0.8505272507561858,31.0,106.0,0.002162162162162162,24,11100,0.16474355783063088,0.2871775135310587,23.962747460383678,0.4064864864864865,True,True,0.6600953202;0.4082536129;0.95;0.8542797728;0.5796663152;0.95;0.7238759829;0.298421524;0.95;0.3698913443;0.95;0.5870736138,0.6992694381;1.146768836;0.2551559305;0.4699577518;0.8105930222;0.2156180293;0.6208604762;1.535216558;0.2628816135;1.257463669;0.2571157349;0.7995478023,12.47864865;18.88891892;7.961081081;9.645135135;15.27891892;8.522702703;13.36027027;23.88513514;7.735945946;22.87567568;7.893513514;13.52972973,0.1927715748;0.2727450205;0.06682326937;0.1334934046;0.1873127119;0.0587413442;0.1454827116;0.2862971419;0.06628879605;0.2871775135;0.07039411876;0.2093950866,0.1413513514;0.08;0.2224324324;0.1972972973;0.1151351351;0.227027027;0.1467567568;0.04891891892;0.2216216216;0.0627027027;0.2243243243;0.1310810811,9.378083144;20.56275858;0.2551559305;2.009028291;9.433046489;0.2156180293;7.371837621;23.38606363;0.2628816135;23.96274746;0.2571157349;10.38869506,False,conservative,True
Stationary-Conservative-Shield,4,7,528.302972972973,34.155675675675674,29.42448648648648,46.0,74.0,63.40495495495495,0.07054054054054054,0.022590090090090092,0.15921171171171172,0.02918918918918919,0.7934543411374264,30.0,140.0,0.02144144144144144,238,11100,0.17475174178406103,0.3171529276162265,23.999675923811193,0.4064864864864865,True,True,0.95;0.8194645516;0.5139536145;0.1957148488;0.2668165055;0.95;0.9166527097;0.2817874583;0.4060368001;0.95;0.95;0.8957240492,0.2129344738;0.5105004868;0.9182376412;2.309972111;1.705631049;0.2143947682;0.3910280632;1.619983796;1.152645744;0.2643493157;0.2202876177;0.4190042049,8.307027027;8.479189189;14.36162162;34.15567568;25.55351351;8.694864865;8.373783784;23.39810811;17.89837838;7.777837838;7.692162162;8.088648649,0.05772250736;0.1403186473;0.2504058865;0.3171529276;0.3074745702;0.0596828679;0.1144549709;0.3086725882;0.280684815;0.07494660328;0.06150192138;0.1240025958,0.2224324324;0.2075675676;0.1145945946;0.02918918919;0.04702702703;0.2289189189;0.2259459459;0.05027027027;0.09108108108;0.2321621622;0.2324324324;0.2289189189,0.2129344738;3.383513144;12.95594103;23.97949799;23.99844559;0.2143947682;0.3910280632;23.99967592;23.56376699;0.2643493157;0.2202876177;0.9131135335,False,conservative,True
Stationary-Conservative-Shield,4,8,604.2662162162162,34.17324324324324,31.06886486486486,49.0,83.0,68.48063063063063,0.08439189189189189,0.025202702702702702,0.1432882882882883,0.02945945945945946,0.7322769451570302,34.0,168.0,0.0309009009009009,343,11100,0.20992043915161981,0.3300639763354851,23.996927006973984,0.4064864864864865,True,True,0.924502767;0.7675714746;0.2938168902;0.223720696;0.8564804989;0.95;0.4732619221;0.198994158;0.3554966144;0.365156396;0.95;0.8950142286,0.3798996382;0.5699618165;1.557699888;2.021057334;0.4673466129;0.2347890628;0.9960890923;2.271318822;1.304697623;1.272612991;0.2590903055;0.4199186836,7.742432432;9.697837838;22.79459459;28.52891892;8.913783784;7.691081081;16.14405405;34.17324324;18.34864865;21.13891892;7.435135135;7.492162162,0.1102735706;0.1759179445;0.3300639763;0.3118983075;0.1321201506;0.06872339326;0.239869022;0.3265788144;0.3184167441;0.3019876232;0.07415584689;0.1290398766,0.2318918919;0.1886486486;0.05081081081;0.03351351351;0.2083783784;0.2472972973;0.1018918919;0.02945945946;0.07378378378;0.06945945946;0.2440540541;0.2402702703,0.3798996382;4.81900723;23.99259576;23.97903202;1.88570516;0.2347890628;18.87876186;23.99692701;23.98655498;23.95929364;0.2590903055;0.8581297232,False,conservative,True
Stationary-Conservative-Shield,4,9,701.9091891891892,35.38594594594595,32.56682432432432,57.0,93.0,77.73603603603604,0.11315315315315315,0.04286036036036036,0.12725225225225226,0.027567567567567567,0.6808693594220677,39.0,168.0,0.05684684684684685,631,11100,0.24179660359870267,0.3534456321176238,23.998602232716276,0.4064864864864865,True,True,0.3257577326;0.6871221964;0.2523803769;0.1963495047;0.5437054116;0.2493362779;0.95;0.4363495231;0.95;0.6652629851;0.95;0.2127973752,1.414897118;0.6652565043;1.798374164;2.302374716;0.8671448273;1.819394726;0.209506079;1.076896197;0.2790122724;0.6926602831;0.247425482;2.123503268,23.26675676;12.16756757;27.65054054;35.38594595;14.94486486;26.89918919;7.234324324;14.40189189;7.323783784;11.26351351;7.037027027;30.26027027,0.3288679787;0.1909465966;0.3489817973;0.3534456321;0.2601434482;0.3491270961;0.06205909798;0.2898888141;0.08581512593;0.2115421946;0.07409390109;0.3466475606,0.06135135135;0.1583783784;0.04243243243;0.02756756757;0.1197297297;0.04;0.2556756757;0.1059459459;0.2567567568;0.1664864865;0.2581081081;0.03459459459,23.98732506;9.153464641;23.97073496;23.99736337;13.14719999;23.98789452;0.209506079;23.99860223;0.2790122724;6.438526228;0.247425482;23.98713727,False,conservative,True
Stationary-Conservative-Shield,4,10,706.0578378378378,32.24675675675676,30.126283783783784,55.0,87.0,74.28603603603604,0.11743243243243243,0.03783783783783784,0.1015765765765766,0.032432432432432434,0.7162747529110759,46.0,187.0,0.058648648648648646,651,11100,0.29411231965803947,0.36207515959229697,23.993215172883275,0.4064864864864865,True,True,0.2210551088;0.5230742899;0.4621770162;0.8877431859;0.3493760462;0.4491418585;0.5565464418;0.34857734;0.2223217792;0.6900300697;0.2104662511;0.2177243916,2.045012567;0.9021077578;1.019211399;0.4291816563;1.325898395;1.047619095;0.8463561798;1.328717478;2.03354937;0.6616731043;2.146920017;2.075867389,25.13162162;14.98351351;17.21405405;7.616486486;21.45027027;14.66162162;12.92513514;18.15567568;27.16756757;10.65972973;28.39135135;32.24675676,0.3542846095;0.2855049147;0.2908884426;0.1371061399;0.3114069473;0.3230630776;0.2527631294;0.3178148563;0.3292151548;0.2151331742;0.3620751596;0.35009223,0.04702702703;0.1186486486;0.1072972973;0.2540540541;0.07351351351;0.1183783784;0.1375675676;0.07756756757;0.03648648649;0.1802702703;0.03243243243;0.03567567568,23.98566603;13.59063359;23.94135856;1.392176314;23.92366835;22.26666931;12.14432922;23.97639427;23.9768204;8.4369628;23.97444096;23.99321517,False,conservative,True
Stationary-Conservative-Shield,4,11,631.9575675675676,36.167027027027025,30.61083783783783,51.0,81.0,69.79054054054055,0.09608108108108109,0.029707207207207206,0.11849099099099099,0.03,0.769734461404596,40.0,191.0,0.017657657657657658,196,11100,0.24234414390472458,0.3482443096986732,23.98724711867885,0.4064864864864865,True,True,0.95;0.2935060875;0.6227889451;0.4312530983;0.6153269509;0.4183303984;0.9434799305;0.4987828682;0.6260188518;0.4351735249;0.2492611008;0.2092716103,0.3358641596;1.559243329;0.7487311135;1.088976442;0.7590395275;1.120756955;0.3508668233;0.9460759936;0.7443154627;1.079661914;1.819920828;2.159149808,7.707837838;22.08432432;12.54;15.89027027;14.43378378;19.43405405;7.293783784;17.18945946;14.6227027;16.32297297;26.06486486;36.16702703,0.09658363942;0.2966776495;0.2051927971;0.2975554549;0.2008377561;0.3013927486;0.1086738864;0.2643898858;0.1848718676;0.2868399086;0.3482443097;0.3168698232,0.2397297297;0.06027027027;0.1502702703;0.09378378378;0.1378378378;0.08972972973;0.2402702703;0.1005405405;0.1362162162;0.1016216216;0.04162162162;0.03,0.3358641596;23.93654319;17.26244683;23.96063366;9.48926488;23.84553587;0.3508668233;19.30379968;16.24871952;17.39154786;23.97612055;23.98724712,False,conservative,True
Stationary-Conservative-Shield,4,12,644.7794594594594,26.762432432432433,26.698364864864864,48.0,70.0,62.0481981981982,0.08664414414414415,0.020157657657657656,0.11405405405405404,0.04216216216216216,0.7433055791883564,40.0,122.0,0.022972972972972974,255,11100,0.2618941986038298,0.35216199380470126,23.994694846991152,0.4064864864864865,True,True,0.2277146089;0.9318683167;0.4490225566;0.364868936;0.3264467419;0.2532754659;0.5108922966;0.7249468559;0.885090931;0.3371942215;0.4510893652;0.3770521179,1.986329388;0.369039043;1.047885528;1.273544601;1.412123145;1.792296255;0.9237509324;0.6195927545;0.4325165816;1.370290719;1.043286736;1.235229773,26.64594595;7.694054054;15.08054054;18.3627027;19.45459459;26.76243243;14.88837838;11.17162162;8.041081081;20.39810811;17.42756757;18.68162162,0.3264022346;0.111808856;0.2996386187;0.323549169;0.3034156488;0.3521619938;0.2491630893;0.1698019062;0.1378208243;0.2992418651;0.2639233473;0.3058028302,0.04216216216;0.2524324324;0.1097297297;0.08081081081;0.06837837838;0.04297297297;0.1143243243;0.1786486486;0.2318918919;0.07081081081;0.09405405405;0.08243243243,23.98988165;0.369039043;23.97176455;23.99469485;23.87280266;23.99199887;15.06502611;5.231040599;1.310464286;23.78988444;19.94188882;23.38643363,False,conservative,True
Stationary-Conservative-Shield,4,13,498.14864864864865,34.20567567567568,26.97941891891891,42.0,71.0,59.66486486486487,0.056373873873873874,0.017387387387387387,0.1545945945945946,0.033243243243243244,0.8518312968715628,31.0,144.0,0.015765765765765764,175,11100,0.16918633399127755,0.3083191838455539,23.988982577781027,0.4064864864864865,True,True,0.931036637;0.7159624459;0.6775674106;0.3509019354;0.95;0.7562371291;0.2357345475;0.5713184825;0.95;0.8385292043;0.9458583108;0.3749843981,0.3702883284;0.6302691506;0.6771299559;1.320546841;0.2764601871;0.5830294735;1.920506701;0.8232731646;0.2265612916;0.488449848;0.3469497415;1.241568686,9.404864865;10.96621622;13.15756757;21.06702703;8.594324324;10.42837838;34.20567568;13.31297297;7.857567568;9.787297297;9.492432432;18.92837838,0.1030802644;0.1720464438;0.1612301327;0.2805269776;0.07852963694;0.1602543174;0.3083191838;0.2245088171;0.06362085999;0.1334656206;0.08392432936;0.2607294241,0.2059459459;0.1616216216;0.1413513514;0.06243243243;0.2318918919;0.1751351351;0.03324324324;0.1302702703;0.2397297297;0.1972972973;0.1981081081;0.07810810811,0.3702883284;6.108074519;5.942599117;23.98898258;0.2764601871;4.975736837;23.94584174;11.45164861;0.2265612916;2.522796353;0.3469497415;23.96392321,False,conservative,True
Stationary-Conservative-Shield,4,14,668.3554054054053,31.918108108108108,28.641297297297292,51.0,80.0,68.48693693693694,0.09876126126126127,0.029346846846846845,0.11128378378378379,0.031621621621621625,0.771929603228476,42.0,140.0,0.034684684684684684,385,11100,0.2577878175221899,0.3381901573467847,23.990900725326895,0.4064864864864865,True,True,0.3969158517;0.64914127;0.685168137;0.2123384503;0.8391928019;0.2547057577;0.6450583303;0.3536782427;0.3495021855;0.2638904463;0.8142278578;0.4332858251,1.177446822;0.7134614509;0.6676722331;2.128067317;0.4876767217;1.782678959;0.7188179662;1.310923092;1.325454306;1.723560971;0.5165166625;1.084128614,17.60594595;12.46891892;11.28783784;31.91810811;9.567297297;25.96027027;12.18135135;22.17135135;19.4327027;25.26891892;8.923243243;17.87,0.2988169096;0.2117245062;0.2013843817;0.3381901573;0.1481482798;0.3146187461;0.2265247969;0.3025752218;0.3156014173;0.3060485291;0.1485334402;0.2812874242,0.08891891892;0.1548648649;0.157027027;0.03162162162;0.2097297297;0.04297297297;0.1475675676;0.06891891892;0.07837837838;0.04783783784;0.2124324324;0.09513513514,23.66638387;14.50576529;6.824133594;23.98588487;3.030301652;23.98429502;9.645721019;23.88230822;23.99090073;23.98956077;2.846849912;23.9223021,False,conservative,True
Stationary-Conservative-Shield,4,15,609.4424324324324,40.46702702702703,33.26559459459459,51.0,93.0,73.6054054054054,0.08689189189189189,0.030495495495495496,0.13761261261261262,0.024324324324324326,0.7870686145234472,34.0,276.0,0.04072072072072072,452,11100,0.2180454831404609,0.3575929164676902,23.991575009333516,0.4064864864864865,True,True,0.95;0.6682774533;0.3936552323;0.8783623152;0.2542081145;0.6112416568;0.1961261937;0.2603661895;0.4858854259;0.9440218225;0.777121657;0.6438927182,0.2609434761;0.6888292002;1.186565108;0.4408835581;1.786011998;0.7647485898;2.305041448;1.74572184;0.9708198352;0.349980936;0.5589976316;0.7203540735,7.554594595;11.11405405;17.15297297;9.245135135;25.10783784;11.9527027;40.46702703;27.37351351;14.47972973;7.891891892;11.3;12.85054054,0.07433362805;0.2025530189;0.287341172;0.1264263392;0.3224475716;0.2087556961;0.3575929165;0.3415953005;0.2461159474;0.09922432484;0.1615049914;0.1886548911,0.2472972973;0.162972973;0.09324324324;0.2148648649;0.04837837838;0.1481081081;0.02432432432;0.04621621622;0.1183783784;0.2381081081;0.1713513514;0.1381081081,0.2609434761;10.10902201;23.63421114;1.6673903;23.98869591;10.61296051;23.99157501;23.9892966;13.52885621;0.349980936;5.32892658;7.447789618,False,conservative,True
Stationary-Conservative-Shield,4,16,655.311891891892,29.8472972972973,29.544054054054055,52.0,79.0,68.15,0.10141891891891892,0.031621621621621625,0.1266216216216216,0.033783783783783786,0.7354455382512195,39.0,119.0,0.04036036036036036,448,11100,0.25173216907065316,0.35930342969702633,23.992514211306407,0.4064864864864865,True,True,0.3932789834;0.7735119064;0.901603995;0.8416273572;0.2260479039;0.7045979448;0.6624829137;0.1982197585;0.7522839954;0.3841282698;0.2247729528;0.2144342016,1.187626136;0.5631378354;0.4113518347;0.4848363331;2.00065631;0.6439160289;0.6962092138;2.280313362;0.5876051337;1.214015836;2.011774821;2.107404393,18.91621622;9.703783784;8.060540541;9.360810811;27.44432432;9.253243243;10.82540541;29.29594595;9.518108108;16.87621622;29.8472973;26.68567568,0.3007582944;0.1935976558;0.1239614313;0.1314299573;0.3249714709;0.1950891536;0.2233514424;0.3593034297;0.1772344133;0.3071131952;0.3371082132;0.3468673717,0.08675675676;0.197027027;0.2327027027;0.2008108108;0.03702702703;0.1889189189;0.1745945946;0.03567567568;0.2021621622;0.09243243243;0.03378378378;0.03756756757,23.82246475;7.341202593;0.6156848594;1.842217663;23.63281551;6.497900722;12.48392519;23.98099523;4.527312941;23.67653842;23.98856908;23.99251421,False,conservative,True
Stationary-Conservative-Shield,4,17,570.7478378378379,36.29027027027027,33.325918918918916,52.0,92.0,74.78423423423423,0.08943693693693694,0.03412162162162162,0.15191441441441442,0.027567567567567567,0.7696806359184369,31.0,202.0,0.033963963963963964,377,11100,0.19290257008097714,0.32698542770650285,23.9980570275331,0.4064864864864865,True,True,0.6058267012;0.4606290406;0.8627452041;0.95;0.8920394043;0.9329954481;0.2434414901;0.2237143759;0.7874097494;0.2072792387;0.95;0.5223938409,0.772389876;1.022513998;0.4598691245;0.2139841101;0.4237308779;0.3673358894;1.861711545;2.021113381;0.5472165522;2.179902851;0.241873434;0.9032962107,13.44081081;15.70567568;8.038918919;6.575405405;8.527837838;7.873243243;29.18;30.90054054;10.00945946;36.29027027;8.226486486;14.54243243,0.2118853308;0.2431925185;0.1308762671;0.06691340957;0.1227674327;0.1049389284;0.3200131196;0.3157306849;0.1631296911;0.3269854277;0.06524045598;0.2431575746,0.1348648649;0.1064864865;0.2237837838;0.2602702703;0.2218918919;0.2378378378;0.03864864865;0.03189189189;0.1981081081;0.02756756757;0.2245945946;0.117027027,14.17842541;16.18536395;1.657251615;0.2139841101;1.017002826;0.3673358894;23.99413496;23.96008172;5.994228985;23.99805703;0.241873434;15.00877495,False,conservative,True
Stationary-Conservative-Shield,4,18,519.3472972972972,31.11027027027027,29.368999999999996,47.0,76.0,64.81711711711712,0.07515765765765765,0.02373873873873874,0.16326576576576574,0.04,0.8155824641268196,30.0,163.0,0.013063063063063063,145,11100,0.17148657102274445,0.3362223375657191,23.978146952250334,0.4064864864864865,True,True,0.95;0.2298402862;0.2514208534;0.95;0.8064515181;0.2889292384;0.86964094;0.95;0.4229897239;0.9113191376;0.93510967;0.8418183031,0.2641897105;1.968390267;1.804941085;0.3377909827;0.5254308787;1.582364629;0.451552802;0.2372894534;1.10910177;0.3983676074;0.3641087485;0.4846132827,7.751081081;31.11027027;27.94432432;7.842432432;11.41810811;23.76027027;9.302972973;7.571081081;19.63918919;8.433783784;8.766756757;9.931351351,0.07604379504;0.3362223376;0.303425231;0.09239039851;0.1350499367;0.2942342878;0.1283874453;0.06765956035;0.2760764136;0.1083129225;0.1042138283;0.1358226957,0.2359459459;0.04;0.04567567568;0.2313513514;0.1821621622;0.05513513514;0.2083783784;0.2356756757;0.08459459459;0.2186486486;0.2227027027;0.1989189189,0.2641897105;23.97814695;23.96305579;0.3377909827;3.410341088;23.64729258;1.740372852;0.2372894534;23.96407081;0.3983676074;0.3641087485;2.515332068,False,conservative,True
Stationary-Conservative-Shield,4,19,676.0448648648648,32.14297297297297,30.830256756756754,51.0,82.0,68.77072072072072,0.09675675675675675,0.029121621621621623,0.10804054054054053,0.03054054054054054,0.740830602287781,41.0,131.0,0.03288288288288288,365,11100,0.27793841067265873,0.3471941272030391,23.99939102464651,0.4064864864864865,True,True,0.8339118425;0.4218873338;0.3658373363;0.3670076204;0.481511622;0.1930715746;0.2120595117;0.3057773787;0.5446939528;0.4653449839;0.3623629999;0.8770434254,0.4938172966;1.111838862;1.270411673;1.266646367;0.9794527448;2.342239302;2.1308523;1.500722279;0.8655191693;1.012509865;1.281724896;0.4425090154,8.611351351;16.76351351;20.03648649;17.65864865;15.17054054;29.75621622;32.14297297;20.56594595;13.49567568;13.22108108;18.44081081;8.211891892,0.1596231045;0.2725507698;0.3189763362;0.3122112127;0.2615403546;0.3209500882;0.342664086;0.3471941272;0.2734572727;0.2714621043;0.3200848118;0.1345466601,0.2254054054;0.09891891892;0.07351351351;0.0872972973;0.117027027;0.03054054054;0.03324324324;0.0627027027;0.1364864865;0.1135135135;0.07594594595;0.2418918919,3.495970787;23.95113742;23.98799375;23.99939102;21.79865705;23.99135023;23.9627845;23.98450662;19.14492013;16.51306229;23.97002198;1.122653262,False,conservative,True
Stationary-Expected-NoShield,4,0,374.0018918918919,19.536486486486485,18.837094594594593,33.0,51.0,44.11081081081081,0.025653153153153155,0.004324324324324324,0.14317567567567566,0.04756756756756757,0.8315595472823731,26.0,92.0,0.0,0,11100,0.21873536771150248,0.40514664421336505,67.48329009275056,0.4064864864864865,True,False,0.95;0.2315765095;0.95;0.8081176242;0.6281327393;0.795200025;0.3394136806;0.9476946562;0.5005847781;0.95;0.23436609;0.2528380647,0.3369544871;1.95400716;0.2191119648;0.5235225351;0.7414402559;0.5383055036;1.361973486;0.3438720469;0.9427001774;0.2738400263;1.931388168;1.795260579,4.648378378;19.53648649;4.910540541;6.164054054;8.583243243;6.08;13.03594595;5.041351351;10.60297297;4.639189189;18.26486486;17.45378378,0.08514930958;0.391857652;0.05690989139;0.1386627255;0.203194708;0.1481067575;0.3842973837;0.08252929125;0.2721091323;0.06379732504;0.3930635921;0.4051466442,0.2105405405;0.04756756757;0.212972973;0.1945945946;0.1456756757;0.1883783784;0.08486486486;0.2002702703;0.1191891892;0.2043243243;0.05243243243;0.0572972973,0.3369544871;50.94359659;0.2191119648;0.7705676054;4.92608819;0.8149165108;36.54103047;0.3438720469;11.16750444;0.2738400263;67.48329009;60.36965703,False,expected,False
Stationary-Expected-NoShield,4,1,485.2924324324324,24.385405405405404,24.213716216216216,43.0,67.0,58.182882882882886,0.060698198198198196,0.0159009009009009,0.1209009009009009,0.03567567567567568,0.7116454551776897,34.0,111.0,0.0,0,11100,0.28021948047624323,0.401456045139843,79.64675833612047,0.4064864864864865,True,False,0.5605092249;0.2181252996;0.2316669551;0.3707979081;0.95;0.95;0.2020086086;0.95;0.325972712;0.8362721814;0.2993435181;0.2334007936,0.8400796556;2.072097608;1.953264399;1.254604531;0.2976063768;0.2276934429;2.237061952;0.2579608484;1.414030367;0.4910760745;1.530799061;1.939147999,9.502432432;24.38540541;23.36135135;13.80891892;4.171891892;3.986486486;24.07324324;4.345945946;13.33405405;6.046216216;14.41891892;17.92675676,0.2631492759;0.3953786247;0.3985715192;0.3828239231;0.0772972238;0.06320031511;0.4008573174;0.06525712273;0.3917246286;0.138563087;0.384354683;0.4014560451,0.1389189189;0.04054054054;0.03837837838;0.09108108108;0.2248648649;0.2405405405;0.03567567568;0.2210810811;0.08540540541;0.2024324324;0.07648648649;0.05540540541,7.082150702;79.64675834;62.91539035;29.69404014;0.2976063768;0.2276934429;73.14067562;0.2579608484;37.23082832;0.8553803727;33.40387787;51.32412783,False,expected,False
Stationary-Expected-NoShield,4,2,407.56081081081084,24.60108108108108,22.558945945945943,36.0,57.0,48.656306306306305,0.03475225225225225,0.007454954954954955,0.13135135135135137,0.033783783783783786,0.8255099235289457,27.0,104.0,0.0,0,11100,0.24065777117520828,0.41080928734263944,81.47605551395115,0.4064864864864865,False,False,0.2983974043;0.4720337023;0.7619171253;0.95;0.6042558466;0.7527600943;0.6803453125;0.2438339011;0.7053294905;0.1925045361;0.95;0.2931742638,1.535332493;0.9986066978;0.5764720931;0.328976203;0.7746227687;0.5870535051;0.6736618433;1.858825842;0.6430324214;2.34929577;0.2710575607;1.560894842,15.35810811;9.257837838;6.608108108;4.852972973;8.930810811;6.782432432;7.051891892;20.88810811;6.949189189;24.60108108;4.677297297;15.05702703,0.3875677158;0.259097954;0.1498827442;0.08242187572;0.2221283129;0.1578697939;0.1724210177;0.404420217;0.1736187538;0.4108092873;0.06688528457;0.4007702972,0.06486486486;0.1235135135;0.1762162162;0.2081081081;0.1391891892;0.1764864865;0.1627027027;0.04675675676;0.1651351351;0.03378378378;0.2116216216;0.06783783784,37.1389946;7.756807631;0.9294162793;0.328976203;4.368587068;1.335267526;1.810280277;70.00090424;1.129097264;81.47605551;0.2710575607;51.17780562,False,expected,False
Stationary-Expected-NoShield,4,3,520.7618918918919,21.768918918918917,21.017648648648645,43.0,63.0,56.11801801801802,0.061126126126126126,0.01277027027027027,0.1052927927927928,0.0472972972972973,0.7229446169141511,36.0,119.0,0.0,0,11100,0.3169111011595383,0.4019920058880762,66.73426146316596,0.4064864864864865,True,False,0.2469621281;0.8215561338;0.8932287906;0.3220866759;0.225348274;0.2465631425;0.4834834838;0.2778755806;0.2645088005;0.3014458345;0.9387067142;0.2969367479,1.836175919;0.5080937316;0.4222105672;1.429873819;2.006740312;1.839030251;0.9755450403;1.641436133;1.719737046;1.520828652;0.3585144156;1.542388958,18.20243243;5.670810811;5.122972973;13.0827027;20.40297297;21.76891892;10.32297297;16.36108108;18.49891892;17.35567568;4.705675676;16.42459459,0.3965147457;0.1425408901;0.1142250751;0.393022074;0.3959244399;0.4001133383;0.3011006584;0.3921701463;0.4001874585;0.4019920059;0.09205099861;0.3730913832,0.05432432432;0.2027027027;0.2218918919;0.08567567568;0.04864864865;0.0472972973;0.1305405405;0.06675675676;0.05972972973;0.06486486486;0.2113513514;0.06972972973,61.86462861;0.9404686578;0.4888422689;35.69018959;55.73690331;64.75684183;16.58161234;41.8728652;66.73426146;65.36573043;0.3585144156;41.05062482,False,expected,False
Stationary-Expected-NoShield,4,4,463.7145945945946,22.29243243243243,20.867337837837837,37.0,56.0,48.91846846846847,0.036463963963963966,0.007162162162162162,0.10304054054054053,0.04540540540540541,0.877233735868073,34.0,113.0,0.0,0,11100,0.2839789381641772,0.3983096357642259,62.438479984494116,0.4064864864864865,True,False,0.662118963;0.6741961796;0.3640876;0.2460798207;0.2372011855;0.4128728207;0.5024050881;0.4159209977;0.2309431598;0.4380235493;0.7287104513;0.5641011845,0.6966749552;0.6813572012;1.27608378;1.842501298;1.908996959;1.13470463;0.9393093506;1.126874486;1.959226317;1.072981387;0.6151471375;0.8344446437,7.487837838;7.798378378;13.58594595;17.90243243;22.29243243;11.44945946;10.65891892;11.93648649;19.70135135;11.91054054;7.130540541;8.588918919,0.1818886505;0.1721808062;0.3300573453;0.3924029791;0.3983096358;0.3207840658;0.2632604856;0.2838505463;0.3971404697;0.2940548991;0.1552830882;0.2185342864,0.1491891892;0.1486486486;0.08405405405;0.05216216216;0.04540540541;0.1027027027;0.1156756757;0.09756756757;0.04756756757;0.1002702703;0.1583783784;0.1348648649,1.946799283;1.525428805;27.97593767;42.57509085;62.43847998;14.4982065;8.386187012;22.01246917;44.6256107;11.85962775;1.26058855;3.85444823,False,expected,False
Stationary-Expected-NoShield,4,5,423.8489189189189,24.41135135135135,21.180918918918913,36.0,58.0,49.78063063063063,0.03617117117117117,0.008513513513513513,0.12533783783783786,0.04081081081081081,0.8212833439569805,30.0,107.0,0.0,0,11100,0.25369250936646065,0.39122369902660037,87.51351549513272,0.4064864864864865,True,False,0.9411489522;0.4821824971;0.3825098869;0.7544254172;0.3523107703;0.8677360717;0.95;0.2189202535;0.8265150398;0.3376263363;0.2625732011;0.2699141276,0.3546353857;0.9781203331;1.218803669;0.5851252029;1.315645181;0.4538598372;0.2241414152;2.064668323;0.5023771293;1.368663091;1.731770293;1.687095206,4.924054054;10.21837838;11.54324324;6.787027027;13.01216216;6.179189189;4.610810811;24.41135135;6.005405405;12.63378378;17.13378378;18.53783784,0.08626266137;0.2775746891;0.3462061233;0.1486534299;0.3498905021;0.1115023222;0.05555072372;0.3889388705;0.130482276;0.3765673046;0.3814575105;0.391223699,0.2051351351;0.1194594595;0.09756756757;0.1732432432;0.09054054054;0.1791891892;0.2086486486;0.04081081081;0.1824324324;0.08837837838;0.05648648649;0.06216216216,0.3546353857;11.74977599;22.89233022;0.9553756086;23.96048494;0.5615795117;0.2241414152;87.5135155;0.7071313878;45.32801954;35.6900431;61.86747057,False,expected,False
Stationary-Expected-NoShield,4,6,310.2237837837838,16.367027027027028,15.241756756756756,28.0,45.0,38.15360360360361,0.015247747747747748,0.0019369369369369369,0.14797297297297302,0.0654054054054054,0.9059067819447004,23.0,88.0,0.0,0,11100,0.1782643974504742,0.3771653652639351,47.90508244136451,0.4064864864864865,True,False,0.6600953202;0.4082536129;0.95;0.8542797728;0.5796663152;0.95;0.7238759829;0.298421524;0.95;0.3698913443;0.95;0.5870736138,0.6992694381;1.146768836;0.2551559305;0.4699577518;0.8105930222;0.2156180293;0.6208604762;1.535216558;0.2628816135;1.257463669;0.2571157349;0.7995478023,8.021621622;12.42054054;4.711891892;5.888648649;9.02027027;4.893513514;7.776216216;16.36702703;4.482972973;14.32108108;4.490810811;9.794594595,0.1886137566;0.3226449618;0.05958235783;0.1160922662;0.2002383844;0.05064109931;0.140784308;0.3771653653;0.06074696744;0.3466521465;0.06142981341;0.2145813426,0.1454054054;0.09405405405;0.2035135135;0.1835135135;0.127027027;0.1954054054;0.1435135135;0.06540540541;0.1981081081;0.08108108108;0.2054054054;0.1332432432,1.890502696;12.48214556;0.2551559305;0.6098732553;2.937709289;0.2156180293;1.062581429;47.90508244;0.2628816135;26.64108308;0.2571157349;3.593217035,False,expected,False
Stationary-Expected-NoShield,4,7,340.96864864864864,22.998648648648647,19.630418918918913,33.0,51.0,43.98873873873874,0.02662162162162162,0.003581081081081081,0.15376126126126127,0.03567567567567568,0.8416979360237804,23.0,93.0,0.0,0,11100,0.19615275325734663,0.39667711333747635,59.300489711404104,0.4064864864864865,True,False,0.95;0.8194645516;0.5139536145;0.1957148488;0.2668165055;0.95;0.9166527097;0.2817874583;0.4060368001;0.95;0.95;0.8957240492,0.2129344738;0.5105004868;0.9182376412;2.309972111;1.705631049;0.2143947682;0.3910280632;1.619983796;1.152645744;0.2643493157;0.2202876177;0.4190042049,4.544324324;5.457567568;9.655945946;22.99864865;16.87459459;4.819459459;5.011891892;16.84621622;11.52;4.752972973;4.547027027;5.257837838,0.05260057002;0.1279010679;0.2784493604;0.392070942;0.3909121972;0.05325102486;0.1001877308;0.3966771133;0.3314635329;0.06601588316;0.0563817227;0.1079218939,0.2121621622;0.1886486486;0.1289189189;0.03567567568;0.06351351351;0.2072972973;0.207027027;0.0627027027;0.1072972973;0.2081081081;0.2208108108;0.202972973,0.2129344738;0.8420019473;6.055326977;59.30048971;39.99844559;0.2143947682;0.3910280632;43.56996984;19.25345315;0.2643493157;0.2202876177;0.4950210247,False,expected,False
Stationary-Expected-NoShield,4,8,403.48243243243246,22.679189189189188,21.03989189189189,36.0,54.0,47.48603603603603,0.03412162162162162,0.005315315315315316,0.137972972972973,0.03567567567567568,0.8038122003365025,27.0,116.0,0.0,0,11100,0.23108781209496906,0.39984161314103894,92.44545437379222,0.4064864864864865,True,False,0.924502767;0.7675714746;0.2938168902;0.223720696;0.8564804989;0.95;0.4732619221;0.198994158;0.3554966144;0.365156396;0.95;0.8950142286,0.3798996382;0.5699618165;1.557699888;2.021057334;0.4673466129;0.2347890628;0.9960890923;2.271318822;1.304697623;1.272612991;0.2590903055;0.4199186836,4.681351351;6.967567568;16.87162162;19.69864865;5.604864865;4.623243243;10.31891892;22.67918919;12.56297297;13.20189189;4.473243243;4.725405405,0.09651504321;0.1557382153;0.3839519725;0.3998416131;0.1155735543;0.05876072221;0.2842892112;0.3861241997;0.3646100924;0.3494526482;0.06561286925;0.1125836038,0.2097297297;0.1732432432;0.06405405405;0.04513513514;0.1891891892;0.2124324324;0.1178378378;0.03567567568;0.08837837838;0.09162162162;0.217027027;0.2113513514,0.3798996382;0.9098854496;47.37818146;56.54793744;0.6020398386;0.2347890628;12.90222731;92.44545437;28.07775336;25.22939242;0.2590903055;0.4398373672,False,expected,False
Stationary-Expected-NoShield,4,9,501.74756756756756,29.79081081081081,25.4849054054054,43.0,70.0,59.65900900900901,0.06027027027027027,0.017342342342342342,0.12297297297297298,0.03405405405405405,0.7514537240259505,31.0,125.0,0.0,0,11100,0.2609998821444311,0.40960967752574445,89.00533545884164,0.4064864864864865,False,False,0.3257577326;0.6871221964;0.2523803769;0.1963495047;0.5437054116;0.2493362779;0.95;0.4363495231;0.95;0.6652629851;0.95;0.2127973752,1.414897118;0.6652565043;1.798374164;2.302374716;0.8671448273;1.819394726;0.209506079;1.076896197;0.2790122724;0.6926602831;0.247425482;2.123503268,14.65648649;7.818378378;20.58810811;29.79081081;9.181891892;20.78;4.172702703;9.864324324;4.671351351;7.454864865;4.426216216;21.96189189,0.3801101986;0.1756636769;0.3932120808;0.4038489705;0.2547530885;0.4096096775;0.05458482706;0.3268525484;0.07246778209;0.2003098656;0.06285944677;0.397726423,0.07324324324;0.1551351351;0.0472972973;0.03405405405;0.1275675676;0.04864864865;0.2262162162;0.1216216216;0.2178378378;0.1651351351;0.2183783784;0.04054054054,42.50271577;2.644104069;72.28621369;74.78735813;5.742896546;89.00533546;0.209506079;14.18308322;0.2790122724;2.341282265;0.247425482;66.68622239,False,expected,False
Stationary-Expected-NoShield,4,10,536.0272972972973,26.82216216216216,25.021729729729728,44.0,67.0,58.48468468468469,0.06407657657657657,0.015833333333333335,0.09925675675675676,0.035405405405405405,0.774455729855772,38.0,121.0,0.0,0,11100,0.30858775424170926,0.40176340261922716,87.16669300986729,0.4064864864864865,True,False,0.2210551088;0.5230742899;0.4621770162;0.8877431859;0.3493760462;0.4491418585;0.5565464418;0.34857734;0.2223217792;0.6900300697;0.2104662511;0.2177243916,2.045012567;0.9021077578;1.019211399;0.4291816563;1.325898395;1.047619095;0.8463561798;1.328717478;2.03354937;0.6616731043;2.146920017;2.075867389,18.84216216;10.99567568;10.73243243;4.96027027;14.59675676;10.76216216;9.48;13.84540541;22.99783784;7.457837838;23.54864865;26.82216216,0.3896577999;0.2745333339;0.283450954;0.1089193447;0.3407917225;0.3196653941;0.2383521998;0.3644995245;0.4017634026;0.1856261304;0.3968900788;0.3989031659,0.04702702703;0.1208108108;0.1151351351;0.2137837838;0.08189189189;0.1202702703;0.1343243243;0.08351351351;0.03810810811;0.162972973;0.03783783784;0.03540540541,46.88692269;10.17798704;10.82265078;0.4875449689;25.98413899;15.23809647;7.837041575;22.27946131;65.3653068;2.755057939;73.80104272;87.16669301,False,expected,False
Stationary-Expected-NoShield,4,11,438.92756756756756,26.27972972972973,23.538945945945944,38.0,63.0,52.75675675675676,0.04243243243243243,0.01144144144144144,0.11549549549549548,0.03567567567567568,0.8478593218926872,32.0,121.0,0.0,0,11100,0.2577768864385049,0.4028419345243152,61.61461715293957,0.4064864864864865,True,False,0.95;0.2935060875;0.6227889451;0.4312530983;0.6153269509;0.4183303984;0.9434799305;0.4987828682;0.6260188518;0.4351735249;0.2492611008;0.2092716103,0.3358641596;1.559243329;0.7487311135;1.088976442;0.7590395275;1.120756955;0.3508668233;0.9460759936;0.7443154627;1.079661914;1.819920828;2.159149808,4.95972973;15.20216216;8.204054054;11.09486486;8.918108108;12.28243243;5.13;11.43405405;9.888918919;11.29540541;21.29648649;26.27972973,0.07824727178;0.3700042277;0.190015815;0.3152145324;0.1909907568;0.3186584638;0.08591495728;0.2626000123;0.1788368774;0.3072659448;0.4028419345;0.3927318434,0.1975675676;0.0727027027;0.152972973;0.1043243243;0.1345945946;0.09594594595;0.197027027;0.1089189189;0.1302702703;0.1078378378;0.04810810811;0.03567567568,0.3358641596;35.21048982;3.415740065;15.5133875;3.057909132;21.06800732;0.3508668233;14.89012782;3.97494018;15.06951935;57.5522411;61.61461715,False,expected,False
Stationary-Expected-NoShield,4,12,454.25216216216216,20.681081081081082,19.322135135135134,37.0,56.0,49.181981981981984,0.03720720720720721,0.006463963963963964,0.1087162162162162,0.047027027027027025,0.8478034909233808,32.0,109.0,0.0,0,11100,0.27805534854399294,0.39091434525501406,69.50636553091867,0.4064864864864865,True,False,0.2277146089;0.9318683167;0.4490225566;0.364868936;0.3264467419;0.2532754659;0.5108922966;0.7249468559;0.885090931;0.3371942215;0.4510893652;0.3770521179,1.986329388;0.369039043;1.047885528;1.273544601;1.412123145;1.792296255;0.9237509324;0.6195927545;0.4325165816;1.370290719;1.043286736;1.235229773,18.21027027;4.871081081;11.26594595;13.77945946;14.16459459;20.68108108;9.695675676;6.894324324;5.748648649;15.04864865;12.47405405;13.02162162,0.386528962;0.08557716187;0.3058692894;0.3579692933;0.362190504;0.3909143453;0.2374289559;0.1456880261;0.1052067361;0.3533127961;0.2828152963;0.3231628162,0.05189189189;0.1975675676;0.1118918919;0.08675675676;0.08162162162;0.04702702703;0.1172972973;0.1562162162;0.1837837838;0.07648648649;0.1008108108;0.09324324324,45.6046291;0.369039043;31.23370407;30.73014086;27.13944807;69.50636553;7.283780769;1.278371018;0.4975497449;23.82540809;13.19559493;20.11597409,False,expected,False
Stationary-Expected-NoShield,4,13,318.63081081081083,21.75972972972973,17.697310810810805,29.0,48.0,40.744594594594595,0.018063063063063062,0.004436936936936937,0.14894144144144145,0.04378378378378378,0.893832251008193,23.0,89.0,0.0,0,11100,0.1847668651748456,0.394482457445491,78.60616847963777,0.4064864864864865,True,False,0.931036637;0.7159624459;0.6775674106;0.3509019354;0.95;0.7562371291;0.2357345475;0.5713184825;0.95;0.8385292043;0.9458583108;0.3749843981,0.3702883284;0.6302691506;0.6771299559;1.320546841;0.2764601871;0.5830294735;1.920506701;0.8232731646;0.2265612916;0.488449848;0.3469497415;1.241568686,5.811621622;7.013513514;8.652972973;14.37351351;4.912432432;6.465135135;21.75972973;9.201891892;4.469459459;5.527027027;5.255945946;12.80486486,0.08886919882;0.1693209556;0.1641582623;0.3583321699;0.06814370018;0.1452846418;0.3944824574;0.2385267115;0.0566403229;0.1235646102;0.07398468811;0.3358946635,0.1845945946;0.1591891892;0.1389189189;0.07837837838;0.2056756757;0.1645945946;0.04378378378;0.1367567568;0.2154054054;0.1856756757;0.1843243243;0.09,0.3702883284;1.381614904;1.539909691;32.24648149;0.2764601871;0.9490884205;78.60616848;7.335282786;0.2265612916;0.6653495441;0.3469497415;25.38275044,False,expected,False
Stationary-Expected-NoShield,4,14,467.0272972972973,25.182702702702702,21.524310810810807,38.0,60.0,52.47342342342343,0.0404954954954955,0.009662162162162162,0.10731981981981982,0.03810810810810811,0.8442372907572754,33.0,159.0,0.0,0,11100,0.27501470462540173,0.3991564102018179,110.1663950806012,0.4064864864864865,True,False,0.3969158517;0.64914127;0.685168137;0.2123384503;0.8391928019;0.2547057577;0.6450583303;0.3536782427;0.3495021855;0.2638904463;0.8142278578;0.4332858251,1.177446822;0.7134614509;0.6676722331;2.128067317;0.4876767217;1.782678959;0.7188179662;1.310923092;1.325454306;1.723560971;0.5165166625;1.084128614,11.87378378;8.298918919;7.685135135;25.1827027;5.914594595;17.39540541;8.89972973;14.76945946;13.60432432;18.53108108;5.990810811;12.40027027,0.3258663636;0.1901278353;0.1788278873;0.3991564102;0.11928309;0.3835168788;0.1981606285;0.3500518959;0.350349814;0.3866366502;0.1228472062;0.2953517954,0.09594594595;0.1424324324;0.1445945946;0.03810810811;0.1802702703;0.05648648649;0.1372972973;0.07702702703;0.08432432432;0.05594594595;0.1778378378;0.09756756757,15.07531969;3.803843528;1.470688932;110.1663951;0.6630301652;37.40507602;2.231725763;19.18984697;35.35086918;48.81058462;0.7495499874;15.41753041,False,expected,False
Stationary-Expected-NoShield,4,15,408.6313513513513,27.436216216216216,22.48309459459459,36.0,59.0,50.87792792792793,0.03529279279279279,0.009211711711711711,0.13389639639639642,0.03351351351351351,0.8431210739422124,27.0,139.0,0.0,0,11100,0.23397934754446167,0.4043167295950016,84.28460472144181,0.4064864864864865,True,False,0.95;0.6682774533;0.3936552323;0.8783623152;0.2542081145;0.6112416568;0.1961261937;0.2603661895;0.4858854259;0.9440218225;0.777121657;0.6438927182,0.2609434761;0.6888292002;1.186565108;0.4408835581;1.786011998;0.7647485898;2.305041448;1.74572184;0.9708198352;0.349980936;0.5589976316;0.7203540735,4.447837838;6.854864865;11.44216216;5.753243243;18.43054054;7.991081081;27.43621622;17.83540541;10.12594595;4.764864865;6.994594595;8.708108108,0.06375483848;0.1941753664;0.3341623898;0.1054545808;0.3919572278;0.2122694059;0.4043167296;0.4024596565;0.2846863571;0.0852250874;0.1400515688;0.189238962,0.212972973;0.172972973;0.1037837838;0.1867567568;0.05648648649;0.1535135135;0.03351351351;0.05486486486;0.1264864865;0.2048648649;0.1608108108;0.1397297297,0.2609434761;2.377121202;18.71329711;0.5226506742;59.47325529;4.494971796;84.28460472;45.98153343;8.324595056;0.349980936;0.8769928948;2.484957029,False,expected,False
Stationary-Expected-NoShield,4,16,468.98594594594596,25.7772972972973,23.815878378378375,41.0,61.0,53.40135135135135,0.0509009009009009,0.010653153153153154,0.1252702702702703,0.033243243243243244,0.7804802066436216,31.0,109.0,0.0,0,11100,0.2695204693105619,0.4072484704501961,101.17432187578757,0.4064864864864865,False,False,0.3932789834;0.7735119064;0.901603995;0.8416273572;0.2260479039;0.7045979448;0.6624829137;0.1982197585;0.7522839954;0.3841282698;0.2247729528;0.2144342016,1.187626136;0.5631378354;0.4113518347;0.4848363331;2.00065631;0.6439160289;0.6962092138;2.280313362;0.5876051337;1.214015836;2.011774821;2.107404393,12.89027027;6.721891892;4.894594595;5.671891892;17.46891892;6.218378378;7.198648649;25.7772973;6.084054054;11.59135135;22.21108108;20.62837838,0.3460164796;0.1637665705;0.1079520626;0.1193745674;0.3860725961;0.179774394;0.2052876357;0.3993629888;0.1654823106;0.3586268401;0.4072484705;0.3952807158,0.09621621622;0.1835135135;0.2113513514;0.1843243243;0.05243243243;0.1824324324;0.1689189189;0.03324324324;0.1967567568;0.1075675676;0.04459459459;0.04189189189,26.98534315;1.052551342;0.4340555041;0.6545089994;73.25644267;1.570908375;2.443138207;101.1743219;2.088446203;19.60645924;60.09523027;62.04426356,False,expected,False
Stationary-Expected-NoShield,4,17,389.37567567567567,25.772702702702702,24.99333783783784,38.0,65.0,54.42702702702703,0.043153153153153156,0.013018018018018019,0.14646396396396397,0.03405405405405405,0.8148410562190691,25.0,127.0,0.0,0,11100,0.21331763680983898,0.4075001573680631,86.6593792590337,0.4064864864864865,False,False,0.6058267012;0.4606290406;0.8627452041;0.95;0.8920394043;0.9329954481;0.2434414901;0.2237143759;0.7874097494;0.2072792387;0.95;0.5223938409,0.772389876;1.022513998;0.4598691245;0.2139841101;0.4237308779;0.3673358894;1.861711545;2.021113381;0.5472165522;2.179902851;0.241873434;0.9032962107,8.216216216;10.33297297;4.747837838;4.04972973;5.233243243;4.937837838;20.80081081;24.35567568;6.115135135;25.7727027;4.572972973;9.378918919,0.2091715286;0.2807768168;0.1198145503;0.05725520784;0.1090248097;0.09411741165;0.4015258953;0.4075001574;0.1452342309;0.4071115866;0.05948779052;0.2687916562,0.1421621622;0.1202702703;0.2091891892;0.2267567568;0.1972972973;0.2135135135;0.04648648649;0.03756756757;0.1856756757;0.03405405405;0.2108108108;0.1337837838,3.296288636;9.785363951;0.5796073736;0.2139841101;0.4474617559;0.3673358894;62.34994442;69.48024515;0.988866209;86.65937926;0.241873434;11.24173706,False,expected,False
Stationary-Expected-NoShield,4,18,325.12405405405406,21.373243243243245,19.57935135135135,31.0,50.0,42.707207207207205,0.023243243243243242,0.003310810810810811,0.15997747747747748,0.042702702702702704,0.853695741177033,21.0,91.0,0.0,0,11100,0.18881125764690873,0.39474204821797826,58.97562032741144,0.4064864864864865,True,False,0.95;0.2298402862;0.2514208534;0.95;0.8064515181;0.2889292384;0.86964094;0.95;0.4229897239;0.9113191376;0.93510967;0.8418183031,0.2641897105;1.968390267;1.804941085;0.3377909827;0.5254308787;1.582364629;0.451552802;0.2372894534;1.10910177;0.3983676074;0.3641087485;0.4846132827,4.570540541;21.37324324;18.11162162;4.524324324;6.124864865;14.46;5.582972973;4.542702703;10.89243243;4.578378378;5.172702703;6.284324324,0.06983176671;0.3947420482;0.3873306003;0.08581716858;0.1324937864;0.3750631837;0.1183800589;0.06131046417;0.3219392706;0.09969956878;0.09378260467;0.1253445707,0.2235135135;0.0427027027;0.05486486486;0.2159459459;0.1810810811;0.07567567568;0.1951351351;0.2156756757;0.1054054054;0.2078378378;0.2094594595;0.1924324324,0.2641897105;58.97562033;44.0357269;0.3377909827;0.9017235147;30.29657207;0.554658406;0.2372894534;18.36430976;0.3983676074;0.3641087485;0.6538398482,False,expected,False
Stationary-Expected-NoShield,4,19,473.7437837837838,23.098108108108107,21.85822972972973,37.0,55.0,48.14009009009009,0.03768018018018018,0.005968468468468468,0.10412162162162163,0.04,0.8411838232967311,34.30000000000018,97.0,0.0,0,11100,0.29339570581178737,0.39852697065186027,53.29795638151656,0.4064864864864865,True,False,0.8339118425;0.4218873338;0.3658373363;0.3670076204;0.481511622;0.1930715746;0.2120595117;0.3057773787;0.5446939528;0.4653449839;0.3623629999;0.8770434254,0.4938172966;1.111838862;1.270411673;1.266646367;0.9794527448;2.342239302;2.1308523;1.500722279;0.8655191693;1.012509865;1.281724896;0.4425090154,5.916756757;11.74189189;13.91594595;12.01594595;10.80216216;20.84378378;23.09810811;15.47594595;9.515945946;10.02648649;12.57108108;5.501891892,0.1247889655;0.2851716433;0.3426677972;0.3601383726;0.2594226189;0.3943824555;0.3985269707;0.3816701796;0.2432810638;0.2843237161;0.3436408369;0.1027338498,0.1843243243;0.09648648649;0.08648648649;0.09837837838;0.1108108108;0.04;0.04054054054;0.06810810811;0.1302702703;0.1186486486;0.0872972973;0.1881081081,0.6814518897;12.56826539;23.93705056;25.86536752;12.58358234;40.21374326;53.29795638;49.83322482;8.241421725;10.63784526;19.24764229;0.4850180308,False,expected,False
Stationary-Expected-Shield,4,0,387.68594594594595,21.935405405405405,20.53216216216216,35.0,60.0,50.8027027027027,0.03391891891891892,0.009481981981981982,0.143490990990991,0.045675675675675674,0.8232788775885646,25.0,183.0,0.05297297297297297,588,11100,0.21788944967830326,0.39980938303211117,23.99998220044626,0.4064864864864865,True,True,0.95;0.2315765095;0.95;0.8081176242;0.6281327393;0.795200025;0.3394136806;0.9476946562;0.5005847781;0.95;0.23436609;0.2528380647,0.3369544871;1.95400716;0.2191119648;0.5235225351;0.7414402559;0.5383055036;1.361973486;0.3438720469;0.9427001774;0.2738400263;1.931388168;1.795260579,4.647567568;21.93540541;4.917297297;6.132972973;8.569459459;6.194324324;12.78675676;4.924324324;10.33621622;4.562432432;19.38405405;18.57945946,0.08542251592;0.3876327717;0.05714676919;0.1380967552;0.2070021039;0.1473793176;0.3839292828;0.08364455194;0.2687969425;0.06431540077;0.3914976017;0.399809383,0.2135135135;0.04567567568;0.2137837838;0.1921621622;0.1435135135;0.19;0.08675675676;0.2054054054;0.1202702703;0.2091891892;0.04918918919;0.05243243243,0.3369544871;23.99443673;0.2191119648;0.7705676054;3.853125886;0.8149165108;23.99181084;0.3438720469;9.967504436;0.2738400263;23.99717177;23.9999822,False,expected,True
Stationary-Expected-Shield,4,1,518.27,27.12135135135135,26.398027027027027,47.0,76.0,64.76891891891891,0.07042792792792793,0.022972972972972974,0.12000000000000001,0.0327027027027027,0.6966785703557501,33.0,155.0,0.12207207207207207,1355,11100,0.2792530023740494,0.39935966892501346,23.99874276705156,0.4064864864864865,True,True,0.5605092249;0.2181252996;0.2316669551;0.3707979081;0.95;0.95;0.2020086086;0.95;0.325972712;0.8362721814;0.2993435181;0.2334007936,0.8400796556;2.072097608;1.953264399;1.254604531;0.2976063768;0.2276934429;2.237061952;0.2579608484;1.414030367;0.4910760745;1.530799061;1.939147999,9.512162162;27.12135135;21.79837838;12.69702703;4.244324324;3.893513514;25.80621622;4.396216216;13.37351351;5.934594595;15.19864865;21.52108108,0.2642845187;0.3959386511;0.3927645169;0.3790940177;0.07753852627;0.06356954772;0.3942065926;0.06616347166;0.3913424583;0.1386958102;0.3880782483;0.3993596689,0.1381081081;0.03891891892;0.04189189189;0.09405405405;0.2216216216;0.2475675676;0.0327027027;0.2259459459;0.08135135135;0.2013513514;0.07189189189;0.04459459459,7.082150702;23.99874277;23.99722263;23.93542526;0.2976063768;0.2276934429;23.99136411;0.2579608484;23.98900631;0.9464564472;23.99317275;23.99430778,False,expected,True
Stationary-Expected-Shield,4,2,415.3816216216216,24.992432432432434,22.52174324324324,37.0,58.0,50.318018018018016,0.038288288288288286,0.008333333333333333,0.13094594594594597,0.036216216216216214,0.8257869047095555,28.0,104.0,0.06387387387387387,709,11100,0.23904764356026606,0.4014059048077046,23.999999667559845,0.4064864864864865,True,True,0.2983974043;0.4720337023;0.7619171253;0.95;0.6042558466;0.7527600943;0.6803453125;0.2438339011;0.7053294905;0.1925045361;0.95;0.2931742638,1.535332493;0.9986066978;0.5764720931;0.328976203;0.7746227687;0.5870535051;0.6736618433;1.858825842;0.6430324214;2.34929577;0.2710575607;1.560894842,15.87162162;9.331621622;6.504324324;4.82027027;8.865135135;6.721621622;7.103783784;20.50027027;7.228108108;24.99243243;4.745135135;15.51783784,0.3863228516;0.2566689107;0.1506617606;0.08313317562;0.2246406029;0.1588217726;0.1733313716;0.4014059048;0.1736187538;0.3949356673;0.06805742537;0.396973526,0.06405405405;0.1256756757;0.1802702703;0.207027027;0.1402702703;0.172972973;0.1627027027;0.04459459459;0.1602702703;0.03621621622;0.2108108108;0.06648648649,23.99061455;9.152627724;0.9294162793;0.328976203;4.292455374;1.335267526;2.08394212;23.97730313;1.458194529;23.99999967;0.2710575607;23.99901395,False,expected,True
Stationary-Expected-Shield,4,3,503.84135135135136,20.667297297297296,20.347256756756757,43.0,64.0,56.428378378378376,0.057927927927927926,0.01286036036036036,0.10738738738738739,0.04810810810810811,0.718433190441952,35.0,123.0,0.09243243243243243,1026,11100,0.31561651982505035,0.3960043143422924,23.9988214464753,0.4064864864864865,True,True,0.2469621281;0.8215561338;0.8932287906;0.3220866759;0.225348274;0.2465631425;0.4834834838;0.2778755806;0.2645088005;0.3014458345;0.9387067142;0.2969367479,1.836175919;0.5080937316;0.4222105672;1.429873819;2.006740312;1.839030251;0.9755450403;1.641436133;1.719737046;1.520828652;0.3585144156;1.542388958,18.26189189;5.513243243;4.702162162;12.4327027;20.08540541;20.6672973;9.828378378;15.91135135;18.22810811;16.35;4.431351351;16.35918919,0.3950259544;0.1435021485;0.1146815189;0.3957272407;0.3953820776;0.3931548455;0.3055828923;0.3899519893;0.3960043143;0.389249928;0.09437649752;0.3747588307,0.05783783784;0.2064864865;0.2272972973;0.08675675676;0.04864864865;0.04810810811;0.1321621622;0.06486486486;0.05891891892;0.06810810811;0.2191891892;0.07027027027,23.99541437;0.9404686578;0.4888422689;23.98892778;23.99767838;23.98108556;17.2060673;23.99882145;23.98300089;23.98667143;0.3585144156;23.97240148,False,expected,True
Stationary-Expected-Shield,4,4,473.7840540540541,21.25027027027027,21.157067567567566,37.0,60.0,51.73468468468469,0.03905405405405405,0.009752252252252252,0.1025,0.04594594594594595,0.8764504747700795,33.0,126.0,0.04675675675675676,519,11100,0.282965377680279,0.393963345939476,23.997933097420248,0.4064864864864865,True,True,0.662118963;0.6741961796;0.3640876;0.2460798207;0.2372011855;0.4128728207;0.5024050881;0.4159209977;0.2309431598;0.4380235493;0.7287104513;0.5641011845,0.6966749552;0.6813572012;1.27608378;1.842501298;1.908996959;1.13470463;0.9393093506;1.126874486;1.959226317;1.072981387;0.6151471375;0.8344446437,7.610540541;7.590810811;13.35378378;18.64648649;21.08081081;11.65594595;10.33189189;11.5572973;21.25027027;11.9027027;7.478918919;8.188378378,0.1860310421;0.1721808062;0.3252289202;0.3889171658;0.3864428979;0.3229308043;0.2619911486;0.2823277429;0.3939633459;0.3004347885;0.15727816;0.2178577097,0.1502702703;0.1508108108;0.08486486486;0.05054054054;0.04891891892;0.1005405405;0.1127027027;0.09648648649;0.04594594595;0.09783783784;0.1556756757;0.1354054054,1.780049731;1.525428805;23.99551877;23.99257917;23.9979331;16.08227782;7.397208569;18.93310907;23.99644225;17.09751607;1.290882825;3.682225012,False,expected,True
Stationary-Expected-Shield,4,5,436.85513513513513,26.074054054054056,21.346581081081077,37.0,64.0,54.038738738738736,0.03763513513513513,0.01168918918918919,0.12518018018018015,0.04297297297297297,0.8178456255212906,29.0,166.0,0.047747747747747746,530,11100,0.25346126535227304,0.38848786896347715,23.994891884891338,0.4064864864864865,True,True,0.9411489522;0.4821824971;0.3825098869;0.7544254172;0.3523107703;0.8677360717;0.95;0.2189202535;0.8265150398;0.3376263363;0.2625732011;0.2699141276,0.3546353857;0.9781203331;1.218803669;0.5851252029;1.315645181;0.4538598372;0.2241414152;2.064668323;0.5023771293;1.368663091;1.731770293;1.687095206,4.901891892;10.09486486;11.25972973;6.652972973;14.14108108;6.197567568;4.662702703;26.07405405;6.190540541;12.87621622;17.47864865;17.42864865,0.08616681397;0.2754598344;0.3429120593;0.1481790041;0.3538018797;0.1112569925;0.05567188124;0.3800105751;0.1317042744;0.3817460298;0.3861379707;0.388487869,0.2062162162;0.1183783784;0.09756756757;0.1732432432;0.08783783784;0.18;0.21;0.04297297297;0.1837837838;0.0827027027;0.05540540541;0.06405405405,0.3546353857;9.609248994;22.21539813;1.140500811;23.98355061;0.5615795117;0.2241414152;23.99489188;0.8190170342;23.98983911;23.99252137;23.98366234,False,expected,True
Stationary-Expected-Shield,4,6,314.5843243243243,16.074864864864864,15.345148648648648,28.0,45.0,38.0509009009009,0.01518018018018018,0.0019369369369369369,0.14777027027027026,0.06378378378378378,0.9039936631202213,23.0,81.0,0.006756756756756757,75,11100,0.17814664999343152,0.366792280410691,23.99547723880539,0.4064864864864865,True,True,0.6600953202;0.4082536129;0.95;0.8542797728;0.5796663152;0.95;0.7238759829;0.298421524;0.95;0.3698913443;0.95;0.5870736138,0.6992694381;1.146768836;0.2551559305;0.4699577518;0.8105930222;0.2156180293;0.6208604762;1.535216558;0.2628816135;1.257463669;0.2571157349;0.7995478023,8.206216216;12.61567568;4.714324324;5.98;9.365945946;4.70972973;8.021621622;16.07486486;4.375675676;14.74810811;4.537297297;9.266216216,0.1903146822;0.3235747744;0.05937547464;0.1157112194;0.2022100972;0.05029144845;0.1406165079;0.3667922804;0.06081801652;0.3527695373;0.06156879489;0.2137169666,0.1437837838;0.09378378378;0.2005405405;0.1808108108;0.1251351351;0.1994594595;0.1402702703;0.06378378378;0.2043243243;0.08243243243;0.2035135135;0.1354054054,1.792694381;17.71105996;0.2551559305;0.5399155036;3.337709289;0.2156180293;1.062581429;23.99547724;0.2628816135;23.96274746;0.2571157349;3.99231264,False,expected,True
Stationary-Expected-Shield,4,7,367.5697297297297,28.723513513513513,22.649581081081074,35.0,65.0,54.142342342342346,0.0368018018018018,0.01259009009009009,0.15556306306306308,0.03216216216216216,0.8378373370756439,22.0,196.0,0.06,666,11100,0.19489090237656145,0.38967177800259817,23.998884423624965,0.4064864864864865,True,True,0.95;0.8194645516;0.5139536145;0.1957148488;0.2668165055;0.95;0.9166527097;0.2817874583;0.4060368001;0.95;0.95;0.8957240492,0.2129344738;0.5105004868;0.9182376412;2.309972111;1.705631049;0.2143947682;0.3910280632;1.619983796;1.152645744;0.2643493157;0.2202876177;0.4190042049,4.594594595;5.468108108;9.76;28.72351351;16.2527027;4.656486486;5.250810811;17.68;11.32378378;4.534594595;4.521891892;5.234594595,0.05288831931;0.1281770141;0.2821719454;0.3883250413;0.3844584581;0.05307719126;0.1017729797;0.389671778;0.3258560671;0.06587299163;0.05679848306;0.1096205596,0.2151351351;0.1921621622;0.1313513514;0.03216216216;0.06351351351;0.21;0.2118918919;0.06189189189;0.1094594595;0.2118918919;0.2197297297;0.2075675676,0.2129344738;0.7315014605;6.110653955;23.99888442;23.9759214;0.2143947682;0.3910280632;23.99708331;23.80053827;0.2643493157;0.2202876177;0.4950210247,False,expected,True
Stationary-Expected-Shield,4,8,407.50513513513516,23.809729729729728,22.893013513513512,37.0,59.0,50.83828828828829,0.03862612612612613,0.008986486486486487,0.13837837837837838,0.032972972972972976,0.7959552060629403,25.0,119.0,0.062162162162162166,690,11100,0.23113227045771204,0.3954717594455085,23.9978746481775,0.4064864864864865,True,True,0.924502767;0.7675714746;0.2938168902;0.223720696;0.8564804989;0.95;0.4732619221;0.198994158;0.3554966144;0.365156396;0.95;0.8950142286,0.3798996382;0.5699618165;1.557699888;2.021057334;0.4673466129;0.2347890628;0.9960890923;2.271318822;1.304697623;1.272612991;0.2590903055;0.4199186836,4.714864865;6.814324324;15.98918919;22.14297297;5.473783784;4.677027027;10.78513514;23.80972973;12.74594595;12.31243243;4.293243243;4.647027027,0.09579631417;0.1560463027;0.3814259727;0.3954717594;0.1162051037;0.05939528725;0.2864429174;0.3941045091;0.3649627134;0.3460131536;0.06491262518;0.1128105869,0.2078378378;0.1756756757;0.06324324324;0.04;0.1910810811;0.2148648649;0.1202702703;0.03297297297;0.08783783784;0.09162162162;0.2205405405;0.2145945946,0.3798996382;0.9098854496;23.99787465;23.97921071;0.6020398386;0.2347890628;14.09440549;23.99692701;23.9059391;21.41406766;0.2590903055;0.4398373672,False,expected,True
Stationary-Expected-Shield,4,9,504.0910810810811,27.317297297297298,25.832594594594593,44.0,73.0,61.15,0.06096846846846847,0.02009009009009009,0.12378378378378375,0.033783783783783786,0.7498614770302103,30.0,120.0,0.11837837837837838,1314,11100,0.2599622936104236,0.39715250315115797,23.997363366626036,0.4064864864864865,True,True,0.3257577326;0.6871221964;0.2523803769;0.1963495047;0.5437054116;0.2493362779;0.95;0.4363495231;0.95;0.6652629851;0.95;0.2127973752,1.414897118;0.6652565043;1.798374164;2.302374716;0.8671448273;1.819394726;0.209506079;1.076896197;0.2790122724;0.6926602831;0.247425482;2.123503268,15.7427027;7.751891892;19.12;27.3172973;9.74;19.18621622;4.130540541;9.412972973;4.6;7.507027027;4.451081081;24.61783784,0.3839342449;0.175843476;0.3912678925;0.3963818093;0.2657681714;0.3968247416;0.05413184094;0.3210314879;0.07231696465;0.2014330985;0.06346129254;0.3971525032,0.07162162162;0.1572972973;0.04918918919;0.03378378378;0.1316216216;0.05054054054;0.2289189189;0.1202702703;0.2175675676;0.1654054054;0.2210810811;0.03810810811,23.9898763;3.309360573;23.98376384;23.99736337;9.955806884;23.99407707;0.209506079;18.21377181;0.2790122724;2.126602831;0.247425482;23.99466673,False,expected,True
Stationary-Expected-Shield,4,10,550.4191891891892,26.422432432432434,24.357554054054052,45.0,76.0,63.84144144144144,0.06630630630630631,0.021824324324324323,0.0986036036036036,0.03594594594594595,0.780434482358743,37.0,174.0,0.10153153153153154,1127,11100,0.3088021511619496,0.40066418674338794,23.995404119262624,0.4064864864864865,True,True,0.2210551088;0.5230742899;0.4621770162;0.8877431859;0.3493760462;0.4491418585;0.5565464418;0.34857734;0.2223217792;0.6900300697;0.2104662511;0.2177243916,2.045012567;0.9021077578;1.019211399;0.4291816563;1.325898395;1.047619095;0.8463561798;1.328717478;2.03354937;0.6616731043;2.146920017;2.075867389,22.66810811;10.74621622;11.09648649;5.121081081;14.91243243;10.96162162;9.110810811;13.95648649;21.58891892;7.458378378;22.4627027;26.42243243,0.3957375669;0.2667313208;0.2892356673;0.1099633;0.3418667752;0.3233462179;0.2374372202;0.3659359758;0.4006641867;0.1827648413;0.3992110734;0.3927316682,0.0472972973;0.1162162162;0.1148648649;0.2127027027;0.08189189189;0.1159459459;0.1351351351;0.08081081081;0.04432432432;0.1602702703;0.03783783784;0.03594594595,23.98566603;7.446370672;12.53791918;0.5750899378;23.7323422;14.91428741;10.77611011;23.96096733;23.98978262;2.755057939;23.99540412;23.99321517,False,expected,True
Stationary-Expected-Shield,4,11,454.03324324324325,26.62162162162162,24.067837837837832,39.0,67.0,55.99054054054054,0.04511261261261261,0.01427927927927928,0.11518018018018018,0.03594594594594595,0.845772231268631,31.0,128.0,0.042522522522522525,472,11100,0.25686531548491726,0.3964476181032941,23.99683310085231,0.4064864864864865,True,True,0.95;0.2935060875;0.6227889451;0.4312530983;0.6153269509;0.4183303984;0.9434799305;0.4987828682;0.6260188518;0.4351735249;0.2492611008;0.2092716103,0.3358641596;1.559243329;0.7487311135;1.088976442;0.7590395275;1.120756955;0.3508668233;0.9460759936;0.7443154627;1.079661914;1.819920828;2.159149808,5.044054054;14.82972973;8.121621622;11.28108108;9.218918919;13.32351351;5.029459459;11.32;9.758378378;11.33243243;21.97837838;26.62162162,0.07897346456;0.3598902169;0.1908252541;0.3187463479;0.1909907568;0.3259282387;0.08600978616;0.2600430501;0.178032212;0.3119347531;0.3964476181;0.3845620874,0.1983783784;0.07027027027;0.1513513514;0.1056756757;0.1340540541;0.09378378378;0.1978378378;0.1075675676;0.1297297297;0.1091891892;0.04837837838;0.03594594595,0.3358641596;23.99535639;4.215740065;15.53779856;5.375988187;23.96617423;0.3508668233;15.29012782;3.919255642;17.34918126;23.9968331;23.99336235,False,expected,True
Stationary-Expected-Shield,4,12,472.52783783783786,21.82918918918919,20.772594594594594,38.0,59.0,52.19144144144144,0.04051801801801802,0.009121621621621622,0.10833333333333332,0.047837837837837835,0.8442772148314223,32.0,124.0,0.03720720720720721,413,11100,0.27824680353159753,0.39430517600691645,23.99940523799794,0.4064864864864865,True,True,0.2277146089;0.9318683167;0.4490225566;0.364868936;0.3264467419;0.2532754659;0.5108922966;0.7249468559;0.885090931;0.3371942215;0.4510893652;0.3770521179,1.986329388;0.369039043;1.047885528;1.273544601;1.412123145;1.792296255;0.9237509324;0.6195927545;0.4325165816;1.370290719;1.043286736;1.235229773,19.90810811;4.928918919;11.25378378;13.47378378;14.65972973;21.82918919;10.05567568;6.615405405;5.67972973;15.57135135;12.16513514;12.36540541,0.3892131909;0.08507846046;0.3081349878;0.3552156834;0.3648620883;0.394305176;0.2419228793;0.1450181961;0.1062588034;0.3547941915;0.2726643984;0.3214935868,0.05108108108;0.1959459459;0.1091891892;0.08459459459;0.07972972973;0.04783783784;0.1167567568;0.16;0.1851351351;0.07702702703;0.1024324324;0.09027027027,23.9934339;0.369039043;23.95484878;23.99469485;23.93348218;23.99940524;7.180014918;1.317556527;0.4650331633;22.84715241;12.79559493;21.35120386,False,expected,True
Stationary-Expected-Shield,4,13,328.7043243243243,24.485405405405405,18.600702702702694,29.0,54.0,45.193693693693696,0.020225225225225227,0.00786036036036036,0.14972972972972973,0.04297297297297297,0.895700191981338,23.0,146.0,0.03063063063063063,340,11100,0.1838797805311788,0.3872156753346529,23.996511808936678,0.4064864864864865,True,True,0.931036637;0.7159624459;0.6775674106;0.3509019354;0.95;0.7562371291;0.2357345475;0.5713184825;0.95;0.8385292043;0.9458583108;0.3749843981,0.3702883284;0.6302691506;0.6771299559;1.320546841;0.2764601871;0.5830294735;1.920506701;0.8232731646;0.2265612916;0.488449848;0.3469497415;1.241568686,5.822972973;6.918378378;8.344324324;13.78594595;5.027837838;6.455405405;24.48540541;9.045675676;4.469189189;5.603783784;5.188108108;12.76378378,0.08896927675;0.1693209556;0.1645242785;0.3504802697;0.06851729502;0.1476482748;0.3872156753;0.2387492177;0.05676278846;0.124356691;0.07445353912;0.3355591044,0.182972973;0.1594594595;0.1432432432;0.07972972973;0.2067567568;0.167027027;0.04297297297;0.1359459459;0.2135135135;0.1889189189;0.1837837838;0.09243243243,0.3702883284;1.442153205;1.539909691;21.95609151;0.2764601871;0.9490884205;23.99651181;7.335282786;0.2265612916;0.6653495441;0.3469497415;23.75686861,False,expected,True
Stationary-Expected-Shield,4,14,485.16486486486485,26.99810810810811,23.650837837837834,39.0,67.0,57.1990990990991,0.04587837837837838,0.013288288288288288,0.10813063063063065,0.03810810810810811,0.8435035271134175,33.0,182.0,0.040450450450450454,449,11100,0.27502264582366726,0.39513033690007043,23.996995701246963,0.4064864864864865,True,True,0.3969158517;0.64914127;0.685168137;0.2123384503;0.8391928019;0.2547057577;0.6450583303;0.3536782427;0.3495021855;0.2638904463;0.8142278578;0.4332858251,1.177446822;0.7134614509;0.6676722331;2.128067317;0.4876767217;1.782678959;0.7188179662;1.310923092;1.325454306;1.723560971;0.5165166625;1.084128614,12.06783784;8.452702703;7.880810811;26.99810811;6.068378378;16.84;8.471621622;15.42297297;14.04297297;20.91216216;5.998378378;12.15486486,0.3293668812;0.1907063176;0.1773842717;0.3951303369;0.118755872;0.3844804891;0.1960236021;0.3546578419;0.3510662758;0.3829100318;0.1232660035;0.2965238264,0.09837837838;0.1418918919;0.1435135135;0.03810810811;0.1802702703;0.05810810811;0.1413513514;0.07864864865;0.08351351351;0.05243243243;0.1802702703;0.1010810811,16.21361736;3.609613371;2.415083496;23.97345265;0.6630301652;23.9969957;2.231725763;23.99323131;23.99450889;23.98956077;0.7495499874;14.18734397,False,expected,True
Stationary-Expected-Shield,4,15,435.47837837837835,30.33,25.441391891891886,39.0,75.0,60.55225225225225,0.04605855855855856,0.01756756756756757,0.13355855855855855,0.030810810810810812,0.8374983304763282,26.0,167.0,0.07711711711711712,856,11100,0.2334651979141457,0.4001005729555505,23.99744540922846,0.4064864864864865,True,True,0.95;0.6682774533;0.3936552323;0.8783623152;0.2542081145;0.6112416568;0.1961261937;0.2603661895;0.4858854259;0.9440218225;0.777121657;0.6438927182,0.2609434761;0.6888292002;1.186565108;0.4408835581;1.786011998;0.7647485898;2.305041448;1.74572184;0.9708198352;0.349980936;0.5589976316;0.7203540735,4.375675676;6.854324324;11.64648649;5.872702703;21.44162162;7.951621622;30.33;18.92351351;10.09486486;4.74027027;7.015135135;8.866756757,0.06410746479;0.1932445162;0.3370486293;0.1052162653;0.389543698;0.2118560283;0.3993328562;0.400100573;0.2846863571;0.08579262405;0.1400515688;0.1906017941,0.2148648649;0.1740540541;0.107027027;0.1835135135;0.05;0.1548648649;0.03081081081;0.05621621622;0.1240540541;0.2054054054;0.1621621622;0.1397297297,0.2609434761;1.844146001;20.52520862;0.5226506742;23.99109558;4.859720386;23.99744541;23.99517707;11.07049588;0.349980936;0.8769928948;2.884957029,False,expected,True
Stationary-Expected-Shield,4,16,489.35027027027024,27.473783783783784,24.563540540540536,42.0,76.0,61.94504504504504,0.05578828828828829,0.01981981981981982,0.12452702702702702,0.03405405405405405,0.7782660996521841,30.0,126.0,0.10963963963963964,1217,11100,0.2694232738869318,0.4005955905712983,23.99979693762477,0.4064864864864865,True,True,0.3932789834;0.7735119064;0.901603995;0.8416273572;0.2260479039;0.7045979448;0.6624829137;0.1982197585;0.7522839954;0.3841282698;0.2247729528;0.2144342016,1.187626136;0.5631378354;0.4113518347;0.4848363331;2.00065631;0.6439160289;0.6962092138;2.280313362;0.5876051337;1.214015836;2.011774821;2.107404393,12.92297297;6.834054054;4.987567568;5.714864865;18.50351351;6.282702703;6.965675676;27.47378378;6.224324324;11.47324324;22.18243243;22.15810811,0.3469794197;0.1657451629;0.1085079434;0.1192435306;0.3963462366;0.1808185822;0.2043468125;0.4005955906;0.163417752;0.3563300534;0.3914805056;0.3992676971,0.09837837838;0.1813513514;0.2121621622;0.1840540541;0.04837837838;0.1832432432;0.1681081081;0.03405405405;0.1935135135;0.1059459459;0.04486486486;0.04027027027,23.98332498;1.378827012;0.4340555041;0.6545089994;23.79361149;1.551328231;2.443138207;23.99979694;1.688446203;21.22047507;23.98856908;23.99251421,False,expected,True
Stationary-Expected-Shield,4,17,398.25945945945944,25.17810810810811,25.04848648648649,39.0,70.0,57.74684684684685,0.047454954954954956,0.017454954954954954,0.14824324324324323,0.03567567567567568,0.813792716359451,24.0,116.0,0.07225225225225225,802,11100,0.21122455707154963,0.39650665377743577,23.998057027533086,0.4064864864864865,True,True,0.6058267012;0.4606290406;0.8627452041;0.95;0.8920394043;0.9329954481;0.2434414901;0.2237143759;0.7874097494;0.2072792387;0.95;0.5223938409,0.772389876;1.022513998;0.4598691245;0.2139841101;0.4237308779;0.3673358894;1.861711545;2.021113381;0.5472165522;2.179902851;0.241873434;0.9032962107,8.738108108;10.14648649;4.797567568;3.887297297;5.185675676;4.662162162;20.97486486;24.94243243;6.398378378;25.17810811;4.327297297;9.093513514,0.2112590688;0.2838167233;0.1203117061;0.05783354328;0.1093683752;0.0936210118;0.3954879119;0.3889277641;0.1478963655;0.3965066538;0.06014150251;0.2695240586,0.1413513514;0.1181081081;0.212972973;0.2313513514;0.1986486486;0.2194594595;0.04810810811;0.03918918919;0.1859459459;0.03567567568;0.2148648649;0.1332432432,4.758238016;9.517821956;0.5796073736;0.2139841101;0.4474617559;0.3673358894;23.99277009;23.98581206;0.8416496567;23.99805703;0.241873434;10.63514464,False,expected,True
Stationary-Expected-Shield,4,18,343.60324324324324,23.79945945945946,21.44947297297297,32.0,60.0,50.75135135135135,0.027972972972972972,0.009977477477477478,0.1597072072072072,0.045675675675675674,0.8548545442910515,21.0,177.0,0.046306306306306305,514,11100,0.18884858064196827,0.3920820613701483,23.998058294668787,0.4064864864864865,True,True,0.95;0.2298402862;0.2514208534;0.95;0.8064515181;0.2889292384;0.86964094;0.95;0.4229897239;0.9113191376;0.93510967;0.8418183031,0.2641897105;1.968390267;1.804941085;0.3377909827;0.5254308787;1.582364629;0.451552802;0.2372894534;1.10910177;0.3983676074;0.3641087485;0.4846132827,4.64027027;23.79945946;19.52675676;4.581351351;6.332702703;14.59027027;5.539189189;4.464054054;10.90783784;4.642432432;5.118378378;6.28,0.06954615621;0.3920820614;0.383428025;0.08536069428;0.1339138699;0.3806228432;0.1183800589;0.06111806731;0.3231382995;0.0992689011;0.09397942021;0.1253445707,0.2191891892;0.04567567568;0.05621621622;0.2113513514;0.1843243243;0.07189189189;0.1945945946;0.2162162162;0.1035135135;0.2108108108;0.2078378378;0.1948648649,0.2641897105;23.99805829;23.99619822;0.3377909827;0.9017235147;23.95429695;0.554658406;0.2372894534;20.65532746;0.3983676074;0.3641087485;0.6538398482,False,expected,True
Stationary-Expected-Shield,4,19,485.4218918918919,25.44162162162162,23.687864864864864,38.0,63.0,52.76981981981982,0.04243243243243243,0.011396396396396396,0.10522522522522522,0.03783783783783784,0.8313537079051558,34.0,122.0,0.0490990990990991,545,11100,0.2926760155478037,0.3962815684459906,23.996876485050244,0.4064864864864865,True,True,0.8339118425;0.4218873338;0.3658373363;0.3670076204;0.481511622;0.1930715746;0.2120595117;0.3057773787;0.5446939528;0.4653449839;0.3623629999;0.8770434254,0.4938172966;1.111838862;1.270411673;1.266646367;0.9794527448;2.342239302;2.1308523;1.500722279;0.8655191693;1.012509865;1.281724896;0.4425090154,5.937567568;11.81702703;13.52702703;12.24648649;10.47324324;22.25297297;25.44162162;15.61918919;8.901891892;9.453513514;12.80432432;5.396756757,0.1266574634;0.2872751223;0.3433545062;0.3621923937;0.2618050715;0.3962815684;0.3875847561;0.3792365759;0.2379008095;0.2796716437;0.3450264855;0.1051257904,0.1859459459;0.09621621622;0.08837837838;0.09459459459;0.1159459459;0.03783783784;0.03891891892;0.0672972973;0.1356756757;0.1210810811;0.08648648649;0.1943243243,0.7752691863;15.90378198;23.86363732;23.93213568;9.947960386;23.99135023;23.99687649;23.99606308;8.241421725;8.625177564;20.92936718;0.4850180308,False,expected,True
Bayesian-Conservative-NoShield,4,0,550.8967567567568,25.9527027027027,24.93847297297297,45.0,67.0,57.946846846846846,0.0699099099099099,0.016126126126126124,0.14853603603603605,0.03918918918918919,0.7668662520717934,33.0,103.0,0.0,0,11100,0.2037525805664441,0.3695737359714778,36.229380849365285,0.4064864864864865,True,False,0.95;0.2315765095;0.95;0.8081176242;0.6281327393;0.795200025;0.3394136806;0.9476946562;0.5005847781;0.95;0.23436609;0.2528380647,0.3369544871;1.95400716;0.2191119648;0.5235225351;0.7414402559;0.5383055036;1.361973486;0.3438720469;0.9427001774;0.2738400263;1.931388168;1.795260579,7.766216216;25.9527027;8.428378378;9.856756757;14.44324324;10.17297297;19.54621622;8.921891892;16.39891892;7.99;23.65675676;24.10864865,0.09726145736;0.3464401883;0.06460841988;0.1508310871;0.1873639566;0.1514529809;0.3191435169;0.09498303565;0.2277767456;0.07460290446;0.369573736;0.3609929381,0.2459459459;0.03918918919;0.2462162162;0.21;0.1332432432;0.1905405405;0.06756756757;0.2240540541;0.09864864865;0.2362162162;0.04243243243;0.04837837838,0.3369544871;28.54216467;0.2191119648;2.623405632;7.91168563;2.612888058;25.05078037;0.3438720469;14.93830515;0.2738400263;35.52997406;36.22938085,True,conservative,False
Bayesian-Conservative-NoShield,4,1,658.6913513513514,31.196486486486485,30.87808108108108,56.0,91.0,77.10810810810811,0.11146396396396396,0.041914414414414417,0.1301801801801802,0.03513513513513514,0.6381047903432187,38.0,197.0,0.0,0,11100,0.2643064068504651,0.3930705402805249,62.040300609861326,0.4064864864864865,True,False,0.5605092249;0.2181252996;0.2316669551;0.3707979081;0.95;0.95;0.2020086086;0.95;0.325972712;0.8362721814;0.2993435181;0.2334007936,0.8400796556;2.072097608;1.953264399;1.254604531;0.2976063768;0.2276934429;2.237061952;0.2579608484;1.414030367;0.4910760745;1.530799061;1.939147999,14.06945946;30.61756757;26.47675676;18.62135135;7.324054054;6.111891892;31.19648649;7.753513514;19.51108108;9.602702703;19.75648649;26.34945946,0.2250051186;0.3852981499;0.3727039637;0.3034786636;0.09338405498;0.07698499922;0.3845328112;0.07836432259;0.3450998436;0.1471900991;0.3665643156;0.3930705403,0.1197297297;0.04108108108;0.04108108108;0.08243243243;0.2708108108;0.2975675676;0.03513513514;0.267027027;0.07567567568;0.2172972973;0.06918918919;0.04513513514,10.52183208;62.04030061;42.36561266;23.5835314;0.2976063768;0.2276934429;57.9165675;0.2579608484;25.28748797;1.492912894;29.4783549;49.51641575,True,conservative,False
Bayesian-Conservative-NoShield,4,2,577.0764864864865,31.901621621621622,28.936378378378375,48.0,76.0,64.77297297297298,0.08117117117117117,0.022590090090090092,0.1364864864864865,0.032972972972972976,0.7814985834811481,35.0,138.0,0.0,0,11100,0.2274615294724597,0.3790620472079679,62.05633773786927,0.4064864864864865,True,False,0.2983974043;0.4720337023;0.7619171253;0.95;0.6042558466;0.7527600943;0.6803453125;0.2438339011;0.7053294905;0.1925045361;0.95;0.2931742638,1.535332493;0.9986066978;0.5764720931;0.328976203;0.7746227687;0.5870535051;0.6736618433;1.858825842;0.6430324214;2.34929577;0.2710575607;1.560894842,21.77243243;14.66513514;10.59459459;7.829189189;12.82108108;10.95837838;11.85756757;26.51027027;11.35594595;31.90162162;7.579189189;21.86243243,0.3311338728;0.2526205052;0.1615679893;0.09682569866;0.207682645;0.159456425;0.18243491;0.3506649832;0.174313924;0.3790620472;0.0810974918;0.3526778615,0.0572972973;0.1202702703;0.1816216216;0.2427027027;0.1354054054;0.1737837838;0.1708108108;0.04135135135;0.162972973;0.03297297297;0.2556756757;0.06297297297,25.34393948;11.36516744;3.400025583;0.328976203;8.267078142;4.515177113;4.94689871;46.35315163;4.288518743;62.05633774;0.2710575607;43.43695639,True,conservative,False
Bayesian-Conservative-NoShield,4,3,698.3164864864865,30.87108108108108,28.616081081081077,57.0,89.0,76.17387387387387,0.11878378378378378,0.042094594594594595,0.1103828828828829,0.04054054054054054,0.6310362320782387,41.0,195.0,0.0,0,11100,0.3032737967964228,0.3877890061582459,59.12076426528826,0.4064864864864865,True,False,0.2469621281;0.8215561338;0.8932287906;0.3220866759;0.225348274;0.2465631425;0.4834834838;0.2778755806;0.2645088005;0.3014458345;0.9387067142;0.2969367479,1.836175919;0.5080937316;0.4222105672;1.429873819;2.006740312;1.839030251;0.9755450403;1.641436133;1.719737046;1.520828652;0.3585144156;1.542388958,26.14189189;8.293783784;7.976216216;18.00405405;26.77108108;30.87108108;15.93459459;22.66189189;21.36081081;23.50459459;7.218378378;20.19864865,0.3796417778;0.1617660583;0.1388730433;0.3675162167;0.3877890062;0.3653208741;0.2736799329;0.3691013142;0.3802013253;0.3608885288;0.1114301562;0.3430773278,0.04486486486;0.2313513514;0.27;0.07513513514;0.04837837838;0.04054054054;0.1118918919;0.05972972973;0.05540540541;0.06108108108;0.2567567568;0.06945945946,46.25636903;2.778062094;0.7109479412;40.9873819;59.12076427;56.03975107;17.27507185;45.11100564;35.27766438;37.64971913;0.3585144156;36.31289334,True,conservative,False
Bayesian-Conservative-NoShield,4,4,655.342972972973,28.255675675675676,27.625999999999998,50.0,75.0,65.63558558558559,0.09740990990990991,0.025653153153153155,0.10364864864864864,0.041891891891891894,0.823988798510452,44.0,167.0,0.0,0,11100,0.2769780229643803,0.3796662890303822,51.46680841533976,0.4064864864864865,True,False,0.662118963;0.6741961796;0.3640876;0.2460798207;0.2372011855;0.4128728207;0.5024050881;0.4159209977;0.2309431598;0.4380235493;0.7287104513;0.5641011845,0.6966749552;0.6813572012;1.27608378;1.842501298;1.908996959;1.13470463;0.9393093506;1.126874486;1.959226317;1.072981387;0.6151471375;0.8344446437,11.38756757;11.00945946;19.11351351;25.35081081;28.25567568;16.36324324;15.38594595;17.22837838;27.11081081;18.40243243;11.26864865;11.98216216,0.2095673581;0.19501548;0.2934992695;0.3665083663;0.3689007637;0.3008500655;0.2538673921;0.2759319688;0.379666289;0.2705653066;0.1732387344;0.2361252816,0.1662162162;0.1716216216;0.07621621622;0.04189189189;0.0427027027;0.09486486486;0.1140540541;0.08837837838;0.0427027027;0.08864864865;0.1724324324;0.1440540541,9.003573701;6.589858426;28.48894304;41.16014535;51.46680842;18.76761576;12.28273376;19.90497123;40.23125798;16.73540439;4.057501337;7.957782161,True,conservative,False
Bayesian-Conservative-NoShield,4,5,600.1354054054054,31.058108108108108,28.346756756756754,48.0,76.0,65.05495495495495,0.07943693693693693,0.024279279279279278,0.13213963963963968,0.04,0.7569949321214269,36.0,150.0,0.0,0,11100,0.23782775289712296,0.37275633501412353,56.69208942488352,0.4064864864864865,True,False,0.9411489522;0.4821824971;0.3825098869;0.7544254172;0.3523107703;0.8677360717;0.95;0.2189202535;0.8265150398;0.3376263363;0.2625732011;0.2699141276,0.3546353857;0.9781203331;1.218803669;0.5851252029;1.315645181;0.4538598372;0.2241414152;2.064668323;0.5023771293;1.368663091;1.731770293;1.687095206,8.085135135;15.55918919;18.09837838;10.43945946;17.43216216;10.06513514;7.487567568;31.05810811;9.942972973;18.08243243;26.12837838;20.20837838,0.102652567;0.2495528634;0.294489319;0.1673141796;0.3132657849;0.1285527323;0.06590969183;0.372756335;0.1458251451;0.3306985956;0.3131227908;0.3697930302,0.2475675676;0.1094594595;0.08297297297;0.1883783784;0.0827027027;0.1997297297;0.247027027;0.04;0.1983783784;0.07648648649;0.04621621622;0.06675675676,0.3546353857;12.36548966;23.1897541;4.657879666;25.23806506;1.315617233;0.2241414152;56.69208942;2.038034068;38.68384984;33.77444728;37.87723426,True,conservative,False
Bayesian-Conservative-NoShield,4,6,482.7089189189189,24.462162162162162,22.952635135135132,41.0,67.0,56.92972972972973,0.05277027027027027,0.01427927927927928,0.15747747747747748,0.05378378378378378,0.8366778497393721,30.0,113.0,0.0,0,11100,0.1618747186697499,0.2900314524966847,23.955553877042814,0.4064864864864865,True,False,0.6600953202;0.4082536129;0.95;0.8542797728;0.5796663152;0.95;0.7238759829;0.298421524;0.95;0.3698913443;0.95;0.5870736138,0.6992694381;1.146768836;0.2551559305;0.4699577518;0.8105930222;0.2156180293;0.6208604762;1.535216558;0.2628816135;1.257463669;0.2571157349;0.7995478023,13.3027027;19.20702703;7.625945946;10.1972973;14.87027027;8.21972973;12.97756757;24.46216216;7.123783784;21.71756757;7.645405405;13.93243243,0.1821880374;0.2591077695;0.07185742692;0.1284127803;0.190817979;0.05810031762;0.1471607129;0.2900314525;0.07453048988;0.2705246163;0.07268731315;0.1970777286,0.1327027027;0.07621621622;0.2386486486;0.1997297297;0.1191891892;0.2245945946;0.1510810811;0.05378378378;0.2497297297;0.06405405405;0.2464864865;0.1335135135,5.786849886;17.12398462;0.2551559305;1.309450773;8.611860445;0.2156180293;3.838070001;23.95555388;0.2628816135;20.92391006;0.2571157349;8.390503849,True,conservative,False
Bayesian-Conservative-NoShield,4,7,515.0,31.99810810810811,28.36201351351351,45.0,73.0,62.55585585585585,0.0675,0.020225225225225227,0.16240990990990992,0.030810810810810812,0.8012081483953655,29.0,151.0,0.0,0,11100,0.17956320508754553,0.35898215232151764,48.387517842565686,0.4064864864864865,True,False,0.95;0.8194645516;0.5139536145;0.1957148488;0.2668165055;0.95;0.9166527097;0.2817874583;0.4060368001;0.95;0.95;0.8957240492,0.2129344738;0.5105004868;0.9182376412;2.309972111;1.705631049;0.2143947682;0.3910280632;1.619983796;1.152645744;0.2643493157;0.2202876177;0.4190042049,8.733513514;8.501081081;15.05783784;31.99810811;25.38702703;8.457297297;8.522702703;20.87432432;17.52351351;8.109459459;8.123243243;8.883783784,0.05772250736;0.1389389163;0.2357637187;0.3589821523;0.3415871912;0.05910342258;0.112024256;0.3235589258;0.2716505645;0.07437503719;0.06191868174;0.1191330875,0.2272972973;0.2094594595;0.1143243243;0.03081081081;0.05324324324;0.2316216216;0.2335135135;0.05864864865;0.09162162162;0.2354054054;0.2372972973;0.2256756757,0.2129344738;1.505004868;9.728277542;48.38751784;35.96893147;0.2143947682;0.3910280632;29.2995949;22.0322872;0.2643493157;0.2202876177;0.6660588692,True,conservative,False
Bayesian-Conservative-NoShield,4,8,595.8837837837838,30.08135135135135,29.893013513513512,49.0,81.0,67.81756756756756,0.08558558558558559,0.025,0.14653153153153153,0.032972972972972976,0.7307897149204315,33.0,187.0,0.0,0,11100,0.21317183027501807,0.3898074193960232,56.04046089500248,0.4064864864864865,True,False,0.924502767;0.7675714746;0.2938168902;0.223720696;0.8564804989;0.95;0.4732619221;0.198994158;0.3554966144;0.365156396;0.95;0.8950142286,0.3798996382;0.5699618165;1.557699888;2.021057334;0.4673466129;0.2347890628;0.9960890923;2.271318822;1.304697623;1.272612991;0.2590903055;0.4199186836,7.508918919;9.955675676;21.38162162;30.08135135;9.648918919;7.503243243;16.14243243;29.73891892;19.56351351;22.25594595;7.465675676;7.809459459,0.1113003264;0.162824227;0.320801977;0.3424872834;0.1290887131;0.07018289284;0.2406766618;0.3898074194;0.3021961791;0.2834143525;0.0773769696;0.1279049612,0.2445945946;0.1813513514;0.05108108108;0.03297297297;0.2059459459;0.2613513514;0.1032432432;0.03675675676;0.07324324324;0.07243243243;0.2551351351;0.2402702703,0.3798996382;4.139159964;23.06939754;42.40044675;1.410199193;0.2347890628;16.48658368;56.0404609;19.66441679;22.83190663;0.2590903055;0.6987802543,True,conservative,False
Bayesian-Conservative-NoShield,4,9,721.1908108108108,34.14297297297297,33.70222972972973,58.0,92.0,77.92297297297297,0.12396396396396396,0.04387387387387388,0.12977477477477475,0.03135135135135135,0.6667345437463359,38.0,192.0,0.0,0,11100,0.2447568749781522,0.3920259652008867,63.18418019975662,0.4064864864864865,True,False,0.3257577326;0.6871221964;0.2523803769;0.1963495047;0.5437054116;0.2493362779;0.95;0.4363495231;0.95;0.6652629851;0.95;0.2127973752,1.414897118;0.6652565043;1.798374164;2.302374716;0.8671448273;1.819394726;0.209506079;1.076896197;0.2790122724;0.6926602831;0.247425482;2.123503268,22.82324324;12.02135135;27.78;34.14297297;16.36756757;28.36;6.841081081;14.84324324;7.232972973;10.77594595;6.862972973;33.34162162,0.3235143139;0.1844738306;0.3625911153;0.3920259652;0.2247545647;0.3579782056;0.06511675427;0.2744630037;0.08566430849;0.2139758658;0.07603318189;0.3764913903,0.06162162162;0.1610810811;0.04027027027;0.0327027027;0.1072972973;0.04054054054;0.2732432432;0.1040540541;0.2610810811;0.1756756757;0.2683783784;0.03135135135,27.06181065;6.496669111;42.8683073;63.1841802;12.54576551;41.85942069;0.209506079;17.84515928;0.2790122724;4.975224812;0.247425482;52.70420917,True,conservative,False
Bayesian-Conservative-NoShield,4,10,724.5881081081081,32.68027027027027,31.7365,60.0,90.0,78.05315315315315,0.1354054054054054,0.048783783783783785,0.10324324324324324,0.0327027027027027,0.7126906280397718,45.25,161.0,0.0,0,11100,0.3030777662582848,0.4029227462280451,86.26854735930912,0.4064864864864865,True,False,0.2210551088;0.5230742899;0.4621770162;0.8877431859;0.3493760462;0.4491418585;0.5565464418;0.34857734;0.2223217792;0.6900300697;0.2104662511;0.2177243916,2.045012567;0.9021077578;1.019211399;0.4291816563;1.325898395;1.047619095;0.8463561798;1.328717478;2.03354937;0.6616731043;2.146920017;2.075867389,22.8727027;16.50324324;18.20756757;8.48027027;22.4127027;14.77324324;14.44783784;20.43918919;28.50162162;10.93216216;30.96432432;32.68027027,0.4029227462;0.2464948495;0.2793190159;0.1394260408;0.3192906674;0.3171171314;0.2328623219;0.3350522723;0.3995649709;0.1988595924;0.3789023705;0.3871212158,0.05459459459;0.1116216216;0.1097297297;0.2681081081;0.0727027027;0.1175675676;0.1356756757;0.07837837838;0.04297297297;0.1797297297;0.0327027027;0.03513513514,60.74157233;9.940047399;21.53003317;0.9252698133;25.09491973;18.72381203;12.00526068;33.26765845;86.26854736;5.633462087;49.53852388;60.18041695,True,conservative,False
Bayesian-Conservative-NoShield,4,11,602.178918918919,31.416486486486487,28.015851351351348,51.0,81.0,68.97657657657658,0.0929054054054054,0.029234234234234234,0.1241891891891892,0.03513513513513514,0.7617363869936632,38.0,149.0,0.0,0,11100,0.2455817669413233,0.3717238993621366,46.05194366109353,0.4064864864864865,True,False,0.95;0.2935060875;0.6227889451;0.4312530983;0.6153269509;0.4183303984;0.9434799305;0.4987828682;0.6260188518;0.4351735249;0.2492611008;0.2092716103,0.3358641596;1.559243329;0.7487311135;1.088976442;0.7590395275;1.120756955;0.3508668233;0.9460759936;0.7443154627;1.079661914;1.819920828;2.159149808,7.689189189;20.38459459;11.99864865;17.18027027;14.19783784;19.60216216;7.636756757;17.50702703;14.7227027;16.35891892;25.23351351;31.41648649,0.1012131184;0.3421906981;0.2108588703;0.2751872902;0.1963245481;0.2704962055;0.1081049131;0.2408658341;0.1890963608;0.2754596884;0.365459777;0.3717238994,0.2594594595;0.06675675676;0.1705405405;0.08540540541;0.1378378378;0.08324324324;0.2481081081;0.1005405405;0.1524324324;0.1016216216;0.04918918919;0.03513513514,0.3358641596;27.4882198;9.467008951;16.53543462;8.657909132;15.78876427;0.3508668233;14.74405183;6.541993792;15.79154786;41.83271613;46.05194366,True,conservative,False
Bayesian-Conservative-NoShield,4,12,636.3235135135135,26.05864864864865,25.398054054054054,50.0,77.0,66.62927927927927,0.08828828828828829,0.02581081081081081,0.11434684684684683,0.04675675675675676,0.7465672179392578,39.0,191.0,0.0,0,11100,0.26576060986839295,0.3902868824926862,52.58891314660151,0.4064864864864865,True,False,0.2277146089;0.9318683167;0.4490225566;0.364868936;0.3264467419;0.2532754659;0.5108922966;0.7249468559;0.885090931;0.3371942215;0.4510893652;0.3770521179,1.986329388;0.369039043;1.047885528;1.273544601;1.412123145;1.792296255;0.9237509324;0.6195927545;0.4325165816;1.370290719;1.043286736;1.235229773,26.05864865;7.435405405;16.3472973;20.14216216;16.93324324;24.85756757;14.26378378;11.12675676;8.289459459;22.13486486;18.83837838;18.21162162,0.3902868825;0.1119085963;0.3021875294;0.2991108807;0.3392912098;0.3570060377;0.2514100511;0.1677924162;0.1315084201;0.3107226792;0.2444674595;0.2834351559,0.05;0.2567567568;0.1040540541;0.07216216216;0.08243243243;0.04675675676;0.1194594595;0.1794594595;0.2275675676;0.06432432432;0.08702702703;0.08216216216,52.58891315;0.369039043;23.89850537;19.80633804;35.58197476;38.87584793;12.44627144;3.552669581;0.9202653062;23.61959372;19.94188882;18.86827182,True,conservative,False
Bayesian-Conservative-NoShield,4,13,480.78216216216214,28.984054054054052,25.51979729729729,42.0,68.0,58.80585585585585,0.057004504504504505,0.015743243243243242,0.15837837837837837,0.038378378378378375,0.8479471899384322,30.0,160.0,0.0,0,11100,0.17080766106503478,0.3488055413202231,45.54330823318596,0.4064864864864865,True,False,0.931036637;0.7159624459;0.6775674106;0.3509019354;0.95;0.7562371291;0.2357345475;0.5713184825;0.95;0.8385292043;0.9458583108;0.3749843981,0.3702883284;0.6302691506;0.6771299559;1.320546841;0.2764601871;0.5830294735;1.920506701;0.8232731646;0.2265612916;0.488449848;0.3469497415;1.241568686,10.13027027;10.91378378;14.02594595;22.68540541;8.170540541;10.29189189;28.98405405;15.62864865;7.372972973;9.881891892;9.106486486;17.47783784,0.09787621222;0.1672768394;0.1583020032;0.2644662728;0.08039761117;0.155999778;0.3488055413;0.2096008976;0.06564154178;0.1347857554;0.08701874597;0.2795207339,0.2021621622;0.1651351351;0.1418918919;0.06162162162;0.2421621622;0.1794594595;0.03837837838;0.1162162162;0.2497297297;0.2045945946;0.2132432432;0.08594594595,0.3702883284;3.45403726;5.942599117;19.33695207;0.2764601871;3.511501049;45.54330823;14.36801443;0.2265612916;1.903647416;0.3469497415;17.59529693,True,conservative,False
Bayesian-Conservative-NoShield,4,14,654.8178378378378,30.88054054054054,27.167297297297292,52.0,82.0,70.14594594594594,0.09844594594594594,0.030315315315315314,0.11195945945945945,0.03594594594594595,0.7648959263109918,41.0,188.0,0.0,0,11100,0.2626162225711613,0.3709899455787769,48.57882729879212,0.4064864864864865,True,False,0.3969158517;0.64914127;0.685168137;0.2123384503;0.8391928019;0.2547057577;0.6450583303;0.3536782427;0.3495021855;0.2638904463;0.8142278578;0.4332858251,1.177446822;0.7134614509;0.6676722331;2.128067317;0.4876767217;1.782678959;0.7188179662;1.310923092;1.325454306;1.723560971;0.5165166625;1.084128614,16.82621622;13.13351351;11.84567568;30.88054054;9.265135135;23.57243243;12.28378378;24.12918919;20.39945946;22.98135135;8.674324324;19.14405405,0.2911794167;0.2126886433;0.1882113889;0.3686732838;0.1473574527;0.3709899456;0.2111770619;0.2852143484;0.3188254953;0.3372589575;0.1523026159;0.2675160608,0.08837837838;0.1502702703;0.1486486486;0.03594594595;0.2202702703;0.04945945946;0.1472972973;0.05972972973;0.07837837838;0.05;0.2221621622;0.09297297297,16.3655324;8.863459175;6.556461361;48.5788273;2.241211157;38.30877443;8.126903052;22.57138513;23.29998685;26.58434115;2.2642666;15.5334018,True,conservative,False
Bayesian-Conservative-NoShield,4,15,579.5418918918919,35.26972972972973,30.045621621621617,49.0,77.0,66.9545045045045,0.08216216216216216,0.026238738738738738,0.13939189189189188,0.027837837837837838,0.7920657732040112,34.0,139.0,0.0,0,11100,0.22309219284357432,0.37415065371904693,55.97140921887733,0.4064864864864865,True,False,0.95;0.6682774533;0.3936552323;0.8783623152;0.2542081145;0.6112416568;0.1961261937;0.2603661895;0.4858854259;0.9440218225;0.777121657;0.6438927182,0.2609434761;0.6888292002;1.186565108;0.4408835581;1.786011998;0.7647485898;2.305041448;1.74572184;0.9708198352;0.349980936;0.5589976316;0.7203540735,7.13972973;10.85162162;17.78081081;10.03945946;21.60324324;12.95864865;35.26972973;25.77135135;14.59027027;8.072432432;11.89324324;14.42540541,0.07651991122;0.202925359;0.2799652268;0.1193960338;0.3649256948;0.2066888081;0.3731675208;0.3741506537;0.255561762;0.0991297354;0.143224258;0.1814513504,0.2575675676;0.1764864865;0.08864864865;0.2083783784;0.05513513514;0.1435135135;0.02783783784;0.05162162162;0.12;0.24;0.167027027;0.1364864865,0.2609434761;5.376584004;19.63725791;0.8906026968;28.33125983;10.61296051;55.97140922;51.42887358;12.32459506;0.349980936;3.579952632;6.727435544,True,conservative,False
Bayesian-Conservative-NoShield,4,16,627.2164864864865,29.19108108108108,28.63216216216216,51.0,74.0,64.13603603603603,0.09529279279279279,0.025135135135135135,0.1277927927927928,0.034594594594594595,0.746151491418752,38.0,106.0,0.0,0,11100,0.2609360144923053,0.39585028458272653,60.53201804445472,0.4064864864864865,True,False,0.3932789834;0.7735119064;0.901603995;0.8416273572;0.2260479039;0.7045979448;0.6624829137;0.1982197585;0.7522839954;0.3841282698;0.2247729528;0.2144342016,1.187626136;0.5631378354;0.4113518347;0.4848363331;2.00065631;0.6439160289;0.6962092138;2.280313362;0.5876051337;1.214015836;2.011774821;2.107404393,19.40837838;10.04;8.304594595;9.884324324;22.64324324;9.487297297;11.74702703;28.17486486;9.722972973;16.27108108;29.19108108;25.3827027,0.2811785122;0.1767035208;0.1240726074;0.1312989205;0.3747175197;0.1862135543;0.201900672;0.3931999797;0.1748522303;0.334018411;0.3572259614;0.3958502846,0.07756756757;0.1948648649;0.2354054054;0.202972973;0.0472972973;0.1905405405;0.1656756757;0.03459459459;0.2032432432;0.1016216216;0.03540540541;0.04432432432,19.88029771;4.24158372;0.5702775205;1.527053996;46.05447374;3.834404549;8.1900672;60.53201804;4.902523209;20.75039589;33.81229067;60.20667183,True,conservative,False
Bayesian-Conservative-NoShield,4,17,591.5308108108109,38.572432432432436,33.99643243243243,55.0,99.0,78.67027027027027,0.10168918918918919,0.039707207207207204,0.15195945945945946,0.02918918918918919,0.7638077323059299,31.0,202.0,0.0,0,11100,0.1982178392194998,0.36469185540599186,51.56239019755243,0.4064864864864865,True,False,0.6058267012;0.4606290406;0.8627452041;0.95;0.8920394043;0.9329954481;0.2434414901;0.2237143759;0.7874097494;0.2072792387;0.95;0.5223938409,0.772389876;1.022513998;0.4598691245;0.2139841101;0.4237308779;0.3673358894;1.861711545;2.021113381;0.5472165522;2.179902851;0.241873434;0.9032962107,15.0172973;17.19675676;8.121891892;6.842702703;9.005945946;7.69972973;30.09864865;38.57243243;10.58324324;30.25243243;8.552972973;16.28081081,0.193097469;0.2332437336;0.1291362217;0.06685557603;0.1205915174;0.1071230877;0.3451713837;0.3577916931;0.1554390801;0.3646918554;0.06622102396;0.2392514288,0.1308108108;0.09351351351;0.2224324324;0.2651351351;0.2191891892;0.2475675676;0.04513513514;0.02918918919;0.1924324324;0.03162162162;0.2318918919;0.1145945946,7.84779752;10.98273797;1.178298619;0.2139841101;0.7796940469;0.3673358894;41.80675025;51.5623902;2.755464836;42.6564055;0.241873434;13.24173706,True,conservative,False
Bayesian-Conservative-NoShield,4,18,504.1091891891892,30.435405405405405,27.21597297297297,46.0,73.0,62.145495495495496,0.06864864864864866,0.020945945945945947,0.1662387387387387,0.036756756756756756,0.8156708382105148,29.0,129.0,0.0,0,11100,0.17362257532197056,0.34420229810920905,37.44705423484224,0.4064864864864865,True,False,0.95;0.2298402862;0.2514208534;0.95;0.8064515181;0.2889292384;0.86964094;0.95;0.4229897239;0.9113191376;0.93510967;0.8418183031,0.2641897105;1.968390267;1.804941085;0.3377909827;0.5254308787;1.582364629;0.451552802;0.2372894534;1.10910177;0.3983676074;0.3641087485;0.4846132827,7.942162162;30.43540541;24.58189189;7.766216216;10.54702703;23.64540541;8.785945946;7.631081081;18.56864865;8.393783784;9.249189189;10.20135135,0.07590098979;0.3442022981;0.3356214774;0.09284687281;0.1404462538;0.3002216134;0.1253364129;0.06727476664;0.2589902512;0.1088512571;0.1021472651;0.1316314457,0.2397297297;0.03675675676;0.04648648649;0.2356756757;0.192972973;0.05945945946;0.2078378378;0.2389189189;0.08675675676;0.2245945946;0.2272972973;0.1983783784,0.2641897105;35.11492749;37.44705423;0.3377909827;2.030601423;26.73586682;1.17329203;0.2372894534;14.96395134;0.3983676074;0.3641087485;1.499972675,True,conservative,False
Bayesian-Conservative-NoShield,4,19,645.597027027027,29.741621621621622,28.052527027027025,49.0,76.0,65.4990990990991,0.0877927927927928,0.02349099099099099,0.10970720720720722,0.03189189189189189,0.7536823532296796,41.0,169.0,0.0,0,11100,0.2841172026663043,0.4026119449387381,58.811724184550556,0.4064864864864865,True,False,0.8339118425;0.4218873338;0.3658373363;0.3670076204;0.481511622;0.1930715746;0.2120595117;0.3057773787;0.5446939528;0.4653449839;0.3623629999;0.8770434254,0.4938172966;1.111838862;1.270411673;1.266646367;0.9794527448;2.342239302;2.1308523;1.500722279;0.8655191693;1.012509865;1.281724896;0.4425090154,8.848648649;16.2927027;20.77594595;16.65702703;15.26837838;26.67054054;29.74162162;18.79621622;14.04945946;13.47918919;18.28189189;8.004594595,0.1536172185;0.2683438119;0.2970016478;0.3348054452;0.2575696002;0.4026119449;0.3668521392;0.3638237525;0.2514684073;0.2766614792;0.3044962658;0.1321547195,0.227027027;0.09783783784;0.06945945946;0.09810810811;0.1183783784;0.03891891892;0.03189189189;0.07297297297;0.1278378378;0.1159459459;0.07594594595;0.2421621622,1.994894042;16.46700473;23.24193851;25.13274466;13.90686588;58.81172418;42.32556899;41.22889115;12.5034984;15.71274662;20.3613975;0.910108185,True,conservative,False
Bayesian-Conservative-Shield,4,0,548.69,27.45783783783784,25.785837837837835,46.0,72.0,61.51216216216216,0.0720045045045045,0.02099099099099099,0.1490315315315315,0.036216216216216214,0.7728191272336369,32.0,131.0,0.013423423423423423,149,11100,0.2030606179740331,0.3706970493161807,23.97524390598793,0.4064864864864865,True,True,0.95;0.2315765095;0.95;0.8081176242;0.6281327393;0.795200025;0.3394136806;0.9476946562;0.5005847781;0.95;0.23436609;0.2528380647,0.3369544871;1.95400716;0.2191119648;0.5235225351;0.7414402559;0.5383055036;1.361973486;0.3438720469;0.9427001774;0.2738400263;1.931388168;1.795260579,8.066486486;27.45783784;8.523243243;10.14486486;14.07621622;10.2;19.08783784;8.603513514;16.08351351;8.036756757;24.41783784;23.74756757,0.09635076956;0.3443277481;0.06484529768;0.1504066094;0.1883659029;0.1552356682;0.3114133971;0.09433246691;0.2313437192;0.07497295855;0.3544358287;0.3706970493,0.2413513514;0.03621621622;0.2397297297;0.2097297297;0.1321621622;0.1935135135;0.06621621622;0.2286486486;0.1035135135;0.2378378378;0.04486486486;0.05459459459,0.3369544871;23.97212887;0.2191119648;2.376360562;7.91168563;4.549165108;19.40144321;0.3438720469;14.93830515;0.2738400263;23.97524391;23.95828954,True,conservative,True
Bayesian-Conservative-Shield,4,1,684.8383783783784,34.45216216216216,31.910567567567565,60.0,96.0,80.46171171171171,0.12105855855855856,0.047972972972972976,0.1298873873873874,0.03054054054054054,0.6295122698366948,38.0,162.0,0.04900900900900901,544,11100,0.2614410424532326,0.3803005318514754,23.997222626509235,0.4064864864864865,True,True,0.5605092249;0.2181252996;0.2316669551;0.3707979081;0.95;0.95;0.2020086086;0.95;0.325972712;0.8362721814;0.2993435181;0.2334007936,0.8400796556;2.072097608;1.953264399;1.254604531;0.2976063768;0.2276934429;2.237061952;0.2579608484;1.414030367;0.4910760745;1.530799061;1.939147999,13.84162162;27.19351351;29.83108108;20.29810811;7.412702703;6.061351351;34.45216216;7.735945946;20.44810811;9.675135135;19.85162162;26.08243243,0.2336329637;0.3729775695;0.3531713197;0.3170419558;0.09523404056;0.07796961952;0.3803005319;0.07843404174;0.3515967399;0.1462610363;0.3533249723;0.3773477187,0.1272972973;0.04189189189;0.03702702703;0.08108108108;0.2745945946;0.3005405405;0.03054054054;0.2645945946;0.07081081081;0.2178378378;0.06702702703;0.04540540541,9.641672768;23.98614739;23.99722263;23.9835314;0.2976063768;0.2276934429;23.98598247;0.2579608484;23.96809531;1.766141118;23.9947239;23.99188396,True,conservative,True
Bayesian-Conservative-Shield,4,2,574.1510810810811,28.833513513513513,27.78301351351351,47.0,73.0,63.39414414414414,0.07813063063063064,0.02153153153153153,0.1370945945945946,0.032972972972972976,0.7748523200291911,35.0,160.0,0.01990990990990991,221,11100,0.22521005279297043,0.3669980959567927,23.988732319450108,0.4064864864864865,True,True,0.2983974043;0.4720337023;0.7619171253;0.95;0.6042558466;0.7527600943;0.6803453125;0.2438339011;0.7053294905;0.1925045361;0.95;0.2931742638,1.535332493;0.9986066978;0.5764720931;0.328976203;0.7746227687;0.5870535051;0.6736618433;1.858825842;0.6430324214;2.34929577;0.2710575607;1.560894842,22.57108108;14.06243243;10.58378378;7.47027027;12.75675676;10.29864865;11.39162162;26.92351351;12.18162162;28.83351351;7.591621622;21.79108108,0.3203450499;0.249111887;0.1663978907;0.09967089825;0.2074732875;0.1653269601;0.1846197592;0.3501625978;0.1718808283;0.366998096;0.0805114214;0.3400219574,0.05621621622;0.1216216216;0.1913513514;0.2486486486;0.1337837838;0.1764864865;0.1718918919;0.04027027027;0.1551351351;0.03297297297;0.2562162162;0.06054054054,23.10664986;10.96516744;3.400025583;0.328976203;8.267078142;3.205802577;5.599575023;23.97651684;4.961875378;23.98873232;0.2710575607;23.97548019,True,conservative,True
Bayesian-Conservative-Shield,4,3,695.9278378378378,33.042972972972976,29.561175675675674,58.0,98.0,80.08333333333333,0.11542792792792793,0.04400900900900901,0.11220720720720723,0.04216216216216216,0.6356991482664646,40.0,225.0,0.06126126126126126,680,11100,0.302371476680485,0.3801959347089935,23.995525753251986,0.4064864864864865,True,True,0.2469621281;0.8215561338;0.8932287906;0.3220866759;0.225348274;0.2465631425;0.4834834838;0.2778755806;0.2645088005;0.3014458345;0.9387067142;0.2969367479,1.836175919;0.5080937316;0.4222105672;1.429873819;2.006740312;1.839030251;0.9755450403;1.641436133;1.719737046;1.520828652;0.3585144156;1.542388958,24.34054054;8.04972973;7.80972973;16.90162162;26.71243243;33.04297297;14.75243243;20.61243243;23.66783784;21.33756757;7.177027027;22.3072973,0.3657463924;0.1616287357;0.1388730433;0.3721536453;0.3801959347;0.3598534869;0.2705160031;0.3784175733;0.3755533873;0.369520259;0.1137556551;0.342243604,0.04621621622;0.2313513514;0.2683783784;0.08054054054;0.04351351351;0.04216216216;0.1178378378;0.06486486486;0.05756756757;0.06837837838;0.2645945946;0.06108108108,23.99174042;2.669968363;0.7553690757;23.98990552;23.94375589;23.98060501;16.58161234;23.99552575;23.98685229;23.99540734;0.3585144156;23.98689084,True,conservative,True
Bayesian-Conservative-Shield,4,4,631.4678378378378,29.155945945945945,26.581945945945943,49.0,74.0,64.85315315315316,0.0890990990990991,0.022972972972972974,0.10511261261261262,0.04297297297297297,0.8249508041843677,42.0,167.0,0.011981981981981983,133,11100,0.27608900761149985,0.37397796612026146,23.99435271315601,0.4064864864864865,True,True,0.662118963;0.6741961796;0.3640876;0.2460798207;0.2372011855;0.4128728207;0.5024050881;0.4159209977;0.2309431598;0.4380235493;0.7287104513;0.5641011845,0.6966749552;0.6813572012;1.27608378;1.842501298;1.908996959;1.13470463;0.9393093506;1.126874486;1.959226317;1.072981387;0.6151471375;0.8344446437,11.38405405;11.08081081;19.11540541;21.17162162;29.15594595;15.74216216;15.09459459;17.34432432;24.47594595;19.21324324;11.53081081;11.51675676,0.2110736824;0.195936233;0.2903952819;0.3739779661;0.3580659161;0.3088236656;0.2569138008;0.2689270733;0.3690758765;0.2656353921;0.1747350382;0.2395081653,0.1740540541;0.1718918919;0.07297297297;0.0472972973;0.04297297297;0.09864864865;0.1210810811;0.0872972973;0.04432432432;0.08378378378;0.1689189189;0.1481081081,9.003573701;6.589858426;23.91719438;23.98007268;23.96857122;19.41286856;15.10066182;18.11996712;23.99435271;20.35434856;4.487795612;9.592226805,True,conservative,True
Bayesian-Conservative-Shield,4,5,606.3375675675676,33.925135135135136,29.115310810810804,47.0,86.0,70.76936936936937,0.07653153153153153,0.02738738738738739,0.1321846846846847,0.035405405405405405,0.7493748313397816,36.0,349.0,0.014954954954954955,166,11100,0.2368819720722005,0.3574817949147475,23.985455878543917,0.4064864864864865,True,True,0.9411489522;0.4821824971;0.3825098869;0.7544254172;0.3523107703;0.8677360717;0.95;0.2189202535;0.8265150398;0.3376263363;0.2625732011;0.2699141276,0.3546353857;0.9781203331;1.218803669;0.5851252029;1.315645181;0.4538598372;0.2241414152;2.064668323;0.5023771293;1.368663091;1.731770293;1.687095206,8.063243243;15.99513514;16.83918919;10.09918919;17.78135135;10.24918919;7.547297297;33.92513514;9.644054054;17.75972973;25.18;21.28324324,0.1017899404;0.2514033613;0.296136351;0.1696863088;0.3178883221;0.1265900951;0.06603084935;0.3521096518;0.1484049195;0.3377268655;0.317335205;0.3574817949,0.2467567568;0.1089189189;0.08405405405;0.192972973;0.08081081081;0.1997297297;0.2472972973;0.03540540541;0.2043243243;0.07972972973;0.04405405405;0.06216216216,0.3546353857;12.36548966;16.77607338;4.102504057;23.92241988;1.315617233;0.2241414152;23.98545588;2.140411198;23.98524038;23.97186527;23.94499659,True,conservative,True
Bayesian-Conservative-Shield,4,6,482.7089189189189,24.462162162162162,22.952635135135132,41.0,67.0,56.92972972972973,0.05277027027027027,0.01427927927927928,0.15747747747747748,0.05378378378378378,0.8366778497393721,30.0,113.0,0.0,0,11100,0.1618747186697499,0.2900314524966847,23.955553877042814,0.4064864864864865,True,True,0.6600953202;0.4082536129;0.95;0.8542797728;0.5796663152;0.95;0.7238759829;0.298421524;0.95;0.3698913443;0.95;0.5870736138,0.6992694381;1.146768836;0.2551559305;0.4699577518;0.8105930222;0.2156180293;0.6208604762;1.535216558;0.2628816135;1.257463669;0.2571157349;0.7995478023,13.3027027;19.20702703;7.625945946;10.1972973;14.87027027;8.21972973;12.97756757;24.46216216;7.123783784;21.71756757;7.645405405;13.93243243,0.1821880374;0.2591077695;0.07185742692;0.1284127803;0.190817979;0.05810031762;0.1471607129;0.2900314525;0.07453048988;0.2705246163;0.07268731315;0.1970777286,0.1327027027;0.07621621622;0.2386486486;0.1997297297;0.1191891892;0.2245945946;0.1510810811;0.05378378378;0.2497297297;0.06405405405;0.2464864865;0.1335135135,5.786849886;17.12398462;0.2551559305;1.309450773;8.611860445;0.2156180293;3.838070001;23.95555388;0.2628816135;20.92391006;0.2571157349;8.390503849,True,conservative,True
Bayesian-Conservative-Shield,4,7,515.092972972973,30.957027027027028,27.67352702702702,45.0,72.0,61.82612612612613,0.06682432432432432,0.019684684684684685,0.16195945945945947,0.02918918918918919,0.793245157690639,30.0,129.0,0.012162162162162163,135,11100,0.17791853524184595,0.34399854944201036,23.96893146827166,0.4064864864864865,True,True,0.95;0.8194645516;0.5139536145;0.1957148488;0.2668165055;0.95;0.9166527097;0.2817874583;0.4060368001;0.95;0.95;0.8957240492,0.2129344738;0.5105004868;0.9182376412;2.309972111;1.705631049;0.2143947682;0.3910280632;1.619983796;1.152645744;0.2643493157;0.2202876177;0.4190042049,8.367837838;8.416216216;14.73918919;30.95702703;24.98702703;8.398918919;8.58972973;22.53675676;17.65108108;8.207297297;7.609459459;8.401081081,0.05829800594;0.137283239;0.2365082357;0.3439985494;0.3328285452;0.05829219914;0.1118128894;0.3213697585;0.2747658233;0.07466082024;0.06346664878;0.1217377082,0.2289189189;0.2127027027;0.1145945946;0.02918918919;0.04783783784;0.2289189189;0.2294594595;0.05432432432;0.09054054054;0.2359459459;0.2410810811;0.23,0.2129344738;1.326005842;9.282990466;23.96701583;23.96893147;0.2143947682;0.3910280632;23.8391574;19.07408083;0.2643493157;0.2202876177;0.6470546643,True,conservative,True
Bayesian-Conservative-Shield,4,8,597.3686486486487,34.87243243243243,29.550513513513508,50.0,82.0,68.96621621621621,0.08873873873873873,0.027792792792792793,0.1465315315315315,0.02945945945945946,0.7245829235218505,33.0,208.0,0.02216216216216216,246,11100,0.2123257735575531,0.38735193958880415,23.990781020922164,0.4064864864864865,True,True,0.924502767;0.7675714746;0.2938168902;0.223720696;0.8564804989;0.95;0.4732619221;0.198994158;0.3554966144;0.365156396;0.95;0.8950142286,0.3798996382;0.5699618165;1.557699888;2.021057334;0.4673466129;0.2347890628;0.9960890923;2.271318822;1.304697623;1.272612991;0.2590903055;0.4199186836,7.530540541;10.45891892;21.5072973;34.87243243;9.605675676;7.518648649;16.49756757;25.19621622;20.79945946;21.57675676;7.318648649;7.634594595,0.1105815974;0.1617459209;0.3288009764;0.3310164174;0.1297202625;0.07145202291;0.2379845291;0.3873519396;0.2986699693;0.2837583019;0.07744699401;0.1293803512,0.2408108108;0.1764864865;0.05189189189;0.02945945946;0.2083783784;0.2651351351;0.1016216216;0.03918918919;0.06675675676;0.07405405405;0.2581081081;0.2464864865,0.3798996382;3.289350881;23.46939754;23.97903202;1.410199193;0.2347890628;14.69049459;23.99078102;21.38790491;23.77587551;0.2590903055;0.6390242034,True,conservative,True
Bayesian-Conservative-Shield,4,9,671.7291891891892,32.28567567567568,31.592527027027025,55.0,86.0,73.64414414414415,0.10490990990990991,0.03795045045045045,0.13074324324324324,0.032432432432432434,0.6765757086813083,37.0,140.0,0.04666666666666667,518,11100,0.24444153560031476,0.37878706947942875,23.997363366625898,0.4064864864864865,True,True,0.3257577326;0.6871221964;0.2523803769;0.1963495047;0.5437054116;0.2493362779;0.95;0.4363495231;0.95;0.6652629851;0.95;0.2127973752,1.414897118;0.6652565043;1.798374164;2.302374716;0.8671448273;1.819394726;0.209506079;1.076896197;0.2790122724;0.6926602831;0.247425482;2.123503268,22.20405405;12.5927027;25.73756757;31.02540541;15.37783784;23.31405405;6.635675676;14.76135135;7.092162162;11.29837838;6.824864865;32.28567568,0.3208374816;0.1805182514;0.3611329741;0.3777139062;0.233426013;0.3663375867;0.06545649386;0.278537746;0.08589053466;0.2083597014;0.0763006689;0.3787870695,0.06162162162;0.1583783784;0.04675675676;0.03297297297;0.1124324324;0.04486486486;0.2743243243;0.1059459459;0.2608108108;0.1705405405;0.2678378378;0.03243243243,23.98732506;6.496669111;23.97073496;23.99736337;10.2771862;23.98913103;0.209506079;12.21482013;0.2790122724;5.267885095;0.247425482;23.97981702,True,conservative,True
Bayesian-Conservative-Shield,4,10,719.66,33.07378378378378,32.506391891891894,60.0,96.0,80.75450450450451,0.12644144144144145,0.04849099099099099,0.1025,0.03135135135135135,0.6921106091051591,44.0,212.0,0.05954954954954955,661,11100,0.29938302351122836,0.38744697545385387,23.99908082385248,0.4064864864864865,True,True,0.2210551088;0.5230742899;0.4621770162;0.8877431859;0.3493760462;0.4491418585;0.5565464418;0.34857734;0.2223217792;0.6900300697;0.2104662511;0.2177243916,2.045012567;0.9021077578;1.019211399;0.4291816563;1.325898395;1.047619095;0.8463561798;1.328717478;2.03354937;0.6616731043;2.146920017;2.075867389,22.46945946;16.88945946;17.06189189;8.248378378;23.15378378;13.8227027;13.49;19.09837838;27.34945946;11.13135135;33.07378378;32.04216216,0.3874469755;0.253077798;0.2815227162;0.1447618127;0.3149904564;0.3171171314;0.240639649;0.3397207391;0.3764814375;0.1997537453;0.3690381434;0.3680456777,0.05324324324;0.1078378378;0.1051351351;0.2797297297;0.07243243243;0.1186486486;0.1340540541;0.07945945946;0.03837837838;0.1767567568;0.03135135135;0.03297297297,23.99077913;16.16955601;23.79899276;0.8085431882;23.67335826;15.37143013;9.929753935;23.98048366;23.9768204;5.895135191;23.99908082;23.99321517,True,conservative,True
Bayesian-Conservative-Shield,4,11,623.0302702702703,33.123243243243245,30.57124324324324,53.0,85.0,72.27702702702703,0.10195945945945946,0.03418918918918919,0.1233108108108108,0.03135135135135135,0.7394069307982821,38.0,191.0,0.014684684684684684,163,11100,0.24314118736819246,0.35363372529584736,23.996833100852253,0.4064864864864865,True,True,0.95;0.2935060875;0.6227889451;0.4312530983;0.6153269509;0.4183303984;0.9434799305;0.4987828682;0.6260188518;0.4351735249;0.2492611008;0.2092716103,0.3358641596;1.559243329;0.7487311135;1.088976442;0.7590395275;1.120756955;0.3508668233;0.9460759936;0.7443154627;1.079661914;1.819920828;2.159149808,7.724324324;20.20405405;11.99108108;16.89513514;13.75135135;21.64243243;7.740540541;17.24810811;15.7427027;15.33702703;28.48324324;33.12324324,0.1040271154;0.3430335323;0.2100494313;0.2645918437;0.1991965895;0.2720107419;0.1104756349;0.2421443151;0.1896998598;0.2830465019;0.3457849572;0.3536337253,0.2672972973;0.06540540541;0.1689189189;0.08216216216;0.1402702703;0.07567567568;0.2532432432;0.1010810811;0.1497297297;0.1051351351;0.03945945946;0.03135135135,0.3358641596;23.93654319;8.769546724;14.46850529;8.657909132;23.54725036;0.3508668233;14.74405183;7.007886568;21.74918126;23.9968331;23.98724712,True,conservative,True
Bayesian-Conservative-Shield,4,12,650.8356756756757,28.234054054054052,26.044310810810806,50.0,82.0,69.09504504504504,0.08927927927927928,0.02702702702702703,0.11448198198198199,0.04594594594594595,0.7388766795596725,40.0,248.0,0.015405405405405406,171,11100,0.2649462518813839,0.37471835485542576,23.99199887357584,0.4064864864864865,True,True,0.2277146089;0.9318683167;0.4490225566;0.364868936;0.3264467419;0.2532754659;0.5108922966;0.7249468559;0.885090931;0.3371942215;0.4510893652;0.3770521179,1.986329388;0.369039043;1.047885528;1.273544601;1.412123145;1.792296255;0.9237509324;0.6195927545;0.4325165816;1.370290719;1.043286736;1.235229773,28.23405405;7.32;16.74567568;20.72216216;17.83702703;24.2527027;14.2627027;11.08621622;8.388918919;21.71783784;18.93459459;18.4527027,0.3747183549;0.1134047005;0.2987889818;0.3028970943;0.3358563156;0.3560372289;0.2496624142;0.1677924162;0.1313915237;0.3051674466;0.2478510922;0.2957874537,0.05216216216;0.2610810811;0.1010810811;0.07135135135;0.07945945946;0.04594594595;0.1164864865;0.1827027027;0.2297297297;0.06405405405;0.08648648649;0.08324324324,23.98988165;0.369039043;23.91542114;23.65924883;23.98197476;23.99199887;13.3500373;4.611447845;0.9202653062;23.64715241;19.94188882;19.68074432,True,conservative,True
Bayesian-Conservative-Shield,4,13,476.92621621621623,28.26081081081081,25.170108108108103,43.0,66.0,56.605405405405406,0.05759009009009009,0.014594594594594595,0.15916666666666668,0.036216216216216214,0.8419918795161241,30.0,108.0,0.0076576576576576575,85,11100,0.16973253869037094,0.3311576419081878,23.93570772236444,0.4064864864864865,True,True,0.931036637;0.7159624459;0.6775674106;0.3509019354;0.95;0.7562371291;0.2357345475;0.5713184825;0.95;0.8385292043;0.9458583108;0.3749843981,0.3702883284;0.6302691506;0.6771299559;1.320546841;0.2764601871;0.5830294735;1.920506701;0.8232731646;0.2265612916;0.488449848;0.3469497415;1.241568686,10.44108108;11.0727027;13.7627027;22.64135135;8.797297297;10.47891892;28.26081081;13.74459459;7.231891892;9.828918919;9.048648649;18.08,0.09927730319;0.1700023277;0.1546418413;0.2644662728;0.07950098354;0.1531634184;0.3311576419;0.2187236543;0.06674373185;0.1354458227;0.08683120557;0.2768362611,0.2078378378;0.1643243243;0.1372972973;0.05702702703;0.2408108108;0.1745945946;0.03621621622;0.127027027;0.2567567568;0.2102702703;0.2135135135;0.08432432432,0.3702883284;4.08430641;5.942599117;19.33695207;0.2764601871;2.962412629;23.93570772;9.781829115;0.2265612916;1.549848024;0.3469497415;16.04706058,True,conservative,True
Bayesian-Conservative-Shield,4,14,657.3243243243244,30.36243243243243,27.712770270270266,52.0,80.0,68.84144144144145,0.1015990990990991,0.029774774774774776,0.11067567567567567,0.03594594594594595,0.7575556679933321,42.0,137.0,0.013153153153153152,146,11100,0.2622198701997945,0.3755751237201541,23.99598236154755,0.4064864864864865,True,True,0.3969158517;0.64914127;0.685168137;0.2123384503;0.8391928019;0.2547057577;0.6450583303;0.3536782427;0.3495021855;0.2638904463;0.8142278578;0.4332858251,1.177446822;0.7134614509;0.6676722331;2.128067317;0.4876767217;1.782678959;0.7188179662;1.310923092;1.325454306;1.723560971;0.5165166625;1.084128614,16.97297297;12.57243243;11.83756757;30.36243243;9.31;25.54486486;12.92486486;21.90351351;21.20972973;24.58162162;8.135675676;18.05297297,0.2956346209;0.2094105772;0.1885722929;0.3755751237;0.1448531668;0.3444906638;0.2131198132;0.3022209183;0.3070038758;0.3372589575;0.1545362015;0.2739622309,0.09054054054;0.1510810811;0.1456756757;0.03594594595;0.2102702703;0.04378378378;0.14;0.06405405405;0.06945945946;0.04675675676;0.2324324324;0.09810810811,15.92638325;9.911535135;6.291805827;23.99598236;2.241211157;23.90554231;8.845721019;23.88230822;22.66544642;23.98326815;1.914716612;16.61753041,True,conservative,True
Bayesian-Conservative-Shield,4,15,582.2545945945946,38.16027027027027,30.58127027027026,50.0,85.0,70.12927927927927,0.08335585585585585,0.027815315315315316,0.14105855855855856,0.023243243243243242,0.7856810845184498,33.0,203.0,0.025855855855855855,287,11100,0.22099794101105674,0.35634694811762857,23.998515930325585,0.4064864864864865,True,True,0.95;0.6682774533;0.3936552323;0.8783623152;0.2542081145;0.6112416568;0.1961261937;0.2603661895;0.4858854259;0.9440218225;0.777121657;0.6438927182,0.2609434761;0.6888292002;1.186565108;0.4408835581;1.786011998;0.7647485898;2.305041448;1.74572184;0.9708198352;0.349980936;0.5589976316;0.7203540735,7.245135135;10.37432432;16.90108108;10.18378378;23.58567568;11.97702703;38.16027027;24.38027027;14.94459459;8.137837838;11.59324324;13.04702703,0.07623781017;0.2038562093;0.2905481048;0.1207067687;0.3538234581;0.2075155633;0.3563469481;0.3557498019;0.2618589718;0.100548577;0.1435264189;0.1812566601,0.2562162162;0.1789189189;0.09594594595;0.217027027;0.04918918919;0.1483783784;0.02324324324;0.04783783784;0.1232432432;0.2432432432;0.1694594595;0.14,0.2609434761;4.443608803;15.4760392;0.9314862548;23.99851593;10.61296051;23.96553882;23.98047589;12.95803637;0.349980936;2.466969211;7.447789618,True,conservative,True
Bayesian-Conservative-Shield,4,16,658.941081081081,34.58216216216216,31.411783783783783,54.0,86.0,73.1545045045045,0.10168918918918919,0.03542792792792793,0.1276801801801802,0.03,0.7269300053969716,37.0,196.0,0.042522522522522525,472,11100,0.257215823400401,0.3833197719772298,23.99959387524919,0.4064864864864865,True,True,0.3932789834;0.7735119064;0.901603995;0.8416273572;0.2260479039;0.7045979448;0.6624829137;0.1982197585;0.7522839954;0.3841282698;0.2247729528;0.2144342016,1.187626136;0.5631378354;0.4113518347;0.4848363331;2.00065631;0.6439160289;0.6962092138;2.280313362;0.5876051337;1.214015836;2.011774821;2.107404393,19.14459459;9.808648649;7.882432432;9.017297297;23.60783784;9.708918919;11.75189189;28.81783784;9.164594595;16.66513514;34.58216216;26.74756757,0.2875981129;0.180812905;0.126407307;0.134312768;0.3649845971;0.1881278992;0.2050994711;0.3765598551;0.1808870939;0.3094099819;0.3490701175;0.383319772,0.07783783784;0.1983783784;0.2405405405;0.2113513514;0.04783783784;0.1883783784;0.167027027;0.03162162162;0.2091891892;0.09135135135;0.03;0.03864864865,21.57928862;5.294135062;0.5589256858;1.75738133;23.71813582;3.814824404;8.397648772;23.99959388;3.776892406;20.75039589;23.97679426;23.99251421,True,conservative,True
Bayesian-Conservative-Shield,4,17,574.7578378378379,33.99945945945946,33.651472972972975,55.0,91.0,76.1054054054054,0.09993243243243244,0.03761261261261261,0.15405405405405406,0.02810810810810811,0.7583771025668656,30.0,174.0,0.00963963963963964,107,11100,0.19413566930562529,0.3540869226155106,23.99805702753309,0.4064864864864865,True,True,0.6058267012;0.4606290406;0.8627452041;0.95;0.8920394043;0.9329954481;0.2434414901;0.2237143759;0.7874097494;0.2072792387;0.95;0.5223938409,0.772389876;1.022513998;0.4598691245;0.2139841101;0.4237308779;0.3673358894;1.861711545;2.021113381;0.5472165522;2.179902851;0.241873434;0.9032962107,14.40648649;16.86162162;7.741081081;6.71972973;8.925675676;7.792972973;30.37351351;33.36675676;9.961891892;33.99945946;8.292162162;15.83108108,0.193306223;0.2296511169;0.1327406014;0.06951591902;0.1216222142;0.1077187676;0.3129688056;0.3414042873;0.1555869765;0.3540869226;0.06713622073;0.2438899769,0.1302702703;0.09675675676;0.2283783784;0.2713513514;0.2210810811;0.2472972973;0.03783783784;0.03162162162;0.1997297297;0.02810810811;0.2364864865;0.1197297297,7.84779752;11.42776596;1.137513366;0.2139841101;0.8034249248;0.3673358894;23.91080781;23.98004086;2.755464836;23.99805703;0.241873434;15.15162569,True,conservative,True
Bayesian-Conservative-Shield,4,18,506.3072972972973,31.492432432432434,28.265567567567565,46.0,76.0,64.7036036036036,0.07074324324324324,0.023963963963963966,0.1676801801801802,0.035405405405405405,0.8138480765924844,29.0,140.0,0.0036936936936936937,41,11100,0.1720993523148505,0.3335623507178892,23.998830160981253,0.4064864864864865,True,True,0.95;0.2298402862;0.2514208534;0.95;0.8064515181;0.2889292384;0.86964094;0.95;0.4229897239;0.9113191376;0.93510967;0.8418183031,0.2641897105;1.968390267;1.804941085;0.3377909827;0.5254308787;1.582364629;0.451552802;0.2372894534;1.10910177;0.3983676074;0.3641087485;0.4846132827,7.74;31.49243243;25.62540541;7.87972973;10.69459459;23.48432432;9.401081081;7.752702703;18.43378378;8.155405405;8.533783784;10.55837838,0.07690062653;0.3335623507;0.3234259295;0.09430759058;0.1377480952;0.3040706084;0.1250923303;0.06753129578;0.2559926789;0.110358594;0.1023440807;0.1338580473,0.2448648649;0.03540540541;0.04756756757;0.2359459459;0.1910810811;0.05783783784;0.207027027;0.2408108108;0.08918918919;0.2308108108;0.2289189189;0.2027027027,0.2641897105;23.99883016;23.4272899;0.3377909827;2.030601423;23.59438646;1.121739228;0.2372894534;14.43664603;0.3983676074;0.3641087485;1.669199241,True,conservative,True
Bayesian-Conservative-Shield,4,19,671.6281081081081,31.73918918918919,30.198148648648647,52.0,84.0,70.35,0.09626126126126126,0.029864864864864865,0.10781531531531531,0.031621621621621625,0.7340493939537214,41.0,161.0,0.03801801801801802,422,11100,0.2823691896035368,0.3848868907590452,23.988562557138888,0.4064864864864865,True,True,0.8339118425;0.4218873338;0.3658373363;0.3670076204;0.481511622;0.1930715746;0.2120595117;0.3057773787;0.5446939528;0.4653449839;0.3623629999;0.8770434254,0.4938172966;1.111838862;1.270411673;1.266646367;0.9794527448;2.342239302;2.1308523;1.500722279;0.8655191693;1.012509865;1.281724896;0.4425090154,8.322702703;16.74783784;21.52540541;18.23081081;14.89918919;28.9372973;31.73918919;19.77432432;13.31972973;14.09432432;18.33972973;7.76027027,0.1562865012;0.2707477878;0.2997484839;0.3231659921;0.2575696002;0.3848868908;0.3668521392;0.3520613346;0.2594218267;0.2815872029;0.3031106172;0.1329918987,0.2313513514;0.09405405405;0.06540540541;0.08621621622;0.1132432432;0.03540540541;0.03162162162;0.06918918919;0.1354054054;0.112972973;0.07540540541;0.2435135135,1.994894042;16.86700473;20.88988015;23.66542842;13.38358234;23.98856256;23.97454718;23.92094609;12.5034984;15.71274662;19.9613975;0.9351983392,True,conservative,True
Bayesian-Expected-NoShield,4,0,390.33351351351354,19.636756756756757,19.335594594594593,35.0,56.0,47.70315315315315,0.03423423423423423,0.007027027027027027,0.14144144144144144,0.046216216216216216,0.824980278322488,26.0,91.0,0.0,0,11100,0.21923352533230234,0.4046614386514329,51.02177285662904,0.4064864864864865,True,False,0.95;0.2315765095;0.95;0.8081176242;0.6281327393;0.795200025;0.3394136806;0.9476946562;0.5005847781;0.95;0.23436609;0.2528380647,0.3369544871;1.95400716;0.2191119648;0.5235225351;0.7414402559;0.5383055036;1.361973486;0.3438720469;0.9427001774;0.2738400263;1.931388168;1.795260579,4.844594595;19.63675676;5.051891892;6.536216216;9.418648649;6.304864865;14.3727027;5.325135135;11.92081081;4.809459459;19.08918919;18.3227027,0.08396541544;0.3934419821;0.05702833029;0.1383797404;0.2053989898;0.1485432214;0.3842973837;0.08243635286;0.268032591;0.06372331422;0.4008935441;0.4046614387,0.2094594595;0.04621621622;0.2121621622;0.1902702703;0.1437837838;0.1910810811;0.08378378378;0.1986486486;0.1132432432;0.2045945946;0.04972972973;0.05432432432,0.3369544871;50.03629823;0.2191119648;1.141135211;7.891849213;1.812888058;31.14656826;0.3438720469;13.45290479;0.2738400263;50.78125845;51.02177286,True,expected,False
Bayesian-Expected-NoShield,4,1,487.6972972972973,24.17783783783784,23.561094594594596,45.0,70.0,60.144594594594594,0.0681081081081081,0.019572072072072073,0.12173423423423424,0.033243243243243244,0.7087270095743808,34.0,114.0,0.0,0,11100,0.2802382082027867,0.40879336189174637,62.16966510615658,0.4064864864864865,False,False,0.5605092249;0.2181252996;0.2316669551;0.3707979081;0.95;0.95;0.2020086086;0.95;0.325972712;0.8362721814;0.2993435181;0.2334007936,0.8400796556;2.072097608;1.953264399;1.254604531;0.2976063768;0.2276934429;2.237061952;0.2579608484;1.414030367;0.4910760745;1.530799061;1.939147999,10.0427027;23.05648649;22.42837838;13.36594595;4.328378378;4.039459459;24.17783784;4.604054054;14.10324324;6.444594595;15.63459459;21.04891892,0.2592894505;0.4004188622;0.396459882;0.3641743963;0.0765733164;0.06381570279;0.4008573174;0.06581487592;0.395164162;0.1413502755;0.3901468957;0.4087933619,0.1410810811;0.04297297297;0.04162162162;0.09621621622;0.2248648649;0.2459459459;0.03324324324;0.2202702703;0.08540540541;0.2054054054;0.07513513514;0.04864864865,6.801593112;57.04069494;47.37453418;24.67562201;0.2976063768;0.2276934429;62.16966511;0.2579608484;32.79615604;1.128608596;36.30193893;54.18982747,True,expected,False
Bayesian-Expected-NoShield,4,2,419.557027027027,25.746216216216215,22.872689189189185,37.0,60.0,51.607657657657654,0.04036036036036036,0.009436936936936938,0.131981981981982,0.03432432432432433,0.8299082904405438,28.0,116.0,0.0,0,11100,0.24021723832692524,0.40636467372378543,69.51549206343633,0.4064864864864865,True,False,0.2983974043;0.4720337023;0.7619171253;0.95;0.6042558466;0.7527600943;0.6803453125;0.2438339011;0.7053294905;0.1925045361;0.95;0.2931742638,1.535332493;0.9986066978;0.5764720931;0.328976203;0.7746227687;0.5870535051;0.6736618433;1.858825842;0.6430324214;2.34929577;0.2710575607;1.560894842,15.57513514;9.197837838;7.382162162;5.220810811;9.402432432;7.245945946;7.134594595;20.52162162;7.76;25.74621622;4.864594595;15.95540541,0.3850779874;0.2680044462;0.1522197932;0.08215513826;0.2145914427;0.1573938046;0.1735134423;0.3978892073;0.1753566792;0.4063646737;0.06673876696;0.403301478,0.0672972973;0.1286486486;0.1791891892;0.2040540541;0.137027027;0.172972973;0.1651351351;0.04567567568;0.1710810811;0.03432432432;0.2091891892;0.06918918919,31.82112825;8.979100467;2.117665117;0.328976203;6.717832605;1.683481546;2.736618433;53.36544361;2.688518743;69.51549206;0.2710575607;45.2951211,True,expected,False
Bayesian-Expected-NoShield,4,3,518.8181081081082,23.762972972972975,21.367797297297294,44.0,69.0,59.76936936936937,0.06353603603603604,0.016418918918918918,0.10704954954954954,0.044864864864864865,0.7229216339308834,36.0,143.0,0.0,0,11100,0.3171726814399594,0.40098111953053306,66.63999134832024,0.4064864864864865,True,False,0.2469621281;0.8215561338;0.8932287906;0.3220866759;0.225348274;0.2465631425;0.4834834838;0.2778755806;0.2645088005;0.3014458345;0.9387067142;0.2969367479,1.836175919;0.5080937316;0.4222105672;1.429873819;2.006740312;1.839030251;0.9755450403;1.641436133;1.719737046;1.520828652;0.3585144156;1.542388958,18.21918919;5.708648649;5.071081081;12.7672973;19.40810811;23.76297297;10.45162162;15.2572973;18.22945946;17.94891892;4.856486486;17.66243243,0.4009811195;0.1435021485;0.1138827422;0.3945678836;0.4008057001;0.3946459511;0.2974094069;0.3948319346;0.4001874585;0.3962375191;0.09176031124;0.377260002,0.05486486486;0.2078378378;0.2264864865;0.08756756757;0.05081081081;0.04486486486;0.1302702703;0.07324324324;0.05837837838;0.06675675676;0.2127027027;0.07081081081,52.8073479;1.189031047;0.4888422689;40.30182994;50.27358208;66.63999135;16.29080617;39.80105857;40.93820578;46.62877813;0.3585144156;35.43096107,True,expected,False
Bayesian-Expected-NoShield,4,4,481.2,20.644864864864864,20.389337837837836,40.0,60.0,51.873423423423425,0.04704954954954955,0.009369369369369369,0.10337837837837838,0.044864864864864865,0.8672483970717538,34.0,92.0,0.0,0,11100,0.2830246748429858,0.39788068565923873,55.405957955573925,0.4064864864864865,True,False,0.662118963;0.6741961796;0.3640876;0.2460798207;0.2372011855;0.4128728207;0.5024050881;0.4159209977;0.2309431598;0.4380235493;0.7287104513;0.5641011845,0.6966749552;0.6813572012;1.27608378;1.842501298;1.908996959;1.13470463;0.9393093506;1.126874486;1.959226317;1.072981387;0.6151471375;0.8344446437,7.92027027;8.043783784;14.17513514;19.72567568;20.18027027;12.40972973;11.62567568;12.37;20.64486486;13.62;7.735945946;9.199459459,0.1843364273;0.1738381616;0.3310920079;0.3978806857;0.3926342394;0.3158772349;0.2624988834;0.2838505463;0.3854910159;0.2865150299;0.1581094399;0.2241724259,0.1513513514;0.1551351351;0.08810810811;0.04810810811;0.04675675676;0.09594594595;0.1197297297;0.09621621622;0.04486486486;0.09783783784;0.1605405405;0.1359459459,3.456774418;6.589858426;20.37593767;47.61271414;45.57270502;17.01286856;9.464805713;17.80623459;55.40595796;18.17049746;2.58176565;5.420003587,True,expected,False
Bayesian-Expected-NoShield,4,5,432.1708108108108,23.563513513513513,20.56735135135135,38.0,61.0,51.97027027027027,0.04114864864864865,0.010472972972972974,0.12513513513513513,0.04081081081081081,0.8133310990473721,29.0,103.0,0.0,0,11100,0.25405949726254523,0.3922869813097737,53.93277761976295,0.4064864864864865,True,False,0.9411489522;0.4821824971;0.3825098869;0.7544254172;0.3523107703;0.8677360717;0.95;0.2189202535;0.8265150398;0.3376263363;0.2625732011;0.2699141276,0.3546353857;0.9781203331;1.218803669;0.5851252029;1.315645181;0.4538598372;0.2241414152;2.064668323;0.5023771293;1.368663091;1.731770293;1.687095206,5.204324324;10.83297297;12.63405405;7.023783784;13.38621622;6.181621622;4.74;23.56351351;6.27972973;13.98648649;17.46108108;18.11594595,0.08492079775;0.2720231953;0.339288589;0.1521325527;0.3509572415;0.1112569925;0.05536898744;0.3922869813;0.1312969416;0.3813761209;0.3856699247;0.3921356424,0.2018918919;0.1205405405;0.09135135135;0.1789189189;0.08972972973;0.1851351351;0.2108108108;0.04081081081;0.1824324324;0.08135135135;0.05675675676;0.06189189189,0.3546353857;10.98736933;26.62907886;1.666126826;26.15371024;0.6692991862;0.2241414152;53.93277762;0.9118856464;31.02941008;35.56860086;42.98037536,True,expected,False
Bayesian-Expected-NoShield,4,6,331.0318918918919,19.532162162162162,17.693378378378377,31.0,53.0,44.64009009009009,0.02578828828828829,0.006036036036036036,0.1490990990990991,0.05945945945945946,0.9004617495460339,23.0,92.0,0.0,0,11100,0.17787862225514883,0.37592059508154585,41.209789244846455,0.4064864864864865,True,False,0.6600953202;0.4082536129;0.95;0.8542797728;0.5796663152;0.95;0.7238759829;0.298421524;0.95;0.3698913443;0.95;0.5870736138,0.6992694381;1.146768836;0.2551559305;0.4699577518;0.8105930222;0.2156180293;0.6208604762;1.535216558;0.2628816135;1.257463669;0.2571157349;0.7995478023,8.634594595;12.79594595;4.85;6.173513514;9.747837838;4.903243243;8.907297297;19.53216216;4.402432432;16.18891892;4.782162162;10.17972973,0.1923935914;0.3105573984;0.0585479419;0.1160922662;0.2052772059;0.05081592474;0.1406165079;0.3759205951;0.06117326195;0.3456325814;0.06163828563;0.2158779066,0.1464864865;0.09162162162;0.1981081081;0.1886486486;0.1281081081;0.2013513514;0.1432432432;0.05945945946;0.2051351351;0.08027027027;0.2043243243;0.1424324324,5.686119324;12.48214556;0.2551559305;0.8197465107;5.369488356;0.2156180293;2.871186191;41.20978924;0.2628816135;28.46869207;0.2571157349;5.590956047,True,expected,False
Bayesian-Expected-NoShield,4,7,354.7075675675676,24.591351351351353,20.70612162162162,35.0,55.0,47.462162162162166,0.03247747747747748,0.0062612612612612615,0.15448198198198201,0.03513513513513514,0.8400901962658232,23.0,118.0,0.0,0,11100,0.19659505542280495,0.39831410988022425,57.65390781079232,0.4064864864864865,True,False,0.95;0.8194645516;0.5139536145;0.1957148488;0.2668165055;0.95;0.9166527097;0.2817874583;0.4060368001;0.95;0.95;0.8957240492,0.2129344738;0.5105004868;0.9182376412;2.309972111;1.705631049;0.2143947682;0.3910280632;1.619983796;1.152645744;0.2643493157;0.2202876177;0.4190042049,5.041351351;5.493243243;10.71351351;24.59135135;17.31081081;4.914054054;5.373783784;17.5272973;11.70648649;4.952702703;4.550540541;5.581081081,0.0524854703;0.1274871486;0.2786975327;0.3983141099;0.3950610294;0.05215007875;0.1010331969;0.3918609453;0.3302174294;0.06601588316;0.05608403673;0.1097338039,0.2086486486;0.1972972973;0.1283783784;0.03513513514;0.06351351351;0.2040540541;0.2116216216;0.06351351351;0.1054054054;0.207027027;0.2232432432;0.2059459459,0.2129344738;0.9525024341;9.282990466;57.65390781;48.06601818;0.2143947682;0.3910280632;38.8131782;18.75874464;0.2643493157;0.2202876177;0.5520336396,True,expected,False
Bayesian-Expected-NoShield,4,8,406.84486486486486,22.46837837837838,21.874378378378378,36.0,61.0,50.82702702702703,0.036216216216216214,0.010022522522522523,0.13842342342342343,0.035405405405405405,0.8008651213044075,27.0,115.0,0.0,0,11100,0.23112564115361914,0.3996293386248993,73.17874504165255,0.4064864864864865,True,False,0.924502767;0.7675714746;0.2938168902;0.223720696;0.8564804989;0.95;0.4732619221;0.198994158;0.3554966144;0.365156396;0.95;0.8950142286,0.3798996382;0.5699618165;1.557699888;2.021057334;0.4673466129;0.2347890628;0.9960890923;2.271318822;1.304697623;1.272612991;0.2590903055;0.4199186836,4.642972973;7.37027027;16.29;22.46837838;5.900810811;4.503783784;10.47702703;21.38837838;12.58675676;14.14405405;4.561891892;4.858648649,0.09641236763;0.160513571;0.3822679726;0.3965642229;0.1162051037;0.05863380921;0.2824047183;0.3996293386;0.3575576728;0.3453252547;0.06484260077;0.1131510615,0.2094594595;0.1778378378;0.06189189189;0.04324324324;0.1886486486;0.2124324324;0.1202702703;0.03540540541;0.09027027027;0.08972972973;0.2175675676;0.2143243243,0.3798996382;2.319389065;32.41268314;60.54811614;0.7367330643;0.2347890628;13.0983164;73.17874504;26.297948;22.79622869;0.2590903055;0.4995934181,True,expected,False
Bayesian-Expected-NoShield,4,9,496.1313513513513,26.96135135135135,24.30797297297297,42.0,69.0,58.48153153153153,0.056193693693693696,0.016756756756756756,0.12373873873873874,0.03567567567567568,0.7451647299911754,32.0,128.0,0.0,0,11100,0.26024928284440674,0.4046923944822181,65.57785926455001,0.4064864864864865,True,False,0.3257577326;0.6871221964;0.2523803769;0.1963495047;0.5437054116;0.2493362779;0.95;0.4363495231;0.95;0.6652629851;0.95;0.2127973752,1.414897118;0.6652565043;1.798374164;2.302374716;0.8671448273;1.819394726;0.209506079;1.076896197;0.2790122724;0.6926602831;0.247425482;2.123503268,15.16918919;7.935945946;21.41783784;26.96135135;9.804864865;20.25675676;4.23;9.99972973;4.714054054;7.59972973;4.424864865;22.13702703,0.3762861524;0.1810576486;0.3898097513;0.4026044436;0.2517063634;0.4046923945;0.05441495726;0.3192851697;0.07359891293;0.2023691259;0.06312693378;0.4040395408,0.07297297297;0.1608108108;0.04459459459;0.03567567568;0.1278378378;0.04702702703;0.2275675676;0.1178378378;0.2216216216;0.1713513514;0.2189189189;0.03864864865,41.08781865;6.492438624;52.90409788;65.57785926;6.741462064;56.59049735;0.209506079;15.66032886;0.2790122724;3.80458368;0.247425482;60.06337278,True,expected,False
Bayesian-Expected-NoShield,4,10,542.4508108108108,29.105945945945948,26.287418918918917,46.0,71.0,62.107657657657654,0.06891891891891892,0.019932432432432434,0.10013513513513515,0.032972972972972976,0.7795230987789749,39.0,142.0,0.0,0,11100,0.30885167040984074,0.403412226432986,70.63562128557287,0.4064864864864865,True,False,0.2210551088;0.5230742899;0.4621770162;0.8877431859;0.3493760462;0.4491418585;0.5565464418;0.34857734;0.2223217792;0.6900300697;0.2104662511;0.2177243916,2.045012567;0.9021077578;1.019211399;0.4291816563;1.325898395;1.047619095;0.8463561798;1.328717478;2.03354937;0.6616731043;2.146920017;2.075867389,18.01243243;11.93540541;11.87513514;5.130810811;16.17405405;10.93918919;9.345945946;13.43702703;21.12297297;7.882432432;23.98135135;29.10594595,0.3940794486;0.2696570757;0.2864810419;0.1078753893;0.3501088463;0.3202316747;0.2410971388;0.354803478;0.4034122264;0.1854472998;0.3980505761;0.3949758492,0.04810810811;0.1202702703;0.1167567568;0.2094594595;0.07945945946;0.1221621622;0.1389189189;0.08486486486;0.04378378378;0.167027027;0.03783783784;0.03297297297,44.99320598;11.94847843;11.91870778;0.5459082815;32.93085551;14.47619293;7.912548316;24.94098567;52.66595492;10.05194349;56.59185096;70.63562129,True,expected,False
Bayesian-Expected-NoShield,4,11,444.66162162162163,27.75918918918919,22.99841891891891,40.0,69.0,56.751801801801804,0.049887387387387384,0.0159009009009009,0.11777027027027027,0.03594594594594595,0.8467673963576768,32.0,114.0,0.0,0,11100,0.25777075768102314,0.399890711560767,58.626642757754475,0.4064864864864865,True,False,0.95;0.2935060875;0.6227889451;0.4312530983;0.6153269509;0.4183303984;0.9434799305;0.4987828682;0.6260188518;0.4351735249;0.2492611008;0.2092716103,0.3358641596;1.559243329;0.7487311135;1.088976442;0.7590395275;1.120756955;0.3508668233;0.9460759936;0.7443154627;1.079661914;1.819920828;2.159149808,5.165675676;15.44918919;8.627297297;11.20459459;9.225135135;15.31351351;5.216486486;11.90135135;10.10513514;11.37459459;19.10324324;27.75918919,0.07851959408;0.3788539871;0.1968960469;0.3055020398;0.1946833815;0.3147206691;0.08563047067;0.2592759615;0.1804462081;0.2990955303;0.3998907116;0.3997344915,0.2035135135;0.07108108108;0.1564864865;0.1027027027;0.1378378378;0.09297297297;0.1997297297;0.1124324324;0.1351351351;0.1113513514;0.05405405405;0.03594594595,0.3358641596;28.2323297;6.708126746;12.95984568;4.267513857;23.94725036;0.3508668233;14.74405183;9.073779344;15.15087169;41.8886477;58.62664276,True,expected,False
Bayesian-Expected-NoShield,4,12,463.05297297297295,22.131351351351352,19.35072972972973,39.0,59.0,52.48153153153153,0.043018018018018016,0.00927927927927928,0.10968468468468469,0.04513513513513513,0.8430618035122025,33.0,118.0,0.0,0,11100,0.2778372593757607,0.39672903185982844,55.91436665734288,0.4064864864864865,True,False,0.2277146089;0.9318683167;0.4490225566;0.364868936;0.3264467419;0.2532754659;0.5108922966;0.7249468559;0.885090931;0.3371942215;0.4510893652;0.3770521179,1.986329388;0.369039043;1.047885528;1.273544601;1.412123145;1.792296255;0.9237509324;0.6195927545;0.4325165816;1.370290719;1.043286736;1.235229773,17.07567568;5.277027027;12.16378378;14.69243243;15.69675676;22.13135135;10.5927027;7.221621622;5.837837838;15.27702703;12.04297297;12.38648649,0.3967290319;0.08567690215;0.3078517755;0.346266451;0.3675336727;0.3938207716;0.244169841;0.1503768361;0.1069601817;0.3503500054;0.2644872861;0.3198243574,0.05324324324;0.1972972973;0.1081081081;0.08513513514;0.07918918919;0.04513513514;0.12;0.1618918919;0.1891891892;0.08027027027;0.1027027027;0.09405405405,40.47545757;0.369039043;29.93793301;22.55077466;30.91526557;55.91436666;7.027516783;2.274298563;0.5625829082;23.24715241;10.49860209;20.51597409,True,expected,False
Bayesian-Expected-NoShield,4,13,323.73135135135135,23.056486486486488,18.162972972972966,30.0,51.0,43.65765765765766,0.021509009009009008,0.006058558558558558,0.1509009009009009,0.044054054054054055,0.8982481180211183,23.0,117.0,0.0,0,11100,0.18356789543977978,0.4001920719611495,67.92017614196058,0.4064864864864865,True,False,0.931036637;0.7159624459;0.6775674106;0.3509019354;0.95;0.7562371291;0.2357345475;0.5713184825;0.95;0.8385292043;0.9458583108;0.3749843981,0.3702883284;0.6302691506;0.6771299559;1.320546841;0.2764601871;0.5830294735;1.920506701;0.8232731646;0.2265612916;0.488449848;0.3469497415;1.241568686,6.408378378;7.651081081;8.629189189;14.15918919;5.277297297;6.655405405;23.05648649;9.080810811;4.792432432;6.352702703;5.502702703;12.56351351,0.09047044565;0.1710243857;0.1647072866;0.3415576559;0.06851729502;0.1498543322;0.400192072;0.2351891176;0.05694648681;0.1260728662;0.07379714771;0.3244856539,0.1835135135;0.1672972973;0.1413513514;0.08162162162;0.2037837838;0.1727027027;0.04405405405;0.1383783784;0.2132432432;0.1905405405;0.1821621622;0.09216216216,0.3702883284;2.302691506;2.494169603;19.03554467;0.2764601871;1.315147367;67.92017614;9.828375445;0.2265612916;1.107598784;0.3469497415;16.7019646,True,expected,False
Bayesian-Expected-NoShield,4,14,475.40945945945947,22.16918918918919,20.65178378378378,40.0,59.0,51.77657657657657,0.0468018018018018,0.009211711711711711,0.10781531531531531,0.03702702702702703,0.8392244365329482,34.0,105.0,0.0,0,11100,0.27450131013223195,0.3985812568729969,56.13078134197596,0.4064864864864865,True,False,0.3969158517;0.64914127;0.685168137;0.2123384503;0.8391928019;0.2547057577;0.6450583303;0.3536782427;0.3495021855;0.2638904463;0.8142278578;0.4332858251,1.177446822;0.7134614509;0.6676722331;2.128067317;0.4876767217;1.782678959;0.7188179662;1.310923092;1.325454306;1.723560971;0.5165166625;1.084128614,13.36;8.682162162;8.602162162;22.16918919;6.473783784;19.41027027;9.15027027;16.50648649;14.33054054;17.82540541;6.196216216;11.68675676,0.322365846;0.1934059014;0.1775647236;0.3985812569;0.1217873759;0.38833493;0.2022404062;0.3493432889;0.3453345815;0.388034132;0.1236848008;0.2833384784,0.09243243243;0.1472972973;0.1397297297;0.03702702703;0.1802702703;0.05405405405;0.1397297297;0.0772972973;0.08297297297;0.05675675676;0.1824324324;0.1037837838,16.80468155;8.03076643;4.018100196;56.13078134;1.402827548;49.76419751;4.695177289;18.95123112;28.59270481;33.48487765;1.048649962;12.19844367,True,expected,False
Bayesian-Expected-NoShield,4,15,407.9827027027027,24.275405405405404,21.68743243243243,36.0,60.0,50.20135135135135,0.03662162162162162,0.009684684684684685,0.1348198198198198,0.032432432432432434,0.8416396644433517,28.0,103.0,0.0,0,11100,0.2348070018515935,0.40953690722337,63.124843800771295,0.4064864864864865,False,False,0.95;0.6682774533;0.3936552323;0.8783623152;0.2542081145;0.6112416568;0.1961261937;0.2603661895;0.4858854259;0.9440218225;0.777121657;0.6438927182,0.2609434761;0.6888292002;1.186565108;0.4408835581;1.786011998;0.7647485898;2.305041448;1.74572184;0.9708198352;0.349980936;0.5589976316;0.7203540735,4.597027027;7.163243243;12.59135135;6.084324324;18.12297297;8.244864865;24.27540541;19.57;9.97972973;5.069189189;7.357567568;9.544324324,0.06276748478;0.1938030263;0.3357658562;0.1049779499;0.3963015813;0.2159898044;0.4055626979;0.4095369072;0.2825872872;0.08484672963;0.1415623732;0.1839823242,0.2121621622;0.1748648649;0.1037837838;0.1848648649;0.05324324324;0.1594594595;0.03243243243;0.05513513514;0.1302702703;0.2048648649;0.1651351351;0.1416216216,0.2609434761;2.310633602;20.12520862;0.6453013484;51.50956725;8.318714745;55.46954811;63.1248438;8.103937199;0.349980936;2.461957369;2.803540735,True,expected,False
Bayesian-Expected-NoShield,4,16,467.54756756756757,24.898108108108108,22.707918918918917,40.0,63.0,54.4490990990991,0.04952702702702703,0.01231981981981982,0.12486486486486488,0.03567567567567568,0.7799139859858788,31.0,125.0,0.0,0,11100,0.27002119523328577,0.40244449329701193,66.62643268327903,0.4064864864864865,True,False,0.3932789834;0.7735119064;0.901603995;0.8416273572;0.2260479039;0.7045979448;0.6624829137;0.1982197585;0.7522839954;0.3841282698;0.2247729528;0.2144342016,1.187626136;0.5631378354;0.4113518347;0.4848363331;2.00065631;0.6439160289;0.6962092138;2.280313362;0.5876051337;1.214015836;2.011774821;2.107404393,15.35297297;7.226756757;5.026216216;6.092432432;17.62675676;6.264054054;7.654054054;24.89810811;6.584864865;11.80405405;20.91594595;18.74567568,0.3424856992;0.1675715559;0.1072850055;0.1183262727;0.3985091083;0.1769898923;0.2084864348;0.4024444933;0.1645294374;0.3514083676;0.4018112412;0.4004068346,0.09162162162;0.1872972973;0.2094594595;0.1835135135;0.04810810811;0.1813513514;0.1754054054;0.03567567568;0.1910810811;0.1054054054;0.04459459459;0.04486486486,30.54822156;2.447067531;0.4567591735;0.9331996644;46.84791064;3.014824404;11.15215934;66.62643268;2.438866738;22.06252258;53.06042166;57.0652558,True,expected,False
Bayesian-Expected-NoShield,4,17,403.5472972972973,27.97972972972973,27.061527027027026,41.0,73.0,60.436036036036036,0.05277027027027027,0.01864864864864865,0.14824324324324326,0.032432432432432434,0.8132980971372809,24.0,144.0,0.0,0,11100,0.2124838382922588,0.40357660897108993,61.620156448022314,0.4064864864864865,True,False,0.6058267012;0.4606290406;0.8627452041;0.95;0.8920394043;0.9329954481;0.2434414901;0.2237143759;0.7874097494;0.2072792387;0.95;0.5223938409,0.772389876;1.022513998;0.4598691245;0.2139841101;0.4237308779;0.3673358894;1.861711545;2.021113381;0.5472165522;2.179902851;0.241873434;0.9032962107,9.04972973;10.97513514;4.764324324;4.150810811;5.282702703;5.018918919;20.51351351;26.31027027;6.471351351;27.97972973;4.553243243;9.521891892,0.2102152987;0.2769078449;0.1201874171;0.05771787619;0.1099409845;0.09292605201;0.3990100689;0.4025839356;0.1490795364;0.403576609;0.05935704813;0.268303388,0.1424324324;0.1175675676;0.2132432432;0.2281081081;0.2032432432;0.2154054054;0.05054054054;0.03702702703;0.1897297297;0.03243243243;0.2132432432;0.1359459459,7.44779752;10.98273797;0.7592147472;0.2139841101;0.5186543897;0.3673358894;54.24315712;59.22803882;2.985980702;61.62015645;0.241873434;12.73844085,True,expected,False
Bayesian-Expected-NoShield,4,18,327.9756756756757,22.111621621621623,19.558581081081076,32.0,51.0,43.704054054054055,0.025675675675675677,0.004234234234234234,0.1600900900900901,0.04351351351351351,0.8518002095424918,21.0,85.0,0.0,0,11100,0.18849393734749764,0.39474204821797826,50.721174654838606,0.4064864864864865,True,False,0.95;0.2298402862;0.2514208534;0.95;0.8064515181;0.2889292384;0.86964094;0.95;0.4229897239;0.9113191376;0.93510967;0.8418183031,0.2641897105;1.968390267;1.804941085;0.3377909827;0.5254308787;1.582364629;0.451552802;0.2372894534;1.10910177;0.3983676074;0.3641087485;0.4846132827,4.751621622;22.11162162;17.46972973;4.563783784;6.636756757;14.87216216;5.922162162;4.669189189;10.95864865;4.726756757;5.522702703;6.254864865,0.06868932472;0.3947420482;0.3883062442;0.08408256624;0.1357599784;0.3780568465;0.1200886371;0.06150286102;0.3081504378;0.09916123417;0.09555394453;0.1278331254,0.22;0.04351351351;0.05351351351;0.2132432432;0.1867567568;0.07297297297;0.1964864865;0.2181081081;0.1035135135;0.2067567568;0.2091891892;0.197027027,0.2641897105;50.72117465;38.22987437;0.3377909827;1.254308787;35.0957773;0.760869614;0.2372894534;12.9820354;0.3983676074;0.3641087485;1.776878937,True,expected,False
Bayesian-Expected-NoShield,4,19,489.44945945945943,23.34216216216216,22.849243243243244,40.0,61.0,52.87252252252252,0.047454954954954956,0.010337837837837838,0.1049099099099099,0.0372972972972973,0.8273551041301548,36.0,121.0,0.0,0,11100,0.292704777106745,0.39818068139381485,62.22136558042932,0.4064864864864865,True,False,0.8339118425;0.4218873338;0.3658373363;0.3670076204;0.481511622;0.1930715746;0.2120595117;0.3057773787;0.5446939528;0.4653449839;0.3623629999;0.8770434254,0.4938172966;1.111838862;1.270411673;1.266646367;0.9794527448;2.342239302;2.1308523;1.500722279;0.8655191693;1.012509865;1.281724896;0.4425090154,5.907567568;12.06378378;15.08567568;13.57486486;11.45324324;22.44594595;23.34216216;14.75216216;9.733243243;10.30864865;13.61810811;5.574864865,0.1263905351;0.2824671704;0.334427289;0.3577420146;0.2580990341;0.3981806814;0.3956474405;0.3816701796;0.2521701796;0.2835027621;0.3377518306;0.1044082082,0.1886486486;0.09648648649;0.08297297297;0.09486486486;0.1118918919;0.0372972973;0.03810810811;0.07405405405;0.1405405405;0.1197297297;0.08108108108;0.1932432432,0.8690864829;12.01964928;20.8269307;20.59835577;13.56303509;46.26871628;62.22136558;36.32672432;9.906940894;10.75027621;22.58521864;0.6125450771,True,expected,False
Bayesian-Expected-Shield,4,0,380.21189189189187,19.73675675675676,19.48331081081081,34.0,57.0,47.62117117117117,0.03123873873873874,0.007387387387387387,0.14288288288288287,0.046486486486486484,0.8276516506912268,26.0,105.0,0.0436036036036036,484,11100,0.21799700177463743,0.39932417747017895,23.99998220044627,0.4064864864864865,True,True,0.95;0.2315765095;0.95;0.8081176242;0.6281327393;0.795200025;0.3394136806;0.9476946562;0.5005847781;0.95;0.23436609;0.2528380647,0.3369544871;1.95400716;0.2191119648;0.5235225351;0.7414402559;0.5383055036;1.361973486;0.3438720469;0.9427001774;0.2738400263;1.931388168;1.795260579,4.786216216;19.73675676;5.251891892;6.178108108;8.887837838;6.445675676;13.51513514;5.397567568;10.98513514;4.716756757;19.27594595;17.05864865,0.08514930958;0.391857652;0.05744286644;0.1380967552;0.2055993791;0.1501435891;0.3828249799;0.08438805907;0.2647204012;0.06335326013;0.3930635921;0.3993241775,0.2118918919;0.04648648649;0.2083783784;0.1943243243;0.1491891892;0.1897297297;0.08405405405;0.202972973;0.1164864865;0.2048648649;0.04756756757;0.05864864865,0.3369544871;23.9916825;0.2191119648;1.141135211;5.287364863;2.212888058;23.85078037;0.3438720469;13.05290479;0.2738400263;23.99858589;23.9999822,True,expected,True
Bayesian-Expected-Shield,4,1,526.5543243243243,30.806756756756755,27.519837837837834,48.0,87.0,70.59324324324324,0.07423423423423424,0.028288288288288287,0.12324324324324322,0.030810810810810812,0.7060904900293445,32.0,212.0,0.12144144144144144,1348,11100,0.2784841936276064,0.4009319510861356,23.998742767051603,0.4064864864864865,True,True,0.5605092249;0.2181252996;0.2316669551;0.3707979081;0.95;0.95;0.2020086086;0.95;0.325972712;0.8362721814;0.2993435181;0.2334007936,0.8400796556;2.072097608;1.953264399;1.254604531;0.2976063768;0.2276934429;2.237061952;0.2579608484;1.414030367;0.4910760745;1.530799061;1.939147999,9.232432432;24.83054054;19.72405405;13.69837838;4.377027027;4.018108108;30.80675676;4.371351351;14.2827027;6.283243243;14.2927027;23.17108108,0.2588353534;0.3959386511;0.3938203355;0.3689215485;0.07810156536;0.06406185787;0.3911835359;0.0663726291;0.3924889694;0.1430756779;0.3880782483;0.4009319511,0.1451351351;0.04405405405;0.04621621622;0.09567567568;0.2254054054;0.2489189189;0.03081081081;0.2264864865;0.08378378378;0.2094594595;0.07513513514;0.04783783784,6.761513457;23.99874277;23.99722263;23.76901231;0.2976063768;0.2276934429;23.99136411;0.2579608484;23.97855081;0.9464564472;23.94910699;23.99188396,True,expected,True
Bayesian-Expected-Shield,4,2,428.1232432432432,25.421891891891892,23.686270270270267,38.0,66.0,54.571621621621624,0.04182432432432433,0.013400900900900901,0.13130630630630633,0.036216216216216214,0.825120220435367,28.0,128.0,0.055765765765765765,619,11100,0.23917147325070218,0.3995047067800737,23.99999933511995,0.4064864864864865,True,True,0.2983974043;0.4720337023;0.7619171253;0.95;0.6042558466;0.7527600943;0.6803453125;0.2438339011;0.7053294905;0.1925045361;0.95;0.2931742638,1.535332493;0.9986066978;0.5764720931;0.328976203;0.7746227687;0.5870535051;0.6736618433;1.858825842;0.6430324214;2.34929577;0.2710575607;1.560894842,15.21783784;9.068918919;7.179459459;5.214864865;9.747567568;7.183513514;7.428918919;22.26621622;7.425945946;25.42189189;4.855675676;17.27243243,0.3834181685;0.2658452966;0.1522197932;0.08153275085;0.2173130902;0.1597737513;0.1740596547;0.393367739;0.1758780569;0.3993802809;0.06776439017;0.3995047068,0.06648648649;0.1305405405;0.18;0.2064864865;0.1348648649;0.1740540541;0.1627027027;0.0427027027;0.1681081081;0.03621621622;0.2091891892;0.06432432432,23.98228171;8.156807631;1.588248838;0.328976203;5.244718762;1.522321031;2.92591318;23.97718519;2.273356636;23.99999934;0.2710575607;23.99901395,True,expected,True
Bayesian-Expected-Shield,4,3,529.4835135135135,24.271621621621623,21.908405405405404,45.0,72.0,61.6990990990991,0.06648648648648649,0.018986486486486487,0.10709459459459458,0.04675675675675676,0.7125599183125491,36.0,148.0,0.09441441441441441,1048,11100,0.31613910156802794,0.3991786133321246,23.99955092536107,0.4064864864864865,True,True,0.2469621281;0.8215561338;0.8932287906;0.3220866759;0.225348274;0.2465631425;0.4834834838;0.2778755806;0.2645088005;0.3014458345;0.9387067142;0.2969367479,1.836175919;0.5080937316;0.4222105672;1.429873819;2.006740312;1.839030251;0.9755450403;1.641436133;1.719737046;1.520828652;0.3585144156;1.542388958,19.97486486;5.832162162;4.827837838;13.72594595;19.55297297;24.27162162;10.23486486;16.45378378;18.30621622;16.16513514;4.645675676;16.73027027,0.398003537;0.145561988;0.1152520738;0.3953407883;0.3991786133;0.3911667047;0.2992550326;0.3917265149;0.3969339019;0.3896609628;0.09224479018;0.3793443114,0.05216216216;0.2091891892;0.2291891892;0.08162162162;0.05027027027;0.04675675676;0.1337837838;0.06621621622;0.05783783784;0.07216216216;0.2172972973;0.06864864865,23.99954416;1.048562389;0.5332634034;23.97476381;23.99955093;23.97186862;17.78161234;23.97622089;23.99608666;23.99126408;0.3585144156;23.94756335,True,expected,True
Bayesian-Expected-Shield,4,4,484.1091891891892,21.51054054054054,21.019256756756757,41.0,63.0,54.2009009009009,0.05045045045045045,0.011824324324324325,0.10328828828828829,0.046216216216216216,0.8758203347402164,35.0,126.0,0.03864864864864865,429,11100,0.2834432658047175,0.3966109490707897,23.994974050616257,0.4064864864864865,True,True,0.662118963;0.6741961796;0.3640876;0.2460798207;0.2372011855;0.4128728207;0.5024050881;0.4159209977;0.2309431598;0.4380235493;0.7287104513;0.5641011845,0.6966749552;0.6813572012;1.27608378;1.842501298;1.908996959;1.13470463;0.9393093506;1.126874486;1.959226317;1.072981387;0.6151471375;0.8344446437,8.044054054;8.23972973;14.72918919;18.55135135;20.6172973;12.23783784;12.00243243;12.09621622;21.51054054;13.53405405;7.988918919;9.402972973,0.1864076231;0.1740223122;0.3266084703;0.3948928457;0.3936661296;0.3186373273;0.2548828616;0.2862870316;0.3966109491;0.2897049746;0.1567793921;0.2228192724,0.1556756757;0.1513513514;0.08432432432;0.05432432432;0.0472972973;0.1002702703;0.1143243243;0.09945945946;0.04621621622;0.09702702703;0.1578378378;0.1313513514,4.140149194;6.589858426;22.92810523;23.99257917;23.99173239;14.53934541;9.464805713;17.10497123;23.99497405;15.7515533;2.58176565;6.116669655,True,expected,True
Bayesian-Expected-Shield,4,5,422.16513513513513,22.282972972972974,20.49339189189189,37.0,59.0,50.596846846846844,0.03945945945945946,0.008648648648648649,0.12524774774774775,0.04540540540540541,0.8182169139728103,28.0,108.0,0.03135135135135135,348,11100,0.2535926661497898,0.3917289628441837,23.999805493476746,0.4064864864864865,True,True,0.9411489522;0.4821824971;0.3825098869;0.7544254172;0.3523107703;0.8677360717;0.95;0.2189202535;0.8265150398;0.3376263363;0.2625732011;0.2699141276,0.3546353857;0.9781203331;1.218803669;0.5851252029;1.315645181;0.4538598372;0.2241414152;2.064668323;0.5023771293;1.368663091;1.731770293;1.687095206,5.348918919;10.63945946;11.8072973;7.15972973;13.23648649;6.232432432;4.767297297;22.28297297;6.494324324;13.44540541;19.02918919;16.73135135,0.08549588216;0.2722875522;0.339288589;0.1518162688;0.351668401;0.1123609759;0.05476319983;0.3917289628;0.1336051609;0.3773071225;0.3856699247;0.3871199539,0.2018918919;0.1205405405;0.09486486486;0.1794594595;0.08918918919;0.182972973;0.2078378378;0.04540540541;0.1821621622;0.08432432432;0.05216216216;0.06216216216,0.3546353857;10.58736933;17.77266785;1.666126826;23.92241988;0.7231590234;0.2241414152;23.99960989;0.9118856464;23.95475772;23.99626068;23.99980549,True,expected,True
Bayesian-Expected-Shield,4,6,323.70324324324326,17.223783783783784,16.487675675675675,30.0,49.0,42.2490990990991,0.020563063063063065,0.004391891891891892,0.1503153153153153,0.06594594594594595,0.9049330838819947,23.0,107.0,0.006666666666666667,74,11100,0.1773131907014995,0.3705265909578589,23.992464582444224,0.4064864864864865,True,True,0.6600953202;0.4082536129;0.95;0.8542797728;0.5796663152;0.95;0.7238759829;0.298421524;0.95;0.3698913443;0.95;0.5870736138,0.6992694381;1.146768836;0.2551559305;0.4699577518;0.8105930222;0.2156180293;0.6208604762;1.535216558;0.2628816135;1.257463669;0.2571157349;0.7995478023,8.412162162;12.92432432;4.82972973;6.451621622;9.524324324;4.721621622;8.602162162;17.22378378;4.447567568;15.88540541;4.735135135;9.905405405,0.1933385501;0.3161362738;0.05889274721;0.118759594;0.2039627307;0.05134040103;0.1391063067;0.370526591;0.06081801652;0.3381557704;0.06170777637;0.2150135306,0.1472972973;0.09540540541;0.2016216216;0.187027027;0.1272972973;0.2045945946;0.1427027027;0.06594594595;0.2045945946;0.08054054054;0.2045945946;0.1421621622,5.481735953;12.48214556;0.2551559305;0.8197465107;5.7906744;0.2156180293;1.808604762;23.99246458;0.2628816135;23.96274746;0.2571157349;7.190051651,True,expected,True
Bayesian-Expected-Shield,4,7,362.7502702702703,28.586216216216215,22.17083783783783,36.0,64.0,52.27657657657657,0.03725225225225225,0.011891891891891892,0.15466216216216216,0.03135135135135135,0.8426389296606642,22.0,118.0,0.04450450450450451,494,11100,0.19656411745165028,0.39831410988022425,23.998445593946663,0.4064864864864865,True,True,0.95;0.8194645516;0.5139536145;0.1957148488;0.2668165055;0.95;0.9166527097;0.2817874583;0.4060368001;0.95;0.95;0.8957240492,0.2129344738;0.5105004868;0.9182376412;2.309972111;1.705631049;0.2143947682;0.3910280632;1.619983796;1.152645744;0.2643493157;0.2202876177;0.4190042049,4.754324324;5.512432432;10.12405405;28.58621622;16.92189189;4.871621622;5.465135135;16.34648649;11.74162162;4.957567568;4.813783784;5.107027027,0.0520826213;0.1267972831;0.2774566711;0.3983141099;0.3964439735;0.05238185688;0.101878663;0.3914231118;0.3302174294;0.06587299163;0.05661987148;0.1092808264,0.2116216216;0.1924324324;0.1337837838;0.03135135135;0.06324324324;0.2075675676;0.2097297297;0.06891891892;0.1059459459;0.2072972973;0.2156756757;0.2083783784,0.2129344738;1.394504381;8.928277542;23.99776885;23.99844559;0.2143947682;0.3910280632;23.93389116;17.04789253;0.2643493157;0.2202876177;0.5520336396,True,expected,True
Bayesian-Expected-Shield,4,8,427.2172972972973,27.651891891891893,23.996027027027022,39.0,73.0,59.086036036036035,0.04574324324324324,0.016463963963963962,0.13905405405405405,0.03567567567567568,0.8017477545420266,25.0,173.0,0.06342342342342343,704,11100,0.23072015706450388,0.39717385881768025,23.998847492735777,0.4064864864864865,True,True,0.924502767;0.7675714746;0.2938168902;0.223720696;0.8564804989;0.95;0.4732619221;0.198994158;0.3554966144;0.365156396;0.95;0.8950142286,0.3798996382;0.5699618165;1.557699888;2.021057334;0.4673466129;0.2347890628;0.9960890923;2.271318822;1.304697623;1.272612991;0.2590903055;0.4199186836,4.603243243;7.149189189;16.49054054;21.00486486;5.892972973;4.638918919;10.48432432;27.65189189;12.3072973;14.73783784;4.620540541;4.898378378,0.0951802607;0.1609757022;0.3826889726;0.394379296;0.1159524839;0.05933183074;0.2834815714;0.3971738588;0.3572050518;0.3436055074;0.06540279603;0.113264553,0.2083783784;0.177027027;0.06324324324;0.04513513514;0.1902702703;0.2151351351;0.1224324324;0.03567567568;0.09;0.08756756757;0.2191891892;0.2145945946,0.3798996382;2.149427248;23.9621904;23.98019356;0.7367330643;0.2347890628;13.0983164;23.99884749;18.4912526;23.88668065;0.2590903055;0.4995934181,True,expected,True
Bayesian-Expected-Shield,4,9,522.0905405405406,28.69810810810811,25.961189189189188,46.0,80.0,66.26351351351352,0.0672972972972973,0.024527027027027026,0.12376126126126125,0.03189189189189189,0.7459644087692828,31.0,165.0,0.11387387387387388,1264,11100,0.25958778851811143,0.39887426255788255,23.998640683480353,0.4064864864864865,True,True,0.3257577326;0.6871221964;0.2523803769;0.1963495047;0.5437054116;0.2493362779;0.95;0.4363495231;0.95;0.6652629851;0.95;0.2127973752,1.414897118;0.6652565043;1.798374164;2.302374716;0.8671448273;1.819394726;0.209506079;1.076896197;0.2790122724;0.6926602831;0.247425482;2.123503268,15.10216216;7.935945946;23.72189189;28.69810811;10.28297297;20.59432432;4.147297297;10.34243243;4.637567568;7.751891892;4.428648649;23.47,0.3747565339;0.1815970458;0.394670222;0.3926482286;0.2589716309;0.3968247416;0.05379210135;0.3213225409;0.07254319082;0.2059260301;0.06312693378;0.3988742626,0.07297297297;0.1589189189;0.04594594595;0.03189189189;0.1340540541;0.04675675676;0.2262162162;0.1186486486;0.2194594595;0.17;0.2205405405;0.03972972973,23.99176942;5.696669111;23.98710429;23.99736337;9.477186201;23.9977866;0.209506079;18.18273377;0.2790122724;3.111923397;0.247425482;23.99864068,True,expected,True
Bayesian-Expected-Shield,4,10,565.5286486486486,29.95756756756757,26.682689189189187,49.0,86.0,70.44549549549549,0.07844594594594595,0.029234234234234234,0.09959459459459459,0.038378378378378375,0.7811836931540892,36.349999999999454,145.0,0.10333333333333333,1147,11100,0.30900180113593423,0.40176340261922716,23.997242471557666,0.4064864864864865,True,True,0.2210551088;0.5230742899;0.4621770162;0.8877431859;0.3493760462;0.4491418585;0.5565464418;0.34857734;0.2223217792;0.6900300697;0.2104662511;0.2177243916,2.045012567;0.9021077578;1.019211399;0.4291816563;1.325898395;1.047619095;0.8463561798;1.328717478;2.03354937;0.6616731043;2.146920017;2.075867389,19.8972973;11.55972973;12.31378378;4.983783784;15.12243243;10.99351351;10.16621622;14.97216216;23.21567568;8.018918919;24.00324324;29.95756757,0.3968429791;0.266243695;0.2903375175;0.1081073794;0.3436585298;0.3250450597;0.235149771;0.3616266218;0.4017634026;0.1861626221;0.399791322;0.3932927135,0.04864864865;0.1189189189;0.1127027027;0.2118918919;0.08189189189;0.122972973;0.1321621622;0.0827027027;0.04027027027;0.1659459459;0.03864864865;0.03837837838,23.99589223;9.642155157;18.18766737;0.5459082815;23.64956675;13.71428741;11.20526068;23.61226819;23.99252746;10.71361659;23.99724247;23.99321517,True,expected,True
Bayesian-Expected-Shield,4,11,459.6116216216216,28.92297297297297,24.258972972972966,41.0,78.0,63.11441441441441,0.05265765765765766,0.02060810810810811,0.11725225225225226,0.03783783783783784,0.843101103809454,31.0,158.0,0.033153153153153155,368,11100,0.2569659325229263,0.39448013612759525,23.995356387257196,0.4064864864864865,True,True,0.95;0.2935060875;0.6227889451;0.4312530983;0.6153269509;0.4183303984;0.9434799305;0.4987828682;0.6260188518;0.4351735249;0.2492611008;0.2092716103,0.3358641596;1.559243329;0.7487311135;1.088976442;0.7590395275;1.120756955;0.3508668233;0.9460759936;0.7443154627;1.079661914;1.819920828;2.159149808,5.098108108;16.07756757;8.242432432;11.50243243;9.000810811;15.08675676;5.158918919;12.27216216;10.46540541;11.37351351;20.44297297;28.92297297,0.07842881998;0.3700042277;0.1975031262;0.3116827169;0.1901701735;0.3244137023;0.08600978616;0.2613215312;0.1812508735;0.2996791314;0.3944801361;0.3886469654,0.2005405405;0.07081081081;0.1608108108;0.1021621622;0.1372972973;0.09297297297;0.2032432432;0.11;0.1337837838;0.1062162162;0.05135135135;0.03783783784,0.3358641596;23.99535639;5.959395632;12.95984568;5.221751022;23.89450073;0.3508668233;15.29012782;8.16241027;16.2305336;23.9936662;23.98724712,True,expected,True
Bayesian-Expected-Shield,4,12,478.4127027027027,20.99108108108108,20.638337837837838,40.0,62.0,54.24054054054054,0.048468468468468466,0.011103603603603603,0.10936936936936938,0.0445945945945946,0.8379420841605889,33.0,126.0,0.02810810810810811,312,11100,0.2777331447509333,0.39382077161378753,23.996986161784637,0.4064864864864865,True,True,0.2277146089;0.9318683167;0.4490225566;0.364868936;0.3264467419;0.2532754659;0.5108922966;0.7249468559;0.885090931;0.3371942215;0.4510893652;0.3770521179,1.986329388;0.369039043;1.047885528;1.273544601;1.412123145;1.792296255;0.9237509324;0.6195927545;0.4325165816;1.370290719;1.043286736;1.235229773,20.34972973;5.099189189;12.24486486;13.65675676;17.14594595;20.99108108;9.967837838;7.084864865;5.954594595;15.4727027;12.87135135;12.78675676,0.3913605741;0.08547742158;0.3061525017;0.3428244386;0.366007053;0.3938207716;0.2444195035;0.1497070061;0.1060250107;0.34886861;0.2746381841;0.3234966621,0.04972972973;0.1981081081;0.1081081081;0.08621621622;0.07648648649;0.04459459459;0.1245945946;0.1618918919;0.1881081081;0.07675675676;0.1035135135;0.09432432432,23.99698616;0.369039043;23.95484878;18.82697184;23.97588129;23.99199887;7.027516783;1.795927545;0.5625829082;21.87686169;13.59559493;20.11597409,True,expected,True
Bayesian-Expected-Shield,4,13,333.0535135135135,25.005675675675676,19.55175675675675,31.0,59.0,47.77972972972973,0.026373873873873875,0.009234234234234234,0.15096846846846848,0.043243243243243246,0.8959931127106631,23.0,117.0,0.022342342342342343,248,11100,0.18312101738699393,0.3913681222551318,23.996511808936535,0.4064864864864865,True,True,0.931036637;0.7159624459;0.6775674106;0.3509019354;0.95;0.7562371291;0.2357345475;0.5713184825;0.95;0.8385292043;0.9458583108;0.3749843981,0.3702883284;0.6302691506;0.6771299559;1.320546841;0.2764601871;0.5830294735;1.920506701;0.8232731646;0.2265612916;0.488449848;0.3469497415;1.241568686,6.169459459;7.635945946;8.631621622;15.08945946;5.394594595;6.854594595;25.00567568;9.407027027;4.836216216;5.956216216;5.418648649;13.12324324,0.09117099114;0.1693209556;0.1645242785;0.3444128923;0.06814370018;0.1492240301;0.3913681223;0.2400842553;0.05737511628;0.124620718;0.07473484972;0.3224722993,0.1886486486;0.1618918919;0.1435135135;0.07918918919;0.2016216216;0.1710810811;0.04324324324;0.1416216216;0.2156756757;0.1897297297;0.1840540541;0.09135135135,0.3702883284;2.702691506;2.494169603;20.71226362;0.2764601871;1.315147367;23.99651181;8.981829115;0.2265612916;0.9306990882;0.3469497415;18.78510197,True,expected,True
Bayesian-Expected-Shield,4,14,478.65351351351353,24.983783783783785,21.718567567567565,40.0,71.0,58.674774774774775,0.049797297297297295,0.016621621621621622,0.10914414414414415,0.0372972972972973,0.8412782138262473,33.0,158.0,0.03342342342342342,371,11100,0.2737289162438105,0.3962806435577126,23.9895607653849,0.4064864864864865,True,True,0.3969158517;0.64914127;0.685168137;0.2123384503;0.8391928019;0.2547057577;0.6450583303;0.3536782427;0.3495021855;0.2638904463;0.8142278578;0.4332858251,1.177446822;0.7134614509;0.6676722331;2.128067317;0.4876767217;1.782678959;0.7188179662;1.310923092;1.325454306;1.723560971;0.5165166625;1.084128614,12.30918919;8.377297297;8.148918919;24.98378378;6.360540541;19.04702703;9.522162162;17.18675676;14.84324324;17.76972973;6.185675676;12.5872973,0.322365846;0.1937915563;0.1802715029;0.3962806436;0.1211283533;0.3854440993;0.2034060569;0.3401313969;0.3482004286;0.38151255;0.12535999;0.2868545712,0.09648648649;0.1497297297;0.1462162162;0.0372972973;0.1827027027;0.05540540541;0.1381081081;0.07567567568;0.08675675676;0.05972972973;0.1821621622;0.09945945946,14.52340465;9.457689331;4.821116895;23.98756778;1.402827548;23.98129072;7.408085086;23.39492349;23.69088758;23.98956077;1.165166625;16.50165903,True,expected,True
Bayesian-Expected-Shield,4,15,436.1618918918919,32.241081081081084,25.963054054054048,39.0,77.0,61.504954954954954,0.04718468468468468,0.01704954954954955,0.1352027027027027,0.02945945945945946,0.8351995063897057,27.0,262.0,0.06189189189189189,687,11100,0.2330808269135685,0.3977414893885956,23.997445409228362,0.4064864864864865,True,True,0.95;0.6682774533;0.3936552323;0.8783623152;0.2542081145;0.6112416568;0.1961261937;0.2603661895;0.4858854259;0.9440218225;0.777121657;0.6438927182,0.2609434761;0.6888292002;1.186565108;0.4408835581;1.786011998;0.7647485898;2.305041448;1.74572184;0.9708198352;0.349980936;0.5589976316;0.7203540735,4.547837838;6.985405405;12.34675676;6.082432432;20.82648649;7.856486486;32.24108108;18.60135135;9.945945946;5.025675676;7.519459459;9.108378378,0.06403693953;0.1943615365;0.3405762553;0.1046204768;0.3934053456;0.2174366261;0.3887421252;0.3977414894;0.2818001359;0.08494131907;0.1420156145;0.1872920591,0.2156756757;0.1772972973;0.1056756757;0.1862162162;0.04972972973;0.1651351351;0.02945945946;0.05243243243;0.1283783784;0.1994594595;0.1675675676;0.1454054054,0.2609434761;2.599462802;22.72977877;0.6453013484;23.99109558;7.918714745;23.99744541;23.98635636;11.58721654;0.349980936;1.35398579;3.605311103,True,expected,True
Bayesian-Expected-Shield,4,16,506.35486486486485,27.026756756756757,26.968486486486487,46.0,79.0,66.06846846846847,0.06585585585585585,0.02533783783783784,0.12497747747747745,0.031081081081081083,0.7750127182886722,30.0,172.0,0.11225225225225226,1246,11100,0.26928895028741523,0.4006719799454812,23.99332664097801,0.4064864864864865,True,True,0.3932789834;0.7735119064;0.901603995;0.8416273572;0.2260479039;0.7045979448;0.6624829137;0.1982197585;0.7522839954;0.3841282698;0.2247729528;0.2144342016,1.187626136;0.5631378354;0.4113518347;0.4848363331;2.00065631;0.6439160289;0.6962092138;2.280313362;0.5876051337;1.214015836;2.011774821;2.107404393,14.52162162;7.189459459;5.073783784;6.208378378;19.43945946;6.60027027;8.047567568;27.02675676;6.357027027;11.48405405;26.92081081;20.45432432,0.3379919787;0.1680281541;0.106951477;0.118064199;0.4006719799;0.1802964881;0.2116852339;0.3993629888;0.1646882496;0.3497678057;0.395830289;0.3981285596,0.09540540541;0.1856756757;0.2121621622;0.1816216216;0.05027027027;0.1843243243;0.1727027027;0.03108108108;0.1948648649;0.1067567568;0.04135135135;0.04351351351,23.98332498;2.12079186;0.4567591735;1.018035998;23.9045279;2.858740433;11.55215934;23.99332664;1.876051337;19.63449091;23.9909764;23.99153746,True,expected,True
Bayesian-Expected-Shield,4,17,417.8408108108108,29.946216216216218,28.810391891891893,42.0,88.0,67.96396396396396,0.05448198198198198,0.024391891891891893,0.14853603603603605,0.03567567567567568,0.8181456181738002,24.0,161.0,0.06864864864864866,762,11100,0.211387639490338,0.39591749084463124,23.99850869745739,0.4064864864864865,True,True,0.6058267012;0.4606290406;0.8627452041;0.95;0.8920394043;0.9329954481;0.2434414901;0.2237143759;0.7874097494;0.2072792387;0.95;0.5223938409,0.772389876;1.022513998;0.4598691245;0.2139841101;0.4237308779;0.3673358894;1.861711545;2.021113381;0.5472165522;2.179902851;0.241873434;0.9032962107,9.055135135;9.875135135;4.933243243;4.080810811;5.267027027;4.904594595;21.01891892;27.88108108;6.393243243;29.94621622;4.537027027;9.592702703,0.2127203469;0.2782896206;0.1196902613;0.05789137682;0.1102845501;0.09252893213;0.3954879119;0.393297739;0.150114811;0.3959174908;0.05968390412;0.2707447291,0.1448648649;0.1197297297;0.2116216216;0.2272972973;0.2013513514;0.2132432432;0.05162162162;0.03648648649;0.1908108108;0.03567567568;0.2135135135;0.1362162162,7.44779752;9.96022397;0.6394764981;0.2139841101;0.5186543897;0.3673358894;23.99413496;23.9985087;1.472165522;23.99805703;0.241873434;12.84173706,True,expected,True
Bayesian-Expected-Shield,4,18,331.29,21.298648648648648,19.73114864864865,32.0,55.0,45.58783783783784,0.02617117117117117,0.006779279279279279,0.16067567567567567,0.04756756756756757,0.8543456137353995,21.0,113.0,0.031711711711711714,352,11100,0.18877075070472757,0.39421005084841226,23.99532064392474,0.4064864864864865,True,True,0.95;0.2298402862;0.2514208534;0.95;0.8064515181;0.2889292384;0.86964094;0.95;0.4229897239;0.9113191376;0.93510967;0.8418183031,0.2641897105;1.968390267;1.804941085;0.3377909827;0.5254308787;1.582364629;0.451552802;0.2372894534;1.10910177;0.3983676074;0.3641087485;0.4846132827,4.674864865;21.29864865;18.44864865;4.687837838;6.478648649;15.36;5.75;4.639189189;11.00216216;4.717297297;5.60027027;6.501621622,0.06876072734;0.3942100508;0.3887940661;0.08481292512;0.1323517781;0.3810505093;0.119234348;0.06131046417;0.3108482529;0.09937656802;0.09496349791;0.1295358207,0.2181081081;0.04756756757;0.05135135135;0.2151351351;0.1854054054;0.07297297297;0.1994594595;0.2172972973;0.1067567568;0.2083783784;0.2081081081;0.1975675676,0.2641897105;23.99532064;23.98798908;0.3377909827;1.027154393;23.96711355;0.709316812;0.2372894534;18.36430976;0.3983676074;0.3641087485;1.776878937,True,expected,True
Bayesian-Expected-Shield,4,19,488.32675675675677,26.722162162162164,23.75766216216216,39.0,66.0,55.152702702702705,0.04490990990990991,0.01313063063063063,0.10614864864864866,0.036756756756756756,0.8283643856668046,34.0,132.0,0.05054054054054054,561,11100,0.29226265006348806,0.39311638019961687,23.996063080160184,0.4064864864864865,True,True,0.8339118425;0.4218873338;0.3658373363;0.3670076204;0.481511622;0.1930715746;0.2120595117;0.3057773787;0.5446939528;0.4653449839;0.3623629999;0.8770434254,0.4938172966;1.111838862;1.270411673;1.266646367;0.9794527448;2.342239302;2.1308523;1.500722279;0.8655191693;1.012509865;1.281724896;0.4425090154,5.734594595;11.87864865;14.3772973;12.66297297;11.17027027;21.33216216;26.72216216;14.89108108;8.578378378;9.744864865;13.11486486;5.430810811,0.1275917123;0.2836691584;0.3382041886;0.3580843515;0.2644522411;0.3931163802;0.3927679104;0.3788309752;0.2442167602;0.2793979924;0.341215952;0.1056041785,0.1894594595;0.1005405405;0.08567567568;0.09756756757;0.1162162162;0.03837837838;0.03675675676;0.06756756757;0.1424324324;0.1181081081;0.08702702703;0.1940540541,0.8690864829;13.44332701;22.69957271;21.46609829;10.48631862;23.99288744;23.98943338;23.99606308;9.906940894;9.875217023;21.98316635;0.6125450771,True,expected,True
