policy,extra_delay,seed,wAoI,worst_user_mean_aoi,p95_user_mean_aoi,p95_slot_aoi,p99_slot_aoi,cvar95_slot_aoi,slot_aoi_gt40,slot_aoi_gt60,mean_service_rate,worst_service_rate,jain_service_fairness,starvation_p95,starvation_max,rejection_rate,rejected_candidates,proposed_candidates,mean_power,max_avg_power,max_queue,finite_window_bound,bound_ok,certificate_ok,uav_pi_los,uav_pth,uav_mean_aoi,uav_avg_power,uav_service_rate,uav_max_queue
FreshSky-Safe,2,0,380.7883783783784,19.49675675675676,19.039067567567567,34.0,56.0,47.44054054054054,0.0313288288288288,0.0073648648648648,0.1374324324324324,0.0448648648648648,0.8209785276998859,26.0,98.0,0.0479279279279279,532,11100,0.2181681021862364,0.3973833552224503,23.99858588743782,0.4064864864864865,True,True,0.95;0.2315765095;0.95;0.8081176242;0.6281327393;0.795200025;0.3394136806;0.9476946562;0.5005847781;0.95;0.23436609;0.2528380647,0.3369544871;1.95400716;0.2191119648;0.5235225351;0.7414402559;0.5383055036;1.361973486;0.3438720469;0.9427001774;0.2738400263;1.931388168;1.795260579,4.777027027;19.49675676;5.093243243;6.231621622;9.437027027;6.413783784;13.51567568;5.156216216;11.16324324;4.613243243;18.66459459;17.31783784,0.08442075934;0.3839360014;0.05631769689;0.1385212329;0.2122122246;0.1515984689;0.3831930809;0.08234341447;0.2685421587;0.06335326013;0.3961955729;0.3973833552,0.2086486486;0.04486486486;0.2010810811;0.1872972973;0.137027027;0.1840540541;0.07837837838;0.1964864865;0.1067567568;0.2024324324;0.04810810811;0.05405405405,0.3369544871;23.99025059;0.2191119648;1.511702816;11.94049075;3.166110072;23.99181084;0.3438720469;14.79560497;0.2738400263;23.99858589;23.98672606
FreshSky-Safe,2,1,506.9132432432432,26.18027027027027,24.69883783783784,46.0,79.0,65.73513513513514,0.0676351351351351,0.0242792792792792,0.1189414414414414,0.0332432432432432,0.6896021967207442,31.39999999999964,150.0,0.118018018018018,1310,11100,0.2774516793248909,0.3972632927101839,23.999461816734904,0.4064864864864865,True,True,0.5605092249;0.2181252996;0.2316669551;0.3707979081;0.95;0.95;0.2020086086;0.95;0.325972712;0.8362721814;0.2993435181;0.2334007936,0.8400796556;2.072097608;1.953264399;1.254604531;0.2976063768;0.2276934429;2.237061952;0.2579608484;1.414030367;0.4910760745;1.530799061;1.939147999,9.885675676;23.48675676;19.24648649;14.66;4.271081081;3.938378378;26.18027027;4.247297297;15.14054054;6.142162162;14.7572973;21.71945946,0.2701877811;0.3920184665;0.3927645169;0.3675652193;0.07914720939;0.06393878033;0.3936019813;0.06693038229;0.3814060287;0.1414829988;0.3831134946;0.3972632927,0.1305405405;0.04108108108;0.04459459459;0.08675675676;0.2262162162;0.247027027;0.03324324324;0.2281081081;0.07216216216;0.2010810811;0.06756756757;0.04891891892,12.20278795;23.99102781;23.99722263;23.93542526;0.2976063768;0.2276934429;23.98665517;0.2579608484;23.99946182;1.40183682;23.99317275;23.9926919
FreshSky-Safe,2,2,408.7702702702703,25.184594594594596,22.47978378378378,36.0,61.0,51.83153153153153,0.0366666666666666,0.0103153153153153,0.1274774774774775,0.0356756756756756,0.828627819066562,27.0,128.0,0.0690990990990991,767,11100,0.2390685411704395,0.4000152256968511,23.999999667559926,0.4064864864864865,True,True,0.2983974043;0.4720337023;0.7619171253;0.95;0.6042558466;0.7527600943;0.6803453125;0.2438339011;0.7053294905;0.1925045361;0.95;0.2931742638,1.535332493;0.9986066978;0.5764720931;0.328976203;0.7746227687;0.5870535051;0.6736618433;1.858825842;0.6430324214;2.34929577;0.2710575607;1.560894842,14.26243243;8.907027027;6.538918919;4.937297297;8.852162162;7.022702703;7.397567568;20.26675676;7.385675676;25.18459459;4.764054054;14.80891892,0.3838331232;0.2661151903;0.1492595311;0.08224405074;0.2200347378;0.1616777086;0.1749700085;0.3918605829;0.1750090942;0.4000152257;0.06725157857;0.3965516625,0.06621621622;0.1227027027;0.1713513514;0.2016216216;0.1327027027;0.1675675676;0.1567567568;0.04324324324;0.1564864865;0.03567567568;0.2086486486;0.06675675676,23.94785375;13.52754828;3.047081397;0.328976203;7.117832605;3.179909587;4.14689871;23.97706725;3.10368085;23.99999967;0.2710575607;23.99901395
FreshSky-Safe,2,3,524.6945945945946,23.49810810810811,22.960148648648648,45.0,72.0,62.36081081081081,0.0642342342342342,0.0193918918918918,0.1029954954954954,0.0437837837837837,0.6984608652308365,36.0,162.0,0.1095495495495495,1216,11100,0.315458585110861,0.3959244398538735,23.9976783836974,0.4064864864864865,True,True,0.2469621281;0.8215561338;0.8932287906;0.3220866759;0.225348274;0.2465631425;0.4834834838;0.2778755806;0.2645088005;0.3014458345;0.9387067142;0.2969367479,1.836175919;0.5080937316;0.4222105672;1.429873819;2.006740312;1.839030251;0.9755450403;1.641436133;1.719737046;1.520828652;0.3585144156;1.542388958,17.84972973;5.813783784;4.850540541;11.79918919;22.52;23.49810811;9.694864865;16.42810811;19.31567568;16.27297297;4.687567568;16.4072973,0.3940334269;0.1456993106;0.1151379628;0.3957272407;0.3959244399;0.3906696695;0.3042645882;0.389508358;0.3955395205;0.3884278585;0.09331064385;0.377260002,0.05378378378;0.2016216216;0.2243243243;0.08378378378;0.04378378378;0.04513513514;0.1286486486;0.05756756757;0.05162162162;0.06486486486;0.2154054054;0.06540540541,23.99541437;2.561874631;0.5110528362;23.99608902;23.99767838;23.97671736;21.72398177;23.99552575;23.97896367;23.98667143;0.3585144156;23.97378167
FreshSky-Safe,2,4,465.5556756756757,20.69783783783784,20.08704054054054,37.0,58.0,50.31576576576577,0.0385135135135135,0.0082657657657657,0.0979279279279279,0.044054054054054,0.8734941607201933,34.0,119.0,0.0388288288288288,431,11100,0.2822594673486006,0.3899131124795796,23.99793309742025,0.4064864864864865,True,True,0.662118963;0.6741961796;0.3640876;0.2460798207;0.2372011855;0.4128728207;0.5024050881;0.4159209977;0.2309431598;0.4380235493;0.7287104513;0.5641011845,0.6966749552;0.6813572012;1.27608378;1.842501298;1.908996959;1.13470463;0.9393093506;1.126874486;1.959226317;1.072981387;0.6151471375;0.8344446437,8.363513514;7.880540541;12.47189189;17.02864865;20.69783784;12.12405405;10.54459459;11.74891892;19.5872973;13.42108108;7.63;9.12,0.1830183936;0.1775211735;0.3124680824;0.3899131125;0.386958843;0.3256908966;0.2619911486;0.289637199;0.3891976603;0.285645045;0.1597719998;0.2253000538,0.1418918919;0.1508108108;0.08324324324;0.05135135135;0.04648648649;0.09162162162;0.1089189189;0.09054054054;0.04405405405;0.08837837838;0.1518918919;0.1259459459,7.713548835;3.494929213;22.60418902;23.99257917;23.9979331;19.9434593;12.40411506;19.83622637;23.99497405;16.08136717;2.796912787;8.392226805
FreshSky-Safe,2,5,430.0124324324324,25.92027027027027,21.87316216216216,37.0,64.0,54.41576576576576,0.0397972972972973,0.0118468468468468,0.1207207207207207,0.0402702702702702,0.8034651560304631,29.0,161.0,0.0411711711711711,457,11100,0.2527615186146011,0.3894968889818236,23.999805493476718,0.4064864864864865,True,True,0.9411489522;0.4821824971;0.3825098869;0.7544254172;0.3523107703;0.8677360717;0.95;0.2189202535;0.8265150398;0.3376263363;0.2625732011;0.2699141276,0.3546353857;0.9781203331;1.218803669;0.5851252029;1.315645181;0.4538598372;0.2241414152;2.064668323;0.5023771293;1.368663091;1.731770293;1.687095206,5.074324324;10.42783784;11.71243243;7.034054054;12.79432432;6.274594595;4.656486486;25.92027027;5.97;12.98648649;18.56189189;17.53378378,0.08472910295;0.275988548;0.3419238402;0.15434654;0.348468183;0.1123609759;0.05549014496;0.389496889;0.1337409385;0.3758274867;0.3791172804;0.3816482938,0.2010810811;0.1145945946;0.08783783784;0.1694594595;0.0872972973;0.1781081081;0.2040540541;0.04027027027;0.1824324324;0.07945945946;0.04702702703;0.05702702703,0.3546353857;11.20924899;23.8342018;2.806627637;23.99451687;0.9924582096;0.2241414152;23.9730757;1.423771293;23.95475772;23.98640754;23.99980549
FreshSky-Safe,2,6,311.4289189189189,15.107837837837838,14.761189189189189,28.0,45.0,38.83918918918919,0.016554054054054,0.0019594594594594,0.1437387387387387,0.0635135135135135,0.8945499164616645,22.0,85.0,0.003063063063063,34,11100,0.1774486826715395,0.3672072038048208,23.96082791400128,0.4064864864864865,True,True,0.6600953202;0.4082536129;0.95;0.8542797728;0.5796663152;0.95;0.7238759829;0.298421524;0.95;0.3698913443;0.95;0.5870736138,0.6992694381;1.146768836;0.2551559305;0.4699577518;0.8105930222;0.2156180293;0.6208604762;1.535216558;0.2628816135;1.257463669;0.2571157349;0.7995478023,8.360540541;13.48945946;4.59027027;6.190810811;9.624054054;4.711351351;8.447837838;15.10783784;4.363243243;14.47756757;4.774054054;9.375135135,0.1937165335;0.3139667111;0.05889274721;0.1167273443;0.2083443146;0.05052454903;0.1422945092;0.3672072038;0.06024962385;0.3361166401;0.06136032267;0.2199836926,0.1354054054;0.08243243243;0.1991891892;0.1762162162;0.1237837838;0.2;0.1340540541;0.06351351351;0.2002702703;0.07405405405;0.1991891892;0.1367567568,6.382466515;16.96275858;0.2551559305;1.659239532;7.801267423;0.2156180293;2.871186191;23.96082791;0.2628816135;23.8388374;0.2571157349;8.388242861
FreshSky-Safe,2,7,362.1394594594595,27.696216216216214,22.275297297297293,36.0,66.0,53.95045045045045,0.0380855855855855,0.0128603603603603,0.1499774774774774,0.0313513513513513,0.8293299926931444,22.0,130.0,0.0503603603603603,559,11100,0.1953109801621567,0.3958168427336397,23.998445593946624,0.4064864864864865,True,True,0.95;0.8194645516;0.5139536145;0.1957148488;0.2668165055;0.95;0.9166527097;0.2817874583;0.4060368001;0.95;0.95;0.8957240492,0.2129344738;0.5105004868;0.9182376412;2.309972111;1.705631049;0.2143947682;0.3910280632;1.619983796;1.152645744;0.2643493157;0.2202876177;0.4190042049,4.629189189;5.512702703;10.55675676;27.69621622;17.84;4.765675676;5.218648649;17.47108108;10.76459459;4.762972973;4.726216216;5.242972973,0.0524854703;0.1288668796;0.2811792561;0.3958168427;0.3858414022;0.05354074752;0.1009275136;0.383979943;0.3295943776;0.06623022044;0.05644125989;0.1088278489,0.207027027;0.1854054054;0.1197297297;0.03135135135;0.05675675676;0.2110810811;0.2016216216;0.06;0.1008108108;0.2062162162;0.2172972973;0.2024324324,0.2129344738;1.836506329;9.728277542;23.99665327;23.99844559;0.2143947682;0.3910280632;23.99837962;17.04789253;0.2643493157;0.2202876177;0.5330294346
FreshSky-Safe,2,8,401.0635135135135,21.33945945945946,21.13075675675676,36.0,62.0,52.96936936936937,0.0378828828828828,0.0109909909909909,0.135518018018018,0.0383783783783783,0.7976031603902735,25.59999999999945,136.0,0.0551351351351351,612,11100,0.2303122284601655,0.3947183790104612,23.99718299980695,0.4064864864864865,True,True,0.924502767;0.7675714746;0.2938168902;0.223720696;0.8564804989;0.95;0.4732619221;0.198994158;0.3554966144;0.365156396;0.95;0.8950142286,0.3798996382;0.5699618165;1.557699888;2.021057334;0.4673466129;0.2347890628;0.9960890923;2.271318822;1.304697623;1.272612991;0.2590903055;0.4199186836,4.713243243;6.919459459;15.32513514;21.33945946;5.856756757;4.644594595;10.45027027;20.96;13.43243243;15.09513514;4.58027027;5.051621622,0.09600166532;0.1612837897;0.3784789729;0.3932868326;0.1169629631;0.05945874375;0.2856352776;0.394718379;0.3579102938;0.3418857602;0.06463252755;0.1134915361,0.2035135135;0.1735135135;0.0627027027;0.04216216216;0.1872972973;0.2143243243;0.1159459459;0.03837837838;0.08378378378;0.08162162162;0.212972973;0.21,0.3798996382;3.229274514;23.99708626;23.98019356;0.9387729028;0.2347890628;18.47876186;23.997183;23.9059391;21.34145467;0.2590903055;0.5991868362
FreshSky-Safe,2,9,514.0483783783784,25.60162162162162,24.99082432432432,44.0,80.0,64.1045045045045,0.0601576576576576,0.0212612612612612,0.1187387387387387,0.0367567567567567,0.7340992438092003,32.0,173.0,0.1085585585585585,1205,11100,0.2592263279863736,0.3965785833489164,23.998431463728718,0.4064864864864865,True,True,0.3257577326;0.6871221964;0.2523803769;0.1963495047;0.5437054116;0.2493362779;0.95;0.4363495231;0.95;0.6652629851;0.95;0.2127973752,1.414897118;0.6652565043;1.798374164;2.302374716;0.8671448273;1.819394726;0.209506079;1.076896197;0.2790122724;0.6926602831;0.247425482;2.123503268,17.21297297;7.717027027;20.54945946;25.60162162;10.48540541;19.55567568;4.146216216;10.44162162;4.694594595;7.707567568;4.425675676;24.49108108,0.3663436321;0.1812374477;0.3888376571;0.3963818093;0.2606121751;0.3948578284;0.05311262218;0.3274346544;0.07224155593;0.2094829343;0.06359503604;0.3965785833,0.06162162162;0.1548648649;0.04594594595;0.03675675676;0.1186486486;0.04351351351;0.2237837838;0.1081081081;0.2145945946;0.1602702703;0.22;0.03675675676,23.97909448;7.557695128;23.99679272;23.99736337;10.14576551;23.99284056;0.209506079;22.82929082;0.2790122724;4.20458368;0.247425482;23.99843146
FreshSky-Safe,2,10,540.9713513513514,27.79783783783784,24.743256756756757,47.0,80.0,66.28558558558558,0.071081081081081,0.024527027027027,0.0952927927927927,0.037027027027027,0.7792485011271687,36.0,156.0,0.0952252252252252,1057,11100,0.30802479846498,0.3951493328242854,23.999080823852573,0.4064864864864865,True,True,0.2210551088;0.5230742899;0.4621770162;0.8877431859;0.3493760462;0.4491418585;0.5565464418;0.34857734;0.2223217792;0.6900300697;0.2104662511;0.2177243916,2.045012567;0.9021077578;1.019211399;0.4291816563;1.325898395;1.047619095;0.8463561798;1.328717478;2.03354937;0.6616731043;2.146920017;2.075867389,19.70486486;11.70513514;11.86513514;5.185405405;15.48621622;10.85;10.13486486;14.54756757;20.15027027;7.651351351;22.24405405;27.79783784,0.3935267425;0.2642931918;0.2892356673;0.1094993199;0.3404333716;0.3292921641;0.2399534142;0.3623448475;0.3946184994;0.1863414526;0.3951493328;0.3916095777,0.04756756757;0.107027027;0.1075675676;0.2075675676;0.07459459459;0.1135135135;0.1283783784;0.07891891892;0.04432432432;0.16;0.03702702703;0.03702702703,23.98155826;9.761124977;13.37634198;0.5750899378;23.90929404;18.95238289;11.17611011;23.92100401;23.98978262;4.448442774;23.99908082;23.99414089
FreshSky-Safe,2,11,453.8662162162162,27.44540540540541,23.756689189189185,41.0,69.0,57.7445945945946,0.0504504504504504,0.0167792792792792,0.1107882882882883,0.0335135135135135,0.8223949791700572,31.0,131.0,0.0405405405405405,450,11100,0.2565012631505803,0.3934963951397459,23.995356387257225,0.4064864864864865,True,True,0.95;0.2935060875;0.6227889451;0.4312530983;0.6153269509;0.4183303984;0.9434799305;0.4987828682;0.6260188518;0.4351735249;0.2492611008;0.2092716103,0.3358641596;1.559243329;0.7487311135;1.088976442;0.7590395275;1.120756955;0.3508668233;0.9460759936;0.7443154627;1.079661914;1.819920828;2.159149808,5.078108108;16.19297297;8.30972973;11.47378378;8.971081081;13.67216216;5.13;11.79567568;10.04621622;12.02432432;20.73864865;27.44540541,0.07979043144;0.3750612331;0.1970984066;0.3143315785;0.1948885273;0.3104799671;0.08648393051;0.2590202653;0.1790380437;0.3031807376;0.3934963951;0.3851456414,0.2013513514;0.06243243243;0.152972973;0.09621621622;0.1302702703;0.08135135135;0.1986486486;0.102972973;0.1235135135;0.09837837838;0.04783783784;0.03351351351,0.3358641596;23.99535639;7.620815611;19.46929327;7.25310677;20.9849795;0.3508668233;14.19797583;8.218094807;21.34918126;23.99524965;23.98817925
FreshSky-Safe,2,12,468.0516216216216,22.9727027027027,20.32274324324324,38.0,62.0,53.50765765765766,0.0434909909909909,0.0108333333333333,0.1034459459459459,0.0448648648648648,0.8209695120100309,33.0,112.0,0.0323423423423423,359,11100,0.2767435735460913,0.3892131909314958,23.99343390392374,0.4064864864864865,True,True,0.2277146089;0.9318683167;0.4490225566;0.364868936;0.3264467419;0.2532754659;0.5108922966;0.7249468559;0.885090931;0.3371942215;0.4510893652;0.3770521179,1.986329388;0.369039043;1.047885528;1.273544601;1.412123145;1.792296255;0.9237509324;0.6195927545;0.4325165816;1.370290719;1.043286736;1.235229773,18.15459459;4.953513514;12.01945946;13.70513514;14.59459459;22.9727027;10.43945946;6.71;5.85;16.34432432;11.82324324;12.7127027,0.3892131909;0.08497872017;0.3137992339;0.346266451;0.358373955;0.3855858969;0.2514100511;0.1525537836;0.1078953527;0.3473872146;0.26730698;0.3161520526,0.04594594595;0.1981081081;0.1010810811;0.08351351351;0.07162162162;0.04486486486;0.1127027027;0.1589189189;0.18;0.06567567568;0.09432432432;0.08459459459,23.9934339;0.369039043;23.95484878;20.80368546;23.89717654;23.99140411;11.65503357;2.376334791;0.8552321429;23.64715241;13.14188882;22.55120386
FreshSky-Safe,2,13,323.2181081081081,22.37108108108108,17.76683783783783,30.0,51.0,43.60765765765765,0.021554054054054,0.0054954954954954,0.1453828828828828,0.0416216216216216,0.8890273981663435,23.0,117.0,0.0198198198198198,220,11100,0.1824704929751704,0.3846203960093536,23.983844290900628,0.4064864864864865,True,True,0.931036637;0.7159624459;0.6775674106;0.3509019354;0.95;0.7562371291;0.2357345475;0.5713184825;0.95;0.8385292043;0.9458583108;0.3749843981,0.3702883284;0.6302691506;0.6771299559;1.320546841;0.2764601871;0.5830294735;1.920506701;0.8232731646;0.2265612916;0.488449848;0.3469497415;1.241568686,5.882432432;7.719459459;8.35972973;13.99972973;5.227027027;6.564594595;22.37108108;9.320810811;4.611891892;6.42;5.306216216;13.04378378,0.09207169248;0.1710243857;0.1661713513;0.3372748013;0.06866673296;0.1504846344;0.384620396;0.244979393;0.0566403229;0.1235646102;0.07435976892;0.3197878264,0.1827027027;0.1545945946;0.1394594595;0.07297297297;0.2021621622;0.1662162162;0.04162162162;0.1302702703;0.2097297297;0.18;0.1802702703;0.08459459459,0.3702883284;3.163229808;4.156949338;23.94515469;0.2764601871;2.379383155;23.98384429;12.69819494;0.2265612916;1.107598784;0.3469497415;20.74353328
FreshSky-Safe,2,14,464.6351351351352,24.564324324324325,21.085054054054048,39.0,66.0,55.58873873873874,0.045518018018018,0.0135585585585585,0.1032882882882883,0.0378378378378378,0.8437926181271378,33.0,154.0,0.036036036036036,400,11100,0.2737297912040951,0.3951303369000704,23.99261652965241,0.4064864864864865,True,True,0.3969158517;0.64914127;0.685168137;0.2123384503;0.8391928019;0.2547057577;0.6450583303;0.3536782427;0.3495021855;0.2638904463;0.8142278578;0.4332858251,1.177446822;0.7134614509;0.6676722331;2.128067317;0.4876767217;1.782678959;0.7188179662;1.310923092;1.325454306;1.723560971;0.5165166625;1.084128614,11.65891892;8.061351351;7.906216216;24.56432432;6.138648649;17.52081081;9.52027027;15.98972973;14.58648649;18.23837838;6.058648649;11.79027027,0.3255481347;0.1943700385;0.1806324068;0.3951303369;0.1208647443;0.3835168788;0.2032117818;0.3397770933;0.3417522725;0.3843075137;0.1241035981;0.2915426949,0.09378378378;0.1378378378;0.1378378378;0.03783783784;0.1754054054;0.05513513514;0.1283783784;0.07216216216;0.07567567568;0.05702702703;0.172972973;0.09540540541,18.68595845;8.257689331;6.021116895;23.99261653;1.715150826;23.98752715;7.408085086;20.54784677;23.96543327;23.94765844;1.448649962;16.87147258
FreshSky-Safe,2,15,427.97135135135136,30.75189189189189,25.12732432432432,39.0,76.0,60.25495495495496,0.0449774774774774,0.0166666666666666,0.1315315315315315,0.0294594594594594,0.8317992693075007,26.0,194.0,0.068018018018018,755,11100,0.2325246725040384,0.3949105891082498,23.99851593032565,0.4064864864864865,True,True,0.95;0.6682774533;0.3936552323;0.8783623152;0.2542081145;0.6112416568;0.1961261937;0.2603661895;0.4858854259;0.9440218225;0.777121657;0.6438927182,0.2609434761;0.6888292002;1.186565108;0.4408835581;1.786011998;0.7647485898;2.305041448;1.74572184;0.9708198352;0.349980936;0.5589976316;0.7203540735,4.220540541;6.578378378;12.06459459;5.89972973;20.52540541;7.642162162;30.75189189;17.85081081;9.792432432;4.876486486;7.131621622;9.205945946,0.06354326268;0.1945477065;0.3328796167;0.1072419466;0.389543698;0.2157831156;0.3899880936;0.3949105891;0.2833744384;0.08465755075;0.143224258;0.1906017941,0.2148648649;0.1721621622;0.09675675676;0.1832432432;0.05378378378;0.1554054054;0.02945945946;0.05162162162;0.122972973;0.2040540541;0.1586486486;0.1354054054,0.2609434761;3.177121202;19.73864351;1.013253371;23.99851593;9.883463335;23.99489082;23.9981173;11.4163967;0.349980936;2.225966842;4.725665177
FreshSky-Safe,2,16,495.22135135135136,28.67108108108108,24.94178378378378,44.0,77.0,63.13963963963964,0.0617342342342342,0.0222297297297297,0.1197522522522522,0.03,0.7713027572055126,30.0,126.0,0.1088288288288288,1208,11100,0.2687347482464716,0.4009764033758843,23.993529703353243,0.4064864864864865,True,True,0.3932789834;0.7735119064;0.901603995;0.8416273572;0.2260479039;0.7045979448;0.6624829137;0.1982197585;0.7522839954;0.3841282698;0.2247729528;0.2144342016,1.187626136;0.5631378354;0.4113518347;0.4848363331;2.00065631;0.6439160289;0.6962092138;2.280313362;0.5876051337;1.214015836;2.011774821;2.107404393,13.95486486;6.898648649;5.104054054;6.055135135;19.12081081;6.141621622;7.37972973;28.67108108;6.460540541;11.54405405;21.89054054;21.01432432,0.3334982582;0.1692457495;0.106951477;0.1193745674;0.3941833649;0.1789042372;0.2086745995;0.3956651833;0.1680233058;0.3540332667;0.3952865661;0.4009764034,0.08459459459;0.1808108108;0.2048648649;0.1767567568;0.04675675676;0.177027027;0.1640540541;0.03;0.1872972973;0.1002702703;0.04216216216;0.04243243243,23.94216703;4.31530805;0.4908146776;1.163526998;23.7686717;4.146572491;7.109021131;23.9935297;4.102523209;20.43449091;23.98856908;23.99218863
FreshSky-Safe,2,17,396.7127027027027,27.124324324324323,26.36383783783784,40.0,72.0,59.97207207207207,0.0475675675675675,0.0183108108108108,0.1427252252252252,0.034054054054054,0.8082358299591068,24.0,150.0,0.0606306306306306,673,11100,0.2108890225498377,0.3959174908446312,23.995045977721038,0.4064864864864865,True,True,0.6058267012;0.4606290406;0.8627452041;0.95;0.8920394043;0.9329954481;0.2434414901;0.2237143759;0.7874097494;0.2072792387;0.95;0.5223938409,0.772389876;1.022513998;0.4598691245;0.2139841101;0.4237308779;0.3673358894;1.861711545;2.021113381;0.5472165522;2.179902851;0.241873434;0.9032962107,9.14972973;10.08540541;4.886216216;4.285945946;5.387837838;4.84;19.37864865;25.74162162;6.338378378;27.12432432;4.756486486;9.492702703,0.2081277585;0.2780132654;0.1200631282;0.05766004265;0.1100555064;0.09421669162;0.3904562591;0.3905665047;0.1521853601;0.3959174908;0.05948779052;0.2739184725,0.1286486486;0.1075675676;0.2054054054;0.2251351351;0.197027027;0.2143243243;0.05027027027;0.03621621622;0.1794594595;0.03405405405;0.2091891892;0.1254054054,7.44779752;10.18273797;0.8190838718;0.2139841101;0.6610396572;0.3673358894;23.9896348;23.99504598;2.038764149;23.99222811;0.241873434;15.15162569
FreshSky-Safe,2,18,335.4335135135135,22.334594594594595,20.477527027027023,33.0,56.0,46.9954954954955,0.0293468468468468,0.0071171171171171,0.1545495495495495,0.0389189189189189,0.8409825579019529,21.0,120.0,0.0358558558558558,398,11100,0.1887700873293455,0.3904860692614503,23.994150804906035,0.4064864864864865,True,True,0.95;0.2298402862;0.2514208534;0.95;0.8064515181;0.2889292384;0.86964094;0.95;0.4229897239;0.9113191376;0.93510967;0.8418183031,0.2641897105;1.968390267;1.804941085;0.3377909827;0.5254308787;1.582364629;0.451552802;0.2372894534;1.10910177;0.3983676074;0.3641087485;0.4846132827,4.416216216;22.33459459;18.95810811;4.578918919;6.428918919;15.80324324;5.748108108;4.591081081;11.12432432;4.574324324;5.444324324;6.427027027,0.06854651947;0.3904860693;0.3839158469;0.08481292512;0.1320677614;0.3831888399;0.120454761;0.06066914132;0.3180424265;0.09937656802;0.0946682746;0.1290119145,0.2172972973;0.03891891892;0.04972972973;0.2127027027;0.1789189189;0.06324324324;0.1883783784;0.2118918919;0.09783783784;0.2048648649;0.2013513514;0.1894594595,0.2641897105;23.9941508;23.97810691;0.3377909827;1.278016151;23.8957773;1.121739228;0.2372894534;23.76442923;0.3983676074;0.3641087485;2.092265654
FreshSky-Safe,2,19,510.1894594594594,28.22756756756757,25.81158108108108,41.0,71.0,59.52612612612613,0.0513063063063063,0.0161711711711711,0.0980405405405405,0.0313513513513513,0.8082877545013629,35.0,176.0,0.057027027027027,633,11100,0.2917721265584922,0.3962815684459906,23.99874953319805,0.4064864864864865,True,True,0.8339118425;0.4218873338;0.3658373363;0.3670076204;0.481511622;0.1930715746;0.2120595117;0.3057773787;0.5446939528;0.4653449839;0.3623629999;0.8770434254,0.4938172966;1.111838862;1.270411673;1.266646367;0.9794527448;2.342239302;2.1308523;1.500722279;0.8655191693;1.012509865;1.281724896;0.4425090154,5.929189189;12.75;14.78783784;11.7772973;11.06783784;23.83486486;28.22756757;14.43702703;9.605405405;10.18675676;14.27351351;5.538108108,0.1283924971;0.2875756192;0.3333972255;0.3560303303;0.2599520528;0.3962815684;0.3870088501;0.3690965605;0.2526380278;0.2897967424;0.3374054185;0.103690626,0.1843243243;0.0872972973;0.07486486486;0.09054054054;0.1032432432;0.03648648649;0.03135135135;0.06513513514;0.1267567568;0.1137837838;0.07405405405;0.1886486486,1.150538373;17.45642653;23.90857739;23.93274466;13.86577137;23.99874953;23.99182553;23.99606308;12.03797923;14.0253354;23.81519666;0.5275270463
FreshSky-Safe,4,0,380.2118918918919,19.73675675675676,19.48331081081081,34.0,57.0,47.62117117117117,0.0312387387387387,0.0073873873873873,0.1428828828828828,0.0464864864864864,0.8276516506912268,26.0,105.0,0.0436036036036036,484,11100,0.2179970017746374,0.3993241774701789,23.99998220044627,0.4064864864864865,True,True,0.95;0.2315765095;0.95;0.8081176242;0.6281327393;0.795200025;0.3394136806;0.9476946562;0.5005847781;0.95;0.23436609;0.2528380647,0.3369544871;1.95400716;0.2191119648;0.5235225351;0.7414402559;0.5383055036;1.361973486;0.3438720469;0.9427001774;0.2738400263;1.931388168;1.795260579,4.786216216;19.73675676;5.251891892;6.178108108;8.887837838;6.445675676;13.51513514;5.397567568;10.98513514;4.716756757;19.27594595;17.05864865,0.08514930958;0.391857652;0.05744286644;0.1380967552;0.2055993791;0.1501435891;0.3828249799;0.08438805907;0.2647204012;0.06335326013;0.3930635921;0.3993241775,0.2118918919;0.04648648649;0.2083783784;0.1943243243;0.1491891892;0.1897297297;0.08405405405;0.202972973;0.1164864865;0.2048648649;0.04756756757;0.05864864865,0.3369544871;23.9916825;0.2191119648;1.141135211;5.287364863;2.212888058;23.85078037;0.3438720469;13.05290479;0.2738400263;23.99858589;23.9999822
FreshSky-Safe,4,1,526.5543243243243,30.806756756756755,27.519837837837837,48.0,87.0,70.59324324324324,0.0742342342342342,0.0282882882882882,0.1232432432432432,0.0308108108108108,0.7060904900293445,32.0,212.0,0.1214414414414414,1348,11100,0.2784841936276064,0.4009319510861356,23.998742767051603,0.4064864864864865,True,True,0.5605092249;0.2181252996;0.2316669551;0.3707979081;0.95;0.95;0.2020086086;0.95;0.325972712;0.8362721814;0.2993435181;0.2334007936,0.8400796556;2.072097608;1.953264399;1.254604531;0.2976063768;0.2276934429;2.237061952;0.2579608484;1.414030367;0.4910760745;1.530799061;1.939147999,9.232432432;24.83054054;19.72405405;13.69837838;4.377027027;4.018108108;30.80675676;4.371351351;14.2827027;6.283243243;14.2927027;23.17108108,0.2588353534;0.3959386511;0.3938203355;0.3689215485;0.07810156536;0.06406185787;0.3911835359;0.0663726291;0.3924889694;0.1430756779;0.3880782483;0.4009319511,0.1451351351;0.04405405405;0.04621621622;0.09567567568;0.2254054054;0.2489189189;0.03081081081;0.2264864865;0.08378378378;0.2094594595;0.07513513514;0.04783783784,6.761513457;23.99874277;23.99722263;23.76901231;0.2976063768;0.2276934429;23.99136411;0.2579608484;23.97855081;0.9464564472;23.94910699;23.99188396
FreshSky-Safe,4,2,428.1232432432432,25.42189189189189,23.686270270270267,38.0,66.0,54.57162162162162,0.0418243243243243,0.0134009009009009,0.1313063063063063,0.0362162162162162,0.825120220435367,28.0,128.0,0.0557657657657657,619,11100,0.2391714732507021,0.3995047067800737,23.99999933511995,0.4064864864864865,True,True,0.2983974043;0.4720337023;0.7619171253;0.95;0.6042558466;0.7527600943;0.6803453125;0.2438339011;0.7053294905;0.1925045361;0.95;0.2931742638,1.535332493;0.9986066978;0.5764720931;0.328976203;0.7746227687;0.5870535051;0.6736618433;1.858825842;0.6430324214;2.34929577;0.2710575607;1.560894842,15.21783784;9.068918919;7.179459459;5.214864865;9.747567568;7.183513514;7.428918919;22.26621622;7.425945946;25.42189189;4.855675676;17.27243243,0.3834181685;0.2658452966;0.1522197932;0.08153275085;0.2173130902;0.1597737513;0.1740596547;0.393367739;0.1758780569;0.3993802809;0.06776439017;0.3995047068,0.06648648649;0.1305405405;0.18;0.2064864865;0.1348648649;0.1740540541;0.1627027027;0.0427027027;0.1681081081;0.03621621622;0.2091891892;0.06432432432,23.98228171;8.156807631;1.588248838;0.328976203;5.244718762;1.522321031;2.92591318;23.97718519;2.273356636;23.99999934;0.2710575607;23.99901395
FreshSky-Safe,4,3,529.4835135135135,24.271621621621623,21.908405405405404,45.0,72.0,61.6990990990991,0.0664864864864864,0.0189864864864864,0.1070945945945945,0.0467567567567567,0.7125599183125491,36.0,148.0,0.0944144144144144,1048,11100,0.3161391015680279,0.3991786133321246,23.99955092536107,0.4064864864864865,True,True,0.2469621281;0.8215561338;0.8932287906;0.3220866759;0.225348274;0.2465631425;0.4834834838;0.2778755806;0.2645088005;0.3014458345;0.9387067142;0.2969367479,1.836175919;0.5080937316;0.4222105672;1.429873819;2.006740312;1.839030251;0.9755450403;1.641436133;1.719737046;1.520828652;0.3585144156;1.542388958,19.97486486;5.832162162;4.827837838;13.72594595;19.55297297;24.27162162;10.23486486;16.45378378;18.30621622;16.16513514;4.645675676;16.73027027,0.398003537;0.145561988;0.1152520738;0.3953407883;0.3991786133;0.3911667047;0.2992550326;0.3917265149;0.3969339019;0.3896609628;0.09224479018;0.3793443114,0.05216216216;0.2091891892;0.2291891892;0.08162162162;0.05027027027;0.04675675676;0.1337837838;0.06621621622;0.05783783784;0.07216216216;0.2172972973;0.06864864865,23.99954416;1.048562389;0.5332634034;23.97476381;23.99955093;23.97186862;17.78161234;23.97622089;23.99608666;23.99126408;0.3585144156;23.94756335
FreshSky-Safe,4,4,484.1091891891892,21.51054054054054,21.01925675675676,41.0,63.0,54.2009009009009,0.0504504504504504,0.0118243243243243,0.1032882882882882,0.0462162162162162,0.8758203347402164,35.0,126.0,0.0386486486486486,429,11100,0.2834432658047175,0.3966109490707897,23.994974050616257,0.4064864864864865,True,True,0.662118963;0.6741961796;0.3640876;0.2460798207;0.2372011855;0.4128728207;0.5024050881;0.4159209977;0.2309431598;0.4380235493;0.7287104513;0.5641011845,0.6966749552;0.6813572012;1.27608378;1.842501298;1.908996959;1.13470463;0.9393093506;1.126874486;1.959226317;1.072981387;0.6151471375;0.8344446437,8.044054054;8.23972973;14.72918919;18.55135135;20.6172973;12.23783784;12.00243243;12.09621622;21.51054054;13.53405405;7.988918919;9.402972973,0.1864076231;0.1740223122;0.3266084703;0.3948928457;0.3936661296;0.3186373273;0.2548828616;0.2862870316;0.3966109491;0.2897049746;0.1567793921;0.2228192724,0.1556756757;0.1513513514;0.08432432432;0.05432432432;0.0472972973;0.1002702703;0.1143243243;0.09945945946;0.04621621622;0.09702702703;0.1578378378;0.1313513514,4.140149194;6.589858426;22.92810523;23.99257917;23.99173239;14.53934541;9.464805713;17.10497123;23.99497405;15.7515533;2.58176565;6.116669655
FreshSky-Safe,4,5,422.16513513513513,22.28297297297297,20.49339189189189,37.0,59.0,50.59684684684685,0.0394594594594594,0.0086486486486486,0.1252477477477477,0.0454054054054054,0.8182169139728103,28.0,108.0,0.0313513513513513,348,11100,0.2535926661497898,0.3917289628441837,23.999805493476742,0.4064864864864865,True,True,0.9411489522;0.4821824971;0.3825098869;0.7544254172;0.3523107703;0.8677360717;0.95;0.2189202535;0.8265150398;0.3376263363;0.2625732011;0.2699141276,0.3546353857;0.9781203331;1.218803669;0.5851252029;1.315645181;0.4538598372;0.2241414152;2.064668323;0.5023771293;1.368663091;1.731770293;1.687095206,5.348918919;10.63945946;11.8072973;7.15972973;13.23648649;6.232432432;4.767297297;22.28297297;6.494324324;13.44540541;19.02918919;16.73135135,0.08549588216;0.2722875522;0.339288589;0.1518162688;0.351668401;0.1123609759;0.05476319983;0.3917289628;0.1336051609;0.3773071225;0.3856699247;0.3871199539,0.2018918919;0.1205405405;0.09486486486;0.1794594595;0.08918918919;0.182972973;0.2078378378;0.04540540541;0.1821621622;0.08432432432;0.05216216216;0.06216216216,0.3546353857;10.58736933;17.77266785;1.666126826;23.92241988;0.7231590234;0.2241414152;23.99960989;0.9118856464;23.95475772;23.99626068;23.99980549
FreshSky-Safe,4,6,323.70324324324326,17.223783783783784,16.487675675675675,30.0,49.0,42.2490990990991,0.020563063063063,0.0043918918918918,0.1503153153153153,0.0659459459459459,0.9049330838819948,23.0,107.0,0.0066666666666666,74,11100,0.1773131907014995,0.3705265909578589,23.992464582444224,0.4064864864864865,True,True,0.6600953202;0.4082536129;0.95;0.8542797728;0.5796663152;0.95;0.7238759829;0.298421524;0.95;0.3698913443;0.95;0.5870736138,0.6992694381;1.146768836;0.2551559305;0.4699577518;0.8105930222;0.2156180293;0.6208604762;1.535216558;0.2628816135;1.257463669;0.2571157349;0.7995478023,8.412162162;12.92432432;4.82972973;6.451621622;9.524324324;4.721621622;8.602162162;17.22378378;4.447567568;15.88540541;4.735135135;9.905405405,0.1933385501;0.3161362738;0.05889274721;0.118759594;0.2039627307;0.05134040103;0.1391063067;0.370526591;0.06081801652;0.3381557704;0.06170777637;0.2150135306,0.1472972973;0.09540540541;0.2016216216;0.187027027;0.1272972973;0.2045945946;0.1427027027;0.06594594595;0.2045945946;0.08054054054;0.2045945946;0.1421621622,5.481735953;12.48214556;0.2551559305;0.8197465107;5.7906744;0.2156180293;1.808604762;23.99246458;0.2628816135;23.96274746;0.2571157349;7.190051651
FreshSky-Safe,4,7,362.7502702702703,28.58621621621621,22.17083783783783,36.0,64.0,52.27657657657657,0.0372522522522522,0.0118918918918918,0.1546621621621621,0.0313513513513513,0.8426389296606642,22.0,118.0,0.0445045045045045,494,11100,0.1965641174516502,0.3983141098802242,23.998445593946663,0.4064864864864865,True,True,0.95;0.8194645516;0.5139536145;0.1957148488;0.2668165055;0.95;0.9166527097;0.2817874583;0.4060368001;0.95;0.95;0.8957240492,0.2129344738;0.5105004868;0.9182376412;2.309972111;1.705631049;0.2143947682;0.3910280632;1.619983796;1.152645744;0.2643493157;0.2202876177;0.4190042049,4.754324324;5.512432432;10.12405405;28.58621622;16.92189189;4.871621622;5.465135135;16.34648649;11.74162162;4.957567568;4.813783784;5.107027027,0.0520826213;0.1267972831;0.2774566711;0.3983141099;0.3964439735;0.05238185688;0.101878663;0.3914231118;0.3302174294;0.06587299163;0.05661987148;0.1092808264,0.2116216216;0.1924324324;0.1337837838;0.03135135135;0.06324324324;0.2075675676;0.2097297297;0.06891891892;0.1059459459;0.2072972973;0.2156756757;0.2083783784,0.2129344738;1.394504381;8.928277542;23.99776885;23.99844559;0.2143947682;0.3910280632;23.93389116;17.04789253;0.2643493157;0.2202876177;0.5520336396
FreshSky-Safe,4,8,427.2172972972973,27.651891891891893,23.996027027027026,39.0,73.0,59.08603603603604,0.0457432432432432,0.0164639639639639,0.139054054054054,0.0356756756756756,0.8017477545420266,25.0,173.0,0.0634234234234234,704,11100,0.2307201570645038,0.3971738588176802,23.998847492735777,0.4064864864864865,True,True,0.924502767;0.7675714746;0.2938168902;0.223720696;0.8564804989;0.95;0.4732619221;0.198994158;0.3554966144;0.365156396;0.95;0.8950142286,0.3798996382;0.5699618165;1.557699888;2.021057334;0.4673466129;0.2347890628;0.9960890923;2.271318822;1.304697623;1.272612991;0.2590903055;0.4199186836,4.603243243;7.149189189;16.49054054;21.00486486;5.892972973;4.638918919;10.48432432;27.65189189;12.3072973;14.73783784;4.620540541;4.898378378,0.0951802607;0.1609757022;0.3826889726;0.394379296;0.1159524839;0.05933183074;0.2834815714;0.3971738588;0.3572050518;0.3436055074;0.06540279603;0.113264553,0.2083783784;0.177027027;0.06324324324;0.04513513514;0.1902702703;0.2151351351;0.1224324324;0.03567567568;0.09;0.08756756757;0.2191891892;0.2145945946,0.3798996382;2.149427248;23.9621904;23.98019356;0.7367330643;0.2347890628;13.0983164;23.99884749;18.4912526;23.88668065;0.2590903055;0.4995934181
FreshSky-Safe,4,9,522.0905405405406,28.69810810810811,25.961189189189188,46.0,80.0,66.26351351351352,0.0672972972972973,0.024527027027027,0.1237612612612612,0.0318918918918918,0.7459644087692828,31.0,165.0,0.1138738738738738,1264,11100,0.2595877885181114,0.3988742625578825,23.998640683480357,0.4064864864864865,True,True,0.3257577326;0.6871221964;0.2523803769;0.1963495047;0.5437054116;0.2493362779;0.95;0.4363495231;0.95;0.6652629851;0.95;0.2127973752,1.414897118;0.6652565043;1.798374164;2.302374716;0.8671448273;1.819394726;0.209506079;1.076896197;0.2790122724;0.6926602831;0.247425482;2.123503268,15.10216216;7.935945946;23.72189189;28.69810811;10.28297297;20.59432432;4.147297297;10.34243243;4.637567568;7.751891892;4.428648649;23.47,0.3747565339;0.1815970458;0.394670222;0.3926482286;0.2589716309;0.3968247416;0.05379210135;0.3213225409;0.07254319082;0.2059260301;0.06312693378;0.3988742626,0.07297297297;0.1589189189;0.04594594595;0.03189189189;0.1340540541;0.04675675676;0.2262162162;0.1186486486;0.2194594595;0.17;0.2205405405;0.03972972973,23.99176942;5.696669111;23.98710429;23.99736337;9.477186201;23.9977866;0.209506079;18.18273377;0.2790122724;3.111923397;0.247425482;23.99864068
FreshSky-Safe,4,10,565.5286486486486,29.95756756756757,26.682689189189187,49.0,86.0,70.44549549549549,0.0784459459459459,0.0292342342342342,0.0995945945945945,0.0383783783783783,0.7811836931540892,36.349999999999454,145.0,0.1033333333333333,1147,11100,0.3090018011359342,0.4017634026192271,23.997242471557666,0.4064864864864865,True,True,0.2210551088;0.5230742899;0.4621770162;0.8877431859;0.3493760462;0.4491418585;0.5565464418;0.34857734;0.2223217792;0.6900300697;0.2104662511;0.2177243916,2.045012567;0.9021077578;1.019211399;0.4291816563;1.325898395;1.047619095;0.8463561798;1.328717478;2.03354937;0.6616731043;2.146920017;2.075867389,19.8972973;11.55972973;12.31378378;4.983783784;15.12243243;10.99351351;10.16621622;14.97216216;23.21567568;8.018918919;24.00324324;29.95756757,0.3968429791;0.266243695;0.2903375175;0.1081073794;0.3436585298;0.3250450597;0.235149771;0.3616266218;0.4017634026;0.1861626221;0.399791322;0.3932927135,0.04864864865;0.1189189189;0.1127027027;0.2118918919;0.08189189189;0.122972973;0.1321621622;0.0827027027;0.04027027027;0.1659459459;0.03864864865;0.03837837838,23.99589223;9.642155157;18.18766737;0.5459082815;23.64956675;13.71428741;11.20526068;23.61226819;23.99252746;10.71361659;23.99724247;23.99321517
FreshSky-Safe,4,11,459.6116216216216,28.92297297297297,24.25897297297297,41.0,78.0,63.11441441441441,0.0526576576576576,0.0206081081081081,0.1172522522522522,0.0378378378378378,0.843101103809454,31.0,158.0,0.0331531531531531,368,11100,0.2569659325229263,0.3944801361275952,23.9953563872572,0.4064864864864865,True,True,0.95;0.2935060875;0.6227889451;0.4312530983;0.6153269509;0.4183303984;0.9434799305;0.4987828682;0.6260188518;0.4351735249;0.2492611008;0.2092716103,0.3358641596;1.559243329;0.7487311135;1.088976442;0.7590395275;1.120756955;0.3508668233;0.9460759936;0.7443154627;1.079661914;1.819920828;2.159149808,5.098108108;16.07756757;8.242432432;11.50243243;9.000810811;15.08675676;5.158918919;12.27216216;10.46540541;11.37351351;20.44297297;28.92297297,0.07842881998;0.3700042277;0.1975031262;0.3116827169;0.1901701735;0.3244137023;0.08600978616;0.2613215312;0.1812508735;0.2996791314;0.3944801361;0.3886469654,0.2005405405;0.07081081081;0.1608108108;0.1021621622;0.1372972973;0.09297297297;0.2032432432;0.11;0.1337837838;0.1062162162;0.05135135135;0.03783783784,0.3358641596;23.99535639;5.959395632;12.95984568;5.221751022;23.89450073;0.3508668233;15.29012782;8.16241027;16.2305336;23.9936662;23.98724712
FreshSky-Safe,4,12,478.4127027027027,20.99108108108108,20.63833783783784,40.0,62.0,54.24054054054054,0.0484684684684684,0.0111036036036036,0.1093693693693693,0.0445945945945946,0.8379420841605889,33.0,126.0,0.0281081081081081,312,11100,0.2777331447509333,0.3938207716137875,23.99698616178464,0.4064864864864865,True,True,0.2277146089;0.9318683167;0.4490225566;0.364868936;0.3264467419;0.2532754659;0.5108922966;0.7249468559;0.885090931;0.3371942215;0.4510893652;0.3770521179,1.986329388;0.369039043;1.047885528;1.273544601;1.412123145;1.792296255;0.9237509324;0.6195927545;0.4325165816;1.370290719;1.043286736;1.235229773,20.34972973;5.099189189;12.24486486;13.65675676;17.14594595;20.99108108;9.967837838;7.084864865;5.954594595;15.4727027;12.87135135;12.78675676,0.3913605741;0.08547742158;0.3061525017;0.3428244386;0.366007053;0.3938207716;0.2444195035;0.1497070061;0.1060250107;0.34886861;0.2746381841;0.3234966621,0.04972972973;0.1981081081;0.1081081081;0.08621621622;0.07648648649;0.04459459459;0.1245945946;0.1618918919;0.1881081081;0.07675675676;0.1035135135;0.09432432432,23.99698616;0.369039043;23.95484878;18.82697184;23.97588129;23.99199887;7.027516783;1.795927545;0.5625829082;21.87686169;13.59559493;20.11597409
FreshSky-Safe,4,13,333.0535135135135,25.00567567567568,19.55175675675675,31.0,59.0,47.77972972972973,0.0263738738738738,0.0092342342342342,0.1509684684684684,0.0432432432432432,0.8959931127106631,23.0,117.0,0.0223423423423423,248,11100,0.1831210173869939,0.3913681222551318,23.996511808936532,0.4064864864864865,True,True,0.931036637;0.7159624459;0.6775674106;0.3509019354;0.95;0.7562371291;0.2357345475;0.5713184825;0.95;0.8385292043;0.9458583108;0.3749843981,0.3702883284;0.6302691506;0.6771299559;1.320546841;0.2764601871;0.5830294735;1.920506701;0.8232731646;0.2265612916;0.488449848;0.3469497415;1.241568686,6.169459459;7.635945946;8.631621622;15.08945946;5.394594595;6.854594595;25.00567568;9.407027027;4.836216216;5.956216216;5.418648649;13.12324324,0.09117099114;0.1693209556;0.1645242785;0.3444128923;0.06814370018;0.1492240301;0.3913681223;0.2400842553;0.05737511628;0.124620718;0.07473484972;0.3224722993,0.1886486486;0.1618918919;0.1435135135;0.07918918919;0.2016216216;0.1710810811;0.04324324324;0.1416216216;0.2156756757;0.1897297297;0.1840540541;0.09135135135,0.3702883284;2.702691506;2.494169603;20.71226362;0.2764601871;1.315147367;23.99651181;8.981829115;0.2265612916;0.9306990882;0.3469497415;18.78510197
FreshSky-Safe,4,14,478.65351351351353,24.983783783783785,21.718567567567565,40.0,71.0,58.674774774774775,0.0497972972972972,0.0166216216216216,0.1091441441441441,0.0372972972972973,0.8412782138262473,33.0,158.0,0.0334234234234234,371,11100,0.2737289162438105,0.3962806435577126,23.9895607653849,0.4064864864864865,True,True,0.3969158517;0.64914127;0.685168137;0.2123384503;0.8391928019;0.2547057577;0.6450583303;0.3536782427;0.3495021855;0.2638904463;0.8142278578;0.4332858251,1.177446822;0.7134614509;0.6676722331;2.128067317;0.4876767217;1.782678959;0.7188179662;1.310923092;1.325454306;1.723560971;0.5165166625;1.084128614,12.30918919;8.377297297;8.148918919;24.98378378;6.360540541;19.04702703;9.522162162;17.18675676;14.84324324;17.76972973;6.185675676;12.5872973,0.322365846;0.1937915563;0.1802715029;0.3962806436;0.1211283533;0.3854440993;0.2034060569;0.3401313969;0.3482004286;0.38151255;0.12535999;0.2868545712,0.09648648649;0.1497297297;0.1462162162;0.0372972973;0.1827027027;0.05540540541;0.1381081081;0.07567567568;0.08675675676;0.05972972973;0.1821621622;0.09945945946,14.52340465;9.457689331;4.821116895;23.98756778;1.402827548;23.98129072;7.408085086;23.39492349;23.69088758;23.98956077;1.165166625;16.50165903
FreshSky-Safe,4,15,436.1618918918919,32.241081081081084,25.963054054054048,39.0,77.0,61.50495495495496,0.0471846846846846,0.0170495495495495,0.1352027027027027,0.0294594594594594,0.8351995063897057,27.0,262.0,0.0618918918918918,687,11100,0.2330808269135685,0.3977414893885956,23.99744540922836,0.4064864864864865,True,True,0.95;0.6682774533;0.3936552323;0.8783623152;0.2542081145;0.6112416568;0.1961261937;0.2603661895;0.4858854259;0.9440218225;0.777121657;0.6438927182,0.2609434761;0.6888292002;1.186565108;0.4408835581;1.786011998;0.7647485898;2.305041448;1.74572184;0.9708198352;0.349980936;0.5589976316;0.7203540735,4.547837838;6.985405405;12.34675676;6.082432432;20.82648649;7.856486486;32.24108108;18.60135135;9.945945946;5.025675676;7.519459459;9.108378378,0.06403693953;0.1943615365;0.3405762553;0.1046204768;0.3934053456;0.2174366261;0.3887421252;0.3977414894;0.2818001359;0.08494131907;0.1420156145;0.1872920591,0.2156756757;0.1772972973;0.1056756757;0.1862162162;0.04972972973;0.1651351351;0.02945945946;0.05243243243;0.1283783784;0.1994594595;0.1675675676;0.1454054054,0.2609434761;2.599462802;22.72977877;0.6453013484;23.99109558;7.918714745;23.99744541;23.98635636;11.58721654;0.349980936;1.35398579;3.605311103
FreshSky-Safe,4,16,506.3548648648649,27.02675675675676,26.968486486486487,46.0,79.0,66.06846846846847,0.0658558558558558,0.0253378378378378,0.1249774774774774,0.031081081081081,0.7750127182886722,30.0,172.0,0.1122522522522522,1246,11100,0.2692889502874152,0.4006719799454812,23.99332664097801,0.4064864864864865,True,True,0.3932789834;0.7735119064;0.901603995;0.8416273572;0.2260479039;0.7045979448;0.6624829137;0.1982197585;0.7522839954;0.3841282698;0.2247729528;0.2144342016,1.187626136;0.5631378354;0.4113518347;0.4848363331;2.00065631;0.6439160289;0.6962092138;2.280313362;0.5876051337;1.214015836;2.011774821;2.107404393,14.52162162;7.189459459;5.073783784;6.208378378;19.43945946;6.60027027;8.047567568;27.02675676;6.357027027;11.48405405;26.92081081;20.45432432,0.3379919787;0.1680281541;0.106951477;0.118064199;0.4006719799;0.1802964881;0.2116852339;0.3993629888;0.1646882496;0.3497678057;0.395830289;0.3981285596,0.09540540541;0.1856756757;0.2121621622;0.1816216216;0.05027027027;0.1843243243;0.1727027027;0.03108108108;0.1948648649;0.1067567568;0.04135135135;0.04351351351,23.98332498;2.12079186;0.4567591735;1.018035998;23.9045279;2.858740433;11.55215934;23.99332664;1.876051337;19.63449091;23.9909764;23.99153746
FreshSky-Safe,4,17,417.8408108108108,29.946216216216214,28.810391891891893,42.0,88.0,67.96396396396396,0.0544819819819819,0.0243918918918918,0.148536036036036,0.0356756756756756,0.8181456181738002,24.0,161.0,0.0686486486486486,762,11100,0.211387639490338,0.3959174908446312,23.99850869745739,0.4064864864864865,True,True,0.6058267012;0.4606290406;0.8627452041;0.95;0.8920394043;0.9329954481;0.2434414901;0.2237143759;0.7874097494;0.2072792387;0.95;0.5223938409,0.772389876;1.022513998;0.4598691245;0.2139841101;0.4237308779;0.3673358894;1.861711545;2.021113381;0.5472165522;2.179902851;0.241873434;0.9032962107,9.055135135;9.875135135;4.933243243;4.080810811;5.267027027;4.904594595;21.01891892;27.88108108;6.393243243;29.94621622;4.537027027;9.592702703,0.2127203469;0.2782896206;0.1196902613;0.05789137682;0.1102845501;0.09252893213;0.3954879119;0.393297739;0.150114811;0.3959174908;0.05968390412;0.2707447291,0.1448648649;0.1197297297;0.2116216216;0.2272972973;0.2013513514;0.2132432432;0.05162162162;0.03648648649;0.1908108108;0.03567567568;0.2135135135;0.1362162162,7.44779752;9.96022397;0.6394764981;0.2139841101;0.5186543897;0.3673358894;23.99413496;23.9985087;1.472165522;23.99805703;0.241873434;12.84173706
FreshSky-Safe,4,18,331.29,21.298648648648648,19.73114864864865,32.0,55.0,45.58783783783784,0.0261711711711711,0.0067792792792792,0.1606756756756756,0.0475675675675675,0.8543456137353995,21.0,113.0,0.0317117117117117,352,11100,0.1887707507047275,0.3942100508484122,23.99532064392474,0.4064864864864865,True,True,0.95;0.2298402862;0.2514208534;0.95;0.8064515181;0.2889292384;0.86964094;0.95;0.4229897239;0.9113191376;0.93510967;0.8418183031,0.2641897105;1.968390267;1.804941085;0.3377909827;0.5254308787;1.582364629;0.451552802;0.2372894534;1.10910177;0.3983676074;0.3641087485;0.4846132827,4.674864865;21.29864865;18.44864865;4.687837838;6.478648649;15.36;5.75;4.639189189;11.00216216;4.717297297;5.60027027;6.501621622,0.06876072734;0.3942100508;0.3887940661;0.08481292512;0.1323517781;0.3810505093;0.119234348;0.06131046417;0.3108482529;0.09937656802;0.09496349791;0.1295358207,0.2181081081;0.04756756757;0.05135135135;0.2151351351;0.1854054054;0.07297297297;0.1994594595;0.2172972973;0.1067567568;0.2083783784;0.2081081081;0.1975675676,0.2641897105;23.99532064;23.98798908;0.3377909827;1.027154393;23.96711355;0.709316812;0.2372894534;18.36430976;0.3983676074;0.3641087485;1.776878937
FreshSky-Safe,4,19,488.3267567567568,26.722162162162164,23.75766216216216,39.0,66.0,55.15270270270271,0.0449099099099099,0.0131306306306306,0.1061486486486486,0.0367567567567567,0.8283643856668046,34.0,132.0,0.0505405405405405,561,11100,0.292262650063488,0.3931163801996168,23.996063080160184,0.4064864864864865,True,True,0.8339118425;0.4218873338;0.3658373363;0.3670076204;0.481511622;0.1930715746;0.2120595117;0.3057773787;0.5446939528;0.4653449839;0.3623629999;0.8770434254,0.4938172966;1.111838862;1.270411673;1.266646367;0.9794527448;2.342239302;2.1308523;1.500722279;0.8655191693;1.012509865;1.281724896;0.4425090154,5.734594595;11.87864865;14.3772973;12.66297297;11.17027027;21.33216216;26.72216216;14.89108108;8.578378378;9.744864865;13.11486486;5.430810811,0.1275917123;0.2836691584;0.3382041886;0.3580843515;0.2644522411;0.3931163802;0.3927679104;0.3788309752;0.2442167602;0.2793979924;0.341215952;0.1056041785,0.1894594595;0.1005405405;0.08567567568;0.09756756757;0.1162162162;0.03837837838;0.03675675676;0.06756756757;0.1424324324;0.1181081081;0.08702702703;0.1940540541,0.8690864829;13.44332701;22.69957271;21.46609829;10.48631862;23.99288744;23.98943338;23.99606308;9.906940894;9.875217023;21.98316635;0.6125450771
FreshSky-Safe,8,0,399.952972972973,20.69081081081081,20.442716216216212,37.0,62.0,52.07027027027027,0.0404504504504504,0.0113288288288288,0.1456081081081081,0.0494594594594594,0.8273767712905846,26.0,108.0,0.0476576576576576,529,11100,0.2184196886645844,0.4002945885940433,23.998622883977625,0.4064864864864865,True,True,0.95;0.2315765095;0.95;0.8081176242;0.6281327393;0.795200025;0.3394136806;0.9476946562;0.5005847781;0.95;0.23436609;0.2528380647,0.3369544871;1.95400716;0.2191119648;0.5235225351;0.7414402559;0.5383055036;1.361973486;0.3438720469;0.9427001774;0.2738400263;1.931388168;1.795260579,4.895405405;19.51243243;5.082162162;6.742432432;9.614594595;6.292702703;14.11216216;5.461351351;11.19135135;4.674594595;20.69081081;20.23972973,0.08587785982;0.3971387524;0.05720598864;0.1392286958;0.2023931509;0.1482522455;0.3820887781;0.08364455194;0.2608986437;0.06468545486;0.3993275537;0.4002945886,0.2137837838;0.05108108108;0.2162162162;0.1951351351;0.1494594595;0.1983783784;0.08189189189;0.2027027027;0.1227027027;0.2102702703;0.04945945946;0.05621621622,0.3369544871;23.99862288;0.2191119648;1.388180281;4.145924607;0.9681385253;23.86642066;0.3438720469;7.139403904;0.2738400263;23.99858589;23.98672606
FreshSky-Safe,8,1,534.8067567567567,31.71189189189189,28.50598648648648,50.0,87.0,71.40585585585586,0.0808783783783783,0.031036036036036,0.1232207207207207,0.0305405405405405,0.7036614427308416,34.0,162.0,0.1008108108108108,1119,11100,0.2795508305789954,0.401456045139843,23.999940031491008,0.4064864864864865,True,True,0.5605092249;0.2181252996;0.2316669551;0.3707979081;0.95;0.95;0.2020086086;0.95;0.325972712;0.8362721814;0.2993435181;0.2334007936,0.8400796556;2.072097608;1.953264399;1.254604531;0.2976063768;0.2276934429;2.237061952;0.2579608484;1.414030367;0.4910760745;1.530799061;1.939147999,9.602432432;24.80432432;25.88297297;14.13297297;4.237297297;4.073513514;31.71189189;4.348918919;13.64918919;5.956486486;14.34378378;21.42513514,0.2567919164;0.3976187303;0.3980436099;0.371634207;0.07745809211;0.06461570678;0.398438872;0.06574515677;0.392106799;0.1405539359;0.3901468957;0.4014560451,0.1475675676;0.04081081081;0.03891891892;0.0972972973;0.2227027027;0.2481081081;0.03054054054;0.2245945946;0.08972972973;0.2140540541;0.07594594595;0.04837837838,4.521832079;23.99874277;23.99994003;20.89274046;0.2976063768;0.2276934429;23.99405494;0.2579608484;23.94226398;0.9464564472;23.99255009;23.9967316
FreshSky-Safe,8,2,446.7383783783784,29.29891891891892,24.81017567567567,40.0,70.0,57.88963963963964,0.0498648648648648,0.0162837837837837,0.1337387387387387,0.0329729729729729,0.8294238738886235,28.0,126.0,0.0557657657657657,619,11100,0.2398635086708853,0.4028796145459032,23.999999002679868,0.4064864864864865,True,True,0.2983974043;0.4720337023;0.7619171253;0.95;0.6042558466;0.7527600943;0.6803453125;0.2438339011;0.7053294905;0.1925045361;0.95;0.2931742638,1.535332493;0.9986066978;0.5764720931;0.328976203;0.7746227687;0.5870535051;0.6736618433;1.858825842;0.6430324214;2.34929577;0.2710575607;1.560894842,17.27324324;9.279189189;6.917567568;4.930810811;10.06216216;7.072702703;7.314054054;21.13756757;7.760810811;29.29891892;4.997837838;16.25891892,0.3875677158;0.2642259344;0.1512849736;0.08073253846;0.2208721678;0.1562831628;0.174605867;0.398893978;0.1741401314;0.3987453361;0.06813068417;0.4028796145,0.06378378378;0.1313513514;0.187027027;0.2035135135;0.1427027027;0.1756756757;0.1686486486;0.04891891892;0.1694594595;0.03297297297;0.2102702703;0.07054054054,23.99061455;4.970740653;1.282360466;0.328976203;4.470095993;1.335267526;1.768309217;23.97718519;1.458194529;23.999999;0.2710575607;23.97287535
FreshSky-Safe,8,3,524.1018918918919,23.262162162162163,21.655716216216216,46.0,68.0,59.37477477477478,0.0698873873873873,0.0169819819819819,0.1084234234234234,0.0475675675675675,0.7231649482657342,37.0,123.0,0.0769369369369369,854,11100,0.3170736443728809,0.3980938888393742,23.997229309059016,0.4064864864864865,True,True,0.2469621281;0.8215561338;0.8932287906;0.3220866759;0.225348274;0.2465631425;0.4834834838;0.2778755806;0.2645088005;0.3014458345;0.9387067142;0.2969367479,1.836175919;0.5080937316;0.4222105672;1.429873819;2.006740312;1.839030251;0.9755450403;1.641436133;1.719737046;1.520828652;0.3585144156;1.542388958,19.00459459;5.978378378;5.029189189;12.73135135;20.34135135;23.26216216;10.87216216;16.05243243;18.25108108;16.71540541;4.616756757;18.07297297,0.398003537;0.1430901806;0.1137686312;0.3961136931;0.3980938888;0.3971311271;0.2979367285;0.395275566;0.3969339019;0.3913051018;0.09205099861;0.3851803777,0.05297297297;0.2097297297;0.2272972973;0.09081081081;0.05216216216;0.04756756757;0.1362162162;0.06756756757;0.05837837838;0.07135135135;0.2162162162;0.07081081081,23.99434167;1.048562389;0.5110528362;23.94545812;23.99722931;23.99174415;12.71962145;23.99387791;23.99211138;23.98252817;0.3585144156;23.99534252
FreshSky-Safe,8,4,493.2602702702703,22.93189189189189,22.118635135135133,41.0,63.0,54.7981981981982,0.0519369369369369,0.012072072072072,0.1066441441441441,0.0437837837837837,0.8673473611627568,35.0,122.0,0.0359459459459459,399,11100,0.2832968913540337,0.3978806856592387,23.994974050616676,0.4064864864864865,True,True,0.662118963;0.6741961796;0.3640876;0.2460798207;0.2372011855;0.4128728207;0.5024050881;0.4159209977;0.2309431598;0.4380235493;0.7287104513;0.5641011845,0.6966749552;0.6813572012;1.27608378;1.842501298;1.908996959;1.13470463;0.9393093506;1.126874486;1.959226317;1.072981387;0.6151471375;0.8344446437,8.075675676;8.268108108;14.48216216;17.5027027;22.93189189;12.44513514;11.68540541;12.32378378;21.45324324;13.28432432;8.037567568;9.3,0.1860310421;0.1762321193;0.3290226828;0.3978806857;0.3946980199;0.3143438503;0.2566599334;0.286896153;0.3939633459;0.2824551003;0.1581094399;0.2232703236,0.1597297297;0.1581081081;0.0872972973;0.05540540541;0.04540540541;0.1045945946;0.1218918919;0.1021621622;0.04378378378;0.09837837838;0.1648648649;0.1381081081,4.036824149;2.65085761;15.82377011;23.99257917;23.99173239;9.50232039;4.732402856;9.556866266;23.99497405;9.986646359;1.690882825;3.544446437
FreshSky-Safe,8,5,444.09810810810814,24.51297297297297,22.102189189189183,39.0,63.0,55.394594594594594,0.0447297297297297,0.0120945945945945,0.1272522522522522,0.0445945945945946,0.8205474699917005,30.0,207.0,0.0234234234234234,260,11100,0.2546213774446954,0.3935035574125363,23.996665718576903,0.4064864864864865,True,True,0.9411489522;0.4821824971;0.3825098869;0.7544254172;0.3523107703;0.8677360717;0.95;0.2189202535;0.8265150398;0.3376263363;0.2625732011;0.2699141276,0.3546353857;0.9781203331;1.218803669;0.5851252029;1.315645181;0.4538598372;0.2241414152;2.064668323;0.5023771293;1.368663091;1.731770293;1.687095206,5.068648649;10.89513514;12.15594595;7.307567568;13.57513514;6.267297297;4.844864865;24.51297297;6.509459459;13.6972973;20.12972973;17.35459459,0.08549588216;0.2717588385;0.3419238402;0.1491278558;0.3552241988;0.1106436684;0.05470262107;0.3917289628;0.131840052;0.3791566672;0.390350385;0.3935035574,0.2062162162;0.1235135135;0.09972972973;0.1783783784;0.09162162162;0.1835135135;0.207027027;0.04459459459;0.1902702703;0.08513513514;0.05351351351;0.06351351351,0.3546353857;10.006166;15.1897541;1.325626014;19.94145241;0.615439349;0.2241414152;23.99666572;0.9118856464;23.95475772;23.96765105;23.99342604
FreshSky-Safe,8,6,325.16324324324324,16.30189189189189,16.25908108108108,31.0,49.0,42.62162162162162,0.0216216216216216,0.0041441441441441,0.1526351351351351,0.0659459459459459,0.91068747871884,23.0,101.0,0.0009009009009009,10,11100,0.177480724978121,0.3713564377461184,23.850847073560665,0.4064864864864865,True,True,0.6600953202;0.4082536129;0.95;0.8542797728;0.5796663152;0.95;0.7238759829;0.298421524;0.95;0.3698913443;0.95;0.5870736138,0.6992694381;1.146768836;0.2551559305;0.4699577518;0.8105930222;0.2156180293;0.6208604762;1.535216558;0.2628816135;1.257463669;0.2571157349;0.7995478023,8.336216216;14.52027027;5.007837838;6.626486486;9.420810811;4.797027027;7.951081081;16.22405405;4.621351351;16.30189189;4.666216216;10.15594595,0.1891807318;0.3189257115;0.05978924102;0.1172354067;0.2006765428;0.05087419988;0.139441907;0.3713564377;0.0613864092;0.3442731612;0.06226370228;0.2143652486,0.1551351351;0.09810810811;0.2;0.1883783784;0.1313513514;0.2027027027;0.1432432432;0.06594594595;0.2051351351;0.08756756757;0.21;0.1440540541,1.896347191;11.06922091;0.2551559305;1.029619766;2.0953372;0.2156180293;1.104302381;23.85084707;0.2628816135;23.78361941;0.2571157349;3.995025826
FreshSky-Safe,8,7,367.3991891891892,26.81783783783784,22.009054054054047,36.0,65.0,53.66261261261261,0.0386486486486486,0.0126126126126126,0.1568693693693693,0.0321621621621621,0.8454837840270307,23.0,139.0,0.0389189189189189,432,11100,0.1960597586548595,0.3964411595202858,23.998445593946663,0.4064864864864865,True,True,0.95;0.8194645516;0.5139536145;0.1957148488;0.2668165055;0.95;0.9166527097;0.2817874583;0.4060368001;0.95;0.95;0.8957240492,0.2129344738;0.5105004868;0.9182376412;2.309972111;1.705631049;0.2143947682;0.3910280632;1.619983796;1.152645744;0.2643493157;0.2202876177;0.4190042049,5.026216216;5.745135135;10.98756757;26.81783784;18.07459459;5.042432432;5.17;17.47810811;11.66162162;4.901351351;4.685945946;5.535945946,0.05231282073;0.128039041;0.2796902221;0.3964411595;0.3936780854;0.05325102486;0.1007161471;0.3922987788;0.3249214894;0.06544431707;0.05709616903;0.1088278489,0.2116216216;0.1937837838;0.1383783784;0.03216216216;0.06108108108;0.2105405405;0.2116216216;0.07;0.1159459459;0.2102702703;0.2227027027;0.2043243243,0.2129344738;1.063002921;8.246515184;23.99665327;23.99844559;0.2143947682;0.3910280632;23.99546293;12.95820637;0.2643493157;0.2202876177;0.5520336396
FreshSky-Safe,8,8,434.1672972972973,24.278648648648648,23.817837837837835,40.0,67.0,57.067567567567565,0.048063063063063,0.0142342342342342,0.1397972972972973,0.0356756756756756,0.8051158019646852,26.0,142.0,0.0576576576576576,640,11100,0.2312426525988103,0.3965642228693911,23.99859149990358,0.4064864864864865,True,True,0.924502767;0.7675714746;0.2938168902;0.223720696;0.8564804989;0.95;0.4732619221;0.198994158;0.3554966144;0.365156396;0.95;0.8950142286,0.3798996382;0.5699618165;1.557699888;2.021057334;0.4673466129;0.2347890628;0.9960890923;2.271318822;1.304697623;1.272612991;0.2590903055;0.4199186836,5.026486486;7.294324324;16.14081081;23.44081081;5.875135135;4.962162162;10.70837838;24.27864865;13.99297297;14.85567568;4.757567568;5.097027027,0.09733644784;0.1565084339;0.3852149724;0.3965642229;0.1163314136;0.05907800473;0.2778280928;0.3941045091;0.3674310602;0.347045002;0.06477257636;0.1126970954,0.2097297297;0.1805405405;0.06459459459;0.0427027027;0.1937837838;0.2124324324;0.1275675676;0.03567567568;0.09;0.09162162162;0.2156756757;0.2132432432,0.3798996382;1.419770899;23.79298995;23.98055096;0.7367330643;0.2347890628;7.317870939;23.9985915;21.45502155;21.01155345;0.2590903055;0.5195121017
FreshSky-Safe,8,9,537.6786486486486,30.23216216216216,28.009864864864863,49.0,87.0,70.97297297297297,0.0745045045045045,0.0304279279279279,0.1264414414414414,0.0329729729729729,0.7516068080699742,30.75,147.0,0.1138738738738738,1264,11100,0.2598717615726931,0.4001153898796353,23.99736336662601,0.4064864864864865,True,True,0.3257577326;0.6871221964;0.2523803769;0.1963495047;0.5437054116;0.2493362779;0.95;0.4363495231;0.95;0.6652629851;0.95;0.2127973752,1.414897118;0.6652565043;1.798374164;2.302374716;0.8671448273;1.819394726;0.209506079;1.076896197;0.2790122724;0.6926602831;0.247425482;2.123503268,14.50297297;7.926486486;20.89243243;30.23216216;10.10216216;24.04945946;4.183783784;10.25297297;4.797027027;7.590540541;4.252162162;26.19162162,0.3759037478;0.1771020694;0.3941841749;0.4001153899;0.2568623597;0.3968247416;0.05458482706;0.3259793893;0.07329727804;0.2004970711;0.06366190779;0.3994481824,0.08108108108;0.1645945946;0.04837837838;0.03297297297;0.1345945946;0.04621621622;0.2264864865;0.1243243243;0.2218918919;0.17;0.2267567568;0.04,23.92395036;2.25679553;23.9968815;23.99736337;5.144331028;23.98815414;0.209506079;14.06032886;0.2790122724;2.633942548;0.247425482;23.99686293
FreshSky-Safe,8,10,570.7445945945946,28.174054054054054,27.087878378378377,49.0,81.0,68.05810810810812,0.0822972972972973,0.0268468468468468,0.1033558558558558,0.0351351351351351,0.7901828965641867,38.0,141.0,0.1028828828828828,1142,11100,0.3091440392888699,0.3997913220498276,23.99724247155787,0.4064864864864865,True,True,0.2210551088;0.5230742899;0.4621770162;0.8877431859;0.3493760462;0.4491418585;0.5565464418;0.34857734;0.2223217792;0.6900300697;0.2104662511;0.2177243916,2.045012567;0.9021077578;1.019211399;0.4291816563;1.325898395;1.047619095;0.8463561798;1.328717478;2.03354937;0.6616731043;2.146920017;2.075867389,20.3227027;12.86108108;11.44432432;5.185675676;16.37297297;11.24216216;9.553243243;13.42864865;22.31621622;8.107027027;26.19918919;28.17405405,0.3996065096;0.2645370047;0.2873074296;0.1089193447;0.3479587408;0.320514815;0.240639649;0.3601901705;0.398465755;0.1840166552;0.399791322;0.3977810754,0.05027027027;0.1240540541;0.1213513514;0.2094594595;0.08486486486;0.13;0.1443243243;0.09351351351;0.04405405405;0.1656756757;0.03513513514;0.03756756757,23.99589223;11.65058619;8.926593787;0.6042715941;22.44956675;10.83809746;5.419835956;18.73485157;23.99237507;3.895135191;23.99724247;23.99383232
FreshSky-Safe,8,11,448.12,27.548108108108107,23.52032432432432,40.0,71.0,58.23783783783784,0.049572072072072,0.016081081081081,0.1202927927927927,0.0378378378378378,0.8486469976232403,32.0,160.0,0.0202702702702702,225,11100,0.2572587667840861,0.3979232295850682,23.992082752130734,0.4064864864864865,True,True,0.95;0.2935060875;0.6227889451;0.4312530983;0.6153269509;0.4183303984;0.9434799305;0.4987828682;0.6260188518;0.4351735249;0.2492611008;0.2092716103,0.3358641596;1.559243329;0.7487311135;1.088976442;0.7590395275;1.120756955;0.3508668233;0.9460759936;0.7443154627;1.079661914;1.819920828;2.159149808,4.987027027;15.5527027;8.590810811;12.16432432;9.370540541;14.45081081;5.184054054;11.9127027;9.948108108;11.35243243;20.22486486;27.54810811,0.08015352783;0.3775897358;0.1973007664;0.3128599887;0.1924267775;0.3119945036;0.08667358825;0.2531392524;0.1776298793;0.3037643386;0.3979232296;0.3956496134,0.2048648649;0.07216216216;0.1627027027;0.1062162162;0.1383783784;0.09918918919;0.202972973;0.1159459459;0.1356756757;0.1167567568;0.05081081081;0.03783783784,0.3358641596;20.83611306;3.077160043;8.91259952;3.10847433;14.34346559;0.3508668233;11.25189984;3.57494018;10.71188595;23.99208275;23.97729064
FreshSky-Safe,8,12,474.9362162162162,22.22297297297297,20.809175675675675,40.0,62.0,54.33153153153153,0.0494369369369369,0.0114864864864864,0.113018018018018,0.0418918918918918,0.8415118679050566,33.0,131.0,0.0245045045045045,272,11100,0.2779372980639286,0.396727197972561,23.996986161784385,0.4064864864864865,True,True,0.2277146089;0.9318683167;0.4490225566;0.364868936;0.3264467419;0.2532754659;0.5108922966;0.7249468559;0.885090931;0.3371942215;0.4510893652;0.3770521179,1.986329388;0.369039043;1.047885528;1.273544601;1.412123145;1.792296255;0.9237509324;0.6195927545;0.4325165816;1.370290719;1.043286736;1.235229773,19.65243243;4.944864865;12.55216216;13.32108108;13.75594595;22.22297297;10.12594595;7.286756757;5.764054054;16.12567568;13.31783784;13.70216216,0.3945816487;0.08617560356;0.3061525017;0.3455780486;0.3629538138;0.396727198;0.2394262552;0.1485348036;0.1064925962;0.3507203542;0.2740742453;0.323830508,0.05;0.2032432432;0.1137837838;0.09378378378;0.08756756757;0.04189189189;0.1291891892;0.1635135135;0.1916216216;0.07648648649;0.1108108108;0.09432432432,23.99698616;0.369039043;21.00273431;15.47988264;21.86074331;23.99643143;4.285011189;1.497963773;0.5300663265;19.70657097;9.909021461;14.375055
FreshSky-Safe,8,13,341.62864864864866,26.41081081081081,19.81318918918918,31.0,58.0,48.58468468468468,0.0270045045045045,0.0089864864864864,0.1540990990990991,0.0405405405405405,0.8980643861227469,23.0,158.0,0.0271171171171171,301,11100,0.1835845814788513,0.394482457445491,23.983844290900706,0.4064864864864865,True,True,0.931036637;0.7159624459;0.6775674106;0.3509019354;0.95;0.7562371291;0.2357345475;0.5713184825;0.95;0.8385292043;0.9458583108;0.3749843981,0.3702883284;0.6302691506;0.6771299559;1.320546841;0.2764601871;0.5830294735;1.920506701;0.8232731646;0.2265612916;0.488449848;0.3469497415;1.241568686,6.060810811;7.721351351;8.677837838;14.41513514;5.268378378;6.524594595;26.41081081;9.987837838;4.634864865;5.667567568;5.397567568;12.35378378,0.09017021187;0.1713650718;0.1643412704;0.3472681288;0.06859201399;0.1501694833;0.3944824574;0.232964055;0.05676278846;0.1247527315;0.07464107952;0.3275056858,0.1883783784;0.1708108108;0.1483783784;0.08162162162;0.2048648649;0.1762162162;0.04054054054;0.1394594595;0.2151351351;0.1972972973;0.1856756757;0.1008108108,0.3702883284;1.842153205;1.539909691;17.11226362;0.2764601871;1.315147367;23.98384429;7.80510228;0.2265612916;1.019148936;0.3469497415;13.46039591
FreshSky-Safe,8,14,498.142972972973,26.35810810810811,22.73167567567567,43.0,75.0,62.29864864864865,0.0587162162162162,0.0196621621621621,0.1124549549549549,0.0375675675675675,0.8377684567118863,34.0,154.0,0.0282882882882882,314,11100,0.275084389995955,0.4020321768459233,23.999727496276623,0.4064864864864865,True,True,0.3969158517;0.64914127;0.685168137;0.2123384503;0.8391928019;0.2547057577;0.6450583303;0.3536782427;0.3495021855;0.2638904463;0.8142278578;0.4332858251,1.177446822;0.7134614509;0.6676722331;2.128067317;0.4876767217;1.782678959;0.7188179662;1.310923092;1.325454306;1.723560971;0.5165166625;1.084128614,13.34459459;8.984594595;7.99;26.35810811;6.301621622;18.93810811;8.876216216;18.13972973;15.15594595;19.76459459;6.248378378;12.4972973,0.3239569904;0.1935987288;0.1786474353;0.4020321768;0.1209965488;0.3907439557;0.194275126;0.3465088606;0.3517827375;0.3898974412;0.1249411927;0.2836314861,0.09675675676;0.1532432432;0.1578378378;0.03756756757;0.1862162162;0.05621621622;0.147027027;0.07810810811;0.09027027027;0.05702702703;0.1845945946;0.1045945946,11.54893643;4.009613371;1.873705632;23.9997275;0.9260603305;23.99722353;2.312907797;19.66046204;23.81634189;23.98956077;0.8660666499;9.734958127
FreshSky-Safe,8,15,424.02486486486487,27.896486486486488,23.30978378378378,39.0,65.0,54.72027027027027,0.0446171171171171,0.0133108108108108,0.1394144144144144,0.0318918918918918,0.84483636023679,26.949999999999815,121.0,0.0629729729729729,699,11100,0.2336336258160896,0.3999558403697859,23.995652036808387,0.4064864864864865,True,True,0.95;0.6682774533;0.3936552323;0.8783623152;0.2542081145;0.6112416568;0.1961261937;0.2603661895;0.4858854259;0.9440218225;0.777121657;0.6438927182,0.2609434761;0.6888292002;1.186565108;0.4408835581;1.786011998;0.7647485898;2.305041448;1.74572184;0.9708198352;0.349980936;0.5589976316;0.7203540735,4.564324324;6.742432432;12.40243243;6.063783784;19.55702703;7.773243243;27.89648649;18.38918919;9.811351351;4.867027027;7.298918919;9.48027027,0.06509481849;0.1943615365;0.3441038813;0.1056928962;0.3953361694;0.2139229163;0.3999558404;0.3996287562;0.2749781587;0.08588721349;0.1392961666;0.1853451562,0.2167567568;0.1802702703;0.1164864865;0.1878378378;0.05567567568;0.1713513514;0.03189189189;0.05594594595;0.1345945946;0.2086486486;0.1697297297;0.1437837838,0.2609434761;2.777121202;14.41038813;0.6861849064;23.99554779;3.871228847;23.99565204;23.97671049;5.879018187;0.349980936;1.194988158;2.001770368
FreshSky-Safe,8,16,515.0335135135135,25.97054054054054,25.908405405405404,47.0,78.0,65.7581081081081,0.0700675675675675,0.024009009009009,0.1268918918918919,0.034054054054054,0.7786656406772238,31.0,152.0,0.1201801801801801,1334,11100,0.269955644991931,0.4012675182807005,23.99979693762505,0.4064864864864865,True,True,0.3932789834;0.7735119064;0.901603995;0.8416273572;0.2260479039;0.7045979448;0.6624829137;0.1982197585;0.7522839954;0.3841282698;0.2247729528;0.2144342016,1.187626136;0.5631378354;0.4113518347;0.4848363331;2.00065631;0.6439160289;0.6962092138;2.280313362;0.5876051337;1.214015836;2.011774821;2.107404393,15.41243243;7.268648649;5.105135135;6.098378378;20.84027027;6.781891892;7.460810811;25.97054054;6.291891892;11.66405405;23.28621622;25.85756757,0.3379919787;0.164679767;0.1067291247;0.119767678;0.4006719799;0.1829069585;0.2058521297;0.4005955906;0.1637353764;0.356001941;0.4012675183;0.3992676971,0.09594594595;0.1910810811;0.2075675676;0.1862162162;0.04621621622;0.1897297297;0.1745945946;0.03405405405;0.1948648649;0.1140540541;0.04432432432;0.04405405405,23.99569884;1.868240519;0.4454073388;0.7393453325;23.99903655;2.59524426;3.050719779;23.99979694;1.876051337;15.9924434;23.99028859;23.9980465
FreshSky-Safe,8,17,430.27783783783786,30.24972972972973,30.044743243243243,45.0,84.0,67.84774774774775,0.060563063063063,0.0259684684684684,0.1500675675675676,0.0343243243243243,0.8162899075977922,24.0,149.0,0.0709009009009009,787,11100,0.211432464734242,0.3969974077961674,23.997354457545114,0.4064864864864865,True,True,0.6058267012;0.4606290406;0.8627452041;0.95;0.8920394043;0.9329954481;0.2434414901;0.2237143759;0.7874097494;0.2072792387;0.95;0.5223938409,0.772389876;1.022513998;0.4598691245;0.2139841101;0.4237308779;0.3673358894;1.861711545;2.021113381;0.5472165522;2.179902851;0.241873434;0.9032962107,9.723243243;11.10810811;4.912702703;4.175405405;5.262972973;5.083513514;20.39;30.24972973;6.809459459;29.87702703;4.538378378;9.291081081,0.2108415607;0.2810531719;0.1209331509;0.05789137682;0.1099409845;0.09401813168;0.3969974078;0.3965752202;0.1493753291;0.3965066538;0.05988001771;0.2631765717,0.1454054054;0.1254054054;0.2137837838;0.2272972973;0.2045945946;0.2183783784;0.05162162162;0.03459459459;0.1913513514;0.03432432432;0.2154054054;0.1386486486,4.703017768;12.45027996;0.5796073736;0.2139841101;0.4711926338;0.3673358894;23.94953887;23.99735446;1.430515866;23.98834217;0.241873434;7.162628004
FreshSky-Safe,8,18,339.65783783783786,22.00054054054054,20.09977027027027,34.0,62.0,50.91261261261261,0.0333108108108108,0.0107882882882882,0.1628153153153153,0.047027027027027,0.8573178014080383,21.0,146.0,0.0311711711711711,346,11100,0.1895577465777778,0.3974020350658082,23.99878269009556,0.4064864864864865,True,True,0.95;0.2298402862;0.2514208534;0.95;0.8064515181;0.2889292384;0.86964094;0.95;0.4229897239;0.9113191376;0.93510967;0.8418183031,0.2641897105;1.968390267;1.804941085;0.3377909827;0.5254308787;1.582364629;0.451552802;0.2372894534;1.10910177;0.3983676074;0.3641087485;0.4846132827,4.48972973;22.00054054;18.22135135;4.544864865;6.421081081;18.54459459;5.691621622;4.497567568;11.08810811;4.747567568;5.448378378;6.304054054,0.06818950635;0.3974020351;0.3907453537;0.08453904054;0.1333458365;0.3857548366;0.1183800589;0.06092567046;0.3132463108;0.1000225695;0.09496349791;0.1271782426,0.2178378378;0.04702702703;0.05594594595;0.2154054054;0.1891891892;0.07189189189;0.1994594595;0.2216216216;0.1132432432;0.2097297297;0.2143243243;0.1981081081,0.2641897105;23.98869958;23.99878269;0.3377909827;0.9017235147;23.98877293;0.709316812;0.2372894534;18.50993808;0.3983676074;0.3641087485;1.246132827
FreshSky-Safe,8,19,535.5532432432433,27.37837837837838,26.99962162162162,44.0,77.0,63.78783783783784,0.0628603603603603,0.0197522522522522,0.1069594594594594,0.0351351351351351,0.8361737583304077,35.0,184.0,0.0518018018018018,575,11100,0.2932883120297562,0.4007128319909138,23.998952195352857,0.4064864864864865,True,True,0.8339118425;0.4218873338;0.3658373363;0.3670076204;0.481511622;0.1930715746;0.2120595117;0.3057773787;0.5446939528;0.4653449839;0.3623629999;0.8770434254,0.4938172966;1.111838862;1.270411673;1.266646367;0.9794527448;2.342239302;2.1308523;1.500722279;0.8655191693;1.012509865;1.281724896;0.4425090154,6.575135135;12.29378378;16.08513514;12.85378378;11.30189189;27.37837838;26.68972973;15.97378378;9.737567568;10.43189189;14.37135135;5.728918919,0.126257071;0.2806641885;0.3454146332;0.3608230463;0.2607462037;0.400712832;0.3927679104;0.3845093839;0.2416435951;0.2785770384;0.3432944248;0.1040494171,0.1905405405;0.1021621622;0.08756756757;0.1005405405;0.1194594595;0.03513513514;0.03810810811;0.07297297297;0.14;0.1205405405;0.08810810811;0.1883783784,0.8690864829;8.501260659;14.20523189;16.06615919;5.891791172;23.99721232;23.98943338;23.9989522;4.386230032;6.4126677;15.83244562;0.5700360617
Ji'24-style Greedy-Safe,2,0,383.9118918918919,19.244324324324324,19.165243243243243,35.0,57.0,48.90720720720721,0.0332207207207207,0.0082207207207207,0.1371846846846846,0.0456756756756756,0.8253925167766989,26.0,108.0,0.1764864864864865,1959,11100,0.2196887330276837,0.4002945885940433,23.999946601341414,0.4064864864864865,True,True,0.95;0.2315765095;0.95;0.8081176242;0.6281327393;0.795200025;0.3394136806;0.9476946562;0.5005847781;0.95;0.23436609;0.2528380647,0.3369544871;1.95400716;0.2191119648;0.5235225351;0.7414402559;0.5383055036;1.361973486;0.3438720469;0.9427001774;0.2738400263;1.931388168;1.795260579,4.708108108;19.24432432;5.451351351;6.265135135;9.154864865;6.246216216;13.95027027;5.037567568;11.18621622;4.629459459;18.07081081;19.10054054,0.08442075934;0.3960825323;0.05714676919;0.1366818294;0.203194708;0.1486887094;0.3946042101;0.08243635286;0.2703256455;0.06253914114;0.3998495505;0.4002945886,0.2059459459;0.04567567568;0.2021621622;0.1867567568;0.132972973;0.1818918919;0.08324324324;0.1978378378;0.1094594595;0.1983783784;0.05054054054;0.05135135135,0.3369544871;23.99735537;0.2191119648;1.635225351;8.408968701;2.366110072;23.99758369;0.3438720469;14.79560497;0.2738400263;23.99010121;23.9999466
Ji'24-style Greedy-Safe,2,1,507.452972972973,28.25162162162162,26.43647297297297,47.0,74.0,64.22072072072072,0.0715765765765765,0.0236261261261261,0.1187162162162162,0.0302702702702702,0.7010677468535343,32.0,129.0,0.298018018018018,3308,11100,0.2812570249301234,0.400252706018564,23.999461816735,0.4064864864864865,True,True,0.5605092249;0.2181252996;0.2316669551;0.3707979081;0.95;0.95;0.2020086086;0.95;0.325972712;0.8362721814;0.2993435181;0.2334007936,0.8400796556;2.072097608;1.953264399;1.254604531;0.2976063768;0.2276934429;2.237061952;0.2579608484;1.414030367;0.4910760745;1.530799061;1.939147999,8.993513514;24.95135135;18.75891892;13.04405405;4.277837838;3.928918919;28.25162162;4.378648649;14.51513514;6.089459459;14.97864865;20.37351351,0.2597435476;0.398738783;0.3990994285;0.3845193346;0.07689505302;0.06240031112;0.400252706;0.06504796529;0.3947819916;0.1373685776;0.3963528378;0.399883763,0.1343243243;0.04351351351;0.04540540541;0.09594594595;0.222972973;0.2408108108;0.03027027027;0.2221621622;0.07594594595;0.1986486486;0.06864864865;0.04594594595,8.401593112;23.99874277;23.99858133;23.98613075;0.2976063768;0.2276934429;23.99943658;0.2579608484;23.99946182;1.037532522;23.99813202;23.99915543
Ji'24-style Greedy-Safe,2,2,439.00054054054056,25.924864864864865,24.82412162162162,39.0,69.0,56.65810810810811,0.0448873873873873,0.0157432432432432,0.1254279279279279,0.0348648648648648,0.8307636891699446,27.0,116.0,0.1909909909909909,2120,11100,0.2407418927592769,0.4016140241337171,23.99999966755999,0.4064864864864865,True,True,0.2983974043;0.4720337023;0.7619171253;0.95;0.6042558466;0.7527600943;0.6803453125;0.2438339011;0.7053294905;0.1925045361;0.95;0.2931742638,1.535332493;0.9986066978;0.5764720931;0.328976203;0.7746227687;0.5870535051;0.6736618433;1.858825842;0.6430324214;2.34929577;0.2710575607;1.560894842,15.1872973;9.445135135;6.755405405;5.129189189;9.223243243;7.065405405;7.252702703;23.92351351;7.713513514;25.92486486;4.862432432;14.70702703,0.3991864481;0.2688141273;0.1470782854;0.08064362597;0.2198253803;0.1561244997;0.1735134423;0.3993963634;0.1774421898;0.3987453361;0.06651899056;0.4016140241,0.06702702703;0.1151351351;0.1664864865;0.1967567568;0.1332432432;0.1613513514;0.1562162162;0.04108108108;0.1548648649;0.03486486486;0.2072972973;0.07081081081,23.99791679;17.52197508;2.517665117;0.328976203;6.743209836;2.244642061;4.10492765;23.97714588;3.888518743;23.99999967;0.2710575607;23.99704184
Ji'24-style Greedy-Safe,2,3,507.9559459459459,21.422702702702704,20.041756756756754,43.0,62.0,54.46351351351351,0.0586936936936936,0.0116441441441441,0.1018243243243243,0.044054054054054,0.718476306295248,37.0,101.0,0.2961261261261261,3287,11100,0.3186300017865988,0.4007511217125644,23.999550925361756,0.4064864864864865,True,True,0.2469621281;0.8215561338;0.8932287906;0.3220866759;0.225348274;0.2465631425;0.4834834838;0.2778755806;0.2645088005;0.3014458345;0.9387067142;0.2969367479,1.836175919;0.5080937316;0.4222105672;1.429873819;2.006740312;1.839030251;0.9755450403;1.641436133;1.719737046;1.520828652;0.3585144156;1.542388958,16.84459459;5.799459459;4.935945946;12.01027027;21.4227027;18.91189189;10.12054054;16.1;18.42486486;16.59594595;4.641621622;15.60972973,0.3970110094;0.1396571149;0.1119428558;0.4007511217;0.4002633378;0.3996163031;0.2968820852;0.3974937229;0.4006522523;0.3987037277;0.09040377021;0.3901827203,0.05405405405;0.192972973;0.2167567568;0.08297297297;0.04405405405;0.04864864865;0.1240540541;0.06405405405;0.05162162162;0.06810810811;0.2091891892;0.06540540541,23.99954416;2.021405973;0.4888422689;23.99933929;23.99955093;23.9965929;17.29516649;23.99929074;23.9987162;23.9995506;0.3585144156;23.99585942
Ji'24-style Greedy-Safe,2,4,476.8902702702703,21.37135135135135,20.28324324324324,38.0,61.0,52.85630630630631,0.0429054054054054,0.0101576576576576,0.0963063063063063,0.0464864864864864,0.8868202435967576,35.0,124.0,0.1238738738738738,1375,11100,0.2843886245200345,0.4028604188965256,23.99977447094719,0.4064864864864865,True,True,0.662118963;0.6741961796;0.3640876;0.2460798207;0.2372011855;0.4128728207;0.5024050881;0.4159209977;0.2309431598;0.4380235493;0.7287104513;0.5641011845,0.6966749552;0.6813572012;1.27608378;1.842501298;1.908996959;1.13470463;0.9393093506;1.126874486;1.959226317;1.072981387;0.6151471375;0.8344446437,8.116216216;7.941081081;14.16243243;17.32162162;21.37135135;11.86648649;11.49;11.81864865;19.39297297;13.24297297;7.672162162;9.548378378,0.1822652315;0.1714442039;0.3269533578;0.4028604189;0.3977936906;0.3315177582;0.2546289942;0.2875052743;0.3966109491;0.28535505;0.1556156002;0.2201129655,0.1372972973;0.1445945946;0.07918918919;0.05486486486;0.04756756757;0.09675675676;0.1062162162;0.08945945946;0.04648648649;0.08783783784;0.1478378378;0.1175675676,7.01687388;3.213572012;23.72810523;23.99766482;23.99835834;20.28639172;11.93651792;23.93934366;23.99977447;17.55434856;3.196912787;10.89556074
Ji'24-style Greedy-Safe,2,5,420.8381081081081,22.883243243243243,20.43455405405405,37.0,61.0,52.402252252252254,0.0404504504504504,0.0102927927927927,0.118536036036036,0.044054054054054,0.8259762288241072,28.300000000000185,156.0,0.110990990990991,1232,11100,0.2571591366892848,0.3971513308300339,23.999805493476853,0.4064864864864865,True,True,0.9411489522;0.4821824971;0.3825098869;0.7544254172;0.3523107703;0.8677360717;0.95;0.2189202535;0.8265150398;0.3376263363;0.2625732011;0.2699141276,0.3546353857;0.9781203331;1.218803669;0.5851252029;1.315645181;0.4538598372;0.2241414152;2.064668323;0.5023771293;1.368663091;1.731770293;1.687095206,5.183783784;10.29324324;11.97972973;7.289189189;13.27594595;6.278108108;4.888918919;22.88324324;6.450540541;12.6672973;16.94891892;18.43108108,0.0813744439;0.2696439837;0.355100096;0.148337146;0.3669583315;0.1076997127;0.05318815205;0.396751129;0.1302107208;0.3891442087;0.390350385;0.3971513308,0.1935135135;0.1110810811;0.09;0.1618918919;0.08702702703;0.1705405405;0.1948648649;0.04405405405;0.172972973;0.08675675676;0.05432432432;0.05540540541,0.3546353857;12.76548966;23.87180914;2.776878043;23.97951747;0.7231590234;0.2241414152;23.99489188;1.43327981;23.99903659;23.98171842;23.99980549
Ji'24-style Greedy-Safe,2,6,311.97945945945946,15.175135135135136,14.951864864864865,28.0,45.0,38.81846846846847,0.0153378378378378,0.0028603603603603,0.1428828828828829,0.0648648648648648,0.9043553042694488,23.0,100.0,0.0194594594594594,216,11100,0.1795493460629472,0.3846339863582709,23.99848989516667,0.4064864864864865,True,True,0.6600953202;0.4082536129;0.95;0.8542797728;0.5796663152;0.95;0.7238759829;0.298421524;0.95;0.3698913443;0.95;0.5870736138,0.6992694381;1.146768836;0.2551559305;0.4699577518;0.8105930222;0.2156180293;0.6208604762;1.535216558;0.2628816135;1.257463669;0.2571157349;0.7995478023,8.443513514;12.75135135;5.055135135;6.137837838;9.496216216;4.806486486;8.301081081;15.17513514;4.456756757;14.76918919;4.868108108;9.418108108,0.190503674;0.3210952742;0.05730664278;0.1153301726;0.2090015522;0.05011662302;0.1419589089;0.3846339864;0.05932598574;0.3486912768;0.06031796159;0.2163100946,0.1375675676;0.08756756757;0.1918918919;0.1764864865;0.1189189189;0.1943243243;0.1316216216;0.06486486486;0.197027027;0.08081081081;0.1978378378;0.1356756757,7.579544267;21.54983393;0.2551559305;0.8897042624;6.980081378;0.2156180293;2.650325715;23.9984899;0.2628816135;23.97846723;0.2571157349;8.789147256
Ji'24-style Greedy-Safe,2,7,371.94216216216216,28.9372972972973,22.44878378378377,36.0,65.0,53.83738738738739,0.0390765765765765,0.0129504504504504,0.1481981981981981,0.0302702702702702,0.8348180061114528,22.0,120.0,0.1402702702702702,1557,11100,0.1973661512457448,0.3989384266668704,23.99888442362508,0.4064864864864865,True,True,0.95;0.8194645516;0.5139536145;0.1957148488;0.2668165055;0.95;0.9166527097;0.2817874583;0.4060368001;0.95;0.95;0.8957240492,0.2129344738;0.5105004868;0.9182376412;2.309972111;1.705631049;0.2143947682;0.3910280632;1.619983796;1.152645744;0.2643493157;0.2202876177;0.4190042049,4.897027027;5.567567568;10.31351351;28.9372973;17.14;4.840540541;5.383513514;17.09891892;10.78621622;4.681891892;4.776216216;5.280540541,0.05150712272;0.1276251217;0.2826682901;0.3989384267;0.3950610294;0.052613635;0.09944794798;0.3883582776;0.3420554127;0.06558720859;0.05525051601;0.1092808264,0.2013513514;0.1827027027;0.1197297297;0.03027027027;0.06027027027;0.2037837838;0.1964864865;0.06027027027;0.1024324324;0.2094594595;0.2105405405;0.2010810811,0.2129344738;1.726005842;9.728277542;23.99888442;23.99844559;0.2143947682;0.3910280632;23.9987037;23.09632332;0.2643493157;0.2202876177;0.5330294346
Ji'24-style Greedy-Safe,2,8,426.6324324324325,26.07027027027027,23.95931081081081,40.0,72.0,58.961261261261264,0.0498648648648648,0.0186711711711711,0.1328378378378378,0.0367567567567567,0.8069699906967317,26.0,131.0,0.1719819819819819,1909,11100,0.233402939350042,0.4008570785285088,23.99994577503578,0.4064864864864865,True,True,0.924502767;0.7675714746;0.2938168902;0.223720696;0.8564804989;0.95;0.4732619221;0.198994158;0.3554966144;0.365156396;0.95;0.8950142286,0.3798996382;0.5699618165;1.557699888;2.021057334;0.4673466129;0.2347890628;0.9960890923;2.271318822;1.304697623;1.272612991;0.2590903055;0.4199186836,4.745135135;7.177567568;16.53135135;22.23216216;5.923243243;4.722972973;10.84243243;26.07027027;12.85432432;13.93648649;4.605405405;5.036486486,0.09415350492;0.1594352649;0.3919509719;0.3976566863;0.1140578355;0.05742813564;0.2821355051;0.4008570785;0.3642574714;0.3638985254;0.06344211263;0.11156218,0.2056756757;0.1662162162;0.06135135135;0.04540540541;0.1835135135;0.2021621622;0.1102702703;0.03675675676;0.08810810811;0.08621621622;0.2059459459;0.2024324324,0.3798996382;3.969198147;23.99787465;23.980819;0.87142629;0.2347890628;16.69049459;23.99884749;23.99994578;23.95552233;0.2590903055;0.5394307853
Ji'24-style Greedy-Safe,2,9,525.0178378378379,28.30567567567568,25.808229729729728,46.0,75.0,64.03603603603604,0.0669819819819819,0.0227027027027027,0.1189639639639639,0.0332432432432432,0.7407460390385664,31.0,154.0,0.2868468468468468,3184,11100,0.2609075017341752,0.3988742625578825,23.999493627997246,0.4064864864864865,True,True,0.3257577326;0.6871221964;0.2523803769;0.1963495047;0.5437054116;0.2493362779;0.95;0.4363495231;0.95;0.6652629851;0.95;0.2127973752,1.414897118;0.6652565043;1.798374164;2.302374716;0.8671448273;1.819394726;0.209506079;1.076896197;0.2790122724;0.6926602831;0.247425482;2.123503268,15.06351351;7.498108108;20.1272973;28.30567568;9.838108108;20.86918919;4.324864865;10.58297297;4.656216216;7.78027027;4.354864865;23.76486486,0.385846268;0.1839344335;0.394670222;0.3938927555;0.2585029039;0.3968247416;0.05271625933;0.3285988665;0.07118583382;0.2040539753;0.06178949874;0.3988742626,0.06783783784;0.1567567568;0.0472972973;0.03324324324;0.1232432432;0.04540540541;0.2224324324;0.107027027;0.2105405405;0.1583783784;0.2186486486;0.03675675676,23.99810689;5.831412607;23.99356324;23.99949363;10.68866206;23.99902311;0.209506079;23.96721476;0.2790122724;5.267885095;0.247425482;23.99864068
Ji'24-style Greedy-Safe,2,10,590.9867567567568,33.48567567567567,29.15494594594594,50.0,103.0,76.58333333333333,0.0814864864864864,0.0323873873873873,0.0938738738738738,0.0318918918918918,0.7793268411202208,38.0,278.0,0.2638738738738739,2929,11100,0.3103120501873542,0.4009518193562131,23.999913536494745,0.4064864864864865,True,True,0.2210551088;0.5230742899;0.4621770162;0.8877431859;0.3493760462;0.4491418585;0.5565464418;0.34857734;0.2223217792;0.6900300697;0.2104662511;0.2177243916,2.045012567;0.9021077578;1.019211399;0.4291816563;1.325898395;1.047619095;0.8463561798;1.328717478;2.03354937;0.6616731043;2.146920017;2.075867389,21.5972973;10.78081081;11.38297297;5.362702703;14.25594595;11.37864865;9.750540541;14.4772973;22.70216216;7.448648649;25.61162162;33.48567568,0.4001592157;0.2620988756;0.2829000289;0.1057874785;0.3540507064;0.3298584447;0.232633577;0.3727591196;0.3990153629;0.1829436718;0.4009518194;0.4005863016,0.04864864865;0.1108108108;0.1043243243;0.2018918919;0.07945945946;0.1164864865;0.1224324324;0.07918918919;0.04027027027;0.1562162162;0.03189189189;0.03486486486,23.99991354;11.15690946;18.03397617;0.5459082815;23.9905828;21.06666931;11.11254832;23.99117248;23.99496751;3.540077252;23.99932792;23.99537518
Ji'24-style Greedy-Safe,2,11,459.1951351351352,27.76567567567568,24.047081081081075,41.0,70.0,57.62792792792793,0.0509909909909909,0.0168918918918918,0.1109684684684684,0.0359459459459459,0.8445546774857265,31.0,124.0,0.1081081081081081,1200,11100,0.2586366208789304,0.3959557476093693,23.99854425827456,0.4064864864864865,True,True,0.95;0.2935060875;0.6227889451;0.4312530983;0.6153269509;0.4183303984;0.9434799305;0.4987828682;0.6260188518;0.4351735249;0.2492611008;0.2092716103,0.3358641596;1.559243329;0.7487311135;1.088976442;0.7590395275;1.120756955;0.3508668233;0.9460759936;0.7443154627;1.079661914;1.819920828;2.159149808,5.076486486;15.32324324;8.477297297;11.85540541;9.532972973;12.55756757;5.245945946;11.6972973;9.968378378;11.85891892;21.00459459;27.76567568,0.07706720852;0.3936035862;0.1932535712;0.3208065736;0.1883238611;0.3222933513;0.08430286647;0.253906341;0.1776298793;0.3072659448;0.3959557476;0.3892305194,0.1945945946;0.06945945946;0.1491891892;0.09324324324;0.1272972973;0.09054054054;0.1897297297;0.1045945946;0.1264864865;0.1013513514;0.04918918919;0.03594594595,0.3358641596;23.99655898;6.872084497;18.64803414;8.298869605;20.28314641;0.3508668233;14.19797583;8.506725732;18.5458004;23.99854426;23.99668118
Ji'24-style Greedy-Safe,2,12,482.2594594594594,23.273783783783784,21.623932432432436,40.0,63.0,55.32792792792793,0.0488288288288288,0.0114414414414414,0.1019144144144144,0.0443243243243243,0.8362286995874647,34.0,136.0,0.1019819819819819,1132,11100,0.2799063799204935,0.3938207716137875,23.99940523799805,0.4064864864864865,True,True,0.2277146089;0.9318683167;0.4490225566;0.364868936;0.3264467419;0.2532754659;0.5108922966;0.7249468559;0.885090931;0.3371942215;0.4510893652;0.3770521179,1.986329388;0.369039043;1.047885528;1.273544601;1.412123145;1.792296255;0.9237509324;0.6195927545;0.4325165816;1.370290719;1.043286736;1.235229773,20.27405405;5.088648649;11.97810811;13.81540541;14.43756757;23.27378378;10.08891892;7.134324324;6.01;16.64756757;12.73675676;12.60783784,0.3935079572;0.08108884918;0.3104006863;0.3583134946;0.3755484256;0.3938207716;0.236929631;0.1455205686;0.1028688086;0.3622011684;0.2735103065;0.3251658915,0.04459459459;0.1886486486;0.09837837838;0.08027027027;0.07594594595;0.04432432432;0.1118918919;0.1494594595;0.1759459459;0.06864864865;0.09351351351;0.09135135135,23.99752458;0.369039043;23.95484878;23.98408454;23.97600888;23.99940524;10.35126772;2.376334791;0.8552321429;23.99139762;16.48216841;21.31597409
Ji'24-style Greedy-Safe,2,13,336.6008108108108,24.13027027027027,18.73521621621621,31.0,57.0,46.86171171171171,0.0259234234234234,0.0083783783783783,0.142972972972973,0.0421621621621621,0.8936600310191067,23.0,109.0,0.0575675675675675,639,11100,0.185884772649167,0.3991539602310297,23.99437038826804,0.4064864864864865,True,True,0.931036637;0.7159624459;0.6775674106;0.3509019354;0.95;0.7562371291;0.2357345475;0.5713184825;0.95;0.8385292043;0.9458583108;0.3749843981,0.3702883284;0.6302691506;0.6771299559;1.320546841;0.2764601871;0.5830294735;1.920506701;0.8232731646;0.2265612916;0.488449848;0.3469497415;1.241568686,6.23972973;7.644054054;9.734864865;14.32108108;5.285405405;6.754864865;24.13027027;9.372702703;4.852162162;6.057297297;5.430540541;13.02864865,0.08886919882;0.1664251244;0.1625111894;0.362971929;0.06769538636;0.1482785769;0.3991539602;0.238081699;0.05608922787;0.122376489;0.07220305431;0.3459614366,0.1791891892;0.1489189189;0.1264864865;0.07621621622;0.1975675676;0.1591891892;0.04216216216;0.1289189189;0.2075675676;0.1824324324;0.1759459459;0.09108108108,0.3702883284;3.223768109;5.11120925;23.99437039;0.2764601871;3.043618943;23.99302362;11.45164861;0.2265612916;1.019148936;0.3469497415;23.98510197
Ji'24-style Greedy-Safe,2,14,478.177027027027,25.061891891891893,21.640594594594592,41.0,71.0,58.43963963963964,0.0504954954954954,0.0161936936936936,0.1014189189189189,0.0418918918918918,0.8598352180410879,33.0,138.0,0.1103603603603603,1225,11100,0.2770000002048247,0.40030671685946,23.99972749627926,0.4064864864864865,True,True,0.3969158517;0.64914127;0.685168137;0.2123384503;0.8391928019;0.2547057577;0.6450583303;0.3536782427;0.3495021855;0.2638904463;0.8142278578;0.4332858251,1.177446822;0.7134614509;0.6676722331;2.128067317;0.4876767217;1.782678959;0.7188179662;1.310923092;1.325454306;1.723560971;0.5165166625;1.084128614,11.97162162;8.62972973;8.681621622;25.06189189;6.407027027;18.69486486;9.311351351;15.88432432;13.97216216;18.84135135;6.440810811;12.5527027,0.3366861452;0.1891636982;0.1764820119;0.4003067169;0.1140109093;0.3945983967;0.1979663534;0.3635154304;0.3532156611;0.3964190232;0.1200552243;0.281580432,0.09135135135;0.1324324324;0.1332432432;0.04189189189;0.1667567568;0.05378378378;0.1283783784;0.07378378378;0.08;0.05945945946;0.1656756757;0.09027027027,23.09191566;10.71153514;6.424133594;23.9997275;1.627474104;23.99722353;5.657541357;23.98646263;23.98907035;23.99585338;1.79819995;17.83972981
Ji'24-style Greedy-Safe,2,15,439.0148648648649,32.32351351351351,25.55033783783783,40.0,74.0,60.75495495495496,0.0476576576576576,0.0176576576576576,0.1282657657657657,0.0286486486486486,0.8365625556818064,27.699999999999815,202.0,0.1725225225225225,1915,11100,0.2343465276331481,0.3986851228153775,23.999431536584783,0.4064864864864865,True,True,0.95;0.6682774533;0.3936552323;0.8783623152;0.2542081145;0.6112416568;0.1961261937;0.2603661895;0.4858854259;0.9440218225;0.777121657;0.6438927182,0.2609434761;0.6888292002;1.186565108;0.4408835581;1.786011998;0.7647485898;2.305041448;1.74572184;0.9708198352;0.349980936;0.5589976316;0.7203540735,4.398648649;6.8;11.81918919;5.872432432;20.00864865;7.697567568;32.32351351;17.66027027;10.44459459;4.868648649;7.251351351;9.427837838,0.06227380794;0.192686006;0.3527625996;0.1055737385;0.3943707575;0.2161964932;0.394971967;0.3986851228;0.2833744384;0.08314411967;0.1414112928;0.1867079882,0.2062162162;0.1664864865;0.1027027027;0.1797297297;0.05162162162;0.1494594595;0.02864864865;0.05351351351;0.1156756757;0.1981081081;0.1575675676;0.1294594595,0.2609434761;3.177121202;23.7655133;0.7679520226;23.99943154;6.824468976;23.99820663;23.9962346;12.95803637;0.349980936;3.17494079;5.04601925
Ji'24-style Greedy-Safe,2,16,518.8227027027027,28.152162162162163,26.133067567567565,46.0,84.0,68.39054054054054,0.0672522522522522,0.0256306306306306,0.1194144144144144,0.034054054054054,0.7826470389089492,30.0,190.0,0.285045045045045,3164,11100,0.2707033110167561,0.4018281923884407,23.99967441619621,0.4064864864864865,True,True,0.3932789834;0.7735119064;0.901603995;0.8416273572;0.2260479039;0.7045979448;0.6624829137;0.1982197585;0.7522839954;0.3841282698;0.2247729528;0.2144342016,1.187626136;0.5631378354;0.4113518347;0.4848363331;2.00065631;0.6439160289;0.6962092138;2.280313362;0.5876051337;1.214015836;2.011774821;2.107404393,13.67405405;7.084864865;4.994324324;5.9;18.97864865;6.215675676;8.040810811;28.15216216;6.238918919;10.95135135;24.48108108;23.65675676,0.3444115794;0.1680281541;0.1061732438;0.1149193146;0.3995905441;0.1761197355;0.2060402944;0.4018281924;0.163417752;0.3717513356;0.3974614578;0.3986981284,0.09;0.1759459459;0.2024324324;0.1732432432;0.04945945946;0.1756756757;0.1602702703;0.03405405405;0.1832432432;0.1075675676;0.04027027027;0.04081081081,23.99569884;3.499618873;0.4454073388;0.8241816656;23.9045279;3.99048852;7.893857986;23.99939081;3.56449754;23.83717185;23.9909764;23.99967442
Ji'24-style Greedy-Safe,2,17,409.87108108108106,27.34405405405405,26.577472972972974,41.0,75.0,61.02657657657657,0.0506306306306306,0.020518018018018,0.1432207207207207,0.0337837837837837,0.8128338474039611,23.0,139.0,0.1764864864864865,1959,11100,0.2123248426450833,0.4018091201726764,23.999695937721665,0.4064864864864865,True,True,0.6058267012;0.4606290406;0.8627452041;0.95;0.8920394043;0.9329954481;0.2434414901;0.2237143759;0.7874097494;0.2072792387;0.95;0.5223938409,0.772389876;1.022513998;0.4598691245;0.2139841101;0.4237308779;0.3673358894;1.861711545;2.021113381;0.5472165522;2.179902851;0.241873434;0.9032962107,8.784864865;10.72972973;4.819189189;4.06972973;5.499459459;4.88972973;19.01216216;27.34405405;6.147567568;25.95027027;4.531621622;9.282972973,0.2079190045;0.281329527;0.1198145503;0.05766004265;0.1085667222;0.09193325231;0.3949847467;0.3976677139;0.1510021891;0.4018091202;0.05909556333;0.2761156795,0.132972973;0.1094594595;0.2086486486;0.2245945946;0.1905405405;0.2105405405;0.05027027027;0.03378378378;0.182972973;0.03648648649;0.2067567568;0.1316216216,7.44779752;11.5256999;0.8789529963;0.2139841101;0.6373087793;0.3673358894;23.99863513;23.99966294;2.061031731;23.99969594;0.241873434;14.44173706
Ji'24-style Greedy-Safe,2,18,340.3783783783784,26.23864864864865,20.86871621621621,33.0,61.0,50.21846846846847,0.0291441441441441,0.0103378378378378,0.1557207207207207,0.0389189189189189,0.8527189312701713,20.0,189.0,0.1244144144144144,1381,11100,0.1908314181921629,0.3974020350658082,23.998326969207778,0.4064864864864865,True,True,0.95;0.2298402862;0.2514208534;0.95;0.8064515181;0.2889292384;0.86964094;0.95;0.4229897239;0.9113191376;0.93510967;0.8418183031,0.2641897105;1.968390267;1.804941085;0.3377909827;0.5254308787;1.582364629;0.451552802;0.2372894534;1.10910177;0.3983676074;0.3641087485;0.4846132827,4.62;26.23864865;16.47513514;4.591621622;6.609189189;14.8172973;5.806756757;4.574054054;10.44351351;4.580540541;5.424594595;6.253243243,0.06876072734;0.3974020351;0.3931844633;0.08298702791;0.1326357948;0.3900314977;0.1181359763;0.06002781847;0.3285339298;0.09905356725;0.09309375028;0.1261304301,0.2164864865;0.03891891892;0.05756756757;0.2078378378;0.18;0.06783783784;0.1872972973;0.2078378378;0.1048648649;0.2051351351;0.2018918919;0.192972973,0.2641897105;23.99649048;23.99832697;0.3377909827;1.403447029;23.99677076;1.018633624;0.2372894534;22.49161507;0.3983676074;0.3641087485;1.923039089
Ji'24-style Greedy-Safe,2,19,499.6381081081081,25.673513513513512,25.00043243243243,41.0,70.0,58.22927927927928,0.0514864864864864,0.0156306306306306,0.0977927927927927,0.034054054054054,0.8311626865303154,34.0,145.0,0.1434234234234234,1592,11100,0.2939906748123,0.3994467566923643,23.997341182848945,0.4064864864864865,True,True,0.8339118425;0.4218873338;0.3658373363;0.3670076204;0.481511622;0.1930715746;0.2120595117;0.3057773787;0.5446939528;0.4653449839;0.3623629999;0.8770434254,0.4938172966;1.111838862;1.270411673;1.266646367;0.9794527448;2.342239302;2.1308523;1.500722279;0.8655191693;1.012509865;1.281724896;0.4425090154,6.174864865;12.89243243;14.69540541;11.77216216;11.35432432;24.44972973;25.67351351;13.90891892;9.287837838;10.38594595;13.6827027;5.765675676,0.1231873959;0.2830681644;0.3440412152;0.3669851097;0.2514811102;0.3994467567;0.3962233465;0.3853205851;0.246088153;0.290344045;0.3405231277;0.1011790884,0.1735135135;0.09135135135;0.08108108108;0.09189189189;0.09837837838;0.03594594595;0.03405405405;0.07108108108;0.1262162162;0.1113513514;0.07621621622;0.1824324324,1.150538373;19.57884359;23.98799375;23.93274466;17.45482626;23.9962486;23.99734118;23.99606308;12.1034984;14.47537486;23.93141948;0.5700360617
Ji'24-style Greedy-Safe,4,0,389.9037837837838,19.35108108108108,19.31362162162162,36.0,60.0,50.74279279279279,0.0372522522522522,0.0099099099099099,0.1416891891891892,0.0448648648648648,0.8327179162312314,25.0,108.0,0.1847747747747747,2051,11100,0.2205051018011784,0.4023343298820819,23.999982200446816,0.4064864864864865,True,True,0.95;0.2315765095;0.95;0.8081176242;0.6281327393;0.795200025;0.3394136806;0.9476946562;0.5005847781;0.95;0.23436609;0.2528380647,0.3369544871;1.95400716;0.2191119648;0.5235225351;0.7414402559;0.5383055036;1.361973486;0.3438720469;0.9427001774;0.2738400263;1.931388168;1.795260579,4.901891892;19.35108108;5.074594595;6.137837838;10.07837838;6.155675676;14.47513514;5.63972973;11.68459459;4.655135135;18.4472973;19.28297297,0.08396541544;0.3981949725;0.05614003854;0.1359743666;0.2049982113;0.1462154138;0.4023343299;0.08234341447;0.269561294;0.06313122768;0.4019375377;0.4012649997,0.2075675676;0.04486486486;0.207027027;0.1924324324;0.1408108108;0.1913513514;0.09;0.1959459459;0.1189189189;0.2035135135;0.05216216216;0.05567567568,0.3369544871;23.99735537;0.2191119648;1.264657746;7.160327166;1.52136054;23.99973208;0.3438720469;13.19560497;0.2738400263;23.99364562;23.9999822
Ji'24-style Greedy-Safe,4,1,534.7872972972973,30.045135135135133,27.76828378378378,49.0,88.0,72.18693693693693,0.0783108108108108,0.0296171171171171,0.1216891891891892,0.0332432432432432,0.7169216231357527,32.0,345.0,0.3445045045045045,3824,11100,0.2817949457338638,0.4040765154083799,23.999963367608224,0.4064864864864865,True,True,0.5605092249;0.2181252996;0.2316669551;0.3707979081;0.95;0.95;0.2020086086;0.95;0.325972712;0.8362721814;0.2993435181;0.2334007936,0.8400796556;2.072097608;1.953264399;1.254604531;0.2976063768;0.2276934429;2.237061952;0.2579608484;1.414030367;0.4910760745;1.530799061;1.939147999,9.165945946;30.04513514;21.69216216;15.13702703;4.336756757;4.044054054;25.90540541;4.386756757;13.4072973;6.229189189;14.19891892;22.44945946,0.2536132366;0.3970587039;0.4001552471;0.3862147461;0.07617114562;0.06246184989;0.400252706;0.0646296504;0.4008967175;0.1388285335;0.3971802968;0.4040765154,0.1416216216;0.04;0.04540540541;0.1002702703;0.2191891892;0.2402702703;0.03324324324;0.2197297297;0.09;0.207027027;0.07486486486;0.04864864865,7.561513457;23.99874277;23.99988006;23.99002979;0.2976063768;0.2276934429;23.99943658;0.2579608484;23.99946182;0.9464564472;23.99875468;23.99996337
Ji'24-style Greedy-Safe,4,2,426.3016216216216,24.677297297297297,22.7844054054054,38.0,62.0,52.66306306306306,0.0413513513513513,0.0112612612612612,0.1324324324324324,0.0343243243243243,0.836834666773551,27.0,132.0,0.207027027027027,2298,11100,0.2404727820100997,0.4016140241337171,23.99999966756001,0.4064864864864865,True,True,0.2983974043;0.4720337023;0.7619171253;0.95;0.6042558466;0.7527600943;0.6803453125;0.2438339011;0.7053294905;0.1925045361;0.95;0.2931742638,1.535332493;0.9986066978;0.5764720931;0.328976203;0.7746227687;0.5870535051;0.6736618433;1.858825842;0.6430324214;2.34929577;0.2710575607;1.560894842,15.58702703;9.183513514;7.081621622;5.082432432;9.270540541;6.940540541;7.483783784;21.23567568;7.643243243;24.6772973;4.964324324;14.71594595,0.3971116745;0.266385084;0.1500385475;0.08082145095;0.2194066653;0.1567591522;0.1733313716;0.3978892073;0.1744877165;0.4006501705;0.06717831977;0.4016140241,0.06945945946;0.1262162162;0.1762162162;0.2018918919;0.1435135135;0.1762162162;0.1643243243;0.04648648649;0.1664864865;0.03432432432;0.2086486486;0.07540540541,23.99791679;10.35262772;1.941193024;0.328976203;5.943209836;1.335267526;2.46295659;23.97734245;2.916389057;23.99999967;0.2710575607;23.99838122
Ji'24-style Greedy-Safe,4,3,513.9908108108108,21.77189189189189,20.9512027027027,44.0,68.0,58.8018018018018,0.0611261261261261,0.0158783783783783,0.1057657657657657,0.0478378378378378,0.7319582920427953,36.0,156.0,0.3119819819819819,3463,11100,0.3192815387587016,0.4026833836301756,23.99955092536186,0.4064864864864865,True,True,0.2469621281;0.8215561338;0.8932287906;0.3220866759;0.225348274;0.2465631425;0.4834834838;0.2778755806;0.2645088005;0.3014458345;0.9387067142;0.2969367479,1.836175919;0.5080937316;0.4222105672;1.429873819;2.006740312;1.839030251;0.9755450403;1.641436133;1.719737046;1.520828652;0.3585144156;1.542388958,17.02756757;6.104864865;4.721621622;12.48864865;20.27972973;21.77189189;10.70135135;15.33513514;18.27405405;16.60135135;4.703783784;16.89324324,0.3975072732;0.1396571149;0.1089759707;0.4026833836;0.4002633378;0.3991192679;0.3026826233;0.3997118799;0.4015818399;0.3958264843;0.08943481233;0.3939344772,0.05405405405;0.2002702703;0.2172972973;0.08864864865;0.04783783784;0.05027027027;0.1297297297;0.07081081081;0.05621621622;0.06891891892;0.2135135135;0.07162162162,23.99954416;1.297124779;0.4666317017;23.99933929;23.99955093;23.9965929;17.64625657;23.99929074;23.99358099;23.99865181;0.3585144156;23.99723962
Ji'24-style Greedy-Safe,4,4,496.9416216216216,25.12972972972973,22.530608108108105,41.0,65.0,56.08873873873874,0.0509684684684684,0.0134009009009009,0.1017567567567567,0.0448648648648648,0.8795091579182488,34.0,144.0,0.1458558558558558,1619,11100,0.2848153553786783,0.4048523121914404,23.998358343440252,0.4064864864864865,True,True,0.662118963;0.6741961796;0.3640876;0.2460798207;0.2372011855;0.4128728207;0.5024050881;0.4159209977;0.2309431598;0.4380235493;0.7287104513;0.5641011845,0.6966749552;0.6813572012;1.27608378;1.842501298;1.908996959;1.13470463;0.9393093506;1.126874486;1.959226317;1.072981387;0.6151471375;0.8344446437,7.96027027;8.321351351;13.61243243;17.56459459;25.12972973;12.48081081;11.3172973;12.17486486;20.40405405;13.99864865;8.188918919;9.101081081,0.1815120694;0.1712600533;0.3348857705;0.4048523122;0.3977936906;0.3330511429;0.2525980551;0.2826323036;0.3971404697;0.2908649545;0.1537867844;0.2174066585,0.1516216216;0.1464864865;0.0872972973;0.05594594595;0.04486486486;0.1010810811;0.1118918919;0.09405405405;0.04702702703;0.09243243243;0.1527027027;0.1356756757,3.753449373;3.701715219;23.99551877;23.99808011;23.99835834;17.6416658;8.386187012;23.13934366;23.99706359;14.67857191;1.966618512;4.744446437
Ji'24-style Greedy-Safe,4,5,435.80243243243245,24.15405405405405,21.568905405405403,38.0,66.0,55.545945945945945,0.0427702702702702,0.014054054054054,0.1231756756756756,0.0451351351351351,0.8299174043812371,29.0,149.0,0.1293693693693693,1436,11100,0.2571964081292348,0.398307167381604,23.999219776131746,0.4064864864864865,True,True,0.9411489522;0.4821824971;0.3825098869;0.7544254172;0.3523107703;0.8677360717;0.95;0.2189202535;0.8265150398;0.3376263363;0.2625732011;0.2699141276,0.3546353857;0.9781203331;1.218803669;0.5851252029;1.315645181;0.4538598372;0.2241414152;2.064668323;0.5023771293;1.368663091;1.731770293;1.687095206,5.164054054;10.8272973;11.78297297;7.284594595;12.70243243;6.404054054;4.993243243;24.15405405;6.407297297;13.44891892;19.45378378;17.80783784,0.08242876531;0.2659429879;0.3518060321;0.1464394427;0.3602023157;0.1085583665;0.05367278214;0.3961931106;0.1293960552;0.3958025697;0.3983071674;0.3976073025,0.2005405405;0.1191891892;0.09675675676;0.1708108108;0.09351351351;0.1732432432;0.1967567568;0.04513513514;0.1810810811;0.08702702703;0.05243243243;0.06162162162,0.3546353857;10.58736933;22.74877052;1.666126826;23.99306687;0.7231590234;0.2241414152;23.99921978;1.219017034;23.99347444;23.99863519;23.99342604
Ji'24-style Greedy-Safe,4,6,325.04297297297296,16.092972972972973,16.04674324324324,31.0,49.0,42.0490990990991,0.022072072072072,0.0039189189189189,0.1475,0.0678378378378378,0.9091888285863644,23.0,86.0,0.0209009009009009,232,11100,0.1800211891145899,0.3908578372702173,23.998489895166717,0.4064864864864865,True,True,0.6600953202;0.4082536129;0.95;0.8542797728;0.5796663152;0.95;0.7238759829;0.298421524;0.95;0.3698913443;0.95;0.5870736138,0.6992694381;1.146768836;0.2551559305;0.4699577518;0.8105930222;0.2156180293;0.6208604762;1.535216558;0.2628816135;1.257463669;0.2571157349;0.7995478023,8.098918919;13.83540541;4.994054054;6.312972973;10.08108108;5.042972973;8.672702703;16.09297297;4.791891892;16.00891892;4.768918919;10.11405405,0.1872908144;0.3263642121;0.05847898083;0.1154571882;0.2037436515;0.04988352245;0.1374283054;0.3908578373;0.06003647659;0.3571876529;0.06045694306;0.2130686846,0.1440540541;0.09459459459;0.1978378378;0.1848648649;0.1227027027;0.1943243243;0.1381081081;0.06783783784;0.1989189189;0.08243243243;0.2037837838;0.1405405405,4.483197077;19.20613018;0.2551559305;0.8197465107;4.558895334;0.2156180293;2.650325715;23.9984899;0.2628816135;23.98295859;0.2571157349;4.795025826
Ji'24-style Greedy-Safe,4,7,377.7448648648648,32.36054054054054,23.580756756756745,37.0,71.0,57.58918918918919,0.042072072072072,0.0156756756756756,0.1528828828828829,0.0308108108108108,0.8470735271819069,22.0,202.0,0.1565765765765766,1738,11100,0.1978258858832584,0.4001318244545934,23.99999020533125,0.4064864864864865,True,True,0.95;0.8194645516;0.5139536145;0.1957148488;0.2668165055;0.95;0.9166527097;0.2817874583;0.4060368001;0.95;0.95;0.8957240492,0.2129344738;0.5105004868;0.9182376412;2.309972111;1.705631049;0.2143947682;0.3910280632;1.619983796;1.152645744;0.2643493157;0.2202876177;0.4190042049,5.081081081;5.668648649;10.07918919;32.36054054;16.36972973;5.006756757;5.399459459;16.3972973;10.91027027;4.922432432;4.803783784;5.58027027,0.05190997173;0.1262453907;0.2757194647;0.3995627435;0.4001318245;0.05249774594;0.1011388801;0.394487946;0.3433015162;0.06494419674;0.0553695904;0.1086013601,0.2067567568;0.1867567568;0.1310810811;0.03081081081;0.06513513514;0.2051351351;0.2056756757;0.06675675676;0.1137837838;0.2045945946;0.2145945946;0.2035135135,0.2129344738;0.9525024341;10.86536688;23.99909524;23.99999021;0.2143947682;0.3910280632;23.99935185;23.68574035;0.2643493157;0.2202876177;0.5520336396
Ji'24-style Greedy-Safe,4,8,433.6851351351351,24.09243243243243,22.46666216216216,40.0,71.0,58.9472972972973,0.0495045045045045,0.0177027027027027,0.1372297297297297,0.0391891891891891,0.8125348490463409,25.0,149.0,0.1823423423423423,2024,11100,0.2334013235555532,0.3987491497171563,23.998847492737383,0.4064864864864865,True,True,0.924502767;0.7675714746;0.2938168902;0.223720696;0.8564804989;0.95;0.4732619221;0.198994158;0.3554966144;0.365156396;0.95;0.8950142286,0.3798996382;0.5699618165;1.557699888;2.021057334;0.4673466129;0.2347890628;0.9960890923;2.271318822;1.304697623;1.272612991;0.2590903055;0.4199186836,4.804324324;7.395945946;18.06810811;21.13648649;6.028648649;4.929459459;10.58540541;24.09243243;14.83189189;14.38486486;4.582432432;5.219189189,0.09507758512;0.1572786526;0.3944769717;0.3987491497;0.1132999761;0.05780887466;0.2815970785;0.3971738588;0.3670784392;0.3632106265;0.06316201501;0.1119026546,0.2040540541;0.1772972973;0.06162162162;0.04756756757;0.1854054054;0.2083783784;0.1232432432;0.03918918919;0.09081081081;0.08891891892;0.2110810811;0.2091891892,0.3798996382;2.149427248;23.99787465;23.9822486;0.7367330643;0.2347890628;14.09440549;23.99884749;23.99184623;23.95929364;0.2590903055;0.4995934181
Ji'24-style Greedy-Safe,4,9,525.9705405405406,29.25162162162162,25.84548648648648,46.0,75.0,63.36981981981982,0.0669144144144144,0.022027027027027,0.123581081081081,0.0337837837837837,0.7524188128488731,30.0,154.0,0.3066666666666666,3404,11100,0.2610104010565944,0.4000221021623656,23.999493627997285,0.4064864864864865,True,True,0.3257577326;0.6871221964;0.2523803769;0.1963495047;0.5437054116;0.2493362779;0.95;0.4363495231;0.95;0.6652629851;0.95;0.2127973752,1.414897118;0.6652565043;1.798374164;2.302374716;0.8671448273;1.819394726;0.209506079;1.076896197;0.2790122724;0.6926602831;0.247425482;2.123503268,15.25108108;7.511351351;19.31081081;29.25162162;10.53513514;21.52540541;4.262972973;10.01;4.667837838;7.651351351;4.442432432;23.05864865,0.3889055051;0.1806980505;0.3927260337;0.3994931264;0.2517063634;0.3982999265;0.0533957385;0.3291809726;0.07141205998;0.2034923588;0.06279257502;0.4000221022,0.07378378378;0.1656756757;0.04945945946;0.03378378378;0.1254054054;0.04837837838;0.2221621622;0.1216216216;0.2137837838;0.1713513514;0.22;0.03756756757,23.99810689;5.166156103;23.99356324;23.99949363;8.210041374;23.99902311;0.209506079;19.29101745;0.2790122724;3.482564529;0.247425482;23.99864068
Ji'24-style Greedy-Safe,4,10,593.7986486486486,28.004594594594597,26.91678378378378,51.0,96.0,75.60855855855856,0.0845495495495495,0.034009009009009,0.0977252252252252,0.0381081081081081,0.7944327194060468,38.5,213.0,0.2766666666666666,3071,11100,0.3108824545280553,0.4006641867433879,23.99932791907414,0.4064864864864865,True,True,0.2210551088;0.5230742899;0.4621770162;0.8877431859;0.3493760462;0.4491418585;0.5565464418;0.34857734;0.2223217792;0.6900300697;0.2104662511;0.2177243916,2.045012567;0.9021077578;1.019211399;0.4291816563;1.325898395;1.047619095;0.8463561798;1.328717478;2.03354937;0.6616731043;2.146920017;2.075867389,23.21378378;11.86945946;11.67378378;5.562162162;15.3727027;11.81594595;10.85621622;15.04486486;28.00459459;7.991621622;23.85216216;26.02675676,0.4001592157;0.261123624;0.2864810419;0.104279543;0.3590676193;0.3298584447;0.2356072609;0.3774275864;0.4006641867;0.1766846019;0.3992110734;0.4000252563,0.04378378378;0.117027027;0.1124324324;0.1972972973;0.08756756757;0.1210810811;0.1327027027;0.08540540541;0.03810810811;0.1591891892;0.03837837838;0.03972972973,23.99890821;8.740047399;13.71082177;0.6042715941;23.99851331;16.4571447;12.9906854;23.94869914;23.99801714;2.863423461;23.99932792;23.99599233
Ji'24-style Greedy-Safe,4,11,450.01378378378377,24.78918918918919,22.754040540540537,41.0,66.0,56.42432432432432,0.0511036036036036,0.0141891891891891,0.1163513513513513,0.0386486486486486,0.8499633103258498,31.0,132.0,0.1144144144144144,1270,11100,0.2585538779839688,0.3993988410668423,23.99948207835919,0.4064864864864865,True,True,0.95;0.2935060875;0.6227889451;0.4312530983;0.6153269509;0.4183303984;0.9434799305;0.4987828682;0.6260188518;0.4351735249;0.2492611008;0.2092716103,0.3358641596;1.559243329;0.7487311135;1.088976442;0.7590395275;1.120756955;0.3508668233;0.9460759936;0.7443154627;1.079661914;1.819920828;2.159149808,5.097027027;16.44918919;8.445135135;11.67837838;9.427837838;13.6427027;5.213783784;12.02783784;10.68594595;11.27972973;21.08891892;24.78918919,0.07743030491;0.3864394952;0.1926464919;0.3181577119;0.1899650277;0.3204759076;0.08468218196;0.2554405183;0.177428713;0.3072659448;0.3993988411;0.3933153974,0.2005405405;0.07;0.1556756757;0.1008108108;0.1354054054;0.09594594595;0.1964864865;0.1064864865;0.1310810811;0.1127027027;0.05243243243;0.03864864865,0.3358641596;23.99948208;8.256857859;18.40472789;6.38079055;23.65677159;0.3508668233;14.74405183;8.273779344;13.67120977;23.99696081;23.99243021
Ji'24-style Greedy-Safe,4,12,483.2159459459459,25.440270270270272,22.09879729729729,41.0,70.0,59.14144144144144,0.0504729729729729,0.0150675675675675,0.1087837837837837,0.0494594594594594,0.8579218791647766,32.94999999999982,132.0,0.1016216216216216,1128,11100,0.2800266150394677,0.3986648155450766,23.999405237998086,0.4064864864864865,True,True,0.2277146089;0.9318683167;0.4490225566;0.364868936;0.3264467419;0.2532754659;0.5108922966;0.7249468559;0.885090931;0.3371942215;0.4510893652;0.3770521179,1.986329388;0.369039043;1.047885528;1.273544601;1.412123145;1.792296255;0.9237509324;0.6195927545;0.4325165816;1.370290719;1.043286736;1.235229773,19.36486486;5.282702703;12.17243243;15.05567568;13.94891892;25.44027027;10.85;7.391621622;6.06;15.34135135;12.47351351;12.39027027,0.3972658776;0.08288417425;0.2968064956;0.3596902995;0.3824182139;0.3986648155;0.2391765928;0.144348366;0.1038039796;0.3622011684;0.2695627351;0.3234966621,0.05027027027;0.1897297297;0.1062162162;0.08513513514;0.08567567568;0.04945945946;0.12;0.1554054054;0.182972973;0.0772972973;0.1051351351;0.09810810811,23.99913984;0.369039043;23.95484878;23.89786387;23.97600888;23.99940524;9.922520513;1.537149282;0.5625829082;23.94360781;14.63888167;20.51597409
Ji'24-style Greedy-Safe,4,13,332.96405405405403,24.45756756756757,19.370513513513508,31.0,58.0,47.42972972972973,0.0263963963963963,0.0088738738738738,0.1506531531531531,0.0443243243243243,0.9014412148996228,23.0,119.0,0.0627927927927927,697,11100,0.1849965573334901,0.3996730160960896,23.99651180893651,0.4064864864864865,True,True,0.931036637;0.7159624459;0.6775674106;0.3509019354;0.95;0.7562371291;0.2357345475;0.5713184825;0.95;0.8385292043;0.9458583108;0.3749843981,0.3702883284;0.6302691506;0.6771299559;1.320546841;0.2764601871;0.5830294735;1.920506701;0.8232731646;0.2265612916;0.488449848;0.3469497415;1.241568686,5.908648649;7.457027027;8.580540541;15.20837838;5.128648649;6.736486486;24.45756757;9.322972973;4.906486486;6.262702703;5.565945946;12.83297297,0.08986997809;0.1682988975;0.1661713513;0.3611874063;0.06762066739;0.1474906992;0.3996730161;0.2334090675;0.0566403229;0.1233005833;0.07342206691;0.3328746315,0.1845945946;0.1645945946;0.1491891892;0.0827027027;0.2054054054;0.1689189189;0.04432432432;0.1362162162;0.2116216216;0.187027027;0.1786486486;0.09459459459,0.3702883284;2.702691506;2.617039647;23.99445099;0.2764601871;1.464235788;23.99651181;10.22837544;0.2265612916;0.8422492401;0.3469497415;17.49176963
Ji'24-style Greedy-Safe,4,14,476.4005405405405,23.365135135135134,20.40554054054053,40.0,65.0,55.54369369369369,0.0477027027027027,0.0130405405405405,0.1082657657657657,0.0421621621621621,0.8595944091364894,33.0,149.0,0.1227027027027027,1362,11100,0.2769324663160142,0.4001456415538339,23.998696386887723,0.4064864864864865,True,True,0.3969158517;0.64914127;0.685168137;0.2123384503;0.8391928019;0.2547057577;0.6450583303;0.3536782427;0.3495021855;0.2638904463;0.8142278578;0.4332858251,1.177446822;0.7134614509;0.6676722331;2.128067317;0.4876767217;1.782678959;0.7188179662;1.310923092;1.325454306;1.723560971;0.5165166625;1.084128614,12.16945946;8.570810811;8.525675676;23.36513514;6.367027027;17.33702703;9.179189189;16.91486486;14.76837838;17.98405405;6.198648649;12.67540541,0.3261845925;0.1897421805;0.1750383962;0.3997315635;0.1178332403;0.3950802018;0.192720925;0.3642240375;0.3550068156;0.4001456416;0.1203344224;0.2871475789,0.0972972973;0.1454054054;0.1443243243;0.04216216216;0.1756756757;0.05756756757;0.1345945946;0.08081081081;0.08432432432;0.06162162162;0.1748648649;0.1005405405,16.87829829;7.403843528;4.018100196;23.99869639;1.276767217;23.99722353;4.376359323;23.93600157;23.98723998;23.99185215;0.9825833124;16.3556012
Ji'24-style Greedy-Safe,4,15,429.1572972972973,30.045675675675675,24.32849999999999,40.0,69.0,57.652252252252254,0.0484684684684684,0.0166666666666666,0.135563063063063,0.0286486486486486,0.843114438542299,26.0,129.0,0.1978378378378378,2196,11100,0.2346716570570071,0.3996287562421595,23.99943153658529,0.4064864864864865,True,True,0.95;0.6682774533;0.3936552323;0.8783623152;0.2542081145;0.6112416568;0.1961261937;0.2603661895;0.4858854259;0.9440218225;0.777121657;0.6438927182,0.2609434761;0.6888292002;1.186565108;0.4408835581;1.786011998;0.7647485898;2.305041448;1.74572184;0.9708198352;0.349980936;0.5589976316;0.7203540735,4.670810811;6.73972973;11.20864865;6.021081081;19.65081081;7.551621622;30.04567568;18.43675676;10.26297297;5.116756757;7.331351351;9.47027027,0.06326116163;0.1897072851;0.3489142803;0.1049779499;0.398715111;0.2112359618;0.3993328562;0.3996287562;0.2907211831;0.08427919298;0.1411091319;0.1841770145,0.2113513514;0.1775675676;0.1132432432;0.1818918919;0.05459459459;0.1624324324;0.02864864865;0.05594594595;0.1327027027;0.2048648649;0.1675675676;0.1359459459,0.2609434761;2.377121202;23.84612265;0.7270684645;23.99943154;7.553966155;23.99896785;23.9962346;11.58721654;0.349980936;1.430978684;3.044248882
Ji'24-style Greedy-Safe,4,16,516.0748648648648,28.225675675675674,26.414689189189183,47.0,82.0,67.68198198198198,0.0682207207207207,0.0256306306306306,0.1240765765765765,0.0345945945945945,0.7853514604667202,30.0,179.0,0.3042342342342342,3377,11100,0.2712666171083872,0.4024444932970119,23.99967441619618,0.4064864864864865,True,True,0.3932789834;0.7735119064;0.901603995;0.8416273572;0.2260479039;0.7045979448;0.6624829137;0.1982197585;0.7522839954;0.3841282698;0.2247729528;0.2144342016,1.187626136;0.5631378354;0.4113518347;0.4848363331;2.00065631;0.6439160289;0.6962092138;2.280313362;0.5876051337;1.214015836;2.011774821;2.107404393,14.16432432;7.327297297;5.053243243;6.244594595;18.62513514;6.476216216;7.59027027;28.22567568;6.248648649;11.26135135;23.27324324;24.93297297,0.3524360804;0.1655929635;0.1055061868;0.115443462;0.3985091083;0.1768158609;0.2058521297;0.4024444933;0.1607179447;0.3724075604;0.3996363495;0.3998372659,0.1002702703;0.1835135135;0.2051351351;0.1783783784;0.04891891892;0.1824324324;0.1683783784;0.03459459459;0.1881081081;0.1164864865;0.04297297297;0.03972972973,23.99569884;3.057272897;0.4681110082;0.8241816656;23.99903655;3.014824404;6.9900672;23.99939081;1.713235936;23.89859706;23.99338371;23.99967442
Ji'24-style Greedy-Safe,4,17,427.9043243243243,27.37189189189189,27.33472972972973,43.0,76.0,62.7990990990991,0.0575225225225225,0.0225,0.147545045045045,0.0305405405405405,0.8139551746188677,23.0,149.0,0.1968468468468468,2185,11100,0.2120659833657994,0.399852701331665,23.9996959377218,0.4064864864864865,True,True,0.6058267012;0.4606290406;0.8627452041;0.95;0.8920394043;0.9329954481;0.2434414901;0.2237143759;0.7874097494;0.2072792387;0.95;0.5223938409,0.772389876;1.022513998;0.4598691245;0.2139841101;0.4237308779;0.3673358894;1.861711545;2.021113381;0.5472165522;2.179902851;0.241873434;0.9032962107,8.668378378;10.94864865;4.767297297;4.084324324;5.385945946;4.969459459;22.14648649;27.30432432;6.587297297;27.37189189;4.591621622;9.126216216,0.2100065447;0.2810531719;0.1196902613;0.05771787619;0.109597419;0.09242965216;0.3949847467;0.3998527013;0.1502627073;0.3994524684;0.05948779052;0.2702564609,0.1443243243;0.12;0.2116216216;0.2272972973;0.1989189189;0.2121621622;0.05081081081;0.03054054054;0.1910810811;0.03540540541;0.2110810811;0.1372972973,6.675407644;10.40787795;0.5796073736;0.2139841101;0.5186543897;0.3673358894;23.99944623;23.9985087;1.619382075;23.99969594;0.241873434;13.04832948
Ji'24-style Greedy-Safe,4,18,350.87783783783783,25.234864864864864,22.29191891891892,34.0,64.0,52.71396396396396,0.034054054054054,0.0116666666666666,0.1588063063063063,0.0454054054054054,0.8572999007657526,21.0,192.0,0.1436036036036036,1594,11100,0.1904211792346761,0.3995300245440721,23.999626106395663,0.4064864864864865,True,True,0.95;0.2298402862;0.2514208534;0.95;0.8064515181;0.2889292384;0.86964094;0.95;0.4229897239;0.9113191376;0.93510967;0.8418183031,0.2641897105;1.968390267;1.804941085;0.3377909827;0.5254308787;1.582364629;0.451552802;0.2372894534;1.10910177;0.3983676074;0.3641087485;0.4846132827,4.751081081;25.23486486;19.88405405;4.527027027;6.882162162;14.81918919;5.791891892;4.577837838;10.68432432;4.86027027;5.431351351;6.487837838,0.0680467011;0.3995300245;0.3917209976;0.08353479707;0.1323517781;0.3908868299;0.1186241415;0.06066914132;0.318641941;0.09851523265;0.09378260467;0.1287499613,0.212972973;0.04540540541;0.05;0.2102702703;0.1843243243;0.07486486486;0.1983783784;0.2140540541;0.1113513514;0.202972973;0.2072972973;0.1937837838,0.2641897105;23.99962611;23.99832697;0.3377909827;1.027154393;23.99756553;0.709316812;0.2372894534;17.65520799;0.3983676074;0.3641087485;1.838425806
Ji'24-style Greedy-Safe,4,19,507.1181081081081,25.615135135135134,24.641783783783783,42.0,67.0,57.44594594594594,0.0548873873873873,0.0152702702702702,0.1034909909909909,0.0343243243243243,0.8369347169496004,34.0,124.0,0.1455855855855856,1616,11100,0.2952187325101127,0.4000797943416391,23.999147434505083,0.4064864864864865,True,True,0.8339118425;0.4218873338;0.3658373363;0.3670076204;0.481511622;0.1930715746;0.2120595117;0.3057773787;0.5446939528;0.4653449839;0.3623629999;0.8770434254,0.4938172966;1.111838862;1.270411673;1.266646367;0.9794527448;2.342239302;2.1308523;1.500722279;0.8655191693;1.012509865;1.281724896;0.4425090154,6.214594595;12.22702703;16.31027027;12.23540541;11.78567568;25.61513514;23.84540541;15.14567568;9.186756757;10.03486486;13.18405405;5.586216216,0.1210519697;0.2839696554;0.3539984959;0.3745165205;0.2551871476;0.4000797943;0.3973751586;0.3974886036;0.234391948;0.2788506898;0.3453728976;0.1003419092,0.1835135135;0.09972972973;0.08243243243;0.09864864865;0.1078378378;0.03432432432;0.03864864865;0.07540540541;0.132972973;0.1172972973;0.08432432432;0.1867567568,1.056721076;13.70781042;23.96398126;23.99914743;10.62467686;23.99903627;23.99734118;23.9989522;9.906940894;11.01282553;23.92731489;0.5700360617
Ji'24-style Greedy-Safe,8,0,392.6121621621622,19.83054054054054,19.823702702702704,36.0,59.0,50.424774774774775,0.0370495495495495,0.0092117117117117,0.1442342342342342,0.0481081081081081,0.8316302958334144,25.0,108.0,0.2441441441441441,2710,11100,0.2200760700361058,0.4019375377090944,23.999982200446915,0.4064864864864865,True,True,0.95;0.2315765095;0.95;0.8081176242;0.6281327393;0.795200025;0.3394136806;0.9476946562;0.5005847781;0.95;0.23436609;0.2528380647,0.3369544871;1.95400716;0.2191119648;0.5235225351;0.7414402559;0.5383055036;1.361973486;0.3438720469;0.9427001774;0.2738400263;1.931388168;1.795260579,4.909189189;19.81810811;4.977567568;6.399189189;9.517297297;6.148648649;13.63756757;5.277567568;11.02459459;4.623243243;19.83054054;19.23243243,0.08378327788;0.3992511926;0.05708754974;0.1375307849;0.2013912047;0.1462154138;0.401598128;0.08234341447;0.264975185;0.0640193575;0.4019375377;0.4007797942,0.2105405405;0.04810810811;0.2108108108;0.1959459459;0.1437837838;0.1972972973;0.09189189189;0.2;0.122972973;0.2051351351;0.04918918919;0.05513513514,0.3369544871;23.99735537;0.2191119648;1.141135211;4.428805119;1.091527518;23.99973208;0.3438720469;7.682104081;0.2738400263;23.99611575;23.9999822
Ji'24-style Greedy-Safe,8,1,542.977027027027,30.623513513513515,27.802756756756757,49.0,85.0,69.80405405405405,0.0803603603603603,0.0288738738738738,0.1222522522522522,0.0281081081081081,0.7164524447598507,33.0,157.0,0.3937837837837837,4371,11100,0.2819262610307235,0.4040765154083799,23.99996336760821,0.4064864864864865,True,True,0.5605092249;0.2181252996;0.2316669551;0.3707979081;0.95;0.95;0.2020086086;0.95;0.325972712;0.8362721814;0.2993435181;0.2334007936,0.8400796556;2.072097608;1.953264399;1.254604531;0.2976063768;0.2276934429;2.237061952;0.2579608484;1.414030367;0.4910760745;1.530799061;1.939147999,10.30243243;25.49486486;19.50567568;13.68486486;4.301891892;4.035135135;30.62351351;4.304594595;13.93864865;6.219459459;15.75567568;22.87081081,0.253386188;0.3970587039;0.4001552471;0.3899446515;0.07488419912;0.06264646619;0.3996480947;0.06483880784;0.4008967175;0.1392267033;0.3963528378;0.4040765154,0.142972973;0.04432432432;0.0472972973;0.1045945946;0.2159459459;0.2397297297;0.02810810811;0.2235135135;0.08864864865;0.2105405405;0.07378378378;0.04756756757,5.04127449;23.99874277;23.99858133;23.99262915;0.2976063768;0.2276934429;23.99809117;0.2579608484;23.99946182;1.037532522;23.99968316;23.99996337
Ji'24-style Greedy-Safe,8,2,460.2137837837838,31.30216216216216,26.367621621621616,40.0,75.0,61.226126126126125,0.0498873873873873,0.0177027027027027,0.1340765765765766,0.0318918918918918,0.8296912867991603,27.0,202.0,0.2552252252252252,2833,11100,0.2405718859670904,0.4037233414873606,23.999999667560022,0.4064864864864865,True,True,0.2983974043;0.4720337023;0.7619171253;0.95;0.6042558466;0.7527600943;0.6803453125;0.2438339011;0.7053294905;0.1925045361;0.95;0.2931742638,1.535332493;0.9986066978;0.5764720931;0.328976203;0.7746227687;0.5870535051;0.6736618433;1.858825842;0.6430324214;2.34929577;0.2710575607;1.560894842,15.83297297;9.073513514;6.88027027;4.890540541;10.05702703;6.937567568;7.502702703;22.33027027;7.660540541;31.30216216;4.928108108;15.40405405,0.4000163576;0.2674646588;0.1514407769;0.08064362597;0.2183598778;0.1540618793;0.1755162208;0.3963820512;0.172402206;0.3993802809;0.06747135497;0.4037233415,0.06810810811;0.1343243243;0.1872972973;0.2024324324;0.1421621622;0.1735135135;0.1713513514;0.04594594595;0.1675675676;0.03189189189;0.2127027027;0.07162162162,23.99061455;7.54984112;1.458832559;0.328976203;3.695473224;1.335267526;2.315632903;23.97730313;1.615162107;23.99999967;0.2710575607;23.99838122
Ji'24-style Greedy-Safe,8,3,530.0786486486486,23.963243243243245,21.952770270270268,46.0,72.0,62.52387387387388,0.071509009009009,0.0202027027027027,0.1074774774774774,0.0478378378378378,0.7419896859060181,37.0,188.0,0.3676576576576577,4081,11100,0.3197791468100657,0.4034562883972201,23.99965362138846,0.4064864864864865,True,True,0.2469621281;0.8215561338;0.8932287906;0.3220866759;0.225348274;0.2465631425;0.4834834838;0.2778755806;0.2645088005;0.3014458345;0.9387067142;0.2969367479,1.836175919;0.5080937316;0.4222105672;1.429873819;2.006740312;1.839030251;0.9755450403;1.641436133;1.719737046;1.520828652;0.3585144156;1.542388958,19.81972973;6.153243243;4.850540541;13.49135135;20.30783784;23.96324324;10.94810811;16.16135135;18.49108108;15.74405405;4.835135135;17.01243243,0.3989960645;0.1384212112;0.1096606365;0.4034562884;0.4002633378;0.3996163031;0.2945091378;0.4001555113;0.4015818399;0.4015809711;0.08933791654;0.3997705436,0.05027027027;0.2035135135;0.2172972973;0.09378378378;0.05054054054;0.04783783784;0.1332432432;0.07054054054;0.06;0.07648648649;0.2097297297;0.07648648649,23.99694291;0.9404686578;0.5110528362;23.99413353;23.99955093;23.9985151;11.58862601;23.99858148;23.99621054;23.99865181;0.3585144156;23.99965362
Ji'24-style Greedy-Safe,8,4,495.2743243243243,23.203513513513517,21.85408108108108,42.0,66.0,56.63873873873874,0.0557657657657657,0.0141216216216216,0.1061036036036036,0.0443243243243243,0.8764046510077724,34.0,112.0,0.1802702702702702,2001,11100,0.284804704009205,0.4033583922202543,23.99977447094785,0.4064864864864865,True,True,0.662118963;0.6741961796;0.3640876;0.2460798207;0.2372011855;0.4128728207;0.5024050881;0.4159209977;0.2309431598;0.4380235493;0.7287104513;0.5641011845,0.6966749552;0.6813572012;1.27608378;1.842501298;1.908996959;1.13470463;0.9393093506;1.126874486;1.959226317;1.072981387;0.6151471375;0.8344446437,8.363783784;8.245945946;14.88540541;19.8627027;23.20351351;11.68567568;11.35027027;12.97054054;20.75;13.1027027;7.623783784;9.131621622,0.1832066842;0.1729174086;0.3438528457;0.4033583922;0.3998574711;0.3143438503;0.2500593812;0.2932919271;0.3981995109;0.2841950702;0.1524567365;0.2219171701,0.1543243243;0.1545945946;0.0927027027;0.05135135135;0.04918918919;0.1081081081;0.117027027;0.1010810811;0.04432432432;0.1018918919;0.1602702703;0.1383783784,3.946799283;2.932214811;18.11076475;23.99787247;23.99835834;9.90232039;5.132402856;9.918113183;23.99977447;11.73260913;1.906029962;3.510001793
Ji'24-style Greedy-Safe,8,5,427.32594594594593,22.036486486486485,20.24482432432432,38.0,60.0,51.25405405405405,0.0430405405405405,0.0097072072072072,0.1254279279279279,0.0448648648648648,0.8336599561549657,29.0,96.0,0.1595495495495495,1771,11100,0.2578205041035823,0.39943118921597,23.999805493476877,0.4064864864864865,True,True,0.9411489522;0.4821824971;0.3825098869;0.7544254172;0.3523107703;0.8677360717;0.95;0.2189202535;0.8265150398;0.3376263363;0.2625732011;0.2699141276,0.3546353857;0.9781203331;1.218803669;0.5851252029;1.315645181;0.4538598372;0.2241414152;2.064668323;0.5023771293;1.368663091;1.731770293;1.687095206,5.207027027;10.98108108;11.69918919;7.354864865;13.03918919;6.587027027;4.815135135;22.03648649;6.513513514;13.46135135;18.34081081;18.77891892,0.08233291791;0.2707014111;0.3485119681;0.1445417393;0.3694473899;0.1073317183;0.05300641577;0.3984251844;0.1295318328;0.3932132071;0.3973710753;0.3994311892,0.1989189189;0.1221621622;0.1024324324;0.1718918919;0.09594594595;0.177027027;0.2021621622;0.04486486486;0.1835135135;0.08945945946;0.05837837838;0.05837837838,0.3546353857;9.828045663;15.77266785;1.510751217;23.74274398;0.6692991862;0.2241414152;23.99960989;0.8190170342;23.99710976;23.999585;23.99980549
Ji'24-style Greedy-Safe,8,6,332.107027027027,18.38243243243243,16.847783783783782,31.0,53.0,44.81171171171171,0.0247072072072072,0.0062162162162162,0.1512162162162162,0.0667567567567567,0.9146145672841876,23.0,107.0,0.0265765765765765,295,11100,0.1789327255246327,0.3891981436936982,23.99848989516676,0.4064864864864865,True,True,0.6600953202;0.4082536129;0.95;0.8542797728;0.5796663152;0.95;0.7238759829;0.298421524;0.95;0.3698913443;0.95;0.5870736138,0.6992694381;1.146768836;0.2551559305;0.4699577518;0.8105930222;0.2156180293;0.6208604762;1.535216558;0.2628816135;1.257463669;0.2571157349;0.7995478023,8.518108108;13.38081081;4.814324324;6.36972973;9.982972973;5.041621622;8.779189189;18.38243243;4.486486486;15.59216216;4.856486486;10.05297297,0.1871018226;0.318615774;0.05882378615;0.1155842038;0.200895622;0.0503497236;0.1412877084;0.3891981437;0.0613864092;0.3527695373;0.06156879489;0.2096111806,0.1548648649;0.09810810811;0.1991891892;0.1891891892;0.1302702703;0.1959459459;0.1454054054;0.06675675676;0.2024324324;0.08675675676;0.2021621622;0.1435135135,2.989772134;11.06922091;0.2551559305;1.029619766;2.948302311;0.2156180293;1.504302381;23.9984899;0.2628816135;23.96274746;0.2571157349;3.995025826
Ji'24-style Greedy-Safe,8,7,383.20216216216215,27.800540540540545,23.69858108108108,38.0,67.0,55.73108108108108,0.0428153153153153,0.0140315315315315,0.1546846846846847,0.0321621621621621,0.8458828226556047,22.0,157.0,0.1908108108108108,2118,11100,0.198182119307446,0.4015147685483305,23.999990205331457,0.4064864864864865,True,True,0.95;0.8194645516;0.5139536145;0.1957148488;0.2668165055;0.95;0.9166527097;0.2817874583;0.4060368001;0.95;0.95;0.8957240492,0.2129344738;0.5105004868;0.9182376412;2.309972111;1.705631049;0.2143947682;0.3910280632;1.619983796;1.152645744;0.2643493157;0.2202876177;0.4190042049,5.091891892;5.555135135;10.72810811;27.80054054;20.34243243;4.913243243;5.401351351;16.55756757;11.83351351;5.022972973;4.579459459;5.287297297,0.05225527087;0.1255555251;0.2801865667;0.4001870602;0.4015147685;0.05186035609;0.1002934141;0.3971149468;0.3408093092;0.06487275098;0.05572681357;0.1078086495,0.2067567568;0.1891891892;0.1372972973;0.03216216216;0.06;0.207027027;0.21;0.06675675676;0.1175675676;0.2048648649;0.2181081081;0.2064864865,0.2129344738;0.8420019473;7.874178672;23.99909524;23.99999021;0.2143947682;0.3910280632;23.99935185;17.14260104;0.2643493157;0.2202876177;0.5330294346
Ji'24-style Greedy-Safe,8,8,437.2335135135135,25.793513513513517,24.575040540540535,42.0,73.0,60.3018018018018,0.0545045045045045,0.0189864864864864,0.1392567567567567,0.0391891891891891,0.8153163499579903,25.0,131.0,0.2198198198198198,2440,11100,0.2341307200578986,0.4008570785285088,23.99994577503601,0.4064864864864865,True,True,0.924502767;0.7675714746;0.2938168902;0.223720696;0.8564804989;0.95;0.4732619221;0.198994158;0.3554966144;0.365156396;0.95;0.8950142286,0.3798996382;0.5699618165;1.557699888;2.021057334;0.4673466129;0.2347890628;0.9960890923;2.271318822;1.304697623;1.272612991;0.2590903055;0.4199186836,4.872162162;7.378648649;17.25108108;23.57810811;5.976756757;4.85027027;10.69297297;25.79351351;14.21891892;14.10837838;4.487837838;5.014054054,0.09487223397;0.1528113843;0.3978449715;0.3976566863;0.1141841454;0.05825307018;0.2754051734;0.4008570785;0.3773044476;0.3666501211;0.06330206382;0.1104272646,0.2051351351;0.1754054054;0.06324324324;0.04378378378;0.1913513514;0.2102702703;0.1248648649;0.03918918919;0.09540540541;0.09837837838;0.2143243243;0.2097297297,0.3798996382;1.249809083;23.99811445;23.9824273;0.6693864514;0.2347890628;9.302227309;23.99884749;23.99994578;23.95677943;0.2590903055;0.5195121017
Ji'24-style Greedy-Safe,8,9,517.1637837837837,28.64081081081081,25.43743243243243,45.0,72.0,61.88558558558559,0.0650675675675675,0.0208783783783783,0.1266216216216216,0.0356756756756756,0.7594852503563996,31.34999999999945,154.0,0.3625225225225225,4024,11100,0.2612388864196717,0.4000221021623656,23.99902310532188,0.4064864864864865,True,True,0.3257577326;0.6871221964;0.2523803769;0.1963495047;0.5437054116;0.2493362779;0.95;0.4363495231;0.95;0.6652629851;0.95;0.2127973752,1.414897118;0.6652565043;1.798374164;2.302374716;0.8671448273;1.819394726;0.209506079;1.076896197;0.2790122724;0.6926602831;0.247425482;2.123503268,14.93027027;8.043243243;19.69783784;28.64081081;10.23702703;20.73324324;4.219459459;9.738918919;4.587837838;7.816486486;4.227567568;22.81648649,0.3977008115;0.1745848826;0.3927260337;0.3994931264;0.2561592693;0.3992833831;0.05362223156;0.3259793893;0.0721661472;0.1999354547;0.06319380553;0.4000221022,0.08;0.1648648649;0.04918918919;0.03567567568;0.1348648649;0.05297297297;0.2259459459;0.1259459459;0.2202702703;0.1694594595;0.2224324324;0.03783783784,23.99810689;3.578847564;23.99356324;23.99895233;5.474317237;23.99902311;0.209506079;15.72205548;0.2790122724;2.155961698;0.247425482;23.99864068
Ji'24-style Greedy-Safe,8,10,595.188918918919,27.835405405405407,27.127689189189187,52.0,85.0,71.44144144144144,0.0916891891891891,0.032027027027027,0.101081081081081,0.037027027027027,0.7948749519337318,38.0,175.0,0.3425225225225225,3802,11100,0.3108645819911169,0.4028626184950664,23.999327919074208,0.4064864864864865,True,True,0.2210551088;0.5230742899;0.4621770162;0.8877431859;0.3493760462;0.4491418585;0.5565464418;0.34857734;0.2223217792;0.6900300697;0.2104662511;0.2177243916,2.045012567;0.9021077578;1.019211399;0.4291816563;1.325898395;1.047619095;0.8463561798;1.328717478;2.03354937;0.6616731043;2.146920017;2.075867389,20.51594595;13.21675676;12.28297297;5.309189189;16.42837838;11.30567568;10.57459459;14.10567568;26.54864865;8.363513514;24.43189189;27.83540541,0.4001592157;0.2599045594;0.287031967;0.1047435231;0.3658762867;0.3151351493;0.23789471;0.3777866993;0.4028626185;0.1797247216;0.399791322;0.3994642111,0.04648648649;0.1208108108;0.1183783784;0.2045945946;0.0872972973;0.1262162162;0.1354054054;0.09378378378;0.04216216216;0.1621621622;0.03702702703;0.03864864865,23.99882175;11.65058619;11.26107358;0.6042715941;23.9905828;11.54285828;12.5906854;23.99275185;23.99816954;5.143577965;23.99932792;23.99599233
Ji'24-style Greedy-Safe,8,11,467.27324324324326,26.323243243243244,24.779527027027022,44.0,75.0,62.27837837837838,0.0592567567567567,0.02009009009009,0.1196846846846846,0.041081081081081,0.8548906048906049,31.0,132.0,0.1585585585585585,1760,11100,0.2587307072382632,0.4003825820546917,23.99947758279744,0.4064864864864865,True,True,0.95;0.2935060875;0.6227889451;0.4312530983;0.6153269509;0.4183303984;0.9434799305;0.4987828682;0.6260188518;0.4351735249;0.2492611008;0.2092716103,0.3358641596;1.559243329;0.7487311135;1.088976442;0.7590395275;1.120756955;0.3508668233;0.9460759936;0.7443154627;1.079661914;1.819920828;2.159149808,5.095135135;17.37918919;8.652972973;11.66864865;9.252702703;14.03756757;5.245945946;11.96621622;10.42891892;12.50513514;23.51648649;26.32324324,0.07842881998;0.3906536664;0.1928488517;0.3131543067;0.190785611;0.317749742;0.08449252422;0.2526278599;0.1772275467;0.3084331469;0.4003825821;0.3979838295,0.2010810811;0.07297297297;0.1581081081;0.1059459459;0.14;0.09918918919;0.1975675676;0.1156756757;0.1389189189;0.1183783784;0.0472972973;0.04108108108,0.3358641596;23.99655898;3.230966703;10.09291635;5.139830077;18.99633382;0.3508668233;13.14405183;3.276101015;9.752562117;23.99854426;23.99947758
Ji'24-style Greedy-Safe,8,12,481.9286486486487,23.68081081081081,21.94251351351351,41.0,66.0,57.116216216216216,0.0510135135135135,0.0131531531531531,0.1113063063063063,0.0472972972972973,0.8591088167177418,34.0,124.0,0.1172072072072072,1301,11100,0.280019056436231,0.3991492199382055,23.99913984036917,0.4064864864864865,True,True,0.2277146089;0.9318683167;0.4490225566;0.364868936;0.3264467419;0.2532754659;0.5108922966;0.7249468559;0.885090931;0.3371942215;0.4510893652;0.3770521179,1.986329388;0.369039043;1.047885528;1.273544601;1.412123145;1.792296255;0.9237509324;0.6195927545;0.4325165816;1.370290719;1.043286736;1.235229773,20.52027027;5.011891892;12.01621622;14.01351351;14.73918919;23.68081081;10.97918919;7.446486486;6.021891892;15.26810811;12.61702703;12.65405405,0.3967290319;0.08328313538;0.3053028648;0.3590018971;0.3816549041;0.3991492199;0.2331846948;0.1438459935;0.1041546687;0.3636825637;0.2667430412;0.3234966621,0.0472972973;0.1954054054;0.1172972973;0.09567567568;0.08675675676;0.04864864865;0.1218918919;0.1559459459;0.1832432432;0.08189189189;0.1051351351;0.09648648649,23.99913984;0.369039043;22.37736065;20.31215963;23.98819582;23.99821571;3.666256527;1.278371018;0.5300663265;19.47686169;9.909021461;13.575055
Ji'24-style Greedy-Safe,8,13,333.06864864864866,23.394324324324323,19.035797297297293,32.0,56.0,46.54369369369369,0.0283558558558558,0.0075675675675675,0.153536036036036,0.0445945945945946,0.9066258196731224,23.0,105.0,0.077027027027027,855,11100,0.185653045345097,0.3996730160960896,23.99713593763241,0.4064864864864865,True,True,0.931036637;0.7159624459;0.6775674106;0.3509019354;0.95;0.7562371291;0.2357345475;0.5713184825;0.95;0.8385292043;0.9458583108;0.3749843981,0.3702883284;0.6302691506;0.6771299559;1.320546841;0.2764601871;0.5830294735;1.920506701;0.8232731646;0.2265612916;0.488449848;0.3469497415;1.241568686,6.134054054;7.768648649;8.767837838;15.46972973;5.234594595;7.075675676;23.39432432;9.506216216;4.532702703;5.917567568;5.37972973;12.78810811,0.08946966638;0.1677878685;0.1625111894;0.3708238292;0.06732179151;0.1481210014;0.3996730161;0.2311840049;0.0559667623;0.1242246776;0.07351583711;0.3372368999,0.1881081081;0.1678378378;0.1440540541;0.08783783784;0.2035135135;0.1705405405;0.04459459459;0.1462162162;0.2127027027;0.1924324324;0.1832432432;0.1013513514,0.3702883284;2.011884054;1.508519823;23.98882138;0.2764601871;1.315147367;23.99713594;7.80510228;0.2265612916;1.019148936;0.3469497415;14.12000299
Ji'24-style Greedy-Safe,8,14,496.55243243243245,23.84972972972973,21.84951351351351,43.0,69.0,58.96936936936937,0.0581306306306306,0.0162387387387387,0.1111711711711711,0.0435135135135135,0.8532946907655974,34.0,123.0,0.1572972972972973,1746,11100,0.2769986575919143,0.399731563530639,23.99804458033205,0.4064864864864865,True,True,0.3969158517;0.64914127;0.685168137;0.2123384503;0.8391928019;0.2547057577;0.6450583303;0.3536782427;0.3495021855;0.2638904463;0.8142278578;0.4332858251,1.177446822;0.7134614509;0.6676722331;2.128067317;0.4876767217;1.782678959;0.7188179662;1.310923092;1.325454306;1.723560971;0.5165166625;1.084128614,12.92297297;9.094594595;8.217297297;23.84972973;6.419189189;19.10216216;9.514324324;16.30621622;15.1727027;20.21297297;6.047567568;13.07324324,0.3271392791;0.1881995611;0.1739556845;0.3997315635;0.1170424132;0.3955620069;0.1938865757;0.3571379667;0.3657537424;0.3987481597;0.1217304134;0.2850965248,0.09702702703;0.1432432432;0.1521621622;0.04351351351;0.18;0.05567567568;0.1437837838;0.08594594595;0.08891891892;0.05810810811;0.1827027027;0.102972973,12.7655324;10.88461223;2.006033399;23.99804458;0.8383836087;23.99722353;2.863451526;17.35123112;23.98723998;23.99199754;0.8660666499;11.50321536
Ji'24-style Greedy-Safe,8,15,428.8162162162162,30.44162162162162,24.29722972972972,39.0,71.0,57.58108108108108,0.045563063063063,0.0157432432432432,0.1389864864864864,0.0313513513513513,0.845729056428988,26.0,141.0,0.2428828828828828,2696,11100,0.2346517877142281,0.4001005729555505,23.99977867943013,0.4064864864864865,True,True,0.95;0.6682774533;0.3936552323;0.8783623152;0.2542081145;0.6112416568;0.1961261937;0.2603661895;0.4858854259;0.9440218225;0.777121657;0.6438927182,0.2609434761;0.6888292002;1.186565108;0.4408835581;1.786011998;0.7647485898;2.305041448;1.74572184;0.9708198352;0.349980936;0.5589976316;0.7203540735,4.507027027;6.818918919;11.84162162;5.883243243;19.27;7.781081081;30.44162162;17.77594595;9.602972973;4.691351351;7.206216216;9.296756757,0.06340221216;0.1930583461;0.3540453727;0.1055737385;0.3991978169;0.211029273;0.3999558404;0.400100573;0.2823249034;0.08513049796;0.1389940057;0.1830088727,0.2124324324;0.1805405405;0.1183783784;0.1859459459;0.05324324324;0.1718918919;0.03135135135;0.05702702703;0.1337837838;0.2086486486;0.1683783784;0.1462162162,0.2609434761;2.421804401;17.51329711;0.6044177903;23.99977868;2.412234488;23.99896785;23.99917484;6.158036375;0.349980936;1.35398579;2.803540735
Ji'24-style Greedy-Safe,8,16,561.4048648648649,31.604324324324324,28.58958108108108,52.0,93.0,75.73738738738739,0.0798873873873873,0.0356531531531531,0.1258333333333333,0.0316216216216216,0.780435947063535,30.0,216.0,0.3697297297297297,4104,11100,0.2716707694112304,0.4018281923884407,23.999692862544773,0.4064864864864865,True,True,0.3932789834;0.7735119064;0.901603995;0.8416273572;0.2260479039;0.7045979448;0.6624829137;0.1982197585;0.7522839954;0.3841282698;0.2247729528;0.2144342016,1.187626136;0.5631378354;0.4113518347;0.4848363331;2.00065631;0.6439160289;0.6962092138;2.280313362;0.5876051337;1.214015836;2.011774821;2.107404393,14.77918919;7.279189189;5.2;6.151891892;21.84864865;6.4;7.977837838;31.60432432;6.233513514;11.38891892;25.78486486;26.12297297,0.3569298009;0.1611791805;0.1048391298;0.1162296831;0.3995905441;0.1780340804;0.2039704832;0.4018281924;0.1613531935;0.3766730215;0.4007237954;0.3986981284,0.1021621622;0.1856756757;0.2040540541;0.1813513514;0.04621621622;0.187027027;0.1748648649;0.03162162162;0.1937837838;0.1194594595;0.04162162162;0.04216216216,23.97095111;1.868240519;0.4454073388;0.7393453325;23.99969286;2.351328231;8.263531696;23.99959388;2.463656471;23.99890264;23.99613493;23.99967442
Ji'24-style Greedy-Safe,8,17,434.13378378378377,29.133243243243243,27.64289189189189,43.0,78.0,64.27072072072072,0.0575675675675675,0.0229279279279279,0.1493018018018018,0.034054054054054,0.8195298750023968,24.0,149.0,0.2465765765765765,2737,11100,0.2124146547400577,0.4012199572398718,23.999695937721828,0.4064864864864865,True,True,0.6058267012;0.4606290406;0.8627452041;0.95;0.8920394043;0.9329954481;0.2434414901;0.2237143759;0.7874097494;0.2072792387;0.95;0.5223938409,0.772389876;1.022513998;0.4598691245;0.2139841101;0.4237308779;0.3673358894;1.861711545;2.021113381;0.5472165522;2.179902851;0.241873434;0.9032962107,9.05;10.72783784;4.875405405;4.106756757;5.230540541;5.027837838;22.29243243;29.13324324;6.585405405;26.42351351;4.777567568;9.284864865,0.2110503148;0.2871329849;0.1209331509;0.05731304139;0.1084522004;0.0936210118;0.3985069036;0.4009451951;0.1483400546;0.4012199572;0.05974927532;0.261711767,0.1508108108;0.1221621622;0.2105405405;0.2278378378;0.2035135135;0.2164864865;0.05162162162;0.03405405405;0.1891891892;0.03837837838;0.2116216216;0.1354054054,3.696288636;8.585363951;0.5796073736;0.2139841101;0.4711926338;0.3673358894;23.99863513;23.99966294;1.136082761;23.99969594;0.241873434;7.162628004
Ji'24-style Greedy-Safe,8,18,346.36486486486484,24.83864864864865,21.459418918918917,34.0,61.0,50.793243243243246,0.0332657657657657,0.0102702702702702,0.1614414414414414,0.0437837837837837,0.8595970023383346,21.0,167.0,0.1859459459459459,2064,11100,0.1910769417593116,0.3995300245440721,23.999626106395937,0.4064864864864865,True,True,0.95;0.2298402862;0.2514208534;0.95;0.8064515181;0.2889292384;0.86964094;0.95;0.4229897239;0.9113191376;0.93510967;0.8418183031,0.2641897105;1.968390267;1.804941085;0.3377909827;0.5254308787;1.582364629;0.451552802;0.2372894534;1.10910177;0.3983676074;0.3641087485;0.4846132827,4.508108108;24.83864865;18.69459459;4.712702703;6.570810811;14.87594595;5.631351351;4.694324324;11.14675676;4.897837838;5.480540541;6.553243243,0.06754688273;0.3995300245;0.3961113948;0.0841738611;0.1330618198;0.3938804928;0.1175257698;0.06015608304;0.3216395134;0.09948423494;0.09289693474;0.1269162894,0.2175675676;0.04378378378;0.05324324324;0.2127027027;0.1916216216;0.07837837838;0.2;0.2135135135;0.1143243243;0.2083783784;0.207027027;0.1967567568,0.2641897105;23.99962611;23.99832697;0.3377909827;0.9017235147;23.99836029;0.709316812;0.2372894534;21.05532746;0.3983676074;0.3641087485;1.161519544
Ji'24-style Greedy-Safe,8,19,527.602972972973,27.553783783783786,27.51795945945946,43.0,83.0,64.90405405405406,0.0597972972972973,0.0206756756756756,0.1072972972972973,0.0354054054054054,0.8442947291732883,34.0,181.0,0.1783783783783784,1980,11100,0.2948404788735579,0.4019502103483749,23.99974570125273,0.4064864864864865,True,True,0.8339118425;0.4218873338;0.3658373363;0.3670076204;0.481511622;0.1930715746;0.2120595117;0.3057773787;0.5446939528;0.4653449839;0.3623629999;0.8770434254,0.4938172966;1.111838862;1.270411673;1.266646367;0.9794527448;2.342239302;2.1308523;1.500722279;0.8655191693;1.012509865;1.281724896;0.4425090154,6.201891892;12.79243243;14.18918919;12.20810811;11.50945946;27.55378378;27.48864865;14.57513514;10.06621622;10.27135135;13.16513514;5.83027027,0.1215858263;0.2848711463;0.3474747602;0.3697238046;0.2533341289;0.4000797943;0.3944956285;0.4019502103;0.2376668854;0.2741986174;0.3505690796;0.1021358646,0.1856756757;0.1018918919;0.09162162162;0.1043243243;0.1143243243;0.03540540541;0.03702702703;0.07783783784;0.1364864865;0.1183783784;0.09432432432;0.1902702703,0.8690864829;8.189421796;15.56552372;19.73122222;7.671243917;23.99903627;23.99807256;23.9997457;4.313825878;7.000157835;20.25831906;0.5700360617
Zhu'26-style Aggregate-DPP,2,0,363.50729729729727,18.173513513513512,16.846675675675673,32.0,51.0,44.12477477477478,0.0253603603603603,0.0048873873873873,0.1286261261261261,0.0516216216216216,0.8650157978561848,27.0,92.0,0.0,0,11100,0.2408498629473238,0.5206255679532225,475.1923208090809,0.4064864864864865,False,False,0.95;0.2315765095;0.95;0.8081176242;0.6281327393;0.795200025;0.3394136806;0.9476946562;0.5005847781;0.95;0.23436609;0.2528380647,0.3369544871;1.95400716;0.2191119648;0.5235225351;0.7414402559;0.5383055036;1.361973486;0.3438720469;0.9427001774;0.2738400263;1.931388168;1.795260579,5.263243243;18.17351351;5.684864865;6.893513514;10.39432432;6.95027027;13.44675676;5.599189189;12.03189189;5.020810811;15.76108108;14.87594595,0.07576922521;0.5001202108;0.0508695075;0.1245134678;0.1895682384;0.1380680873;0.4104325506;0.07462952801;0.2512168581;0.05587816752;0.4985069461;0.520625568,0.1856756757;0.05162162162;0.1818918919;0.1667567568;0.1224324324;0.1672972973;0.0827027027;0.1767567568;0.09702702703;0.1797297297;0.06108108108;0.07054054054,0.3369544871;461.9332956;0.2191119648;1.264657746;8.984647934;2.242721079;80.27602017;0.3438720469;14.79560497;0.2738400263;391.880122;475.1923208
Zhu'26-style Aggregate-DPP,2,1,448.312972972973,19.83567567567568,19.52306756756757,40.0,63.0,53.96621621621622,0.0474324324324324,0.0119819819819819,0.1069819819819819,0.0459459459459459,0.7790819508923365,34.0,132.0,0.0,0,11100,0.313682697018873,0.5913098889518968,805.4045365205584,0.4064864864864865,False,False,0.5605092249;0.2181252996;0.2316669551;0.3707979081;0.95;0.95;0.2020086086;0.95;0.325972712;0.8362721814;0.2993435181;0.2334007936,0.8400796556;2.072097608;1.953264399;1.254604531;0.2976063768;0.2276934429;2.237061952;0.2579608484;1.414030367;0.4910760745;1.530799061;1.939147999,10.60459459;19.2672973;17.28945946;15.08135135;5.046486486;4.677297297;19.83567568;5.174594595;14.62243243;6.945135135;14.01621622;18.37081081,0.2231887301;0.548825853;0.4698392743;0.3363696472;0.06386471977;0.05206179804;0.591309889;0.05431121646;0.3917246286;0.1166637485;0.4050411568;0.5109917024,0.1081081081;0.05459459459;0.05189189189;0.08216216216;0.1848648649;0.2018918919;0.04594594595;0.182972973;0.07486486486;0.1654054054;0.07243243243;0.05864864865,9.241672768;619.7024889;310.4424196;38.02166732;0.2976063768;0.2276934429;805.4045365;0.2579608484;60.25531419;1.128608596;67.3259817;418.1484027
Zhu'26-style Aggregate-DPP,2,2,387.605945945946,18.694324324324324,17.984675675675675,33.0,51.0,44.30045045045045,0.0261261261261261,0.0036036036036036,0.1174549549549549,0.0516216216216216,0.8726542717157751,29.0,110.0,0.0,0,11100,0.2647179900467221,0.6203410722314651,852.822530374534,0.4064864864864865,False,False,0.2983974043;0.4720337023;0.7619171253;0.95;0.6042558466;0.7527600943;0.6803453125;0.2438339011;0.7053294905;0.1925045361;0.95;0.2931742638,1.535332493;0.9986066978;0.5764720931;0.328976203;0.7746227687;0.5870535051;0.6736618433;1.858825842;0.6430324214;2.34929577;0.2710575607;1.560894842,14.78837838;9.979189189;7.375945946;5.397567568;10.54;7.399189189;7.791351351;17.40405405;8.181621622;18.69432432;5.271621622;15.09297297,0.4327977811;0.2472226311;0.133523401;0.07281932709;0.2005644898;0.1410515043;0.1547601532;0.5008782066;0.1569346693;0.6203410722;0.05926636935;0.4564562753,0.07027027027;0.1110810811;0.1497297297;0.1810810811;0.1127027027;0.1443243243;0.1386486486;0.05567567568;0.1402702703;0.05162162162;0.1851351351;0.06891891892,143.3272738;10.97074065;2.647081397;0.328976203;7.143209836;1.954016597;4.14689871;402.1200499;3.346713271;852.8225304;0.2710575607;229.480433
Zhu'26-style Aggregate-DPP,2,3,493.2043243243243,19.19108108108108,18.67645945945946,41.0,62.0,54.82612612612613,0.0509909909909909,0.0113513513513513,0.0933333333333333,0.054054054054054,0.8130882468803596,37.0,136.0,0.0,0,11100,0.3388070417867517,0.5006003534042822,431.22119532718654,0.4064864864864865,False,False,0.2469621281;0.8215561338;0.8932287906;0.3220866759;0.225348274;0.2465631425;0.4834834838;0.2778755806;0.2645088005;0.3014458345;0.9387067142;0.2969367479,1.836175919;0.5080937316;0.4222105672;1.429873819;2.006740312;1.839030251;0.9755450403;1.641436133;1.719737046;1.520828652;0.3585144156;1.542388958,14.74351351;6.879189189;6.043243243;12.81378378;16.38972973;19.19108108;11.50675676;16.52648649;18.07135135;16.83378378;5.463513514;18.25540541,0.4699617824;0.1152136867;0.0909464384;0.4158227647;0.5006003534;0.4662190203;0.2488958157;0.4334278653;0.4462020443;0.4303534051;0.07286563258;0.3751756926,0.06594594595;0.1562162162;0.1764864865;0.08486486486;0.05864864865;0.05405405405;0.1043243243;0.06756756757;0.05918918919;0.06432432432;0.1686486486;0.05972972973,294.1076966;1.480937316;0.4666317017;98.00943377;431.2211953;289.1669766;17.24625657;159.1206528;219.8923127;164.0000987;0.3585144156;44.59353068
Zhu'26-style Aggregate-DPP,2,4,452.345945945946,19.26,17.93316216216216,36.0,55.0,47.73648648648648,0.0354729729729729,0.006081081081081,0.0927702702702702,0.0497297297297297,0.9211982282929728,35.0,85.0,0.0,0,11100,0.2966179530498795,0.5189302137374818,513.8245382994684,0.4064864864864865,False,False,0.662118963;0.6741961796;0.3640876;0.2460798207;0.2372011855;0.4128728207;0.5024050881;0.4159209977;0.2309431598;0.4380235493;0.7287104513;0.5641011845,0.6966749552;0.6813572012;1.27608378;1.842501298;1.908996959;1.13470463;0.9393093506;1.126874486;1.959226317;1.072981387;0.6151471375;0.8344446437,8.972432432;8.468108108;13.70243243;15.39648649;19.26;12.26135135;11.03783784;12.58918919;16.84756757;14.07486486;8.418378378;9.746486486,0.1672019892;0.1585536622;0.3076396573;0.4700868176;0.4808608556;0.3174106196;0.2378737464;0.2762365295;0.5189302137;0.276365206;0.1434789134;0.2047772261,0.1232432432;0.1316216216;0.07918918919;0.06351351351;0.04972972973;0.09081081081;0.09810810811;0.08432432432;0.05918918919;0.08513513514;0.1351351351;0.1132432432,7.313548835;6.589858426;25.8606917;263.8912303;354.3049225;20.57172965;10.66480571;24.26621815;513.8245383;17.55434856;2.151471375;6.951114299
Zhu'26-style Aggregate-DPP,2,5,403.1237837837838,17.09945945945946,16.926581081081082,34.0,52.0,45.3027027027027,0.0294369369369369,0.0045495495495495,0.1141666666666666,0.0567567567567567,0.8578704595877992,30.0,92.0,0.0,0,11100,0.2691995617713954,0.5144930252739849,451.511564935476,0.4064864864864865,False,False,0.9411489522;0.4821824971;0.3825098869;0.7544254172;0.3523107703;0.8677360717;0.95;0.2189202535;0.8265150398;0.3376263363;0.2625732011;0.2699141276,0.3546353857;0.9781203331;1.218803669;0.5851252029;1.315645181;0.4538598372;0.2241414152;2.064668323;0.5023771293;1.368663091;1.731770293;1.687095206,5.528378378;11.05054054;12.13351351;7.823513514;13.23459459;6.779189189;5.213513514;16.78513514;7.115405405;13.01891892;17.09945946;16.48,0.07571944721;0.2543112866;0.3303946163;0.1391649131;0.351668401;0.1010758124;0.04973516268;0.5144930253;0.1217925094;0.3972822055;0.4296662511;0.4650911107,0.1808108108;0.102972973;0.08783783784;0.1505405405;0.08297297297;0.1572972973;0.1827027027;0.05702702703;0.16;0.08432432432;0.05675675676;0.06675675676,0.3546353857;12.32789632;26.70429353;2.59175284;45.27468013;0.9385983724;0.2241414152;451.5115649;1.526148422;91.92427506;175.1653364;260.8855392
Zhu'26-style Aggregate-DPP,2,6,316.117027027027,15.22108108108108,14.9385,28.0,46.0,39.58693693693694,0.0170945945945945,0.0029054054054054,0.1409684684684685,0.0689189189189189,0.9036319725298296,23.0,100.0,0.0,0,11100,0.1813193614533021,0.4082846198236674,78.31562296197335,0.4064864864864865,False,False,0.6600953202;0.4082536129;0.95;0.8542797728;0.5796663152;0.95;0.7238759829;0.298421524;0.95;0.3698913443;0.95;0.5870736138,0.6992694381;1.146768836;0.2551559305;0.4699577518;0.8105930222;0.2156180293;0.6208604762;1.535216558;0.2628816135;1.257463669;0.2571157349;0.7995478023,8.617567568;13.34675676;4.779189189;6.160810811;9.694864865;4.743513514;8.784054054;14.7072973;4.482162162;15.22108108;4.949189189;9.430540541,0.1869128309;0.3207853367;0.05696183746;0.1144410633;0.2081252354;0.04912594559;0.1412877084;0.4082846198;0.05897074032;0.357527508;0.05969254493;0.2137169666,0.1308108108;0.08486486486;0.1935135135;0.1754054054;0.1183783784;0.1921621622;0.1283783784;0.06891891892;0.1959459459;0.07783783784;0.1927027027;0.1327027027,6.382466515;17.01598975;0.2551559305;0.8897042624;7.3906744;0.2156180293;3.050325715;78.31562296;0.2628816135;36.01347409;0.2571157349;8.788242861
Zhu'26-style Aggregate-DPP,2,7,319.4054054054054,16.68702702702703,15.920148648648649,30.0,48.0,40.678378378378376,0.02009009009009,0.0022522522522522,0.1420495495495495,0.0545945945945945,0.8723568813390659,23.0,77.0,0.0,0,11100,0.2183502168242285,0.5999684319669218,838.3106045625661,0.4064864864864865,False,False,0.95;0.8194645516;0.5139536145;0.1957148488;0.2668165055;0.95;0.9166527097;0.2817874583;0.4060368001;0.95;0.95;0.8957240492,0.2129344738;0.5105004868;0.9182376412;2.309972111;1.705631049;0.2143947682;0.3910280632;1.619983796;1.152645744;0.2643493157;0.2202876177;0.4190042049,5.462702703;5.844864865;11.24243243;16.68702703;15.08378378;5.436486486;5.678108108;15.2927027;11.44081081;5.070540541;4.772702703;5.50027027,0.04805413125;0.1182429506;0.26777795;0.599968432;0.4494568305;0.04826779511;0.09342400214;0.4658547998;0.3174448684;0.06072889684;0.0514401356;0.09954180977,0.1872972973;0.1716216216;0.11;0.05459459459;0.06864864865;0.1862162162;0.1851351351;0.07108108108;0.09567567568;0.1897297297;0.2002702703;0.1843243243,0.2129344738;1.615505355;9.728277542;838.3106046;212.8155147;0.2143947682;0.3910280632;287.7017545;24.0322872;0.2643493157;0.2202876177;0.5330294346
Zhu'26-style Aggregate-DPP,2,8,364.0067567567568,16.665675675675676,16.360945945945947,32.0,51.0,43.927927927927925,0.0236936936936936,0.0046171171171171,0.1277252252252252,0.0556756756756756,0.8494384978912637,26.0,117.0,0.0,0,11100,0.2554301565997999,0.6353554001179255,919.8212544188718,0.4064864864864865,False,False,0.924502767;0.7675714746;0.2938168902;0.223720696;0.8564804989;0.95;0.4732619221;0.198994158;0.3554966144;0.365156396;0.95;0.8950142286,0.3798996382;0.5699618165;1.557699888;2.021057334;0.4673466129;0.2347890628;0.9960890923;2.271318822;1.304697623;1.272612991;0.2590903055;0.4199186836,5.224864865;7.258648649;13.86486486;16.66567568;6.471081081;4.904324324;11.49;16.11162162;12.48837838;13.68918919;4.985135135;5.27027027,0.08655551216;0.1461875038;0.4083699707;0.5161889678;0.1040793538;0.0530496369;0.2646366426;0.6353554001;0.3550893259;0.3353507205;0.05861042856;0.1016884164,0.1854054054;0.1564864865;0.06756756757;0.06162162162;0.1651351351;0.1878378378;0.1059459459;0.05567567568;0.08621621622;0.08;0.1935135135;0.1872972973,0.3798996382;2.379465432;93.42308653;503.2258822;0.9387729028;0.2347890628;15.67876186;919.8212544;29.40664117;28.71858728;0.2590903055;0.5195121017
Zhu'26-style Aggregate-DPP,2,9,452.36432432432434,22.18,19.878027027027024,37.0,60.0,51.04234234234234,0.0395045045045045,0.0095945945945945,0.1073873873873873,0.0491891891891891,0.8130252124882551,32.0,107.0,0.0,0,11100,0.2946335330294456,0.5905280015486426,794.06020604455,0.4064864864864865,False,False,0.3257577326;0.6871221964;0.2523803769;0.1963495047;0.5437054116;0.2493362779;0.95;0.4363495231;0.95;0.6652629851;0.95;0.2127973752,1.414897118;0.6652565043;1.798374164;2.302374716;0.8671448273;1.819394726;0.209506079;1.076896197;0.2790122724;0.6926602831;0.247425482;2.123503268,14.98621622;8.663243243;15.82243243;22.18;11.72378378;17.99459459;4.787837838;11.24378378;5.403783784;8.278108108;5.097027027;17.41054054,0.382787031;0.1555261828;0.4636889061;0.5905280015;0.2214734762;0.520248546;0.04518536514;0.2843588066;0.06017616037;0.1793428517;0.05262806873;0.5796590003,0.06945945946;0.13;0.0572972973;0.04918918919;0.09621621622;0.05621621622;0.1862162162;0.09378378378;0.1805405405;0.1340540541;0.1832432432;0.05243243243,59.2069956;5.831412607;312.3383736;794.060206;11.61147586;464.4699618;0.209506079;22.24480984;0.2790122724;5.267885095;0.247425482;727.3190069
Zhu'26-style Aggregate-DPP,2,10,481.44,19.846486486486487,19.23658108108108,40.0,59.0,51.83153153153153,0.0480855855855855,0.0088288288288288,0.0890315315315315,0.0478378378378378,0.8598628794026796,37.0,106.0,0.0,0,11100,0.3358237548158116,0.5645819395565781,680.7314175699756,0.4064864864864865,False,False,0.2210551088;0.5230742899;0.4621770162;0.8877431859;0.3493760462;0.4491418585;0.5565464418;0.34857734;0.2223217792;0.6900300697;0.2104662511;0.2177243916,2.045012567;0.9021077578;1.019211399;0.4291816563;1.325898395;1.047619095;0.8463561798;1.328717478;2.03354937;0.6616731043;2.146920017;2.075867389,14.52648649;13.23594595;12.67513514;6.114324324;16.14027027;11.72162162;10.15513514;14.33621622;16.84702703;8.196756757;18.73756757;19.84648649,0.513463966;0.226746004;0.2523236869;0.09105610816;0.3225158257;0.2876705406;0.2017530137;0.3454665444;0.5353181315;0.158801545;0.5645819396;0.5301877521,0.06405405405;0.08945945946;0.09432432432;0.1735135135;0.07189189189;0.09783783784;0.1108108108;0.07513513514;0.05621621622;0.1375675676;0.04783783784;0.04972972973,484.9072022;7.735831883;16.30293576;0.4875449689;27.52366835;20.70476379;5.848986518;25.9250934;561.6577957;3.510115878;680.7314176;537.7156544
Zhu'26-style Aggregate-DPP,2,11,425.3356756756757,20.655945945945945,18.812108108108102,37.0,60.0,50.43333333333333,0.0386261261261261,0.0096171171171171,0.1063738738738738,0.0502702702702702,0.8694371831311778,33.0,113.0,0.0,0,11100,0.2704260297224288,0.5164452918924508,470.1514673242727,0.4064864864864865,False,False,0.95;0.2935060875;0.6227889451;0.4312530983;0.6153269509;0.4183303984;0.9434799305;0.4987828682;0.6260188518;0.4351735249;0.2492611008;0.2092716103,0.3358641596;1.559243329;0.7487311135;1.088976442;0.7590395275;1.120756955;0.3508668233;0.9460759936;0.7443154627;1.079661914;1.819920828;2.159149808,5.403783784;14.57027027;8.921081081;11.97243243;9.880540541;14.48945946;5.307837838;12.76297297;10.49972973;12.60810811;17.30351351;20.65594595,0.07252850366;0.4121459393;0.1853615405;0.3116827169;0.1764254037;0.3032101923;0.07889762082;0.2444455811;0.1669680633;0.2900497143;0.486951789;0.5164452919,0.1805405405;0.07027027027;0.1383783784;0.09135135135;0.1181081081;0.07891891892;0.1818918919;0.09540540541;0.1167567568;0.09567567568;0.05891891892;0.05027027027,0.3358641596;97.15820749;6.225891157;23.00393991;7.939830077;18.74346559;0.3508668233;13.65189984;8.273779344;19.18985743;344.5758397;470.1514673
Zhu'26-style Aggregate-DPP,2,12,443.0254054054054,18.012972972972975,16.65789189189189,36.0,53.0,46.91981981981982,0.0337612612612612,0.0049324324324324,0.10009009009009,0.0545945945945945,0.8688910546854238,33.0,89.0,0.0,0,11100,0.2878350768737314,0.5078561084430323,430.04887145043807,0.4064864864864865,False,False,0.2277146089;0.9318683167;0.4490225566;0.364868936;0.3264467419;0.2532754659;0.5108922966;0.7249468559;0.885090931;0.3371942215;0.4510893652;0.3770521179,1.986329388;0.369039043;1.047885528;1.273544601;1.412123145;1.792296255;0.9237509324;0.6195927545;0.4325165816;1.370290719;1.043286736;1.235229773,15.54918919;5.368378378;12.49810811;14.10324324;14.28675676;18.01297297;10.67297297;7.309189189;6.313513514;15.16027027;12.85675676;12.33621622,0.5078561084;0.07789716016;0.3019043171;0.3442012436;0.3625721589;0.4722942833;0.2276921217;0.137650066;0.09819295367;0.3470168658;0.2602577453;0.3164858985,0.05972972973;0.1778378378;0.09648648649;0.07810810811;0.07405405405;0.05459459459;0.1067567568;0.1394594595;0.167027027;0.07135135135;0.09108108108;0.08459459459,430.0488715;0.369039043;33.88158959;28.56875589;55.06696436;318.2032149;9.427516783;1.874298563;0.7251658164;28.55802456;14.39559493;24.96148863
Zhu'26-style Aggregate-DPP,2,13,313.30945945945945,18.24324324324324,15.944689189189186,29.0,46.0,39.74189189189189,0.0169144144144144,0.003063063063063,0.1413513513513513,0.0562162162162162,0.907925331197178,24.0,89.0,0.0,0,11100,0.1928859846034175,0.5237273678453966,477.18571667701417,0.4064864864864865,False,False,0.931036637;0.7159624459;0.6775674106;0.3509019354;0.95;0.7562371291;0.2357345475;0.5713184825;0.95;0.8385292043;0.9458583108;0.3749843981,0.3702883284;0.6302691506;0.6771299559;1.320546841;0.2764601871;0.5830294735;1.920506701;0.8232731646;0.2265612916;0.488449848;0.3469497415;1.241568686,6.190540541;8.195135135;8.836216216;14.06405405;5.425675676;6.843513514;18.24324324;9.445945946;4.874594595;6.373783784;5.736486486;13.10405405,0.08546654932;0.1654030663;0.1592170437;0.3583321699;0.06620100697;0.144181613;0.5237273678;0.2358566364;0.05400731329;0.1206603138;0.0700463397;0.3315323951,0.1691891892;0.1448648649;0.1348648649;0.07702702703;0.192972973;0.1567567568;0.05621621622;0.1297297297;0.2032432432;0.1751351351;0.1713513514;0.08486486486,0.3702883284;2.532960657;4.556949338;36.66288673;0.2764601871;2.494530523;477.1857167;12.27492177;0.2265612916;1.107598784;0.3469497415;30.35922014
Zhu'26-style Aggregate-DPP,2,14,448.99405405405406,17.753513513513514,17.441202702702704,37.0,56.0,48.22162162162162,0.0358558558558558,0.0067792792792792,0.0985135135135135,0.0524324324324324,0.8834400191502517,34.0,95.0,0.0,0,11100,0.2879396713027951,0.5354677491324111,532.8972298221607,0.4064864864864865,False,False,0.3969158517;0.64914127;0.685168137;0.2123384503;0.8391928019;0.2547057577;0.6450583303;0.3536782427;0.3495021855;0.2638904463;0.8142278578;0.4332858251,1.177446822;0.7134614509;0.6676722331;2.128067317;0.4876767217;1.782678959;0.7188179662;1.310923092;1.325454306;1.723560971;0.5165166625;1.084128614,11.97216216;9.095405405;9.18;17.75351351;6.642972973;16.12756757;9.685675676;17.18567568;14.58891892;16.23594595;6.48027027;12.97567568,0.3144101243;0.1799079821;0.1670985102;0.5354677491;0.1078160969;0.4683145807;0.1863098458;0.3376512721;0.3410358107;0.4290269335;0.112516873;0.2757202773,0.08972972973;0.127027027;0.1224324324;0.05243243243;0.1572972973;0.06351351351;0.1183783784;0.06675675676;0.07405405405;0.06135135135;0.1589189189;0.09027027027,19.55957519;8.571150782;6.288789128;532.8972298;0.9260603305;298.6126794;5.176359323;32.07369532;37.34543064;150.228971;1.448649962;17.98578764
Zhu'26-style Aggregate-DPP,2,15,375.79783783783785,20.033243243243245,18.07747297297297,33.0,52.0,44.78333333333333,0.0262387387387387,0.0054054054054054,0.1212162162162162,0.0448648648648648,0.8787522571062442,28.0,102.0,0.0,0,11100,0.2577804166274575,0.6204922383307024,867.0792246042176,0.4064864864864865,False,False,0.95;0.6682774533;0.3936552323;0.8783623152;0.2542081145;0.6112416568;0.1961261937;0.2603661895;0.4858854259;0.9440218225;0.777121657;0.6438927182,0.2609434761;0.6888292002;1.186565108;0.4408835581;1.786011998;0.7647485898;2.305041448;1.74572184;0.9708198352;0.349980936;0.5589976316;0.7203540735,4.931351351;7.325675676;12.13027027;6.946756757;16.4772973;8.296486486;20.03324324;15.46135135;10.79486486;5.358918919;7.687837838;10.01216216,0.05656126157;0.1768615514;0.3200518858;0.09544533243;0.4952563001;0.1957343012;0.6204922383;0.4977666326;0.2581855994;0.07586073262;0.1296270184;0.1715221456,0.1886486486;0.1527027027;0.09540540541;0.1597297297;0.06459459459;0.1337837838;0.04486486486;0.06567567568;0.1062162162;0.1813513514;0.1437837838;0.1178378378,0.2609434761;3.177121202;24.48490395;0.8906026968;402.6706343;6.235977437;867.0792246;381.2739706;12.38721654;0.349980936;4.133938422;4.084957029
Zhu'26-style Aggregate-DPP,2,16,429.8127027027027,20.19837837837838,19.390175675675675,37.0,57.0,49.27387387387388,0.0382432432432432,0.0076126126126126,0.1087837837837838,0.0494594594594594,0.8464423797000996,32.0,101.0,0.0,0,11100,0.3048050553635084,0.5873347658683788,739.9196289478948,0.4064864864864865,False,False,0.3932789834;0.7735119064;0.901603995;0.8416273572;0.2260479039;0.7045979448;0.6624829137;0.1982197585;0.7522839954;0.3841282698;0.2247729528;0.2144342016,1.187626136;0.5631378354;0.4113518347;0.4848363331;2.00065631;0.6439160289;0.6962092138;2.280313362;0.5876051337;1.214015836;2.011774821;2.107404393,15.60135135;7.724864865;5.503783784;7.161351351;14.89702703;6.907837838;8.547837838;18.72891892;6.712162162;12.90027027;20.19837838;15.9127027,0.3094247554;0.1439806466;0.09083093215;0.100898372;0.5358514604;0.1503630943;0.1785682551;0.5873347659;0.1408664199;0.3284405004;0.5072934886;0.5838079737,0.07648648649;0.1510810811;0.1732432432;0.1483783784;0.06351351351;0.1459459459;0.1359459459;0.04945945946;0.1643243243;0.08918918919;0.05;0.05783783784,24.46160451;2.683929696;0.4567591735;1.672544997;593.917347;3.746572491;5.909021131;739.9196289;2.088446203;20.84850674;441.8690192;731.1560607
Zhu'26-style Aggregate-DPP,2,17,356.29621621621624,21.84783783783784,20.44162162162162,34.0,56.0,47.74189189189189,0.0301801801801801,0.007545045045045,0.1343018018018018,0.0418918918918918,0.8442764741811312,26.0,130.0,0.0,0,11100,0.2367601754350537,0.5809146517452464,710.1573139051766,0.4064864864864865,False,False,0.6058267012;0.4606290406;0.8627452041;0.95;0.8920394043;0.9329954481;0.2434414901;0.2237143759;0.7874097494;0.2072792387;0.95;0.5223938409,0.772389876;1.022513998;0.4598691245;0.2139841101;0.4237308779;0.3673358894;1.861711545;2.021113381;0.5472165522;2.179902851;0.241873434;0.9032962107,10.02837838;11.13918919;5.15972973;4.472162162;5.83027027;5.314594595;16.21189189;21.84783784;6.701891892;19.29108108;4.906756757;10.03027027,0.192679961;0.2583920509;0.1097471451;0.05222368958;0.100664714;0.08309733497;0.5117190922;0.5030933578;0.1402057545;0.5809146517;0.05399660986;0.2543877437,0.1227027027;0.1024324324;0.1897297297;0.2021621622;0.1791891892;0.1910810811;0.0627027027;0.04189189189;0.1678378378;0.04756756757;0.1902702703;0.1140540541,6.675407644;10.62776596;0.9388221208;0.2139841101;0.5898470234;0.3673358894;474.1250453;412.5233606;2.438764149;710.1573139;0.241873434;14.20877495
Zhu'26-style Aggregate-DPP,2,18,306.0875675675676,17.857837837837838,16.17231081081081,29.0,45.0,38.90405405405406,0.0164189189189189,0.0019369369369369,0.1477252252252252,0.0543243243243243,0.8841910342633965,22.0,80.0,0.0,0,11100,0.2090635034220731,0.54316931432689,600.4183676098382,0.4064864864864865,False,False,0.95;0.2298402862;0.2514208534;0.95;0.8064515181;0.2889292384;0.86964094;0.95;0.4229897239;0.9113191376;0.93510967;0.8418183031,0.2641897105;1.968390267;1.804941085;0.3377909827;0.5254308787;1.582364629;0.451552802;0.2372894534;1.10910177;0.3983676074;0.3641087485;0.4846132827,4.993243243;17.85783784;14.79324324;4.878108108;6.62972973;13.71648649;6.178918919;4.950810811;11.12081081;5.055945946;5.647027027;6.598378378,0.06376254363;0.5431693143;0.4946514216;0.07650509284;0.1229792273;0.4362194382;0.1108134984;0.05650054282;0.308450195;0.09162454971;0.08738609963;0.1167001175,0.2010810811;0.05432432432;0.06513513514;0.1927027027;0.1643243243;0.07810810811;0.1751351351;0.1902702703;0.1002702703;0.1862162162;0.187027027;0.1781081081,0.2641897105;600.4183676;416.2747218;0.3377909827;1.779739665;168.5008931;0.91552802;0.2372894534;16.30934072;0.3983676074;0.3641087485;1.753812524
Zhu'26-style Aggregate-DPP,2,19,466.9308108108108,19.233783783783785,18.03835135135135,38.0,55.0,48.56036036036036,0.0384234234234234,0.0061036036036036,0.0935585585585585,0.0462162162162162,0.8731126269059936,35.75,95.0,0.0,0,11100,0.309241693122189,0.5728990725936446,676.2291153405445,0.4064864864864865,False,False,0.8339118425;0.4218873338;0.3658373363;0.3670076204;0.481511622;0.1930715746;0.2120595117;0.3057773787;0.5446939528;0.4653449839;0.3623629999;0.8770434254,0.4938172966;1.111838862;1.270411673;1.266646367;0.9794527448;2.342239302;2.1308523;1.500722279;0.8655191693;1.012509865;1.281724896;0.4425090154,6.530810811;13.92756757;16.35324324;12.71054054;11.29972973;17.06027027;19.23378378;13.68594595;9.91;11.21189189;14.51891892;6.159459459,0.1139783706;0.2677428179;0.3320238075;0.3430215298;0.2406277149;0.5728990726;0.512556364;0.412901427;0.2287777696;0.2654417753;0.3294379394;0.09149172886,0.1610810811;0.08432432432;0.07405405405;0.08324324324;0.09675675676;0.05108108108;0.04621621622;0.07594594595;0.1159459459;0.1;0.07162162162;0.1624324324,1.056721076;16.06700473;27.34828557;30.19872115;14.14248783;676.2291153;474.3543433;118.2839268;12.1034984;14.91274662;27.44558999;0.5700360617
Zhu'26-style Aggregate-DPP,4,0,358.6972972972973,16.045675675675675,15.630945945945944,32.0,48.0,42.23333333333333,0.0223423423423423,0.0031531531531531,0.1346621621621621,0.0602702702702702,0.8785290761815983,26.0,90.0,0.0,0,11100,0.2407205713188201,0.5259628291344765,515.683314129507,0.4064864864864865,False,False,0.95;0.2315765095;0.95;0.8081176242;0.6281327393;0.795200025;0.3394136806;0.9476946562;0.5005847781;0.95;0.23436609;0.2528380647,0.3369544871;1.95400716;0.2191119648;0.5235225351;0.7414402559;0.5383055036;1.361973486;0.3438720469;0.9427001774;0.2738400263;1.931388168;1.795260579,5.436486486;16.04567568;5.509459459;7.016756757;9.821081081;6.885135135;13.28864865;5.767297297;12.51081081;5.147297297;15.29162162;14.82675676,0.0776816696;0.5064575314;0.05116560475;0.125786901;0.1871635673;0.1357402797;0.3957085129;0.07407189766;0.2466307491;0.05750640552;0.5047709077;0.5259628291,0.1889189189;0.06027027027;0.1886486486;0.1724324324;0.1345945946;0.1724324324;0.08648648649;0.1789189189;0.1040540541;0.1859459459;0.06675675676;0.07648648649,0.3369544871;478.3193601;0.2191119648;1.235225351;6.136006398;1.52136054;50.06833399;0.3438720469;12.62480426;0.2738400263;418.1195564;515.6833141
Zhu'26-style Aggregate-DPP,4,1,466.805945945946,21.65324324324324,20.90672972972973,42.0,64.0,55.24054054054054,0.0559909909909909,0.0126576576576576,0.1095495495495495,0.0437837837837837,0.7882413304600343,35.0,103.0,0.0,0,11100,0.3156565715215125,0.5907052776135002,787.9080409040171,0.4064864864864865,False,False,0.5605092249;0.2181252996;0.2316669551;0.3707979081;0.95;0.95;0.2020086086;0.95;0.325972712;0.8362721814;0.2993435181;0.2334007936,0.8400796556;2.072097608;1.953264399;1.254604531;0.2976063768;0.2276934429;2.237061952;0.2579608484;1.414030367;0.4910760745;1.530799061;1.939147999,11.80162162;20.29594595;18.50135135;14.84162162;5.173243243;4.572432432;21.65324324;5.255675676;14.13756757;7.001891892;15.10405405;18.68459459,0.2177395648;0.5555461696;0.4867323718;0.3207718611;0.06354298314;0.05200025927;0.5907052776;0.05375346327;0.3901959472;0.1158674089;0.4095921811;0.5314313705,0.1159459459;0.0572972973;0.05405405405;0.07945945946;0.182972973;0.2027027027;0.04378378378;0.1854054054;0.08513513514;0.1705405405;0.07648648649;0.06081081081,5.881354146;641.2955626;388.7241919;22.36576311;0.2976063768;0.2276934429;787.9080409;0.2579608484;45.90098016;0.8553803727;107.8004587;505.5058026
Zhu'26-style Aggregate-DPP,4,2,385.47648648648646,18.07567567567568,17.49118918918919,33.0,50.0,43.44099099099099,0.0236711711711711,0.0034684684684684,0.1243243243243243,0.0518918918918918,0.8837366971385053,28.0,111.0,0.0,0,11100,0.2647822206458201,0.603197562558744,803.8873192052556,0.4064864864864865,False,False,0.2983974043;0.4720337023;0.7619171253;0.95;0.6042558466;0.7527600943;0.6803453125;0.2438339011;0.7053294905;0.1925045361;0.95;0.2931742638,1.535332493;0.9986066978;0.5764720931;0.328976203;0.7746227687;0.5870535051;0.6736618433;1.858825842;0.6430324214;2.34929577;0.2710575607;1.560894842,14.47351351;9.829459459;7.232702703;5.470810811;10.01756757;7.555135135;7.820540541;17.01297297;8.255945946;18.07567568;5.304324324;15.12621622,0.4186893203;0.2385860327;0.1336792043;0.07290823958;0.1999364173;0.1399408626;0.1569450024;0.5169545382;0.1560657066;0.6031975626;0.05955940455;0.4809243566,0.07513513514;0.1194594595;0.1562162162;0.1832432432;0.1267567568;0.1556756757;0.1472972973;0.05918918919;0.1489189189;0.05189189189;0.1872972973;0.08081081081,130.7781153;7.580493769;1.941193024;0.328976203;8.940191986;1.335267526;2.757603963;454.2849038;2.359421478;803.8873192;0.2710575607;311.4625362
Zhu'26-style Aggregate-DPP,4,3,501.14216216216215,19.72675675675676,18.96404054054054,43.0,63.0,56.11711711711712,0.0581531531531531,0.0127027027027027,0.0986486486486486,0.0575675675675675,0.8233269267611381,37.0,119.0,0.0,0,11100,0.3390007997438248,0.5136170473172864,471.7560015589541,0.4064864864864865,False,False,0.2469621281;0.8215561338;0.8932287906;0.3220866759;0.225348274;0.2465631425;0.4834834838;0.2778755806;0.2645088005;0.3014458345;0.9387067142;0.2969367479,1.836175919;0.5080937316;0.4222105672;1.429873819;2.006740312;1.839030251;0.9755450403;1.641436133;1.719737046;1.520828652;0.3585144156;1.542388958,16.18837838;6.694324324;6.280540541;12.91864865;18.34;19.72675676;11.77972973;16.40891892;17.2327027;17.61891892;5.573243243;17.79297297,0.4759169476;0.1152136867;0.09208754804;0.4061614551;0.5136170473;0.4696982667;0.2465228683;0.4263297631;0.4596810644;0.4102127013;0.07364079888;0.3789274495,0.06594594595;0.1651351351;0.182972973;0.08540540541;0.06108108108;0.05756756757;0.1078378378;0.07675675676;0.06567567568;0.07;0.1754054054;0.07,324.0761868;0.972843584;0.5332634034;93.24183121;471.7560016;296.9230976;15.69516649;130.5770395;260.8936274;96.32966327;0.3585144156;71.49236631
Zhu'26-style Aggregate-DPP,4,4,465.9132432432432,20.199459459459455,18.53831081081081,38.0,57.0,49.714414414414414,0.0417792792792792,0.0075,0.0989189189189189,0.0537837837837837,0.9143660645112852,35.0,103.0,0.0,0,11100,0.2972332002216517,0.5131054868485917,523.6614435681454,0.4064864864864865,False,False,0.662118963;0.6741961796;0.3640876;0.2460798207;0.2372011855;0.4128728207;0.5024050881;0.4159209977;0.2309431598;0.4380235493;0.7287104513;0.5641011845,0.6966749552;0.6813572012;1.27608378;1.842501298;1.908996959;1.13470463;0.9393093506;1.126874486;1.959226317;1.072981387;0.6151471375;0.8344446437,8.533513514;8.902432432;14.51162162;16.43513514;20.19945946;12.74945946;11.51162162;12.92432432;17.17918919;14.42648649;8.064864865;9.62,0.1709677998;0.1605793188;0.3238493702;0.4840300707;0.4927275935;0.302996804;0.2327963985;0.2677088306;0.5131054868;0.2711452965;0.1441439373;0.2027474959,0.1383783784;0.1378378378;0.08459459459;0.06405405405;0.05378378378;0.09054054054;0.1064864865;0.08837837838;0.06162162162;0.09162162162;0.1448648649;0.1248648649,4.243474238;6.589858426;22.92810523;320.8461862;389.1028556;13.76350187;6.786187012;16.71373253;523.6614436;14.9515533;1.966618512;5.751114299
Zhu'26-style Aggregate-DPP,4,5,411.7767567567568,18.54081081081081,17.94205405405405,36.0,54.0,47.34189189189189,0.033536036036036,0.0058558558558558,0.1194819819819819,0.0556756756756756,0.860649598889875,30.0,112.0,0.0,0,11100,0.2688690199154916,0.5094708590836747,434.99421835401125,0.4064864864864865,False,False,0.9411489522;0.4821824971;0.3825098869;0.7544254172;0.3523107703;0.8677360717;0.95;0.2189202535;0.8265150398;0.3376263363;0.2625732011;0.2699141276,0.3546353857;0.9781203331;1.218803669;0.5851252029;1.315645181;0.4538598372;0.2241414152;2.064668323;0.5023771293;1.368663091;1.731770293;1.687095206,5.856486486;12.00540541;12.48864865;7.409189189;13.56324324;6.76972973;5.291621622;18.54081081;6.520810811;12.76972973;16.88189189;17.45216216,0.07763639524;0.2524607887;0.3284181779;0.1369509259;0.3488237628;0.102057131;0.05070442285;0.5094708591;0.1202989558;0.3876645729;0.4418354477;0.4701067992,0.1810810811;0.1075675676;0.09162162162;0.1575675676;0.08702702703;0.1686486486;0.1913513514;0.05567567568;0.1694594595;0.08864864865;0.06378378378;0.07135135135,0.3546353857;10.40924899;23.91285131;1.481001623;34.55226025;0.6692991862;0.2241414152;434.9942184;1.023771293;56.0017085;197.0879959;283.704872
Zhu'26-style Aggregate-DPP,4,6,320.39486486486487,15.884324324324323,15.847013513513511,30.0,49.0,41.58378378378379,0.0203603603603603,0.0040765765765765,0.1475225225225225,0.0732432432432432,0.9121215893955484,23.0,96.0,0.0,0,11100,0.1812480371562352,0.4186577046769115,97.75140675372992,0.4064864864864865,False,False,0.6600953202;0.4082536129;0.95;0.8542797728;0.5796663152;0.95;0.7238759829;0.298421524;0.95;0.3698913443;0.95;0.5870736138,0.6992694381;1.146768836;0.2551559305;0.4699577518;0.8105930222;0.2156180293;0.6208604762;1.535216558;0.2628816135;1.257463669;0.2571157349;0.7995478023,8.425675676;13.88054054;4.884594595;6.473783784;9.366486486;4.813783784;8.737837838;15.81648649;4.742972973;15.88432432;4.902702703;9.974864865,0.1893697235;0.3214052117;0.05785833127;0.115203157;0.199800226;0.04982524731;0.135582504;0.4186577047;0.05961018208;0.3565079428;0.06024847085;0.2109077446,0.1456756757;0.09243243243;0.1967567568;0.1813513514;0.127027027;0.1978378378;0.1381081081;0.07324324324;0.1986486486;0.08;0.2;0.1391891892,6.281735953;20.72704971;0.2551559305;0.8197465107;4.558895334;0.2156180293;2.029465239;97.75140675;0.2628816135;36.13738415;0.2571157349;5.590956047
Zhu'26-style Aggregate-DPP,4,7,323.5910810810811,18.38918918918919,16.767878378378377,30.0,49.0,41.97882882882883,0.0217342342342342,0.0034009009009009,0.1464189189189189,0.0529729729729729,0.8797320750352762,23.0,92.0,0.0,0,11100,0.2189122992516494,0.6130790844864895,877.4901025531992,0.4064864864864865,False,False,0.95;0.8194645516;0.5139536145;0.1957148488;0.2668165055;0.95;0.9166527097;0.2817874583;0.4060368001;0.95;0.95;0.8957240492,0.2129344738;0.5105004868;0.9182376412;2.309972111;1.705631049;0.2143947682;0.3910280632;1.619983796;1.152645744;0.2643493157;0.2202876177;0.4190042049,5.285135135;5.960810811;11.00135135;18.38918919;15.44135135;5.331621622;5.455945946;15.43;11.46621622;5.137567568;4.831081081;5.804594595,0.04793903154;0.117415112;0.2583474012;0.6130790845;0.4623643087;0.0487892959;0.0935296854;0.4544711299;0.3180679202;0.06065745108;0.05149967279;0.1007874979,0.1913513514;0.1751351351;0.12;0.05297297297;0.07405405405;0.1894594595;0.1924324324;0.07432432432;0.1062162162;0.1908108108;0.2040540541;0.1862162162,0.2129344738;0.8420019473;10.76475282;877.4901026;242.7168736;0.2143947682;0.3910280632;242.0221434;17.31085211;0.2643493157;0.2202876177;0.5520336396
Zhu'26-style Aggregate-DPP,4,8,381.45378378378376,17.576756756756758,17.004013513513513,34.0,56.0,47.722522522522524,0.0301126126126126,0.0072297297297297,0.131036036036036,0.0589189189189189,0.8513200152753648,27.0,112.0,0.0,0,11100,0.2557015757244527,0.6292167005998779,911.922022667128,0.4064864864864865,False,False,0.924502767;0.7675714746;0.2938168902;0.223720696;0.8564804989;0.95;0.4732619221;0.198994158;0.3554966144;0.365156396;0.95;0.8950142286,0.3798996382;0.5699618165;1.557699888;2.021057334;0.4673466129;0.2347890628;0.9960890923;2.271318822;1.304697623;1.272612991;0.2590903055;0.4199186836,5.180810811;7.663513514;15.97702703;17.57675676;6.329459459;5.028648649;11.56756757;15.49432432;12.94675676;16.53540541;5.025675676;5.527837838,0.08717156562;0.1451091976;0.4142639703;0.5260211386;0.1048372132;0.05292272389;0.2592523773;0.6292167006;0.3480369064;0.3415418107;0.05847037975;0.1015749248,0.1864864865;0.1618918919;0.06756756757;0.06162162162;0.1705405405;0.1932432432;0.1137837838;0.05891891892;0.08783783784;0.08243243243;0.1964864865;0.1916216216,0.3798996382;1.749427248;97.2961862;536.9102009;0.6693864514;0.2347890628;16.48658368;911.9220227;21.07381204;27.91858728;0.2590903055;0.4995934181
Zhu'26-style Aggregate-DPP,4,9,470.2570270270271,22.221621621621622,20.61487837837838,40.0,64.0,54.27072072072072,0.0472522522522522,0.0120945945945945,0.1114639639639639,0.0494594594594594,0.8213411811543379,32.0,131.0,0.0,0,11100,0.2965395326081564,0.6042177971588326,824.0792037746223,0.4064864864864865,False,False,0.3257577326;0.6871221964;0.2523803769;0.1963495047;0.5437054116;0.2493362779;0.95;0.4363495231;0.95;0.6652629851;0.95;0.2127973752,1.414897118;0.6652565043;1.798374164;2.302374716;0.8671448273;1.819394726;0.209506079;1.076896197;0.2790122724;0.6926602831;0.247425482;2.123503268,16.0372973;9.254864865;19.30027027;22.22162162;12.52189189;17.9272973;4.998648649;10.90594595;5.344324324;8.120540541;5.158108108;17.90081081,0.3839342449;0.1519302017;0.4802145065;0.6042177972;0.2221765666;0.5177899045;0.0454118582;0.2762093218;0.06108106503;0.1690465502;0.05302929924;0.5934330755,0.0727027027;0.1321621622;0.05351351351;0.04945945946;0.1059459459;0.06135135135;0.1886486486;0.1048648649;0.1840540541;0.1437837838;0.1848648649;0.05621621622,59.48148118;4.505130086;333.7692645;824.0792038;9.944331028;465.3354352;0.209506079;19.3837821;0.2790122724;3.80458368;0.247425482;790.2241049
Zhu'26-style Aggregate-DPP,4,10,508.654054054054,22.532432432432437,20.52077027027027,43.0,65.0,56.513063063063065,0.0583333333333333,0.014054054054054,0.0928828828828828,0.0518918918918918,0.871271295393527,38.0,121.0,0.0,0,11100,0.3372990146629021,0.5705830094056872,682.0265259359041,0.4064864864864865,False,False,0.2210551088;0.5230742899;0.4621770162;0.8877431859;0.3493760462;0.4491418585;0.5565464418;0.34857734;0.2223217792;0.6900300697;0.2104662511;0.2177243916,2.045012567;0.9021077578;1.019211399;0.4291816563;1.325898395;1.047619095;0.8463561798;1.328717478;2.03354937;0.6616731043;2.146920017;2.075867389,15.95756757;14.26405405;13.48108108;6.375675676;15.86;11.64027027;11.82486486;14.95027027;17.40351351;8.701351351;18.87486486;22.53243243,0.5239653819;0.2323537009;0.2520482244;0.09082411808;0.3060316835;0.2845559974;0.2038117179;0.3350522723;0.539714995;0.1545096114;0.5541374638;0.5705830094,0.06486486486;0.09810810811;0.09918918919;0.1732432432;0.07405405405;0.1081081081;0.1175675676;0.07864864865;0.0572972973;0.1383783784;0.05189189189;0.05324324324,525.4074535;12.90117238;17.85318757;0.6042715941;18.90210688;14.17143013;12.00526068;27.19842062;579.5597401;2.493384835;619.5645771;682.0265259
Zhu'26-style Aggregate-DPP,4,11,432.4772972972973,23.61,20.13548648648648,39.0,62.0,52.73558558558558,0.0441891891891891,0.0114189189189189,0.1132657657657657,0.0445945945945946,0.8758423425388958,32.0,96.0,0.0,0,11100,0.2700129688664688,0.5176123998967275,456.1727221264745,0.4064864864864865,False,False,0.95;0.2935060875;0.6227889451;0.4312530983;0.6153269509;0.4183303984;0.9434799305;0.4987828682;0.6260188518;0.4351735249;0.2492611008;0.2092716103,0.3358641596;1.559243329;0.7487311135;1.088976442;0.7590395275;1.120756955;0.3508668233;0.9460759936;0.7443154627;1.079661914;1.819920828;2.159149808,5.538378378;15.01459459;9.06027027;11.89243243;9.162162162;14.50540541;5.603243243;12.95513514;11.06054054;12.08297297;17.2927027;23.61,0.07307314824;0.4066675168;0.1845521015;0.2981440908;0.1797077368;0.300786934;0.0799407384;0.2462354546;0.169180893;0.2923841184;0.4918704939;0.5176123999,0.1881081081;0.07459459459;0.1491891892;0.09702702703;0.132972973;0.08918918919;0.1824324324;0.1032432432;0.1291891892;0.1027027027;0.06594594595;0.04459459459,0.3358641596;91.25021064;7.661933405;14.04882212;3.826553385;14.92844509;0.3508668233;15.03620382;9.36241027;16.14918126;370.1551271;456.1727221
Zhu'26-style Aggregate-DPP,4,12,459.4524324324324,17.76162162162162,17.332027027027028,38.0,57.0,49.57477477477477,0.0408783783783783,0.0070045045045045,0.1064189189189189,0.0578378378378378,0.881154509403481,33.0,92.0,0.0,0,11100,0.2880946033512857,0.5067824168818419,450.4559759661625,0.4064864864864865,False,False,0.2277146089;0.9318683167;0.4490225566;0.364868936;0.3264467419;0.2532754659;0.5108922966;0.7249468559;0.885090931;0.3371942215;0.4510893652;0.3770521179,1.986329388;0.369039043;1.047885528;1.273544601;1.412123145;1.792296255;0.9237509324;0.6195927545;0.4325165816;1.370290719;1.043286736;1.235229773,16.98054054;5.485675676;12.56810811;14.56837838;14.78756757;17.76162162;11.31432432;7.332972973;6.21972973;16.15405405;13.55216216;12.42675676,0.5067824169;0.0787948227;0.2965232833;0.3479874573;0.3766933904;0.4684190482;0.2221995486;0.1354731185;0.09866053916;0.3555348892;0.2602577453;0.3098089808,0.06378378378;0.1827027027;0.1032432432;0.08594594595;0.08189189189;0.05783783784;0.1102702703;0.1486486486;0.172972973;0.0772972973;0.09918918919;0.09324324324,450.455976;0.369039043;33.08158959;25.55342724;34.52135904;308.4417336;8.875018648;1.756742036;0.5625829082;24.37976887;13.59559493;20.51597409
Zhu'26-style Aggregate-DPP,4,13,318.5859459459459,20.06297297297297,17.148121621621616,29.0,50.0,41.87342342342343,0.0206531531531531,0.0044819819819819,0.1472522522522522,0.0548648648648648,0.9106890971887024,23.0,101.0,0.0,0,11100,0.1927922654384814,0.5382609320670727,549.2829445015532,0.4064864864864865,False,False,0.931036637;0.7159624459;0.6775674106;0.3509019354;0.95;0.7562371291;0.2357345475;0.5713184825;0.95;0.8385292043;0.9458583108;0.3749843981,0.3702883284;0.6302691506;0.6771299559;1.320546841;0.2764601871;0.5830294735;1.920506701;0.8232731646;0.2265612916;0.488449848;0.3469497415;1.241568686,6.242972973;7.803513514;8.842972973;14.76324324;5.493243243;6.79;20.06297297;9.616486486;4.858378378;6.133513514;5.738918919;12.88837838,0.08696771822;0.1652327233;0.1586680194;0.3483388424;0.06605156903;0.14181798;0.5382609321;0.2280689172;0.05535443449;0.1206603138;0.0715466629;0.3325390724,0.1791891892;0.1597297297;0.1375675676;0.08027027027;0.1967567568;0.1659459459;0.05486486486;0.1324324324;0.2067567568;0.1835135135;0.1740540541;0.09594594595,0.3702883284;2.702691506;2.956949338;25.63827888;0.2764601871;1.315147367;549.2829445;8.158555951;0.2265612916;0.8422492401;0.3469497415;29.59059387
Zhu'26-style Aggregate-DPP,4,14,454.33702702702703,17.842702702702702,17.493824324324322,37.0,57.0,49.26351351351352,0.0376801801801801,0.00759009009009,0.1049549549549549,0.0572972972972972,0.8919318196007151,34.0,103.0,0.0,0,11100,0.2891446286367958,0.5521471956682221,579.0111820046709,0.4064864864864865,False,False,0.3969158517;0.64914127;0.685168137;0.2123384503;0.8391928019;0.2547057577;0.6450583303;0.3536782427;0.3495021855;0.2638904463;0.8142278578;0.4332858251,1.177446822;0.7134614509;0.6676722331;2.128067317;0.4876767217;1.782678959;0.7188179662;1.310923092;1.325454306;1.723560971;0.5165166625;1.084128614,12.89756757;8.761891892;8.698378378;17.8427027;6.746486486;16.85621622;9.538378378;17.20837838;13.84027027;16.85567568;6.637027027;13.01081081,0.3093184623;0.176629916;0.1633090192;0.5521471957;0.1099249692;0.4740962421;0.1808701423;0.3440287358;0.3446181197;0.4276294516;0.1134940666;0.2736692232,0.09405405405;0.1356756757;0.1332432432;0.0572972973;0.1610810811;0.06810810811;0.1256756757;0.07702702703;0.08378378378;0.06108108108;0.1659459459;0.09648648649,22.69191566;5.890382077;4.285772429;579.011182;0.9260603305;301.6805753;4.376359323;29.36461644;45.19450889;149.828971;1.165166625;14.18734397
Zhu'26-style Aggregate-DPP,4,15,384.7881081081081,19.77945945945946,18.756608108108107,34.0,53.0,45.8990990990991,0.0295045045045045,0.0052927927927927,0.1268243243243243,0.0502702702702702,0.8881727353306865,28.0,100.0,0.0,0,11100,0.2593705615868066,0.6516414470822464,988.4464213277672,0.4064864864864865,False,False,0.95;0.6682774533;0.3936552323;0.8783623152;0.2542081145;0.6112416568;0.1961261937;0.2603661895;0.4858854259;0.9440218225;0.777121657;0.6438927182,0.2609434761;0.6888292002;1.186565108;0.4408835581;1.786011998;0.7647485898;2.305041448;1.74572184;0.9708198352;0.349980936;0.5589976316;0.7203540735,4.843783784;7.259459459;13.39486486;6.526756757;17.91972973;8.434054054;19.77945946;15.28324324;10.93513514;5.530810811;8.209189189;10.02621622,0.05761914052;0.1710902797;0.3181277262;0.09544533243;0.5000833595;0.1984212557;0.6516414471;0.4944639156;0.2542498433;0.07661744816;0.1270586509;0.1676283398,0.1924324324;0.1532432432;0.1005405405;0.1675675676;0.06486486486;0.1497297297;0.05027027027;0.07243243243;0.1143243243;0.1824324324;0.1494594595;0.1245945946,0.2609434761;2.665950403;20.82382302;0.7270684645;442.5307543;7.553966155;988.4464213;384.1111361;8.562297528;0.349980936;1.35398579;2.723894809
Zhu'26-style Aggregate-DPP,4,16,440.0410810810811,19.267027027027027,19.260783783783783,38.0,57.0,50.04144144144144,0.0400675675675675,0.0078378378378378,0.1136036036036036,0.0537837837837837,0.8595585502675106,32.0,101.0,0.0,0,11100,0.3057691207354459,0.6273943249255083,901.7809375444104,0.4064864864864865,False,False,0.3932789834;0.7735119064;0.901603995;0.8416273572;0.2260479039;0.7045979448;0.6624829137;0.1982197585;0.7522839954;0.3841282698;0.2247729528;0.2144342016,1.187626136;0.5631378354;0.4113518347;0.4848363331;2.00065631;0.6439160289;0.6962092138;2.280313362;0.5876051337;1.214015836;2.011774821;2.107404393,15.60972973;7.985405405;5.757567568;7.131621622;15.58702703;7.212702703;8.241621622;19.25567568;7.224864865;12.94891892;19.26702703;17.30108108,0.3110296556;0.1433718489;0.08994152278;0.1007673352;0.5190892048;0.1522774393;0.1766866086;0.6273943249;0.1388018613;0.3300810624;0.5176242241;0.562164361,0.08621621622;0.1594594595;0.1716216216;0.1543243243;0.06405405405;0.1537837838;0.1454054054;0.05378378378;0.1610810811;0.09837837838;0.05675675676;0.05837837838,29.36059543;1.883929696;0.4681110082;0.7393453325;551.9035644;2.526992346;4.235556634;901.7809375;1.876051337;20.84850674;461.1867674;642.530186
Zhu'26-style Aggregate-DPP,4,17,360.6681081081081,19.854864864864865,19.67172972972973,35.0,56.0,47.23648648648648,0.0329504504504504,0.006509009009009,0.1381756756756757,0.0483783783783783,0.8538329834812279,26.0,87.0,0.0,0,11100,0.2396895147796336,0.6139077759822958,840.1514849877976,0.4064864864864865,False,False,0.6058267012;0.4606290406;0.8627452041;0.95;0.8920394043;0.9329954481;0.2434414901;0.2237143759;0.7874097494;0.2072792387;0.95;0.5223938409,0.772389876;1.022513998;0.4598691245;0.2139841101;0.4237308779;0.3673358894;1.861711545;2.021113381;0.5472165522;2.179902851;0.241873434;0.9032962107,9.753783784;11.92972973;5.409459459;4.367837838;5.888648649;5.360810811;18.07648649;19.85486486;7.481891892;19.52189189;5.051081081;9.42027027,0.1918449449;0.254523079;0.1077585219;0.05141401997;0.09951949538;0.08458653452;0.513228588;0.5238507385;0.1390225835;0.613907776;0.05419272346;0.2424251722,0.1286486486;0.1075675676;0.1881081081;0.2089189189;0.1835135135;0.1927027027;0.06216216216;0.04837837838;0.1702702703;0.05108108108;0.192972973;0.1237837838,6.675407644;9.96022397;0.6993456227;0.2139841101;0.4949235117;0.3673358894;472.2038723;499.8734628;2.019382075;840.151485;0.241873434;11.17581285
Zhu'26-style Aggregate-DPP,4,18,312.6010810810811,17.77756756756757,16.71681081081081,30.0,48.0,41.02837837837838,0.02,0.0031306306306306,0.1526576576576576,0.0627027027027027,0.8882939509530042,22.0,91.0,0.0,0,11100,0.2092186514563468,0.5591292354138698,664.1752464338573,0.4064864864864865,False,False,0.95;0.2298402862;0.2514208534;0.95;0.8064515181;0.2889292384;0.86964094;0.95;0.4229897239;0.9113191376;0.93510967;0.8418183031,0.2641897105;1.968390267;1.804941085;0.3377909827;0.5254308787;1.582364629;0.451552802;0.2372894534;1.10910177;0.3983676074;0.3641087485;0.4846132827,5.090540541;17.77756757;15.84891892;4.860540541;7.222432432;14.69486486;6.384324324;5.032972973;11.24;5.085135135;5.604324324;6.623243243,0.06404815413;0.5591292354;0.4936757778;0.07778322088;0.1228372189;0.4340811077;0.1097151268;0.05662880739;0.2955606339;0.09216288431;0.08659883747;0.1184028129,0.2040540541;0.0627027027;0.06783783784;0.1964864865;0.1737837838;0.07972972973;0.1808108108;0.1975675676;0.1016216216;0.1943243243;0.1940540541;0.1789189189,0.2641897105;664.1752464;394.625311;0.3377909827;1.027154393;166.6155481;0.709316812;0.2372894534;15.98215488;0.3983676074;0.3641087485;1.292265654
Zhu'26-style Aggregate-DPP,4,19,474.2035135135135,19.91,19.29964864864865,39.0,57.0,49.67027027027027,0.0428828828828828,0.0069144144144144,0.1005855855855856,0.0537837837837837,0.8800642236680845,35.0,97.0,0.0,0,11100,0.3100962911370059,0.5716329972950951,685.1764481308956,0.4064864864864865,False,False,0.8339118425;0.4218873338;0.3658373363;0.3670076204;0.481511622;0.1930715746;0.2120595117;0.3057773787;0.5446939528;0.4653449839;0.3623629999;0.8770434254,0.4938172966;1.111838862;1.270411673;1.266646367;0.9794527448;2.342239302;2.1308523;1.500722279;0.8655191693;1.012509865;1.281724896;0.4425090154,6.25027027;13.53081081;15.25945946;13.45918919;11.96648649;18.80027027;19.91;14.60297297;9.715405405;10.88891892;14.24081081;6.131351351,0.1146456913;0.26654083;0.3230965903;0.3457602246;0.2390394131;0.5716329973;0.5419275714;0.412901427;0.2240992876;0.2596950977;0.3280522909;0.09376407246,0.1716216216;0.09;0.08081081081;0.08891891892;0.1018918919;0.05459459459;0.05378378378;0.07864864865;0.1248648649;0.1113513514;0.07972972973;0.1708108108,0.8690864829;11.52493838;29.53705056;24.3316485;13.56303509;685.1764481;579.0767888;98.39765009;9.841421725;10.4126677;27.09281697;0.6125450771
Zhu'26-style Aggregate-DPP,8,0,367.79459459459457,17.06027027027027,16.641527027027024,33.0,52.0,44.69954954954955,0.0272297297297297,0.0048198198198198,0.1379279279279279,0.0643243243243243,0.8784155578078449,27.0,98.0,0.0,0,11100,0.240583191242112,0.5180759523118329,482.227374373561,0.4064864864864865,False,False,0.95;0.2315765095;0.95;0.8081176242;0.6281327393;0.795200025;0.3394136806;0.9476946562;0.5005847781;0.95;0.23436609;0.2528380647,0.3369544871;1.95400716;0.2191119648;0.5235225351;0.7414402559;0.5383055036;1.361973486;0.3438720469;0.9427001774;0.2738400263;1.931388168;1.795260579,5.215405405;16.29891892;5.41;6.781621622;10.17864865;6.938378378;13.9372973;5.894324324;12.66567568;5.335945946;17.06027027;15.06837838,0.07786380716;0.5180759523;0.0516985798;0.124796453;0.1845585069;0.1357402797;0.3938680082;0.07490834318;0.242299424;0.05846854615;0.5089468822;0.5157735123,0.1948648649;0.06594594595;0.1948648649;0.1791891892;0.1318918919;0.1791891892;0.08945945946;0.1821621622;0.1091891892;0.1862162162;0.06432432432;0.07783783784,0.3369544871;482.2273744;0.2191119648;1.141135211;3.980163583;1.091527518;38.55425445;0.3438720469;8.224804258;0.2738400263;442.4495304;462.0207573
Zhu'26-style Aggregate-DPP,8,1,487.0675675675676,21.42675675675676,21.258783783783784,44.0,67.0,58.48018018018018,0.0644369369369369,0.0166216216216216,0.1117342342342342,0.0508108108108108,0.8044157374130935,35.0,103.0,0.0,0,11100,0.3168685587758985,0.608843617765399,868.4422711784484,0.4064864864864865,False,False,0.5605092249;0.2181252996;0.2316669551;0.3707979081;0.95;0.95;0.2020086086;0.95;0.325972712;0.8362721814;0.2993435181;0.2334007936,0.8400796556;2.072097608;1.953264399;1.254604531;0.2976063768;0.2276934429;2.237061952;0.2579608484;1.414030367;0.4910760745;1.530799061;1.939147999,11.21567568;21.42675676;20.02378378;16.54405405;5.177567568;4.591351351;21.12135135;5.313513514;14.72243243;7.094594595;15.45351351;18.74081081,0.2107010596;0.5617064598;0.5009859228;0.3339960711;0.06297994405;0.05169256543;0.6088436178;0.05396262072;0.3947819916;0.114407453;0.3984214852;0.5099435143,0.1216216216;0.06054054054;0.05621621622;0.08540540541;0.1805405405;0.2016216216;0.05081081081;0.187027027;0.08945945946;0.1697297297;0.07918918919;0.05864864865,4.281354146;646.783953;446.5688595;23.23813593;0.2976063768;0.2276934429;868.4422712;0.2579608484;36.09740529;0.7643042981;57.2148888;431.7573267
Zhu'26-style Aggregate-DPP,8,2,417.5135135135135,21.04297297297297,19.922608108108108,37.0,59.0,50.56216216216216,0.0389864864864864,0.0091891891891891,0.1257207207207207,0.0502702702702702,0.8773888424458234,29.0,115.0,0.0,0,11100,0.2652912510827272,0.6197061274287716,862.4732346045669,0.4064864864864865,False,False,0.2983974043;0.4720337023;0.7619171253;0.95;0.6042558466;0.7527600943;0.6803453125;0.2438339011;0.7053294905;0.1925045361;0.95;0.2931742638,1.535332493;0.9986066978;0.5764720931;0.328976203;0.7746227687;0.5870535051;0.6736618433;1.858825842;0.6430324214;2.34929577;0.2710575607;1.560894842,16.47621622;9.906486486;7.001351351;5.574864865;11.22864865;7.53027027;8.368648649;19.00594595;8.517837838;21.04297297;5.262972973;16.03837838,0.4278183243;0.238316139;0.1347698272;0.07264150212;0.1984709148;0.1399408626;0.1558525778;0.5209736211;0.1565870842;0.6197061274;0.05985243975;0.4585655927,0.06918918919;0.1224324324;0.1694594595;0.1837837838;0.1275675676;0.1586486486;0.1489189189;0.06324324324;0.1508108108;0.05027027027;0.1872972973;0.07702702703,131.8487803;4.190246884;1.458832559;0.328976203;7.962551366;1.335267526;1.789294747;473.5555105;1.615162107;862.4732346;0.2710575607;223.9228497
Zhu'26-style Aggregate-DPP,8,3,526.5627027027027,20.68945945945946,20.12385135135135,46.0,72.0,61.31666666666667,0.0698648648648648,0.0194369369369369,0.0992792792792792,0.0535135135135135,0.8244098927503556,37.05000000000018,130.0,0.0,0,11100,0.3383907241384009,0.5136170473172864,479.3829628053024,0.4064864864864865,False,False,0.2469621281;0.8215561338;0.8932287906;0.3220866759;0.225348274;0.2465631425;0.4834834838;0.2778755806;0.2645088005;0.3014458345;0.9387067142;0.2969367479,1.836175919;0.5080937316;0.4222105672;1.429873819;2.006740312;1.839030251;0.9755450403;1.641436133;1.719737046;1.520828652;0.3585144156;1.542388958,17.87864865;6.762432432;5.78;13.21540541;19.66108108;20.68945946;12.01837838;16.30837838;17.99108108;18.41135135;5.813783784;18.99702703,0.4779020026;0.116586913;0.09197343708;0.3961136931;0.5136170473;0.4562783162;0.245468225;0.4431877558;0.4508499823;0.4110347708;0.07499733992;0.3826792065,0.06081081081;0.1686486486;0.1821621622;0.08864864865;0.06486486486;0.05351351351;0.1159459459;0.07567567568;0.06648648649;0.07297297297;0.1713513514;0.07027027027,331.4906411;0.9404686578;0.4888422689;67.58697229;479.3829628;250.9473413;11.09080617;189.8792166;224.3791495;89.78789362;0.3585144156;40.17714423
Zhu'26-style Aggregate-DPP,8,4,477.3278378378378,19.314324324324325,18.89097297297297,40.0,59.0,52.23063063063063,0.0490315315315315,0.0087162162162162,0.1033108108108108,0.0562162162162162,0.9100826734114772,35.0,112.0,0.0,0,11100,0.2980058830531654,0.5432881625455677,590.6343646691763,0.4064864864864865,False,False,0.662118963;0.6741961796;0.3640876;0.2460798207;0.2372011855;0.4128728207;0.5024050881;0.4159209977;0.2309431598;0.4380235493;0.7287104513;0.5641011845,0.6966749552;0.6813572012;1.27608378;1.842501298;1.908996959;1.13470463;0.9393093506;1.126874486;1.959226317;1.072981387;0.6151471375;0.8344446437,8.866486486;8.713513514;14.40945946;18.54459459;18.49702703;12.02324324;12.50513514;12.82378378;19.31432432;13.93540541;8.533783784;9.64,0.172097543;0.1603951682;0.3159169575;0.4865199373;0.4870521971;0.2928764654;0.2325425311;0.2725818014;0.5432881625;0.2636054273;0.1446427053;0.2045517005,0.1494594595;0.1451351351;0.08918918919;0.06027027027;0.06162162162;0.1027027027;0.107027027;0.09783783784;0.05621621622;0.09432432432;0.1489189189;0.127027027,3.920198925;2.65085761;15.19775939;326.1012978;372.412886;7.96761576;5.846877661;8.064364211;590.6343647;9.986646359;1.475735687;3.441112506
Zhu'26-style Aggregate-DPP,8,5,421.3278378378378,19.54216216216216,18.465351351351348,36.0,57.0,48.81171171171171,0.0363288288288288,0.0076576576576576,0.1216666666666666,0.0564864864864864,0.8633208108402991,31.0,107.0,0.0,0,11100,0.2695093933948333,0.5206312283954749,504.675594743782,0.4064864864864865,False,False,0.9411489522;0.4821824971;0.3825098869;0.7544254172;0.3523107703;0.8677360717;0.95;0.2189202535;0.8265150398;0.3376263363;0.2625732011;0.2699141276,0.3546353857;0.9781203331;1.218803669;0.5851252029;1.315645181;0.4538598372;0.2241414152;2.064668323;0.5023771293;1.368663091;1.731770293;1.687095206,5.429459459;11.06135135;13.09135135;7.576756757;13.64621622;6.745945946;5.155135135;19.54216216;6.685135135;13.81702703;17.58432432;16.64162162,0.07859486925;0.2514033613;0.3340180866;0.1353695064;0.3481126032;0.101321142;0.05015921401;0.5206312284;0.1193485126;0.3902539355;0.4516644142;0.4532358471,0.1878378378;0.1127027027;0.09459459459;0.1659459459;0.09081081081;0.1694594595;0.1872972973;0.05648648649;0.17;0.08864864865;0.06540540541;0.07081081081,0.3546353857;8.84992533;23.81027519;1.325626014;22.32645301;0.615439349;0.2241414152;504.6755947;0.8095085171;43.60823406;222.13278;221.7694446
Zhu'26-style Aggregate-DPP,8,6,318.1872972972973,15.465405405405406,15.42318918918919,30.0,47.0,40.8509009009009,0.0202027027027027,0.0022522522522522,0.1518018018018017,0.0716216216216216,0.9187886283757302,23.0,88.0,0.0,0,11100,0.1802147508991747,0.4149233941297436,68.91977008528785,0.4064864864864865,False,False,0.6600953202;0.4082536129;0.95;0.8542797728;0.5796663152;0.95;0.7238759829;0.298421524;0.95;0.3698913443;0.95;0.5870736138,0.6992694381;1.146768836;0.2551559305;0.4699577518;0.8105930222;0.2156180293;0.6208604762;1.535216558;0.2628816135;1.257463669;0.2571157349;0.7995478023,9.04;13.14108108;5.072162162;6.597567568;9.98972973;4.913243243;8.577567568;15.46540541;4.511891892;15.38864865;4.812432432;9.450540541,0.1869128309;0.3164462113;0.05847898083;0.1159652506;0.1989239092;0.05023317331;0.1397775072;0.4149233941;0.0604627711;0.3524296823;0.06122134119;0.2068019586,0.1505405405;0.1032432432;0.1975675676;0.187027027;0.1316216216;0.1983783784;0.1448648649;0.07162162162;0.2043243243;0.08702702703;0.2032432432;0.1421621622,3.289041572;12.4578288;0.2551559305;1.029619766;2.463558133;0.2156180293;1.76688381;68.91977009;0.2628816135;28.71202083;0.2571157349;3.195478023
Zhu'26-style Aggregate-DPP,8,7,330.4056756756757,20.047027027027028,18.58833783783784,32.0,53.0,44.79369369369369,0.025045045045045,0.0051576576576576,0.1488513513513513,0.0554054054054054,0.8826637607531932,24.0,113.0,0.0,0,11100,0.2197357082001097,0.6399247063122707,976.8189033086044,0.4064864864864865,False,False,0.95;0.8194645516;0.5139536145;0.1957148488;0.2668165055;0.95;0.9166527097;0.2817874583;0.4060368001;0.95;0.95;0.8957240492,0.2129344738;0.5105004868;0.9182376412;2.309972111;1.705631049;0.2143947682;0.3910280632;1.619983796;1.152645744;0.2643493157;0.2202876177;0.4190042049,5.293243243;5.891351351;11.02567568;20.04702703;17.39486486;5.325675676;5.545135135;15.01378378;11.1372973;5.212432432;5.058918919;5.844054054,0.04822678083;0.1181049775;0.2580992289;0.6399247063;0.4637472528;0.0487892959;0.09342400214;0.4518441291;0.3015570487;0.06051455956;0.05203550754;0.1005610092,0.192972973;0.1821621622;0.1232432432;0.05540540541;0.0672972973;0.19;0.1954054054;0.08405405405;0.1091891892;0.1916216216;0.2032432432;0.1916216216,0.2129344738;0.8420019473;9.164752825;976.8189033;261.0788151;0.2143947682;0.3910280632;217.5854166;12.15820637;0.2643493157;0.2202876177;0.5330294346
Zhu'26-style Aggregate-DPP,8,8,392.73459459459457,18.25702702702703,18.216148648648648,36.0,56.0,48.93963963963964,0.0353153153153153,0.0066441441441441,0.1331756756756756,0.057027027027027,0.8520382202485027,27.0,115.0,0.0,0,11100,0.2565883954614875,0.6549992385756777,1011.0740072859754,0.4064864864864865,False,False,0.924502767;0.7675714746;0.2938168902;0.223720696;0.8564804989;0.95;0.4732619221;0.198994158;0.3554966144;0.365156396;0.95;0.8950142286,0.3798996382;0.5699618165;1.557699888;2.021057334;0.4673466129;0.2347890628;0.9960890923;2.271318822;1.304697623;1.272612991;0.2590903055;0.4199186836,5.000810811;7.724594595;16.18;18.1827027;6.474054054;4.987297297;11.17918919;18.25702703;13.82513514;15.17648649;4.933243243;5.366486486,0.08747959236;0.1418742792;0.4163689701;0.5178276629;0.1048372132;0.05349383242;0.2514451925;0.6549992386;0.3579102938;0.3322551754;0.05854040415;0.102028891,0.1927027027;0.1643243243;0.07081081081;0.0572972973;0.172972973;0.1940540541;0.1181081081;0.05702702703;0.09027027027;0.08972972973;0.1975675676;0.1932432432,0.3798996382;1.079847266;102.0078839;496.0890542;0.7367330643;0.2347890628;7.317870939;1011.074007;33.29659808;24.82939242;0.2590903055;0.5195121017
Zhu'26-style Aggregate-DPP,8,9,485.5462162162162,22.98837837837838,21.48435135135135,42.0,66.0,56.72567567567568,0.053581081081081,0.0140765765765765,0.1141441441441441,0.0516216216216216,0.8279412087054853,33.0,129.0,0.0,0,11100,0.2982819291993493,0.6291083346319054,915.3741924249844,0.4064864864864865,False,False,0.3257577326;0.6871221964;0.2523803769;0.1963495047;0.5437054116;0.2493362779;0.95;0.4363495231;0.95;0.6652629851;0.95;0.2127973752,1.414897118;0.6652565043;1.798374164;2.302374716;0.8671448273;1.819394726;0.209506079;1.076896197;0.2790122724;0.6926602831;0.247425482;2.123503268,16.10486486;9.029459459;20.07675676;22.98837838;12.65486486;20.25378378;4.914324324;11.15675676;5.211621622;7.98972973;4.982162162;18.05918919,0.3724621061;0.1485140196;0.483616836;0.6291083346;0.2149112991;0.5177899045;0.04552510472;0.2802840642;0.06108106503;0.1671744953;0.05343052976;0.6054853914,0.07621621622;0.1372972973;0.05783783784;0.05162162162;0.1086486486;0.05972972973;0.1902702703;0.1072972973;0.1856756757;0.1478378378;0.1875675676;0.05972972973,42.48559648;1.726282521;353.9058791;915.3741924;4.408606892;480.290593;0.209506079;11.59825279;0.2790122724;1.863301415;0.247425482;814.2941703
Zhu'26-style Aggregate-DPP,8,10,535.5643243243243,23.674594594594595,22.151243243243243,46.0,69.0,59.91171171171171,0.0740315315315315,0.0189414414414414,0.0948198198198198,0.0475675675675675,0.8667838412528878,40.0,111.0,0.0,0,11100,0.3377587178133247,0.5700219641653669,677.0006177381081,0.4064864864864865,False,False,0.2210551088;0.5230742899;0.4621770162;0.8877431859;0.3493760462;0.4491418585;0.5565464418;0.34857734;0.2223217792;0.6900300697;0.2104662511;0.2177243916,2.045012567;0.9021077578;1.019211399;0.4291816563;1.325898395;1.047619095;0.8463561798;1.328717478;2.03354937;0.6616731043;2.146920017;2.075867389,17.26243243;14.85864865;13.58594595;6.045405405;17.49081081;11.64459459;11.50864865;15.61594595;18.26405405;9.562432432;20.90486486;23.67459459,0.5250707941;0.2272336298;0.2446107358;0.09105610816;0.325382633;0.2703989826;0.2054129323;0.3368478364;0.5413638189;0.1580862228;0.5576189557;0.5700219642,0.06351351351;0.1037837838;0.09837837838;0.1754054054;0.08;0.1124324324;0.122972973;0.08351351351;0.05567567568;0.1408108108;0.04756756757;0.05378378378,513.6928682;11.65058619;7.661073581;0.6626349067;21.39925665;7.466667328;10.85161686;16.29739828;564.5248945;3.465173817;677.0006177;669.9713216
Zhu'26-style Aggregate-DPP,8,11,437.00567567567566,22.867027027027028,19.964364864864866,40.0,63.0,53.72522522522522,0.0485135135135135,0.0121171171171171,0.1158333333333333,0.0527027027027027,0.8840739374079591,32.0,107.0,0.0,0,11100,0.2710968759658805,0.5415381139844004,546.2766094486776,0.4064864864864865,False,False,0.95;0.2935060875;0.6227889451;0.4312530983;0.6153269509;0.4183303984;0.9434799305;0.4987828682;0.6260188518;0.4351735249;0.2492611008;0.2092716103,0.3358641596;1.559243329;0.7487311135;1.088976442;0.7590395275;1.120756955;0.3508668233;0.9460759936;0.7443154627;1.079661914;1.819920828;2.159149808,5.354054054;15.21054054;9.377297297;12.2772973;9.847837838;15.26891892;5.477297297;12.62432432;10.56486486;12.91864865;17.58945946;22.86702703,0.07479785609;0.4108816879;0.1819214246;0.2928463676;0.1778614244;0.3035130996;0.08050971163;0.2421443151;0.1643529008;0.2909251159;0.4918704939;0.541538114,0.1889189189;0.07783783784;0.1478378378;0.1005405405;0.1297297297;0.09297297297;0.1872972973;0.1110810811;0.1294594595;0.1108108108;0.06081081081;0.0527027027,0.3358641596;86.1521857;3.538580022;10.78189279;3.067513857;19.41904246;0.3508668233;13.14405183;2.531785553;10.71188595;372.1152854;546.2766094
Zhu'26-style Aggregate-DPP,8,12,474.6264864864865,19.70891891891892,18.541283783783783,40.0,60.0,51.97072072072072,0.0477927927927927,0.0095945945945945,0.1078603603603603,0.0527027027027027,0.8733594703085087,35.0,90.0,0.0,0,11100,0.2883938375004017,0.5180561782743408,481.8235755656011,0.4064864864864865,False,False,0.2277146089;0.9318683167;0.4490225566;0.364868936;0.3264467419;0.2532754659;0.5108922966;0.7249468559;0.885090931;0.3371942215;0.4510893652;0.3770521179,1.986329388;0.369039043;1.047885528;1.273544601;1.412123145;1.792296255;0.9237509324;0.6195927545;0.4325165816;1.370290719;1.043286736;1.235229773,17.58594595;5.244054054;13.03486486;15.48135135;15.41459459;19.70891892;10.9627027;7.702432432;6.047027027;14.90675676;13.84189189;14.23972973,0.5180561783;0.07899430326;0.293407948;0.3428244386;0.3786016649;0.4824667756;0.2236975231;0.1381524385;0.09912812466;0.3388691913;0.2577200208;0.3088074432,0.06486486486;0.187027027;0.1075675676;0.08675675676;0.08513513514;0.0527027027;0.1148648649;0.1516216216;0.1775675676;0.07945945946;0.09945945946;0.0872972973,481.8235756;0.369039043;23.17736065;21.84760564;29.93348218;357.4032149;4.285011189;1.497963773;0.5300663265;21.07686169;8.865734725;18.91597409
Zhu'26-style Aggregate-DPP,8,13,316.66810810810813,18.343783783783785,16.435878378378376,30.0,50.0,41.8981981981982,0.0210135135135135,0.0044594594594594,0.1519369369369369,0.0605405405405405,0.9233047361254688,24.0,86.0,0.0,0,11100,0.1936033450748855,0.5403371555273122,561.1264914065935,0.4064864864864865,False,False,0.931036637;0.7159624459;0.6775674106;0.3509019354;0.95;0.7562371291;0.2357345475;0.5713184825;0.95;0.8385292043;0.9458583108;0.3749843981,0.3702883284;0.6302691506;0.6771299559;1.320546841;0.2764601871;0.5830294735;1.920506701;0.8232731646;0.2265612916;0.488449848;0.3469497415;1.241568686,6.426756757;7.956216216;9.084054054;14.87486486;5.47027027;6.66;18.34378378;9.988648649;4.885135135;6.100540541;5.649189189;13.15297297,0.08666748444;0.1645513512;0.1575699708;0.3643995472;0.06552853624;0.1429210088;0.5403371555;0.2249538296;0.05443594277;0.1205283003;0.0718279735;0.3295190405,0.1808108108;0.1635135135;0.1410810811;0.09135135135;0.2002702703;0.1708108108;0.06054054054;0.1375675676;0.2059459459;0.1889189189;0.1764864865;0.1059459459,0.3702883284;2.011884054;1.508519823;31.33140306;0.2764601871;1.132117894;561.1264914;6.581829115;0.2265612916;0.8422492401;0.3469497415;13.35607978
Zhu'26-style Aggregate-DPP,8,14,480.9181081081081,20.43027027027027,19.767,41.0,64.0,55.71666666666667,0.051509009009009,0.0127027027027027,0.1077252252252252,0.0532432432432432,0.882712037973795,35.0,150.0,0.0,0,11100,0.2893444447855748,0.5555981156411485,625.4286629707098,0.4064864864864865,False,False,0.3969158517;0.64914127;0.685168137;0.2123384503;0.8391928019;0.2547057577;0.6450583303;0.3536782427;0.3495021855;0.2638904463;0.8142278578;0.4332858251,1.177446822;0.7134614509;0.6676722331;2.128067317;0.4876767217;1.782678959;0.7188179662;1.310923092;1.325454306;1.723560971;0.5165166625;1.084128614,12.58621622;9.671621622;8.866486486;20.43027027;6.903243243;17.23432432;9.281891892;17.76783784;15.74405405;19.22432432;6.524864865;13.68945946,0.3042268004;0.1743159869;0.163850375;0.5555981156;0.1113748189;0.4726508268;0.1797044915;0.3404857004;0.3532156611;0.4341510337;0.1147504585;0.2678090685,0.09486486486;0.1367567568;0.1397297297;0.05324324324;0.1705405405;0.06810810811;0.1362162162;0.07864864865;0.08351351351;0.06351351351;0.1686486486;0.09891891892,14.49489426;8.43076643;1.470688932;625.428663;0.9260603305;302.3766491;2.550543729;19.66046204;24.12723209;161.6823856;0.7495499874;10.41908674
Zhu'26-style Aggregate-DPP,8,15,374.4918918918919,18.66675675675676,17.7985,34.0,52.0,44.83963963963964,0.0272072072072072,0.0045495495495495,0.1315990990990991,0.0551351351351351,0.8964739100591702,28.0,102.0,0.0,0,11100,0.2587082414661419,0.642919668631814,970.7111311944795,0.4064864864864865,False,False,0.95;0.6682774533;0.3936552323;0.8783623152;0.2542081145;0.6112416568;0.1961261937;0.2603661895;0.4858854259;0.9440218225;0.777121657;0.6438927182,0.2609434761;0.6888292002;1.186565108;0.4408835581;1.786011998;0.7647485898;2.305041448;1.74572184;0.9708198352;0.349980936;0.5589976316;0.7203540735,4.999189189;7.506486486;12.47378378;6.507027027;17.08810811;8.501891892;18.66675676;14.98567568;11.02162162;5.362702703;7.668108108;9.873783784,0.05797176684;0.1766753814;0.3232588186;0.09544533243;0.5010487714;0.1932540355;0.6429196686;0.4930484655;0.2500517035;0.07832005812;0.1258500073;0.1666548884,0.1943243243;0.1635135135;0.1097297297;0.1702702703;0.07162162162;0.1510810811;0.05513513514;0.07297297297;0.1189189189;0.1881081081;0.152972973;0.1305405405,0.2609434761;2.421804401;10.93130216;0.6044177903;411.0131982;2.706480257;970.7111312;367.8910833;6.849838022;0.349980936;1.35398579;2.242478515
Zhu'26-style Aggregate-DPP,8,16,445.9045945945946,20.774864864864863,20.14801351351351,39.0,59.0,50.575225225225225,0.0433108108108108,0.0086261261261261,0.1169594594594594,0.0529729729729729,0.8543186745552053,32.0,103.0,0.0,0,11100,0.3064863534519761,0.6255454221997946,896.4203108209844,0.4064864864864865,False,False,0.3932789834;0.7735119064;0.901603995;0.8416273572;0.2260479039;0.7045979448;0.6624829137;0.1982197585;0.7522839954;0.3841282698;0.2247729528;0.2144342016,1.187626136;0.5631378354;0.4113518347;0.4848363331;2.00065631;0.6439160289;0.6962092138;2.280313362;0.5876051337;1.214015836;2.011774821;2.107404393,14.45081081;7.69;5.802162162;7.142972973;16.21540541;7.148378378;8.545405405;19.63513514;7.390810811;12.8327027;20.77486486;16.73432432,0.2997953543;0.1385014676;0.09038622746;0.1020777037;0.524496384;0.1531475961;0.1774392672;0.6255454222;0.1407076077;0.3271280509;0.5290424055;0.5695687548,0.08972972973;0.1608108108;0.18;0.16;0.06108108108;0.1578378378;0.1505405405;0.05297297297;0.1691891892;0.1016216216;0.05864864865;0.06108108108,14.41641022;1.541964848;0.4454073388;0.8241816656;547.9035644;2.107412202;6.693857986;896.4203108;1.876051337;13.57842757;510.740012;668.8152958
Zhu'26-style Aggregate-DPP,8,17,383.047027027027,24.39189189189189,22.175689189189185,38.0,65.0,54.60405405405405,0.0422522522522522,0.0129954954954954,0.1399999999999999,0.0475675675675675,0.8571916891043952,26.0,141.0,0.0,0,11100,0.2397939468431793,0.6038920061246201,788.8137194061311,0.4064864864864865,False,False,0.6058267012;0.4606290406;0.8627452041;0.95;0.8920394043;0.9329954481;0.2434414901;0.2237143759;0.7874097494;0.2072792387;0.95;0.5223938409,0.772389876;1.022513998;0.4598691245;0.2139841101;0.4237308779;0.3673358894;1.861711545;2.021113381;0.5472165522;2.179902851;0.241873434;0.9032962107,9.657837838;11.48621622;5.37027027;4.493783784;5.983243243;5.424594595;19.89162162;24.39189189;7.455135135;20.36243243;5.180810811;10.54378378,0.1914274368;0.2547994341;0.1094985672;0.05210802249;0.09894688609;0.08468581449;0.513228588;0.5380531568;0.1356209671;0.6038920061;0.05406198106;0.2412045017,0.137027027;0.1140540541;0.1927027027;0.2078378378;0.1821621622;0.1948648649;0.06;0.04756756757;0.1713513514;0.05378378378;0.1927027027;0.1259459459,4.358238016;10.40525197;0.5796073736;0.2139841101;0.4949235117;0.3673358894;459.9718915;545.5590705;1.283299313;788.8137194;0.241873434;4.336258318
Zhu'26-style Aggregate-DPP,8,18,318.5002702702703,17.645405405405405,16.78591891891892,31.0,52.0,43.593693693693695,0.0243693693693693,0.0048423423423423,0.1546396396396396,0.0654054054054054,0.89165781854998,22.0,89.0,0.0,0,11100,0.2098834929201933,0.5570012459356058,649.1965145620952,0.4064864864864865,False,False,0.95;0.2298402862;0.2514208534;0.95;0.8064515181;0.2889292384;0.86964094;0.95;0.4229897239;0.9113191376;0.93510967;0.8418183031,0.2641897105;1.968390267;1.804941085;0.3377909827;0.5254308787;1.582364629;0.451552802;0.2372894534;1.10910177;0.3983676074;0.3641087485;0.4846132827,4.744324324;17.64540541;16.0827027;4.967837838;6.978378378;16.04486486;6.208648649;4.901081081;11.96135135;5.127297297;5.552702703;6.870540541,0.06304851739;0.5570012459;0.5029443941;0.07787451574;0.1242573024;0.4332257754;0.1104473745;0.0557309554;0.2985582063;0.09237821816;0.08669724524;0.1164381644,0.2056756757;0.06540540541;0.06702702703;0.1972972973;0.1748648649;0.08405405405;0.1889189189;0.2005405405;0.1048648649;0.1921621622;0.1943243243;0.1805405405,0.2641897105;649.1965146;424.684604;0.3377909827;1.027154393;152.2243407;0.709316812;0.2372894534;19.16407081;0.3983676074;0.3641087485;0.992292979
Zhu'26-style Aggregate-DPP,8,19,479.44567567567566,20.092972972972973,19.88739189189189,39.0,58.0,50.799549549549546,0.0448873873873873,0.0081531531531531,0.1038513513513513,0.0521621621621621,0.8806638367882537,35.0,97.0,0.0,0,11100,0.3112370530360923,0.5899910891240627,757.7901913864969,0.4064864864864865,False,False,0.8339118425;0.4218873338;0.3658373363;0.3670076204;0.481511622;0.1930715746;0.2120595117;0.3057773787;0.5446939528;0.4653449839;0.3623629999;0.8770434254,0.4938172966;1.111838862;1.270411673;1.266646367;0.9794527448;2.342239302;2.1308523;1.500722279;0.8655191693;1.012509865;1.281724896;0.4425090154,6.614594595;13.44108108;15.3927027;13.00702703;11.89216216;19.71918919;20.09297297;14.48081081;9.740540541;10.42324324;14.49243243;6.488378378,0.1158468685;0.2629348661;0.3217231723;0.3437062035;0.2408924318;0.5899910891;0.5592047522;0.4072230184;0.218017261;0.2558639793;0.3242417574;0.09519923683,0.1762162162;0.09162162162;0.08081081081;0.09567567568;0.1091891892;0.05216216216;0.05567567568;0.08135135135;0.1313513514;0.1162162162;0.08351351351;0.1724324324,0.8690864829;8.813099521;14.60823346;17.39920833;6.112338428;757.7901914;631.9480963;68.95680573;3.855191693;5.375138106;18.39589541;0.5700360617
Known-Transition Safe,2,0,388.50216216216216,20.172432432432437,19.813743243243245,34.0,62.0,50.74324324324324,0.0323648648648648,0.0106531531531531,0.1364864864864864,0.0429729729729729,0.8187191137726089,26.0,136.0,0.0456756756756756,507,11100,0.2167460997393115,0.3871940384218746,23.99879184648302,0.4064864864864865,True,True,0.95;0.2315765095;0.95;0.8081176242;0.6281327393;0.795200025;0.3394136806;0.9476946562;0.5005847781;0.95;0.23436609;0.2528380647,0.3369544871;1.95400716;0.2191119648;0.5235225351;0.7414402559;0.5383055036;1.361973486;0.3438720469;0.9427001774;0.2738400263;1.931388168;1.795260579,4.657567568;20.17243243;4.902972973;6.253513514;9.066486486;6.221081081;13.80891892;4.947567568;10.96702703;4.698378378;19.52027027;18.98972973,0.08451182812;0.3865765516;0.05750208589;0.1410680993;0.2174223453;0.1515984689;0.3806163743;0.08243635286;0.2718543485;0.06172502214;0.3784476816;0.3871940384,0.2035135135;0.04297297297;0.2089189189;0.1821621622;0.1343243243;0.1864864865;0.07702702703;0.1959459459;0.1072972973;0.1978378378;0.04864864865;0.0527027027,0.3369544871;23.99862288;0.2191119648;2.252838027;12.39905049;3.181026583;23.99879185;0.3438720469;18.67880781;0.2738400263;23.99858589;23.9962049
Known-Transition Safe,2,1,518.9208108108108,26.17,25.95445945945946,46.0,85.0,68.68288288288288,0.0680405405405405,0.0258783783783783,0.1182432432432432,0.0316216216216216,0.6907911357380708,32.0,155.0,0.1287387387387387,1429,11100,0.2772553015198551,0.3942065926345977,23.999461816734847,0.4064864864864865,True,True,0.5605092249;0.2181252996;0.2316669551;0.3707979081;0.95;0.95;0.2020086086;0.95;0.325972712;0.8362721814;0.2993435181;0.2334007936,0.8400796556;2.072097608;1.953264399;1.254604531;0.2976063768;0.2276934429;2.237061952;0.2579608484;1.414030367;0.4910760745;1.530799061;1.939147999,9.318108108;25.77810811;22.01405405;13.05378378;4.128378378;3.908918919;26.17;4.333783784;14.35243243;5.941621622;14.72810811;21.38918919,0.2774533349;0.3892183346;0.391180789;0.3699387955;0.0772972238;0.06289262127;0.3942065926;0.06602403336;0.377584325;0.1474555456;0.3802173883;0.3935946343,0.1354054054;0.03783783784;0.04297297297;0.08594594595;0.2232432432;0.24;0.03162162162;0.2248648649;0.07540540541;0.2054054054;0.06918918919;0.04702702703,15.16310657;23.99874277;23.99308655;23.98743043;0.2976063768;0.2276934429;23.98732788;0.2579608484;23.99946182;1.310760745;23.98634551;23.99430778
Known-Transition Safe,2,2,409.62108108108106,22.84432432432433,21.593297297297298,35.0,57.0,49.20945945945946,0.0351351351351351,0.0075675675675675,0.1254504504504504,0.0359459459459459,0.8245086045756136,27.949999999999815,124.0,0.0676576576576576,751,11100,0.237780838313154,0.3958796658178613,23.999013945593514,0.4064864864864865,True,True,0.2983974043;0.4720337023;0.7619171253;0.95;0.6042558466;0.7527600943;0.6803453125;0.2438339011;0.7053294905;0.1925045361;0.95;0.2931742638,1.535332493;0.9986066978;0.5764720931;0.328976203;0.7746227687;0.5870535051;0.6736618433;1.858825842;0.6430324214;2.34929577;0.2710575607;1.560894842,15.92297297;9.495405405;6.283783784;4.950810811;8.831081081;6.684054054;7.474594595;20.56972973;7.180540541;22.84432432;4.805675676;15.74243243,0.378023757;0.2545097611;0.1515965802;0.080465801;0.2309213281;0.1629470134;0.1740596547;0.3958796658;0.1805704556;0.3898561089;0.06769113137;0.3868488027,0.05972972973;0.1151351351;0.1724324324;0.1959459459;0.1332432432;0.17;0.1564864865;0.04378378378;0.1591891892;0.03594594595;0.2013513514;0.06216216216,23.99791679;10.97074065;2.517665117;0.328976203;7.517832605;3.179909587;4.820560553;23.97714588;3.888518743;23.98309848;0.2710575607;23.99901395
Known-Transition Safe,2,3,500.41945945945946,21.08108108108108,19.662229729729727,42.0,62.0,54.3454954954955,0.0554054054054054,0.011036036036036,0.1034684684684684,0.0454054054054054,0.7010721887069129,35.0,116.0,0.1072972972972973,1191,11100,0.3135845814219468,0.3936518806680938,23.996089023231427,0.4064864864864865,True,True,0.2469621281;0.8215561338;0.8932287906;0.3220866759;0.225348274;0.2465631425;0.4834834838;0.2778755806;0.2645088005;0.3014458345;0.9387067142;0.2969367479,1.836175919;0.5080937316;0.4222105672;1.429873819;2.006740312;1.839030251;0.9755450403;1.641436133;1.719737046;1.520828652;0.3585144156;1.542388958,17.25567568;5.797567568;4.65027027;12.48189189;18.50135135;21.08108108;9.365675676;16.55297297;18.02405405;15.37432432;4.45;16.4727027,0.3905595805;0.1500936348;0.1170778492;0.3918627169;0.3801959347;0.3936518807;0.3113834304;0.3890647266;0.3927507578;0.3810292326;0.09350443543;0.3718407976,0.05;0.2040540541;0.2254054054;0.07972972973;0.04864864865;0.04540540541;0.1275675676;0.0627027027;0.05648648649;0.06405405405;0.2145945946;0.06297297297,23.97935105;2.669968363;0.5998951051;23.99608902;23.98861646;23.97623681;23.45933754;23.99058221;23.99211138;23.98667143;0.3585144156;23.95601503
Known-Transition Safe,2,4,465.5472972972973,20.77432432432433,20.30355405405405,37.0,59.0,50.090090090090094,0.0372297297297297,0.0086936936936936,0.0979504504504504,0.0432432432432432,0.866541691658919,34.0,119.0,0.0463063063063063,514,11100,0.2802961724302101,0.383902454040484,23.99793309742025,0.4064864864864865,True,True,0.662118963;0.6741961796;0.3640876;0.2460798207;0.2372011855;0.4128728207;0.5024050881;0.4159209977;0.2309431598;0.4380235493;0.7287104513;0.5641011845,0.6966749552;0.6813572012;1.27608378;1.842501298;1.908996959;1.13470463;0.9393093506;1.126874486;1.959226317;1.072981387;0.6151471375;0.8344446437,7.558648649;7.901891892;13.22459459;18.65594595;20.77432432;11.79027027;10.02324324;12.14135135;19.91837838;12.31594595;7.300540541;8.557297297,0.1882905284;0.1788102277;0.3048805572;0.3734799928;0.3745761601;0.3247708658;0.2647836899;0.2789775755;0.383902454;0.3001447935;0.1629308634;0.2280063608,0.1454054054;0.1462162162;0.07972972973;0.05;0.04324324324;0.09378378378;0.11;0.0872972973;0.04567567568;0.0872972973;0.1551351351;0.1316216216,5.62352397;6.589858426;23.99551877;23.99257917;23.9979331;20.23702502;14.75444597;23.93934366;23.99644225;19.07080879;3.902942749;7.923337518
Known-Transition Safe,2,5,415.7216216216216,20.82972972972973,19.86410810810811,36.0,56.0,48.33963963963964,0.034054054054054,0.0071846846846846,0.1208333333333333,0.0427027027027027,0.8008295029704162,29.0,119.0,0.0461261261261261,512,11100,0.2509363748729205,0.3807363504512948,23.99347443629536,0.4064864864864865,True,True,0.9411489522;0.4821824971;0.3825098869;0.7544254172;0.3523107703;0.8677360717;0.95;0.2189202535;0.8265150398;0.3376263363;0.2625732011;0.2699141276,0.3546353857;0.9781203331;1.218803669;0.5851252029;1.315645181;0.4538598372;0.2241414152;2.064668323;0.5023771293;1.368663091;1.731770293;1.687095206,4.969459459;10.35945946;11.36945946;7.217027027;13.32621622;6.045675676;4.583243243;20.82972973;5.962702703;13.05621622;19.07405405;17.08081081,0.08511249256;0.2749311207;0.3366533378;0.1562442434;0.342067747;0.1165315798;0.05536898744;0.3788945381;0.138357377;0.36768949;0.3786492343;0.3807363505,0.2;0.1124324324;0.08621621622;0.1681081081;0.08459459459;0.1797297297;0.2094594595;0.0427027027;0.182972973;0.07945945946;0.04675675676;0.05756756757,0.3546353857;10.806166;23.94190087;4.628130071;23.96048494;0.9924582096;0.2241414152;23.99272794;1.935656939;23.99347444;23.98688244;23.97409316
Known-Transition Safe,2,6,311.42945945945945,15.244864864864866,14.9055,27.0,43.0,37.51441441441442,0.0138063063063063,0.0018918918918918,0.1409684684684684,0.0608108108108108,0.8962156511620654,23.0,92.0,0.0073873873873873,82,11100,0.1779644241892687,0.3593236593163553,23.953764736339423,0.4064864864864865,True,True,0.6600953202;0.4082536129;0.95;0.8542797728;0.5796663152;0.95;0.7238759829;0.298421524;0.95;0.3698913443;0.95;0.5870736138,0.6992694381;1.146768836;0.2551559305;0.4699577518;0.8105930222;0.2156180293;0.6208604762;1.535216558;0.2628816135;1.257463669;0.2571157349;0.7995478023,8.148108108;12.84216216;4.788108108;6.093243243;9.691891892;4.692702703;8.015945946;15.24486486;4.514054054;14.62783784;4.704594595;9.126486486,0.2010872114;0.3176859614;0.05765144809;0.1197757189;0.2081252354;0.04895112016;0.1438047103;0.3593236593;0.05904178941;0.3401949006;0.06059592454;0.2193354106,0.1405405405;0.08405405405;0.1924324324;0.1748648649;0.1167567568;0.1943243243;0.1348648649;0.06081081081;0.1932432432;0.07216216216;0.1967567568;0.1308108108,8.77662202;21.0433716;0.2551559305;1.58928178;7.411860445;0.2156180293;3.175488572;23.91563052;0.2628816135;23.95376474;0.2571157349;9.986886268
Known-Transition Safe,2,7,363.14,26.273243243243243,22.12237837837837,35.0,62.0,52.07117117117117,0.0362612612612612,0.0109459459459459,0.1485135135135135,0.0308108108108108,0.8235953952886398,22.0,133.0,0.0595495495495495,661,11100,0.1943111718635302,0.3877007245072399,23.999351847622403,0.4064864864864865,True,True,0.95;0.8194645516;0.5139536145;0.1957148488;0.2668165055;0.95;0.9166527097;0.2817874583;0.4060368001;0.95;0.95;0.8957240492,0.2129344738;0.5105004868;0.9182376412;2.309972111;1.705631049;0.2143947682;0.3910280632;1.619983796;1.152645744;0.2643493157;0.2202876177;0.4190042049,4.840810811;5.46972973;9.672972973;26.27324324;18.72621622;4.647027027;5.084054054;17.60972973;10.94918919;4.638648649;4.526756757;5.168648649,0.05283076945;0.1279010679;0.2925951835;0.3877007245;0.3770827562;0.05243980141;0.1030411788;0.3866069438;0.318379446;0.0659444374;0.05679848306;0.1104132702,0.2067567568;0.1856756757;0.1221621622;0.03081081081;0.05243243243;0.2051351351;0.2037837838;0.05594594595;0.09648648649;0.2048648649;0.2159459459;0.2021621622,0.2129344738;1.615505355;16.6389315;23.99776885;23.99689119;0.2143947682;0.3910280632;23.99935185;21.44789253;0.2643493157;0.2202876177;0.8370967137
Known-Transition Safe,2,8,418.6837837837838,23.99081081081081,23.55690540540541,37.0,64.0,53.85405405405405,0.0411261261261261,0.0125675675675675,0.133536036036036,0.0348648648648648,0.7891644012985091,26.0,141.0,0.0811711711711711,901,11100,0.2288785567309018,0.3850933569186236,23.99884749273644,0.4064864864864865,True,True,0.924502767;0.7675714746;0.2938168902;0.223720696;0.8564804989;0.95;0.4732619221;0.198994158;0.3554966144;0.365156396;0.95;0.8950142286,0.3798996382;0.5699618165;1.557699888;2.021057334;0.4673466129;0.2347890628;0.9960890923;2.271318822;1.304697623;1.272612991;0.2590903055;0.4199186836,4.587567568;6.667027027;16.46702703;23.99081081;5.414594595;4.564054054;10.38837838;23.20189189;12.38378378;13.36540541;4.497567568;4.848648649,0.09682306995;0.1655970143;0.3725849733;0.3850933569;0.1168366532;0.05895109172;0.284019998;0.3848964598;0.3533262211;0.3484207998;0.06491262518;0.1150804176,0.202972973;0.1740540541;0.0572972973;0.03945945946;0.1875675676;0.2110810811;0.1121621622;0.03486486486;0.08432432432;0.07945945946;0.2102702703;0.2089189189,0.3798996382;3.739159964;23.99338414;23.97965746;1.208159354;0.2347890628;12.70613822;23.99884749;23.95971917;23.95552233;0.2590903055;0.5991868362
Known-Transition Safe,2,9,516.127027027027,25.888648648648648,25.216459459459458,45.0,78.0,63.70135135135135,0.0625225225225225,0.0229729729729729,0.1177702702702702,0.034054054054054,0.7316234940310312,30.0,123.0,0.1305405405405405,1449,11100,0.2597246766279436,0.3960046635466748,23.99864068348007,0.4064864864864865,True,True,0.3257577326;0.6871221964;0.2523803769;0.1963495047;0.5437054116;0.2493362779;0.95;0.4363495231;0.95;0.6652629851;0.95;0.2127973752,1.414897118;0.6652565043;1.798374164;2.302374716;0.8671448273;1.819394726;0.209506079;1.076896197;0.2790122724;0.6926602831;0.247425482;2.123503268,15.65405405;7.618648649;20.02;24.66648649;9.255675676;22.5227027;4.258108108;10.00108108;4.49027027;7.349189189;4.357837838;25.88864865,0.37360932;0.1853728259;0.3902957983;0.3914037018;0.2636589002;0.395841285;0.05209340342;0.3239420181;0.07186451232;0.2104189617;0.06219072925;0.3960046635,0.0627027027;0.1527027027;0.04486486486;0.03405405405;0.1221621622;0.04081081081;0.2183783784;0.107027027;0.2151351351;0.1635135135;0.217027027;0.03486486486,23.99810689;7.292438624;23.99026718;23.99736337;10.68866206;23.99284056;0.209506079;23.99860223;0.2790122724;5.560545379;0.247425482;23.99864068
Known-Transition Safe,2,10,555.0648648648648,25.47081081081081,25.20354054054054,46.0,79.0,65.97072072072072,0.0688738738738738,0.0238963963963963,0.094527027027027,0.0367567567567567,0.769379936380347,37.0,152.0,0.1114414414414414,1237,11100,0.3060782269568473,0.3951493328242854,23.9972424715577,0.4064864864864865,True,True,0.2210551088;0.5230742899;0.4621770162;0.8877431859;0.3493760462;0.4491418585;0.5565464418;0.34857734;0.2223217792;0.6900300697;0.2104662511;0.2177243916,2.045012567;0.9021077578;1.019211399;0.4291816563;1.325898395;1.047619095;0.8463561798;1.328717478;2.03354937;0.6616731043;2.146920017;2.075867389,19.51648649;11.19810811;11.67540541;5.080540541;14.57810811;10.91432432;8.927027027;14.61486486;23.14351351;7.264594595;24.98486486;25.47081081,0.3835780328;0.2840420373;0.2873074296;0.1099633;0.3239492294;0.3270270418;0.2399534142;0.3598310577;0.3902216359;0.1915275391;0.3951493328;0.3803886729,0.04675675676;0.1094594595;0.1048648649;0.2078378378;0.07378378378;0.1116216216;0.1316216216;0.07405405405;0.03918918919;0.1613513514;0.03675675676;0.03702702703,23.99589223;11.65901722;22.77978136;0.8669065008;23.96827799;22.40000793;14.11517865;23.90715644;23.98978262;6.358558652;23.99724247;23.99321517
Known-Transition Safe,2,11,437.5191891891892,26.15675675675676,22.325189189189185,38.0,63.0,52.91306306306306,0.0419369369369369,0.0115315315315315,0.1104954954954954,0.0337837837837837,0.8377242369414506,32.0,116.0,0.036036036036036,400,11100,0.2553686108189624,0.3797240213098541,23.995356387257196,0.4064864864864865,True,True,0.95;0.2935060875;0.6227889451;0.4312530983;0.6153269509;0.4183303984;0.9434799305;0.4987828682;0.6260188518;0.4351735249;0.2492611008;0.2092716103,0.3358641596;1.559243329;0.7487311135;1.088976442;0.7590395275;1.120756955;0.3508668233;0.9460759936;0.7443154627;1.079661914;1.819920828;2.159149808,5.097837838;15.86756757;8.294864865;11.62324324;9.05027027;12.51756757;5.04027027;11.32540541;9.514594595;11.66108108;19.19027027;26.15675676,0.07888269047;0.3569402971;0.19426537;0.3278702045;0.1946833815;0.3210817221;0.08563047067;0.2626000123;0.1834637032;0.3052233412;0.3797240213;0.3740581154,0.1945945946;0.06486486486;0.1494594595;0.09513513514;0.1305405405;0.08918918919;0.1908108108;0.1010810811;0.127027027;0.1008108108;0.04864864865;0.03378378378,0.3358641596;23.99535639;14.26752238;21.8724452;7.25310677;23.48693118;0.3508668233;13.79797583;12.28398758;20.26951935;23.99208275;23.98724712
Known-Transition Safe,2,12,448.6348648648649,19.422162162162163,18.94395945945946,36.0,53.0,46.73063063063063,0.0331306306306306,0.0052027027027027,0.1038063063063062,0.0443243243243243,0.8222045392230493,32.0,85.0,0.036036036036036,400,11100,0.2756720773374879,0.3865547057168539,23.999405237997955,0.4064864864864865,True,True,0.2277146089;0.9318683167;0.4490225566;0.364868936;0.3264467419;0.2532754659;0.5108922966;0.7249468559;0.885090931;0.3371942215;0.4510893652;0.3770521179,1.986329388;0.369039043;1.047885528;1.273544601;1.412123145;1.792296255;0.9237509324;0.6195927545;0.4325165816;1.370290719;1.043286736;1.235229773,18.5527027;4.857567568;11.52540541;13.71297297;13.84;19.42216216;9.786756757;6.931351351;5.664324324;15.20459459;11.75513514;12.12135135,0.3774025838;0.08547742158;0.3188970554;0.3541830796;0.3507408569;0.3865547057;0.2476651148;0.1512141236;0.111752933;0.3481279123;0.2749201535;0.3011289878,0.04432432432;0.1948648649;0.1016216216;0.07837837838;0.07405405405;0.04567567568;0.1159459459;0.1554054054;0.1859459459;0.06918918919;0.09675675676;0.08351351351,23.9934339;0.369039043;23.91542114;23.99469485;23.90923589;23.99940524;13.3787845;3.113484072;0.7251658164;23.87686169;15.47174903;22.55120386
Known-Transition Safe,2,13,319.0254054054054,22.065675675675674,17.63891891891891,29.0,49.0,41.75990990990991,0.0197522522522522,0.004572072072072,0.144009009009009,0.0421621621621621,0.8895622742653293,23.0,117.0,0.0289189189189189,321,11100,0.1825469298006924,0.3789107814936951,23.988911298115006,0.4064864864864865,True,True,0.931036637;0.7159624459;0.6775674106;0.3509019354;0.95;0.7562371291;0.2357345475;0.5713184825;0.95;0.8385292043;0.9458583108;0.3749843981,0.3702883284;0.6302691506;0.6771299559;1.320546841;0.2764601871;0.5830294735;1.920506701;0.8232731646;0.2265612916;0.488449848;0.3469497415;1.241568686,5.96;7.050540541;8.671891892;14.01702703;4.99;6.506756757;22.06567568;9.073243243;4.563783784;5.812972973;5.366216216;12.59702703,0.09287231589;0.1691506126;0.1709295618;0.3433421787;0.06829313812;0.1503270588;0.3789107815;0.2460919243;0.05510950336;0.1262048797;0.07323452651;0.3160966763,0.1786486486;0.1540540541;0.1364864865;0.07324324324;0.1994594595;0.1640540541;0.04216216216;0.1318918919;0.2078378378;0.1827027027;0.1762162162;0.08135135135,0.3702883284;4.08430641;5.142599117;23.9506231;0.2764601871;2.413324208;23.9889113;11.87492177;0.2265612916;1.28449848;0.3469497415;23.96941511
Known-Transition Safe,2,14,476.74108108108106,25.493513513513516,21.97336486486486,40.0,66.0,55.87927927927928,0.047072072072072,0.0134459459459459,0.1012387387387387,0.0381081081081081,0.8302873065850066,33.0,170.0,0.0448648648648648,498,11100,0.2727340118746879,0.3962806435577126,23.993763574612935,0.4064864864864865,True,True,0.3969158517;0.64914127;0.685168137;0.2123384503;0.8391928019;0.2547057577;0.6450583303;0.3536782427;0.3495021855;0.2638904463;0.8142278578;0.4332858251,1.177446822;0.7134614509;0.6676722331;2.128067317;0.4876767217;1.782678959;0.7188179662;1.310923092;1.325454306;1.723560971;0.5165166625;1.084128614,12.20027027;8.715945946;7.892702703;25.49351351;5.910540541;18.50135135;8.86;15.20297297;14.33027027;19.09324324;6.166486486;11.96081081,0.3217293883;0.1970696224;0.1853241577;0.3962806436;0.11928309;0.3709899456;0.2113713371;0.3486346818;0.3514245067;0.3680035586;0.1222888098;0.280408401,0.08783783784;0.1343243243;0.1391891892;0.03810810811;0.1754054054;0.05027027027;0.1345945946;0.06945945946;0.07135135135;0.05243243243;0.1708108108;0.09108108108,20.41063876;13.56538094;5.485772429;23.99093361;1.364443939;23.99376357;7.651631188;23.92261625;23.9636029;23.98956077;1.79819995;17.30165903
Known-Transition Safe,2,15,401.08324324324326,23.905135135135136,21.59439189189189,36.0,57.0,48.7536036036036,0.0361711711711711,0.0073873873873873,0.1286036036036036,0.0308108108108108,0.8302079679349834,27.0,100.0,0.0683783783783783,759,11100,0.2323753429399524,0.3918570460943852,23.99744540922825,0.4064864864864865,True,True,0.95;0.6682774533;0.3936552323;0.8783623152;0.2542081145;0.6112416568;0.1961261937;0.2603661895;0.4858854259;0.9440218225;0.777121657;0.6438927182,0.2609434761;0.6888292002;1.186565108;0.4408835581;1.786011998;0.7647485898;2.305041448;1.74572184;0.9708198352;0.349980936;0.5589976316;0.7203540735,4.358648649;6.858108108;11.95324324;5.678108108;19.70378378;7.852162162;23.90513514;17.60567568;9.925135135;4.797297297;7.072702703;8.627297297,0.06170960583;0.1943615365;0.3341623898;0.1070036311;0.381337697;0.2190901365;0.3918570461;0.3906642387;0.2849487408;0.08371165632;0.14730343;0.1923540067,0.2083783784;0.1686486486;0.09162162162;0.1821621622;0.04756756757;0.1518918919;0.03081081081;0.05297297297;0.1186486486;0.1989189189;0.1591891892;0.1324324324,0.2609434761;4.798925604;23.73559675;1.217671161;23.98869591;9.883463335;23.99744541;23.99517707;11.17869423;0.349980936;3.57494079;5.125665177
Known-Transition Safe,2,16,500.00216216216216,29.11297297297297,25.42232432432432,44.0,76.0,63.61891891891892,0.0616441441441441,0.0212162162162162,0.1190765765765765,0.031081081081081,0.7684137567558322,30.0,149.0,0.1191891891891891,1323,11100,0.2672594216669954,0.3944325814855861,23.99666332048909,0.4064864864864865,True,True,0.3932789834;0.7735119064;0.901603995;0.8416273572;0.2260479039;0.7045979448;0.6624829137;0.1982197585;0.7522839954;0.3841282698;0.2247729528;0.2144342016,1.187626136;0.5631378354;0.4113518347;0.4848363331;2.00065631;0.6439160289;0.6962092138;2.280313362;0.5876051337;1.214015836;2.011774821;2.107404393,13.79972973;6.735675676;5.111621622;5.767297297;19.93;6.158918919;7.582702703;29.11297297;6.13027027;11.84108108;22.4027027;21.32216216,0.3428066793;0.1742683301;0.1092861766;0.1178021253;0.3898576215;0.1789042372;0.2118733986;0.3944325815;0.1659587472;0.3428774455;0.3860432764;0.3930024408,0.08459459459;0.1821621622;0.202972973;0.1764864865;0.04513513514;0.1748648649;0.1616216216;0.03108108108;0.1910810811;0.09486486486;0.04216216216;0.04189189189,23.85958634;4.494135062;0.513518347;1.418035998;23.80279983;4.234404549;10.2635317;23.99666332;4.127312941;23.23449091;23.97713816;23.99576873
Known-Transition Safe,2,17,406.3535135135135,31.064594594594595,26.565445945945942,40.0,74.0,60.68828828828829,0.0478153153153153,0.0181306306306306,0.1423873873873874,0.0289189189189189,0.8062681062765304,24.0,127.0,0.0848648648648648,942,11100,0.2107533905516453,0.3935608391134131,23.998057027533108,0.4064864864864865,True,True,0.6058267012;0.4606290406;0.8627452041;0.95;0.8920394043;0.9329954481;0.2434414901;0.2237143759;0.7874097494;0.2072792387;0.95;0.5223938409,0.772389876;1.022513998;0.4598691245;0.2139841101;0.4237308779;0.3673358894;1.861711545;2.021113381;0.5472165522;2.179902851;0.241873434;0.9032962107,8.295675676;10.03702703;4.706756757;4.052702703;5.118918919;4.73;19.34243243;22.88432432;6.321081081;31.06459459;4.504864865;9.563243243,0.2175216894;0.2763551346;0.1186959497;0.05713954076;0.109597419;0.09173469237;0.3844182757;0.3905665047;0.1557348728;0.3935608391;0.05955316172;0.2741626067,0.1348648649;0.1083783784;0.2062162162;0.2245945946;0.1943243243;0.2108108108;0.04918918919;0.03648648649;0.1851351351;0.02891891892;0.2062162162;0.1235135135,7.7097469;12.5482139;0.8789529963;0.2139841101;0.732232291;0.3673358894;23.9896348;23.9869663;3.680413806;23.99805703;0.241873434;16.95821811
Known-Transition Safe,2,18,326.3972972972973,21.407297297297298,19.145608108108103,31.0,54.0,44.825225225225225,0.0255855855855855,0.0062387387387387,0.1561936936936937,0.0421621621621621,0.8462320030939564,21.0,96.0,0.0454054054054054,504,11100,0.1876134999893975,0.3899540718918843,23.998830160981296,0.4064864864864865,True,True,0.95;0.2298402862;0.2514208534;0.95;0.8064515181;0.2889292384;0.86964094;0.95;0.4229897239;0.9113191376;0.93510967;0.8418183031,0.2641897105;1.968390267;1.804941085;0.3377909827;0.5254308787;1.582364629;0.451552802;0.2372894534;1.10910177;0.3983676074;0.3641087485;0.4846132827,4.415135135;21.4072973;17.29513514;4.472702703;6.235135135;16.50675676;5.608378378;4.583783784;10.21783784;4.678918919;5.260540541;6.078918919,0.06847511685;0.3899540719;0.3863549565;0.08481292512;0.1360439951;0.3707865225;0.1216751739;0.0611821996;0.3069514088;0.09829989881;0.09584916784;0.1309765629,0.2202702703;0.04216216216;0.05216216216;0.2116216216;0.1816216216;0.06351351351;0.192972973;0.2110810811;0.1013513514;0.1986486486;0.2037837838;0.1951351351,0.2641897105;23.99883016;23.9927023;0.3377909827;2.257755816;23.98877293;1.121739228;0.2372894534;23.23712392;0.3983676074;0.3641087485;2.584531309
Known-Transition Safe,2,19,498.5767567567568,26.60189189189189,24.770986486486485,39.0,66.0,55.46801801801802,0.0448873873873873,0.0133558558558558,0.0976351351351351,0.0337837837837837,0.8086462927419446,34.0,135.0,0.0637837837837837,708,11100,0.290620971164001,0.3858570380588825,23.996876485050198,0.4064864864864865,True,True,0.8339118425;0.4218873338;0.3658373363;0.3670076204;0.481511622;0.1930715746;0.2120595117;0.3057773787;0.5446939528;0.4653449839;0.3623629999;0.8770434254,0.4938172966;1.111838862;1.270411673;1.266646367;0.9794527448;2.342239302;2.1308523;1.500722279;0.8655191693;1.012509865;1.281724896;0.4425090154,5.713783784;11.82135135;14.26081081;11.81216216;10.44648649;23.27297297;26.60189189;15.00135135;8.987297297;10.31135135;13.08567568;5.446486486,0.1303944591;0.2842701524;0.333053871;0.3495259301;0.2686877124;0.3823547402;0.3858570381;0.3703133623;0.2502987868;0.2876075318;0.3394838913;0.1056041785,0.1840540541;0.08648648649;0.07675675676;0.08621621622;0.1067567568;0.03459459459;0.03378378378;0.06324324324;0.1286486486;0.1081081081;0.07567567568;0.1872972973,1.150538373;18.69068245;23.98499219;23.93274466;15.26029881;23.99135023;23.99687649;23.98450662;12.5034984;14.53776635;23.99179083;0.7825811388
Known-Transition Safe,4,0,382.6435135135136,22.21135135135135,19.914878378378376,33.0,57.0,48.14369369369369,0.029572072072072,0.0082432432432432,0.1411936936936937,0.0467567567567567,0.8285658765383249,26.0,125.0,0.0372072072072072,413,11100,0.2178034368221026,0.3934419821328404,23.998677685145807,0.4064864864864865,True,True,0.95;0.2315765095;0.95;0.8081176242;0.6281327393;0.795200025;0.3394136806;0.9476946562;0.5005847781;0.95;0.23436609;0.2528380647,0.3369544871;1.95400716;0.2191119648;0.5235225351;0.7414402559;0.5383055036;1.361973486;0.3438720469;0.9427001774;0.2738400263;1.931388168;1.795260579,4.735945946;22.21135135;4.898918919;6.021891892;8.564864865;6.328648649;13.77135135;5.254054054;10.92135135;4.697567568;18.03594595;16.89783784,0.08542251592;0.3934419821;0.05649535524;0.1388042181;0.2070021039;0.1514529809;0.3828249799;0.0830869216;0.2713447808;0.06342727095;0.3873216272;0.3930165052,0.2108108108;0.04675675676;0.2075675676;0.1924324324;0.1427027027;0.1910810811;0.08054054054;0.1948648649;0.1164864865;0.202972973;0.04972972973;0.05837837838,0.3369544871;23.99867769;0.2191119648;1.358747886;8.291849213;1.397971547;23.96220855;0.3438720469;13.05290479;0.2738400263;23.99858589;23.99428066
Known-Transition Safe,4,1,535.5224324324324,30.04216216216216,27.4304054054054,49.0,83.0,69.60135135135135,0.0763963963963964,0.0282207207207207,0.1216216216216216,0.0321621621621621,0.7051416725380111,33.0,162.0,0.1263063063063063,1402,11100,0.2786824203979925,0.3998837629787208,23.99858132900012,0.4064864864864865,True,True,0.5605092249;0.2181252996;0.2316669551;0.3707979081;0.95;0.95;0.2020086086;0.95;0.325972712;0.8362721814;0.2993435181;0.2334007936,0.8400796556;2.072097608;1.953264399;1.254604531;0.2976063768;0.2276934429;2.237061952;0.2579608484;1.414030367;0.4910760745;1.530799061;1.939147999,8.902162162;25.29351351;22.17918919;12.85621622;4.172432432;3.954594595;30.04216216;4.464054054;14.25648649;5.926486486;14.87810811;23.45216216,0.2692795869;0.3920184665;0.3954040634;0.3743468654;0.07665375055;0.06356954772;0.3899743133;0.06588459506;0.3894316064;0.1421466151;0.3855958715;0.399883763,0.147027027;0.04243243243;0.0427027027;0.09432432432;0.2191891892;0.2467567568;0.03216216216;0.2243243243;0.0827027027;0.2067567568;0.07432432432;0.04675675676,6.764699682;23.99590823;23.99858133;23.62426668;0.2976063768;0.2276934429;23.98665517;0.2579608484;23.99615604;0.8553803727;23.94910699;23.99349984
Known-Transition Safe,4,2,423.9297297297297,26.49810810810811,23.46166216216216,38.0,60.0,51.90855855855856,0.0405405405405405,0.0099549549549549,0.1307432432432432,0.0313513513513513,0.8245111585652839,28.0,129.0,0.0631531531531531,701,11100,0.2384623035390435,0.3983915926314264,23.999013945593607,0.4064864864864865,True,True,0.2983974043;0.4720337023;0.7619171253;0.95;0.6042558466;0.7527600943;0.6803453125;0.2438339011;0.7053294905;0.1925045361;0.95;0.2931742638,1.535332493;0.9986066978;0.5764720931;0.328976203;0.7746227687;0.5870535051;0.6736618433;1.858825842;0.6430324214;2.34929577;0.2710575607;1.560894842,15.26972973;9.402702703;6.675135135;4.946486486;9.423513514;6.841351351;7.576756757;20.9772973;7.441621622;26.49810811;5.006216216;15.48702703,0.3792686212;0.2574785918;0.1514407769;0.08162166333;0.2261061055;0.1602497406;0.174605867;0.3983915926;0.17813736;0.3930308329;0.06761787257;0.3935986182,0.06513513514;0.1262162162;0.1810810811;0.2037837838;0.1402702703;0.1748648649;0.1613513514;0.04486486486;0.1672972973;0.03135135135;0.2064864865;0.06621621622,23.98331232;10.73033489;1.717665117;0.328976203;7.390946448;1.335267526;3.031265807;23.97718519;2.273356636;23.99436549;0.2710575607;23.99901395
Known-Transition Safe,4,3,514.3383783783784,22.357567567567568,21.013486486486485,43.0,64.0,57.06261261261261,0.059527027027027,0.0133783783783783,0.1068468468468468,0.0478378378378378,0.7144010424007315,36.0,142.0,0.1055855855855855,1172,11100,0.3153190047506961,0.3969339019346452,23.99871619886818,0.4064864864864865,True,True,0.2469621281;0.8215561338;0.8932287906;0.3220866759;0.225348274;0.2465631425;0.4834834838;0.2778755806;0.2645088005;0.3014458345;0.9387067142;0.2969367479,1.836175919;0.5080937316;0.4222105672;1.429873819;2.006740312;1.839030251;0.9755450403;1.641436133;1.719737046;1.520828652;0.3585144156;1.542388958,17.49756757;5.664864865;4.624864865;13.18837838;19.91378378;22.35756757;9.945405405;15.63351351;18.14189189;16.30459459;4.591081081;16.98081081,0.3930408993;0.1461112785;0.114567408;0.393022074;0.3942973531;0.3921607751;0.309010483;0.3890647266;0.3969339019;0.3847285455;0.09321374806;0.3776768639,0.05378378378;0.2067567568;0.2245945946;0.08378378378;0.04783783784;0.04783783784;0.1364864865;0.06945945946;0.05702702703;0.06675675676;0.2197297297;0.06810810811,23.99434167;1.621405973;0.5332634034;23.99804451;23.99767838;23.9956318;18.75715738;23.98893437;23.9987162;23.98667143;0.3585144156;23.99861981
Known-Transition Safe,4,4,468.35297297297296,20.25945945945946,19.93391891891892,37.0,55.0,48.59639639639639,0.0382207207207207,0.0060135135135135,0.1035585585585585,0.0459459459459459,0.8669534859383761,34.0,112.0,0.0391891891891891,435,11100,0.2819996054060293,0.3918452634344251,23.997933097420248,0.4064864864864865,True,True,0.662118963;0.6741961796;0.3640876;0.2460798207;0.2372011855;0.4128728207;0.5024050881;0.4159209977;0.2309431598;0.4380235493;0.7287104513;0.5641011845,0.6966749552;0.6813572012;1.27608378;1.842501298;1.908996959;1.13470463;0.9393093506;1.126874486;1.959226317;1.072981387;0.6151471375;0.8344446437,7.592432432;7.97;13.76621622;18.74189189;20.25945946;11.63756757;10.18351351;12.15405405;19.66756757;12.67054054;7.587297297;8.741891892,0.1871607853;0.1766004205;0.3210902701;0.3879212192;0.3802515564;0.3180239734;0.2607218116;0.2774547721;0.3918452634;0.2981148287;0.1586082079;0.2262021561,0.1559459459;0.1532432432;0.08324324324;0.04972972973;0.04594594595;0.1013513514;0.1162162162;0.09567567568;0.04675675676;0.09648648649;0.1605405405;0.1375675676,4.230174059;3.18307242;21.25202145;23.99257917;23.9979331;14.35938798;9.204115063;17.10497123;23.99644225;18.70869711;1.7211771;5.020003587
Known-Transition Safe,4,5,438.9005405405405,27.458108108108107,22.646351351351345,38.0,66.0,56.288738738738736,0.0412387387387387,0.013581081081081,0.1249774774774774,0.0408108108108108,0.813376558936026,29.0,170.0,0.0444144144144144,493,11100,0.2527814029495985,0.3878228335850536,23.992727939271894,0.4064864864864865,True,True,0.9411489522;0.4821824971;0.3825098869;0.7544254172;0.3523107703;0.8677360717;0.95;0.2189202535;0.8265150398;0.3376263363;0.2625732011;0.2699141276,0.3546353857;0.9781203331;1.218803669;0.5851252029;1.315645181;0.4538598372;0.2241414152;2.064668323;0.5023771293;1.368663091;1.731770293;1.687095206,4.928648649;9.95027027;11.92405405;6.777837838;13.34864865;6.061891892;4.749459459;27.45810811;5.912702703;13.02297297;18.02945946;18.70945946,0.08655020358;0.2757241912;0.3462061233;0.1511837011;0.3449123852;0.1135876241;0.05518725116;0.3878228336;0.1326547176;0.3732381241;0.3819255565;0.3843841239,0.2078378378;0.1205405405;0.09162162162;0.1759459459;0.08891891892;0.1794594595;0.2062162162;0.04081081081;0.1872972973;0.08486486486;0.05486486486;0.06135135135,0.3546353857;10.00924899;23.69233022;1.69587642;23.95096868;0.6692991862;0.2241414152;23.99272794;0.9309026806;23.97315266;23.95779791;23.98704658
Known-Transition Safe,4,6,313.12702702702705,16.167837837837837,15.66124324324324,28.0,46.0,39.07072072072072,0.0165315315315315,0.0026351351351351,0.1492792792792792,0.0645945945945946,0.9073289230056452,23.0,77.0,0.0066666666666666,74,11100,0.1782670519467948,0.366792280410691,23.986439269722634,0.4064864864864865,True,True,0.6600953202;0.4082536129;0.95;0.8542797728;0.5796663152;0.95;0.7238759829;0.298421524;0.95;0.3698913443;0.95;0.5870736138,0.6992694381;1.146768836;0.2551559305;0.4699577518;0.8105930222;0.2156180293;0.6208604762;1.535216558;0.2628816135;1.257463669;0.2571157349;0.7995478023,8.19027027;13.15783784;4.829189189;5.855405405;9.41972973;4.724324324;7.745675676;16.16783784;4.450810811;15.24675676;4.634594595;8.899189189,0.1973073766;0.3198555241;0.05875482508;0.1169813755;0.2063726019;0.04994179759;0.1401131075;0.3667922804;0.05996542751;0.3490311318;0.06080439676;0.2132847786,0.1508108108;0.09405405405;0.2;0.1875675676;0.1310810811;0.1967567568;0.1427027027;0.06459459459;0.2021621622;0.07972972973;0.2013513514;0.1405405405,4.883197077;15.66242644;0.2551559305;0.6798310071;4.158895334;0.2156180293;1.629465239;23.98643927;0.2628816135;23.96274746;0.2571157349;4.393217035
Known-Transition Safe,4,7,372.8781081081081,28.44054054054054,22.75086486486486,35.0,68.0,55.236936936936935,0.0363063063063063,0.0132432432432432,0.1534909909909909,0.0332432432432432,0.8407519686541728,23.0,237.0,0.0551351351351351,612,11100,0.1958260223117649,0.3951925259469936,23.99935184762249,0.4064864864864865,True,True,0.95;0.8194645516;0.5139536145;0.1957148488;0.2668165055;0.95;0.9166527097;0.2817874583;0.4060368001;0.95;0.95;0.8957240492,0.2129344738;0.5105004868;0.9182376412;2.309972111;1.705631049;0.2143947682;0.3910280632;1.619983796;1.152645744;0.2643493157;0.2202876177;0.4190042049,4.861351351;5.527837838;9.952162162;28.44054054;18.09567568;4.756756757;5.245405405;17.16135135;11.72054054;4.687297297;4.542162162;5.151891892,0.05237037059;0.1279010679;0.2839091518;0.3951925259;0.3872243462;0.05255569047;0.1019843462;0.3883582776;0.3286598;0.06565865435;0.05602449954;0.1100735371,0.2078378378;0.192972973;0.1308108108;0.03324324324;0.06054054054;0.2072972973;0.2064864865;0.06594594595;0.1056756757;0.207027027;0.217027027;0.207027027,0.2129344738;0.8420019473;10.74712924;23.99442212;23.99844559;0.2143947682;0.3910280632;23.99935185;15.47408083;0.2643493157;0.2202876177;0.5140252297
Known-Transition Safe,4,8,415.8764864864865,23.625945945945947,23.010689189189183,37.0,63.0,53.41081081081081,0.0406306306306306,0.0111036036036036,0.1386711711711712,0.0348648648648648,0.7999150426609835,25.59999999999945,141.0,0.0643243243243243,714,11100,0.2297860605666561,0.3941045090586564,23.998591499903377,0.4064864864864865,True,True,0.924502767;0.7675714746;0.2938168902;0.223720696;0.8564804989;0.95;0.4732619221;0.198994158;0.3554966144;0.365156396;0.95;0.8950142286,0.3798996382;0.5699618165;1.557699888;2.021057334;0.4673466129;0.2347890628;0.9960890923;2.271318822;1.304697623;1.272612991;0.2590903055;0.4199186836,4.737567568;6.811081081;16.72297297;22.5072973;5.672702703;4.527837838;10.80783784;23.62594595;12.23135135;13.78216216;4.428108108;4.692972973,0.09764447457;0.1597433524;0.3835309725;0.3818159666;0.1172155829;0.05907800473;0.288058197;0.3941045091;0.3522683581;0.3453252547;0.06470255196;0.1139455023,0.2105405405;0.1808108108;0.0627027027;0.0427027027;0.1913513514;0.2127027027;0.1210810811;0.03486486486;0.08810810811;0.09;0.2156756757;0.2135135135,0.3798996382;1.749427248;23.99259576;23.98010421;0.6693864514;0.2347890628;13.8983164;23.9985915;23.99724593;23.98994317;0.2590903055;0.4995934181
Known-Transition Safe,4,9,526.5567567567567,28.848108108108107,26.32732432432432,46.0,76.0,63.7509009009009,0.0673198198198198,0.0223423423423423,0.1224099099099099,0.0332432432432432,0.7473330086878097,30.0,152.0,0.1358558558558558,1508,11100,0.2601793942501867,0.3988742625578825,23.999493627995992,0.4064864864864865,True,True,0.3257577326;0.6871221964;0.2523803769;0.1963495047;0.5437054116;0.2493362779;0.95;0.4363495231;0.95;0.6652629851;0.95;0.2127973752,1.414897118;0.6652565043;1.798374164;2.302374716;0.8671448273;1.819394726;0.209506079;1.076896197;0.2790122724;0.6926602831;0.247425482;2.123503268,15.83081081;7.673513514;20.73783784;28.84810811;9.465675676;21.94108108;4.176756757;9.976216216;4.658108108;7.250810811;4.397837838;24.26486486,0.3812574125;0.1789000599;0.3898097513;0.3957595458;0.2662368983;0.3943661001;0.05305599891;0.3251062302;0.07193992104;0.2040539753;0.06279257502;0.3988742626,0.07243243243;0.1608108108;0.04405405405;0.03324324324;0.1332432432;0.04675675676;0.2197297297;0.1205405405;0.2156756757;0.1667567568;0.2191891892;0.03648648649,23.98098759;4.500899598;23.99677052;23.99949363;8.212910337;23.9977866;0.209506079;23.19825279;0.2790122724;2.448621982;0.247425482;23.99267976
Known-Transition Safe,4,10,567.2402702702702,31.264864864864865,28.053459459459454,49.0,83.0,69.66576576576577,0.078018018018018,0.0288963963963963,0.0997297297297297,0.0327027027027027,0.7792933985283432,37.0,185.0,0.1075675675675675,1194,11100,0.3080320692498515,0.3992110733966348,23.999080823852445,0.4064864864864865,True,True,0.2210551088;0.5230742899;0.4621770162;0.8877431859;0.3493760462;0.4491418585;0.5565464418;0.34857734;0.2223217792;0.6900300697;0.2104662511;0.2177243916,2.045012567;0.9021077578;1.019211399;0.4291816563;1.325898395;1.047619095;0.8463561798;1.328717478;2.03354937;0.6616731043;2.146920017;2.075867389,19.73837838;11.02243243;11.35783784;5.267027027;15.48108108;11.02621622;9.704324324;13.72675676;22.51;7.217027027;25.42594595;31.26486486,0.3885523877;0.2733142693;0.2873074296;0.10973131;0.3350581078;0.3239124985;0.2445283125;0.3594719448;0.3968169312;0.1829436718;0.3992110734;0.3955368944,0.05189189189;0.1186486486;0.1162162162;0.2105405405;0.07756756757;0.1210810811;0.1413513514;0.08243243243;0.04405405405;0.1635135135;0.03675675676;0.0327027027,23.99589223;8.161124977;12.08372436;0.5167266252;23.89491973;14.36190651;12.65424719;23.88355071;23.98719018;3.001750357;23.99908082;23.99321517
Known-Transition Safe,4,11,436.2081081081081,25.322702702702703,22.69563513513513,38.0,63.0,52.9509009009009,0.043018018018018,0.0118243243243243,0.1168468468468468,0.0362162162162162,0.8468002904536642,31.0,104.0,0.033063063063063,367,11100,0.2562393987057125,0.3910370426701223,23.995356387257225,0.4064864864864865,True,True,0.95;0.2935060875;0.6227889451;0.4312530983;0.6153269509;0.4183303984;0.9434799305;0.4987828682;0.6260188518;0.4351735249;0.2492611008;0.2092716103,0.3358641596;1.559243329;0.7487311135;1.088976442;0.7590395275;1.120756955;0.3508668233;0.9460759936;0.7443154627;1.079661914;1.819920828;2.159149808,4.908918919;14.66864865;8.101351351;11.43486486;9.291621622;12.97189189;5.07027027;11.2427027;9.804054054;11.26756757;20.54621622;25.3227027,0.07833804588;0.3573617142;0.1977054859;0.3190406658;0.1957091106;0.3165381128;0.08572529954;0.2602987464;0.1824578715;0.3043479397;0.3910370427;0.3863127494,0.1983783784;0.07054054054;0.1564864865;0.102972973;0.1375675676;0.09621621622;0.2;0.1108108108;0.1343243243;0.1081081081;0.05054054054;0.03621621622,0.3358641596;23.99535639;7.908126746;19.49370433;5.694067242;19.569959;0.3508668233;14.74405183;8.56241027;16.2305336;23.99524965;23.98724712
Known-Transition Safe,4,12,471.9475675675676,21.08621621621621,20.270729729729727,38.0,58.0,51.42072072072072,0.04,0.0087387387387387,0.1084009009009008,0.0478378378378378,0.8421801081918404,33.0,113.0,0.0339639639639639,377,11100,0.2772698003316948,0.3894611320756274,23.9994052379981,0.4064864864864865,True,True,0.2277146089;0.9318683167;0.4490225566;0.364868936;0.3264467419;0.2532754659;0.5108922966;0.7249468559;0.885090931;0.3371942215;0.4510893652;0.3770521179,1.986329388;0.369039043;1.047885528;1.273544601;1.412123145;1.792296255;0.9237509324;0.6195927545;0.4325165816;1.370290719;1.043286736;1.235229773,19.60351351;5.029459459;12.09108108;13.47135135;14.48621622;21.08621622;10.14756757;7.051351351;5.740540541;15.64513514;12.16243243;12.85216216,0.3854552705;0.08547742158;0.3135160216;0.3531504759;0.3595189197;0.3894611321;0.2451684907;0.1493720911;0.1064925962;0.3510907031;0.272382429;0.3161520526,0.05135135135;0.1964864865;0.1075675676;0.08486486486;0.08;0.04783783784;0.12;0.16;0.1862162162;0.07513513514;0.1027027027;0.08864864865,23.9934339;0.369039043;23.95484878;23.99469485;23.75157121;23.99940524;8.227516783;1.756742036;0.5625829082;23.81744312;14.23888167;19.28074432
Known-Transition Safe,4,13,336.4818918918919,26.284864864864865,19.645770270270265,30.0,57.0,47.244144144144144,0.0236486486486486,0.0089639639639639,0.1502252252252252,0.0394594594594594,0.8931865427570077,23.0,156.0,0.0357657657657657,397,11100,0.1836570593883454,0.3918871781201917,23.99144480172232,0.4064864864864865,True,True,0.931036637;0.7159624459;0.6775674106;0.3509019354;0.95;0.7562371291;0.2357345475;0.5713184825;0.95;0.8385292043;0.9458583108;0.3749843981,0.3702883284;0.6302691506;0.6771299559;1.320546841;0.2764601871;0.5830294735;1.920506701;0.8232731646;0.2265612916;0.488449848;0.3469497415;1.241568686,5.718108108;7.166216216;8.743513514;14.21378378;4.994864865;6.434324324;26.28486486;9.13972973;4.711891892;5.904324324;5.196486486;12.46783784,0.09047044565;0.1711947288;0.1663543594;0.3469112242;0.06821841915;0.1493816056;0.3918871781;0.2409742803;0.05633415899;0.1251487719;0.07285944571;0.3241500948,0.1864864865;0.1643243243;0.1437837838;0.07891891892;0.2067567568;0.1708108108;0.03945945946;0.1381081081;0.2132432432;0.1889189189;0.1797297297;0.09216216216,0.3702883284;2.072422356;3.32555947;23.97796516;0.2764601871;1.464235788;23.9914448;8.60510228;0.2265612916;0.9306990882;0.3469497415;19.48627774
Known-Transition Safe,4,14,469.25,23.94810810810811,21.091527027027023,38.0,61.0,51.66981981981982,0.0412387387387387,0.0102927927927927,0.1103603603603603,0.0372972972972973,0.8407851904145586,33.0,103.0,0.0431531531531531,479,11100,0.2730574449832418,0.399731563530639,23.99598236154746,0.4064864864864865,True,True,0.3969158517;0.64914127;0.685168137;0.2123384503;0.8391928019;0.2547057577;0.6450583303;0.3536782427;0.3495021855;0.2638904463;0.8142278578;0.4332858251,1.177446822;0.7134614509;0.6676722331;2.128067317;0.4876767217;1.782678959;0.7188179662;1.310923092;1.325454306;1.723560971;0.5165166625;1.084128614,12.09297297;8.238108108;7.66972973;23.94810811;6.002162162;18.75432432;8.168648649;14.08648649;14.08540541;18.22054054;5.954864865;12.09783784,0.322365846;0.196876795;0.1851437057;0.3997315635;0.1211283533;0.3835168788;0.202046131;0.3426115216;0.3446181197;0.3652085949;0.1242431972;0.289198633,0.09621621622;0.1497297297;0.1516216216;0.0372972973;0.1794594595;0.05540540541;0.1467567568;0.08;0.08324324324;0.05891891892;0.1837837838;0.1018918919,17.14297922;7.317304979;3.215083496;23.99598236;0.750706887;23.9939914;3.34463356;19.63692368;23.96543327;23.99585338;0.9321332999;13.89211566
Known-Transition Safe,4,15,416.8521621621622,28.22,23.163121621621613,37.0,65.0,54.46036036036036,0.039009009009009,0.0125675675675675,0.1349549549549549,0.03,0.8392067416154736,27.0,145.0,0.0642342342342342,713,11100,0.2334471112081414,0.4015160230957234,23.992579651628304,0.4064864864864865,True,True,0.95;0.6682774533;0.3936552323;0.8783623152;0.2542081145;0.6112416568;0.1961261937;0.2603661895;0.4858854259;0.9440218225;0.777121657;0.6438927182,0.2609434761;0.6888292002;1.186565108;0.4408835581;1.786011998;0.7647485898;2.305041448;1.74572184;0.9708198352;0.349980936;0.5589976316;0.7203540735,4.478378378;6.948378378;11.8072973;5.758648649;19.02567568;8.135675676;28.22;18.00621622;10.07;4.847837838;7.16;8.609189189,0.06326116163;0.1939891964;0.3364072427;0.1055737385;0.3909918159;0.2166098708;0.3924800303;0.4015160231;0.286785427;0.08418460353;0.1424688558;0.1870973688,0.2132432432;0.1743243243;0.1051351351;0.1859459459;0.05162162162;0.1627027027;0.03;0.05513513514;0.1297297297;0.2027027027;0.1651351351;0.1437837838,0.2609434761;3.243608803;17.75207841;0.6044177903;23.99257965;7.553966155;23.99157501;23.98047589;11.41213555;0.349980936;1.589976316;2.884957029
Known-Transition Safe,4,16,502.4572972972973,25.537567567567567,24.857945945945943,44.0,74.0,62.806306306306304,0.0619594594594594,0.0212387387387387,0.1240765765765765,0.0351351351351351,0.7766481022956622,30.0,129.0,0.1090990990990991,1211,11100,0.2685763917991775,0.3981285596019077,23.992514211306432,0.4064864864864865,True,True,0.3932789834;0.7735119064;0.901603995;0.8416273572;0.2260479039;0.7045979448;0.6624829137;0.1982197585;0.7522839954;0.3841282698;0.2247729528;0.2144342016,1.187626136;0.5631378354;0.4113518347;0.4848363331;2.00065631;0.6439160289;0.6962092138;2.280313362;0.5876051337;1.214015836;2.011774821;2.107404393,13.83945946;6.82027027;5.010810811;5.817837838;20.21675676;6.03;7.244864865;25.53756757;6.420540541;12.01378378;24.30189189;22.48783784,0.3444115794;0.1698545471;0.1077297102;0.1170159042;0.3903983394;0.1787302059;0.2082982702;0.397514086;0.1684997424;0.3497678057;0.3925679515;0.3981285596,0.09540540541;0.1854054054;0.2102702703;0.1794594595;0.04945945946;0.1843243243;0.1740540541;0.03513513514;0.1897297297;0.102972973;0.04135135135;0.04135135135,23.98332498;1.883929696;0.4454073388;0.7393453325;23.80279983;2.614824404;6.9900672;23.98726247;1.801682139;23.9848868;23.98891298;23.99251421
Known-Transition Safe,4,17,420.9789189189189,31.31810810810811,27.23889189189189,43.0,80.0,65.08243243243243,0.055518018018018,0.0227252252252252,0.1465765765765766,0.0316216216216216,0.8135867592518321,24.0,196.0,0.0814414414414414,904,11100,0.2119545537943348,0.4000416313742628,23.998057027533097,0.4064864864864865,True,True,0.6058267012;0.4606290406;0.8627452041;0.95;0.8920394043;0.9329954481;0.2434414901;0.2237143759;0.7874097494;0.2072792387;0.95;0.5223938409,0.772389876;1.022513998;0.4598691245;0.2139841101;0.4237308779;0.3673358894;1.861711545;2.021113381;0.5472165522;2.179902851;0.241873434;0.9032962107,8.143513514;10.85297297;4.786756757;4.051891892;5.215135135;4.867567568;23.90135135;22.85864865;6.617297297;31.31810811;4.460810811;9.144864865,0.212929101;0.281329527;0.1180745049;0.05713954076;0.1099409845;0.09282677204;0.3964942425;0.3916589984;0.1523332564;0.4000416314;0.05896482094;0.2717212656,0.1435135135;0.1167567568;0.2094594595;0.2286486486;0.2;0.2113513514;0.04756756757;0.03891891892;0.1897297297;0.03162162162;0.2081081081;0.1332432432,6.937357024;9.382737968;0.6394764981;0.2139841101;0.4949235117;0.3673358894;23.99590539;23.98465782;1.513815179;23.99805703;0.241873434;11.84832948
Known-Transition Safe,4,18,336.9637837837838,24.62135135135135,20.80197297297297,32.0,57.0,48.39009009009009,0.0268243243243243,0.0086261261261261,0.1595495495495495,0.0421621621621621,0.8516957114895412,21.0,188.0,0.0405405405405405,450,11100,0.188517396145773,0.3926140587397143,23.996490482943884,0.4064864864864865,True,True,0.95;0.2298402862;0.2514208534;0.95;0.8064515181;0.2889292384;0.86964094;0.95;0.4229897239;0.9113191376;0.93510967;0.8418183031,0.2641897105;1.968390267;1.804941085;0.3377909827;0.5254308787;1.582364629;0.451552802;0.2372894534;1.10910177;0.3983676074;0.3641087485;0.4846132827,4.512432432;24.62135135;17.67702703;4.485405405;6.330810811;14.82540541;5.504324324;4.487027027;10.7027027;4.70972973;5.213243243;6.202432432,0.06854651947;0.3926140587;0.3897697099;0.08453904054;0.1350499367;0.3699311903;0.119234348;0.06105393503;0.318641941;0.09937656802;0.09496349791;0.1284880082,0.2186486486;0.04216216216;0.05324324324;0.2135135135;0.1864864865;0.07162162162;0.1975675676;0.217027027;0.1062162162;0.2056756757;0.2064864865;0.1959459459,0.2641897105;23.99649048;23.98798908;0.3377909827;0.9017235147;23.95429695;0.65776401;0.2372894534;19.63712392;0.3983676074;0.3641087485;1.584585958
Known-Transition Safe,4,19,504.0162162162162,26.64675675675676,25.426054054054053,40.0,68.0,57.41171171171171,0.0477477477477477,0.0144144144144144,0.1038963963963964,0.0345945945945945,0.8270556871034035,34.0,153.0,0.0491891891891891,546,11100,0.2920738343951634,0.3899511919532432,23.996876485050137,0.4064864864864865,True,True,0.8339118425;0.4218873338;0.3658373363;0.3670076204;0.481511622;0.1930715746;0.2120595117;0.3057773787;0.5446939528;0.4653449839;0.3623629999;0.8770434254,0.4938172966;1.111838862;1.270411673;1.266646367;0.9794527448;2.342239302;2.1308523;1.500722279;0.8655191693;1.012509865;1.281724896;0.4425090154,5.974594595;12.41135135;14.44;12.06135135;10.82702703;26.64675676;24.4272973;14.80378378;9.407567568;9.783783784;13.00783784;5.484324324,0.1277251764;0.2902800921;0.3478181148;0.3553456566;0.2641875241;0.389951192;0.3875847561;0.3739637679;0.2465560012;0.2821345055;0.3363661821;0.1029730439,0.1875675676;0.09702702703;0.08297297297;0.09432432432;0.1137837838;0.03459459459;0.03810810811;0.06891891892;0.137027027;0.1191891892;0.08378378378;0.1894594595,0.7752691863;12.99597156;23.83816572;23.06500213;14.54248783;23.99288744;23.99687649;23.97295016;9.906940894;8.862707158;22.35729291;0.5700360617
Known-Transition Safe,8,0,391.2343243243244,19.80837837837838,19.46158108108108,36.0,61.0,50.59279279279279,0.0361036036036036,0.0104729729729729,0.1456756756756756,0.0508108108108108,0.8345171161785998,25.0,109.0,0.035045045045045,389,11100,0.2184190984663044,0.4007797941559755,23.998585887437777,0.4064864864864865,True,True,0.95;0.2315765095;0.95;0.8081176242;0.6281327393;0.795200025;0.3394136806;0.9476946562;0.5005847781;0.95;0.23436609;0.2528380647,0.3369544871;1.95400716;0.2191119648;0.5235225351;0.7414402559;0.5383055036;1.361973486;0.3438720469;0.9427001774;0.2738400263;1.931388168;1.795260579,4.578378378;19.80837838;4.863513514;6.388108108;8.615135135;6.248108108;14.39513514;5.115405405;11.4672973;4.627837838;19.17783784;18.89513514,0.08469396568;0.391857652;0.05655457469;0.1392286958;0.2019923724;0.1479612695;0.3865059894;0.08327279838;0.2687969425;0.0652775414;0.3941075857;0.4007797942,0.212972973;0.05081081081;0.2140540541;0.1937837838;0.1467567568;0.1945945946;0.08567567568;0.1994594595;0.1264864865;0.2124324324;0.05243243243;0.05864864865,0.3369544871;23.98474212;0.2191119648;0.7705676054;1.765761024;0.9532220145;23.86642066;0.3438720469;5.796703726;0.2738400263;23.99858589;23.99809355
Known-Transition Safe,8,1,535.2267567567568,28.725135135135137,27.09341891891892,50.0,84.0,69.66531531531531,0.0803603603603603,0.0306756756756756,0.1224549549549549,0.03,0.7036434156797655,33.0,145.0,0.1236936936936937,1373,11100,0.279582950391779,0.4030283273009651,23.99946181673495,0.4064864864864865,True,True,0.5605092249;0.2181252996;0.2316669551;0.3707979081;0.95;0.95;0.2020086086;0.95;0.325972712;0.8362721814;0.2993435181;0.2334007936,0.8400796556;2.072097608;1.953264399;1.254604531;0.2976063768;0.2276934429;2.237061952;0.2579608484;1.414030367;0.4910760745;1.530799061;1.939147999,9.523243243;25.75837838;25.47810811;14.15891892;4.218378378;3.911351351;28.72513514;4.399189189;13.99945946;6.022162162;13.99243243;22.30702703,0.2563378192;0.3964986775;0.3975157006;0.3770595239;0.07753852627;0.06369262526;0.3978342607;0.06713953973;0.3917246286;0.1389612568;0.3876645188;0.4030283273,0.1464864865;0.04216216216;0.03756756757;0.09783783784;0.2245945946;0.2464864865;0.03;0.2272972973;0.08378378378;0.2051351351;0.07891891892;0.04918918919,4.040876212;23.99874277;23.99722263;23.80584856;0.2976063768;0.2276934429;23.99405494;0.2579608484;23.99946182;0.7643042981;23.98634551;23.98376792
Known-Transition Safe,8,2,436.23945945945945,26.107027027027023,23.8055,38.0,67.0,56.02612612612613,0.0437837837837837,0.014099099099099,0.1346396396396396,0.0335135135135135,0.8277940264360515,28.0,171.0,0.0590990990990991,656,11100,0.2396031772283315,0.4020358876044458,23.99999933512,0.4064864864864865,True,True,0.2983974043;0.4720337023;0.7619171253;0.95;0.6042558466;0.7527600943;0.6803453125;0.2438339011;0.7053294905;0.1925045361;0.95;0.2931742638,1.535332493;0.9986066978;0.5764720931;0.328976203;0.7746227687;0.5870535051;0.6736618433;1.858825842;0.6430324214;2.34929577;0.2710575607;1.560894842,15.92648649;9.711891892;6.365135135;4.750540541;9.395945946;6.699189189;7.072432432;21.92243243;7.591891892;26.10702703;4.990810811;17.25486486,0.3850779874;0.2698937021;0.1512849736;0.08064362597;0.2196160228;0.1570764784;0.1756982916;0.398893978;0.1746615091;0.3930308329;0.06732483737;0.4020358876,0.06189189189;0.1345945946;0.1848648649;0.2059459459;0.1451351351;0.18;0.1737837838;0.04972972973;0.1672972973;0.03351351351;0.2105405405;0.06837837838,23.99061455;6.752627724;0.9294162793;0.328976203;2.546227687;1.335267526;1.915632903;23.97738176;1.372129686;23.99999934;0.2710575607;23.99274429
Known-Transition Safe,8,3,526.9356756756757,22.68108108108108,21.824567567567566,44.0,68.0,59.259009009009006,0.0648648648648648,0.0164864864864864,0.1085135135135135,0.047027027027027,0.7216680955077684,36.0,128.0,0.0942342342342342,1046,11100,0.3163856654111274,0.3987930771193509,23.999550604747903,0.4064864864864865,True,True,0.2469621281;0.8215561338;0.8932287906;0.3220866759;0.225348274;0.2465631425;0.4834834838;0.2778755806;0.2645088005;0.3014458345;0.9387067142;0.2969367479,1.836175919;0.5080937316;0.4222105672;1.429873819;2.006740312;1.839030251;0.9755450403;1.641436133;1.719737046;1.520828652;0.3585144156;1.542388958,18.50135135;5.562972973;4.583513514;13.05648649;21.12378378;22.68108108;9.983783784;16.93054054;18.54108108;16.27756757;4.747837838;15.95,0.3965147457;0.142952858;0.1146815189;0.3953407883;0.3948397154;0.3981251975;0.3026826233;0.3912828835;0.3987930771;0.3896609628;0.09282616491;0.3789274495,0.05243243243;0.2091891892;0.2267567568;0.08864864865;0.04918918919;0.04702702703;0.1413513514;0.06405405405;0.05918918919;0.07324324324;0.2164864865;0.07459459459,23.99021188;0.7242811947;0.4666317017;23.95246085;23.99722931;23.98737595;10.14407641;23.99552575;23.97896367;23.9995506;0.3585144156;23.95411793
Known-Transition Safe,8,4,480.2710810810811,22.05108108108108,21.801945945945945,40.0,61.0,52.99144144144144,0.0481981981981982,0.0104279279279279,0.1070495495495495,0.0429729729729729,0.8708486582745121,34.0,103.0,0.0451351351351351,501,11100,0.2829583055029398,0.3966109490707897,23.997933097420223,0.4064864864864865,True,True,0.662118963;0.6741961796;0.3640876;0.2460798207;0.2372011855;0.4128728207;0.5024050881;0.4159209977;0.2309431598;0.4380235493;0.7287104513;0.5641011845,0.6966749552;0.6813572012;1.27608378;1.842501298;1.908996959;1.13470463;0.9393093506;1.126874486;1.959226317;1.072981387;0.6151471375;0.8344446437,8.219459459;7.939459459;13.25027027;18.86432432;21.59810811;11.84918919;10.1627027;12.21567568;22.05108108;12.42864865;7.772972973;9.016486486,0.1862193326;0.1749430652;0.3214351576;0.3924029791;0.3900545138;0.3143438503;0.2558983312;0.2893326384;0.3966109491;0.2899949696;0.157610672;0.2266532073,0.1578378378;0.1591891892;0.09135135135;0.0527027027;0.04945945946;0.1027027027;0.1218918919;0.1018918919;0.04297297297;0.1024324324;0.1635135135;0.1386486486,1.586699821;1.806786006;15.59551877;23.99257917;23.9979331;8.489978717;4.125496362;8.791238697;23.99497405;7.059627747;1.26058855;2.744446437
Known-Transition Safe,8,5,450.4848648648649,26.196216216216214,22.934418918918915,40.0,68.0,56.86981981981982,0.0484009009009009,0.0157207207207207,0.1262612612612612,0.0418918918918918,0.8199082999445032,29.0,157.0,0.0437837837837837,486,11100,0.255159225018743,0.3928449997753637,23.99744594244576,0.4064864864864865,True,True,0.9411489522;0.4821824971;0.3825098869;0.7544254172;0.3523107703;0.8677360717;0.95;0.2189202535;0.8265150398;0.3376263363;0.2625732011;0.2699141276,0.3546353857;0.9781203331;1.218803669;0.5851252029;1.315645181;0.4538598372;0.2241414152;2.064668323;0.5023771293;1.368663091;1.731770293;1.687095206,4.960540541;10.72810811;11.97243243;6.835675676;13.07432432;6.330810811;4.52972973;26.19621622;6.282972973;14.04783784;20.26567568;18.5772973,0.08501664515;0.2775746891;0.3445590913;0.1489697138;0.3509572415;0.1096623499;0.05464204231;0.3928449998;0.1288529448;0.3876645729;0.3922225691;0.3889438406,0.2056756757;0.1245945946;0.09810810811;0.1789189189;0.09405405405;0.1789189189;0.2091891892;0.04189189189;0.182972973;0.08594594595;0.05405405405;0.06081081081,0.3546353857;6.893684664;12.82055037;0.9553756086;19.04483976;0.5615795117;0.2241414152;23.99744594;0.8095085171;23.96031987;23.99626068;23.98366234
Known-Transition Safe,8,6,312.7205405405405,15.814054054054054,15.12789189189189,29.0,46.0,39.72162162162162,0.0175,0.0028828828828828,0.1523873873873874,0.0664864864864864,0.9127576925751744,23.0,83.0,0.0004504504504504,5,11100,0.1773997600371756,0.3696967441695993,23.811674987561823,0.4064864864864865,True,True,0.6600953202;0.4082536129;0.95;0.8542797728;0.5796663152;0.95;0.7238759829;0.298421524;0.95;0.3698913443;0.95;0.5870736138,0.6992694381;1.146768836;0.2551559305;0.4699577518;0.8105930222;0.2156180293;0.6208604762;1.535216558;0.2628816135;1.257463669;0.2571157349;0.7995478023,8.402702703;13.7372973;4.712702703;5.925675676;9.587027027;4.827837838;7.74027027;15.81405405;4.475675676;14.56648649;4.592702703;9.271081081,0.1882357731;0.3201654616;0.05951339677;0.1159652506;0.2035245723;0.05069937445;0.140784308;0.3696967442;0.06216794913;0.3415543208;0.0621247208;0.2143652486,0.1483783784;0.09945945946;0.2010810811;0.19;0.1332432432;0.1978378378;0.1467567568;0.06648648649;0.2081081081;0.08810810811;0.2059459459;0.1432432432,1.597077752;9.764291128;0.2551559305;0.6098732553;2.127116267;0.2156180293;1.062581429;23.81167499;0.2628816135;18.40898272;0.2571157349;1.998191209
Known-Transition Safe,8,7,372.1524324324324,32.51864864864865,24.60295945945945,36.0,74.0,58.68738738738739,0.0379504504504504,0.0151576576576576,0.157027027027027,0.0321621621621621,0.8431320880545401,22.0,254.0,0.0442342342342342,491,11100,0.1962100849115815,0.3983141098802242,23.9984455939466,0.4064864864864865,True,True,0.95;0.8194645516;0.5139536145;0.1957148488;0.2668165055;0.95;0.9166527097;0.2817874583;0.4060368001;0.95;0.95;0.8957240492,0.2129344738;0.5105004868;0.9182376412;2.309972111;1.705631049;0.2143947682;0.3910280632;1.619983796;1.152645744;0.2643493157;0.2202876177;0.4190042049,4.615675676;5.541621622;9.700810811;32.51864865;18.12648649;4.860810811;5.152432432;15.65162162;11.37648649;4.773513514;4.394864865;5.403783784,0.05225527087;0.1284529603;0.2782011881;0.3983141099;0.3950610294;0.05284541313;0.1006104638;0.3905474449;0.326167593;0.06587299163;0.05679848306;0.1093940708,0.2135135135;0.1956756757;0.1343243243;0.03216216216;0.06081081081;0.2097297297;0.2124324324;0.07135135135;0.1127027027;0.2083783784;0.2240540541;0.2091891892,0.2129344738;0.7315014605;3.846515184;23.99665327;23.99844559;0.2143947682;0.3910280632;23.97742359;14.43730955;0.2643493157;0.2202876177;0.4950210247
Known-Transition Safe,8,8,419.4605405405405,25.495135135135136,23.4307027027027,39.0,64.0,54.48828828828829,0.0443243243243243,0.0122747747747747,0.1404954954954954,0.0345945945945945,0.8028586345158796,25.0,128.0,0.0489189189189189,543,11100,0.2313096871957967,0.3960179911574498,23.998591499903192,0.4064864864864865,True,True,0.924502767;0.7675714746;0.2938168902;0.223720696;0.8564804989;0.95;0.4732619221;0.198994158;0.3554966144;0.365156396;0.95;0.8950142286,0.3798996382;0.5699618165;1.557699888;2.021057334;0.4673466129;0.2347890628;0.9960890923;2.271318822;1.304697623;1.272612991;0.2590903055;0.4199186836,4.586756757;6.99;16.28189189;21.74162162;5.664864865;4.641351351;10.42243243;25.49513514;12.52621622;14.19162162;4.266756757;4.659459459,0.09559096301;0.1555841715;0.3885829721;0.3960179912;0.1172155829;0.05939528725;0.2791741591;0.395332249;0.3621417455;0.3487647493;0.06533277162;0.1125836038,0.2145945946;0.1810810811;0.06081081081;0.04324324324;0.1937837838;0.2116216216;0.1281081081;0.03459459459;0.09459459459;0.09135135135;0.217027027;0.2151351351,0.3798996382;1.079847266;23.94367979;23.97947876;0.6020398386;0.2347890628;7.113960032;23.9985915;17.70194355;19.88542354;0.2590903055;0.4398373672
Known-Transition Safe,8,9,503.4675675675676,28.054324324324323,25.13397297297297,45.0,74.0,61.84144144144144,0.0636711711711711,0.0212387387387387,0.126509009009009,0.0348648648648648,0.7514131975474789,30.0,122.0,0.1015315315315315,1127,11100,0.2601969081468393,0.4001153898796353,23.999493627996173,0.4064864864864865,True,True,0.3257577326;0.6871221964;0.2523803769;0.1963495047;0.5437054116;0.2493362779;0.95;0.4363495231;0.95;0.6652629851;0.95;0.2127973752,1.414897118;0.6652565043;1.798374164;2.302374716;0.8671448273;1.819394726;0.209506079;1.076896197;0.2790122724;0.6926602831;0.247425482;2.123503268,14.46783784;7.942702703;20.3327027;28.05432432;9.953243243;21.22054054;4.078378378;10.24945946;4.614864865;7.312972973;4.194324324;22.74459459,0.379727794;0.1765626722;0.3922399866;0.4001153899;0.2561592693;0.3968247416;0.05447158053;0.3306362377;0.0721661472;0.1993738382;0.0640631383;0.4000221022,0.07945945946;0.1635135135;0.04837837838;0.03486486486;0.1332432432;0.0472972973;0.2286486486;0.1210810811;0.2191891892;0.1735135135;0.2286486486;0.04027027027,23.87703683;1.726282521;23.98376384;23.99949363;4.674317237;23.98913103;0.209506079;10.42964026;0.2790122724;1.941282265;0.247425482;23.99487595
Known-Transition Safe,8,10,602.3172972972973,28.014594594594595,27.922729729729728,52.0,97.0,76.06621621621622,0.0867342342342342,0.0344144144144144,0.1026351351351351,0.0332432432432432,0.7785399749952423,38.0,195.0,0.1215315315315315,1349,11100,0.3087577787004545,0.3992110733966348,23.99724247155781,0.4064864864864865,True,True,0.2210551088;0.5230742899;0.4621770162;0.8877431859;0.3493760462;0.4491418585;0.5565464418;0.34857734;0.2223217792;0.6900300697;0.2104662511;0.2177243916,2.045012567;0.9021077578;1.019211399;0.4291816563;1.325898395;1.047619095;0.8463561798;1.328717478;2.03354937;0.6616731043;2.146920017;2.075867389,21.2027027;12.00432432;11.6172973;5.198108108;16.00432432;10.50918919;9.928918919;14.48108108;27.6372973;7.973513514;27.84756757;28.01459459,0.3940794486;0.2647808176;0.2892356673;0.1103112852;0.347242039;0.312870027;0.2422408634;0.3648586373;0.398465755;0.1840166552;0.3992110734;0.3977810754,0.04945945946;0.1213513514;0.1194594595;0.2132432432;0.08216216216;0.1291891892;0.1454054054;0.08918918919;0.04108108108;0.1691891892;0.03324324324;0.03864864865,23.99589223;4.323185336;7.907382387;0.4875449689;20.5244117;7.428572845;6.219835956;20.82202636;23.99496751;2.755057939;23.99724247;23.99321517
Known-Transition Safe,8,11,450.4218918918919,28.00189189189189,24.21105405405405,41.0,66.0,55.87072072072072,0.0502927927927927,0.0144594594594594,0.120045045045045,0.0378378378378378,0.8507343849907516,32.0,111.0,0.0343243243243243,381,11100,0.2576376967884,0.4018581935364658,23.995249651278325,0.4064864864864865,True,True,0.95;0.2935060875;0.6227889451;0.4312530983;0.6153269509;0.4183303984;0.9434799305;0.4987828682;0.6260188518;0.4351735249;0.2492611008;0.2092716103,0.3358641596;1.559243329;0.7487311135;1.088976442;0.7590395275;1.120756955;0.3508668233;0.9460759936;0.7443154627;1.079661914;1.819920828;2.159149808,5.148108108;15.76324324;7.888378378;11.3127027;9.244594595;13.19162162;5.152972973;11.5027027;9.497297297;11.34189189;21.10945946;28.00189189,0.07969965734;0.3771683187;0.195074809;0.3137429426;0.1926319233;0.3132061327;0.08534598406;0.2546734296;0.1788368774;0.3055151417;0.4018581935;0.3938989514,0.2032432432;0.07027027027;0.1632432432;0.1075675676;0.1413513514;0.09783783784;0.1964864865;0.1154054054;0.1408108108;0.1164864865;0.05;0.03783783784,0.3358641596;23.82476299;2.338580022;7.914963464;2.94463244;12.26422255;0.3508668233;8.41367186;1.554523702;8.952562117;23.99524965;23.98299616
Known-Transition Safe,8,12,467.11243243243246,20.675405405405407,20.26691891891892,39.0,58.0,51.616216216216216,0.0432432432432432,0.0084009009009009,0.1132657657657657,0.0467567567567567,0.8535267538159715,33.0,138.0,0.0208108108108108,231,11100,0.2778559293695136,0.3981804111519477,23.999405237997912,0.4064864864864865,True,True,0.2277146089;0.9318683167;0.4490225566;0.364868936;0.3264467419;0.2532754659;0.5108922966;0.7249468559;0.885090931;0.3371942215;0.4510893652;0.3770521179,1.986329388;0.369039043;1.047885528;1.273544601;1.412123145;1.792296255;0.9237509324;0.6195927545;0.4325165816;1.370290719;1.043286736;1.235229773,19.9327027;5.020540541;12.00783784;13.46054054;14.47540541;20.67540541;9.684054054;7.308918919;5.603783784;14.83297297;12.56783784;13.3727027,0.3918974198;0.08637508412;0.3070021386;0.3438570423;0.3637171236;0.3981804112;0.2396759176;0.1495395486;0.1055574252;0.3462761681;0.2743562147;0.3278366586,0.05297297297;0.1975675676;0.117027027;0.09162162162;0.08405405405;0.04675675676;0.1283783784;0.1627027027;0.19;0.08054054054;0.1110810811;0.09648648649,23.98331555;0.369039043;14.79427642;18.17406104;21.64862017;23.99940524;3.485011189;1.278371018;0.4650331633;17.53628025;7.071749032;12.73982523
Known-Transition Safe,8,13,325.43,22.27405405405405,17.974986486486483,31.0,53.0,43.79549549549549,0.0231531531531531,0.0060585585585585,0.1543693693693693,0.0443243243243243,0.9035365572005551,22.0,102.0,0.0213513513513513,237,11100,0.1843077957507386,0.3939634015804311,23.972755589016018,0.4064864864864865,True,True,0.931036637;0.7159624459;0.6775674106;0.3509019354;0.95;0.7562371291;0.2357345475;0.5713184825;0.95;0.8385292043;0.9458583108;0.3749843981,0.3702883284;0.6302691506;0.6771299559;1.320546841;0.2764601871;0.5830294735;1.920506701;0.8232731646;0.2265612916;0.488449848;0.3469497415;1.241568686,5.916486486;7.706486486;8.537297297;14.45756757;4.811621622;6.600540541;22.27405405;9.763513514;4.438918919;5.756216216;5.327027027;12.88567568,0.08936958846;0.1694912986;0.1639752542;0.3522647925;0.0678448243;0.1490664546;0.3939634016;0.2354116238;0.05633415899;0.1256768258;0.07407845831;0.3342168679,0.1867567568;0.1654054054;0.1494594595;0.08648648649;0.2075675676;0.1748648649;0.04432432432;0.1408108108;0.2137837838;0.1956756757;0.1867567568;0.1005405405,0.3702883284;1.321076603;1.508519823;19.27663835;0.2764601871;0.9490884205;23.97275559;3.712009622;0.2265612916;0.6653495441;0.3469497415;13.62117876
Known-Transition Safe,8,14,479.2086486486487,25.194594594594594,22.956540540540537,42.0,67.0,56.56036036036036,0.053581081081081,0.014572072072072,0.1133108108108107,0.0378378378378378,0.8425787443330321,33.0,110.0,0.0312612612612612,347,11100,0.2747669974992869,0.3980061035441758,23.99722352912776,0.4064864864864865,True,True,0.3969158517;0.64914127;0.685168137;0.2123384503;0.8391928019;0.2547057577;0.6450583303;0.3536782427;0.3495021855;0.2638904463;0.8142278578;0.4332858251,1.177446822;0.7134614509;0.6676722331;2.128067317;0.4876767217;1.782678959;0.7188179662;1.310923092;1.325454306;1.723560971;0.5165166625;1.084128614,12.84297297;8.257567568;8.134864865;25.19459459;5.843783784;18.61459459;8.634594595;15.41459459;13.63594595;21.12540541;6.226486486;12.08216216,0.3258663636;0.189549353;0.1788278873;0.3980061035;0.1202057217;0.38833493;0.1968007026;0.3454459499;0.3499915831;0.3884999593;0.1264767828;0.289198633,0.0972972973;0.1532432432;0.1527027027;0.03783783784;0.1851351351;0.05972972973;0.1475675676;0.08351351351;0.08756756757;0.05756756757;0.1894594595;0.1081081081,12.19106418;2.280768706;1.470688932;23.99429945;0.6630301652;23.99722353;1.675271865;16.54446243;17.79087443;23.98956077;0.7495499874;9.734958127
Known-Transition Safe,8,15,419.74,28.23891891891892,22.87745945945945,38.0,64.0,53.443243243243245,0.0427702702702702,0.0121396396396396,0.1393693693693693,0.0324324324324324,0.8437868441390673,27.0,110.0,0.072072072072072,800,11100,0.2335986550095911,0.4005788245448167,23.99896784593186,0.4064864864864865,True,True,0.95;0.6682774533;0.3936552323;0.8783623152;0.2542081145;0.6112416568;0.1961261937;0.2603661895;0.4858854259;0.9440218225;0.777121657;0.6438927182,0.2609434761;0.6888292002;1.186565108;0.4408835581;1.786011998;0.7647485898;2.305041448;1.74572184;0.9708198352;0.349980936;0.5589976316;0.7203540735,4.360540541;6.579459459;11.9172973;5.824864865;18.38513514;7.966756757;28.23891892;18.49081081;10.14351351;4.951351351;7.19027027;8.925675676,0.06474219217;0.1956647269;0.3399348687;0.1050971076;0.3934053456;0.2139229163;0.4005788245;0.3996287562;0.2804882173;0.08607639238;0.1400515688;0.1835929436,0.2205405405;0.1862162162;0.1140540541;0.1886486486;0.05513513514;0.1672972973;0.03243243243;0.05675675676;0.1310810811;0.2035135135;0.1697297297;0.147027027,0.2609434761;1.844146001;10.82382302;0.5226506742;23.98961151;2.341731668;23.99896785;23.99223683;5.87049588;0.349980936;0.8769928948;1.762832588
Known-Transition Safe,8,16,502.7116216216217,29.66189189189189,25.960689189189186,46.0,73.0,62.39954954954955,0.0668693693693693,0.0218468468468468,0.1267792792792793,0.0316216216216216,0.7804779527136239,31.0,119.0,0.1102702702702702,1224,11100,0.2701120706255794,0.4012675182807005,23.99967441619585,0.4064864864864865,True,True,0.3932789834;0.7735119064;0.901603995;0.8416273572;0.2260479039;0.7045979448;0.6624829137;0.1982197585;0.7522839954;0.3841282698;0.2247729528;0.2144342016,1.187626136;0.5631378354;0.4113518347;0.4848363331;2.00065631;0.6439160289;0.6962092138;2.280313362;0.5876051337;1.214015836;2.011774821;2.107404393,14.04162162;7.002432432;5.064864865;5.837027027;18.35594595;6.201621622;7.436216216;29.66189189;6.473783784;12.31648649;21.68783784;22.93243243,0.3453745196;0.1642231688;0.1073961817;0.1178021253;0.3958055187;0.1804705194;0.2047231418;0.397514086;0.164211813;0.3615798516;0.4012675183;0.4009764034,0.0972972973;0.1848648649;0.2110810811;0.1824324324;0.05054054054;0.19;0.177027027;0.03162162162;0.1956756757;0.1110810811;0.04513513514;0.04459459459,21.99569884;1.215689177;0.4227036694;0.6545089994;23.81855127;1.39524426;1.584836855;23.98726247;1.150420535;16.71480762;23.98960079;23.99967442
Known-Transition Safe,8,17,422.6135135135135,27.854594594594595,27.63072972972973,43.0,79.0,64.71801801801801,0.0569819819819819,0.0237837837837837,0.1493243243243243,0.0337837837837837,0.8122928008337861,23.0,136.0,0.0803603603603603,892,11100,0.2117217039829143,0.3982139607524368,23.999662937369244,0.4064864864864865,True,True,0.6058267012;0.4606290406;0.8627452041;0.95;0.8920394043;0.9329954481;0.2434414901;0.2237143759;0.7874097494;0.2072792387;0.95;0.5223938409,0.772389876;1.022513998;0.4598691245;0.2139841101;0.4237308779;0.3673358894;1.861711545;2.021113381;0.5472165522;2.179902851;0.241873434;0.9032962107,9.017027027;10.05189189;4.862702703;3.994324324;5.017567568;4.799189189;23.59756757;27.85459459;6.502972973;27.44756757;4.506486486;9.119459459,0.2108415607;0.2846457887;0.1219274625;0.05783354328;0.1085667222;0.09441525156;0.3964942425;0.3982139608;0.1478963655;0.3970958167;0.05955316172;0.2631765717,0.1491891892;0.1202702703;0.2151351351;0.2281081081;0.202972973;0.2181081081;0.04594594595;0.03513513514;0.1924324324;0.03378378378;0.2110810811;0.1397297297,2.579119008;6.897933941;0.5796073736;0.2139841101;0.4711926338;0.3673358894;23.9896348;23.99966294;0.8416496567;23.99611406;0.241873434;5.356035582
Known-Transition Safe,8,18,327.27864864864864,22.553243243243244,19.35893243243243,32.0,57.0,46.97207207207207,0.0292567567567567,0.0078153153153153,0.1628378378378378,0.0464864864864864,0.8581765520100015,21.0,113.0,0.0305405405405405,339,11100,0.1896825897636539,0.3974020350658082,23.9987826900948,0.4064864864864865,True,True,0.95;0.2298402862;0.2514208534;0.95;0.8064515181;0.2889292384;0.86964094;0.95;0.4229897239;0.9113191376;0.93510967;0.8418183031,0.2641897105;1.968390267;1.804941085;0.3377909827;0.5254308787;1.582364629;0.451552802;0.2372894534;1.10910177;0.3983676074;0.3641087485;0.4846132827,4.512702703;22.55324324;16.56918919;4.581351351;6.255945946;16.74540541;5.476216216;4.514054054;10.45918919;4.601081081;5.213243243;5.985135135,0.06840371422;0.3974020351;0.3912331757;0.0850868097;0.1334878449;0.3853271704;0.1181359763;0.06092567046;0.3159441259;0.1005609041;0.0936841969;0.1259994535,0.2156756757;0.04648648649;0.05621621622;0.2137837838;0.1894594595;0.07297297297;0.202972973;0.2178378378;0.1127027027;0.2137837838;0.2094594595;0.2027027027,0.2641897105;23.99298097;23.99878269;0.3377909827;0.9017235147;23.95429695;0.554658406;0.2372894534;14.80071684;0.3983676074;0.3641087485;0.7384531309
Known-Transition Safe,8,19,509.1440540540541,26.52972972972973,26.370378378378376,41.0,74.0,60.03693693693694,0.0533783783783783,0.0167792792792792,0.1081081081081081,0.0337837837837837,0.8332212245748186,34.0,154.0,0.0485585585585585,539,11100,0.2928565679736167,0.3962815684459906,23.996876485050272,0.4064864864864865,True,True,0.8339118425;0.4218873338;0.3658373363;0.3670076204;0.481511622;0.1930715746;0.2120595117;0.3057773787;0.5446939528;0.4653449839;0.3623629999;0.8770434254,0.4938172966;1.111838862;1.270411673;1.266646367;0.9794527448;2.342239302;2.1308523;1.500722279;0.8655191693;1.012509865;1.281724896;0.4425090154,6.020810811;12.19135135;14.67216216;12.66621622;10.68162162;26.52972973;26.24;14.32567568;9.07027027;9.782162162;13.09054054;5.492972973,0.1265239992;0.2833686614;0.3509083053;0.3580843515;0.2610109206;0.3962815684;0.3870088501;0.3861317863;0.23907043;0.2804925977;0.3408695398;0.1045278053,0.1932432432;0.1002702703;0.08891891892;0.1013513514;0.117027027;0.03378378378;0.03918918919;0.07594594595;0.142972973;0.1237837838;0.08837837838;0.1924324324,0.7752691863;8.46045497;13.97152684;15.79945192;5.891791172;23.97837558;23.99687649;23.92094609;3.455191693;6.250197294;13.64312239;0.5275270463
Wang'26 PORMAB-Safe,2,0,390.0243243243243,20.35054054054054,19.12448648648648,33.0,62.0,50.19414414414415,0.0303828828828828,0.0106756756756756,0.1436036036036036,0.0472972972972973,0.8305189149735294,22.0,149.0,0.5310810810810811,5895,11100,0.2208973165339564,0.4012300270553241,23.999964400894644,0.4064864864864865,True,True,0.95;0.2315765095;0.95;0.8081176242;0.6281327393;0.795200025;0.3394136806;0.9476946562;0.5005847781;0.95;0.23436609;0.2528380647,0.3369544871;1.95400716;0.2191119648;0.5235225351;0.7414402559;0.5383055036;1.361973486;0.3438720469;0.9427001774;0.2738400263;1.931388168;1.795260579,3.881081081;18.12135135;4.068918919;5.697027027;7.732972973;5.657837838;10.4327027;4.113243243;8.510810811;3.527837838;20.35054054;18.02405405,0.08487610324;0.3997793027;0.05643613579;0.125786901;0.1965818624;0.1325395443;0.4012300271;0.0841092439;0.3029379759;0.06683176858;0.3998495505;0.399809383,0.2145945946;0.04891891892;0.2124324324;0.1781081081;0.1405405405;0.1778378378;0.09405405405;0.2051351351;0.1348648649;0.2172972973;0.0472972973;0.05216216216,0.3369544871;23.99873249;0.2191119648;0.7705676054;6.136006398;0.8298330217;23.99899405;0.3438720469;12.62260674;0.2738400263;23.99930207;23.9999644
Wang'26 PORMAB-Safe,2,1,517.3232432432433,26.773513513513517,24.17647297297297,43.0,79.0,63.693693693693696,0.0573873873873873,0.0212162162162162,0.1211036036036036,0.0316216216216216,0.7130859317001295,29.59999999999945,133.0,0.7024324324324325,7797,11100,0.2823810743439727,0.4004078570324282,23.999963367608963,0.4064864864864865,True,True,0.5605092249;0.2181252996;0.2316669551;0.3707979081;0.95;0.95;0.2020086086;0.95;0.325972712;0.8362721814;0.2993435181;0.2334007936,0.8400796556;2.072097608;1.953264399;1.254604531;0.2976063768;0.2276934429;2.237061952;0.2579608484;1.414030367;0.4910760745;1.530799061;1.939147999,7.701351351;22.05162162;16.72243243;11.06972973;3.335135135;3.243513514;26.77351351;3.442972973;12.92243243;5.753513514;13.74945946;19.31972973,0.259516499;0.3992988094;0.4001552471;0.3984217091;0.07721678964;0.06240031112;0.3996480947;0.06706982058;0.4001323768;0.1242289745;0.4000764031;0.400407857,0.1459459459;0.0427027027;0.05216216216;0.1045945946;0.2251351351;0.2440540541;0.03162162162;0.2272972973;0.07972972973;0.1835135135;0.07027027027;0.04621621622,6.642071046;23.99953142;23.99994003;23.99782787;0.2976063768;0.2276934429;23.99943658;0.2579608484;23.99953849;0.6732282236;23.99968316;23.99996337
Wang'26 PORMAB-Safe,2,2,432.9089189189189,25.70108108108108,22.325270270270263,36.0,67.0,54.5009009009009,0.0382657657657657,0.0138063063063063,0.1323423423423423,0.0324324324324324,0.8271296529998082,24.0,118.0,0.5822522522522523,6463,11100,0.2417227805791356,0.4000163575866049,23.99999966756014,0.4064864864864865,True,True,0.2983974043;0.4720337023;0.7619171253;0.95;0.6042558466;0.7527600943;0.6803453125;0.2438339011;0.7053294905;0.1925045361;0.95;0.2931742638,1.535332493;0.9986066978;0.5764720931;0.328976203;0.7746227687;0.5870535051;0.6736618433;1.858825842;0.6430324214;2.34929577;0.2710575607;1.560894842,13.65459459;7.213783784;5.794594595;3.981081081;7.95972973;6.050540541;6.485675676;19.56324324;6.950540541;25.70108108;3.824864865;14.57783784,0.4000163576;0.3141562692;0.1391323187;0.0832220881;0.2196160228;0.1451767452;0.1678692485;0.3998987487;0.1619746532;0.4000152257;0.06966911897;0.3999265703,0.06540540541;0.15;0.1708108108;0.2102702703;0.1443243243;0.1721621622;0.1591891892;0.04648648649;0.1505405405;0.03243243243;0.2181081081;0.06837837838,23.99949569;9.933121493;1.058832559;0.328976203;4.844718762;0.9611605154;2.189294747;23.97848257;1.787291793;23.99999967;0.2710575607;23.9997206
Wang'26 PORMAB-Safe,2,3,504.6986486486487,19.39027027027027,18.27912162162162,39.0,60.0,52.196846846846846,0.0453378378378378,0.0097747747747747,0.1030855855855855,0.0443243243243243,0.7407091583204453,33.0,115.0,0.6954054054054054,7719,11100,0.3214672057041121,0.4015809711172294,23.999649308145884,0.4064864864864865,True,True,0.2469621281;0.8215561338;0.8932287906;0.3220866759;0.225348274;0.2465631425;0.4834834838;0.2778755806;0.2645088005;0.3014458345;0.9387067142;0.2969367479,1.836175919;0.5080937316;0.4222105672;1.429873819;2.006740312;1.839030251;0.9755450403;1.641436133;1.719737046;1.520828652;0.3585144156;1.542388958,15.96459459;5.459189189;4.023513514;11.58135135;19.39027027;15.98972973;8.145945946;14.99513514;17.37;14.80513514;4.044324324;12.22351351,0.399988592;0.124002335;0.1041833102;0.3999782169;0.4002633378;0.3996163031;0.3385404951;0.3997118799;0.4011170461;0.4015809711;0.0888534376;0.3997705436,0.05432432432;0.1802702703;0.2102702703;0.08756756757;0.04432432432;0.05081081081;0.1454054054;0.05837837838;0.05405405405;0.07351351351;0.2051351351;0.07297297297,23.99908832;0.7242811947;0.4666317017;23.99918077;23.99955093;23.99947619;20.57289169;23.99929074;23.99884008;23.99964931;0.3585144156;23.99861981
Wang'26 PORMAB-Safe,2,4,458.5686486486487,20.295405405405404,19.901486486486487,34.0,59.0,49.01531531531531,0.0310135135135135,0.0090990990990991,0.0991441441441441,0.0435135135135135,0.9039056537939812,30.0,124.0,0.4349549549549549,4828,11100,0.2907332930063547,0.4008685256016108,23.999774470948296,0.4064864864864865,True,True,0.662118963;0.6741961796;0.3640876;0.2460798207;0.2372011855;0.4128728207;0.5024050881;0.4159209977;0.2309431598;0.4380235493;0.7287104513;0.5641011845,0.6966749552;0.6813572012;1.27608378;1.842501298;1.908996959;1.13470463;0.9393093506;1.126874486;1.959226317;1.072981387;0.6151471375;0.8344446437,7.281891892;8.054864865;9.789189189;16.27216216;19.57918919;9.382162162;9.303783784;9.586486486;20.29540541;9.865945946;7.348648649;8.100810811,0.1495026796;0.144558217;0.3935166468;0.4008685256;0.4003734163;0.3655588971;0.2541212594;0.3325802538;0.4003175935;0.3192844615;0.127850851;0.2002667145,0.1318918919;0.1232432432;0.1048648649;0.04891891892;0.04486486486;0.1140540541;0.1110810811;0.1067567568;0.04351351351;0.1024324324;0.1348648649;0.1232432432,2.746799283;1.688143207;23.99327816;23.99849541;23.99920884;23.61698245;8.507568311;23.93934366;23.99977447;23.94658544;2.18176565;4.916669655
Wang'26 PORMAB-Safe,2,5,405.7840540540541,18.923783783783783,16.98585135135135,31.0,52.0,44.51756756756757,0.0232882882882882,0.0059234234234234,0.1212837837837838,0.0454054054054054,0.8554584658932614,26.0,139.0,0.4881981981981982,5419,11100,0.2636644174147297,0.4031934300109152,23.999805493477,0.4064864864864865,True,True,0.9411489522;0.4821824971;0.3825098869;0.7544254172;0.3523107703;0.8677360717;0.95;0.2189202535;0.8265150398;0.3376263363;0.2625732011;0.2699141276,0.3546353857;0.9781203331;1.218803669;0.5851252029;1.315645181;0.4538598372;0.2241414152;2.064668323;0.5023771293;1.368663091;1.731770293;1.687095206,4.186216216;8.327567568;9.527297297;6.898648649;10.22675676;5.55972973;4.211351351;18.92378378;5.923243243;11.07594595;15.40027027;14.73837838,0.07984088547;0.2884133198;0.40319343;0.1282531188;0.4021607296;0.09800919188;0.0526429432;0.4000992398;0.1095725252;0.4017211128;0.4001793515;0.3998871609,0.1891891892;0.1318918919;0.1140540541;0.1497297297;0.1024324324;0.1654054054;0.1972972973;0.04540540541;0.1575675676;0.08351351351;0.05675675676;0.06216216216,0.3546353857;11.20924899;23.99842904;1.110751217;23.99936629;0.5077196745;0.2241414152;23.99921978;0.7071313878;23.9966731;23.999585;23.99980549
Wang'26 PORMAB-Safe,2,6,291.727027027027,13.298108108108108,12.039797297297296,24.0,37.0,32.44099099099099,0.0068468468468468,0.0009234234234234,0.1469594594594594,0.0702702702702702,0.9241237091651844,21.0,84.0,0.1412612612612612,1568,11100,0.1852829379882639,0.4016790302552491,23.99999244669512,0.4064864864864865,True,True,0.6600953202;0.4082536129;0.95;0.8542797728;0.5796663152;0.95;0.7238759829;0.298421524;0.95;0.3698913443;0.95;0.5870736138,0.6992694381;1.146768836;0.2551559305;0.4699577518;0.8105930222;0.2156180293;0.6208604762;1.535216558;0.2628816135;1.257463669;0.2571157349;0.7995478023,7.513783784;10.64972973;4.132432432;5.851891892;8.123783784;3.818918919;7.104324324;13.29810811;3.921621622;11.01027027;4.204324324;8.213513514,0.1668797064;0.4016790303;0.05765144809;0.1040257834;0.1976094341;0.04895112016;0.1258500965;0.3999861519;0.059539133;0.3979702584;0.05969254493;0.2035605486,0.132972973;0.1091891892;0.1951351351;0.1716216216;0.1281081081;0.1978378378;0.1356756757;0.07027027027;0.1945945946;0.09621621622;0.1991891892;0.1327027027,3.18831101;23.99713888;0.2551559305;0.6098732553;3.737709289;0.2156180293;1.062581429;23.99999245;0.2628816135;23.99867836;0.2571157349;4.395025826
Wang'26 PORMAB-Safe,2,7,349.34216216216214,23.20945945945946,19.64798648648648,31.0,55.0,45.66801801801802,0.0257657657657657,0.0073648648648648,0.1524099099099099,0.0354054054054054,0.8526721211120447,21.0,99.0,0.4558558558558558,5060,11100,0.2020625754741271,0.4010537871837515,23.99999020533199,0.4064864864864865,True,True,0.95;0.8194645516;0.5139536145;0.1957148488;0.2668165055;0.95;0.9166527097;0.2817874583;0.4060368001;0.95;0.95;0.8957240492,0.2129344738;0.5105004868;0.9182376412;2.309972111;1.705631049;0.2143947682;0.3910280632;1.619983796;1.152645744;0.2643493157;0.2202876177;0.4190042049,3.801621622;4.847837838;8.488378378;23.20945946;16.73405405;3.812972973;4.594324324;14.00972973;8.823783784;4.096756757;4.012972973;4.967567568,0.0516797723;0.1154834885;0.2948287345;0.3995627435;0.4010537872;0.05168652249;0.09532630082;0.400179781;0.3971954929;0.06351528152;0.0543574581;0.09988154291,0.2110810811;0.18;0.1383783784;0.03540540541;0.05567567568;0.2097297297;0.1989189189;0.06594594595;0.1313513514;0.2021621622;0.2127027027;0.1875675676,0.2129344738;0.7315014605;8.173564619;23.99909524;23.99999021;0.2143947682;0.3910280632;23.99902777;23.98923911;0.2643493157;0.2202876177;0.4380084099
Wang'26 PORMAB-Safe,2,8,395.32216216216216,23.82567567567568,20.03216216216216,33.0,59.0,49.51126126126126,0.0305855855855855,0.0092117117117117,0.1357882882882883,0.0359459459459459,0.8342153347575348,23.0,137.0,0.5213513513513514,5787,11100,0.2393236621702366,0.4027648140257384,23.99970094027432,0.4064864864864865,True,True,0.924502767;0.7675714746;0.2938168902;0.223720696;0.8564804989;0.95;0.4732619221;0.198994158;0.3554966144;0.365156396;0.95;0.8950142286,0.3798996382;0.5699618165;1.557699888;2.021057334;0.4673466129;0.2347890628;0.9960890923;2.271318822;1.304697623;1.272612991;0.2590903055;0.4199186836,4.267837838;6.541081081;13.22486486;16.92837838;5.183243243;3.87972973;9.042972973;23.82567568;11.15756757;10.07432432;3.682702703;4.735405405,0.09127858874;0.1354044424;0.3995289714;0.3992953814;0.1030688746;0.05711085312;0.3165948034;0.3996293386;0.4023405371;0.402764814;0.06295194179;0.1019153994,0.1964864865;0.1589189189;0.06918918919;0.05;0.1705405405;0.2075675676;0.132972973;0.03594594595;0.09918918919;0.1027027027;0.2118918919;0.1940540541,0.3798996382;1.019770899;23.99890284;23.98260599;0.6020398386;0.2347890628;17.88267277;23.99910349;23.99724593;23.99970094;0.2590903055;0.4597560509
Wang'26 PORMAB-Safe,2,9,514.0881081081081,26.323243243243244,24.79558108108108,43.0,76.0,62.23108108108108,0.0570495495495495,0.0206531531531531,0.1221396396396396,0.0351351351351351,0.7618504308536359,27.0,138.0,0.6642342342342342,7373,11100,0.2642906560916804,0.4007600484712603,23.999493627997605,0.4064864864864865,True,True,0.3257577326;0.6871221964;0.2523803769;0.1963495047;0.5437054116;0.2493362779;0.95;0.4363495231;0.95;0.6652629851;0.95;0.2127973752,1.414897118;0.6652565043;1.798374164;2.302374716;0.8671448273;1.819394726;0.209506079;1.076896197;0.2790122724;0.6926602831;0.247425482;2.123503268,13.07324324;6.850540541;19.25702703;26.32324324;8.246486486;17.90621622;3.540810811;8.233243243;3.795135135;7.332432432;3.647837838;23.54567568,0.4007600485;0.1598413601;0.3995306927;0.3994931264;0.2620183559;0.4002668397;0.05265963606;0.3830257824;0.0701301117;0.1821509339;0.06158888349;0.4000221022,0.08162162162;0.1475675676;0.04702702703;0.03513513514;0.1310810811;0.04891891892;0.2213513514;0.137027027;0.2127027027;0.1524324324;0.2143243243;0.03648648649,23.99942314;4.766156103;23.9969037;23.99949363;6.674317237;23.99928272;0.209506079;23.99860223;0.2790122724;2.897243963;0.247425482;23.9988499
Wang'26 PORMAB-Safe,2,10,580.5886486486487,32.57054054054054,27.29871621621621,46.0,106.0,74.62162162162163,0.0671171171171171,0.0286036036036036,0.0961936936936936,0.0348648648648648,0.8162503045035377,33.0,358.0,0.6527027027027027,7245,11100,0.3148487056517505,0.4011473468289758,23.999827072990765,0.4064864864864865,True,True,0.2210551088;0.5230742899;0.4621770162;0.8877431859;0.3493760462;0.4491418585;0.5565464418;0.34857734;0.2223217792;0.6900300697;0.2104662511;0.2177243916,2.045012567;0.9021077578;1.019211399;0.4291816563;1.325898395;1.047619095;0.8463561798;1.328717478;2.03354937;0.6616731043;2.146920017;2.075867389,19.45810811;9.278378378;9.695945946;4.832432432;11.33486486;9.347027027;8.442432432;11.00810811;22.98540541;7.528918919;22.85351351;32.57054054,0.4001592157;0.2550283013;0.3126499833;0.09372399413;0.3970528165;0.3510939669;0.2166214331;0.3989743564;0.4001145788;0.1518271529;0.399791322;0.4011473468,0.04432432432;0.1175675676;0.1178378378;0.1824324324;0.09405405405;0.1272972973;0.1262162162;0.09054054054;0.04135135135;0.1397297297;0.03810810811;0.03486486486,23.99982707;6.025293094;14.59899276;0.4583633126;23.99851331;22.89524612;7.188055057;23.99963319;23.99801714;1.308365522;23.99932792;23.99722662
Wang'26 PORMAB-Safe,2,11,430.9140540540541,25.058108108108108,21.761229729729724,35.0,65.0,52.84774774774775,0.0334459459459459,0.0125225225225225,0.1113288288288288,0.0356756756756756,0.869170519607345,28.0,142.0,0.406036036036036,4507,11100,0.2639475696692556,0.4003825820546917,23.999648824899097,0.4064864864864865,True,True,0.95;0.2935060875;0.6227889451;0.4312530983;0.6153269509;0.4183303984;0.9434799305;0.4987828682;0.6260188518;0.4351735249;0.2492611008;0.2092716103,0.3358641596;1.559243329;0.7487311135;1.088976442;0.7590395275;1.120756955;0.3508668233;0.9460759936;0.7443154627;1.079661914;1.819920828;2.159149808,4.275675676;13.59621622;8.052432432;9.307297297;8.510540541;10.25189189;4.508378378;10.50054054;8.861891892;9.401891892;19.06378378;25.05810811,0.07307314824;0.3990820087;0.1677562414;0.3537701848;0.1686298626;0.3653061857;0.07595792581;0.2684810252;0.1567085799;0.3384886002;0.4003825821;0.3997344915,0.187027027;0.07027027027;0.1316216216;0.1110810811;0.1208108108;0.1059459459;0.1797297297;0.1067567568;0.1202702703;0.1178378378;0.04891891892;0.03567567568,0.3358641596;23.99964882;8.605588973;22.76063366;4.14463244;23.98155051;0.3508668233;14.02050779;6.607886568;17.0305336;23.99879967;23.99802303
Wang'26 PORMAB-Safe,2,12,441.4551351351352,18.507297297297296,18.157824324324324,32.0,53.0,44.57747747747748,0.0249549549549549,0.0054954954954954,0.1024099099099099,0.0486486486486486,0.9004488218372332,30.0,89.0,0.3510810810810811,3897,11100,0.2883868331601983,0.4026459238412249,23.9996744583988,0.4064864864864865,True,True,0.2277146089;0.9318683167;0.4490225566;0.364868936;0.3264467419;0.2532754659;0.5108922966;0.7249468559;0.885090931;0.3371942215;0.4510893652;0.3770521179,1.986329388;0.369039043;1.047885528;1.273544601;1.412123145;1.792296255;0.9237509324;0.6195927545;0.4325165816;1.370290719;1.043286736;1.235229773,18.5072973;4.637297297;10.51864865;10.68189189;12.04027027;17.87189189;9.25027027;7.072162162;5.824324324;12.22567568;9.892702703;10.15432432,0.398876415;0.07281040578;0.3200299046;0.3968640338;0.4026459238;0.3996336243;0.2207015741;0.1133687283;0.08404849249;0.398495355;0.2749201535;0.3782473871,0.04864864865;0.1689189189;0.1067567568;0.09405405405;0.08675675676;0.04918918919;0.1091891892;0.1275675676;0.1505405405;0.08162162162;0.1045945946;0.1010810811,23.99860142;0.369039043;23.95484878;23.99514092;23.99530996;23.99967446;6.627516783;1.058778264;0.4650331633;23.99872519;11.85531535;23.99343681
Wang'26 PORMAB-Safe,2,13,312.45513513513515,21.267567567567568,15.840999999999994,25.0,49.0,39.96306306306306,0.016554054054054,0.0061036036036036,0.1507207207207207,0.0435135135135135,0.9080834945392756,20.0,105.0,0.2696396396396396,2993,11100,0.1894896743785435,0.3991539602310297,23.99966944124068,0.4064864864864865,True,True,0.931036637;0.7159624459;0.6775674106;0.3509019354;0.95;0.7562371291;0.2357345475;0.5713184825;0.95;0.8385292043;0.9458583108;0.3749843981,0.3702883284;0.6302691506;0.6771299559;1.320546841;0.2764601871;0.5830294735;1.920506701;0.8232731646;0.2265612916;0.488449848;0.3469497415;1.241568686,5.038918919;6.845945946;7.482162162;11.40108108;4.127297297;5.945405405;21.26756757;8.117567568;3.716486486;5.018918919;4.127567568;9.30027027,0.08666748444;0.1538197414;0.1550078575;0.3968778614;0.06791954327;0.1351998076;0.3991539602;0.2349666113;0.05627292621;0.1120794381;0.07726664513;0.398644216,0.1856756757;0.1524324324;0.1375675676;0.09081081081;0.2064864865;0.1624324324;0.04351351351;0.1381081081;0.2118918919;0.1775675676;0.1913513514;0.1108108108,0.3702883284;1.611884054;2.094169603;23.9995164;0.2764601871;1.098176841;23.99966944;8.981829115;0.2265612916;0.6653495441;0.3469497415;23.99924108
Wang'26 PORMAB-Safe,2,14,464.9186486486486,24.85189189189189,20.768810810810805,36.0,66.0,53.71576576576577,0.0381306306306306,0.0130855855855855,0.1050225225225225,0.0427027027027027,0.8938290943848631,29.0,138.0,0.4772072072072072,5297,11100,0.2847451509253269,0.401425909003225,23.999947416341502,0.4064864864864865,True,True,0.3969158517;0.64914127;0.685168137;0.2123384503;0.8391928019;0.2547057577;0.6450583303;0.3536782427;0.3495021855;0.2638904463;0.8142278578;0.4332858251,1.177446822;0.7134614509;0.6676722331;2.128067317;0.4876767217;1.782678959;0.7188179662;1.310923092;1.325454306;1.723560971;0.5165166625;1.084128614,9.285945946;7.911891892;7.857027027;24.85189189;5.861351351;17.42810811;8.572972973;12.20189189;11.10513514;14.89432432;5.994864865;9.514324324,0.3911032821;0.1652530982;0.1504969304;0.3997315635;0.1014894799;0.399898253;0.174264788;0.401425909;0.397278061;0.4001456416;0.1065141117;0.3293406925,0.1102702703;0.127027027;0.1262162162;0.0427027027;0.1564864865;0.05675675676;0.1272972973;0.08783783784;0.0927027027;0.06054054054;0.1589189189;0.1135135135,23.9995789;5.209613371;2.682755729;23.99934819;0.6630301652;23.99813484;4.382269492;23.99984796;23.99994742;23.99858093;0.7495499874;19.1112024
Wang'26 PORMAB-Safe,2,15,437.1294594594594,32.207027027027024,24.18386486486485,37.0,77.0,60.78468468468469,0.0427477477477477,0.0179729729729729,0.1347297297297297,0.0302702702702702,0.8474937205887954,23.0,179.0,0.5255855855855855,5834,11100,0.2373632833379233,0.4010442063823324,23.99977867943091,0.4064864864864865,True,True,0.95;0.6682774533;0.3936552323;0.8783623152;0.2542081145;0.6112416568;0.1961261937;0.2603661895;0.4858854259;0.9440218225;0.777121657;0.6438927182,0.2609434761;0.6888292002;1.186565108;0.4408835581;1.786011998;0.7647485898;2.305041448;1.74572184;0.9708198352;0.349980936;0.5589976316;0.7203540735,3.618378378;6.396486486;10.42594595;5.141621622;17.24594595;6.671081081;32.20702703;17.61945946;7.713243243;4.089189189;6.126216216;7.923513514,0.06431904059;0.1740690006;0.3986217376;0.1016415338;0.3996805229;0.2023483431;0.3999558404;0.4010442064;0.316959557;0.0845629613;0.1272097313;0.1779469252,0.2167567568;0.1572972973;0.1232432432;0.1802702703;0.05162162162;0.1540540541;0.03027027027;0.05648648649;0.1491891892;0.202972973;0.1586486486;0.1359459459,0.2609434761;2.421804401;23.99820106;0.5226506742;23.99977868;4.741731668;23.99972906;23.99917484;11.63279341;0.349980936;0.8769928948;2.242478515
Wang'26 PORMAB-Safe,2,16,521.3589189189189,25.12216216216216,24.52905405405405,43.0,84.0,66.39144144144144,0.0562612612612612,0.0229729729729729,0.125045045045045,0.0329729729729729,0.7874496512758824,26.0,184.0,0.6864864864864865,7620,11100,0.2743597558295489,0.401609562961323,23.99987506292187,0.4064864864864865,True,True,0.3932789834;0.7735119064;0.901603995;0.8416273572;0.2260479039;0.7045979448;0.6624829137;0.1982197585;0.7522839954;0.3841282698;0.2247729528;0.2144342016,1.187626136;0.5631378354;0.4113518347;0.4848363331;2.00065631;0.6439160289;0.6962092138;2.280313362;0.5876051337;1.214015836;2.011774821;2.107404393,10.34702703;6.341621622;4.355405405;4.793513514;17.89;5.449459459;6.432702703;25.12216216;5.49027027;8.772432432;23.20810811;24.04378378,0.3999411258;0.1520472156;0.1068403009;0.1143951672;0.400131262;0.1674181675;0.1960675678;0.4005955906;0.1532537714;0.401609563;0.4001800724;0.3998372659,0.1148648649;0.1740540541;0.21;0.182972973;0.04567567568;0.1778378378;0.1713513514;0.03297297297;0.1859459459;0.122972973;0.04;0.04189189189,23.99947039;1.231378354;0.4227036694;0.6545089994;23.99969286;1.726992346;3.050719779;23.99979694;1.313235936;23.99987506;23.99613493;23.99967442
Wang'26 PORMAB-Safe,2,17,406.51702702702704,23.91081081081081,23.779702702702703,37.0,73.0,59.87882882882883,0.0434909909909909,0.0189864864864864,0.1472522522522522,0.0389189189189189,0.8270863566319852,21.0,180.0,0.5287387387387388,5869,11100,0.2152985631828864,0.4009451950511505,23.999695937721988,0.4064864864864865,True,True,0.6058267012;0.4606290406;0.8627452041;0.95;0.8920394043;0.9329954481;0.2434414901;0.2237143759;0.7874097494;0.2072792387;0.95;0.5223938409,0.772389876;1.022513998;0.4598691245;0.2139841101;0.4237308779;0.3673358894;1.861711545;2.021113381;0.5472165522;2.179902851;0.241873434;0.9032962107,6.910810811;7.661081081;4.362162162;3.557027027;4.677027027;4.035135135;20.92567568;23.91081081;6.048918919;23.67243243;3.743243243;7.805135135,0.2012388758;0.3360478437;0.1124815021;0.05598286989;0.103069673;0.09203253228;0.4000163995;0.4009451951;0.1356209671;0.4000416314;0.0604683585;0.2856369099,0.1456756757;0.1397297297;0.1997297297;0.2237837838;0.1918918919;0.2151351351;0.04513513514;0.03918918919;0.172972973;0.03891891892;0.2148648649;0.14,4.78584814;12.05290594;0.5796073736;0.2139841101;0.4474617559;0.3673358894;23.99944623;23.99966294;0.9249489702;23.99969594;0.241873434;11.07251664
Wang'26 PORMAB-Safe,2,18,331.3264864864865,21.39189189189189,18.780135135135133,29.0,55.0,45.310810810810814,0.0244819819819819,0.0072297297297297,0.1585135135135135,0.044054054054054,0.8607195135682917,19.0,138.0,0.4412612612612612,4898,11100,0.1950219737929317,0.4002954844999722,23.999626106396672,0.4064864864864865,True,True,0.95;0.2298402862;0.2514208534;0.95;0.8064515181;0.2889292384;0.86964094;0.95;0.4229897239;0.9113191376;0.93510967;0.8418183031,0.2641897105;1.968390267;1.804941085;0.3377909827;0.5254308787;1.582364629;0.451552802;0.2372894534;1.10910177;0.3983676074;0.3641087485;0.4846132827,3.715135135;21.39189189;16.64324324;3.788108108;5.865675676;12.45918919;4.852162162;3.784054054;8.722432432;4.266756757;4.483783784;5.696756757,0.06754688273;0.4000620219;0.4000139701;0.08517810456;0.1235472607;0.4002954845;0.108982879;0.05925823106;0.3893846485;0.09603889347;0.09181444928;0.1181408597,0.2181081081;0.04405405405;0.05162162162;0.2181081081;0.1754054054;0.07108108108;0.1881081081;0.2127027027;0.1324324324;0.2;0.2078378378;0.1827027027,0.2641897105;23.99962611;23.99923841;0.3377909827;0.776292636;23.99915506;0.503105604;0.2372894534;23.98573906;0.3983676074;0.3641087485;0.7384531309
Wang'26 PORMAB-Safe,2,19,513.4462162162163,31.10864864864865,27.12887837837837,39.0,82.0,63.663963963963965,0.0470945945945945,0.0212162162162162,0.0975675675675675,0.0294594594594594,0.8772270718597742,31.0,152.0,0.4656756756756757,5169,11100,0.3012746138785847,0.4003278078848095,23.999745701253325,0.4064864864864865,True,True,0.8339118425;0.4218873338;0.3658373363;0.3670076204;0.481511622;0.1930715746;0.2120595117;0.3057773787;0.5446939528;0.4653449839;0.3623629999;0.8770434254,0.4938172966;1.111838862;1.270411673;1.266646367;0.9794527448;2.342239302;2.1308523;1.500722279;0.8655191693;1.012509865;1.281724896;0.4425090154,6.212432432;9.911351351;11.00810811;9.645405405;9.861891892;31.10864865;23.8727027;13.88108108;9.000810811;8.899459459;11.01891892;5.394054054,0.09916385172;0.3098123965;0.3869605285;0.3984801005;0.2504222423;0.4000797943;0.3996787827;0.4003278079;0.2135727031;0.2763878279;0.3952562449;0.08515308621,0.1486486486;0.102972973;0.09243243243;0.1045945946;0.1045945946;0.02945945946;0.03648648649;0.07135135135;0.1167567568;0.1140540541;0.0927027027;0.1567567568,0.6814518897;20.94710898;23.99837419;23.99732051;19.2192043;23.99874953;23.99973332;23.9997457;5.048306709;10.43768743;23.99755664;0.4850180308
Wang'26 PORMAB-Safe,4,0,385.154054054054,18.21783783783784,18.145,32.0,58.0,47.77612612612613,0.0294144144144144,0.0086261261261261,0.1434234234234234,0.0478378378378378,0.835325354701091,23.0,112.0,0.5854954954954955,6499,11100,0.2213108545178375,0.4008619261130715,23.999964400894665,0.4064864864864865,True,True,0.95;0.2315765095;0.95;0.8081176242;0.6281327393;0.795200025;0.3394136806;0.9476946562;0.5005847781;0.95;0.23436609;0.2528380647,0.3369544871;1.95400716;0.2191119648;0.5235225351;0.7414402559;0.5383055036;1.361973486;0.3438720469;0.9427001774;0.2738400263;1.931388168;1.795260579,4.001081081;18.21783784;4.247837838;5.472162162;7.552162162;5.934054054;11.28243243;4.157837838;8.604054054;3.625675676;18.08540541;17.74756757,0.08524037836;0.3997793027;0.05542940514;0.1235230198;0.197784198;0.1312301525;0.4008619261;0.08355161355;0.3108362747;0.0673498443;0.3998495505;0.4002945886,0.2140540541;0.04783783784;0.2086486486;0.1783783784;0.142972973;0.1705405405;0.09189189189;0.2032432432;0.1416216216;0.2172972973;0.04891891892;0.05567567568,0.3369544871;23.99873249;0.2191119648;0.6470450703;2.945924607;0.8149165108;23.99973208;0.3438720469;10.59450621;0.2738400263;23.99930207;23.9999644
Wang'26 PORMAB-Safe,4,1,508.8664864864865,25.23,23.240783783783783,43.0,76.0,61.65360360360361,0.0565990990990991,0.019572072072072,0.1213738738738738,0.0335135135135135,0.7263717321386961,30.0,129.0,0.7194594594594594,7986,11100,0.28286229630667,0.4001552470919153,23.99996336760901,0.4064864864864865,True,True,0.5605092249;0.2181252996;0.2316669551;0.3707979081;0.95;0.95;0.2020086086;0.95;0.325972712;0.8362721814;0.2993435181;0.2334007936,0.8400796556;2.072097608;1.953264399;1.254604531;0.2976063768;0.2276934429;2.237061952;0.2579608484;1.414030367;0.4910760745;1.530799061;1.939147999,8.083513514;21.61324324;17.31783784;11.55918919;3.401621622;3.369459459;25.23;3.501081081;12.44297297;5.726216216;12.63;19.28540541,0.2681443441;0.3998588358;0.4001552471;0.399438956;0.0765733164;0.06160030713;0.3996480947;0.06658178655;0.3997502064;0.1226362954;0.4000764031;0.399883763,0.1475675676;0.04351351351;0.04864864865;0.1062162162;0.2216216216;0.2375675676;0.03351351351;0.2237837838;0.08405405405;0.1840540541;0.07756756757;0.04837837838,5.521433801;23.99953142;23.99994003;23.99912755;0.2976063768;0.2276934429;23.99943658;0.2579608484;23.99953849;0.5821521491;23.99875468;23.99996337
Wang'26 PORMAB-Safe,4,2,441.2583783783784,27.41162162162162,23.14971621621621,37.0,70.0,57.78648648648649,0.0411036036036036,0.0154279279279279,0.1334459459459459,0.0313513513513513,0.833217389892656,23.0,182.0,0.6241441441441441,6928,11100,0.2424082635696329,0.4000163575866049,23.99999933512033,0.4064864864864865,True,True,0.2983974043;0.4720337023;0.7619171253;0.95;0.6042558466;0.7527600943;0.6803453125;0.2438339011;0.7053294905;0.1925045361;0.95;0.2931742638,1.535332493;0.9986066978;0.5764720931;0.328976203;0.7746227687;0.5870535051;0.6736618433;1.858825842;0.6430324214;2.34929577;0.2710575607;1.560894842,14.73405405;7.075405405;5.642702703;3.935405405;7.925945946;6.373783784;6.308378378;19.6627027;6.472432432;27.41162162;3.804594595;14.50054054,0.4000163576;0.3290004229;0.137574286;0.08215513826;0.2219189554;0.1427967985;0.1660485408;0.3998987487;0.1607581054;0.4000152257;0.06879001337;0.3999265703,0.06945945946;0.1581081081;0.1713513514;0.2091891892;0.1421621622;0.1624324324;0.1608108108;0.04783783784;0.1589189189;0.03135135135;0.2175675676;0.07216216216,23.99949569;11.32894159;0.9294162793;0.328976203;3.21934153;0.9611605154;1.22098553;23.97848257;1.129097264;23.99999934;0.2710575607;23.9997206
Wang'26 PORMAB-Safe,4,3,504.5448648648649,20.73513513513513,18.58731081081081,39.0,62.0,53.21801801801802,0.0458558558558558,0.0112162162162162,0.1043018018018018,0.041081081081081,0.756444722386236,32.0,115.0,0.694954954954955,7714,11100,0.3218998813109498,0.4011699363463827,23.999760032652095,0.4064864864864865,True,True,0.2469621281;0.8215561338;0.8932287906;0.3220866759;0.225348274;0.2465631425;0.4834834838;0.2778755806;0.2645088005;0.3014458345;0.9387067142;0.2969367479,1.836175919;0.5080937316;0.4222105672;1.429873819;2.006740312;1.839030251;0.9755450403;1.641436133;1.719737046;1.520828652;0.3585144156;1.542388958,15.98;5.584054054;4.19972973;11.53054054;20.73513514;16.83;8.240540541;11.84918919;16.74675676;15.45783784;3.937297297;12.79540541,0.399988592;0.1213932051;0.10178698;0.3999782169;0.4002633378;0.3996163031;0.3485596063;0.4001555113;0.4006522523;0.4011699363;0.08904722918;0.4001874054,0.05324324324;0.1740540541;0.2008108108;0.08756756757;0.04108108108;0.04945945946;0.1535135135;0.07243243243;0.05783783784;0.0772972973;0.2083783784;0.07594594595,23.99908832;0.7242811947;0.4444211345;23.99933929;23.99955093;23.99947619;15.15715738;23.99976003;23.99884008;23.99964931;0.3585144156;23.99913671
Wang'26 PORMAB-Safe,4,4,471.1781081081081,21.43783783783784,20.639148648648646,35.0,64.0,51.79549549549549,0.034572072072072,0.0117792792792792,0.1003828828828828,0.041081081081081,0.9062737063203778,30.59999999999945,124.0,0.4698198198198198,5215,11100,0.2913373994068862,0.4003734162604135,23.999774470948463,0.4064864864864865,True,True,0.662118963;0.6741961796;0.3640876;0.2460798207;0.2372011855;0.4128728207;0.5024050881;0.4159209977;0.2309431598;0.4380235493;0.7287104513;0.5641011845,0.6966749552;0.6813572012;1.27608378;1.842501298;1.908996959;1.13470463;0.9393093506;1.126874486;1.959226317;1.072981387;0.6151471375;0.8344446437,7.649459459;7.64;10.17621622;16.25243243;19.98567568;9.893513514;9.651081081;9.936486486;21.43783784;10.18891892;8.081891892;8.292162162,0.1470549027;0.1399544521;0.3969655219;0.4003705523;0.4003734163;0.3735324973;0.2513287181;0.3386714672;0.4003175935;0.3230543961;0.1261882912;0.1982369843,0.1275675676;0.1286486486;0.1116216216;0.05;0.04675675676;0.1172972973;0.1086486486;0.1154054054;0.04108108108;0.1059459459;0.1275675676;0.1240540541,1.883374776;1.244071604;23.99941558;23.99849541;23.99963408;23.97637043;6.525496362;21.03184572;23.99977447;17.13540439;1.045441412;2.710001793
Wang'26 PORMAB-Safe,4,5,417.0091891891892,19.6172972972973,17.821027027027025,32.0,55.0,46.5509009009009,0.0273423423423423,0.006599099099099,0.1219144144144144,0.0454054054054054,0.8614665498152618,26.0,140.0,0.5471171171171171,6073,11100,0.2642742302167334,0.4028640236138475,23.999805493476988,0.4064864864864865,True,True,0.9411489522;0.4821824971;0.3825098869;0.7544254172;0.3523107703;0.8677360717;0.95;0.2189202535;0.8265150398;0.3376263363;0.2625732011;0.2699141276,0.3546353857;0.9781203331;1.218803669;0.5851252029;1.315645181;0.4538598372;0.2241414152;2.064668323;0.5023771293;1.368663091;1.731770293;1.687095206,4.503243243;8.78;9.897027027;6.518378378;9.838918919;6.063783784;4.096216216;19.6172973;5.928378378;11.15864865;16.35135135;15.24513514,0.07926580106;0.3048034443;0.4028640236;0.1260391315;0.40144957;0.09641454921;0.05179484055;0.4000992398;0.108622082;0.3998715681;0.4001793515;0.3998871609,0.1862162162;0.1408108108;0.1135135135;0.1527027027;0.1054054054;0.1551351351;0.1978378378;0.04540540541;0.1578378378;0.08891891892;0.05567567568;0.06351351351,0.3546353857;8.853008328;23.99860478;0.9553756086;23.99936629;0.5077196745;0.2241414152;23.99921978;0.6047542586;23.99978167;23.999585;23.99980549
Wang'26 PORMAB-Safe,4,6,292.06432432432433,12.725675675675676,11.894878378378378,24.0,37.0,32.44189189189189,0.0067342342342342,0.0007432432432432,0.14759009009009,0.0737837837837837,0.9307555092812833,20.0,77.0,0.1871171171171171,2077,11100,0.1857575092267932,0.4010591552085589,23.999992446695117,0.4064864864864865,True,True,0.6600953202;0.4082536129;0.95;0.8542797728;0.5796663152;0.95;0.7238759829;0.298421524;0.95;0.3698913443;0.95;0.5870736138,0.6992694381;1.146768836;0.2551559305;0.4699577518;0.8105930222;0.2156180293;0.6208604762;1.535216558;0.2628816135;1.257463669;0.2571157349;0.7995478023,7.752432432;10.36756757;4.000810811;5.590540541;8.386756757;3.901891892;6.811081081;12.72567568;3.872162162;11.21513514;4.034594595;8.284594595,0.1687696238;0.4010591552;0.05682391534;0.1008503932;0.2035245723;0.04871801959;0.1243398954;0.3999861519;0.05961018208;0.4003492437;0.05955356345;0.2055053946,0.1351351351;0.1186486486;0.1918918919;0.1645945946;0.1291891892;0.1943243243;0.1343243243;0.07378378378;0.1978378378;0.0972972973;0.2005405405;0.1335135135,1.490502696;23.9964222;0.2551559305;0.5399155036;4.158895334;0.2156180293;1.062581429;23.99999245;0.2628816135;23.99960239;0.2571157349;3.195478023
Wang'26 PORMAB-Safe,4,7,355.96675675675675,23.735405405405405,19.84422972972973,31.0,57.0,47.2036036036036,0.0271846846846846,0.0084909909909909,0.1519369369369369,0.0343243243243243,0.8564531663114274,20.0,104.0,0.5070270270270271,5628,11100,0.202624347635773,0.4028029586367074,23.99999020533204,0.4064864864864865,True,True,0.95;0.8194645516;0.5139536145;0.1957148488;0.2668165055;0.95;0.9166527097;0.2817874583;0.4060368001;0.95;0.95;0.8957240492,0.2129344738;0.5105004868;0.9182376412;2.309972111;1.705631049;0.2143947682;0.3910280632;1.619983796;1.152645744;0.2643493157;0.2202876177;0.4190042049,3.870810811;4.892162162;8.51972973;23.73540541;16.66054054;3.982432432;4.441891892;14.03297297;9.462162162;4.04;3.806216216;4.803513514,0.05116182357;0.1123101071;0.3027702493;0.3995627435;0.4010537872;0.05162857796;0.09289558584;0.400179781;0.4028029586;0.06437263065;0.05525051601;0.09750341093,0.2078378378;0.1713513514;0.1427027027;0.03432432432;0.05837837838;0.2051351351;0.1951351351;0.07;0.1297297297;0.2048648649;0.2186486486;0.1851351351,0.2129344738;0.6210009736;6.055326977;23.99909524;23.99999021;0.2143947682;0.3910280632;23.99902777;23.99964417;0.2643493157;0.2202876177;0.4380084099
Wang'26 PORMAB-Safe,4,8,400.99405405405406,24.126486486486485,20.70355405405405,34.0,60.0,50.54684684684685,0.0332207207207207,0.0097747747747747,0.1363738738738738,0.0354054054054054,0.8315980316932017,23.0,137.0,0.5831531531531532,6473,11100,0.2395260003556507,0.4005774322518423,23.9997009402747,0.4064864864864865,True,True,0.924502767;0.7675714746;0.2938168902;0.223720696;0.8564804989;0.95;0.4732619221;0.198994158;0.3554966144;0.365156396;0.95;0.8950142286,0.3798996382;0.5699618165;1.557699888;2.021057334;0.4673466129;0.2347890628;0.9960890923;2.271318822;1.304697623;1.272612991;0.2590903055;0.4199186836,4.437297297;6.233783784;15.01378378;17.90297297;4.863243243;3.775135135;8.397837838;24.12648649;11.07216216;9.796486486;3.745405405;4.504054054,0.09076521085;0.1321695239;0.3999499713;0.3998416131;0.1029425647;0.05749159214;0.3273633341;0.3996293386;0.4005774323;0.4000132184;0.06358216145;0.09998604332,0.1956756757;0.1545945946;0.06162162162;0.04675675676;0.1724324324;0.2118918919;0.1410810811;0.03540540541;0.1013513514;0.1127027027;0.2124324324;0.1905405405,0.3798996382;0.9098854496;23.99969122;23.98260599;0.5346932257;0.2347890628;9.474850955;23.99910349;23.99962043;23.99970094;0.2590903055;0.4398373672
Wang'26 PORMAB-Safe,4,9,510.0664864864865,26.50567567567568,24.613527027027025,43.0,76.0,62.13783783783784,0.057027027027027,0.0212612612612612,0.1238738738738738,0.0345945945945945,0.7671163566147189,27.0,138.0,0.6951351351351351,7716,11100,0.2647875232779435,0.4011424530976641,23.9994936279976,0.4064864864864865,True,True,0.3257577326;0.6871221964;0.2523803769;0.1963495047;0.5437054116;0.2493362779;0.95;0.4363495231;0.95;0.6652629851;0.95;0.2127973752,1.414897118;0.6652565043;1.798374164;2.302374716;0.8671448273;1.819394726;0.209506079;1.076896197;0.2790122724;0.6926602831;0.247425482;2.123503268,13.37135135;7.121081081;19.59810811;26.50567568;8.075405405;17.60891892;3.450810811;7.855675676;3.891081081;6.928378378;3.628108108;23.06540541,0.4011424531;0.1618191497;0.3995306927;0.3994931264;0.2648307175;0.4002668397;0.05215002668;0.389428949;0.06922520704;0.1782196188;0.06132139648;0.4000221022,0.08162162162;0.15;0.04648648649;0.03459459459;0.1389189189;0.05054054054;0.2197297297;0.1475675676;0.2121621622;0.1518918919;0.2145945946;0.03837837838,23.99942314;1.848334556;23.9969037;23.99949363;5.675751719;23.99928272;0.209506079;23.99825279;0.2790122724;1.433942548;0.247425482;23.9988499
Wang'26 PORMAB-Safe,4,10,593.8051351351352,32.876486486486485,27.8581081081081,48.0,106.0,76.83783783783784,0.0716666666666666,0.0319144144144144,0.0963288288288288,0.0354054054054054,0.8255707412636596,33.0,358.0,0.6936936936936937,7700,11100,0.3156761798882577,0.4017634026192271,23.999913536495303,0.4064864864864865,True,True,0.2210551088;0.5230742899;0.4621770162;0.8877431859;0.3493760462;0.4491418585;0.5565464418;0.34857734;0.2223217792;0.6900300697;0.2104662511;0.2177243916,2.045012567;0.9021077578;1.019211399;0.4291816563;1.325898395;1.047619095;0.8463561798;1.328717478;2.03354937;0.6616731043;2.146920017;2.075867389,20.45378378;9.917297297;9.576756757;4.814324324;11.66567568;9.337567568;8.648918919;11.44891892;23.75216216;7.268918919;23.32432432;32.87648649,0.3996065096;0.2606359981;0.3154046087;0.08931618253;0.3988445711;0.3553410714;0.2202813517;0.4011290334;0.4017634026;0.1448527607;0.399791322;0.4011473468,0.04621621622;0.1191891892;0.1202702703;0.1705405405;0.09513513514;0.1335135135;0.1305405405;0.09378378378;0.04081081081;0.1343243243;0.03621621622;0.03540540541,23.99991354;10.17798704;14.94924457;0.4583633126;23.99752365;16.60953155;4.648986518;23.99935127;23.99801714;1.185019313;23.99932792;23.99722662
Wang'26 PORMAB-Safe,4,11,434.0613513513513,25.264324324324324,21.838270270270264,35.0,66.0,53.65135135135135,0.0355855855855855,0.013018018018018,0.114054054054054,0.0362162162162162,0.8845634528062122,28.0,142.0,0.4368468468468468,4849,11100,0.2647738472276205,0.4003825820546917,23.99964882489913,0.4064864864864865,True,True,0.95;0.2935060875;0.6227889451;0.4312530983;0.6153269509;0.4183303984;0.9434799305;0.4987828682;0.6260188518;0.4351735249;0.2492611008;0.2092716103,0.3358641596;1.559243329;0.7487311135;1.088976442;0.7590395275;1.120756955;0.3508668233;0.9460759936;0.7443154627;1.079661914;1.819920828;2.159149808,4.351351351;13.01054054;7.908108108;9.191891892;8.869189189;10.57162162;4.729189189;9.804324324;9.314324324;9.701081081;19.03513514;25.26432432,0.07107611811;0.3999248429;0.1669468023;0.352004277;0.1692453;0.3768166626;0.07396651952;0.2585088729;0.1585190769;0.3501606209;0.4003825821;0.3997344915,0.1824324324;0.07513513514;0.1324324324;0.1205405405;0.1202702703;0.1186486486;0.1721621622;0.1156756757;0.1172972973;0.1278378378;0.05;0.03621621622,0.3358641596;23.99964882;3.477160043;20.58268077;2.47231622;23.97752855;0.3508668233;13.39797583;2.820416478;18.30850509;23.99879967;23.99802303
Wang'26 PORMAB-Safe,4,12,443.5186486486487,18.464324324324323,18.03145945945946,33.0,52.0,44.30945945945946,0.0259684684684684,0.0043468468468468,0.105045045045045,0.0467567567567567,0.9075268558810587,30.0,85.0,0.4137837837837838,4593,11100,0.2890524415701905,0.4037908885535696,23.999674458398903,0.4064864864864865,True,True,0.2277146089;0.9318683167;0.4490225566;0.364868936;0.3264467419;0.2532754659;0.5108922966;0.7249468559;0.885090931;0.3371942215;0.4510893652;0.3770521179,1.986329388;0.369039043;1.047885528;1.273544601;1.412123145;1.792296255;0.9237509324;0.6195927545;0.4325165816;1.370290719;1.043286736;1.235229773,17.6772973;4.571081081;10.64621622;11.26675676;12.2327027;18.46432432;8.797567568;7.135135135;5.691891892;11.83540541;10.20081081;10.48594595,0.3994132608;0.0716135224;0.3200299046;0.3989292413;0.4037908886;0.3996336243;0.2197029245;0.1121965258;0.08112608315;0.3929401223;0.2836612045;0.3855919966,0.04675675676;0.1678378378;0.1143243243;0.1002702703;0.09216216216;0.04891891892;0.1167567568;0.1243243243;0.1472972973;0.08540540541;0.1045945946;0.1118918919,23.99913984;0.369039043;22.60273431;23.99676062;23.99569272;23.99967446;4.008762121;1.058778264;0.4650331633;23.99872519;9.455315351;23.99869225
Wang'26 PORMAB-Safe,4,13,311.32756756756754,21.04675675675676,15.561770270270262,25.0,47.0,39.26261261261261,0.0154054054054054,0.0054729729729729,0.1516891891891892,0.0429729729729729,0.9116754292390228,20.0,100.0,0.3156756756756756,3504,11100,0.1898641167958076,0.3997330978435144,23.999919399585227,0.4064864864864865,True,True,0.931036637;0.7159624459;0.6775674106;0.3509019354;0.95;0.7562371291;0.2357345475;0.5713184825;0.95;0.8385292043;0.9458583108;0.3749843981,0.3702883284;0.6302691506;0.6771299559;1.320546841;0.2764601871;0.5830294735;1.920506701;0.8232731646;0.2265612916;0.488449848;0.3469497415;1.241568686,5.118648649;7.107837838;7.489459459;11.07405405;4.192972973;5.615675676;21.04675676;8.091621622;3.688378378;4.996756757;4.063783784;9.294594595,0.08606701688;0.1534790553;0.1584850113;0.3997330978;0.06732179151;0.132363448;0.3986349044;0.2387492177;0.05602799508;0.110363263;0.07782926633;0.3993153342,0.182972973;0.1513513514;0.1424324324;0.09540540541;0.202972973;0.1597297297;0.04297297297;0.1418918919;0.2159459459;0.1754054054;0.1945945946;0.1145945946,0.3702883284;1.090807452;1.262779735;23.9999194;0.2764601871;0.766058947;23.99966944;7.358555951;0.2265612916;0.5768996961;0.3469497415;23.99924108
Wang'26 PORMAB-Safe,4,14,463.96,24.51891891891892,20.37459459459459,36.0,63.0,52.72747747747748,0.0372747747747747,0.0111936936936936,0.1063963963963963,0.0391891891891891,0.8964566220611105,30.0,125.0,0.5252252252252252,5830,11100,0.2854288114226921,0.4024888196184145,23.999847955977867,0.4064864864864865,True,True,0.3969158517;0.64914127;0.685168137;0.2123384503;0.8391928019;0.2547057577;0.6450583303;0.3536782427;0.3495021855;0.2638904463;0.8142278578;0.4332858251,1.177446822;0.7134614509;0.6676722331;2.128067317;0.4876767217;1.782678959;0.7188179662;1.310923092;1.325454306;1.723560971;0.5165166625;1.084128614,9.461081081;8.04027027;8.046756757;24.51891892;5.521891892;16.98378378;9.019189189;11.09054054;11.36027027;16.23297297;5.789189189;9.616216216,0.3936491131;0.1639033063;0.1512187382;0.3997315635;0.09819436695;0.399898253;0.1744590631;0.4024888196;0.3987109846;0.4001456416;0.1034429316;0.3393029555,0.1191891892;0.1289189189;0.1291891892;0.03918918919;0.1545945946;0.05756756757;0.1248648649;0.09594594595;0.0972972973;0.05756756757;0.1532432432;0.1191891892,23.9995789;4.409613371;1.341377865;23.9997275;0.5753534435;23.99836267;2.388179662;23.99984796;23.99984225;23.99843554;0.633033325;15.59688734
Wang'26 PORMAB-Safe,4,15,429.6818918918919,31.327567567567566,23.69312162162161,37.0,75.0,59.21711711711712,0.0407207207207207,0.0165765765765765,0.1365315315315315,0.031081081081081,0.8493865012524042,23.0,155.0,0.5746846846846847,6379,11100,0.2377032080927012,0.4001632288261517,23.99977867943085,0.4064864864864865,True,True,0.95;0.6682774533;0.3936552323;0.8783623152;0.2542081145;0.6112416568;0.1961261937;0.2603661895;0.4858854259;0.9440218225;0.777121657;0.6438927182,0.2609434761;0.6888292002;1.186565108;0.4408835581;1.786011998;0.7647485898;2.305041448;1.74572184;0.9708198352;0.349980936;0.5589976316;0.7203540735,3.474594595;6.497297297;9.466756757;5.045405405;17.13567568;6.88027027;31.32756757;17.44675676;7.446216216;4.05027027;6.247567568;8.071081081,0.06417799006;0.1770477215;0.3992631241;0.09878174855;0.4001632288;0.2052419864;0.3999558404;0.3996287562;0.3187962432;0.08380624577;0.1237348812;0.181840731,0.2197297297;0.1632432432;0.1294594595;0.1791891892;0.05189189189;0.1554054054;0.03108108108;0.0572972973;0.1537837838;0.2045945946;0.1540540541;0.1386486486,0.2609434761;1.865950403;23.99944889;0.4817671161;23.99977868;2.706480257;23.99972906;23.99940721;7.762297528;0.349980936;0.8769928948;2.162832588
Wang'26 PORMAB-Safe,4,16,517.1191891891892,24.611891891891894,24.157324324324325,43.0,84.0,66.6545045045045,0.0557432432432432,0.0231981981981981,0.1257657657657657,0.0345945945945945,0.7955677507862023,26.0,184.0,0.7258558558558559,8057,11100,0.2744753079646828,0.401609562961323,23.99979693762526,0.4064864864864865,True,True,0.3932789834;0.7735119064;0.901603995;0.8416273572;0.2260479039;0.7045979448;0.6624829137;0.1982197585;0.7522839954;0.3841282698;0.2247729528;0.2144342016,1.187626136;0.5631378354;0.4113518347;0.4848363331;2.00065631;0.6439160289;0.6962092138;2.280313362;0.5876051337;1.214015836;2.011774821;2.107404393,10.17486486;6.572432432;4.26;4.829189189;17.17459459;5.475405405;6.479189189;24.61189189;5.578648649;8.735405405;23.48756757;23.78540541,0.3999411258;0.1511340191;0.1052838344;0.1142641304;0.400131262;0.1695065438;0.1990782022;0.4005955906;0.152142086;0.401609563;0.4001800724;0.3998372659,0.1181081081;0.1732432432;0.2067567568;0.1840540541;0.04972972973;0.1786486486;0.1710810811;0.03459459459;0.1840540541;0.1256756757;0.04081081081;0.04243243243,23.99973519;0.8894135062;0.4227036694;0.6545089994;23.99969286;1.131748087;2.162092138;23.99979694;0.9628154011;23.9987777;23.99613493;23.99967442
Wang'26 PORMAB-Safe,4,17,411.44,24.39675675675676,23.89045945945946,38.0,73.0,59.954054054054055,0.044009009009009,0.0186036036036036,0.145563063063063,0.0381081081081081,0.8337117437071785,22.0,180.0,0.5745045045045045,6377,11100,0.216824990900514,0.4006307943070674,23.999695937722,0.4064864864864865,True,True,0.6058267012;0.4606290406;0.8627452041;0.95;0.8920394043;0.9329954481;0.2434414901;0.2237143759;0.7874097494;0.2072792387;0.95;0.5223938409,0.772389876;1.022513998;0.4598691245;0.2139841101;0.4237308779;0.3673358894;1.861711545;2.021113381;0.5472165522;2.179902851;0.241873434;0.9032962107,7.431351351;8.054594595;4.336756757;3.757837838;4.854054054;3.897567568;20.86027027;23.47621622;5.967297297;24.39675676;3.717027027;8.035135135,0.2064577263;0.3564981237;0.1085042556;0.05557803509;0.09871784237;0.09054333273;0.4000163995;0.4003989482;0.130296698;0.4006307943;0.06007613131;0.2941816038,0.1459459459;0.147027027;0.1935135135;0.2154054054;0.1810810811;0.2116216216;0.04594594595;0.03972972973;0.1672972973;0.03810810811;0.2145945946;0.1464864865,4.620187396;11.81162378;0.5197382491;0.2139841101;0.4474617559;0.3673358894;23.99944623;23.99966294;0.8416496567;23.99969594;0.241873434;11.39559011
Wang'26 PORMAB-Safe,4,18,329.5927027027027,21.584054054054054,18.980027027027024,29.0,56.0,46.39414414414414,0.0234684684684684,0.0077477477477477,0.1594369369369369,0.0456756756756756,0.8624290029458609,19.0,165.0,0.5071171171171172,5629,11100,0.1955903525896221,0.4034732385825066,23.999694131876865,0.4064864864864865,True,True,0.95;0.2298402862;0.2514208534;0.95;0.8064515181;0.2889292384;0.86964094;0.95;0.4229897239;0.9113191376;0.93510967;0.8418183031,0.2641897105;1.968390267;1.804941085;0.3377909827;0.5254308787;1.582364629;0.451552802;0.2372894534;1.10910177;0.3983676074;0.3641087485;0.4846132827,3.686216216;21.58405405;16.84945946;3.751891892;5.63;13.4872973;4.883783784;3.657837838;8.523243243;4.048918919;4.477837838;5.681351351,0.06797529847;0.3995300245;0.4000139701;0.08472163026;0.1214171355;0.4002954845;0.1088608377;0.05996368619;0.4034732386;0.09582355963;0.09092877935;0.1140805863,0.2227027027;0.04567567568;0.05054054054;0.2140540541;0.1702702703;0.07351351351;0.1881081081;0.2183783784;0.1397297297;0.2045945946;0.2072972973;0.1783783784,0.2641897105;23.99962611;23.99969413;0.3377909827;0.776292636;23.99915506;0.503105604;0.2372894534;23.99314637;0.3983676074;0.3641087485;0.6538398482
Wang'26 PORMAB-Safe,4,19,518.704054054054,29.776216216216216,27.639837837837835,40.0,87.0,66.1981981981982,0.0496171171171171,0.0233783783783783,0.0994144144144144,0.0335135135135135,0.8929839826230307,30.0,148.0,0.4842342342342342,5375,11100,0.302318227004033,0.4002546887327208,23.999745701253502,0.4064864864864865,True,True,0.8339118425;0.4218873338;0.3658373363;0.3670076204;0.481511622;0.1930715746;0.2120595117;0.3057773787;0.5446939528;0.4653449839;0.3623629999;0.8770434254,0.4938172966;1.111838862;1.270411673;1.266646367;0.9794527448;2.342239302;2.1308523;1.500722279;0.8655191693;1.012509865;1.281724896;0.4425090154,6.197297297;10.39081081;11.86810811;10.56702703;10.36810811;29.77621622;25.89189189;12.75864865;9.324594595;9.391891892;10.7872973;5.377837838,0.09369182221;0.3164233303;0.3883339465;0.4001917848;0.2573048832;0.4000797943;0.4002546887;0.3999222073;0.2091281452;0.2802189463;0.4001060148;0.08216316043,0.1435135135;0.1078378378;0.09567567568;0.1043243243;0.1081081081;0.03351351351;0.03945945946;0.07459459459;0.1183783784;0.1140540541;0.09972972973;0.1537837838,0.5876345931;16.81159239;23.99845754;23.99658974;15.08084607;23.99874953;23.99973332;23.9997457;5.579345047;11.46286499;23.99880256;0.4850180308
Wang'26 PORMAB-Safe,8,0,385.73405405405407,18.55567567567568,18.45013513513513,33.0,58.0,47.76711711711712,0.0284909909909909,0.0087387387387387,0.1442567567567567,0.0502702702702702,0.840900179978438,23.0,112.0,0.6651351351351351,7383,11100,0.2215576435953898,0.4002945885940433,23.99998220044726,0.4064864864864865,True,True,0.95;0.2315765095;0.95;0.8081176242;0.6281327393;0.795200025;0.3394136806;0.9476946562;0.5005847781;0.95;0.23436609;0.2528380647,0.3369544871;1.95400716;0.2191119648;0.5235225351;0.7414402559;0.5383055036;1.361973486;0.3438720469;0.9427001774;0.2738400263;1.931388168;1.795260579,3.700810811;18.55567568;4.138648649;5.641891892;7.308648649;5.768918919;11.08972973;4.095945946;8.936216216;3.588648649;17.40351351;18.36378378,0.0850582408;0.3997793027;0.05566628294;0.1223910792;0.1993873121;0.1290478329;0.4001257242;0.0830869216;0.3169510867;0.06705380103;0.3998495505;0.4002945886,0.2172972973;0.05081081081;0.2086486486;0.1697297297;0.1489189189;0.1718918919;0.09432432432;0.2010810811;0.1486486486;0.2148648649;0.05027027027;0.05459459459,0.3369544871;23.99873249;0.2191119648;0.6470450703;1.424320768;0.6766110072;23.99973208;0.3438720469;5.282104081;0.2738400263;23.99930207;23.9999822
Wang'26 PORMAB-Safe,8,1,515.3810810810811,25.01945945945946,23.53505405405405,43.0,78.0,62.84414414414415,0.0573423423423423,0.0209234234234234,0.1220045045045045,0.0335135135135135,0.7220133155663844,30.0,129.0,0.7407207207207207,8222,11100,0.2829297877442042,0.4004078570324282,23.999982002114347,0.4064864864864865,True,True,0.5605092249;0.2181252996;0.2316669551;0.3707979081;0.95;0.95;0.2020086086;0.95;0.325972712;0.8362721814;0.2993435181;0.2334007936,0.8400796556;2.072097608;1.953264399;1.254604531;0.2976063768;0.2276934429;2.237061952;0.2579608484;1.414030367;0.4910760745;1.530799061;1.939147999,8.213783784;22.32054054;18.20675676;11.60837838;3.399459459;3.073243243;25.01945946;3.394324324;12.03243243;5.30972973;12.45648649;19.95405405,0.2699607326;0.3998588358;0.4001552471;0.3997780384;0.07673418471;0.06203107851;0.3996480947;0.06679094399;0.4001323768;0.1195836603;0.4000764031;0.400407857,0.15;0.04243243243;0.04864864865;0.1075675676;0.2235135135;0.2416216216;0.03351351351;0.2267567568;0.0872972973;0.1816216216;0.07351351351;0.04756756757,2.64127449;23.99953142;23.99994003;23.999982;0.2976063768;0.2276934429;23.99943658;0.2579608484;23.99946182;0.5821521491;23.99968316;23.99996337
Wang'26 PORMAB-Safe,8,2,428.3186486486487,25.992702702702704,22.725702702702694,36.0,68.0,55.54144144144144,0.0376801801801801,0.0138963963963963,0.1327477477477477,0.0337837837837837,0.8375228720616861,24.0,153.0,0.6878378378378378,7635,11100,0.2429652706527219,0.4004011340822785,23.99999966756009,0.4064864864864865,True,True,0.2983974043;0.4720337023;0.7619171253;0.95;0.6042558466;0.7527600943;0.6803453125;0.2438339011;0.7053294905;0.1925045361;0.95;0.2931742638,1.535332493;0.9986066978;0.5764720931;0.328976203;0.7746227687;0.5870535051;0.6736618433;1.858825842;0.6430324214;2.34929577;0.2710575607;1.560894842,13.6227027;7.014054054;5.687567568;3.933243243;7.819189189;6.408378378;6.512972973;20.0527027;6.562432432;25.9927027;4.001621622;14.26459459,0.4000163576;0.3406058521;0.1369510729;0.08153275085;0.2187785928;0.1408928412;0.1682333901;0.4004011341;0.1607581054;0.4000152257;0.06747135497;0.3999265703,0.06891891892;0.1645945946;0.1694594595;0.2086486486;0.1445945946;0.1564864865;0.1621621622;0.0472972973;0.1532432432;0.03378378378;0.2110810811;0.0727027027,23.99949569;9.130334889;0.7529441862;0.328976203;1.523868306;0.7741070102;0.9473236866;23.97848257;0.8860648428;23.99999967;0.2710575607;23.9997206
Wang'26 PORMAB-Safe,8,3,497.7002702702703,20.548648648648648,18.584108108108104,38.0,60.0,51.431981981981984,0.0421396396396396,0.0093468468468468,0.106036036036036,0.0437837837837837,0.7560343545559354,32.0,110.0,0.7122522522522523,7906,11100,0.3220363865467259,0.4006042673199203,23.99977546268106,0.4064864864864865,True,True,0.2469621281;0.8215561338;0.8932287906;0.3220866759;0.225348274;0.2465631425;0.4834834838;0.2778755806;0.2645088005;0.3014458345;0.9387067142;0.2969367479,1.836175919;0.5080937316;0.4222105672;1.429873819;2.006740312;1.839030251;0.9755450403;1.641436133;1.719737046;1.520828652;0.3585144156;1.542388958,15.34;5.375675676;4.077837838;11.21540541;20.54864865;16.33918919;7.769459459;12.56162162;16.97675676;13.06378378;3.713243243;12.37918919,0.399988592;0.1197453335;0.1008740923;0.3999782169;0.4002633378;0.4001133383;0.3533055011;0.4001555113;0.3997226647;0.4003478668;0.08933791654;0.4006042673,0.05513513514;0.172972973;0.2013513514;0.08783783784;0.04378378378;0.05189189189;0.167027027;0.07108108108;0.0572972973;0.07594594595;0.2116216216;0.07648648649,23.99954416;0.6161874631;0.4444211345;23.99933929;23.99977546;23.99947619;6.854977216;23.99976003;23.99884008;23.99964931;0.3585144156;23.99913671
Wang'26 PORMAB-Safe,8,4,468.2664864864865,20.985945945945947,19.757067567567564,35.0,58.0,49.66486486486487,0.0336711711711711,0.0086936936936936,0.103581081081081,0.0427027027027027,0.9129825869087654,30.0,133.0,0.5364864864864864,5955,11100,0.2913225354212956,0.4003705522778821,23.99977447094849,0.4064864864864865,True,True,0.662118963;0.6741961796;0.3640876;0.2460798207;0.2372011855;0.4128728207;0.5024050881;0.4159209977;0.2309431598;0.4380235493;0.7287104513;0.5641011845,0.6966749552;0.6813572012;1.27608378;1.842501298;1.908996959;1.13470463;0.9393093506;1.126874486;1.959226317;1.072981387;0.6151471375;0.8344446437,7.918378378;7.825675676;10.25837838;15.54135135;18.75162162;9.625945946;9.691351351;9.594054054;20.98594595;10.20486486;8.005675676;7.832972973,0.1508207133;0.1395861509;0.399034847;0.4003705523;0.3998574711;0.370465728;0.2533596573;0.3411079526;0.3987290316;0.3216044212;0.1226969155;0.1982369843,0.1278378378;0.1243243243;0.1116216216;0.05297297297;0.05162162162;0.127027027;0.1191891892;0.1210810811;0.0427027027;0.1116216216;0.1245945946;0.1283783784,1.290024866;0.9627144024;23.99883115;23.99849541;23.99963408;11.53523152;2.557237402;11.79747328;23.99977447;7.940994916;0.8302942749;1.737778575
Wang'26 PORMAB-Safe,8,5,415.7245945945946,19.053243243243244,17.25489189189189,32.0,54.0,45.495045045045046,0.0250675675675675,0.0061936936936936,0.1227927927927928,0.0462162162162162,0.8627936440705518,26.0,140.0,0.6164864864864865,6843,11100,0.2645964003167066,0.4025163093578877,23.999805493477076,0.4064864864864865,True,True,0.9411489522;0.4821824971;0.3825098869;0.7544254172;0.3523107703;0.8677360717;0.95;0.2189202535;0.8265150398;0.3376263363;0.2625732011;0.2699141276,0.3546353857;0.9781203331;1.218803669;0.5851252029;1.315645181;0.4538598372;0.2241414152;2.064668323;0.5023771293;1.368663091;1.731770293;1.687095206,4.199189189;8.243513514;10.24027027;6.263243243;9.967297297;5.698378378;3.997297297;19.05324324;6.147837838;11.35;15.78351351;15.09324324,0.07907410626;0.310619295;0.4018758044;0.1269879832;0.4025163094;0.09445191207;0.05155252551;0.4000992398;0.1076716388;0.400241477;0.4001793515;0.3998871609,0.1937837838;0.1443243243;0.1148648649;0.152972973;0.1048648649;0.1589189189;0.1948648649;0.04621621622;0.1518918919;0.08810810811;0.05891891892;0.06378378378,0.3546353857;6.76548966;23.99848762;0.7702504057;23.99968314;0.5077196745;0.2241414152;23.99960989;0.6047542586;23.99978167;23.999585;23.99980549
Wang'26 PORMAB-Safe,8,6,293.29486486486485,12.737837837837835,12.269297297297296,24.0,39.0,33.237387387387386,0.0080855855855855,0.0008108108108108,0.1481081081081081,0.0732432432432432,0.9324845273699558,20.64999999999964,77.0,0.2509009009009009,2785,11100,0.1857356023417339,0.4001293426385237,23.999992446695117,0.4064864864864865,True,True,0.6600953202;0.4082536129;0.95;0.8542797728;0.5796663152;0.95;0.7238759829;0.298421524;0.95;0.3698913443;0.95;0.5870736138,0.6992694381;1.146768836;0.2551559305;0.4699577518;0.8105930222;0.2156180293;0.6208604762;1.535216558;0.2628816135;1.257463669;0.2571157349;0.7995478023,7.442702703;10.56513514;3.924054054;5.658378378;8.423243243;3.902162162;6.827567568;12.73783784;3.905405405;11.88594595;4.061621622;8.179189189,0.1680136569;0.4001293426;0.05737560384;0.09932620592;0.2035245723;0.04854319416;0.1270246974;0.3999861519;0.05968123117;0.4000093887;0.0592756005;0.2059375826,0.1408108108;0.122972973;0.1962162162;0.1616216216;0.1278378378;0.1945945946;0.132972973;0.07324324324;0.1956756757;0.09594594595;0.197027027;0.1383783784,1.297808314;23.99754681;0.2551559305;0.5399155036;1.642372089;0.2156180293;0.8417209525;23.99999245;0.2628816135;23.99867836;0.2571157349;1.598643407
Wang'26 PORMAB-Safe,8,7,359.6943243243243,22.88918918918919,19.72014864864865,32.0,57.0,46.677477477477474,0.0281531531531531,0.0077702702702702,0.1528603603603603,0.0375675675675675,0.8572956366731915,21.0,98.0,0.5865765765765766,6511,11100,0.2026588959632599,0.4009338033762122,23.999990205332008,0.4064864864864865,True,True,0.95;0.8194645516;0.5139536145;0.1957148488;0.2668165055;0.95;0.9166527097;0.2817874583;0.4060368001;0.95;0.95;0.8957240492,0.2129344738;0.5105004868;0.9182376412;2.309972111;1.705631049;0.2143947682;0.3910280632;1.619983796;1.152645744;0.2643493157;0.2202876177;0.4190042049,3.839189189;5.220810811;9.067027027;22.88918919;17.1272973;3.855675676;4.540810811;14.73864865;8.998918919;3.891351351;3.852702703;4.892162162,0.05162222244;0.1125860533;0.307733696;0.3995627435;0.4001318245;0.05220802328;0.09162738671;0.400179781;0.4009338034;0.06422973913;0.05483375566;0.09625772276,0.21;0.1675675676;0.1494594595;0.03756756757;0.05378378378;0.2105405405;0.1932432432;0.06783783784;0.1397297297;0.2075675676;0.2151351351;0.1818918919,0.2129344738;0.6210009736;5.901842161;23.99909524;23.99999021;0.2143947682;0.3910280632;23.99935185;23.99964417;0.2643493157;0.2202876177;0.4190042049
Wang'26 PORMAB-Safe,8,8,402.5148648648649,24.49324324324324,20.782081081081078,34.0,60.0,50.56171171171171,0.0336261261261261,0.0095945945945945,0.1362612612612612,0.0337837837837837,0.836376530555912,23.0,137.0,0.652972972972973,7248,11100,0.2403034480001939,0.4003709712947022,23.999691221700736,0.4064864864864865,True,True,0.924502767;0.7675714746;0.2938168902;0.223720696;0.8564804989;0.95;0.4732619221;0.198994158;0.3554966144;0.365156396;0.95;0.8950142286,0.3798996382;0.5699618165;1.557699888;2.021057334;0.4673466129;0.2347890628;0.9960890923;2.271318822;1.304697623;1.272612991;0.2590903055;0.4199186836,4.138918919;6.388918919;14.40162162;17.74567568;5.194594595;3.781891892;8.72972973;24.49324324;11.63027027;9.512432432;3.644054054;4.561621622,0.08840367256;0.1303209991;0.4003709713;0.3992953814;0.1033214944;0.05755504865;0.3435161302;0.3996293386;0.3998721903;0.4003571678;0.06260181975;0.09839716181,0.1921621622;0.1532432432;0.06378378378;0.04918918919;0.1716216216;0.2089189189;0.1497297297;0.03378378378;0.1002702703;0.112972973;0.2105405405;0.1889189189,0.3798996382;0.7399236331;23.99969122;23.98269534;0.5346932257;0.2347890628;8.478761863;23.99910349;23.99967465;23.99844384;0.2590903055;0.4398373672
Wang'26 PORMAB-Safe,8,9,505.11675675675673,26.92027027027027,24.476635135135133,42.0,76.0,61.89414414414414,0.0549549549549549,0.0206981981981982,0.1250675675675675,0.0348648648648648,0.7740142703050481,27.0,127.0,0.7375675675675676,8187,11100,0.2653435724091588,0.4003776438448564,23.99949362799759,0.4064864864864865,True,True,0.3257577326;0.6871221964;0.2523803769;0.1963495047;0.5437054116;0.2493362779;0.95;0.4363495231;0.95;0.6652629851;0.95;0.2127973752,1.414897118;0.6652565043;1.798374164;2.302374716;0.8671448273;1.819394726;0.209506079;1.076896197;0.2790122724;0.6926602831;0.247425482;2.123503268,13.13081081;6.747567568;18.79486486;26.92027027;8.169189189;17.23081081;3.442432432;8.166756757;3.992702703;6.755675676;3.520810811;22.4772973,0.4003776438;0.1576837714;0.3990446456;0.4001153899;0.2681118061;0.4002668397;0.05203678015;0.3993247519;0.06832030237;0.1780324133;0.06078642246;0.4000221022,0.08513513514;0.1502702703;0.04918918919;0.03486486486;0.1456756757;0.05027027027;0.2197297297;0.1535135135;0.2064864865;0.152972973;0.2143243243;0.03837837838,23.99942314;1.195769513;23.9969037;23.99949363;3.941462064;23.99928272;0.209506079;23.99091451;0.2790122724;0.9853205662;0.247425482;23.9988499
Wang'26 PORMAB-Safe,8,10,598.0194594594594,33.58945945945946,28.313770270270265,49.0,105.0,75.9918918918919,0.0734009009009009,0.0305855855855855,0.0992342342342342,0.034054054054054,0.8146267632561244,34.14999999999964,330.0,0.7325225225225225,8131,11100,0.3154462557295175,0.4007699205248451,23.999913536495352,0.4064864864864865,True,True,0.2210551088;0.5230742899;0.4621770162;0.8877431859;0.3493760462;0.4491418585;0.5565464418;0.34857734;0.2223217792;0.6900300697;0.2104662511;0.2177243916,2.045012567;0.9021077578;1.019211399;0.4291816563;1.325898395;1.047619095;0.8463561798;1.328717478;2.03354937;0.6616731043;2.146920017;2.075867389,19.96486486;9.548378378;8.902702703;4.612432432;11.24459459;9.226756757;8.168108108;12.27;23.87;7.761081081;23.9972973;33.58945946,0.4001592157;0.2581978691;0.3148536836;0.08908419244;0.399202922;0.3508108266;0.2237125254;0.4007699205;0.4001145788;0.1480717109;0.399791322;0.4005863016,0.04135135135;0.1259459459;0.1318918919;0.172972973;0.0972972973;0.1402702703;0.1394594595;0.09378378378;0.04081081081;0.1364864865;0.03648648649;0.03405405405,23.99991354;2.518969821;5.737919178;0.4583633126;23.99950738;8.228573836;2.231780899;23.99963319;23.99816954;1.185019313;23.99932792;23.99722662
Wang'26 PORMAB-Safe,8,11,439.4540540540541,26.19108108108108,22.244459459459456,36.0,67.0,54.57342342342342,0.0372522522522522,0.0134684684684684,0.115,0.0375675675675675,0.887164190074849,29.0,142.0,0.5094594594594595,5655,11100,0.265023876139803,0.4003825820546917,23.999648824899204,0.4064864864864865,True,True,0.95;0.2935060875;0.6227889451;0.4312530983;0.6153269509;0.4183303984;0.9434799305;0.4987828682;0.6260188518;0.4351735249;0.2492611008;0.2092716103,0.3358641596;1.559243329;0.7487311135;1.088976442;0.7590395275;1.120756955;0.3508668233;0.9460759936;0.7443154627;1.079661914;1.819920828;2.159149808,4.320810811;12.68972973;8.141621622;9.838108108;8.863783784;10.58945946;4.732972973;10.58027027;9.49027027;9.29027027;19.01540541;26.19108108,0.07034992533;0.3999248429;0.1659350035;0.3573020003;0.1684247168;0.3765137553;0.07320788855;0.2643898858;0.1589214096;0.3452000121;0.4003825821;0.3997344915,0.1827027027;0.07756756757;0.13;0.1208108108;0.12;0.1189189189;0.1732432432;0.1167567568;0.12;0.1321621622;0.05027027027;0.03756756757,0.3358641596;23.99964882;1.446193341;12.95984568;1.477118582;18.63063396;0.3508668233;6.521519873;1.088630925;9.306814661;23.99879967;23.99947758
Wang'26 PORMAB-Safe,8,12,452.7759459459459,18.77972972972973,18.419405405405406,34.0,56.0,47.553603603603605,0.0307207207207207,0.0073423423423423,0.1059009009009009,0.0456756756756756,0.9152619471535348,30.0,99.0,0.4747747747747747,5270,11100,0.2898370725731228,0.4037908885535696,23.999674458398992,0.4064864864864865,True,True,0.2277146089;0.9318683167;0.4490225566;0.364868936;0.3264467419;0.2532754659;0.5108922966;0.7249468559;0.885090931;0.3371942215;0.4510893652;0.3770521179,1.986329388;0.369039043;1.047885528;1.273544601;1.412123145;1.792296255;0.9237509324;0.6195927545;0.4325165816;1.370290719;1.043286736;1.235229773,18.77972973;4.911351351;12.00324324;11.19162162;12.14621622;18.12459459;8.716756757;7.471621622;5.755675676;12.49648649;10.57513514;10.16675676,0.3994132608;0.06961871676;0.3171977816;0.4020270525;0.4037908886;0.4006024331;0.2192035996;0.1128663558;0.07925574118;0.398495355;0.2819693882;0.3936042978,0.04567567568;0.1616216216;0.1189189189;0.1062162162;0.09621621622;0.04972972973;0.1194594595;0.1210810811;0.1432432432;0.08513513514;0.1110810811;0.1124324324,23.99913984;0.369039043;12.35484878;23.99647915;23.99607547;23.99967446;2.342505594;0.839185509;0.4650331633;23.99872519;7.715035768;23.99343681
Wang'26 PORMAB-Safe,8,13,316.8513513513513,22.342972972972973,16.054243243243235,27.0,49.0,40.69189189189189,0.0168918918918918,0.0061486486486486,0.152545045045045,0.041081081081081,0.910442907613845,20.0,105.0,0.393063063063063,4363,11100,0.189854396095509,0.4004469069468064,23.9999193995852,0.4064864864864865,True,True,0.931036637;0.7159624459;0.6775674106;0.3509019354;0.95;0.7562371291;0.2357345475;0.5713184825;0.95;0.8385292043;0.9458583108;0.3749843981,0.3702883284;0.6302691506;0.6771299559;1.320546841;0.2764601871;0.5830294735;1.920506701;0.8232731646;0.2265612916;0.488449848;0.3469497415;1.241568686,5.035675676;6.942972973;7.506756757;10.90891892;4.177837838;5.897027027;22.34297297;7.679459459;3.531621622;4.947567568;4.045135135;9.498108108,0.08516631554;0.1505832241;0.1584850113;0.4004469069;0.06814370018;0.1329937502;0.3991539602;0.2394167365;0.05615046065;0.110099236;0.07829811733;0.3993153342,0.1821621622;0.1472972973;0.1454054054;0.09675675676;0.2105405405;0.1567567568;0.04108108108;0.1491891892;0.2159459459;0.1748648649;0.1943243243;0.1162162162,0.3702883284;0.8605383013;0.9542599117;23.9999194;0.2764601871;0.766058947;23.99966944;1.786185317;0.2265612916;0.5768996961;0.3469497415;23.99924108
Wang'26 PORMAB-Safe,8,14,475.3308108108108,25.5472972972973,21.227270270270267,36.0,66.0,55.02972972972973,0.0389639639639639,0.0129954954954954,0.109009009009009,0.0386486486486486,0.8964288261778525,30.0,186.0,0.5958558558558559,6614,11100,0.2858263640459659,0.4006501482356356,23.999947416341417,0.4064864864864865,True,True,0.3969158517;0.64914127;0.685168137;0.2123384503;0.8391928019;0.2547057577;0.6450583303;0.3536782427;0.3495021855;0.2638904463;0.8142278578;0.4332858251,1.177446822;0.7134614509;0.6676722331;2.128067317;0.4876767217;1.782678959;0.7188179662;1.310923092;1.325454306;1.723560971;0.5165166625;1.084128614,9.387297297;7.759189189;7.264054054;25.5472973;5.836756757;17.6927027;8.581621622;11.88567568;11.08675676;16.30783784;5.769189189;9.124864865,0.4006501482;0.163324824;0.147970603;0.4003067169;0.09885338954;0.4003800582;0.1690193596;0.4000086948;0.3997856773;0.4001456416;0.1037221298;0.3457491256,0.1251351351;0.1343243243;0.1327027027;0.03864864865;0.1532432432;0.05594594595;0.1245945946;0.09594594595;0.1035135135;0.06;0.1535135135;0.1305405405,23.99660648;1.026922902;0.9353444662;23.9997275;0.5753534435;23.99836267;1.037635932;23.99984796;23.99994742;23.99843554;0.633033325;9.215974083
Wang'26 PORMAB-Safe,8,15,434.5675675675676,32.41216216216216,24.039824324324314,37.0,80.0,61.59954954954955,0.0424324324324324,0.0187837837837837,0.1368918918918918,0.0308108108108108,0.8558978274117995,23.0,179.0,0.6276576576576577,6967,11100,0.2381165962053533,0.400225203922172,23.999778679430857,0.4064864864864865,True,True,0.95;0.6682774533;0.3936552323;0.8783623152;0.2542081145;0.6112416568;0.1961261937;0.2603661895;0.4858854259;0.9440218225;0.777121657;0.6438927182,0.2609434761;0.6888292002;1.186565108;0.4408835581;1.786011998;0.7647485898;2.305041448;1.74572184;0.9708198352;0.349980936;0.5589976316;0.7203540735,3.568648649;6.633783784;9.465675676;5.066216216;16.83378378;6.803783784;32.41216216;17.18972973;7.677027027;4.082702703;6.567027027;7.571891892,0.06396641427;0.1776062316;0.4002252039;0.09747101365;0.4001632288;0.20462192;0.3999558404;0.3996287562;0.329029209;0.08304953023;0.1237348812;0.1779469252,0.2154054054;0.1648648649;0.1291891892;0.1778378378;0.05945945946;0.1583783784;0.03081081081;0.05540540541;0.1583783784;0.2016216216;0.1489189189;0.1424324324,0.2609434761;1.266487601;23.99959448;0.4817671161;23.99977868;1.494245769;23.99972906;23.99940721;5.07049588;0.349980936;0.7179952632;1.361062221
Wang'26 PORMAB-Safe,8,16,521.9513513513514,24.694864864864865,24.309864864864863,43.0,84.0,66.95900900900901,0.0568918918918918,0.0238963963963963,0.1273423423423423,0.0359459459459459,0.7953203262673388,27.0,184.0,0.7573873873873874,8407,11100,0.2744600156083043,0.4005955905712983,23.99987506292205,0.4064864864864865,True,True,0.3932789834;0.7735119064;0.901603995;0.8416273572;0.2260479039;0.7045979448;0.6624829137;0.1982197585;0.7522839954;0.3841282698;0.2247729528;0.2144342016,1.187626136;0.5631378354;0.4113518347;0.4848363331;2.00065631;0.6439160289;0.6962092138;2.280313362;0.5876051337;1.214015836;2.011774821;2.107404393,9.687027027;6.340540541;4.285675676;4.614324324;17.18621622;5.349189189;6.44027027;24.69486486;5.381081081;9.251081081;23.99432432;23.99486486,0.3999411258;0.1474812331;0.1046167774;0.1150503515;0.400131262;0.1731612024;0.2005835194;0.4005955906;0.1523008982;0.3996408886;0.4001800724;0.3998372659,0.1218918919;0.1743243243;0.2072972973;0.1854054054;0.04945945946;0.1848648649;0.1751351351;0.03594594595;0.1856756757;0.1245945946;0.04;0.04351351351,23.99973519;0.8894135062;0.4113518347;0.5696726663;23.99969286;1.131748087;1.288627641;23.99979694;0.7752102674;23.99987506;23.99613493;23.99967442
Wang'26 PORMAB-Safe,8,17,407.9302702702703,24.32945945945946,22.492756756756755,36.0,70.0,57.7,0.0401801801801801,0.0165315315315315,0.1465090090090089,0.0378378378378378,0.8361978254561426,22.0,180.0,0.6356756756756756,7056,11100,0.217116363949174,0.4000416313742628,23.999695937722,0.4064864864864865,True,True,0.6058267012;0.4606290406;0.8627452041;0.95;0.8920394043;0.9329954481;0.2434414901;0.2237143759;0.7874097494;0.2072792387;0.95;0.5223938409,0.772389876;1.022513998;0.4598691245;0.2139841101;0.4237308779;0.3673358894;1.861711545;2.021113381;0.5472165522;2.179902851;0.241873434;0.9032962107,7.145135135;7.724594595;4.452702703;3.58027027;4.791621622;3.962972973;20.99;20.80648649;6.13;24.32945946;3.751891892;8.164594595,0.2077102504;0.3620252264;0.107385655;0.055462368;0.09848879865;0.09044405276;0.4000163995;0.3998527013;0.1288177343;0.4000416314;0.05974927532;0.2954022743,0.1478378378;0.1556756757;0.1883783784;0.2213513514;0.1821621622;0.2081081081;0.04459459459;0.04108108108;0.1672972973;0.03783783784;0.2110810811;0.1527027027,1.517169628;9.888549857;0.4598691245;0.2139841101;0.4474617559;0.3673358894;23.99944623;23.99966294;0.6944331045;23.99969594;0.241873434;4.672516636
Wang'26 PORMAB-Safe,8,18,333.92459459459457,22.02756756756757,19.26329729729729,30.0,58.0,47.91846846846847,0.0251576576576576,0.009009009009009,0.1587387387387387,0.0448648648648648,0.8630048549242018,19.0,172.0,0.5894594594594594,6543,11100,0.1955479044170024,0.4043725102881139,23.99989964164758,0.4064864864864865,True,True,0.95;0.2298402862;0.2514208534;0.95;0.8064515181;0.2889292384;0.86964094;0.95;0.4229897239;0.9113191376;0.93510967;0.8418183031,0.2641897105;1.968390267;1.804941085;0.3377909827;0.5254308787;1.582364629;0.451552802;0.2372894534;1.10910177;0.3983676074;0.3641087485;0.4846132827,3.594594595;22.02756757;17.00162162;3.575405405;5.592972973;13.56513514;4.858918919;3.732432432;8.895405405;3.911081081;4.613513514;5.455405405,0.06861792209;0.3995300245;0.4000139701;0.08581716858;0.1219851689;0.4002954845;0.1064200117;0.06060500904;0.4043725103;0.09528522502;0.08994470165;0.1136876566,0.2227027027;0.04486486486;0.04945945946;0.2151351351;0.1724324324;0.07378378378;0.1848648649;0.2145945946;0.1427027027;0.2032432432;0.2037837838;0.1772972973,0.2641897105;23.99962611;23.99923841;0.3377909827;0.6508617574;23.99989964;0.503105604;0.2372894534;23.99744739;0.3983676074;0.3641087485;0.5692265654
Wang'26 PORMAB-Safe,8,19,509.512972972973,29.65081081081081,25.790702702702696,39.0,76.0,60.64054054054054,0.0458108108108108,0.0194369369369369,0.1011486486486486,0.0316216216216216,0.8990268404501885,31.0,152.0,0.5503603603603604,6109,11100,0.3029601152529217,0.4018380754305475,23.999916647563825,0.4064864864864865,True,True,0.8339118425;0.4218873338;0.3658373363;0.3670076204;0.481511622;0.1930715746;0.2120595117;0.3057773787;0.5446939528;0.4653449839;0.3623629999;0.8770434254,0.4938172966;1.111838862;1.270411673;1.266646367;0.9794527448;2.342239302;2.1308523;1.500722279;0.8655191693;1.012509865;1.281724896;0.4425090154,6.669189189;10.75378378;10.9627027;9.818648649;10.30324324;29.65081081;22.63243243;13.57189189;9.071351351;8.839189189;10.64;5.668918919,0.09102253953;0.322733767;0.3955443911;0.4015611322;0.2557165815;0.4000797943;0.4002546887;0.4003278079;0.2079585247;0.2777560845;0.4018380754;0.08072799606,0.1354054054;0.1127027027;0.1078378378;0.1132432432;0.1116216216;0.03162162162;0.03864864865;0.07486486486;0.1194594595;0.1213513514;0.1010810811;0.1459459459,0.5876345931;9.774815149;23.99991665;23.9974423;4.209602152;23.99903627;23.99973332;23.9994914;2.124153354;4.150118376;23.99963317;0.4850180308
Tripathi'24 Whittle-Safe,2,0,420.7494594594594,26.92081081081081,22.70379729729729,34.0,79.0,59.711261261261264,0.0356756756756756,0.0167117117117117,0.1254504504504504,0.0418918918918918,0.8629119072158525,24.0,237.0,0.458018018018018,5084,11100,0.2273504370832527,0.4012300270553241,23.999982200447217,0.4064864864864865,True,True,0.95;0.2315765095;0.95;0.8081176242;0.6281327393;0.795200025;0.3394136806;0.9476946562;0.5005847781;0.95;0.23436609;0.2528380647,0.3369544871;1.95400716;0.2191119648;0.5235225351;0.7414402559;0.5383055036;1.361973486;0.3438720469;0.9427001774;0.2738400263;1.931388168;1.795260579,4.562432432;26.92081081;4.831081081;5.528108108;7.247837838;5.736486486;10.65081081;4.878378378;8.643243243;4.431621622;19.25351351;17.49,0.06994082327;0.3992511926;0.04938902125;0.1314466041;0.2420702241;0.1469428537;0.4012300271;0.0726778218;0.3638313117;0.05225163745;0.3998495505;0.3993241775,0.1681081081;0.04189189189;0.1675675676;0.1632432432;0.147027027;0.1656756757;0.08702702703;0.1654054054;0.1337837838;0.1645945946;0.04756756757;0.05351351351,0.3369544871;23.99873249;0.2191119648;3.735108448;14.62337126;3.719332087;23.99973208;0.3438720469;23.97362981;0.2738400263;23.99930207;23.9999822
Tripathi'24 Whittle-Safe,2,1,504.3462162162162,23.741621621621626,22.77258108108108,42.0,73.0,60.09954954954955,0.0544144144144144,0.0180405405405405,0.1104279279279279,0.0345945945945945,0.7610252604549524,30.0,129.0,0.6562162162162162,7284,11100,0.2877894773536019,0.4004078570324282,23.99996336760895,0.4064864864864865,True,True,0.5605092249;0.2181252996;0.2316669551;0.3707979081;0.95;0.95;0.2020086086;0.95;0.325972712;0.8362721814;0.2993435181;0.2334007936,0.8400796556;2.072097608;1.953264399;1.254604531;0.2976063768;0.2276934429;2.237061952;0.2579608484;1.414030367;0.4910760745;1.530799061;1.939147999,7.298378378;21.97972973;17.93027027;10.88405405;4.068378378;3.853243243;23.74162162;4.019189189;12.33648649;5.416486486;13.15243243;19.50702703,0.3421621733;0.398738783;0.4001552471;0.3990998737;0.06595600782;0.05095410021;0.3996480947;0.05570559942;0.3997502064;0.1408193825;0.4000764031;0.400407857,0.157027027;0.04324324324;0.04648648649;0.1002702703;0.1827027027;0.1945945946;0.03459459459;0.1854054054;0.0827027027;0.1808108108;0.07108108108;0.04621621622,18.84804522;23.99953142;23.99988006;23.99912755;0.2976063768;0.2276934429;23.99943658;0.2579608484;23.99946182;1.583988969;23.99968316;23.99996337
Tripathi'24 Whittle-Safe,2,2,418.7094594594595,23.663243243243244,21.483459459459457,35.0,62.0,51.50045045045045,0.0360585585585585,0.0114189189189189,0.115518018018018,0.0359459459459459,0.862168065517146,24.0,123.0,0.4728828828828829,5249,11100,0.2455372703317438,0.4016761764977526,23.999999667560083,0.4064864864864865,True,True,0.2983974043;0.4720337023;0.7619171253;0.95;0.6042558466;0.7527600943;0.6803453125;0.2438339011;0.7053294905;0.1925045361;0.95;0.2931742638,1.535332493;0.9986066978;0.5764720931;0.328976203;0.7746227687;0.5870535051;0.6736618433;1.858825842;0.6430324214;2.34929577;0.2710575607;1.560894842,14.5872973;7.372162162;5.802432432;4.777297297;7.36;6.467567568;6.494594595;19.7;6.613513514;23.66324324;4.908918919;14.29648649,0.4016761765;0.3190143559;0.1403787448;0.06446155329;0.247879286;0.1607257299;0.174605867;0.4004011341;0.1826559662;0.4000152257;0.05428477093;0.4003484337,0.06081081081;0.1348648649;0.1486486486;0.1583783784;0.1378378378;0.1502702703;0.1448648649;0.04378378378;0.1464864865;0.03594594595;0.1583783784;0.06594594595,23.99949569;22.12058177;3.576497676;0.328976203;9.740191986;5.637498143;5.683517143;23.97848257;6.161875378;23.99999967;0.2710575607;23.9997206
Tripathi'24 Whittle-Safe,2,3,511.6967567567568,19.967567567567567,19.53172972972973,39.0,63.0,53.935135135135134,0.0461711711711711,0.0117792792792792,0.0968018018018018,0.0435135135135135,0.77578151798616,33.0,118.0,0.6323423423423423,7019,11100,0.3236817474772424,0.4024030406589229,23.99995674160536,0.4064864864864865,True,True,0.2469621281;0.8215561338;0.8932287906;0.3220866759;0.225348274;0.2465631425;0.4834834838;0.2778755806;0.2645088005;0.3014458345;0.9387067142;0.2969367479,1.836175919;0.5080937316;0.4222105672;1.429873819;2.006740312;1.839030251;0.9755450403;1.641436133;1.719737046;1.520828652;0.3585144156;1.542388958,19.17513514;5.344324324;4.403783784;11.04162162;19.96756757;16.00081081;8.024324324;14.66027027;15.80378378;13.69;4.461351351;13.09459459,0.399988592;0.1310057892;0.09482621118;0.4019104789;0.4002633378;0.3996163031;0.3725527411;0.3997118799;0.4020466337;0.4024030407;0.07800110934;0.401854853,0.05108108108;0.1724324324;0.1794594595;0.08675675676;0.04351351351;0.05378378378;0.1467567568;0.06054054054;0.05297297297;0.06972972973;0.1737837838;0.07081081081,23.99908832;2.4537809;0.5776845378;23.9973838;23.99955093;23.99995674;23.9962145;23.99929074;23.99884008;23.99910121;0.3585144156;23.99965362
Tripathi'24 Whittle-Safe,2,4,479.9016216216216,23.08054054054054,21.25662162162162,33.0,62.0,50.11171171171171,0.0297747747747747,0.010518018018018,0.0881306306306306,0.0378378378378378,0.92179483659956,31.0,134.0,0.2739639639639639,3041,11100,0.2888169314990551,0.4023624455727969,23.999634081500687,0.4064864864864865,True,True,0.662118963;0.6741961796;0.3640876;0.2460798207;0.2372011855;0.4128728207;0.5024050881;0.4159209977;0.2309431598;0.4380235493;0.7287104513;0.5641011845,0.6966749552;0.6813572012;1.27608378;1.842501298;1.908996959;1.13470463;0.9393093506;1.126874486;1.959226317;1.072981387;0.6151471375;0.8344446437,7.928108108;7.890540541;10.5327027;14.68054054;19.76432432;10.22783784;9.665405405;10.40594595;23.08054054;10.57216216;7.804594595;8.435405405,0.1651307934;0.1471363253;0.359027896;0.4023624456;0.4003734163;0.357891974;0.2716381095;0.3109564461;0.3981995109;0.3158045218;0.1293471549;0.2079345842,0.1118918919;0.1105405405;0.08972972973;0.05243243243;0.04783783784;0.1010810811;0.09972972973;0.09378378378;0.03783783784;0.09027027027;0.112972973;0.1094594595,7.520198925;5.908501225;23.99551877;23.99849541;23.99963408;23.992826;16.99720857;23.93934366;23.9985318;23.94658544;4.363531299;9.192226805
Tripathi'24 Whittle-Safe,2,5,434.0110810810811,24.31918918918919,20.43604054054053,33.0,65.0,53.93828828828829,0.0319819819819819,0.0124099099099099,0.1079279279279279,0.0429729729729729,0.8855807226298809,26.0,206.0,0.4248648648648648,4716,11100,0.2669230360727599,0.402160729579303,23.99936628890027,0.4064864864864865,True,True,0.9411489522;0.4821824971;0.3825098869;0.7544254172;0.3523107703;0.8677360717;0.95;0.2189202535;0.8265150398;0.3376263363;0.2625732011;0.2699141276,0.3546353857;0.9781203331;1.218803669;0.5851252029;1.315645181;0.4538598372;0.2241414152;2.064668323;0.5023771293;1.368663091;1.731770293;1.687095206,5.09972973;8.081351351;9.487837838;6.423243243;10.88027027;5.816756757;4.852432432;24.31918919;5.988378378;11.94108108;17.25891892;15.32243243,0.06584716485;0.3320321996;0.3982523341;0.1412207584;0.4021607296;0.09764119742;0.04185992377;0.4000992398;0.1227429527;0.400241477;0.4001793515;0.4007991042,0.1494594595;0.1327027027;0.102972973;0.1381081081;0.09540540541;0.1432432432;0.1513513514;0.04297297297;0.1445945946;0.07945945946;0.05405405405;0.06081081081,0.3546353857;23.23082998;23.99674092;5.028130071;23.99936629;1.261757396;0.2241414152;23.99921978;2.140411198;23.99903659;23.99911009;23.99622675
Tripathi'24 Whittle-Safe,2,6,298.5127027027027,12.805945945945949,12.095108108108109,22.0,39.0,32.054054054054056,0.0082432432432432,0.0009234234234234,0.1287387387387387,0.0743243243243243,0.9632073500395985,20.0,74.0,0.1409009009009009,1564,11100,0.192955239480214,0.3991995300684883,23.998678356561022,0.4064864864864865,True,True,0.6600953202;0.4082536129;0.95;0.8542797728;0.5796663152;0.95;0.7238759829;0.298421524;0.95;0.3698913443;0.95;0.5870736138,0.6992694381;1.146768836;0.2551559305;0.4699577518;0.8105930222;0.2156180293;0.6208604762;1.535216558;0.2628816135;1.257463669;0.2571157349;0.7995478023,7.158918919;11.09486486;4.703513514;5.765675676;7.81972973;4.746756757;6.71;12.80594595;4.591081081;11.51351351;4.721621622;7.364324324,0.2109147819;0.3991995301;0.0448246905;0.1044068303;0.239015402;0.03846159441;0.1503489153;0.397911535;0.04667924866;0.3989898235;0.04808759149;0.2366229307,0.1378378378;0.09783783784;0.1489189189;0.1451351351;0.1272972973;0.1486486486;0.1318918919;0.07432432432;0.1516216216;0.09216216216;0.1532432432;0.1359459459,10.97223865;23.99867142;0.2551559305;2.188436816;12.7813488;0.2156180293;5.038070001;23.99773862;0.2628816135;23.99867836;0.2571157349;10.38733847
Tripathi'24 Whittle-Safe,2,7,361.48459459459457,25.718108108108108,20.44702702702702,32.0,60.0,48.9490990990991,0.0299549549549549,0.0098423423423423,0.138018018018018,0.0345945945945945,0.8752676214332837,20.0,132.0,0.4235135135135135,4701,11100,0.2076730976277655,0.4001870602401627,23.999990205331923,0.4064864864864865,True,True,0.95;0.8194645516;0.5139536145;0.1957148488;0.2668165055;0.95;0.9166527097;0.2817874583;0.4060368001;0.95;0.95;0.8957240492,0.2129344738;0.5105004868;0.9182376412;2.309972111;1.705631049;0.2143947682;0.3910280632;1.619983796;1.152645744;0.2643493157;0.2202876177;0.4190042049,4.234324324;4.840810811;7.817837838;25.71810811;16.13432432;4.374054054;4.705135135;14.31324324;8.872972973;4.306216216;4.30972973;4.742162162,0.04517663836;0.1218302513;0.3777182946;0.4001870602;0.3996708431;0.04635562555;0.09437515148;0.400179781;0.3996876999;0.05658504271;0.04929679662;0.1010139867,0.1759459459;0.1681081081;0.1521621622;0.03459459459;0.0572972973;0.1740540541;0.1772972973;0.06567567568;0.1216216216;0.1735135135;0.1813513514;0.1745945946,0.2129344738;2.49950925;23.12437818;23.99909524;23.99999021;0.2143947682;0.3910280632;23.99902777;23.98923911;0.2643493157;0.2202876177;0.7990883039
Tripathi'24 Whittle-Safe,2,8,409.41945945945946,24.414324324324323,20.289918918918914,34.0,66.0,52.31711711711712,0.0345045045045045,0.0125,0.1229504504504504,0.0364864864864864,0.8606234548840883,23.0,111.0,0.47009009009009,5218,11100,0.2439397738842259,0.400243208576704,23.999674650217983,0.4064864864864865,True,True,0.924502767;0.7675714746;0.2938168902;0.223720696;0.8564804989;0.95;0.4732619221;0.198994158;0.3554966144;0.365156396;0.95;0.8950142286,0.3798996382;0.5699618165;1.557699888;2.021057334;0.4673466129;0.2347890628;0.9960890923;2.271318822;1.304697623;1.272612991;0.2590903055;0.4199186836,4.653783784;6.066756757;16.12189189;16.91540541;5.237297297;4.465675676;8.168108108;24.41432432;11.24486486;9.975675676;4.315405405;4.568918919,0.08244848904;0.1625161396;0.3999499713;0.3998416131;0.1088791298;0.04873459466;0.377437002;0.4002432086;0.3998721903;0.4000132184;0.05132789024;0.09601383955,0.1645945946;0.1608108108;0.06081081081;0.04891891892;0.1589189189;0.1691891892;0.1372972973;0.03648648649;0.0972972973;0.09972972973;0.1697297297;0.1716216216,0.3798996382;4.468816313;23.99890284;23.98260599;1.612239031;0.2347890628;23.9932656;23.99910349;23.99967465;23.99844384;0.2590903055;0.7585363051
Tripathi'24 Whittle-Safe,2,9,520.4332432432433,27.32675675675676,24.591027027027025,44.0,79.0,64.58378378378379,0.0582882882882882,0.023581081081081,0.108490990990991,0.0345945945945945,0.8134926711825553,29.0,138.0,0.5757657657657658,6391,11100,0.271215595266032,0.4003776438448564,23.99949362799759,0.4064864864864865,True,True,0.3257577326;0.6871221964;0.2523803769;0.1963495047;0.5437054116;0.2493362779;0.95;0.4363495231;0.95;0.6652629851;0.95;0.2127973752,1.414897118;0.6652565043;1.798374164;2.302374716;0.8671448273;1.819394726;0.209506079;1.076896197;0.2790122724;0.6926602831;0.247425482;2.123503268,14.19297297;6.933783784;20.7172973;27.32675676;7.712432432;17.62837838;4.334594595;8.072972973;4.618648649;6.849189189;4.377837838;22.3527027,0.4003776438;0.1929243862;0.3985585986;0.3994931264;0.3180312245;0.4002668397;0.03974953174;0.3812794643;0.05693358531;0.2194048248;0.04754581559;0.4000221022,0.07189189189;0.1443243243;0.0472972973;0.03459459459;0.1397297297;0.05054054054;0.1683783784;0.1262162162;0.1643243243;0.1486486486;0.1643243243;0.04162162162,23.99942314;8.622951633;23.99685931;23.99949363;20.61175168;23.99928272;0.209506079;23.99650558;0.2790122724;5.560545379;0.247425482;23.99864068
Tripathi'24 Whittle-Safe,2,10,557.1994594594595,24.32567567567568,23.70283783783784,43.0,75.0,63.33423423423424,0.0583783783783783,0.0206306306306306,0.0850900900900901,0.0375675675675675,0.8593303124617694,35.0,194.0,0.4872972972972973,5409,11100,0.3158732685092209,0.4012137946813076,23.99982707299061,0.4064864864864865,True,True,0.2210551088;0.5230742899;0.4621770162;0.8877431859;0.3493760462;0.4491418585;0.5565464418;0.34857734;0.2223217792;0.6900300697;0.2104662511;0.2177243916,2.045012567;0.9021077578;1.019211399;0.4291816563;1.325898395;1.047619095;0.8463561798;1.328717478;2.03354937;0.6616731043;2.146920017;2.075867389,18.10324324;9.847297297;9.659459459;5.837567568;11.74108108;9.630540541;8.47972973;12.07027027;24.32567568;7.622972973;23.19324324;23.04513514,0.4007119218;0.2891621083;0.3093444328;0.07435282208;0.3852272363;0.3459974416;0.2266862092;0.3971787922;0.4012137947;0.1607686813;0.4003715707;0.3994642111,0.04432432432;0.1078378378;0.1078378378;0.1332432432;0.08459459459;0.1105405405;0.112972973;0.08378378378;0.03972972973;0.1205405405;0.03810810811;0.03756756757,23.99982707;12.88431031;19.85318757;0.8669065008;23.99702661;23.98095573;11.34432922;23.99712316;23.99801714;9.977040052;23.99932792;23.99691805
Tripathi'24 Whittle-Safe,2,11,459.34648648648647,25.372432432432436,23.57631081081081,36.0,67.0,55.68378378378378,0.0378378378378378,0.0138513513513513,0.0973873873873873,0.0378378378378378,0.916630583820452,30.0,184.0,0.2877477477477477,3194,11100,0.2682498335428154,0.4009015994690548,23.999482078359204,0.4064864864864865,True,True,0.95;0.2935060875;0.6227889451;0.4312530983;0.6153269509;0.4183303984;0.9434799305;0.4987828682;0.6260188518;0.4351735249;0.2492611008;0.2092716103,0.3358641596;1.559243329;0.7487311135;1.088976442;0.7590395275;1.120756955;0.3508668233;0.9460759936;0.7443154627;1.079661914;1.819920828;2.159149808,5.662432432;13.6127027;7.896756757;9.897297297;8.736486486;11.17081081;5.810540541;9.937837838;8.563783784;9.842432432;22.10675676;25.37243243,0.05373826554;0.3973963402;0.175648272;0.3614224517;0.195298819;0.3713643314;0.0602163332;0.2874025451;0.1713937228;0.3443246105;0.3998907116;0.4009015995,0.1308108108;0.07081081081;0.1183783784;0.1051351351;0.1116216216;0.09891891892;0.1302702703;0.1048648649;0.1089189189;0.1075675676;0.04351351351;0.03783783784,0.3358641596;23.99948208;20.55483351;23.96063366;9.01694866;23.99645241;0.3508668233;21.11949571;14.87145767;23.99841547;23.99708852;23.99947758
Tripathi'24 Whittle-Safe,2,12,445.6232432432432,19.13027027027027,18.659797297297292,32.0,52.0,43.79009009009009,0.023581081081081,0.0047522522522522,0.0919369369369369,0.0459459459459459,0.9316120672458044,31.0,89.0,0.2655855855855856,2948,11100,0.2904597672004597,0.3996336243313345,23.999405237998044,0.4064864864864865,True,True,0.2277146089;0.9318683167;0.4490225566;0.364868936;0.3264467419;0.2532754659;0.5108922966;0.7249468559;0.885090931;0.3371942215;0.4510893652;0.3770521179,1.986329388;0.369039043;1.047885528;1.273544601;1.412123145;1.792296255;0.9237509324;0.6195927545;0.4325165816;1.370290719;1.043286736;1.235229773,18.27486486;5.714594595;10.20216216;11.01891892;12.15756757;19.13027027;8.791351351;7.250540541;6.364324324;12.09216216;9.864594595;10.55324324,0.3972658776;0.05625351899;0.3407044029;0.3944546251;0.398066065;0.3996336243;0.23992558;0.1210717734;0.07843746656;0.3877552385;0.2980416433;0.3739073906,0.04594594595;0.1240540541;0.1062162162;0.09081081081;0.08108108108;0.04648648649;0.1035135135;0.1135135135;0.1237837838;0.07621621622;0.09891891892;0.0927027027,23.99913984;0.369039043;23.95484878;23.99352123;23.99454446;23.99940524;12.17002238;2.376334791;0.9527818878;23.99872519;18.25531535;23.95820704
Tripathi'24 Whittle-Safe,2,13,309.55243243243245,18.69297297297297,14.45574324324324,24.0,41.0,34.61711711711712,0.0107657657657657,0.0017117117117117,0.1302702702702702,0.0418918918918918,0.932790856408678,21.0,79.0,0.2213513513513513,2457,11100,0.1948518322942234,0.39811584850091,23.99966944124064,0.4064864864864865,True,True,0.931036637;0.7159624459;0.6775674106;0.3509019354;0.95;0.7562371291;0.2357345475;0.5713184825;0.95;0.8385292043;0.9458583108;0.3749843981,0.3702883284;0.6302691506;0.6771299559;1.320546841;0.2764601871;0.5830294735;1.920506701;0.8232731646;0.2265612916;0.488449848;0.3469497415;1.241568686,5.617567568;6.502702703;7.183783784;10.98891892;4.978648649;5.893783784;18.69297297;7.516756757;4.471351351;5.49972973;4.967027027;10.36351351,0.08346499079;0.1820966816;0.1806289909;0.3950933387;0.05551619433;0.144181613;0.3981158485;0.285920545;0.04286294706;0.1122114516;0.06216964286;0.3959597431,0.1497297297;0.1475675676;0.1343243243;0.08540540541;0.1581081081;0.147027027;0.04189189189;0.1408108108;0.1621621622;0.1540540541;0.1459459459;0.09621621622,0.3702883284;6.447536218;5.973988985;23.9994358;0.2764601871;3.843618943;23.99966944;11.1214681;0.2265612916;1.903647416;0.3469497415;23.99453802
Tripathi'24 Whittle-Safe,2,14,483.5618918918919,22.944054054054053,20.66214864864865,36.0,68.0,55.115765765765765,0.0363738738738738,0.0138513513513513,0.092072072072072,0.0381081081081081,0.9160308289219348,31.0,165.0,0.3218018018018018,3572,11100,0.2839095269714803,0.4006114688431865,23.99972749628077,0.4064864864864865,True,True,0.3969158517;0.64914127;0.685168137;0.2123384503;0.8391928019;0.2547057577;0.6450583303;0.3536782427;0.3495021855;0.2638904463;0.8142278578;0.4332858251,1.177446822;0.7134614509;0.6676722331;2.128067317;0.4876767217;1.782678959;0.7188179662;1.310923092;1.325454306;1.723560971;0.5165166625;1.084128614,10.0327027;8.081621622;7.899189189;22.94405405;6.381081081;17.87945946;8.410540541;13.16918919;11.63972973;18.79513514;6.702972973;9.908378378,0.3710548633;0.1820290837;0.1670985102;0.4003067169;0.08962707319;0.4003800582;0.1979663534;0.3918597135;0.3836652871;0.4006114688;0.0959045803;0.3264106152,0.1005405405;0.1159459459;0.1164864865;0.03810810811;0.1235135135;0.05513513514;0.1132432432;0.08;0.08405405405;0.05648648649;0.1208108108;0.1005405405,23.99872434;13.56538094;5.888789128;23.9997275;1.715150826;23.99836267;8.126903052;23.99954387;23.99816963;23.99643493;2.380783262;23.98578764
Tripathi'24 Whittle-Safe,2,15,400.1189189189189,26.368378378378377,20.417229729729723,32.0,62.0,49.80810810810811,0.0296846846846846,0.0106531531531531,0.1192792792792792,0.034054054054054,0.8935382739591194,24.0,126.0,0.4021621621621621,4464,11100,0.2419294120840429,0.4010442063823324,23.99977867943079,0.4064864864864865,True,True,0.95;0.6682774533;0.3936552323;0.8783623152;0.2542081145;0.6112416568;0.1961261937;0.2603661895;0.4858854259;0.9440218225;0.777121657;0.6438927182,0.2609434761;0.6888292002;1.186565108;0.4408835581;1.786011998;0.7647485898;2.305041448;1.74572184;0.9708198352;0.349980936;0.5589976316;0.7203540735,4.627297297;6.315675676;9.64027027;5.437837838;14.38648649;7.010540541;26.36837838;15.54810811;7.818918919;4.887027027;6.416486486;7.511621622,0.04767507833;0.1904519654;0.3906044058;0.08996407739;0.4001632288;0.2271510001;0.3999558404;0.4010442064;0.3400493261;0.06791521948;0.1386918448;0.2094867522,0.1554054054;0.1524324324;0.1135135135;0.1483783784;0.06189189189;0.142972973;0.03405405405;0.05783783784;0.1375675676;0.1540540541;0.1397297297;0.1335135135,0.2609434761;8.731363607;23.99820106;1.258554719;23.99977868;9.118714745;23.99972906;23.99917484;17.38230748;0.349980936;3.897947895;6.968143691
Tripathi'24 Whittle-Safe,2,16,532.6786486486486,28.94810810810811,25.89129729729729,44.0,88.0,69.18468468468468,0.0591891891891891,0.0245945945945945,0.1106756756756756,0.0329729729729729,0.8152816256017529,27.0,216.0,0.5744144144144144,6376,11100,0.2751070921051756,0.4001800724317014,23.999692862545388,0.4064864864864865,True,True,0.3932789834;0.7735119064;0.901603995;0.8416273572;0.2260479039;0.7045979448;0.6624829137;0.1982197585;0.7522839954;0.3841282698;0.2247729528;0.2144342016,1.187626136;0.5631378354;0.4113518347;0.4848363331;2.00065631;0.6439160289;0.6962092138;2.280313362;0.5876051337;1.214015836;2.011774821;2.107404393,10.26837838;6.620540541;4.907027027;5.211351351;16.44513514;5.546486486;6.595135135;28.94810811;5.975135135;9.146486486;23.37378378;23.39027027,0.3996201458;0.1674193565;0.08838505638;0.1045674037;0.3995905441;0.1708987947;0.2163893502;0.3993629888;0.1580181373;0.3970159895;0.4001800724;0.3998372659,0.1010810811;0.1586486486;0.1643243243;0.1521621622;0.04945945946;0.1605405405;0.1532432432;0.03297297297;0.1621621622;0.1105405405;0.04054054054;0.04243243243,23.99629271;5.457272897;0.5362220164;1.333199664;23.99969286;10.90796939;11.65595012;23.99959388;4.527312941;23.99890264;23.99613493;23.99967442
Tripathi'24 Whittle-Safe,2,17,396.2816216216216,24.023243243243243,23.43281081081081,36.0,68.0,54.97387387387387,0.0392792792792792,0.0142567567567567,0.1295045045045045,0.0378378378378378,0.8607917101976684,21.0,132.0,0.4399099099099099,4883,11100,0.2230443021675077,0.4012199572398718,23.99969593772198,0.4064864864864865,True,True,0.6058267012;0.4606290406;0.8627452041;0.95;0.8920394043;0.9329954481;0.2434414901;0.2237143759;0.7874097494;0.2072792387;0.95;0.5223938409,0.772389876;1.022513998;0.4598691245;0.2139841101;0.4237308779;0.3673358894;1.861711545;2.021113381;0.5472165522;2.179902851;0.241873434;0.9032962107,7.178378378;7.647567568;4.662702703;4.233243243;4.995675676;4.694324324;17.96216216;24.02324324;5.898918919;22.94972973;4.426216216;7.418108108,0.2496698086;0.3703158804;0.1001768958;0.04603550045;0.09596931776;0.07753765665;0.4000163995;0.4009451951;0.1499669146;0.4012199572;0.0485054292;0.3361726709,0.1437837838;0.1391891892;0.167027027;0.1743243243;0.1627027027;0.1694594595;0.04783783784;0.03783783784;0.1605405405;0.03783783784;0.167027027;0.1464864865,16.30232417;23.97335388;1.477644242;0.2139841101;0.732232291;0.3673358894;23.99944623;23.99966294;5.405362776;23.99969594;0.241873434;19.16481054
Tripathi'24 Whittle-Safe,2,18,331.65162162162164,21.654864864864862,19.346945945945944,29.0,57.0,46.74954954954955,0.0236486486486486,0.0086261261261261,0.1475,0.0448648648648648,0.8760281167898023,19.0,165.0,0.4252252252252252,4720,11100,0.1971305881221593,0.4049720247585188,23.99962610639663,0.4064864864864865,True,True,0.95;0.2298402862;0.2514208534;0.95;0.8064515181;0.2889292384;0.86964094;0.95;0.4229897239;0.9113191376;0.93510967;0.8418183031,0.2641897105;1.968390267;1.804941085;0.3377909827;0.5254308787;1.582364629;0.451552802;0.2372894534;1.10910177;0.3983676074;0.3641087485;0.4846132827,4.106486486;21.65486486;17.45864865;3.995135135;5.243513514;13.15891892;5.015135135;4.02;8.590810811;4.154594595;4.451081081;5.295405405,0.0619060754;0.3995300245;0.4000139701;0.07540955452;0.1414403122;0.3998678184;0.1226515043;0.05387111914;0.4049720248;0.09097854818;0.08827176956;0.1266543363,0.1913513514;0.04486486486;0.05054054054;0.1872972973;0.1772972973;0.07324324324;0.1827027027;0.1910810811;0.1267567568;0.1824324324;0.1856756757;0.1767567568,0.2641897105;23.99962611;23.99832697;0.3377909827;2.28146318;23.99915506;1.379503238;0.2372894534;23.99601372;0.3983676074;0.3641087485;3.72298444
Tripathi'24 Whittle-Safe,2,19,492.3978378378378,25.65621621621621,24.01751351351351,36.0,68.0,56.38603603603604,0.0386036036036036,0.0142117117117117,0.0893243243243243,0.034054054054054,0.9143208109420252,31.0,144.0,0.3339639639639639,3707,11100,0.3022799845464429,0.4000797943416391,23.99974570125345,0.4064864864864865,True,True,0.8339118425;0.4218873338;0.3658373363;0.3670076204;0.481511622;0.1930715746;0.2120595117;0.3057773787;0.5446939528;0.4653449839;0.3623629999;0.8770434254,0.4938172966;1.111838862;1.270411673;1.266646367;0.9794527448;2.342239302;2.1308523;1.500722279;0.8655191693;1.012509865;1.281724896;0.4425090154,6.428378378;10.04837838;10.96945946;10.03378378;9.618918919;25.65621622;22.67675676;14.04135135;8.865945946;8.760540541;11.69621622;6.045135135,0.09182332434;0.3110143844;0.3752864752;0.3923180371;0.2731879007;0.4000797943;0.3996787827;0.3987054054;0.2407078987;0.2865129266;0.385210293;0.072834592,0.1216216216;0.09459459459;0.09108108108;0.09648648649;0.1008108108;0.03405405405;0.04162162162;0.06810810811;0.1108108108;0.1075675676;0.0827027027;0.1224324324,1.713442152;23.99849287;23.98799375;23.99841666;19.04801076;23.99903627;23.99853725;23.9997457;12.03797923;23.93823985;23.99672603;0.7400721233
Tripathi'24 Whittle-Safe,4,0,410.71,26.806216216216217,21.88921621621621,34.0,73.0,57.98108108108108,0.0368468468468468,0.0153828828828828,0.135518018018018,0.0432432432432432,0.8590911256718506,22.0,237.0,0.5168468468468469,5737,11100,0.2261183043026843,0.4019662289398293,23.999982200447207,0.4064864864864865,True,True,0.95;0.2315765095;0.95;0.8081176242;0.6281327393;0.795200025;0.3394136806;0.9476946562;0.5005847781;0.95;0.23436609;0.2528380647,0.3369544871;1.95400716;0.2191119648;0.5235225351;0.7414402559;0.5383055036;1.361973486;0.3438720469;0.9427001774;0.2738400263;1.931388168;1.795260579,4.400810811;26.80621622;4.566216216;5.33972973;6.923783784;5.464864865;11.11810811;4.747297297;8.312972973;4.354324324;17.71324324;17.86621622,0.07412998717;0.4003074127;0.05045497135;0.1320125744;0.2324515397;0.14505151;0.4019662289;0.07537303514;0.3470155788;0.05395388626;0.4008935441;0.399809383,0.1827027027;0.04324324324;0.182972973;0.1775675676;0.1589189189;0.1818918919;0.09324324324;0.1762162162;0.1494594595;0.1737837838;0.05189189189;0.05432432432,0.3369544871;23.99873249;0.2191119648;2.470450703;14.16481152;2.889499065;23.99973208;0.3438720469;18.43862094;0.2738400263;23.99858589;23.9999822
Tripathi'24 Whittle-Safe,4,1,498.654054054054,24.18756756756757,23.130824324324323,42.0,73.0,60.52522522522523,0.0536261261261261,0.0176801801801801,0.115608108108108,0.0364864864864864,0.7544454622954355,29.800000000000185,155.0,0.6773873873873874,7519,11100,0.2870662563370203,0.4001552470919153,23.999963367609038,0.4064864864864865,True,True,0.5605092249;0.2181252996;0.2316669551;0.3707979081;0.95;0.95;0.2020086086;0.95;0.325972712;0.8362721814;0.2993435181;0.2334007936,0.8400796556;2.072097608;1.953264399;1.254604531;0.2976063768;0.2276934429;2.237061952;0.2579608484;1.414030367;0.4910760745;1.530799061;1.939147999,7.29;24.18756757;17.53891892;11.80054054;4.011621622;3.738918919;22.26621622;3.964594595;11.58189189;5.517027027;12.46675676;19.41,0.3285392599;0.3992988094;0.4001552471;0.399438956;0.06692121769;0.05273872449;0.3996480947;0.05661194835;0.4001323768;0.1413502755;0.4000764031;0.399883763,0.1732432432;0.04243243243;0.04891891892;0.1005405405;0.1924324324;0.2024324324;0.03648648649;0.192972973;0.08297297297;0.1921621622;0.07459459459;0.04810810811,20.56828418;23.99953142;23.99988006;23.99912755;0.2976063768;0.2276934429;23.99943658;0.2579608484;23.99946182;1.675065043;23.99875468;23.99996337
Tripathi'24 Whittle-Safe,4,2,407.5783783783784,23.234864864864864,21.69635135135135,34.0,60.0,49.70315315315315,0.0329954954954955,0.0099774774774774,0.127072072072072,0.034054054054054,0.8557988515277296,24.0,123.0,0.5272972972972974,5853,11100,0.244704907489081,0.4025060859533265,23.999999667560104,0.4064864864864865,True,True,0.2983974043;0.4720337023;0.7619171253;0.95;0.6042558466;0.7527600943;0.6803453125;0.2438339011;0.7053294905;0.1925045361;0.95;0.2931742638,1.535332493;0.9986066978;0.5764720931;0.328976203;0.7746227687;0.5870535051;0.6736618433;1.858825842;0.6430324214;2.34929577;0.2710575607;1.560894842,13.85810811;7.265135135;5.786216216;4.616486486;7.309189189;6.151621622;6.314324324;20.43756757;6.477297297;23.23486486;4.706216216;12.89918919,0.402506086;0.3109175448;0.1434948102;0.06872935268;0.2424359908;0.1570764784;0.1742417254;0.4004011341;0.1807442482;0.4000152257;0.05596972334;0.3999265703,0.06702702703;0.147027027;0.1662162162;0.1710810811;0.1545945946;0.1683783784;0.1583783784;0.04405405405;0.1640540541;0.03405405405;0.1740540541;0.07594594595,23.99949569;17.89968224;2.69413721;0.328976203;8.267078142;3.179909587;4.294222396;23.97848257;4.146713271;23.99999967;0.2710575607;23.9997206
Tripathi'24 Whittle-Safe,4,3,494.69,20.062432432432438,18.221864864864862,38.0,60.0,51.46891891891892,0.0426126126126126,0.0094369369369369,0.102072072072072,0.0408108108108108,0.7737755531364187,32.0,115.0,0.6544144144144144,7264,11100,0.3233418854064515,0.4019920058880762,23.99964930814585,0.4064864864864865,True,True,0.2469621281;0.8215561338;0.8932287906;0.3220866759;0.225348274;0.2465631425;0.4834834838;0.2778755806;0.2645088005;0.3014458345;0.9387067142;0.2969367479,1.836175919;0.5080937316;0.4222105672;1.429873819;2.006740312;1.839030251;0.9755450403;1.641436133;1.719737046;1.520828652;0.3585144156;1.542388958,16.42513514;5.329459459;4.441081081;11.15378378;20.06243243;16.71594595;7.845945946;12.24972973;15.9672973;15.0672973;4.44027027;12.29972973,0.399988592;0.1318297249;0.09551087697;0.3999782169;0.4002633378;0.3996163031;0.3693888112;0.4001555113;0.4015818399;0.4019920059;0.07877627565;0.4010211292,0.05243243243;0.1818918919;0.1862162162;0.09108108108;0.04081081081;0.05135135135;0.1613513514;0.06918918919;0.05594594595;0.07675675676;0.1808108108;0.07702702703,23.99908832;2.561874631;0.4888422689;23.99933929;23.99955093;23.99947619;23.99280055;23.99929074;23.99884008;23.99964931;0.3585144156;23.99913671
Tripathi'24 Whittle-Safe,4,4,490.75567567567566,22.852162162162163,22.197959459459454,36.0,64.0,53.82027027027027,0.0374774774774774,0.0118018018018018,0.0974999999999999,0.0427027027027027,0.9096683296782028,30.0,158.0,0.3285585585585585,3647,11100,0.2892753224590437,0.4013664989253395,23.99977447094801,0.4064864864864865,True,True,0.662118963;0.6741961796;0.3640876;0.2460798207;0.2372011855;0.4128728207;0.5024050881;0.4159209977;0.2309431598;0.4380235493;0.7287104513;0.5641011845,0.6966749552;0.6813572012;1.27608378;1.842501298;1.908996959;1.13470463;0.9393093506;1.126874486;1.959226317;1.072981387;0.6151471375;0.8344446437,7.521081081;7.986756757;10.60918919;16.58621622;21.6627027;9.96027027;9.558648649;10.50540541;22.85216216;10.61297297;7.797297297;7.959189189,0.1555279765;0.1511876384;0.3745478339;0.4013664989;0.3998574711;0.3447048661;0.2617372812;0.3255753583;0.3987290316;0.3256643508;0.1341685784;0.1982369843,0.1281081081;0.1216216216;0.1002702703;0.05432432432;0.0427027027;0.1097297297;0.1137837838;0.1040540541;0.0427027027;0.1043243243;0.1254054054;0.122972973,8.900248656;3.864429622;23.99551877;23.99787247;23.99963408;23.88744549;12.96135247;23.93934366;23.99977447;23.92764128;2.58176565;6.357782161
Tripathi'24 Whittle-Safe,4,5,435.9432432432432,25.35081081081081,20.69825675675675,33.0,65.0,53.7027027027027,0.0314414414414414,0.0121396396396396,0.1156981981981982,0.0405405405405405,0.8715408715920965,27.0,206.0,0.4716216216216216,5235,11100,0.2663959676299958,0.4028640236138475,23.99978166906429,0.4064864864864865,True,True,0.9411489522;0.4821824971;0.3825098869;0.7544254172;0.3523107703;0.8677360717;0.95;0.2189202535;0.8265150398;0.3376263363;0.2625732011;0.2699141276,0.3546353857;0.9781203331;1.218803669;0.5851252029;1.315645181;0.4538598372;0.2241414152;2.064668323;0.5023771293;1.368663091;1.731770293;1.687095206,4.892162162;8.15972973;10.46567568;6.264594595;10.65837838;5.881621622;4.768918919;25.35081081;5.885675676;11.70027027;16.89162162;15.29837838,0.06670979146;0.3198717846;0.4028640236;0.1409044745;0.4025163094;0.101321142;0.04331381403;0.4000992398;0.1189411798;0.4006113859;0.3997113055;0.3998871609,0.1572972973;0.1448648649;0.1121621622;0.1583783784;0.1016216216;0.1562162162;0.16;0.04054054054;0.1597297297;0.08216216216;0.05459459459;0.06081081081,0.3546353857;21.72143165;23.99860478;4.998380477;23.99759944;1.315617233;0.2241414152;23.99960989;1.935656939;23.99978167;23.999585;23.99922197
Tripathi'24 Whittle-Safe,4,6,298.08864864864864,13.365135135135136,12.450351351351353,23.0,38.0,31.986486486486488,0.0077027027027027,0.001081081081081,0.1378153153153153,0.0732432432432432,0.9614342548908862,20.0,79.0,0.1584684684684684,1759,11100,0.1915855962779722,0.4000093886698908,23.99973121997161,0.4064864864864865,True,True,0.6600953202;0.4082536129;0.95;0.8542797728;0.5796663152;0.95;0.7238759829;0.298421524;0.95;0.3698913443;0.95;0.5870736138,0.6992694381;1.146768836;0.2551559305;0.4699577518;0.8105930222;0.2156180293;0.6208604762;1.535216558;0.2628816135;1.257463669;0.2571157349;0.7995478023,7.091351351;10.26540541;4.886756757;5.586756757;8.084594595;4.82;6.828108108;13.36513514;4.561351351;11.70189189;4.757567568;7.404594595,0.2031661205;0.398579655;0.04841066574;0.1044068303;0.2339765805;0.04061777471;0.1444759108;0.3999861519;0.04824232853;0.4000093887;0.04982485997;0.2273308887,0.1532432432;0.1167567568;0.1575675676;0.1608108108;0.1367567568;0.1575675676;0.1367567568;0.07324324324;0.1594594595;0.09432432432;0.1613513514;0.1459459459,10.37369977;23.99100869;0.2551559305;1.309450773;6.9906744;0.2156180293;4.858930477;23.99924117;0.2628816135;23.99973122;0.2571157349;10.38688627
Tripathi'24 Whittle-Safe,4,7,355.3667567567568,25.735405405405405,19.5143108108108,30.0,59.0,47.71036036036036,0.0272072072072072,0.0094819819819819,0.144054054054054,0.0345945945945945,0.8784183940080124,20.0,132.0,0.4436036036036036,4924,11100,0.2076062084647212,0.4037375362669549,23.999990205332,0.4064864864864865,True,True,0.95;0.8194645516;0.5139536145;0.1957148488;0.2668165055;0.95;0.9166527097;0.2817874583;0.4060368001;0.95;0.95;0.8957240492,0.2129344738;0.5105004868;0.9182376412;2.309972111;1.705631049;0.2143947682;0.3910280632;1.619983796;1.152645744;0.2643493157;0.2202876177;0.4190042049,4.443783784;4.792702703;8.065675676;25.73540541;14.42432432;4.423243243;4.777837838;14.16378378;8.509189189;4.394324324;4.254054054;5.024594595,0.04569458708;0.1178290313;0.3725066755;0.4001870602;0.4010537872;0.0458920693;0.09331831888;0.400179781;0.4037375363;0.05801395793;0.04935633381;0.1035053631,0.1778378378;0.1754054054;0.1667567568;0.03459459459;0.06135135135;0.1772972973;0.182972973;0.06945945946;0.1327027027;0.1791891892;0.1883783784;0.1827027027,0.2129344738;1.105004868;19.05388383;23.99909524;23.99999021;0.2143947682;0.3910280632;23.99902777;23.99856763;0.2643493157;0.2202876177;0.6280504593
Tripathi'24 Whittle-Safe,4,8,407.1027027027027,23.791351351351352,19.91608108108108,34.0,64.0,51.43603603603604,0.0342117117117117,0.012027027027027,0.1301126126126126,0.0375675675675675,0.854696541081033,23.0,108.0,0.5133333333333333,5698,11100,0.2432102067109684,0.4005774322518423,23.99972887518146,0.4064864864864865,True,True,0.924502767;0.7675714746;0.2938168902;0.223720696;0.8564804989;0.95;0.4732619221;0.198994158;0.3554966144;0.365156396;0.95;0.8950142286,0.3798996382;0.5699618165;1.557699888;2.021057334;0.4673466129;0.2347890628;0.9960890923;2.271318822;1.304697623;1.272612991;0.2590903055;0.4199186836,4.694324324;6.190810811;16.74540541;16.40135135;5.03972973;4.433783784;8.343243243;23.79135135;11.45702703;10.02432432;4.293243243;4.559459459,0.08460467618;0.1625161396;0.3999499713;0.3992953814;0.1034478043;0.04974989872;0.3672068978;0.4002432086;0.4005774323;0.4000132184;0.05342862245;0.09748922952,0.1759459459;0.1751351351;0.05972972973;0.05;0.167027027;0.1772972973;0.1513513514;0.03756756757;0.09702702703;0.1105405405;0.1783783784;0.1813513514,0.3798996382;3.629274514;23.99945142;23.98260599;1.208159354;0.2347890628;20.15024562;23.99910349;23.99972888;23.99844384;0.2590903055;0.5195121017
Tripathi'24 Whittle-Safe,4,9,513.7778378378379,27.264054054054053,24.93398648648649,43.0,77.0,62.56486486486487,0.0568243243243243,0.021081081081081,0.1161936936936937,0.0343243243243243,0.804120953258331,28.0,138.0,0.6285585585585586,6977,11100,0.2698873358786064,0.4003776438448564,23.999493627997545,0.4064864864864865,True,True,0.3257577326;0.6871221964;0.2523803769;0.1963495047;0.5437054116;0.2493362779;0.95;0.4363495231;0.95;0.6652629851;0.95;0.2127973752,1.414897118;0.6652565043;1.798374164;2.302374716;0.8671448273;1.819394726;0.209506079;1.076896197;0.2790122724;0.6926602831;0.247425482;2.123503268,13.61783784;6.694324324;19.75297297;27.26405405;7.811621622;17.54756757;4.249189189;8.152162162;4.599189189;6.742432432;4.299459459;23.02756757,0.4003776438;0.1803384524;0.3985585986;0.3994931264;0.3119377744;0.4002668397;0.04241082517;0.3859363127;0.06077943014;0.2081724959;0.05035442917;0.4000221022,0.08;0.1578378378;0.04756756757;0.03432432432;0.1481081081;0.05189189189;0.177027027;0.1437837838;0.1786486486;0.1627027027;0.1737837838;0.03864864865,23.99942314;7.292438624;23.9969037;23.99949363;14.39884134;23.99928272;0.209506079;23.99790335;0.2790122724;3.882564529;0.247425482;23.99864068
Tripathi'24 Whittle-Safe,4,10,597.3916216216217,31.144864864864864,27.413783783783774,48.0,99.0,74.59684684684684,0.0703603603603603,0.0302477477477477,0.0928603603603603,0.0348648648648648,0.8439527390052644,35.0,316.0,0.5552252252252252,6163,11100,0.3159154572381245,0.4011473468289758,23.999913536495256,0.4064864864864865,True,True,0.2210551088;0.5230742899;0.4621770162;0.8877431859;0.3493760462;0.4491418585;0.5565464418;0.34857734;0.2223217792;0.6900300697;0.2104662511;0.2177243916,2.045012567;0.9021077578;1.019211399;0.4291816563;1.325898395;1.047619095;0.8463561798;1.328717478;2.03354937;0.6616731043;2.146920017;2.075867389,20.43108108;9.68;10.02756757;5.89027027;11.51891892;9.575945946;8.928918919;11.9827027;24.36108108;7.18;23.6;31.14486486,0.3996065096;0.2842858502;0.3145782211;0.07864463864;0.3906025;0.3437323192;0.2287449135;0.3978970179;0.4006641867;0.1512906612;0.399791322;0.4011473468,0.04837837838;0.1232432432;0.1202702703;0.1437837838;0.0927027027;0.1254054054;0.1256756757;0.09108108108;0.04;0.1316216216;0.03486486486;0.0372972973,23.99991354;13.80328013;18.41820416;0.9544514696;23.99603696;23.9809597;11.34432922;23.99805381;23.99801714;5.233462087;23.99932792;23.99722662
Tripathi'24 Whittle-Safe,4,11,454.2354054054054,25.243513513513516,23.424797297297296,36.0,66.0,55.31306306306306,0.037545045045045,0.0128828828828828,0.1081756756756757,0.0372972972972973,0.9099514541277955,28.0,184.0,0.3245945945945946,3603,11100,0.2673771711793175,0.4003180454669164,23.9994775827976,0.4064864864864865,True,True,0.95;0.2935060875;0.6227889451;0.4312530983;0.6153269509;0.4183303984;0.9434799305;0.4987828682;0.6260188518;0.4351735249;0.2492611008;0.2092716103,0.3358641596;1.559243329;0.7487311135;1.088976442;0.7590395275;1.120756955;0.3508668233;0.9460759936;0.7443154627;1.079661914;1.819920828;2.159149808,5.528648649;13.11972973;7.694594595;9.678378378;8.583783784;10.81783784;5.667837838;9.973783784;8.178918919;9.859189189;21.93675676;25.24351351,0.05691535894;0.3999248429;0.1770647904;0.3605394978;0.1895547361;0.3595509473;0.06344051482;0.2902152035;0.1673703959;0.3437410095;0.3998907116;0.4003180455,0.1405405405;0.07432432432;0.1367567568;0.1205405405;0.1275675676;0.1121621622;0.1413513514;0.1183783784;0.1208108108;0.1216216216;0.04675675676;0.0372972973,0.3358641596;23.99896416;16.46244683;23.96063366;6.21694866;23.97752855;0.3508668233;16.71265978;11.77261851;23.9578452;23.99721622;23.99947758
Tripathi'24 Whittle-Safe,4,12,427.3281081081081,17.70972972972973,16.940324324324322,31.0,49.0,42.59639639639639,0.021554054054054,0.0037612612612612,0.1024774774774774,0.0513513513513513,0.9332886490822055,29.0,109.0,0.2867567567567567,3183,11100,0.2904255336107009,0.4037908885535696,23.999678260015678,0.4064864864864865,True,True,0.2277146089;0.9318683167;0.4490225566;0.364868936;0.3264467419;0.2532754659;0.5108922966;0.7249468559;0.885090931;0.3371942215;0.4510893652;0.3770521179,1.986329388;0.369039043;1.047885528;1.273544601;1.412123145;1.792296255;0.9237509324;0.6195927545;0.4325165816;1.370290719;1.043286736;1.235229773,16.31081081;5.519189189;10.4727027;11.69027027;11.45135135;17.70972973;8.630810811;6.775675676;6.078378378;12.12405405;9.345405405;10.40135135,0.398876415;0.05974442885;0.3469350736;0.3927336189;0.4037908886;0.3996336243;0.2319363828;0.1165504208;0.07984022304;0.3970139596;0.2864808984;0.3715704695,0.05135135135;0.1367567568;0.12;0.09702702703;0.09108108108;0.05162162162;0.1172972973;0.1254054054;0.1345945946;0.08567567568;0.1116216216;0.1072972973,23.99967826;0.369039043;23.99427642;23.99927246;23.99428929;23.99967446;8.141275175;2.156742036;0.8552321429;23.99569881;17.78517556;23.99343681
Tripathi'24 Whittle-Safe,4,13,303.6008108108108,18.033513513513512,13.96336486486486,24.0,42.0,34.94864864864865,0.0116666666666666,0.0018693693693693,0.1407207207207207,0.0478378378378378,0.93914129283374,20.0,75.0,0.243063063063063,2698,11100,0.1942702096791182,0.39811584850091,23.999669441240624,0.4064864864864865,True,True,0.931036637;0.7159624459;0.6775674106;0.3509019354;0.95;0.7562371291;0.2357345475;0.5713184825;0.95;0.8385292043;0.9458583108;0.3749843981,0.3702883284;0.6302691506;0.6771299559;1.320546841;0.2764601871;0.5830294735;1.920506701;0.8232731646;0.2265612916;0.488449848;0.3469497415;1.241568686,5.452432432;6.618108108;7.255675676;10.40675676;4.867027027;5.817567568;18.03351351;7.676216216;4.466486486;5.408378378;4.909189189;10.63324324,0.08286452323;0.1797118794;0.1839231367;0.3965209569;0.05693585475;0.1405573758;0.3981158485;0.2743502195;0.04543472388;0.1127395055;0.06245095347;0.3976375387,0.1602702703;0.1635135135;0.1481081081;0.09702702703;0.1659459459;0.1581081081;0.04783783784;0.1524324324;0.1710810811;0.1659459459;0.1516216216;0.1067567568,0.3702883284;3.005383013;4.434079294;23.9994358;0.2764601871;2.413324208;23.99966944;12.48438026;0.2265612916;1.196048632;0.3469497415;23.999271
Tripathi'24 Whittle-Safe,4,14,476.00108108108105,27.23189189189189,21.85318918918918,34.0,72.0,55.91351351351352,0.0337387387387387,0.0149324324324324,0.1017567567567567,0.041081081081081,0.911706316239692,29.0,165.0,0.358018018018018,3974,11100,0.2844526011200466,0.4003800581506008,23.999727496280823,0.4064864864864865,True,True,0.3969158517;0.64914127;0.685168137;0.2123384503;0.8391928019;0.2547057577;0.6450583303;0.3536782427;0.3495021855;0.2638904463;0.8142278578;0.4332858251,1.177446822;0.7134614509;0.6676722331;2.128067317;0.4876767217;1.782678959;0.7188179662;1.310923092;1.325454306;1.723560971;0.5165166625;1.084128614,10.19189189;7.933513514;7.772702703;27.23189189;6.210810811;17.45243243;8.337837838;12.41540541;11.23648649;14.36567568;6.201081081;10.15945946,0.3780558984;0.1743159869;0.1663767024;0.3997315635;0.09120872742;0.4003800582;0.1905838986;0.392214017;0.3883222887;0.4001456416;0.09660257579;0.3354938549,0.1105405405;0.1264864865;0.1305405405;0.04108108108;0.1359459459;0.05594594595;0.1259459459;0.08702702703;0.09648648649;0.0627027027;0.1343243243;0.1140540541,23.9995789;12.22499659;4.821116895;23.9997275;1.402827548;23.99813484;5.970449154;23.99292723;23.99816963;23.99628954;0.9825833124;21.21597408
Tripathi'24 Whittle-Safe,4,15,406.687027027027,26.59162162162162,21.339864864864857,34.0,62.0,51.34324324324324,0.0337387387387387,0.0110585585585585,0.1279054054054054,0.0318918918918918,0.8752002312082261,24.0,126.0,0.4682882882882883,5198,11100,0.240925119501131,0.4005723896689415,23.999778679430847,0.4064864864864865,True,True,0.95;0.6682774533;0.3936552323;0.8783623152;0.2542081145;0.6112416568;0.1961261937;0.2603661895;0.4858854259;0.9440218225;0.777121657;0.6438927182,0.2609434761;0.6888292002;1.186565108;0.4408835581;1.786011998;0.7647485898;2.305041448;1.74572184;0.9708198352;0.349980936;0.5589976316;0.7203540735,4.454054054;6.275405405;9.521351351;5.45;17.04297297;6.747027027;26.59162162;16.21810811;7.518108108;4.763243243;6.238918919;7.422972973,0.05056661414;0.1897072851;0.3960561914;0.0938962821;0.3996805229;0.2242573567;0.3999558404;0.4005723897;0.3232567667;0.06990159777;0.1368788795;0.2063717076,0.1697297297;0.1645945946;0.1248648649;0.1591891892;0.05216216216;0.1572972973;0.03189189189;0.05675675676;0.1481081081;0.1656756757;0.1537837838;0.1508108108,0.2609434761;8.909022007;23.99944889;1.217671161;23.99977868;6.577709104;23.99896785;23.99940721;11.26132566;0.349980936;2.543962106;5.04601925
Tripathi'24 Whittle-Safe,4,16,530.8343243243244,28.835135135135136,26.111594594594592,45.0,88.0,69.29009009009009,0.06,0.0254954954954954,0.1186711711711711,0.0335135135135135,0.8109679165610687,26.0,216.0,0.6290990990990991,6983,11100,0.275149191407667,0.4035782372895646,23.99969286254541,0.4064864864864865,True,True,0.3932789834;0.7735119064;0.901603995;0.8416273572;0.2260479039;0.7045979448;0.6624829137;0.1982197585;0.7522839954;0.3841282698;0.2247729528;0.2144342016,1.187626136;0.5631378354;0.4113518347;0.4848363331;2.00065631;0.6439160289;0.6962092138;2.280313362;0.5876051337;1.214015836;2.011774821;2.107404393,10.12540541;6.345135135;4.97;5.285135135;16.87540541;5.573513514;6.624054054;28.83513514;5.824594595;9.422972973;22.47189189;23.88324324,0.3996201458;0.1649841658;0.09160916535;0.1073191775;0.3995905441;0.1679402616;0.2114970693;0.3993629888;0.1562712031;0.4035782373;0.4001800724;0.3998372659,0.1167567568;0.1727027027;0.1724324324;0.1616216216;0.04945945946;0.1697297297;0.1672972973;0.03351351351;0.1745945946;0.1208108108;0.04405405405;0.04108108108,23.99947039;4.851789087;0.4794628429;0.8241816656;23.99969286;8.176221299;8.782485628;23.99959388;4.290128342;23.99743046;23.99613493;23.99967442
Tripathi'24 Whittle-Safe,4,17,389.61432432432434,22.953243243243243,22.72268918918919,34.0,66.0,53.54549549549549,0.036509009009009,0.0131531531531531,0.1380855855855856,0.0386486486486486,0.8583065469038578,21.0,132.0,0.4802702702702702,5331,11100,0.2212991657214073,0.4012199572398718,23.99969593772198,0.4064864864864865,True,True,0.6058267012;0.4606290406;0.8627452041;0.95;0.8920394043;0.9329954481;0.2434414901;0.2237143759;0.7874097494;0.2072792387;0.95;0.5223938409,0.772389876;1.022513998;0.4598691245;0.2139841101;0.4237308779;0.3673358894;1.861711545;2.021113381;0.5472165522;2.179902851;0.241873434;0.9032962107,6.664324324;7.724324324;4.605135135;4.168108108;5.085675676;4.702432432;17.78972973;22.95324324;5.799189189;22.53405405;4.387027027;7.827027027,0.234013257;0.3628542918;0.1061427655;0.04713433777;0.0997485391;0.08140957548;0.4000163995;0.4003989482;0.1477484691;0.4012199572;0.05020508035;0.3246983676,0.1586486486;0.1494594595;0.1808108108;0.1843243243;0.1732432432;0.1767567568;0.04918918919;0.03945945946;0.1735135135;0.03864864865;0.1748648649;0.1581081081,7.392577272;23.94408179;1.077644242;0.2139841101;0.5898470234;0.3673358894;23.99944623;23.99966294;4.816496567;23.99969594;0.241873434;15.04832948
Tripathi'24 Whittle-Safe,4,18,335.97810810810813,20.723783783783784,19.33733783783784,29.0,59.0,47.99279279279279,0.0258783783783783,0.0093243243243243,0.153581081081081,0.0483783783783783,0.876144416414613,18.5,165.0,0.4585585585585585,5090,11100,0.1969219091415111,0.4049720247585188,23.99962610639662,0.4064864864864865,True,True,0.95;0.2298402862;0.2514208534;0.95;0.8064515181;0.2889292384;0.86964094;0.95;0.4229897239;0.9113191376;0.93510967;0.8418183031,0.2641897105;1.968390267;1.804941085;0.3377909827;0.5254308787;1.582364629;0.451552802;0.2372894534;1.10910177;0.3983676074;0.3641087485;0.4846132827,4.038648649;20.72378378;18.20297297;4.149189189;5.120810811;13.97594595;4.844324324;4.050540541;8.56;4.204864865;4.61027027;5.371351351,0.0610492439;0.3995300245;0.4000139701;0.07677897742;0.1360439951;0.4002954845;0.1185021002;0.05592335225;0.4049720248;0.09270121892;0.08915743949;0.1280950785,0.1959459459;0.04837837838;0.05135135135;0.1918918919;0.1851351351;0.07243243243;0.1927027027;0.1951351351;0.1378378378;0.1894594595;0.192972973;0.1897297297,0.2641897105;23.99962611;23.99923841;0.3377909827;2.006894059;23.99915506;1.070186426;0.2372894534;23.99649161;0.3983676074;0.3641087485;4.292211005
Tripathi'24 Whittle-Safe,4,19,484.41945945945946,25.67837837837838,23.30356756756757,35.0,66.0,54.2463963963964,0.0366441441441441,0.0127027027027027,0.097027027027027,0.0343243243243243,0.9056355842878226,30.0,152.0,0.3593693693693693,3989,11100,0.3021704555825615,0.4019502103483749,23.99903627488928,0.4064864864864865,True,True,0.8339118425;0.4218873338;0.3658373363;0.3670076204;0.481511622;0.1930715746;0.2120595117;0.3057773787;0.5446939528;0.4653449839;0.3623629999;0.8770434254,0.4938172966;1.111838862;1.270411673;1.266646367;0.9794527448;2.342239302;2.1308523;1.500722279;0.8655191693;1.012509865;1.281724896;0.4425090154,6.587567568;10.38081081;11.07621622;10.01378378;9.833243243;25.67837838;21.36054054;13.13297297;8.689189189;8.620810811;10.63756757;6.145675676,0.09382528635;0.3287437068;0.3831836289;0.3912910265;0.2758350703;0.4000797943;0.3996787827;0.4019502103;0.2308830865;0.2684519398;0.3768964018;0.07522653262,0.1332432432;0.1056756757;0.09;0.1078378378;0.1091891892;0.03432432432;0.04054054054;0.07297297297;0.1240540541;0.1189189189;0.09648648649;0.1310810811,1.338172966;23.9168815;23.99837419;23.99841666;20.4192043;23.99903627;23.99853725;23.9989522;7.513825878;9.525256482;23.99179083;0.910108185
Tripathi'24 Whittle-Safe,8,0,413.035945945946,27.14864864864865,22.46354054054053,34.0,74.0,57.9945945945946,0.0359909909909909,0.0152702702702702,0.1397972972972973,0.0427027027027027,0.8544540011545055,23.0,246.0,0.589009009009009,6538,11100,0.2257034286398837,0.4052791374201027,23.999982200447185,0.4064864864864865,True,True,0.95;0.2315765095;0.95;0.8081176242;0.6281327393;0.795200025;0.3394136806;0.9476946562;0.5005847781;0.95;0.23436609;0.2528380647,0.3369544871;1.95400716;0.2191119648;0.5235225351;0.7414402559;0.5383055036;1.361973486;0.3438720469;0.9427001774;0.2738400263;1.931388168;1.795260579,4.295945946;27.14864865;4.586486486;5.478108108;7.594594595;5.650540541;10.9527027;4.755405405;8.581351351;4.307567568;18.63027027;16.88675676,0.07431212473;0.4003074127;0.05057341025;0.1339934705;0.2324515397;0.1424327265;0.4052791374;0.07462952801;0.3375885771;0.05669228652;0.4003715473;0.399809383,0.1872972973;0.0427027027;0.1886486486;0.187027027;0.1643243243;0.1878378378;0.09675675676;0.1808108108;0.1548648649;0.1818918919;0.04864864865;0.05675675676,0.3369544871;23.99873249;0.2191119648;1.511702816;8.584647934;1.229833022;23.99973208;0.3438720469;10.73720639;0.2738400263;23.99858589;23.9999822
Tripathi'24 Whittle-Safe,8,1,493.2316216216216,23.373783783783782,22.798364864864865,42.0,68.0,57.755855855855856,0.0560585585585585,0.0162837837837837,0.1185585585585585,0.0343243243243243,0.7503161056049416,29.0,119.0,0.7147747747747748,7934,11100,0.2862392705093334,0.4004188621719604,23.99996336760902,0.4064864864864865,True,True,0.5605092249;0.2181252996;0.2316669551;0.3707979081;0.95;0.95;0.2020086086;0.95;0.325972712;0.8362721814;0.2993435181;0.2334007936,0.8400796556;2.072097608;1.953264399;1.254604531;0.2976063768;0.2276934429;2.237061952;0.2579608484;1.414030367;0.4910760745;1.530799061;1.939147999,7.362972973;22.32756757;18.28162162;10.84594595;3.938378378;3.644864865;23.37378378;3.951081081;12.82324324;5.302162162;13.00513514;18.35,0.3130999581;0.4004188622;0.4001552471;0.3997780384;0.06844946665;0.05360026725;0.3996480947;0.05919155684;0.3997502064;0.1408193825;0.4000764031;0.399883763,0.1754054054;0.04189189189;0.05027027027;0.1064864865;0.1964864865;0.2086486486;0.03432432432;0.1972972973;0.0872972973;0.2021621622;0.07081081081;0.05162162162,6.161911735;23.99953142;23.99988006;23.99955477;0.2976063768;0.2276934429;23.99943658;0.2579608484;23.99953849;1.310760745;23.9990605;23.99996337
Tripathi'24 Whittle-Safe,8,2,424.6775675675676,25.204864864864867,22.40164864864865,35.0,62.0,51.51891891891892,0.0367792792792792,0.011036036036036,0.1323198198198198,0.0313513513513513,0.8476587899065325,24.0,106.0,0.6053153153153153,6719,11100,0.244156221120766,0.4004011340822785,23.99999966756013,0.4064864864864865,True,True,0.2983974043;0.4720337023;0.7619171253;0.95;0.6042558466;0.7527600943;0.6803453125;0.2438339011;0.7053294905;0.1925045361;0.95;0.2931742638,1.535332493;0.9986066978;0.5764720931;0.328976203;0.7746227687;0.5870535051;0.6736618433;1.858825842;0.6430324214;2.34929577;0.2710575607;1.560894842,13.84648649;7.343243243;5.573243243;4.580810811;7.633513514;6.088648649;6.562162162;20.10810811;6.337837838;25.20486486;4.552432432;13.31432432,0.4000163576;0.3087583952;0.1436506135;0.0706854274;0.2415985608;0.1556485104;0.1784293531;0.4004011341;0.1722284134;0.4000152257;0.05809422854;0.4003484337,0.06864864865;0.1545945946;0.1756756757;0.1794594595;0.16;0.177027027;0.1686486486;0.04486486486;0.1686486486;0.03135135135;0.1835135135;0.07540540541,23.99949569;14.7359081;1.988248838;0.328976203;7.086419672;2.083481546;2.757603963;23.97848257;1.615162107;23.99999967;0.2710575607;23.9997206
Tripathi'24 Whittle-Safe,8,3,510.2835135135135,20.155405405405407,18.584486486486483,40.0,63.0,54.13198198198198,0.0486036036036036,0.0121171171171171,0.1042117117117117,0.044054054054054,0.7736643971105913,32.0,111.0,0.67,7437,11100,0.3230929968365825,0.4022717148425839,23.99977546268101,0.4064864864864865,True,True,0.2469621281;0.8215561338;0.8932287906;0.3220866759;0.225348274;0.2465631425;0.4834834838;0.2778755806;0.2645088005;0.3014458345;0.9387067142;0.2969367479,1.836175919;0.5080937316;0.4222105672;1.429873819;2.006740312;1.839030251;0.9755450403;1.641436133;1.719737046;1.520828652;0.3585144156;1.542388958,16.12702703;5.402702703;4.289189189;11.65486486;20.15540541;17.29918919;7.836756757;13.64351351;16.53945946;15.02567568;4.441891892;12.97378378,0.399988592;0.1326536607;0.09505443311;0.4007511217;0.4002633378;0.3996163031;0.3641155948;0.4001555113;0.4006522523;0.4011699363;0.08042350404;0.4022717148,0.05378378378;0.1872972973;0.1889189189;0.08945945946;0.04405405405;0.05108108108;0.1654054054;0.06702702703;0.06108108108;0.07945945946;0.1851351351;0.07783783784,23.99847146;1.729499705;0.4888422689;23.99933929;23.99977546;23.99947619;22.89403434;23.99976003;23.99884008;23.99964931;0.3585144156;23.99913671
Tripathi'24 Whittle-Safe,8,4,477.93405405405406,23.27081081081081,22.53291891891892,37.0,67.0,55.52072072072072,0.0394819819819819,0.0133108108108108,0.1039414414414414,0.0445945945945946,0.9061086427165173,30.0,158.0,0.4241441441441441,4708,11100,0.2892273935661259,0.4028604188965256,23.99963408150129,0.4064864864864865,True,True,0.662118963;0.6741961796;0.3640876;0.2460798207;0.2372011855;0.4128728207;0.5024050881;0.4159209977;0.2309431598;0.4380235493;0.7287104513;0.5641011845,0.6966749552;0.6813572012;1.27608378;1.842501298;1.908996959;1.13470463;0.9393093506;1.126874486;1.959226317;1.072981387;0.6151471375;0.8344446437,7.212702703;8.006756757;10.35972973;16.39135135;23.27081081;10.28621622;9.815675676;10.4127027;21.92918919;10.38864865;7.715135135;7.978648649,0.1560928481;0.1498985843;0.3731682839;0.4028604189;0.3998574711;0.3483849892;0.2632604856;0.3197887056;0.3987290316;0.3210244313;0.1333372984;0.2043261749,0.1364864865;0.1318918919;0.1113513514;0.05405405405;0.04486486486;0.1156756757;0.1208108108;0.1121621622;0.04459459459;0.1137837838;0.1327027027;0.1289189189,2.553449373;4.78307242;23.99327816;23.99849541;23.99963408;16.81803623;8.404115063;17.65122226;23.99830627;12.00559052;2.58176565;3.47555715
Tripathi'24 Whittle-Safe,8,5,426.8508108108108,25.476216216216216,19.86874324324324,32.0,62.0,51.71351351351351,0.028536036036036,0.0106306306306306,0.1195945945945946,0.041081081081081,0.8738619627794885,27.0,206.0,0.5291891891891892,5874,11100,0.2664030145346652,0.4035830486936417,23.99960988806584,0.4064864864864865,True,True,0.9411489522;0.4821824971;0.3825098869;0.7544254172;0.3523107703;0.8677360717;0.95;0.2189202535;0.8265150398;0.3376263363;0.2625732011;0.2699141276,0.3546353857;0.9781203331;1.218803669;0.5851252029;1.315645181;0.4538598372;0.2241414152;2.064668323;0.5023771293;1.368663091;1.731770293;1.687095206,5.168648649;8.598918919;10.29486486;6.47;10.10945946;5.948648649;4.969189189;25.47621622;5.827027027;10.85351351;14.92918919;15.28081081,0.06987275571;0.3238371373;0.4035228364;0.1367927839;0.4035830487;0.09825452152;0.04513117685;0.4000992398;0.1140531861;0.4020910217;0.3997113055;0.3998871609,0.1645945946;0.1467567568;0.112972973;0.1624324324;0.1059459459;0.16;0.1643243243;0.04108108108;0.1664864865;0.09027027027;0.05702702703;0.06324324324,0.3546353857;17.9618093;23.99848762;1.510751217;23.99791629;0.7770188607;0.2241414152;23.99960989;1.116639905;23.99956334;23.999585;23.99941648
Tripathi'24 Whittle-Safe,8,6,296.7483783783784,13.64081081081081,12.465891891891893,24.0,39.0,33.23963963963964,0.0081531531531531,0.0010585585585585,0.1449324324324324,0.0743243243243243,0.9615235917862384,20.0,79.0,0.1959459459459459,2175,11100,0.1907586457410618,0.4000093886698908,23.99999244669502,0.4064864864864865,True,True,0.6600953202;0.4082536129;0.95;0.8542797728;0.5796663152;0.95;0.7238759829;0.298421524;0.95;0.3698913443;0.95;0.5870736138,0.6992694381;1.146768836;0.2551559305;0.4699577518;0.8105930222;0.2156180293;0.6208604762;1.535216558;0.2628816135;1.257463669;0.2571157349;0.7995478023,6.918648649;10.25702703;4.472432432;5.770540541;7.996486486;4.488378378;6.876756757;13.64081081;4.431351351;11.50459459;4.577837838;8.023243243,0.1922045996;0.398579655;0.04861754892;0.1051689239;0.2254324919;0.041550177;0.1434691101;0.3999861519;0.05016065381;0.4000093887;0.05184009141;0.2320849567,0.157027027;0.1245945946;0.1654054054;0.1686486486;0.1421621622;0.1662162162;0.1472972973;0.07432432432;0.1664864865;0.1018918919;0.1713513514;0.1537837838,5.383927639;23.99713888;0.2551559305;1.16953527;4.601267423;0.2156180293;1.450325715;23.99999245;0.2628816135;23.99880718;0.2571157349;5.991860442
Tripathi'24 Whittle-Safe,8,7,362.3424324324324,26.517567567567568,20.074094594594587,32.0,61.0,49.817567567567565,0.0310585585585585,0.0104729729729729,0.1499099099099099,0.0348648648648648,0.8745299304029323,20.0,132.0,0.5235135135135135,5811,11100,0.2063517391559443,0.4043605880204533,23.99999020533202,0.4064864864864865,True,True,0.95;0.8194645516;0.5139536145;0.1957148488;0.2668165055;0.95;0.9166527097;0.2817874583;0.4060368001;0.95;0.95;0.8957240492,0.2129344738;0.5105004868;0.9182376412;2.309972111;1.705631049;0.2143947682;0.3910280632;1.619983796;1.152645744;0.2643493157;0.2202876177;0.4190042049,4.181891892;4.876756757;8.385945946;26.51756757;14.80216216;4.411621622;4.630540541;14.60648649;9.003783784;4.364864865;4.205405405;4.850540541,0.0469031341;0.1219682244;0.3511638547;0.4001870602;0.4001318245;0.04763040526;0.09342400214;0.400179781;0.404360588;0.05908564434;0.04983263136;0.1013537198,0.1872972973;0.1851351351;0.1675675676;0.03486486486;0.06216216216;0.1867567568;0.1927027027;0.06972972973;0.14;0.1864864865;0.1962162162;0.19,0.2129344738;0.8420019473;21.53954555;23.99909524;23.99999021;0.2143947682;0.3910280632;23.99902777;23.99964417;0.2643493157;0.2202876177;0.5330294346
Tripathi'24 Whittle-Safe,8,8,404.6186486486487,24.19135135135135,20.365581081081075,35.0,60.0,50.04504504504504,0.0343018018018018,0.0099549549549549,0.1336711711711711,0.0348648648648648,0.8495651481389614,23.0,108.0,0.5889189189189189,6537,11100,0.2421633516612044,0.401635295189127,23.999691221700743,0.4064864864864865,True,True,0.924502767;0.7675714746;0.2938168902;0.223720696;0.8564804989;0.95;0.4732619221;0.198994158;0.3554966144;0.365156396;0.95;0.8950142286,0.3798996382;0.5699618165;1.557699888;2.021057334;0.4673466129;0.2347890628;0.9960890923;2.271318822;1.304697623;1.272612991;0.2590903055;0.4199186836,4.561891892;6.198378378;14.96216216;17.23540541;4.948108108;4.462702703;8.252162162;24.19135135;11.63378378;10.63081081;4.307567568;4.658108108,0.08604213427;0.1574326964;0.3999499713;0.3992953814;0.1068581715;0.05108248529;0.3491696089;0.4002432086;0.4016352952;0.4000132184;0.05447898855;0.09975906024,0.1848648649;0.18;0.06513513514;0.04918918919;0.1781081081;0.1824324324;0.1527027027;0.03486486486;0.1010810811;0.1072972973;0.1805405405;0.1878378378,0.3798996382;1.919389065;23.99969122;23.98260599;0.7367330643;0.2347890628;12.08658368;23.99910349;23.99967465;23.99922192;0.2590903055;0.5792681526
Tripathi'24 Whittle-Safe,8,9,521.697027027027,27.9027027027027,26.15221621621621,44.0,80.0,65.03288288288289,0.0591441441441441,0.02259009009009,0.1209459459459459,0.0337837837837837,0.7977409663551712,28.0,190.0,0.6920720720720721,7682,11100,0.2690640318383064,0.4003776438448564,23.99949362799758,0.4064864864864865,True,True,0.3257577326;0.6871221964;0.2523803769;0.1963495047;0.5437054116;0.2493362779;0.95;0.4363495231;0.95;0.6652629851;0.95;0.2127973752,1.414897118;0.6652565043;1.798374164;2.302374716;0.8671448273;1.819394726;0.209506079;1.076896197;0.2790122724;0.6926602831;0.247425482;2.123503268,13.39594595;6.639459459;19.06405405;27.9027027;8.110810811;18.00162162;4.231351351;8.272972973;4.373513514;6.962432432;4.117297297;24.72,0.4003776438;0.1756636769;0.3985585986;0.3994931264;0.3051412338;0.4002668397;0.04484562555;0.3879736839;0.06108106503;0.2031179479;0.05222683822;0.4000221022,0.08594594595;0.1643243243;0.04918918919;0.03378378378;0.1583783784;0.05216216216;0.1824324324;0.1486486486;0.1856756757;0.1705405405;0.1845945946;0.03567567568,23.99942314;2.517821547;23.9969037;23.99949363;10.82008275;23.99928272;0.209506079;23.99860223;0.2790122724;1.755961698;0.247425482;23.9988499
Tripathi'24 Whittle-Safe,8,10,594.5424324324324,33.03,27.281310810810805,48.0,99.0,73.81126126126127,0.0711036036036036,0.0289864864864864,0.0969819819819819,0.0345945945945945,0.8365708566235048,34.0,330.0,0.6302702702702703,6996,11100,0.3156143543254775,0.4012137946813076,23.999913536495328,0.4064864864864865,True,True,0.2210551088;0.5230742899;0.4621770162;0.8877431859;0.3493760462;0.4491418585;0.5565464418;0.34857734;0.2223217792;0.6900300697;0.2104662511;0.2177243916,2.045012567;0.9021077578;1.019211399;0.4291816563;1.325898395;1.047619095;0.8463561798;1.328717478;2.03354937;0.6616731043;2.146920017;2.075867389,20.28810811;10.72378378;9.561891892;5.774324324;11.67135135;9.925135135;9.382972973;12.47783784;22.57783784;7.521621622;22.00972973;33.03,0.3996065096;0.2837982244;0.2986013937;0.07864463864;0.3952610619;0.3343886895;0.235149771;0.4007699205;0.4012137947;0.1589803756;0.4003715707;0.4005863016,0.04648648649;0.1272972973;0.1248648649;0.1459459459;0.1;0.1343243243;0.1359459459;0.09135135135;0.04189189189;0.1427027027;0.03837837838;0.03459459459,23.99991354;9.659017219;15.94135856;0.6042715941;23.99603696;12.43809746;11.34432922;23.99777189;23.99816954;5.095135191;23.99932792;23.99722662
Tripathi'24 Whittle-Safe,8,11,451.7283783783784,24.800810810810813,23.472783783783782,37.0,65.0,55.37027027027027,0.039054054054054,0.0127702702702702,0.1138513513513513,0.0405405405405405,0.9041860592501187,29.0,172.0,0.4052252252252252,4498,11100,0.2668676969708117,0.4014851534711932,23.99947758279767,0.4064864864864865,True,True,0.95;0.2935060875;0.6227889451;0.4312530983;0.6153269509;0.4183303984;0.9434799305;0.4987828682;0.6260188518;0.4351735249;0.2492611008;0.2092716103,0.3358641596;1.559243329;0.7487311135;1.088976442;0.7590395275;1.120756955;0.3508668233;0.9460759936;0.7443154627;1.079661914;1.819920828;2.159149808,5.324864865;13.35594595;7.900540541;9.972432432;8.134594595;11.14;5.386756757;9.925675676;9.032972973;9.651891892;22.38621622;24.80081081,0.05991090415;0.3995034258;0.1794931075;0.3608338158;0.1827849241;0.3759079407;0.0644836324;0.2720607722;0.1734053862;0.3326525898;0.3998907116;0.4014851535,0.152972973;0.07675675676;0.1427027027;0.1243243243;0.1316216216;0.1189189189;0.1518918919;0.1221621622;0.13;0.1302702703;0.04405405405;0.04054054054,0.3358641596;23.99896416;10.45178231;23.91653943;4.667513857;23.98533528;0.3508668233;16.1283558;7.316933971;17.27976781;23.99867197;23.99947758
Tripathi'24 Whittle-Safe,8,12,460.8548648648649,20.323783783783785,19.806783783783786,35.0,58.0,49.66801801801802,0.0318918918918918,0.0089639639639639,0.1044819819819819,0.0459459459459459,0.9180565289141684,30.0,134.0,0.3837837837837838,4260,11100,0.2899859635928072,0.4022642689371099,23.99940523799795,0.4064864864864865,True,True,0.2277146089;0.9318683167;0.4490225566;0.364868936;0.3264467419;0.2532754659;0.5108922966;0.7249468559;0.885090931;0.3371942215;0.4510893652;0.3770521179,1.986329388;0.369039043;1.047885528;1.273544601;1.412123145;1.792296255;0.9237509324;0.6195927545;0.4325165816;1.370290719;1.043286736;1.235229773,20.32378378;5.326486486;10.89945946;10.71378378;11.70162162;19.38378378;8.665675676;7.120810811;6.280810811;15.40945946;9.996216216;10.58216216,0.3999501065;0.06044261083;0.3288094861;0.3975524363;0.4022642689;0.4010868375;0.2221995486;0.1219090609;0.082645736;0.3988657038;0.289864531;0.3742412365,0.04594594595;0.1424324324;0.1202702703;0.1054054054;0.09486486486;0.04621621622;0.1197297297;0.1318918919;0.1413513514;0.08;0.1145945946;0.1110810811,23.99913984;0.369039043;23.99427642;23.98938969;23.99441687;23.99940524;4.408762121;1.278371018;0.5950994898;23.99872519;11.17475619;23.99343681
Tripathi'24 Whittle-Safe,8,13,305.5189189189189,19.654864864864862,14.797770270270265,25.0,44.0,36.568018018018016,0.0131981981981981,0.0026126126126126,0.1481981981981981,0.0445945945945946,0.9354332336376744,21.0,96.0,0.3054954954954955,3391,11100,0.1935607022171688,0.3997330978435144,23.999919399585128,0.4064864864864865,True,True,0.931036637;0.7159624459;0.6775674106;0.3509019354;0.95;0.7562371291;0.2357345475;0.5713184825;0.95;0.8385292043;0.9458583108;0.3749843981,0.3702883284;0.6302691506;0.6771299559;1.320546841;0.2764601871;0.5830294735;1.920506701;0.8232731646;0.2265612916;0.488449848;0.3469497415;1.241568686,5.287837838;6.461081081;7.033513514;10.82378378;4.783513514;5.874324324;19.65486486;7.760540541;4.323783784;5.286486486;4.834324324;9.92027027,0.08346499079;0.1725574729;0.1756877723;0.3997330978;0.05895326693;0.1459149439;0.3986349044;0.2632249064;0.04647568117;0.1119474246;0.06648307208;0.3996508933,0.1727027027;0.1691891892;0.1562162162;0.1005405405;0.1772972973;0.1683783784;0.04459459459;0.1597297297;0.1789189189;0.1740540541;0.1594594595;0.1172972973,0.3702883284;2.472422356;2.12555947;23.9999194;0.2764601871;1.796353682;23.99966944;10.7869314;0.2265612916;0.8422492401;0.3469497415;23.99611568
Tripathi'24 Whittle-Safe,8,14,478.51756756756754,25.86108108108108,20.998189189189183,37.0,67.0,55.48873873873874,0.0389639639639639,0.0134459459459459,0.1066216216216216,0.0386486486486486,0.8976415534178442,30.0,149.0,0.4461261261261261,4952,11100,0.2848774627612465,0.402843123156811,23.99994741634107,0.4064864864864865,True,True,0.3969158517;0.64914127;0.685168137;0.2123384503;0.8391928019;0.2547057577;0.6450583303;0.3536782427;0.3495021855;0.2638904463;0.8142278578;0.4332858251,1.177446822;0.7134614509;0.6676722331;2.128067317;0.4876767217;1.782678959;0.7188179662;1.310923092;1.325454306;1.723560971;0.5165166625;1.084128614,10.43108108;7.818918919;7.612972973;25.86108108;6.046486486;17.01945946;8.284864865;13.10459459;10.96675676;16.6972973;6.002972973;10.75972973,0.3720095499;0.1727733676;0.1625872114;0.4003067169;0.09344940425;0.3994164479;0.1843670946;0.4028431232;0.3954869066;0.4006114688;0.09771936858;0.3369588936,0.1127027027;0.1345945946;0.1416216216;0.03864864865;0.1451351351;0.05594594595;0.1340540541;0.09567567568;0.09972972973;0.05783783784;0.1435135135;0.12,23.98553426;8.690382077;2.809050098;23.9997275;1.139797383;23.99813484;2.069361695;23.99984796;23.99994742;23.99858093;0.9825833124;21.29055933
Tripathi'24 Whittle-Safe,8,15,418.5664864864865,27.232972972972973,21.98255405405405,35.0,64.0,52.833333333333336,0.0366666666666666,0.0121171171171171,0.1323873873873874,0.0327027027027027,0.8692104017999012,25.0,126.0,0.5469369369369369,6071,11100,0.2403508442699518,0.4001005729555505,23.999778679430896,0.4064864864864865,True,True,0.95;0.6682774533;0.3936552323;0.8783623152;0.2542081145;0.6112416568;0.1961261937;0.2603661895;0.4858854259;0.9440218225;0.777121657;0.6438927182,0.2609434761;0.6888292002;1.186565108;0.4408835581;1.786011998;0.7647485898;2.305041448;1.74572184;0.9708198352;0.349980936;0.5589976316;0.7203540735,4.390540541;6.350810811;10.3827027;5.311891892;17.68675676;6.79027027;27.23297297;16.21432432;7.738108108;4.728918919;6.337027027;7.895135135,0.05232974574;0.1908243055;0.3999045106;0.09401543981;0.3996805229;0.2182633813;0.3999558404;0.400100573;0.3151228708;0.07283387047;0.1346126729;0.2065663978,0.1735135135;0.17;0.1289189189;0.1643243243;0.05189189189;0.1681081081;0.0327027027;0.05351351351;0.1543243243;0.1737837838;0.1605405405;0.157027027,0.2609434761;4.576584004;23.99889777;0.7679520226;23.99977868;4.235977437;23.99896785;23.99940721;14.82853225;0.349980936;1.671981053;2.484957029
Tripathi'24 Whittle-Safe,8,16,524.9794594594595,28.10621621621621,25.7922027027027,44.0,89.0,69.37252252252252,0.0581531531531531,0.025518018018018,0.1250675675675676,0.0359459459459459,0.8039642859936335,26.0,187.0,0.6906306306306307,7666,11100,0.2750629970410052,0.4019376753493633,23.99979693762526,0.4064864864864865,True,True,0.3932789834;0.7735119064;0.901603995;0.8416273572;0.2260479039;0.7045979448;0.6624829137;0.1982197585;0.7522839954;0.3841282698;0.2247729528;0.2144342016,1.187626136;0.5631378354;0.4113518347;0.4848363331;2.00065631;0.6439160289;0.6962092138;2.280313362;0.5876051337;1.214015836;2.011774821;2.107404393,9.698918919;6.328108108;4.748648649;5.189459459;17.22810811;5.774324324;6.50972973;28.10621622;5.818648649;9.365135135;22.31540541;23.89891892,0.3999411258;0.1607225822;0.09205387004;0.1102019882;0.400131262;0.1771639236;0.2026533306;0.3999792897;0.1559535787;0.4019376753;0.4001800724;0.3998372659,0.1218918919;0.1864864865;0.1837837838;0.1716216216;0.04945945946;0.1805405405;0.1764864865;0.03594594595;0.1843243243;0.1243243243;0.04324324324;0.0427027027,23.99973519;2.625894543;0.4454073388;0.7393453325;23.99969286;4.741816751;3.435556634;23.99979694;3.776892406;23.9987777;23.99613493;23.99967442
Tripathi'24 Whittle-Safe,8,17,393.7954054054054,24.64837837837838,23.58301351351351,36.0,70.0,55.82117117117117,0.0403828828828828,0.015518018018018,0.1452702702702702,0.0381081081081081,0.852309603837523,21.0,122.0,0.5664864864864865,6288,11100,0.220308877104661,0.4006307943070674,23.999695937721977,0.4064864864864865,True,True,0.6058267012;0.4606290406;0.8627452041;0.95;0.8920394043;0.9329954481;0.2434414901;0.2237143759;0.7874097494;0.2072792387;0.95;0.5223938409,0.772389876;1.022513998;0.4598691245;0.2139841101;0.4237308779;0.3673358894;1.861711545;2.021113381;0.5472165522;2.179902851;0.241873434;0.9032962107,6.976486486;7.917027027;4.444864865;4.008918919;4.804864865;4.43972973;17.89594595;24.64837838;5.589459459;22.71135135;4.291621622;7.395405405,0.2356832892;0.3692104599;0.1078828108;0.04886934407;0.09883236423;0.08240237518;0.4000163995;0.4003989482;0.1464174018;0.4006307943;0.05210084511;0.301261493,0.1694594595;0.1532432432;0.1881081081;0.1954054054;0.1816216216;0.192972973;0.05054054054;0.03810810811;0.1878378378;0.03945945946;0.1845945946;0.1618918919,4.441068388;23.97034161;1.118429494;0.2139841101;0.4949235117;0.3673358894;23.99944623;23.99966294;3.933197254;23.99969594;0.241873434;10.04173706
Tripathi'24 Whittle-Safe,8,18,340.0259459459459,21.78216216216216,20.06229729729729,30.0,62.0,49.18153153153153,0.0263963963963963,0.0106531531531531,0.1571171171171171,0.0456756756756756,0.8722660811669618,19.0,172.0,0.5371171171171171,5962,11100,0.196732817523277,0.4037729958177091,23.999899641647406,0.4064864864864865,True,True,0.95;0.2298402862;0.2514208534;0.95;0.8064515181;0.2889292384;0.86964094;0.95;0.4229897239;0.9113191376;0.93510967;0.8418183031,0.2641897105;1.968390267;1.804941085;0.3377909827;0.5254308787;1.582364629;0.451552802;0.2372894534;1.10910177;0.3983676074;0.3641087485;0.4846132827,4.156216216;21.78216216;18.65513514;4.097297297;5.090540541;13.58675676;4.844324324;4.066216216;8.768648649;4.109189189;4.776216216;5.52027027,0.06247729639;0.3995300245;0.4000139701;0.07778322088;0.1349079283;0.4002954845;0.1171596459;0.05553855855;0.4037729958;0.09323955352;0.08994470165;0.1261304301,0.1981081081;0.04567567568;0.05108108108;0.1967567568;0.1894594595;0.07243243243;0.2008108108;0.1986486486;0.1454054054;0.1954054054;0.1986486486;0.192972973,0.2641897105;23.99962611;23.99923841;0.3377909827;1.278016151;23.99989964;0.863975218;0.2372894534;23.9917127;0.3983676074;0.3641087485;2.092265654
Tripathi'24 Whittle-Safe,8,19,473.2481081081081,24.99945945945946,21.555270270270263,36.0,62.0,51.181981981981984,0.0354954954954954,0.0106081081081081,0.1029954954954955,0.0348648648648648,0.9037946243736162,31.0,134.0,0.4306306306306306,4780,11100,0.3026040719511198,0.4015611321793663,23.999733324682445,0.4064864864864865,True,True,0.8339118425;0.4218873338;0.3658373363;0.3670076204;0.481511622;0.1930715746;0.2120595117;0.3057773787;0.5446939528;0.4653449839;0.3623629999;0.8770434254,0.4938172966;1.111838862;1.270411673;1.266646367;0.9794527448;2.342239302;2.1308523;1.500722279;0.8655191693;1.012509865;1.281724896;0.4425090154,6.232702703;10.48459459;11.68540541;10.73459459;9.693513514;24.99945946;18.7372973;13.12648649;8.545945946;8.895405405;11.19081081;5.913243243,0.09315796568;0.3173248212;0.3849004014;0.4015611322;0.2702760142;0.4000797943;0.4002546887;0.4003278079;0.2166137164;0.2766614792;0.3928313599;0.07725968215,0.1435135135;0.1118918919;0.0972972973;0.1124324324;0.1189189189;0.03486486486;0.04297297297;0.07945945946;0.1297297297;0.1218918919;0.1002702703;0.1427027027,0.8690864829;13.99194311;23.99837419;23.99829487;8.030149407;23.99903627;23.99973332;23.99790439;5.048306709;6.150118376;23.99386736;0.7825811388
Conservative-AoI Safe,2,0,461.87432432432433,22.745405405405407,21.688513513513517,40.0,62.0,53.43108108108108,0.0467792792792792,0.0113288288288288,0.1442117117117117,0.0421621621621621,0.7792188373923086,29.0,122.0,0.0183783783783783,204,11100,0.2086102074015777,0.3779751327451633,23.99862288397765,0.4064864864864865,True,True,0.95;0.2315765095;0.95;0.8081176242;0.6281327393;0.795200025;0.3394136806;0.9476946562;0.5005847781;0.95;0.23436609;0.2528380647,0.3369544871;1.95400716;0.2191119648;0.5235225351;0.7414402559;0.5383055036;1.361973486;0.3438720469;0.9427001774;0.2738400263;1.931388168;1.795260579,6.355945946;22.74540541;6.571621622;8.426486486;12.61351351;8.058378378;17.33027027;7.416216216;14.46054054;6.663513514;20.82378378;18.90162162,0.09452939395;0.36703648;0.06271339748;0.1420585474;0.1871635673;0.1566905479;0.337548564;0.09070786966;0.2382228827;0.07127241765;0.377403688;0.3779751327,0.2378378378;0.04216216216;0.2310810811;0.1981081081;0.1232432432;0.1908108108;0.06513513514;0.2164864865;0.09648648649;0.2283783784;0.04648648649;0.05432432432,0.3369544871;23.99862288;0.2191119648;1.758747886;8.01888691;3.166110072;23.20288643;0.3438720469;12.91020461;0.2738400263;23.99858589;23.96397328
Conservative-AoI Safe,2,1,597.2272972972972,32.23567567567567,28.77305405405405,53.0,87.0,73.30855855855856,0.0926801801801801,0.036081081081081,0.1271396396396396,0.0278378378378378,0.6320070398539768,34.0,147.0,0.0753153153153153,836,11100,0.264350282225466,0.3846850354212067,23.992691898663185,0.4064864864864865,True,True,0.5605092249;0.2181252996;0.2316669551;0.3707979081;0.95;0.95;0.2020086086;0.95;0.325972712;0.8362721814;0.2993435181;0.2334007936,0.8400796556;2.072097608;1.953264399;1.254604531;0.2976063768;0.2276934429;2.237061952;0.2579608484;1.414030367;0.4910760745;1.530799061;1.939147999,11.44567568;25.94;25.39783784;16.53189189;5.558648649;5.213513514;32.23567568;5.98972973;16.83351351;7.91972973;16.53081081;23.70702703,0.2415796631;0.3785778333;0.3705923265;0.3190764496;0.0909710303;0.07452344849;0.3821143659;0.07920095237;0.3470106954;0.1459955897;0.3578759966;0.3846850354,0.1227027027;0.04297297297;0.03648648649;0.07864864865;0.2656756757;0.2832432432;0.02783783784;0.2705405405;0.06864864865;0.2148648649;0.07;0.04405405405,9.761911735;23.97922108;23.98487437;23.92892686;0.2976063768;0.2276934429;23.98800058;0.2579608484;23.91912357;1.583988969;23.90876618;23.9926919
Conservative-AoI Safe,2,2,489.9432432432432,24.786756756756755,23.48741891891892,41.0,64.0,55.8018018018018,0.0520495495495495,0.0128828828828828,0.1313513513513513,0.0343243243243243,0.7759370041491321,32.0,126.0,0.0218018018018018,242,11100,0.230220344192003,0.3841416056295153,23.999013945593315,0.4064864864864865,True,True,0.2983974043;0.4720337023;0.7619171253;0.95;0.6042558466;0.7527600943;0.6803453125;0.2438339011;0.7053294905;0.1925045361;0.95;0.2931742638,1.535332493;0.9986066978;0.5764720931;0.328976203;0.7746227687;0.5870535051;0.6736618433;1.858825842;0.6430324214;2.34929577;0.2710575607;1.560894842,18.08027027;11.9672973;8.613783784;6.269459459;12.50459459;8.781081081;9.398378378;22.42432432;10.09;24.78675676;6.255405405;20.53621622,0.3473171072;0.2558592296;0.1579845142;0.09558092384;0.206007785;0.1659616125;0.1744237962;0.3652341587;0.1732711687;0.3841416056;0.07743455179;0.3594276771,0.05432432432;0.1105405405;0.1840540541;0.24;0.1213513514;0.1751351351;0.1545945946;0.04378378378;0.1575675676;0.03432432432;0.2445945946;0.05594594595,23.95723919;11.37074065;3.047081397;0.328976203;7.143209836;3.954016597;4.778589493;23.97671341;4.531551164;23.98873199;0.2710575607;23.99901395
Conservative-AoI Safe,2,3,587.6251351351351,24.561891891891893,24.394067567567568,50.0,76.0,66.00450450450451,0.087027027027027,0.026509009009009,0.1092342342342342,0.0413513513513513,0.639126815150043,37.0,121.0,0.0556756756756756,618,11100,0.3048830775449118,0.3885676136034697,23.999022255807827,0.4064864864864865,True,True,0.2469621281;0.8215561338;0.8932287906;0.3220866759;0.225348274;0.2465631425;0.4834834838;0.2778755806;0.2645088005;0.3014458345;0.9387067142;0.2969367479,1.836175919;0.5080937316;0.4222105672;1.429873819;2.006740312;1.839030251;0.9755450403;1.641436133;1.719737046;1.520828652;0.3585144156;1.542388958,18.75054054;7.025945946;6.257027027;15.56891892;24.56189189;24.25675676;12.98081081;19.06918919;19.78594595;21.40324324;5.90027027;17.89810811,0.3880782617;0.1559985079;0.1347650486;0.3752452644;0.3812806592;0.3628356981;0.2763165411;0.3699885769;0.3885676136;0.3571892159;0.1119146351;0.356416908,0.05702702703;0.2175675676;0.2648648649;0.07378378378;0.04216216216;0.04135135135;0.1172972973;0.05837837838;0.0572972973;0.05702702703;0.2572972973;0.06675675676,23.99587021;2.669968363;0.5998951051;23.99902226;23.98419776;23.9956318;16.89516649;23.99058221;23.98685229;23.99540734;0.3585144156;23.97050438
Conservative-AoI Safe,2,4,552.4456756756757,23.25675675675676,22.8505,44.0,66.0,58.005855855855856,0.0638963963963964,0.015045045045045,0.1008558558558558,0.0437837837837837,0.842164847311958,38.0,137.0,0.0321621621621621,357,11100,0.2774953446696276,0.3770186858990685,23.99793309742025,0.4064864864864865,True,True,0.662118963;0.6741961796;0.3640876;0.2460798207;0.2372011855;0.4128728207;0.5024050881;0.4159209977;0.2309431598;0.4380235493;0.7287104513;0.5641011845,0.6966749552;0.6813572012;1.27608378;1.842501298;1.908996959;1.13470463;0.9393093506;1.126874486;1.959226317;1.072981387;0.6151471375;0.8344446437,9.096756757;9.642702703;16.17783784;21.26972973;23.25675676;14.04648649;13.23135135;15.58351351;22.51810811;16.24108108;8.935135135;10.75,0.2012825749;0.1924373717;0.3055703323;0.3675043129;0.3652891478;0.3125037888;0.2558983312;0.2716681194;0.3770186859;0.2752052261;0.1744025263;0.2311637189,0.1605405405;0.1613513514;0.07891891892;0.04756756757;0.04378378378;0.09243243243;0.1118918919;0.08351351351;0.04459459459;0.0872972973;0.1659459459;0.1324324324,5.133499104;5.227144024;21.89985389;23.99257917;23.9979331;18.36761576;10.12549636;22.81246917;23.98661588;17.89751607;3.8423542;10.89556074
Conservative-AoI Safe,2,5,506.2816216216216,21.83324324324324,21.753864864864862,42.0,65.0,55.0045045045045,0.0551576576576576,0.0137612612612612,0.1268918918918919,0.0386486486486486,0.7479378545770411,33.0,92.0,0.0157657657657657,175,11100,0.2410929150993349,0.3749884088764835,23.99342603621928,0.4064864864864865,True,True,0.9411489522;0.4821824971;0.3825098869;0.7544254172;0.3523107703;0.8677360717;0.95;0.2189202535;0.8265150398;0.3376263363;0.2625732011;0.2699141276,0.3546353857;0.9781203331;1.218803669;0.5851252029;1.315645181;0.4538598372;0.2241414152;2.064668323;0.5023771293;1.368663091;1.731770293;1.687095206,6.998378378;14.97189189;14.14594595;8.74972973;16.47135135;8.235945946;6.41;21.68891892;8.312972973;17.59864865;21.83324324;19.23648649,0.1000646872;0.245058797;0.3063479493;0.1646257665;0.3203773805;0.1227874857;0.06475869538;0.3749884089;0.143109593;0.3436454086;0.3412055523;0.3661452568,0.2367567568;0.09945945946;0.08459459459;0.1810810811;0.07891891892;0.2;0.2413513514;0.03864864865;0.1908108108;0.06864864865;0.04405405405;0.05837837838,0.3546353857;11.20924899;23.77266785;3.362003246;23.92645301;0.7770188607;0.2241414152;23.94004968;1.83327981;23.98524038;23.97186527;23.99342604
Conservative-AoI Safe,2,6,410.657027027027,19.57162162162162,19.267635135135134,36.0,58.0,49.87747747747748,0.0366891891891891,0.0084234234234234,0.1511486486486486,0.057027027027027,0.8350370770195009,28.0,106.0,0.0,0,11100,0.1657003157737233,0.328204404756623,23.438837398907665,0.4064864864864865,True,True,0.6600953202;0.4082536129;0.95;0.8542797728;0.5796663152;0.95;0.7238759829;0.298421524;0.95;0.3698913443;0.95;0.5870736138,0.6992694381;1.146768836;0.2551559305;0.4699577518;0.8105930222;0.2156180293;0.6208604762;1.535216558;0.2628816135;1.257463669;0.2571157349;0.7995478023,11.26135135;18.32621622;6.607837838;8.022432432;13.33405405;6.572432432;11.43675676;19.57162162;5.820810811;19.01891892;6.227567568;11.75432432,0.1774632439;0.2625170823;0.06792664637;0.1271426242;0.1910370582;0.05909099505;0.1416233086;0.3282044048;0.07033859388;0.2847985282;0.0708110632;0.2074502406,0.1243243243;0.06864864865;0.2281081081;0.2027027027;0.1102702703;0.2272972973;0.1378378378;0.05702702703;0.2324324324;0.06486486486;0.2340540541;0.1262162162,5.18831101;14.77568324;0.2551559305;1.239493021;7.7906744;0.2156180293;3.492046667;23.21431201;0.2628816135;23.4388374;0.2571157349;7.19231264
Conservative-AoI Safe,2,7,446.5356756756757,28.97243243243243,24.9164054054054,41.0,68.0,59.36216216216216,0.0512387387387387,0.0157657657657657,0.1568018018018018,0.0324324324324324,0.7938494583418011,26.0,221.0,0.0187387387387387,208,11100,0.1831226539456448,0.3777116559209018,23.988633418940648,0.4064864864864865,True,True,0.95;0.8194645516;0.5139536145;0.1957148488;0.2668165055;0.95;0.9166527097;0.2817874583;0.4060368001;0.95;0.95;0.8957240492,0.2129344738;0.5105004868;0.9182376412;2.309972111;1.705631049;0.2143947682;0.3910280632;1.619983796;1.152645744;0.2643493157;0.2202876177;0.4190042049,6.783243243;7.4;13.60621622;28.97243243;19.78810811;7.09027027;6.978378378;21.59783784;15.43945946;6.397027027;6.164864865;6.911351351,0.05737720822;0.135903508;0.2399826484;0.3777116559;0.3392822843;0.05782864288;0.1086423916;0.3480775995;0.2813078667;0.07287467621;0.06150192138;0.1169814442,0.2264864865;0.1910810811;0.1016216216;0.03243243243;0.05081081081;0.2243243243;0.2240540541;0.05540540541;0.08513513514;0.2318918919;0.2397297297;0.2186486486,0.2129344738;1.947006816;14.70184216;23.98863342;23.90135888;0.2143947682;0.3910280632;23.91909259;23.75318401;0.2643493157;0.2202876177;0.6090462544
Conservative-AoI Safe,2,8,525.6235135135136,28.32918918918919,26.07954054054054,46.0,77.0,65.32747747747747,0.0661486486486486,0.0226351351351351,0.1399774774774775,0.0313513513513513,0.7348740790155692,30.0,173.0,0.0397297297297297,441,11100,0.2184440889974019,0.3885796794924137,23.998591499903405,0.4064864864864865,True,True,0.924502767;0.7675714746;0.2938168902;0.223720696;0.8564804989;0.95;0.4732619221;0.198994158;0.3554966144;0.365156396;0.95;0.8950142286,0.3798996382;0.5699618165;1.557699888;2.021057334;0.4673466129;0.2347890628;0.9960890923;2.271318822;1.304697623;1.272612991;0.2590903055;0.4199186836,6.420540541;8.626216216;21.99486486;24.23891892;7.775945946;6.471891892;14.11864865;28.32918919;16.89135135;19.30216216;5.892972973;6.626756757,0.1069879522;0.1594352649;0.3553239745;0.3670677104;0.1259309657;0.06694661116;0.2444456475;0.3885796795;0.3057223889;0.3016436737;0.07576640824;0.1234787913,0.2310810811;0.1727027027;0.05108108108;0.04108108108;0.2027027027;0.2391891892;0.09648648649;0.03135135135;0.06783783784;0.06783783784;0.2494594595;0.2289189189,0.3798996382;3.059312698;23.93099665;23.97903202;1.275505967;0.2347890628;15.89049459;23.9985915;17.58925483;23.96055074;0.2590903055;0.6987802543
Conservative-AoI Safe,2,9,593.3021621621622,28.35783783783784,26.658486486486485,50.0,78.0,65.99414414414414,0.0838513513513513,0.0268693693693693,0.1256531531531531,0.0324324324324324,0.6711608109120999,34.0,122.0,0.0590990990990991,656,11100,0.2477365659759202,0.3925611447332256,23.992090099877743,0.4064864864864865,True,True,0.3257577326;0.6871221964;0.2523803769;0.1963495047;0.5437054116;0.2493362779;0.95;0.4363495231;0.95;0.6652629851;0.95;0.2127973752,1.414897118;0.6652565043;1.798374164;2.302374716;0.8671448273;1.819394726;0.209506079;1.076896197;0.2790122724;0.6926602831;0.247425482;2.123503268,19.20837838;9.915405405;24.42918919;28.35783784;12.96;23.52135135;5.487297297;12.78108108;6.146486486;9.669189189;5.71027027;25.26810811,0.3208374816;0.1877102136;0.3577306446;0.388914648;0.2355352842;0.3801059793;0.06307831675;0.2869782838;0.08189387238;0.201994715;0.07549820788;0.3925611447,0.0572972973;0.1627027027;0.0372972973;0.03243243243;0.1064864865;0.04297297297;0.2643243243;0.1013513514;0.2459459459;0.1559459459;0.2659459459;0.03513513514,23.95563771;6.766156103;23.95122493;23.9920901;9.275751719;23.98789452;0.209506079;16.33722505;0.2790122724;4.682564529;0.247425482;23.98713727
Conservative-AoI Safe,2,10,616.17,30.91675675675676,27.137810810810805,52.0,87.0,72.33333333333333,0.0921846846846846,0.0332207207207207,0.0990315315315315,0.0364864864864864,0.7084215488795836,40.599999999999454,140.0,0.0804504504504504,893,11100,0.3027058758247185,0.3980505760902493,23.99589222785445,0.4064864864864865,True,True,0.2210551088;0.5230742899;0.4621770162;0.8877431859;0.3493760462;0.4491418585;0.5565464418;0.34857734;0.2223217792;0.6900300697;0.2104662511;0.2177243916,2.045012567;0.9021077578;1.019211399;0.4291816563;1.325898395;1.047619095;0.8463561798;1.328717478;2.03354937;0.6616731043;2.146920017;2.075867389,20.74702703;14.43432432;14.73297297;6.853783784;20.82135135;12.72918919;11.99378378;16.79675676;21.79108108;8.770810811;24.04594595;30.91675676,0.3835780328;0.2572226174;0.2776662406;0.1335102936;0.3189323165;0.3106049046;0.2408683939;0.3397207391;0.3885728121;0.202793865;0.3980505761;0.3809497182,0.04918918919;0.1027027027;0.1024324324;0.2613513514;0.06648648649;0.1072972973;0.1318918919;0.07054054054;0.04459459459;0.1767567568;0.03864864865;0.03648648649,23.99589223;11.0548017;15.51870778;0.8669065008;23.60644381;18.0571447;10.72975393;23.99024183;23.98993502;5.495135191;23.99540412;23.99321517
Conservative-AoI Safe,2,11,528.4975675675676,32.32,25.78228378378377,47.0,77.0,64.49144144144144,0.0721396396396396,0.0236936936936936,0.1178378378378378,0.0286486486486486,0.7571002040483079,35.0,127.0,0.0136936936936936,152,11100,0.2471733931630335,0.3748053163706071,23.995356387257196,0.4064864864864865,True,True,0.95;0.2935060875;0.6227889451;0.4312530983;0.6153269509;0.4183303984;0.9434799305;0.4987828682;0.6260188518;0.4351735249;0.2492611008;0.2092716103,0.3358641596;1.559243329;0.7487311135;1.088976442;0.7590395275;1.120756955;0.3508668233;0.9460759936;0.7443154627;1.079661914;1.819920828;2.159149808,6.349189189;18.49918919;10.40432432;14.4072973;12.37972973;17.86918919;6.285135135;14.85783784;12.22;14.10054054;20.43324324;32.32,0.09694673581;0.3480905377;0.2080258337;0.2816622852;0.1918113401;0.2880648281;0.1047859026;0.2385645681;0.1878893627;0.2888825122;0.3748053164;0.3565514953,0.2497297297;0.06459459459;0.1610810811;0.08648648649;0.1272972973;0.0772972973;0.2386486486;0.1;0.1367567568;0.09594594595;0.04756756757;0.02864864865,0.3358641596;23.99535639;5.867008951;16.93543462;7.939830077;18.74346559;0.3508668233;13.65189984;6.597678329;18.6305336;23.9585749;23.98724712
Conservative-AoI Safe,2,12,528.2302702702702,20.75189189189189,20.59491891891892,42.0,66.0,56.63288288288288,0.0541441441441441,0.0131981981981981,0.1098198198198198,0.0451351351351351,0.7501392665555561,35.0,154.0,0.0187387387387387,208,11100,0.267761432759322,0.3790131211001872,23.99343390392377,0.4064864864864865,True,True,0.2277146089;0.9318683167;0.4490225566;0.364868936;0.3264467419;0.2532754659;0.5108922966;0.7249468559;0.885090931;0.3371942215;0.4510893652;0.3770521179,1.986329388;0.369039043;1.047885528;1.273544601;1.412123145;1.792296255;0.9237509324;0.6195927545;0.4325165816;1.370290719;1.043286736;1.235229773,20.46648649;6.061081081;13.97324324;16.49486486;16.57081081;20.75189189;12.16675676;9.269459459;7.161351351;17.57513514;14.81351351;15.99162162,0.3790131211;0.1071210628;0.2968064956;0.3132231317;0.330513147;0.36717853;0.2439201786;0.1672900437;0.1251960159;0.3185000049;0.2549003269;0.3094751349,0.04864864865;0.2467567568;0.09837837838;0.07702702703;0.07108108108;0.04513513514;0.1140540541;0.1735135135;0.2148648649;0.06243243243;0.08648648649;0.07945945946,23.9934339;0.369039043;23.95484878;19.58570423;23.951635;23.99199887;11.39876958;4.172262336;0.8552321429;23.07686169;16.48216841;23.87965045
Conservative-AoI Safe,2,13,400.03135135135136,23.997297297297298,21.100432432432427,36.0,57.0,49.72702702702703,0.0347297297297297,0.0079729729729729,0.1536036036036036,0.04,0.847692143722678,27.0,117.0,0.0091891891891891,102,11100,0.1731538198255024,0.3581485468913006,23.96104275843613,0.4064864864864865,True,True,0.931036637;0.7159624459;0.6775674106;0.3509019354;0.95;0.7562371291;0.2357345475;0.5713184825;0.95;0.8385292043;0.9458583108;0.3749843981,0.3702883284;0.6302691506;0.6771299559;1.320546841;0.2764601871;0.5830294735;1.920506701;0.8232731646;0.2265612916;0.488449848;0.3469497415;1.241568686,7.879459459;9.762972973;11.44405405;18.73027027;6.621351351;8.99972973;23.9972973;11.87837838;5.847027027;8.09972973;7.454054054;16.2327027,0.09597473161;0.1640403222;0.1625111894;0.2876650686;0.07733413342;0.1528482674;0.3581485469;0.2220612482;0.06545784344;0.1338616611;0.08345547835;0.2744873474,0.1975675676;0.1510810811;0.1389189189;0.06648648649;0.2302702703;0.1662162162;0.04;0.1197297297;0.2478378378;0.2051351351;0.2075675676;0.07243243243,0.3702883284;3.85403726;5.388339205;18.0985926;0.2764601871;3.66058947;23.96104276;8.958555951;0.2265612916;1.372948328;0.3469497415;16.51451109
Conservative-AoI Safe,2,14,562.282972972973,23.82864864864865,23.09967567567568,45.0,74.0,62.42117117117117,0.0679729729729729,0.0195945945945945,0.1073198198198198,0.04,0.7788617472867205,37.0,161.0,0.0239639639639639,266,11100,0.2657316925752366,0.3870781902965755,23.992616529652224,0.4064864864864865,True,True,0.3969158517;0.64914127;0.685168137;0.2123384503;0.8391928019;0.2547057577;0.6450583303;0.3536782427;0.3495021855;0.2638904463;0.8142278578;0.4332858251,1.177446822;0.7134614509;0.6676722331;2.128067317;0.4876767217;1.782678959;0.7188179662;1.310923092;1.325454306;1.723560971;0.5165166625;1.084128614,13.67567568;10.85972973;10.00189189;23.82864865;7.805945946;22.50324324;11.02675676;20.14486486;18.17243243;22.47243243;7.616486486;14.54783784,0.3105913778;0.2072894756;0.1869482253;0.3870781903;0.14261249;0.3618356482;0.2037946072;0.3082440784;0.3123773392;0.352631258;0.1443454673;0.2710321536,0.09027027027;0.1445945946;0.1454054054;0.04;0.207027027;0.04945945946;0.1354054054;0.06108108108;0.06783783784;0.04756756757;0.2072972973;0.09189189189,22.38808558;8.484612233;6.021116895;23.99261653;2.065857713;23.98452285;6.68926712;23.87553954;23.86544642;23.94351182;1.681683287;16.30321536
Conservative-AoI Safe,2,15,492.8116216216216,32.17621621621622,26.11045945945945,43.0,79.0,64.20585585585586,0.0571171171171171,0.0203378378378378,0.1365765765765765,0.0283783783783783,0.7972033696648303,30.0,167.0,0.0344144144144144,382,11100,0.2251519186741067,0.3762824417186147,23.995177066505278,0.4064864864864865,True,True,0.95;0.6682774533;0.3936552323;0.8783623152;0.2542081145;0.6112416568;0.1961261937;0.2603661895;0.4858854259;0.9440218225;0.777121657;0.6438927182,0.2609434761;0.6888292002;1.186565108;0.4408835581;1.786011998;0.7647485898;2.305041448;1.74572184;0.9708198352;0.349980936;0.5589976316;0.7203540735,6.098378378;8.488918919;15.56;8.27027027;21.14756757;9.588918919;32.17621622;20.69405405;12.28351351;6.37027027;9.728108108;11.54918919,0.07327574909;0.1971540873;0.3004895962;0.1161787754;0.3639602829;0.2137162275;0.3762824417;0.3746224704;0.2671066466;0.09619746269;0.142166695;0.1806725893,0.2427027027;0.1762162162;0.08594594595;0.2056756757;0.04972972973;0.1567567568;0.02837837838;0.05324324324;0.1164864865;0.2324324324;0.16;0.1313513514,0.2609434761;3.177121202;23.63421114;0.8088355806;23.99257965;6.600726027;23.99157501;23.99517707;11.29967604;0.349980936;3.17494079;6.807081471
Conservative-AoI Safe,2,16,556.8778378378379,28.252432432432432,27.598824324324323,47.0,80.0,66.40225225225225,0.0741891891891892,0.0249549549549549,0.1260810810810811,0.0313513513513513,0.7372252202811062,33.0,173.0,0.0678378378378378,753,11100,0.2614079967369656,0.3918633032991593,23.99902324858777,0.4064864864864865,True,True,0.3932789834;0.7735119064;0.901603995;0.8416273572;0.2260479039;0.7045979448;0.6624829137;0.1982197585;0.7522839954;0.3841282698;0.2247729528;0.2144342016,1.187626136;0.5631378354;0.4113518347;0.4848363331;2.00065631;0.6439160289;0.6962092138;2.280313362;0.5876051337;1.214015836;2.011774821;2.107404393,17.98;8.705675676;6.399459459;7.601081081;19.9927027;8.282162162;9.48972973;28.25243243;7.955135135;14.30810811;27.06405405;21.91,0.2901659532;0.1744205296;0.1229608457;0.1310368468;0.3741768018;0.1844732407;0.205663965;0.390734776;0.1756462913;0.323846927;0.3719064804;0.3918633033,0.07459459459;0.1897297297;0.2421621622;0.2035135135;0.04297297297;0.1821621622;0.1648648649;0.03135135135;0.2045945946;0.09189189189;0.04054054054;0.04459459459,19.4719602;3.989032379;0.5362220164;1.75738133;23.72076106;3.258740433;6.027975062;23.99666332;3.86533861;19.63449091;23.98856908;23.99902325
Conservative-AoI Safe,2,17,471.8951351351352,28.834864864864866,28.783283783783784,47.0,74.0,63.75495495495496,0.0705855855855855,0.0236711711711711,0.150045045045045,0.03,0.7636203505992966,28.0,130.0,0.0188288288288288,209,11100,0.1994413591711962,0.3729401364652551,23.994171082599262,0.4064864864864865,True,True,0.6058267012;0.4606290406;0.8627452041;0.95;0.8920394043;0.9329954481;0.2434414901;0.2237143759;0.7874097494;0.2072792387;0.95;0.5223938409,0.772389876;1.022513998;0.4598691245;0.2139841101;0.4237308779;0.3673358894;1.861711545;2.021113381;0.5472165522;2.179902851;0.241873434;0.9032962107,12.87108108;14.66378378;6.297837838;5.348378378;7.214594595;6.576216216;21.72810811;28.74108108;8.583513514;28.83486486;6.647567568;13.70702703,0.1962287793;0.2354545747;0.1306276892;0.06627724059;0.1196753426;0.1038468487;0.365297995;0.3414042873;0.1536643237;0.3729401365;0.06569805437;0.2421810381,0.1245945946;0.09405405405;0.2291891892;0.2594594595;0.2191891892;0.2386486486;0.0472972973;0.03;0.1886486486;0.03081081081;0.2308108108;0.1078378378,7.103017768;9.737709971;0.9388221208;0.2139841101;0.7085014131;0.3673358894;23.98376976;23.98234934;2.355464836;23.99417108;0.241873434;11.58899769
Conservative-AoI Safe,2,18,416.0251351351352,23.914594594594597,22.337729729729727,39.0,64.0,54.10225225225225,0.0440315315315315,0.0129954954954954,0.1613063063063063,0.0402702702702702,0.8136045246690369,27.0,129.0,0.0078378378378378,87,11100,0.1783371782144523,0.3729301560657725,23.98673379808753,0.4064864864864865,True,True,0.95;0.2298402862;0.2514208534;0.95;0.8064515181;0.2889292384;0.86964094;0.95;0.4229897239;0.9113191376;0.93510967;0.8418183031,0.2641897105;1.968390267;1.804941085;0.3377909827;0.5254308787;1.582364629;0.451552802;0.2372894534;1.10910177;0.3983676074;0.3641087485;0.4846132827,6.495675676;23.91459459;21.04756757;6.401351351;9.140810811;19.93810811;7.624054054;6.391621622;17.25783784;6.696486486;7.231891892;8.567297297,0.07368750843;0.3729301561;0.3487926691;0.09339464197;0.1374640785;0.3275922448;0.1236278347;0.0666334438;0.2628870953;0.1051905817;0.09870299317;0.129142891,0.2343243243;0.04027027027;0.04594594595;0.2337837838;0.1827027027;0.05513513514;0.1959459459;0.2332432432;0.07837837838;0.2205405405;0.2175675676;0.1978378378,0.2641897105;23.9867338;23.92352712;0.3377909827;2.030601423;22.82965721;1.121739228;0.2372894534;13.5457478;0.3983676074;0.3641087485;1.33074611
Conservative-AoI Safe,2,19,584.042972972973,27.238108108108108,27.150405405405404,45.0,75.0,62.77387387387388,0.0679729729729729,0.0203378378378378,0.1030855855855855,0.0327027027027027,0.7398270870370722,39.0,142.0,0.0399099099099099,443,11100,0.284875533038205,0.3855199284083199,23.99895219535323,0.4064864864864865,True,True,0.8339118425;0.4218873338;0.3658373363;0.3670076204;0.481511622;0.1930715746;0.2120595117;0.3057773787;0.5446939528;0.4653449839;0.3623629999;0.8770434254,0.4938172966;1.111838862;1.270411673;1.266646367;0.9794527448;2.342239302;2.1308523;1.500722279;0.8655191693;1.012509865;1.281724896;0.4425090154,6.783783784;15.9427027;17.38459459;14.09162162;14.14891892;27.07864865;27.23810811;17.34378378;11.44567568;11.81891892;15.69864865;6.853513514,0.1542845391;0.263836357;0.3176029182;0.3286433818;0.2551871476;0.3855199284;0.3824016019;0.3605789475;0.2561468893;0.2802189463;0.3093460357;0.1247397035,0.2264864865;0.08378378378;0.07189189189;0.08648648649;0.1018918919;0.03324324324;0.0327027027;0.06297297297;0.1313513514;0.107027027;0.07405405405;0.2251351351,1.713442152;18.69068245;23.65540386;23.73256196;12.88631862;23.98423767;23.99687649;23.9989522;12.03797923;15.73776635;15.922795;0.8250901542
Conservative-AoI Safe,4,0,548.69,27.45783783783784,25.785837837837835,46.0,72.0,61.51216216216216,0.0720045045045045,0.0209909909909909,0.1490315315315315,0.0362162162162162,0.7728191272336369,32.0,131.0,0.0134234234234234,149,11100,0.2030606179740331,0.3706970493161807,23.97524390598793,0.4064864864864865,True,True,0.95;0.2315765095;0.95;0.8081176242;0.6281327393;0.795200025;0.3394136806;0.9476946562;0.5005847781;0.95;0.23436609;0.2528380647,0.3369544871;1.95400716;0.2191119648;0.5235225351;0.7414402559;0.5383055036;1.361973486;0.3438720469;0.9427001774;0.2738400263;1.931388168;1.795260579,8.066486486;27.45783784;8.523243243;10.14486486;14.07621622;10.2;19.08783784;8.603513514;16.08351351;8.036756757;24.41783784;23.74756757,0.09635076956;0.3443277481;0.06484529768;0.1504066094;0.1883659029;0.1552356682;0.3114133971;0.09433246691;0.2313437192;0.07497295855;0.3544358287;0.3706970493,0.2413513514;0.03621621622;0.2397297297;0.2097297297;0.1321621622;0.1935135135;0.06621621622;0.2286486486;0.1035135135;0.2378378378;0.04486486486;0.05459459459,0.3369544871;23.97212887;0.2191119648;2.376360562;7.91168563;4.549165108;19.40144321;0.3438720469;14.93830515;0.2738400263;23.97524391;23.95828954
Conservative-AoI Safe,4,1,684.8383783783784,34.45216216216216,31.910567567567565,60.0,96.0,80.46171171171171,0.1210585585585585,0.0479729729729729,0.1298873873873874,0.0305405405405405,0.6295122698366948,38.0,162.0,0.049009009009009,544,11100,0.2614410424532326,0.3803005318514754,23.997222626509235,0.4064864864864865,True,True,0.5605092249;0.2181252996;0.2316669551;0.3707979081;0.95;0.95;0.2020086086;0.95;0.325972712;0.8362721814;0.2993435181;0.2334007936,0.8400796556;2.072097608;1.953264399;1.254604531;0.2976063768;0.2276934429;2.237061952;0.2579608484;1.414030367;0.4910760745;1.530799061;1.939147999,13.84162162;27.19351351;29.83108108;20.29810811;7.412702703;6.061351351;34.45216216;7.735945946;20.44810811;9.675135135;19.85162162;26.08243243,0.2336329637;0.3729775695;0.3531713197;0.3170419558;0.09523404056;0.07796961952;0.3803005319;0.07843404174;0.3515967399;0.1462610363;0.3533249723;0.3773477187,0.1272972973;0.04189189189;0.03702702703;0.08108108108;0.2745945946;0.3005405405;0.03054054054;0.2645945946;0.07081081081;0.2178378378;0.06702702703;0.04540540541,9.641672768;23.98614739;23.99722263;23.9835314;0.2976063768;0.2276934429;23.98598247;0.2579608484;23.96809531;1.766141118;23.9947239;23.99188396
Conservative-AoI Safe,4,2,574.1510810810811,28.833513513513516,27.78301351351351,47.0,73.0,63.39414414414414,0.0781306306306306,0.0215315315315315,0.1370945945945946,0.0329729729729729,0.7748523200291911,35.0,160.0,0.0199099099099099,221,11100,0.2252100527929704,0.3669980959567927,23.988732319450108,0.4064864864864865,True,True,0.2983974043;0.4720337023;0.7619171253;0.95;0.6042558466;0.7527600943;0.6803453125;0.2438339011;0.7053294905;0.1925045361;0.95;0.2931742638,1.535332493;0.9986066978;0.5764720931;0.328976203;0.7746227687;0.5870535051;0.6736618433;1.858825842;0.6430324214;2.34929577;0.2710575607;1.560894842,22.57108108;14.06243243;10.58378378;7.47027027;12.75675676;10.29864865;11.39162162;26.92351351;12.18162162;28.83351351;7.591621622;21.79108108,0.3203450499;0.249111887;0.1663978907;0.09967089825;0.2074732875;0.1653269601;0.1846197592;0.3501625978;0.1718808283;0.366998096;0.0805114214;0.3400219574,0.05621621622;0.1216216216;0.1913513514;0.2486486486;0.1337837838;0.1764864865;0.1718918919;0.04027027027;0.1551351351;0.03297297297;0.2562162162;0.06054054054,23.10664986;10.96516744;3.400025583;0.328976203;8.267078142;3.205802577;5.599575023;23.97651684;4.961875378;23.98873232;0.2710575607;23.97548019
Conservative-AoI Safe,4,3,695.9278378378378,33.042972972972976,29.561175675675678,58.0,98.0,80.08333333333333,0.1154279279279279,0.044009009009009,0.1122072072072072,0.0421621621621621,0.6356991482664646,40.0,225.0,0.0612612612612612,680,11100,0.302371476680485,0.3801959347089935,23.995525753251982,0.4064864864864865,True,True,0.2469621281;0.8215561338;0.8932287906;0.3220866759;0.225348274;0.2465631425;0.4834834838;0.2778755806;0.2645088005;0.3014458345;0.9387067142;0.2969367479,1.836175919;0.5080937316;0.4222105672;1.429873819;2.006740312;1.839030251;0.9755450403;1.641436133;1.719737046;1.520828652;0.3585144156;1.542388958,24.34054054;8.04972973;7.80972973;16.90162162;26.71243243;33.04297297;14.75243243;20.61243243;23.66783784;21.33756757;7.177027027;22.3072973,0.3657463924;0.1616287357;0.1388730433;0.3721536453;0.3801959347;0.3598534869;0.2705160031;0.3784175733;0.3755533873;0.369520259;0.1137556551;0.342243604,0.04621621622;0.2313513514;0.2683783784;0.08054054054;0.04351351351;0.04216216216;0.1178378378;0.06486486486;0.05756756757;0.06837837838;0.2645945946;0.06108108108,23.99174042;2.669968363;0.7553690757;23.98990552;23.94375589;23.98060501;16.58161234;23.99552575;23.98685229;23.99540734;0.3585144156;23.98689084
Conservative-AoI Safe,4,4,631.4678378378378,29.155945945945945,26.581945945945943,49.0,74.0,64.85315315315316,0.0890990990990991,0.0229729729729729,0.1051126126126126,0.0429729729729729,0.8249508041843677,42.0,167.0,0.0119819819819819,133,11100,0.2760890076114998,0.3739779661202614,23.99435271315601,0.4064864864864865,True,True,0.662118963;0.6741961796;0.3640876;0.2460798207;0.2372011855;0.4128728207;0.5024050881;0.4159209977;0.2309431598;0.4380235493;0.7287104513;0.5641011845,0.6966749552;0.6813572012;1.27608378;1.842501298;1.908996959;1.13470463;0.9393093506;1.126874486;1.959226317;1.072981387;0.6151471375;0.8344446437,11.38405405;11.08081081;19.11540541;21.17162162;29.15594595;15.74216216;15.09459459;17.34432432;24.47594595;19.21324324;11.53081081;11.51675676,0.2110736824;0.195936233;0.2903952819;0.3739779661;0.3580659161;0.3088236656;0.2569138008;0.2689270733;0.3690758765;0.2656353921;0.1747350382;0.2395081653,0.1740540541;0.1718918919;0.07297297297;0.0472972973;0.04297297297;0.09864864865;0.1210810811;0.0872972973;0.04432432432;0.08378378378;0.1689189189;0.1481081081,9.003573701;6.589858426;23.91719438;23.98007268;23.96857122;19.41286856;15.10066182;18.11996712;23.99435271;20.35434856;4.487795612;9.592226805
Conservative-AoI Safe,4,5,606.3375675675676,33.925135135135136,29.115310810810804,47.0,86.0,70.76936936936937,0.0765315315315315,0.0273873873873873,0.1321846846846847,0.0354054054054054,0.7493748313397816,36.0,349.0,0.0149549549549549,166,11100,0.2368819720722005,0.3574817949147475,23.98545587854392,0.4064864864864865,True,True,0.9411489522;0.4821824971;0.3825098869;0.7544254172;0.3523107703;0.8677360717;0.95;0.2189202535;0.8265150398;0.3376263363;0.2625732011;0.2699141276,0.3546353857;0.9781203331;1.218803669;0.5851252029;1.315645181;0.4538598372;0.2241414152;2.064668323;0.5023771293;1.368663091;1.731770293;1.687095206,8.063243243;15.99513514;16.83918919;10.09918919;17.78135135;10.24918919;7.547297297;33.92513514;9.644054054;17.75972973;25.18;21.28324324,0.1017899404;0.2514033613;0.296136351;0.1696863088;0.3178883221;0.1265900951;0.06603084935;0.3521096518;0.1484049195;0.3377268655;0.317335205;0.3574817949,0.2467567568;0.1089189189;0.08405405405;0.192972973;0.08081081081;0.1997297297;0.2472972973;0.03540540541;0.2043243243;0.07972972973;0.04405405405;0.06216216216,0.3546353857;12.36548966;16.77607338;4.102504057;23.92241988;1.315617233;0.2241414152;23.98545588;2.140411198;23.98524038;23.97186527;23.94499659
Conservative-AoI Safe,4,6,482.7089189189189,24.46216216216216,22.95263513513513,41.0,67.0,56.92972972972973,0.0527702702702702,0.0142792792792792,0.1574774774774774,0.0537837837837837,0.8366778497393721,30.0,113.0,0.0,0,11100,0.1618747186697499,0.2900314524966847,23.955553877042814,0.4064864864864865,True,True,0.6600953202;0.4082536129;0.95;0.8542797728;0.5796663152;0.95;0.7238759829;0.298421524;0.95;0.3698913443;0.95;0.5870736138,0.6992694381;1.146768836;0.2551559305;0.4699577518;0.8105930222;0.2156180293;0.6208604762;1.535216558;0.2628816135;1.257463669;0.2571157349;0.7995478023,13.3027027;19.20702703;7.625945946;10.1972973;14.87027027;8.21972973;12.97756757;24.46216216;7.123783784;21.71756757;7.645405405;13.93243243,0.1821880374;0.2591077695;0.07185742692;0.1284127803;0.190817979;0.05810031762;0.1471607129;0.2900314525;0.07453048988;0.2705246163;0.07268731315;0.1970777286,0.1327027027;0.07621621622;0.2386486486;0.1997297297;0.1191891892;0.2245945946;0.1510810811;0.05378378378;0.2497297297;0.06405405405;0.2464864865;0.1335135135,5.786849886;17.12398462;0.2551559305;1.309450773;8.611860445;0.2156180293;3.838070001;23.95555388;0.2628816135;20.92391006;0.2571157349;8.390503849
Conservative-AoI Safe,4,7,515.092972972973,30.957027027027028,27.67352702702702,45.0,72.0,61.82612612612613,0.0668243243243243,0.0196846846846846,0.1619594594594594,0.0291891891891891,0.793245157690639,30.0,129.0,0.0121621621621621,135,11100,0.1779185352418459,0.3439985494420103,23.96893146827166,0.4064864864864865,True,True,0.95;0.8194645516;0.5139536145;0.1957148488;0.2668165055;0.95;0.9166527097;0.2817874583;0.4060368001;0.95;0.95;0.8957240492,0.2129344738;0.5105004868;0.9182376412;2.309972111;1.705631049;0.2143947682;0.3910280632;1.619983796;1.152645744;0.2643493157;0.2202876177;0.4190042049,8.367837838;8.416216216;14.73918919;30.95702703;24.98702703;8.398918919;8.58972973;22.53675676;17.65108108;8.207297297;7.609459459;8.401081081,0.05829800594;0.137283239;0.2365082357;0.3439985494;0.3328285452;0.05829219914;0.1118128894;0.3213697585;0.2747658233;0.07466082024;0.06346664878;0.1217377082,0.2289189189;0.2127027027;0.1145945946;0.02918918919;0.04783783784;0.2289189189;0.2294594595;0.05432432432;0.09054054054;0.2359459459;0.2410810811;0.23,0.2129344738;1.326005842;9.282990466;23.96701583;23.96893147;0.2143947682;0.3910280632;23.8391574;19.07408083;0.2643493157;0.2202876177;0.6470546643
Conservative-AoI Safe,4,8,597.3686486486487,34.87243243243243,29.550513513513508,50.0,82.0,68.96621621621621,0.0887387387387387,0.0277927927927927,0.1465315315315315,0.0294594594594594,0.7245829235218505,33.0,208.0,0.0221621621621621,246,11100,0.2123257735575531,0.3873519395888041,23.990781020922164,0.4064864864864865,True,True,0.924502767;0.7675714746;0.2938168902;0.223720696;0.8564804989;0.95;0.4732619221;0.198994158;0.3554966144;0.365156396;0.95;0.8950142286,0.3798996382;0.5699618165;1.557699888;2.021057334;0.4673466129;0.2347890628;0.9960890923;2.271318822;1.304697623;1.272612991;0.2590903055;0.4199186836,7.530540541;10.45891892;21.5072973;34.87243243;9.605675676;7.518648649;16.49756757;25.19621622;20.79945946;21.57675676;7.318648649;7.634594595,0.1105815974;0.1617459209;0.3288009764;0.3310164174;0.1297202625;0.07145202291;0.2379845291;0.3873519396;0.2986699693;0.2837583019;0.07744699401;0.1293803512,0.2408108108;0.1764864865;0.05189189189;0.02945945946;0.2083783784;0.2651351351;0.1016216216;0.03918918919;0.06675675676;0.07405405405;0.2581081081;0.2464864865,0.3798996382;3.289350881;23.46939754;23.97903202;1.410199193;0.2347890628;14.69049459;23.99078102;21.38790491;23.77587551;0.2590903055;0.6390242034
Conservative-AoI Safe,4,9,671.7291891891892,32.28567567567568,31.592527027027025,55.0,86.0,73.64414414414415,0.1049099099099099,0.0379504504504504,0.1307432432432432,0.0324324324324324,0.6765757086813083,37.0,140.0,0.0466666666666666,518,11100,0.2444415356003147,0.3787870694794287,23.997363366625898,0.4064864864864865,True,True,0.3257577326;0.6871221964;0.2523803769;0.1963495047;0.5437054116;0.2493362779;0.95;0.4363495231;0.95;0.6652629851;0.95;0.2127973752,1.414897118;0.6652565043;1.798374164;2.302374716;0.8671448273;1.819394726;0.209506079;1.076896197;0.2790122724;0.6926602831;0.247425482;2.123503268,22.20405405;12.5927027;25.73756757;31.02540541;15.37783784;23.31405405;6.635675676;14.76135135;7.092162162;11.29837838;6.824864865;32.28567568,0.3208374816;0.1805182514;0.3611329741;0.3777139062;0.233426013;0.3663375867;0.06545649386;0.278537746;0.08589053466;0.2083597014;0.0763006689;0.3787870695,0.06162162162;0.1583783784;0.04675675676;0.03297297297;0.1124324324;0.04486486486;0.2743243243;0.1059459459;0.2608108108;0.1705405405;0.2678378378;0.03243243243,23.98732506;6.496669111;23.97073496;23.99736337;10.2771862;23.98913103;0.209506079;12.21482013;0.2790122724;5.267885095;0.247425482;23.97981702
Conservative-AoI Safe,4,10,719.66,33.07378378378378,32.506391891891894,60.0,96.0,80.75450450450451,0.1264414414414414,0.0484909909909909,0.1025,0.0313513513513513,0.6921106091051591,44.0,212.0,0.0595495495495495,661,11100,0.2993830235112283,0.3874469754538538,23.99908082385248,0.4064864864864865,True,True,0.2210551088;0.5230742899;0.4621770162;0.8877431859;0.3493760462;0.4491418585;0.5565464418;0.34857734;0.2223217792;0.6900300697;0.2104662511;0.2177243916,2.045012567;0.9021077578;1.019211399;0.4291816563;1.325898395;1.047619095;0.8463561798;1.328717478;2.03354937;0.6616731043;2.146920017;2.075867389,22.46945946;16.88945946;17.06189189;8.248378378;23.15378378;13.8227027;13.49;19.09837838;27.34945946;11.13135135;33.07378378;32.04216216,0.3874469755;0.253077798;0.2815227162;0.1447618127;0.3149904564;0.3171171314;0.240639649;0.3397207391;0.3764814375;0.1997537453;0.3690381434;0.3680456777,0.05324324324;0.1078378378;0.1051351351;0.2797297297;0.07243243243;0.1186486486;0.1340540541;0.07945945946;0.03837837838;0.1767567568;0.03135135135;0.03297297297,23.99077913;16.16955601;23.79899276;0.8085431882;23.67335826;15.37143013;9.929753935;23.98048366;23.9768204;5.895135191;23.99908082;23.99321517
Conservative-AoI Safe,4,11,623.0302702702703,33.123243243243245,30.57124324324324,53.0,85.0,72.27702702702703,0.1019594594594594,0.0341891891891891,0.1233108108108108,0.0313513513513513,0.7394069307982821,38.0,191.0,0.0146846846846846,163,11100,0.2431411873681924,0.3536337252958473,23.996833100852253,0.4064864864864865,True,True,0.95;0.2935060875;0.6227889451;0.4312530983;0.6153269509;0.4183303984;0.9434799305;0.4987828682;0.6260188518;0.4351735249;0.2492611008;0.2092716103,0.3358641596;1.559243329;0.7487311135;1.088976442;0.7590395275;1.120756955;0.3508668233;0.9460759936;0.7443154627;1.079661914;1.819920828;2.159149808,7.724324324;20.20405405;11.99108108;16.89513514;13.75135135;21.64243243;7.740540541;17.24810811;15.7427027;15.33702703;28.48324324;33.12324324,0.1040271154;0.3430335323;0.2100494313;0.2645918437;0.1991965895;0.2720107419;0.1104756349;0.2421443151;0.1896998598;0.2830465019;0.3457849572;0.3536337253,0.2672972973;0.06540540541;0.1689189189;0.08216216216;0.1402702703;0.07567567568;0.2532432432;0.1010810811;0.1497297297;0.1051351351;0.03945945946;0.03135135135,0.3358641596;23.93654319;8.769546724;14.46850529;8.657909132;23.54725036;0.3508668233;14.74405183;7.007886568;21.74918126;23.9968331;23.98724712
Conservative-AoI Safe,4,12,650.8356756756757,28.23405405405405,26.044310810810806,50.0,82.0,69.09504504504504,0.0892792792792792,0.027027027027027,0.1144819819819819,0.0459459459459459,0.7388766795596725,40.0,248.0,0.0154054054054054,171,11100,0.2649462518813839,0.3747183548554257,23.99199887357584,0.4064864864864865,True,True,0.2277146089;0.9318683167;0.4490225566;0.364868936;0.3264467419;0.2532754659;0.5108922966;0.7249468559;0.885090931;0.3371942215;0.4510893652;0.3770521179,1.986329388;0.369039043;1.047885528;1.273544601;1.412123145;1.792296255;0.9237509324;0.6195927545;0.4325165816;1.370290719;1.043286736;1.235229773,28.23405405;7.32;16.74567568;20.72216216;17.83702703;24.2527027;14.2627027;11.08621622;8.388918919;21.71783784;18.93459459;18.4527027,0.3747183549;0.1134047005;0.2987889818;0.3028970943;0.3358563156;0.3560372289;0.2496624142;0.1677924162;0.1313915237;0.3051674466;0.2478510922;0.2957874537,0.05216216216;0.2610810811;0.1010810811;0.07135135135;0.07945945946;0.04594594595;0.1164864865;0.1827027027;0.2297297297;0.06405405405;0.08648648649;0.08324324324,23.98988165;0.369039043;23.91542114;23.65924883;23.98197476;23.99199887;13.3500373;4.611447845;0.9202653062;23.64715241;19.94188882;19.68074432
Conservative-AoI Safe,4,13,476.9262162162162,28.26081081081081,25.170108108108103,43.0,66.0,56.605405405405406,0.05759009009009,0.0145945945945945,0.1591666666666666,0.0362162162162162,0.8419918795161241,30.0,108.0,0.0076576576576576,85,11100,0.1697325386903709,0.3311576419081878,23.93570772236444,0.4064864864864865,True,True,0.931036637;0.7159624459;0.6775674106;0.3509019354;0.95;0.7562371291;0.2357345475;0.5713184825;0.95;0.8385292043;0.9458583108;0.3749843981,0.3702883284;0.6302691506;0.6771299559;1.320546841;0.2764601871;0.5830294735;1.920506701;0.8232731646;0.2265612916;0.488449848;0.3469497415;1.241568686,10.44108108;11.0727027;13.7627027;22.64135135;8.797297297;10.47891892;28.26081081;13.74459459;7.231891892;9.828918919;9.048648649;18.08,0.09927730319;0.1700023277;0.1546418413;0.2644662728;0.07950098354;0.1531634184;0.3311576419;0.2187236543;0.06674373185;0.1354458227;0.08683120557;0.2768362611,0.2078378378;0.1643243243;0.1372972973;0.05702702703;0.2408108108;0.1745945946;0.03621621622;0.127027027;0.2567567568;0.2102702703;0.2135135135;0.08432432432,0.3702883284;4.08430641;5.942599117;19.33695207;0.2764601871;2.962412629;23.93570772;9.781829115;0.2265612916;1.549848024;0.3469497415;16.04706058
Conservative-AoI Safe,4,14,657.3243243243244,30.36243243243243,27.712770270270266,52.0,80.0,68.84144144144145,0.1015990990990991,0.0297747747747747,0.1106756756756756,0.0359459459459459,0.7575556679933321,42.0,137.0,0.0131531531531531,146,11100,0.2622198701997945,0.3755751237201541,23.99598236154755,0.4064864864864865,True,True,0.3969158517;0.64914127;0.685168137;0.2123384503;0.8391928019;0.2547057577;0.6450583303;0.3536782427;0.3495021855;0.2638904463;0.8142278578;0.4332858251,1.177446822;0.7134614509;0.6676722331;2.128067317;0.4876767217;1.782678959;0.7188179662;1.310923092;1.325454306;1.723560971;0.5165166625;1.084128614,16.97297297;12.57243243;11.83756757;30.36243243;9.31;25.54486486;12.92486486;21.90351351;21.20972973;24.58162162;8.135675676;18.05297297,0.2956346209;0.2094105772;0.1885722929;0.3755751237;0.1448531668;0.3444906638;0.2131198132;0.3022209183;0.3070038758;0.3372589575;0.1545362015;0.2739622309,0.09054054054;0.1510810811;0.1456756757;0.03594594595;0.2102702703;0.04378378378;0.14;0.06405405405;0.06945945946;0.04675675676;0.2324324324;0.09810810811,15.92638325;9.911535135;6.291805827;23.99598236;2.241211157;23.90554231;8.845721019;23.88230822;22.66544642;23.98326815;1.914716612;16.61753041
Conservative-AoI Safe,4,15,582.2545945945946,38.16027027027027,30.58127027027026,50.0,85.0,70.12927927927927,0.0833558558558558,0.0278153153153153,0.1410585585585585,0.0232432432432432,0.7856810845184498,33.0,203.0,0.0258558558558558,287,11100,0.2209979410110567,0.3563469481176285,23.998515930325585,0.4064864864864865,True,True,0.95;0.6682774533;0.3936552323;0.8783623152;0.2542081145;0.6112416568;0.1961261937;0.2603661895;0.4858854259;0.9440218225;0.777121657;0.6438927182,0.2609434761;0.6888292002;1.186565108;0.4408835581;1.786011998;0.7647485898;2.305041448;1.74572184;0.9708198352;0.349980936;0.5589976316;0.7203540735,7.245135135;10.37432432;16.90108108;10.18378378;23.58567568;11.97702703;38.16027027;24.38027027;14.94459459;8.137837838;11.59324324;13.04702703,0.07623781017;0.2038562093;0.2905481048;0.1207067687;0.3538234581;0.2075155633;0.3563469481;0.3557498019;0.2618589718;0.100548577;0.1435264189;0.1812566601,0.2562162162;0.1789189189;0.09594594595;0.217027027;0.04918918919;0.1483783784;0.02324324324;0.04783783784;0.1232432432;0.2432432432;0.1694594595;0.14,0.2609434761;4.443608803;15.4760392;0.9314862548;23.99851593;10.61296051;23.96553882;23.98047589;12.95803637;0.349980936;2.466969211;7.447789618
Conservative-AoI Safe,4,16,658.941081081081,34.58216216216216,31.411783783783783,54.0,86.0,73.1545045045045,0.1016891891891891,0.0354279279279279,0.1276801801801802,0.03,0.7269300053969716,37.0,196.0,0.0425225225225225,472,11100,0.257215823400401,0.3833197719772298,23.99959387524919,0.4064864864864865,True,True,0.3932789834;0.7735119064;0.901603995;0.8416273572;0.2260479039;0.7045979448;0.6624829137;0.1982197585;0.7522839954;0.3841282698;0.2247729528;0.2144342016,1.187626136;0.5631378354;0.4113518347;0.4848363331;2.00065631;0.6439160289;0.6962092138;2.280313362;0.5876051337;1.214015836;2.011774821;2.107404393,19.14459459;9.808648649;7.882432432;9.017297297;23.60783784;9.708918919;11.75189189;28.81783784;9.164594595;16.66513514;34.58216216;26.74756757,0.2875981129;0.180812905;0.126407307;0.134312768;0.3649845971;0.1881278992;0.2050994711;0.3765598551;0.1808870939;0.3094099819;0.3490701175;0.383319772,0.07783783784;0.1983783784;0.2405405405;0.2113513514;0.04783783784;0.1883783784;0.167027027;0.03162162162;0.2091891892;0.09135135135;0.03;0.03864864865,21.57928862;5.294135062;0.5589256858;1.75738133;23.71813582;3.814824404;8.397648772;23.99959388;3.776892406;20.75039589;23.97679426;23.99251421
Conservative-AoI Safe,4,17,574.7578378378379,33.99945945945946,33.651472972972975,55.0,91.0,76.1054054054054,0.0999324324324324,0.0376126126126126,0.154054054054054,0.0281081081081081,0.7583771025668656,30.0,174.0,0.0096396396396396,107,11100,0.1941356693056252,0.3540869226155106,23.99805702753309,0.4064864864864865,True,True,0.6058267012;0.4606290406;0.8627452041;0.95;0.8920394043;0.9329954481;0.2434414901;0.2237143759;0.7874097494;0.2072792387;0.95;0.5223938409,0.772389876;1.022513998;0.4598691245;0.2139841101;0.4237308779;0.3673358894;1.861711545;2.021113381;0.5472165522;2.179902851;0.241873434;0.9032962107,14.40648649;16.86162162;7.741081081;6.71972973;8.925675676;7.792972973;30.37351351;33.36675676;9.961891892;33.99945946;8.292162162;15.83108108,0.193306223;0.2296511169;0.1327406014;0.06951591902;0.1216222142;0.1077187676;0.3129688056;0.3414042873;0.1555869765;0.3540869226;0.06713622073;0.2438899769,0.1302702703;0.09675675676;0.2283783784;0.2713513514;0.2210810811;0.2472972973;0.03783783784;0.03162162162;0.1997297297;0.02810810811;0.2364864865;0.1197297297,7.84779752;11.42776596;1.137513366;0.2139841101;0.8034249248;0.3673358894;23.91080781;23.98004086;2.755464836;23.99805703;0.241873434;15.15162569
Conservative-AoI Safe,4,18,506.3072972972973,31.492432432432437,28.265567567567565,46.0,76.0,64.7036036036036,0.0707432432432432,0.0239639639639639,0.1676801801801802,0.0354054054054054,0.8138480765924844,29.0,140.0,0.0036936936936936,41,11100,0.1720993523148505,0.3335623507178892,23.998830160981253,0.4064864864864865,True,True,0.95;0.2298402862;0.2514208534;0.95;0.8064515181;0.2889292384;0.86964094;0.95;0.4229897239;0.9113191376;0.93510967;0.8418183031,0.2641897105;1.968390267;1.804941085;0.3377909827;0.5254308787;1.582364629;0.451552802;0.2372894534;1.10910177;0.3983676074;0.3641087485;0.4846132827,7.74;31.49243243;25.62540541;7.87972973;10.69459459;23.48432432;9.401081081;7.752702703;18.43378378;8.155405405;8.533783784;10.55837838,0.07690062653;0.3335623507;0.3234259295;0.09430759058;0.1377480952;0.3040706084;0.1250923303;0.06753129578;0.2559926789;0.110358594;0.1023440807;0.1338580473,0.2448648649;0.03540540541;0.04756756757;0.2359459459;0.1910810811;0.05783783784;0.207027027;0.2408108108;0.08918918919;0.2308108108;0.2289189189;0.2027027027,0.2641897105;23.99883016;23.4272899;0.3377909827;2.030601423;23.59438646;1.121739228;0.2372894534;14.43664603;0.3983676074;0.3641087485;1.669199241
Conservative-AoI Safe,4,19,671.6281081081081,31.73918918918919,30.198148648648647,52.0,84.0,70.35,0.0962612612612612,0.0298648648648648,0.1078153153153153,0.0316216216216216,0.7340493939537214,41.0,161.0,0.038018018018018,422,11100,0.2823691896035368,0.3848868907590452,23.988562557138888,0.4064864864864865,True,True,0.8339118425;0.4218873338;0.3658373363;0.3670076204;0.481511622;0.1930715746;0.2120595117;0.3057773787;0.5446939528;0.4653449839;0.3623629999;0.8770434254,0.4938172966;1.111838862;1.270411673;1.266646367;0.9794527448;2.342239302;2.1308523;1.500722279;0.8655191693;1.012509865;1.281724896;0.4425090154,8.322702703;16.74783784;21.52540541;18.23081081;14.89918919;28.9372973;31.73918919;19.77432432;13.31972973;14.09432432;18.33972973;7.76027027,0.1562865012;0.2707477878;0.2997484839;0.3231659921;0.2575696002;0.3848868908;0.3668521392;0.3520613346;0.2594218267;0.2815872029;0.3031106172;0.1329918987,0.2313513514;0.09405405405;0.06540540541;0.08621621622;0.1132432432;0.03540540541;0.03162162162;0.06918918919;0.1354054054;0.112972973;0.07540540541;0.2435135135,1.994894042;16.86700473;20.88988015;23.66542842;13.38358234;23.98856256;23.97454718;23.92094609;12.5034984;15.71274662;19.9613975;0.9351983392
Conservative-AoI Safe,8,0,722.6543243243243,34.707297297297295,32.95725675675676,59.0,87.0,75.48198198198199,0.1388963963963964,0.0466891891891891,0.1556081081081081,0.0362162162162162,0.7395178218500994,36.0,133.0,0.006036036036036,67,11100,0.1909085294708754,0.3197504653133024,23.97524390598793,0.4064864864864865,True,True,0.95;0.2315765095;0.95;0.8081176242;0.6281327393;0.795200025;0.3394136806;0.9476946562;0.5005847781;0.95;0.23436609;0.2528380647,0.3369544871;1.95400716;0.2191119648;0.5235225351;0.7414402559;0.5383055036;1.361973486;0.3438720469;0.9427001774;0.2738400263;1.931388168;1.795260579,9.451351351;34.7072973;9.644594595;12.66648649;17.89513514;11.69837838;31.52540541;10.96216216;19.83756757;9.404864865;31.01297297;30.06432432,0.1040005471;0.3110568154;0.06952363423;0.1559248199;0.1879651243;0.1654198264;0.2650326784;0.1002805239;0.2216619336;0.08126387807;0.3090221069;0.3197504653,0.2548648649;0.03756756757;0.2648648649;0.22;0.1351351351;0.2102702703;0.04972972973;0.2448648649;0.1056756757;0.2616216216;0.03621621622;0.04648648649,0.3369544871;23.78815751;0.2191119648;2.129315492;9.277446654;3.166110072;22.68736367;0.3438720469;13.48100532;0.2738400263;23.97524391;23.91469042
Conservative-AoI Safe,8,1,849.9759459459459,39.95648648648648,39.45851351351351,70.0,106.0,90.140990990991,0.1787162162162162,0.0718693693693693,0.1354954954954954,0.0291891891891891,0.5840325795958222,44.0,158.0,0.0271171171171171,301,11100,0.2472669608417436,0.3500699649316442,23.991883957669348,0.4064864864864865,True,True,0.5605092249;0.2181252996;0.2316669551;0.3707979081;0.95;0.95;0.2020086086;0.95;0.325972712;0.8362721814;0.2993435181;0.2334007936,0.8400796556;2.072097608;1.953264399;1.254604531;0.2976063768;0.2276934429;2.237061952;0.2579608484;1.414030367;0.4910760745;1.530799061;1.939147999,17.1127027;39.05108108;32.70648649;26.2472973;8.180810811;7.154594595;39.95648649;8.978648649;24.14432432;11.31297297;24.90351351;30.30054054,0.2404444204;0.3360158284;0.3172734875;0.2865245483;0.1007839973;0.08547734926;0.3500699649;0.08645174379;0.327902177;0.1621878279;0.3297423922;0.3443297933,0.1259459459;0.03081081081;0.03351351351;0.07243243243;0.2921621622;0.332972973;0.02918918919;0.2997297297;0.0672972973;0.2389189189;0.06162162162;0.04135135135,11.92223036;23.98614739;23.94363354;23.93022654;0.2976063768;0.2276934429;23.95592928;0.2579608484;23.9367288;2.585825789;23.86997651;23.99188396
Conservative-AoI Safe,8,2,745.9008108108109,37.317567567567565,33.879324324324315,59.0,93.0,78.66936936936936,0.1323648648648648,0.0456756756756756,0.1433783783783783,0.0351351351351351,0.7571550727613999,39.0,153.0,0.0125225225225225,139,11100,0.2193072827154797,0.3517594206921504,23.988732319450094,0.4064864864864865,True,True,0.2983974043;0.4720337023;0.7619171253;0.95;0.6042558466;0.7527600943;0.6803453125;0.2438339011;0.7053294905;0.1925045361;0.95;0.2931742638,1.535332493;0.9986066978;0.5764720931;0.328976203;0.7746227687;0.5870535051;0.6736618433;1.858825842;0.6430324214;2.34929577;0.2710575607;1.560894842,30.96081081;17.13648649;13.07351351;9.248648649;16.91405405;12.85108108;14.7627027;37.31756757;13.62081081;31.06621622;10.00675676;27.35189189,0.2829991244;0.25370008;0.165463071;0.1036719602;0.2070545725;0.1748467467;0.1817066269;0.3280576419;0.1831773438;0.3517594207;0.08454065541;0.3147101492,0.0427027027;0.1348648649;0.2048648649;0.2632432432;0.1372972973;0.1956756757;0.1694594595;0.03837837838;0.1832432432;0.03513513514;0.2640540541;0.05162162162,23.73663725;11.17492056;3.752969769;0.328976203;8.641700911;4.702230618;7.241546083;23.92951121;5.260648428;23.98873232;0.2710575607;23.38326588
Conservative-AoI Safe,8,3,841.6424324324324,34.88513513513514,33.68167567567568,64.0,97.0,83.27972972972972,0.1700900900900901,0.0608558558558558,0.1168693693693693,0.0416216216216216,0.5988586249301963,48.0,175.0,0.0354954954954954,394,11100,0.2931284568544299,0.3856794787551968,23.99126408341967,0.4064864864864865,True,True,0.2469621281;0.8215561338;0.8932287906;0.3220866759;0.225348274;0.2465631425;0.4834834838;0.2778755806;0.2645088005;0.3014458345;0.9387067142;0.2969367479,1.836175919;0.5080937316;0.4222105672;1.429873819;2.006740312;1.839030251;0.9755450403;1.641436133;1.719737046;1.520828652;0.3585144156;1.542388958,29.68162162;9.840540541;9.087027027;19.86243243;34.88513514;32.69702703;17.75027027;27.12918919;24.79783784;25.50783784;8.909459459;28.62162162,0.3389481493;0.1759102892;0.1519958042;0.3856794788;0.3660945163;0.3310254451;0.276580202;0.3646650003;0.3458065844;0.3543119725;0.1217980055;0.3047260348,0.04351351351;0.2548648649;0.2932432432;0.08486486486;0.04189189189;0.04162162162;0.1232432432;0.05756756757;0.05405405405;0.06675675676;0.2848648649;0.05594594595,23.98761063;2.778062094;0.9996853152;23.98990552;23.98419776;23.97575626;22.43488258;23.98728652;23.91053365;23.99126408;0.3585144156;23.99016813
Conservative-AoI Safe,8,4,819.3178378378378,34.37810810810811,34.30214864864865,60.0,90.0,77.80675675675676,0.1533108108108108,0.0484459459459459,0.1076351351351351,0.0356756756756756,0.7882134504752507,50.0,163.0,0.0188288288288288,209,11100,0.2728781430805923,0.3610306597033155,23.99435271315602,0.4064864864864865,True,True,0.662118963;0.6741961796;0.3640876;0.2460798207;0.2372011855;0.4128728207;0.5024050881;0.4159209977;0.2309431598;0.4380235493;0.7287104513;0.5641011845,0.6966749552;0.6813572012;1.27608378;1.842501298;1.908996959;1.13470463;0.9393093506;1.126874486;1.959226317;1.072981387;0.6151471375;0.8344446437,12.60783784;13.20810811;21.11918919;30.39189189;34.24;21.04;20.59837838;21.18081081;34.37810811;24.18540541;12.2472973;13.51648649,0.2193584656;0.2051437627;0.3041907822;0.3610306597;0.3529064648;0.2901163731;0.235081205;0.2744091654;0.3399522421;0.2595454977;0.1903631007;0.2424399978,0.1856756757;0.1840540541;0.08216216216;0.04216216216;0.04;0.09324324324;0.1086486486;0.09054054054;0.03567567568;0.08189189189;0.1940540541;0.1535135135,9.893598566;7.478001634;23.99327816;23.99003634;23.96194526;19.77172965;13.88273376;17.62561113;23.99435271;17.49751607;4.918089887;9.992226805
Conservative-AoI Safe,8,5,763.7535135135136,37.8754054054054,33.75129729729729,59.0,93.0,78.57657657657657,0.1334459459459459,0.0457657657657657,0.1369144144144144,0.0337837837837837,0.701290480691884,41.0,231.0,0.0124324324324324,138,11100,0.2277894112520853,0.3278436358975795,23.98524037648763,0.4064864864864865,True,True,0.9411489522;0.4821824971;0.3825098869;0.7544254172;0.3523107703;0.8677360717;0.95;0.2189202535;0.8265150398;0.3376263363;0.2625732011;0.2699141276,0.3546353857;0.9781203331;1.218803669;0.5851252029;1.315645181;0.4538598372;0.2241414152;2.064668323;0.5023771293;1.368663091;1.731770293;1.687095206,9.619459459;20.68972973;21.36;12.20189189;23.58027027;12.09162162;9.075945946;37.87540541;10.51189189;22.1472973;30.37702703;28.67918919,0.1160712032;0.2355419505;0.2852659399;0.1712677283;0.2862417218;0.1348086381;0.07111946527;0.3208606177;0.1562800205;0.3244101436;0.3037618703;0.3278436359,0.2783783784;0.09540540541;0.0827027027;0.2013513514;0.06756756757;0.2148648649;0.2705405405;0.03378378378;0.2262162162;0.07702702703;0.04108108108;0.05405405405,0.3546353857;14.27488799;23.80171741;4.472754463;21.71016205;1.36947707;0.2241414152;23.96402981;2.242788327;23.98524038;23.97186527;23.95476028
Conservative-AoI Safe,8,6,612.3486486486487,31.464594594594598,29.8574054054054,51.0,79.0,68.5527027027027,0.0929954954954954,0.0278603603603603,0.1650900900900901,0.0535135135135135,0.8281834773011734,32.94999999999982,141.0,0.0002702702702702,3,11100,0.1569396613438084,0.2775837506727918,23.83954772388051,0.4064864864864865,True,True,0.6600953202;0.4082536129;0.95;0.8542797728;0.5796663152;0.95;0.7238759829;0.298421524;0.95;0.3698913443;0.95;0.5870736138,0.6992694381;1.146768836;0.2551559305;0.4699577518;0.8105930222;0.2156180293;0.6208604762;1.535216558;0.2628816135;1.257463669;0.2571157349;0.7995478023,14.59864865;22.59459459;9.83;12.3272973;18.17675676;9.646216216;16.69216216;28.54243243;9.573243243;31.46459459;9.661891892;16.86027027,0.18899174;0.2535288941;0.07551236322;0.1317151861;0.1789877025;0.06188820192;0.1448115111;0.2775837507;0.07715930601;0.2226050549;0.07643981307;0.1940524126,0.1497297297;0.0872972973;0.2562162162;0.212972973;0.12;0.2483783784;0.1483783784;0.05351351351;0.2562162162;0.05567567568;0.2556756757;0.137027027,8.080274829;13.33537673;0.2551559305;1.58928178;9.022453467;0.2156180293;3.93376762;23.83954772;0.2628816135;13.26195503;0.2571157349;7.591860442
Conservative-AoI Safe,8,7,643.8213513513514,41.24054054054054,33.95006756756756,55.0,82.0,70.79729729729729,0.1102927927927927,0.0356081081081081,0.1681531531531531,0.0245945945945945,0.7773314327457974,32.0,120.0,0.0029729729729729,33,11100,0.1695032197786602,0.3086725881930691,23.93960954826872,0.4064864864864865,True,True,0.95;0.8194645516;0.5139536145;0.1957148488;0.2668165055;0.95;0.9166527097;0.2817874583;0.4060368001;0.95;0.95;0.8957240492,0.2129344738;0.5105004868;0.9182376412;2.309972111;1.705631049;0.2143947682;0.3910280632;1.619983796;1.152645744;0.2643493157;0.2202876177;0.4190042049,10.54864865;10.85621622;18.00162162;41.24054054;27.98513514;11.16837838;11.16540541;26.46540541;20.21972973;9.563513514;9.57027027;10.63648649,0.06100284926;0.1419743246;0.2159099319;0.3009206912;0.2968719988;0.0609576476;0.1142436044;0.3086725882;0.2632393659;0.07673274731;0.06894407063;0.1245688177,0.242972973;0.2164864865;0.1081081081;0.02459459459;0.04594594595;0.2424324324;0.2378378378;0.05297297297;0.09405405405;0.2437837838;0.2686486486;0.24,0.2129344738;2.168007789;10.36475282;23.93960955;23.90135888;0.2143947682;0.3910280632;23.59967592;15.92143509;0.2643493157;0.2202876177;0.7040672791
Conservative-AoI Safe,8,8,753.2802702702703,37.715405405405406,37.54208108108108,62.0,98.0,82.54414414414414,0.1419594594594594,0.053063063063063,0.1512837837837838,0.0291891891891891,0.7054042728671828,37.0,209.0,0.0111711711711711,124,11100,0.2012575555945586,0.3290342941673523,23.982970541941075,0.4064864864864865,True,True,0.924502767;0.7675714746;0.2938168902;0.223720696;0.8564804989;0.95;0.4732619221;0.198994158;0.3554966144;0.365156396;0.95;0.8950142286,0.3798996382;0.5699618165;1.557699888;2.021057334;0.4673466129;0.2347890628;0.9960890923;2.271318822;1.304697623;1.272612991;0.2590903055;0.4199186836,8.94027027;11.77837838;27.95675676;37.40027027;11.75594595;9.468918919;18.86675676;37.71540541;25.18297297;28.56432432;8.898108108;10.15,0.1223892888;0.1672914953;0.2972259787;0.293872661;0.1338884891;0.07532286962;0.2498299129;0.3290342942;0.2782179525;0.2524589014;0.08129833639;0.1342604872,0.2689189189;0.1813513514;0.04891891892;0.03027027027;0.2194594595;0.27;0.1097297297;0.02918918919;0.06891891892;0.06378378378;0.2748648649;0.25,0.3798996382;4.81900723;23.91169765;23.97903202;1.410199193;0.2347890628;17.88267277;23.98297054;17.58925483;23.96055074;0.2590903055;0.9378044577
Conservative-AoI Safe,8,9,833.9832432432432,37.26108108108108,36.873108108108106,65.0,104.0,86.4400900900901,0.1577252252252252,0.0604729729729729,0.1364639639639639,0.0318918918918918,0.6504343684514035,43.0,194.0,0.0341441441441441,379,11100,0.2347051162772519,0.3707521922480472,23.98789452209501,0.4064864864864865,True,True,0.3257577326;0.6871221964;0.2523803769;0.1963495047;0.5437054116;0.2493362779;0.95;0.4363495231;0.95;0.6652629851;0.95;0.2127973752,1.414897118;0.6652565043;1.798374164;2.302374716;0.8671448273;1.819394726;0.209506079;1.076896197;0.2790122724;0.6926602831;0.247425482;2.123503268,25.97702703;14.67432432;37.26108108;36.55567568;19.08216216;31.38297297;7.89972973;18.86216216;8.452162162;13.6872973;8.551621622;31.67702703,0.3097477474;0.1896880032;0.3008631372;0.3634018471;0.2292074706;0.3319166054;0.07191154602;0.2567087691;0.09116914521;0.2216512906;0.07944364124;0.3707521922,0.06135135135;0.1808108108;0.03378378378;0.03189189189;0.1086486486;0.04108108108;0.2994594595;0.09837837838;0.2818918919;0.1821621622;0.2791891892;0.03891891892,23.95753082;8.092438624;23.96423161;23.9878645;13.01291034;23.98789452;0.209506079;18.27619731;0.2790122724;8.301827643;0.247425482;23.98159478
Conservative-AoI Safe,8,10,838.2854054054054,35.23054054054054,34.52654054054054,65.0,99.0,83.86621621621622,0.1778603603603603,0.0627027027027027,0.1073648648648648,0.031081081081081,0.6683053821485326,50.0,196.0,0.0429729729729729,477,11100,0.2950345055401349,0.3819199144630713,23.993523745608456,0.4064864864864865,True,True,0.2210551088;0.5230742899;0.4621770162;0.8877431859;0.3493760462;0.4491418585;0.5565464418;0.34857734;0.2223217792;0.6900300697;0.2104662511;0.2177243916,2.045012567;0.9021077578;1.019211399;0.4291816563;1.325898395;1.047619095;0.8463561798;1.328717478;2.03354937;0.6616731043;2.146920017;2.075867389,28.49594595;19.11027027;19.85135135;10.13081081;26.39540541;16.60378378;15.69054054;23.45027027;33.95054054;12.64108108;32.51432432;35.23054054,0.3819199145;0.2521025464;0.2740852276;0.1548533814;0.3049566308;0.3043758181;0.2502469353;0.3325384824;0.3599931993;0.2142390214;0.3638159056;0.3472870038,0.04378378378;0.1221621622;0.1140540541;0.2983783784;0.07783783784;0.1254054054;0.147027027;0.07054054054;0.03351351351;0.1910810811;0.03351351351;0.03108108108,23.99077913;11.94847843;23.97978136;1.071178095;23.98413899;17.0095256;15.57611011;23.50715644;23.97422796;8.773539339;23.99056114;23.99352375
Conservative-AoI Safe,8,11,785.5137837837838,39.11810810810811,37.5182027027027,64.0,99.0,84.07702702702703,0.1560585585585585,0.0587612612612612,0.1269594594594594,0.0318918918918918,0.7160840599016242,44.0,211.0,0.01009009009009,112,11100,0.2374996686018144,0.3512995092872939,23.99841655042613,0.4064864864864865,True,True,0.95;0.2935060875;0.6227889451;0.4312530983;0.6153269509;0.4183303984;0.9434799305;0.4987828682;0.6260188518;0.4351735249;0.2492611008;0.2092716103,0.3358641596;1.559243329;0.7487311135;1.088976442;0.7590395275;1.120756955;0.3508668233;0.9460759936;0.7443154627;1.079661914;1.819920828;2.159149808,9.151621622;27.5827027;13.38810811;21.82486486;16.88297297;25.95567568;8.892432432;19.10216216;17.73162162;21.61162162;36.20918919;39.11810811,0.1100182058;0.3004704036;0.2244169743;0.2584111666;0.2006326102;0.2608031724;0.1182516024;0.2477696318;0.1896998598;0.2812956988;0.3069271882;0.3512995093,0.2808108108;0.05567567568;0.1762162162;0.08567567568;0.1483783784;0.07351351351;0.2732432432;0.1143243243;0.1502702703;0.09918918919;0.03189189189;0.03432432432,0.3358641596;23.9441099;8.072084497;16.82441106;8.657909132;22.34346559;0.3508668233;16.9283558;9.640832956;23.7458004;23.99841655;23.98724712
Conservative-AoI Safe,8,12,786.4875675675676,34.14918918918919,31.13429729729729,58.0,84.0,74.10045045045045,0.1424774774774774,0.0436711711711711,0.1208108108108108,0.0356756756756756,0.7202469924974647,45.0,131.0,0.0084684684684684,94,11100,0.2588917603302292,0.3575392898763798,23.969787825580987,0.4064864864864865,True,True,0.2277146089;0.9318683167;0.4490225566;0.364868936;0.3264467419;0.2532754659;0.5108922966;0.7249468559;0.885090931;0.3371942215;0.4510893652;0.3770521179,1.986329388;0.369039043;1.047885528;1.273544601;1.412123145;1.792296255;0.9237509324;0.6195927545;0.4325165816;1.370290719;1.043286736;1.235229773,28.66756757;8.924054054;21.43459459;21.08648649;23.69189189;34.14918919;16.92756757;11.89135135;10.89648649;24.05864865;23.34405405;22.74972973,0.3575392899;0.1207854814;0.2866108527;0.3059949055;0.3255516332;0.3061435765;0.2496624142;0.1877198589;0.1384053061;0.294797679;0.2503888167;0.2831013101,0.04756756757;0.2781081081;0.09945945946;0.08756756757;0.07594594595;0.03567567568;0.1278378378;0.2062162162;0.2432432432;0.07189189189;0.09891891892;0.0772972973,23.96254042;0.369039043;23.91542114;20.37140847;23.96978783;23.89895917;12.97002238;5.489818863;0.8877487245;21.13628025;20.58517556;23.78643363
Conservative-AoI Safe,8,13,613.0791891891892,36.75324324324324,30.92279729729729,52.0,81.0,69.46036036036035,0.0981756756756756,0.0313288288288288,0.1626126126126126,0.0329729729729729,0.8432537179037723,33.0,159.0,0.0009909909909909,11,11100,0.1652835102068731,0.3010524017347158,23.92810721154293,0.4064864864864865,True,True,0.931036637;0.7159624459;0.6775674106;0.3509019354;0.95;0.7562371291;0.2357345475;0.5713184825;0.95;0.8385292043;0.9458583108;0.3749843981,0.3702883284;0.6302691506;0.6771299559;1.320546841;0.2764601871;0.5830294735;1.920506701;0.8232731646;0.2265612916;0.488449848;0.3469497415;1.241568686,13.31081081;14.2327027;16.75054054;26.15243243;10.61864865;13.2072973;36.75324324;16.79162162;9.168108108;11.25297297;11.61513514;24.14459459,0.1039809657;0.1648920372;0.1645242785;0.2448365224;0.08009873529;0.1594664398;0.3010524017;0.2089333788;0.06870318086;0.1398022673;0.08973808178;0.257373833,0.2118918919;0.157027027;0.1532432432;0.05891891892;0.2391891892;0.1794594595;0.03297297297;0.1375675676;0.2608108108;0.212972973;0.2235135135;0.08378378378,0.3702883284;4.775113862;7.051118941;20.6520305;0.2764601871;4.06058947;23.92810721;8.865463292;0.2265612916;1.815197568;0.3469497415;17.79764847
Conservative-AoI Safe,8,14,822.2221621621621,40.32297297297297,33.51144594594594,62.0,101.0,83.76621621621622,0.1545945945945946,0.0548648648648648,0.1181531531531531,0.0294594594594594,0.7530263320052736,46.0,196.0,0.011081081081081,123,11100,0.2564212311468732,0.3478632996206204,23.99323131441348,0.4064864864864865,True,True,0.3969158517;0.64914127;0.685168137;0.2123384503;0.8391928019;0.2547057577;0.6450583303;0.3536782427;0.3495021855;0.2638904463;0.8142278578;0.4332858251,1.177446822;0.7134614509;0.6676722331;2.128067317;0.4876767217;1.782678959;0.7188179662;1.310923092;1.325454306;1.723560971;0.5165166625;1.084128614,25.38027027;14.96243243;14.22486486;40.32297297;11.56648649;27.93837838;14.46108108;26.28135135;25.86216216;27.30783784;10.18135135;20.80216216,0.2692216246;0.225415253;0.1909181683;0.3301380107;0.1548703103;0.3478632996;0.2195308924;0.2912375086;0.2876594076;0.3148992476;0.1613765573;0.2839244938,0.0827027027;0.1721621622;0.1578378378;0.02945945946;0.2248648649;0.05135135135;0.1608108108;0.0727027027;0.06810810811;0.05135135135;0.2386486486;0.1078378378,17.41361736;10.03076643;6.824133594;23.98588487;2.591918044;23.96859005;8.68926712;23.99323131;23.86544642;23.98326815;3.079883237;17.50321536
Conservative-AoI Safe,8,15,766.4240540540541,54.05216216216216,42.66478378378377,65.0,120.0,92.20675675675676,0.1395495495495495,0.0590765765765765,0.1468693693693693,0.0191891891891891,0.7728931623102064,37.0,276.0,0.0115315315315315,128,11100,0.2135371740111962,0.3306535726729934,23.98635636146564,0.4064864864864865,True,True,0.95;0.6682774533;0.3936552323;0.8783623152;0.2542081145;0.6112416568;0.1961261937;0.2603661895;0.4858854259;0.9440218225;0.777121657;0.6438927182,0.2609434761;0.6888292002;1.186565108;0.4408835581;1.786011998;0.7647485898;2.305041448;1.74572184;0.9708198352;0.349980936;0.5589976316;0.7203540735,8.931621622;13.65972973;19.34972973;13.37324324;28.80945946;14.27351351;54.05216216;33.34783784;18.69081081;10.17918919;13.61351351;16.78324324,0.07969354809;0.1997604681;0.2822100797;0.1260688661;0.3306535727;0.2182633813;0.3108691033;0.3208353651;0.2458535637;0.1044267442;0.1565193368;0.1872920591,0.2708108108;0.1748648649;0.09675675676;0.2240540541;0.04675675676;0.1627027027;0.01918918919;0.04783783784;0.1191891892;0.2554054054;0.197027027;0.1478378378,0.2609434761;6.754242405;14.91786726;1.013253371;23.90625197;8.977709104;23.96553882;23.98635636;13.69967604;0.349980936;3.897947895;8.729205912
Conservative-AoI Safe,8,16,815.3589189189189,37.0372972972973,36.84093243243243,65.0,99.0,85.1045045045045,0.1589189189189189,0.0616891891891891,0.1337162162162162,0.0305405405405405,0.7094136464030355,42.0,241.0,0.0283783783783783,315,11100,0.2508463110770512,0.3645240030689846,23.992514211306368,0.4064864864864865,True,True,0.3932789834;0.7735119064;0.901603995;0.8416273572;0.2260479039;0.7045979448;0.6624829137;0.1982197585;0.7522839954;0.3841282698;0.2247729528;0.2144342016,1.187626136;0.5631378354;0.4113518347;0.4848363331;2.00065631;0.6439160289;0.6962092138;2.280313362;0.5876051337;1.214015836;2.011774821;2.107404393,24.89432432;13.52216216;9.395405405;11.50027027;33.60027027;11.68081081;14.54486486;36.68027027;11.49945946;20.49027027;37.0372973;28.14054054,0.2818204723;0.1821826997;0.1358572816;0.1400783892;0.337948701;0.188998056;0.2114970693;0.3611523324;0.1862867086;0.2979260483;0.3218839713;0.3645240031,0.07945945946;0.2062162162;0.2651351351;0.2216216216;0.03567567568;0.2005405405;0.1856756757;0.03135135135;0.2156756757;0.08864864865;0.03054054054;0.04405405405,23.9545409;4.64158372;0.6156848594;1.75738133;23.64331647;6.010068664;7.005230345;23.96532715;4.152102674;20.04850674;23.91792016;23.99251421
Conservative-AoI Safe,8,17,696.7945945945946,40.15837837837838,39.3307027027027,61.0,106.0,83.73243243243243,0.1294144144144144,0.051509009009009,0.1596396396396396,0.0305405405405405,0.7575962987613116,33.0,270.0,0.0076576576576576,85,11100,0.1892563899808228,0.3275745906393074,23.98004085886404,0.4064864864864865,True,True,0.6058267012;0.4606290406;0.8627452041;0.95;0.8920394043;0.9329954481;0.2434414901;0.2237143759;0.7874097494;0.2072792387;0.95;0.5223938409,0.772389876;1.022513998;0.4598691245;0.2139841101;0.4237308779;0.3673358894;1.861711545;2.021113381;0.5472165522;2.179902851;0.241873434;0.9032962107,17.14405405;18.92405405;9.016756757;8.366756757;11.06837838;9.99;32.28864865;38.65351351;13.30189189;40.15837838;10.53378378;18.14405405,0.1878786185;0.2379417709;0.1434294513;0.07020992154;0.1224238672;0.109406527;0.3089434834;0.3080832289;0.1538122201;0.3275745906;0.07066626545;0.2307067349,0.1297297297;0.1116216216;0.2537837838;0.2716216216;0.2275675676;0.2551351351;0.03972972973;0.03243243243;0.2008108108;0.03054054054;0.2508108108;0.1118918919,9.337357024;11.87279396;1.357905993;0.2139841101;0.7796940469;0.3673358894;23.91080781;23.98004086;2.755464836;23.89854277;0.241873434;12.98240527
Conservative-AoI Safe,8,18,654.0918918918919,34.18648648648649,33.59739189189189,57.0,85.0,74.70315315315315,0.1181981981981982,0.0416891891891891,0.1711261261261261,0.0413513513513513,0.8045852615359055,31.0,207.0,0.0036036036036036,40,11100,0.1676892589751137,0.3250503928048333,23.925854010913607,0.4064864864864865,True,True,0.95;0.2298402862;0.2514208534;0.95;0.8064515181;0.2889292384;0.86964094;0.95;0.4229897239;0.9113191376;0.93510967;0.8418183031,0.2641897105;1.968390267;1.804941085;0.3377909827;0.5254308787;1.582364629;0.451552802;0.2372894534;1.10910177;0.3983676074;0.3641087485;0.4846132827,10.08567568;34.18648649;33.11540541;10.26918919;13.47405405;29.45243243;12.5472973;9.98972973;26.42972973;10.70567568;10.16135135;11.85216216,0.07918551051;0.3250503928;0.2892783955;0.09576830834;0.1418663372;0.3040706084;0.1241159999;0.06894220605;0.2287147705;0.1129426001;0.1083469546;0.1339890238,0.2564864865;0.04135135135;0.04243243243;0.2437837838;0.1978378378;0.06459459459;0.2048648649;0.242972973;0.07135135135;0.2381081081;0.2448648649;0.2048648649,0.2641897105;23.92585401;23.91364495;0.3377909827;2.532324937;23.64729258;1.17329203;0.2372894534;16.29125665;0.3983676074;0.3641087485;2.453785199
Conservative-AoI Safe,8,19,827.8997297297298,40.80783783783784,38.11625675675676,62.0,101.0,83.48423423423424,0.1473198198198198,0.0543243243243243,0.1131981981981982,0.0272972972972972,0.7152426300834663,45.0,192.0,0.0205405405405405,228,11100,0.2777636834203096,0.3677948742286271,23.992887440922832,0.4064864864864865,True,True,0.8339118425;0.4218873338;0.3658373363;0.3670076204;0.481511622;0.1930715746;0.2120595117;0.3057773787;0.5446939528;0.4653449839;0.3623629999;0.8770434254,0.4938172966;1.111838862;1.270411673;1.266646367;0.9794527448;2.342239302;2.1308523;1.500722279;0.8655191693;1.012509865;1.281724896;0.4425090154,9.928378378;19.72216216;23.92135135;20.67297297;19.22783784;35.91405405;40.80783784;25.2027027;15.92;16.01459459;20.91135135;9.625135135,0.1642943492;0.2635358601;0.2925380393;0.330697403;0.2533341289;0.3677948742;0.3294182474;0.3350261087;0.2664395497;0.2791243411;0.3089996235;0.141961676,0.242972973;0.09324324324;0.07837837838;0.08837837838;0.1108108108;0.03162162162;0.0272972973;0.06081081081;0.1489189189;0.1275675676;0.08351351351;0.2648648649,2.226884304;17.97884359;20.41946848;23.9316485;19.88084607;23.99288744;23.9627845;23.92094609;13.43453674;17.55027621;23.32484729;1.802797509
Static-Geometry Safe,2,0,381.08378378378376,19.66189189189189,19.63335135135135,34.0,58.0,47.86036036036036,0.0316216216216216,0.0081756756756756,0.134481981981982,0.0437837837837837,0.8182081535599017,25.0,97.0,0.0624324324324324,693,11100,0.2185780834388623,0.3944721218508572,23.999982200446404,0.4064864864864865,True,True,0.95;0.2315765095;0.95;0.8081176242;0.6281327393;0.795200025;0.3394136806;0.9476946562;0.5005847781;0.95;0.23436609;0.2528380647,0.3369544871;1.95400716;0.2191119648;0.5235225351;0.7414402559;0.5383055036;1.361973486;0.3438720469;0.9427001774;0.2738400263;1.931388168;1.795260579,4.607297297;19.61;4.975135135;6.048108108;8.194594595;6.069459459;13.86;4.973243243;10.24783784;4.544054054;19.66189189;18.09756757,0.08378327788;0.3839360014;0.05625847744;0.1379552626;0.214817285;0.1482522455;0.3828249799;0.08029876986;0.2912179197;0.06179903296;0.3873216272;0.3944721219,0.2062162162;0.04378378378;0.2035135135;0.1775675676;0.1332432432;0.18;0.07540540541;0.1902702703;0.1102702703;0.1975675676;0.04513513514;0.05081081081,0.3369544871;23.99862288;0.2191119648;1.264657746;11.65761024;1.229833022;23.99879185;0.3438720469;18.53610763;0.2738400263;23.99858589;23.9999822
Static-Geometry Safe,2,1,530.9513513513514,30.32702702702703,27.394486486486485,48.0,84.0,69.81036036036036,0.0747747747747747,0.0286261261261261,0.1161261261261261,0.0313513513513513,0.6879350388855386,32.0,162.0,0.1486486486486486,1650,11100,0.2785413224913781,0.3962151046027692,23.999461816734787,0.4064864864864865,True,True,0.5605092249;0.2181252996;0.2316669551;0.3707979081;0.95;0.95;0.2020086086;0.95;0.325972712;0.8362721814;0.2993435181;0.2334007936,0.8400796556;2.072097608;1.953264399;1.254604531;0.2976063768;0.2276934429;2.237061952;0.2579608484;1.414030367;0.4910760745;1.530799061;1.939147999,8.928108108;24.99513514;24.43432432;12.27054054;4.202162162;3.929459459;30.32702703;4.441621622;14.14162162;5.871891892;14.84675676;20.2827027,0.2788156262;0.3925784928;0.3906528797;0.3689215485;0.0772972238;0.0630156988;0.3911835359;0.0646296504;0.3917246286;0.1422793384;0.385182142;0.3962151046,0.1316216216;0.03864864865;0.03864864865;0.09081081081;0.2243243243;0.2418918919;0.03135135135;0.217027027;0.07081081081;0.1951351351;0.06783783784;0.04540540541,13.12302691;23.99386234;23.99722263;23.98613075;0.2976063768;0.2276934429;23.989346;0.2579608484;23.99946182;1.037532522;23.99317275;23.9926919
Static-Geometry Safe,2,2,418.2508108108108,25.882162162162164,22.768270270270268,36.0,60.0,51.1472972972973,0.0386036036036036,0.0093018018018018,0.1231081081081081,0.0321621621621621,0.8218195033361129,27.0,132.0,0.0825225225225225,916,11100,0.2392131885583801,0.3935986181898721,23.99901394559357,0.4064864864864865,True,True,0.2983974043;0.4720337023;0.7619171253;0.95;0.6042558466;0.7527600943;0.6803453125;0.2438339011;0.7053294905;0.1925045361;0.95;0.2931742638,1.535332493;0.9986066978;0.5764720931;0.328976203;0.7746227687;0.5870535051;0.6736618433;1.858825842;0.6430324214;2.34929577;0.2710575607;1.560894842,15.85756757;9.526486486;6.364324324;4.842972973;8.777837838;6.723243243;7.25027027;20.22054054;7.009459459;25.88216216;4.730540541;15.03945946,0.3830032137;0.2704334895;0.1495711377;0.07957667613;0.2413892033;0.1599324144;0.169872027;0.3923629683;0.1732711687;0.3917609433;0.06578640256;0.3935986182,0.06108108108;0.1151351351;0.1635135135;0.2010810811;0.1275675676;0.1618918919;0.1467567568;0.04432432432;0.1513513514;0.03216216216;0.2072972973;0.06513513514,23.99791679;18.32754828;1.588248838;0.328976203;6.787928598;1.522321031;4.92591318;23.97710656;2.6024539;23.98873199;0.2710575607;23.99901395
Static-Geometry Safe,2,3,510.4124324324324,20.21189189189189,19.87713513513513,43.0,64.0,55.817567567567565,0.0575675675675675,0.0129729729729729,0.1012612612612612,0.0459459459459459,0.7005934695063588,36.0,115.0,0.1318918918918919,1464,11100,0.3151522239045656,0.3946459510738214,23.99902225580769,0.4064864864864865,True,True,0.2469621281;0.8215561338;0.8932287906;0.3220866759;0.225348274;0.2465631425;0.4834834838;0.2778755806;0.2645088005;0.3014458345;0.9387067142;0.2969367479,1.836175919;0.5080937316;0.4222105672;1.429873819;2.006740312;1.839030251;0.9755450403;1.641436133;1.719737046;1.520828652;0.3585144156;1.542388958,16.55189189;5.50972973;4.622702703;13.25810811;20.21189189;19.60324324;9.319459459;17.26378378;18.84756757;15.61027027;4.486756757;16.88378378,0.3900633168;0.1456993106;0.1151379628;0.3887710978;0.3921279041;0.3946459511;0.309010483;0.3912828835;0.394609933;0.3859616498;0.09350443543;0.3810117589,0.05432432432;0.1983783784;0.2216216216;0.07756756757;0.04648648649;0.04594594595;0.122972973;0.05702702703;0.05378378378;0.06459459459;0.2116216216;0.06081081081,23.99174042;1.729499705;0.4888422689;23.99902226;23.99535677;23.98641486;20.37725201;23.99552575;23.99345712;23.98667143;0.3585144156;23.99585942
Static-Geometry Safe,2,4,479.3197297297297,23.045405405405404,21.11297297297297,38.0,62.0,52.72837837837838,0.0416891891891891,0.0112612612612612,0.093581081081081,0.0394594594594594,0.8771958572676769,34.0,119.0,0.0508108108108108,564,11100,0.2820269921606597,0.3886681396768486,23.99793309742025,0.4064864864864865,True,True,0.662118963;0.6741961796;0.3640876;0.2460798207;0.2372011855;0.4128728207;0.5024050881;0.4159209977;0.2309431598;0.4380235493;0.7287104513;0.5641011845,0.6966749552;0.6813572012;1.27608378;1.842501298;1.908996959;1.13470463;0.9393093506;1.126874486;1.959226317;1.072981387;0.6151471375;0.8344446437,7.556216216;7.671891892;13.86513514;19.07540541;23.04540541;11.57945946;10.10675676;11.82513514;19.53189189;12.60324324;7.501891892;8.728108108,0.1854661705;0.1712600533;0.3172965075;0.3779617527;0.3797356113;0.328144312;0.2663068943;0.2832414249;0.3886681397;0.3059446929;0.1554493442;0.2248490026,0.1351351351;0.1364864865;0.07513513514;0.04864864865;0.03945945946;0.09432432432;0.107027027;0.08783783784;0.04648648649;0.08648648649;0.1445945946;0.1213513514,4.526849014;3.271215628;23.97593767;23.99257917;23.9979331;21.17637043;13.46892078;23.93934366;23.99435271;23.92764128;2.766618512;8.461116092
Static-Geometry Safe,2,5,424.0391891891892,25.693783783783783,21.668229729729724,36.0,64.0,53.582432432432434,0.037072072072072,0.0118693693693693,0.119009009009009,0.0397297297297297,0.8102051883485482,29.0,165.0,0.06009009009009,667,11100,0.2539631456533387,0.3866639822547283,23.996260682679683,0.4064864864864865,True,True,0.9411489522;0.4821824971;0.3825098869;0.7544254172;0.3523107703;0.8677360717;0.95;0.2189202535;0.8265150398;0.3376263363;0.2625732011;0.2699141276,0.3546353857;0.9781203331;1.218803669;0.5851252029;1.315645181;0.4538598372;0.2241414152;2.064668323;0.5023771293;1.368663091;1.731770293;1.687095206,4.934864865;9.717297297;11.30297297;6.55027027;12.68162162;6.092702703;4.669189189;25.69378378;5.976756757;12.14405405;17.95081081;18.37459459,0.08338723933;0.2862984651;0.3491707809;0.1488115719;0.3466902841;0.1126063056;0.05385451842;0.3850327413;0.1340124937;0.3758274867;0.3852018787;0.3866639823,0.1935135135;0.1135135135;0.09135135135;0.1654054054;0.08351351351;0.1732432432;0.2010810811;0.03972972973;0.18;0.08378378378;0.04891891892;0.05405405405,0.3546353857;15.87797099;23.81027519;2.806627637;23.96048494;0.7231590234;0.2241414152;23.99272794;1.014262776;23.97967823;23.99626068;23.99342604
Static-Geometry Safe,2,6,304.99432432432434,15.003513513513514,14.277662162162162,26.0,42.0,35.461261261261264,0.0113513513513513,0.001081081081081,0.1386261261261261,0.0616216216216216,0.9015789139003654,22.699999999999815,85.0,0.008018018018018,89,11100,0.180078216537941,0.3688668973813399,23.953764736339423,0.4064864864864865,True,True,0.6600953202;0.4082536129;0.95;0.8542797728;0.5796663152;0.95;0.7238759829;0.298421524;0.95;0.3698913443;0.95;0.5870736138,0.6992694381;1.146768836;0.2551559305;0.4699577518;0.8105930222;0.2156180293;0.6208604762;1.535216558;0.2628816135;1.257463669;0.2571157349;0.7995478023,8.001621622;12.30189189;4.732432432;5.741891892;9.227297297;4.60972973;7.874054054;15.00351351;4.55972973;13.68378378;4.735945946;8.862972973,0.1967404014;0.3384517755;0.0568928764;0.1140600165;0.2105351066;0.04871801959;0.1422945092;0.3688668974;0.0581181513;0.3490311318;0.05962305419;0.2176066586,0.1337837838;0.08513513514;0.19;0.1705405405;0.1140540541;0.1932432432;0.1324324324;0.06162162162;0.1897297297;0.0772972973;0.1891891892;0.1264864865,7.878813705;19.12704971;0.2551559305;0.5399155036;6.264825556;0.2156180293;1.76688381;23.95254122;0.2628816135;23.95376474;0.2571157349;7.189147256
Static-Geometry Safe,2,7,343.3397297297297,23.546216216216216,19.91963513513513,33.0,54.0,46.03198198198198,0.0287162162162162,0.0060135135135135,0.1485585585585585,0.0335135135135135,0.8357632914652715,22.0,116.0,0.057027027027027,633,11100,0.1953020600923254,0.3845791405740092,23.99870369524475,0.4064864864864865,True,True,0.95;0.8194645516;0.5139536145;0.1957148488;0.2668165055;0.95;0.9166527097;0.2817874583;0.4060368001;0.95;0.95;0.8957240492,0.2129344738;0.5105004868;0.9182376412;2.309972111;1.705631049;0.2143947682;0.3910280632;1.619983796;1.152645744;0.2643493157;0.2202876177;0.4190042049,4.582972973;5.430810811;9.432972973;23.54621622;16.31621622;4.595405405;4.998378378;16.95243243;10.78351351;4.616216216;4.595135135;5.146756757,0.05288831931;0.1262453907;0.2970622856;0.3845791406;0.3839974767;0.0527874686;0.1007161471;0.379163775;0.3364479469;0.06558720859;0.05554820198;0.1086013601,0.2086486486;0.1805405405;0.12;0.03351351351;0.06054054054;0.2059459459;0.2016216216;0.05864864865;0.1018918919;0.2037837838;0.2105405405;0.197027027,0.2129344738;1.173503408;12.8301197;23.99665327;23.99844559;0.2143947682;0.3910280632;23.9987037;23.77434997;0.2643493157;0.2202876177;0.4950210247
Static-Geometry Safe,2,8,395.7435135135135,22.144594594594597,21.76658108108108,35.0,60.0,50.97702702702703,0.0356531531531531,0.0099324324324324,0.1330405405405405,0.0391891891891891,0.8019031170496617,25.0,141.0,0.0644144144144144,715,11100,0.2310898331799352,0.3910351592996327,23.997245926388256,0.4064864864864865,True,True,0.924502767;0.7675714746;0.2938168902;0.223720696;0.8564804989;0.95;0.4732619221;0.198994158;0.3554966144;0.365156396;0.95;0.8950142286,0.3798996382;0.5699618165;1.557699888;2.021057334;0.4673466129;0.2347890628;0.9960890923;2.271318822;1.304697623;1.272612991;0.2590903055;0.4199186836,4.56972973;6.752702703;15.57405405;22.14459459;5.607297297;4.492702703;10.51108108;21.4572973;12.23054054;12.40351351;4.41;4.642972973,0.09466688281;0.1585110025;0.376794973;0.3878245155;0.1173418928;0.0585703527;0.3042109931;0.3910351593;0.3529736001;0.3566755868;0.06393228348;0.1105407562,0.2027027027;0.1659459459;0.06189189189;0.04432432432;0.1816216216;0.2083783784;0.1078378378;0.03918918919;0.08594594595;0.08216216216;0.2097297297;0.2067567568,0.3798996382;1.469579982;23.99338414;23.97983616;0.6020398386;0.2347890628;17.68658368;23.99385401;23.99724593;23.95929364;0.2590903055;0.4796747345
Static-Geometry Safe,2,9,527.3102702702703,29.09864864864865,27.64486486486486,46.0,82.0,67.08468468468469,0.065518018018018,0.0250225225225225,0.1154054054054054,0.0305405405405405,0.7323940078837998,30.0,176.0,0.153063063063063,1699,11100,0.2606829751883102,0.3951372823850207,23.998106885519285,0.4064864864864865,True,True,0.3257577326;0.6871221964;0.2523803769;0.1963495047;0.5437054116;0.2493362779;0.95;0.4363495231;0.95;0.6652629851;0.95;0.2127973752,1.414897118;0.6652565043;1.798374164;2.302374716;0.8671448273;1.819394726;0.209506079;1.076896197;0.2790122724;0.6926602831;0.247425482;2.123503268,15.48324324;7.552162162;19.74432432;29.09864865;9.183783784;21.6827027;4.081891892;9.544324324;4.586756757;7.446216216;4.308108108;26.45540541,0.3831694357;0.1785404618;0.3868934688;0.3951372824;0.2725647119;0.3948578284;0.05203678015;0.3315093968;0.07088419893;0.2085469069;0.06092016597;0.3931350645,0.06243243243;0.1475675676;0.0427027027;0.03054054054;0.1191891892;0.0427027027;0.2167567568;0.1083783784;0.2102702703;0.1513513514;0.2156756757;0.0372972973,23.99810689;6.62718212;23.99677052;23.99736337;13.29009654;23.99160405;0.209506079;21.07549843;0.2790122724;3.589904246;0.247425482;23.99267976
Static-Geometry Safe,2,10,544.1943243243243,27.56405405405405,24.417756756756752,45.0,74.0,62.63063063063064,0.065563063063063,0.0214189189189189,0.091036036036036,0.0359459459459459,0.785159285159285,36.0,128.0,0.1062162162162162,1179,11100,0.3079771860480981,0.3945690841710926,23.99908082385245,0.4064864864864865,True,True,0.2210551088;0.5230742899;0.4621770162;0.8877431859;0.3493760462;0.4491418585;0.5565464418;0.34857734;0.2223217792;0.6900300697;0.2104662511;0.2177243916,2.045012567;0.9021077578;1.019211399;0.4291816563;1.325898395;1.047619095;0.8463561798;1.328717478;2.03354937;0.6616731043;2.146920017;2.075867389,20.93702703;10.79567568;10.95540541;5.210540541;14.53486486;10.72486486;9.124594595;13.61648649;21.31702703;7.348648649;21.84351351;27.56405405,0.3813672084;0.2825791598;0.300254169;0.1036995678;0.3361331606;0.3292921641;0.2399534142;0.3641404117;0.389672028;0.1813341967;0.3945690842;0.3927316682,0.04513513514;0.1078378378;0.102972973;0.1951351351;0.07189189189;0.107027027;0.1227027027;0.07567567568;0.04081081081;0.1502702703;0.03702702703;0.03594594595,23.99589223;11.8800948;16.76845597;0.5167266252;23.96827799;23.94286522;14.96153483;23.90715644;23.99755995;5.696885548;23.99908082;23.99321517
Static-Geometry Safe,2,11,451.6943243243243,27.46837837837838,23.36745945945945,38.0,62.0,53.46891891891892,0.0420495495495495,0.0112612612612612,0.1048198198198198,0.0305405405405405,0.8367660507431481,32.0,145.0,0.0465765765765765,517,11100,0.2571580592285659,0.3772646688402307,23.99841655042613,0.4064864864864865,True,True,0.95;0.2935060875;0.6227889451;0.4312530983;0.6153269509;0.4183303984;0.9434799305;0.4987828682;0.6260188518;0.4351735249;0.2492611008;0.2092716103,0.3358641596;1.559243329;0.7487311135;1.088976442;0.7590395275;1.120756955;0.3508668233;0.9460759936;0.7443154627;1.079661914;1.819920828;2.159149808,5.091621622;15.78135135;8.44027027;11.15189189;9.232702703;12.68162162;5.183783784;11.31621622;9.271891892;10.92621622;20.01216216;27.46837838,0.07525172658;0.3683185592;0.1871827784;0.3272815686;0.1969399855;0.3356212718;0.08117351373;0.2741063419;0.1808485408;0.3090167479;0.3772646688;0.3728910074,0.1905405405;0.06135135135;0.1332432432;0.09378378378;0.1202702703;0.08594594595;0.1791891892;0.09810810811;0.1210810811;0.09864864865;0.04513513514;0.03054054054,0.3358641596;23.99535639;13.44670677;23.8496101;8.412146297;21.92099414;0.3508668233;16.61164769;12.52714221;22.46782892;23.99841655;23.98724712
Static-Geometry Safe,2,12,459.5508108108108,20.723783783783784,20.29151351351351,36.0,57.0,49.98153153153153,0.0361711711711711,0.0082432432432432,0.0997747747747747,0.0421621621621621,0.8350003642109319,33.0,124.0,0.0441441441441441,490,11100,0.2786959732457245,0.390914345255014,23.999405237997948,0.4064864864864865,True,True,0.2277146089;0.9318683167;0.4490225566;0.364868936;0.3264467419;0.2532754659;0.5108922966;0.7249468559;0.885090931;0.3371942215;0.4510893652;0.3770521179,1.986329388;0.369039043;1.047885528;1.273544601;1.412123145;1.792296255;0.9237509324;0.6195927545;0.4325165816;1.370290719;1.043286736;1.235229773,19.93783784;4.844594595;11.66;13.78513514;14.39972973;20.72378378;9.554594595;6.919459459;5.664594595;14.53783784;11.33351351;12.77135135,0.3800868127;0.08138807003;0.3273934246;0.3583134946;0.3602822295;0.3909143453;0.244169841;0.1445158236;0.1026350159;0.34886861;0.2766119698;0.3291720421,0.04216216216;0.1883783784;0.1016216216;0.07702702703;0.07135135135;0.04648648649;0.1072972973;0.1402702703;0.1735135135;0.07081081081;0.09513513514;0.08324324324,23.9934339;0.369039043;23.97176455;23.93014086;23.98197476;23.99940524;12.45503357;2.376334791;0.4975497449;23.93628025;13.97475619;23.69102909
Static-Geometry Safe,2,13,311.7972972972973,20.214864864864865,16.660527027027022,27.0,45.0,38.98108108108108,0.0147522522522522,0.0034459459459459,0.1414639639639639,0.0437837837837837,0.8922485998710126,23.0,118.0,0.0236936936936936,263,11100,0.1847774574364572,0.3841013401442937,23.99904531254372,0.4064864864864865,True,True,0.931036637;0.7159624459;0.6775674106;0.3509019354;0.95;0.7562371291;0.2357345475;0.5713184825;0.95;0.8385292043;0.9458583108;0.3749843981,0.3702883284;0.6302691506;0.6771299559;1.320546841;0.2764601871;0.5830294735;1.920506701;0.8232731646;0.2265612916;0.488449848;0.3469497415;1.241568686,5.763243243;7.126756757;8.505405405;13.75243243;4.922432432;6.428378378;20.21486486;8.771891892;4.500810811;5.595675676;5.244324324;12.15918919,0.08946966638;0.173920217;0.1690994809;0.3572614562;0.06732179151;0.1481210014;0.3841013401;0.2489845057;0.05492580502;0.1201322599;0.0714528927;0.3325390724,0.1767567568;0.1475675676;0.1289189189;0.07324324324;0.1986486486;0.1583783784;0.04378378378;0.1264864865;0.2043243243;0.1791891892;0.1745945946;0.08567567568,0.3702883284;2.532960657;3.388339205;23.98351417;0.2764601871;2.413324208;23.99904531;10.60510228;0.2265612916;0.6653495441;0.3469497415;23.98510197
Static-Geometry Safe,2,14,472.935945945946,23.554324324324323,21.254878378378372,38.0,63.0,54.12432432432433,0.0424774774774774,0.0115315315315315,0.0992117117117117,0.041081081081081,0.8484979628903745,33.0,182.0,0.0547747747747747,608,11100,0.2738202890184631,0.3847775769812912,23.99585338324197,0.4064864864864865,True,True,0.3969158517;0.64914127;0.685168137;0.2123384503;0.8391928019;0.2547057577;0.6450583303;0.3536782427;0.3495021855;0.2638904463;0.8142278578;0.4332858251,1.177446822;0.7134614509;0.6676722331;2.128067317;0.4876767217;1.782678959;0.7188179662;1.310923092;1.325454306;1.723560971;0.5165166625;1.084128614,11.90027027;8.358378378;7.805675676;23.55432432;6.064324324;19.37351351;8.234864865;15.06810811;13.97243243;18.44918919;6.133243243;12.29837838,0.3306397967;0.1951413482;0.1842414459;0.384777577;0.1149335409;0.3729171661;0.2012690305;0.3631611269;0.3489168904;0.367071904;0.1192176297;0.303556012,0.08864864865;0.1272972973;0.1345945946;0.04108108108;0.1656756757;0.05081081081;0.1281081081;0.06918918919;0.07351351351;0.05297297297;0.1643243243;0.09432432432,20.46638387;9.598073684;6.156461361;23.99093361;0.6630301652;23.99376357;3.901087459;23.87892388;23.99450889;23.99585338;0.8660666499;20.36358824
Static-Geometry Safe,2,15,403.3540540540541,26.672162162162163,22.471797297297293,34.0,61.0,52.28783783783784,0.0329504504504504,0.0104504504504504,0.1262612612612612,0.03,0.8343968248607663,27.0,178.0,0.0683783783783783,759,11100,0.2332435868325539,0.391136055401122,23.99820662757976,0.4064864864864865,True,True,0.95;0.6682774533;0.3936552323;0.8783623152;0.2542081145;0.6112416568;0.1961261937;0.2603661895;0.4858854259;0.9440218225;0.777121657;0.6438927182,0.2609434761;0.6888292002;1.186565108;0.4408835581;1.786011998;0.7647485898;2.305041448;1.74572184;0.9708198352;0.349980936;0.5589976316;0.7203540735,4.458378378;6.786486486;11.71459459;5.708648649;19.03513514;7.765405405;26.67216216;16.32;9.739459459;4.748918919;6.797567568;8.35972973,0.06276748478;0.1923136659;0.3434624947;0.1040246882;0.3890609921;0.2157831156;0.3887421252;0.3911360554;0.292820253;0.08361706688;0.1405048101;0.1946902901,0.2081081081;0.1589189189;0.0927027027;0.1775675676;0.05135135135;0.1435135135;0.03;0.05459459459;0.1172972973;0.1991891892;0.1532432432;0.1286486486,0.2609434761;4.754242405;23.99390647;0.5226506742;23.99554779;6.824468976;23.99820663;23.96871495;13.0078744;0.349980936;1.512983421;5.125665177
Static-Geometry Safe,2,16,498.28297297297297,28.388378378378377,24.891270270270265,43.0,75.0,62.24684684684685,0.0591891891891891,0.0199774774774774,0.1168243243243243,0.031081081081081,0.773033464385714,30.0,131.0,0.1327027027027027,1473,11100,0.2684218060268065,0.3964198533375218,23.999796937624723,0.4064864864864865,True,True,0.3932789834;0.7735119064;0.901603995;0.8416273572;0.2260479039;0.7045979448;0.6624829137;0.1982197585;0.7522839954;0.3841282698;0.2247729528;0.2144342016,1.187626136;0.5631378354;0.4113518347;0.4848363331;2.00065631;0.6439160289;0.6962092138;2.280313362;0.5876051337;1.214015836;2.011774821;2.107404393,12.73594595;6.536216216;4.922432432;5.54;19.32;6.255405405;7.245675676;28.38837838;6.171891892;11.32972973;22.01378378;22.03,0.3453745196;0.1701589459;0.1066179485;0.1162296831;0.3855318781;0.1785561745;0.210556246;0.3962814842;0.1659587472;0.3638766383;0.3854995535;0.3964198533,0.08756756757;0.1740540541;0.2037837838;0.1732432432;0.04513513514;0.1691891892;0.1575675676;0.03108108108;0.1824324324;0.09648648649;0.04108108108;0.04027027027,23.98332498;2.447067531;0.4340555041;0.7393453325;23.68466401;4.810068664;9.567322483;23.99979694;2.088446203;23.22047507;23.98891298;23.99967442
Static-Geometry Safe,2,17,403.9978378378378,27.248648648648647,26.93618918918919,39.0,74.0,60.196846846846846,0.0462837837837837,0.018581081081081,0.1399324324324324,0.031081081081081,0.8085567447202073,24.0,175.0,0.0881081081081081,978,11100,0.2121381509435225,0.3959174908446312,23.99969593772172,0.4064864864864865,True,True,0.6058267012;0.4606290406;0.8627452041;0.95;0.8920394043;0.9329954481;0.2434414901;0.2237143759;0.7874097494;0.2072792387;0.95;0.5223938409,0.772389876;1.022513998;0.4598691245;0.2139841101;0.4237308779;0.3673358894;1.861711545;2.021113381;0.5472165522;2.179902851;0.241873434;0.9032962107,8.295405405;9.753513514;4.689459459;3.986486486;5.198378378;4.663513514;18.78459459;27.24864865;6.005135135;26.68054054;4.403513514;9.073513514,0.2204442457;0.2896201811;0.1160858817;0.05685037304;0.1081086348;0.0916354124;0.3844182757;0.393297739;0.1484879509;0.3959174908;0.05857259375;0.2822190323,0.1318918919;0.1083783784;0.1994594595;0.2216216216;0.1894594595;0.2091891892;0.05054054054;0.03378378378;0.1748648649;0.03108108108;0.2067567568;0.1221621622,10.02691653;15.6157559;0.6394764981;0.2139841101;0.4949235117;0.3673358894;23.99413496;23.99042902;1.030515866;23.99969594;0.241873434;16.95821811
Static-Geometry Safe,2,18,337.45405405405404,24.51567567567568,20.327648648648644,32.0,57.0,47.72567567567568,0.0273873873873873,0.0082207207207207,0.1544369369369369,0.0397297297297297,0.846994112926522,20.0,154.0,0.0574774774774774,638,11100,0.1892366162110907,0.3952740455875442,23.9988301609813,0.4064864864864865,True,True,0.95;0.2298402862;0.2514208534;0.95;0.8064515181;0.2889292384;0.86964094;0.95;0.4229897239;0.9113191376;0.93510967;0.8418183031,0.2641897105;1.968390267;1.804941085;0.3377909827;0.5254308787;1.582364629;0.451552802;0.2372894534;1.10910177;0.3983676074;0.3641087485;0.4846132827,4.337297297;24.51567568;16.90108108;4.443783784;6.055675676;15.14864865;5.415135135;4.454594595;10.64216216;4.590810811;5.103243243;6.218918919,0.06897493522;0.3952740456;0.3863549565;0.08371738679;0.1332038282;0.3776291804;0.1188682241;0.06073327361;0.3243373285;0.09786923112;0.09486509014;0.1290119145,0.2175675676;0.03972972973;0.05324324324;0.2113513514;0.1732432432;0.06567567568;0.1883783784;0.2091891892;0.1008108108;0.1989189189;0.2054054054;0.1897297297,0.2641897105;23.99883016;23.97810691;0.3377909827;1.152585272;23.98474892;0.606211208;0.2372894534;23.98263277;0.3983676074;0.3641087485;1.584585958
Static-Geometry Safe,2,19,484.2902702702703,24.076486486486488,23.089013513513517,37.0,60.0,51.26576576576576,0.0383558558558558,0.0096846846846846,0.0953153153153153,0.0362162162162162,0.8322173797320228,34.0,131.0,0.0528828828828828,587,11100,0.2923620450776912,0.3893124742206037,23.99687648505012,0.4064864864864865,True,True,0.8339118425;0.4218873338;0.3658373363;0.3670076204;0.481511622;0.1930715746;0.2120595117;0.3057773787;0.5446939528;0.4653449839;0.3623629999;0.8770434254,0.4938172966;1.111838862;1.270411673;1.266646367;0.9794527448;2.342239302;2.1308523;1.500722279;0.8655191693;1.012509865;1.281724896;0.4425090154,5.952432432;11.95891892;13.39324324;11.82108108;10.56621622;22.28108108;24.07648649;14.89027027;9.257567568;9.625405405;13.16567568;5.601351351,0.1235877883;0.2983935109;0.3406076701;0.3577420146;0.2697465803;0.375391326;0.3893124742;0.3739637679;0.2486613181;0.2859656239;0.3460657219;0.0989067448,0.1737837838;0.08783783784;0.0772972973;0.08783783784;0.1013513514;0.03621621622;0.03756756757;0.06432432432;0.1197297297;0.1072972973;0.07513513514;0.1754054054,0.7752691863;21.77481515;23.98499219;23.93274466;15.75756254;23.99135023;23.99687649;23.98450662;12.1552476;14.8253354;23.99179083;0.5275270463
Static-Geometry Safe,4,0,387.685945945946,21.935405405405405,20.53216216216216,35.0,60.0,50.8027027027027,0.0339189189189189,0.0094819819819819,0.143490990990991,0.0456756756756756,0.8232788775885646,25.0,183.0,0.0529729729729729,588,11100,0.2178894496783032,0.3998093830321111,23.99998220044626,0.4064864864864865,True,True,0.95;0.2315765095;0.95;0.8081176242;0.6281327393;0.795200025;0.3394136806;0.9476946562;0.5005847781;0.95;0.23436609;0.2528380647,0.3369544871;1.95400716;0.2191119648;0.5235225351;0.7414402559;0.5383055036;1.361973486;0.3438720469;0.9427001774;0.2738400263;1.931388168;1.795260579,4.647567568;21.93540541;4.917297297;6.132972973;8.569459459;6.194324324;12.78675676;4.924324324;10.33621622;4.562432432;19.38405405;18.57945946,0.08542251592;0.3876327717;0.05714676919;0.1380967552;0.2070021039;0.1473793176;0.3839292828;0.08364455194;0.2687969425;0.06431540077;0.3914976017;0.399809383,0.2135135135;0.04567567568;0.2137837838;0.1921621622;0.1435135135;0.19;0.08675675676;0.2054054054;0.1202702703;0.2091891892;0.04918918919;0.05243243243,0.3369544871;23.99443673;0.2191119648;0.7705676054;3.853125886;0.8149165108;23.99181084;0.3438720469;9.967504436;0.2738400263;23.99717177;23.9999822
Static-Geometry Safe,4,1,518.27,27.12135135135135,26.398027027027027,47.0,76.0,64.76891891891891,0.0704279279279279,0.0229729729729729,0.12,0.0327027027027027,0.6966785703557501,33.0,155.0,0.122072072072072,1355,11100,0.2792530023740494,0.3993596689250134,23.99874276705156,0.4064864864864865,True,True,0.5605092249;0.2181252996;0.2316669551;0.3707979081;0.95;0.95;0.2020086086;0.95;0.325972712;0.8362721814;0.2993435181;0.2334007936,0.8400796556;2.072097608;1.953264399;1.254604531;0.2976063768;0.2276934429;2.237061952;0.2579608484;1.414030367;0.4910760745;1.530799061;1.939147999,9.512162162;27.12135135;21.79837838;12.69702703;4.244324324;3.893513514;25.80621622;4.396216216;13.37351351;5.934594595;15.19864865;21.52108108,0.2642845187;0.3959386511;0.3927645169;0.3790940177;0.07753852627;0.06356954772;0.3942065926;0.06616347166;0.3913424583;0.1386958102;0.3880782483;0.3993596689,0.1381081081;0.03891891892;0.04189189189;0.09405405405;0.2216216216;0.2475675676;0.0327027027;0.2259459459;0.08135135135;0.2013513514;0.07189189189;0.04459459459,7.082150702;23.99874277;23.99722263;23.93542526;0.2976063768;0.2276934429;23.99136411;0.2579608484;23.98900631;0.9464564472;23.99317275;23.99430778
Static-Geometry Safe,4,2,415.3816216216216,24.992432432432437,22.52174324324324,37.0,58.0,50.318018018018016,0.0382882882882882,0.0083333333333333,0.1309459459459459,0.0362162162162162,0.8257869047095555,28.0,104.0,0.0638738738738738,709,11100,0.239047643560266,0.4014059048077046,23.999999667559845,0.4064864864864865,True,True,0.2983974043;0.4720337023;0.7619171253;0.95;0.6042558466;0.7527600943;0.6803453125;0.2438339011;0.7053294905;0.1925045361;0.95;0.2931742638,1.535332493;0.9986066978;0.5764720931;0.328976203;0.7746227687;0.5870535051;0.6736618433;1.858825842;0.6430324214;2.34929577;0.2710575607;1.560894842,15.87162162;9.331621622;6.504324324;4.82027027;8.865135135;6.721621622;7.103783784;20.50027027;7.228108108;24.99243243;4.745135135;15.51783784,0.3863228516;0.2566689107;0.1506617606;0.08313317562;0.2246406029;0.1588217726;0.1733313716;0.4014059048;0.1736187538;0.3949356673;0.06805742537;0.396973526,0.06405405405;0.1256756757;0.1802702703;0.207027027;0.1402702703;0.172972973;0.1627027027;0.04459459459;0.1602702703;0.03621621622;0.2108108108;0.06648648649,23.99061455;9.152627724;0.9294162793;0.328976203;4.292455374;1.335267526;2.08394212;23.97730313;1.458194529;23.99999967;0.2710575607;23.99901395
Static-Geometry Safe,4,3,503.84135135135136,20.667297297297296,20.34725675675676,43.0,64.0,56.428378378378376,0.0579279279279279,0.0128603603603603,0.1073873873873873,0.0481081081081081,0.718433190441952,35.0,123.0,0.0924324324324324,1026,11100,0.3156165198250503,0.3960043143422924,23.9988214464753,0.4064864864864865,True,True,0.2469621281;0.8215561338;0.8932287906;0.3220866759;0.225348274;0.2465631425;0.4834834838;0.2778755806;0.2645088005;0.3014458345;0.9387067142;0.2969367479,1.836175919;0.5080937316;0.4222105672;1.429873819;2.006740312;1.839030251;0.9755450403;1.641436133;1.719737046;1.520828652;0.3585144156;1.542388958,18.26189189;5.513243243;4.702162162;12.4327027;20.08540541;20.6672973;9.828378378;15.91135135;18.22810811;16.35;4.431351351;16.35918919,0.3950259544;0.1435021485;0.1146815189;0.3957272407;0.3953820776;0.3931548455;0.3055828923;0.3899519893;0.3960043143;0.389249928;0.09437649752;0.3747588307,0.05783783784;0.2064864865;0.2272972973;0.08675675676;0.04864864865;0.04810810811;0.1321621622;0.06486486486;0.05891891892;0.06810810811;0.2191891892;0.07027027027,23.99541437;0.9404686578;0.4888422689;23.98892778;23.99767838;23.98108556;17.2060673;23.99882145;23.98300089;23.98667143;0.3585144156;23.97240148
Static-Geometry Safe,4,4,473.7840540540541,21.25027027027027,21.15706756756757,37.0,60.0,51.73468468468469,0.039054054054054,0.0097522522522522,0.1025,0.0459459459459459,0.8764504747700795,33.0,126.0,0.0467567567567567,519,11100,0.282965377680279,0.393963345939476,23.997933097420248,0.4064864864864865,True,True,0.662118963;0.6741961796;0.3640876;0.2460798207;0.2372011855;0.4128728207;0.5024050881;0.4159209977;0.2309431598;0.4380235493;0.7287104513;0.5641011845,0.6966749552;0.6813572012;1.27608378;1.842501298;1.908996959;1.13470463;0.9393093506;1.126874486;1.959226317;1.072981387;0.6151471375;0.8344446437,7.610540541;7.590810811;13.35378378;18.64648649;21.08081081;11.65594595;10.33189189;11.5572973;21.25027027;11.9027027;7.478918919;8.188378378,0.1860310421;0.1721808062;0.3252289202;0.3889171658;0.3864428979;0.3229308043;0.2619911486;0.2823277429;0.3939633459;0.3004347885;0.15727816;0.2178577097,0.1502702703;0.1508108108;0.08486486486;0.05054054054;0.04891891892;0.1005405405;0.1127027027;0.09648648649;0.04594594595;0.09783783784;0.1556756757;0.1354054054,1.780049731;1.525428805;23.99551877;23.99257917;23.9979331;16.08227782;7.397208569;18.93310907;23.99644225;17.09751607;1.290882825;3.682225012
Static-Geometry Safe,4,5,436.85513513513513,26.074054054054056,21.34658108108108,37.0,64.0,54.038738738738736,0.0376351351351351,0.0116891891891891,0.1251801801801801,0.0429729729729729,0.8178456255212906,29.0,166.0,0.0477477477477477,530,11100,0.253461265352273,0.3884878689634771,23.994891884891334,0.4064864864864865,True,True,0.9411489522;0.4821824971;0.3825098869;0.7544254172;0.3523107703;0.8677360717;0.95;0.2189202535;0.8265150398;0.3376263363;0.2625732011;0.2699141276,0.3546353857;0.9781203331;1.218803669;0.5851252029;1.315645181;0.4538598372;0.2241414152;2.064668323;0.5023771293;1.368663091;1.731770293;1.687095206,4.901891892;10.09486486;11.25972973;6.652972973;14.14108108;6.197567568;4.662702703;26.07405405;6.190540541;12.87621622;17.47864865;17.42864865,0.08616681397;0.2754598344;0.3429120593;0.1481790041;0.3538018797;0.1112569925;0.05567188124;0.3800105751;0.1317042744;0.3817460298;0.3861379707;0.388487869,0.2062162162;0.1183783784;0.09756756757;0.1732432432;0.08783783784;0.18;0.21;0.04297297297;0.1837837838;0.0827027027;0.05540540541;0.06405405405,0.3546353857;9.609248994;22.21539813;1.140500811;23.98355061;0.5615795117;0.2241414152;23.99489188;0.8190170342;23.98983911;23.99252137;23.98366234
Static-Geometry Safe,4,6,314.5843243243243,16.074864864864864,15.345148648648648,28.0,45.0,38.0509009009009,0.0151801801801801,0.0019369369369369,0.1477702702702702,0.0637837837837837,0.9039936631202212,23.0,81.0,0.0067567567567567,75,11100,0.1781466499934315,0.366792280410691,23.99547723880539,0.4064864864864865,True,True,0.6600953202;0.4082536129;0.95;0.8542797728;0.5796663152;0.95;0.7238759829;0.298421524;0.95;0.3698913443;0.95;0.5870736138,0.6992694381;1.146768836;0.2551559305;0.4699577518;0.8105930222;0.2156180293;0.6208604762;1.535216558;0.2628816135;1.257463669;0.2571157349;0.7995478023,8.206216216;12.61567568;4.714324324;5.98;9.365945946;4.70972973;8.021621622;16.07486486;4.375675676;14.74810811;4.537297297;9.266216216,0.1903146822;0.3235747744;0.05937547464;0.1157112194;0.2022100972;0.05029144845;0.1406165079;0.3667922804;0.06081801652;0.3527695373;0.06156879489;0.2137169666,0.1437837838;0.09378378378;0.2005405405;0.1808108108;0.1251351351;0.1994594595;0.1402702703;0.06378378378;0.2043243243;0.08243243243;0.2035135135;0.1354054054,1.792694381;17.71105996;0.2551559305;0.5399155036;3.337709289;0.2156180293;1.062581429;23.99547724;0.2628816135;23.96274746;0.2571157349;3.99231264
Static-Geometry Safe,4,7,367.5697297297297,28.723513513513517,22.649581081081077,35.0,65.0,54.142342342342346,0.0368018018018018,0.01259009009009,0.155563063063063,0.0321621621621621,0.8378373370756439,22.0,196.0,0.06,666,11100,0.1948909023765614,0.3896717780025981,23.998884423624965,0.4064864864864865,True,True,0.95;0.8194645516;0.5139536145;0.1957148488;0.2668165055;0.95;0.9166527097;0.2817874583;0.4060368001;0.95;0.95;0.8957240492,0.2129344738;0.5105004868;0.9182376412;2.309972111;1.705631049;0.2143947682;0.3910280632;1.619983796;1.152645744;0.2643493157;0.2202876177;0.4190042049,4.594594595;5.468108108;9.76;28.72351351;16.2527027;4.656486486;5.250810811;17.68;11.32378378;4.534594595;4.521891892;5.234594595,0.05288831931;0.1281770141;0.2821719454;0.3883250413;0.3844584581;0.05307719126;0.1017729797;0.389671778;0.3258560671;0.06587299163;0.05679848306;0.1096205596,0.2151351351;0.1921621622;0.1313513514;0.03216216216;0.06351351351;0.21;0.2118918919;0.06189189189;0.1094594595;0.2118918919;0.2197297297;0.2075675676,0.2129344738;0.7315014605;6.110653955;23.99888442;23.9759214;0.2143947682;0.3910280632;23.99708331;23.80053827;0.2643493157;0.2202876177;0.4950210247
Static-Geometry Safe,4,8,407.5051351351352,23.809729729729728,22.893013513513512,37.0,59.0,50.83828828828829,0.0386261261261261,0.0089864864864864,0.1383783783783783,0.0329729729729729,0.7959552060629403,25.0,119.0,0.0621621621621621,690,11100,0.231132270457712,0.3954717594455085,23.9978746481775,0.4064864864864865,True,True,0.924502767;0.7675714746;0.2938168902;0.223720696;0.8564804989;0.95;0.4732619221;0.198994158;0.3554966144;0.365156396;0.95;0.8950142286,0.3798996382;0.5699618165;1.557699888;2.021057334;0.4673466129;0.2347890628;0.9960890923;2.271318822;1.304697623;1.272612991;0.2590903055;0.4199186836,4.714864865;6.814324324;15.98918919;22.14297297;5.473783784;4.677027027;10.78513514;23.80972973;12.74594595;12.31243243;4.293243243;4.647027027,0.09579631417;0.1560463027;0.3814259727;0.3954717594;0.1162051037;0.05939528725;0.2864429174;0.3941045091;0.3649627134;0.3460131536;0.06491262518;0.1128105869,0.2078378378;0.1756756757;0.06324324324;0.04;0.1910810811;0.2148648649;0.1202702703;0.03297297297;0.08783783784;0.09162162162;0.2205405405;0.2145945946,0.3798996382;0.9098854496;23.99787465;23.97921071;0.6020398386;0.2347890628;14.09440549;23.99692701;23.9059391;21.41406766;0.2590903055;0.4398373672
Static-Geometry Safe,4,9,504.0910810810811,27.317297297297294,25.832594594594596,44.0,73.0,61.15,0.0609684684684684,0.02009009009009,0.1237837837837837,0.0337837837837837,0.7498614770302103,30.0,120.0,0.1183783783783783,1314,11100,0.2599622936104236,0.3971525031511579,23.99736336662604,0.4064864864864865,True,True,0.3257577326;0.6871221964;0.2523803769;0.1963495047;0.5437054116;0.2493362779;0.95;0.4363495231;0.95;0.6652629851;0.95;0.2127973752,1.414897118;0.6652565043;1.798374164;2.302374716;0.8671448273;1.819394726;0.209506079;1.076896197;0.2790122724;0.6926602831;0.247425482;2.123503268,15.7427027;7.751891892;19.12;27.3172973;9.74;19.18621622;4.130540541;9.412972973;4.6;7.507027027;4.451081081;24.61783784,0.3839342449;0.175843476;0.3912678925;0.3963818093;0.2657681714;0.3968247416;0.05413184094;0.3210314879;0.07231696465;0.2014330985;0.06346129254;0.3971525032,0.07162162162;0.1572972973;0.04918918919;0.03378378378;0.1316216216;0.05054054054;0.2289189189;0.1202702703;0.2175675676;0.1654054054;0.2210810811;0.03810810811,23.9898763;3.309360573;23.98376384;23.99736337;9.955806884;23.99407707;0.209506079;18.21377181;0.2790122724;2.126602831;0.247425482;23.99466673
Static-Geometry Safe,4,10,550.4191891891892,26.422432432432437,24.35755405405405,45.0,76.0,63.84144144144144,0.0663063063063063,0.0218243243243243,0.0986036036036036,0.0359459459459459,0.780434482358743,37.0,174.0,0.1015315315315315,1127,11100,0.3088021511619496,0.4006641867433879,23.995404119262624,0.4064864864864865,True,True,0.2210551088;0.5230742899;0.4621770162;0.8877431859;0.3493760462;0.4491418585;0.5565464418;0.34857734;0.2223217792;0.6900300697;0.2104662511;0.2177243916,2.045012567;0.9021077578;1.019211399;0.4291816563;1.325898395;1.047619095;0.8463561798;1.328717478;2.03354937;0.6616731043;2.146920017;2.075867389,22.66810811;10.74621622;11.09648649;5.121081081;14.91243243;10.96162162;9.110810811;13.95648649;21.58891892;7.458378378;22.4627027;26.42243243,0.3957375669;0.2667313208;0.2892356673;0.1099633;0.3418667752;0.3233462179;0.2374372202;0.3659359758;0.4006641867;0.1827648413;0.3992110734;0.3927316682,0.0472972973;0.1162162162;0.1148648649;0.2127027027;0.08189189189;0.1159459459;0.1351351351;0.08081081081;0.04432432432;0.1602702703;0.03783783784;0.03594594595,23.98566603;7.446370672;12.53791918;0.5750899378;23.7323422;14.91428741;10.77611011;23.96096733;23.98978262;2.755057939;23.99540412;23.99321517
Static-Geometry Safe,4,11,454.0332432432433,26.62162162162162,24.067837837837832,39.0,67.0,55.99054054054054,0.0451126126126126,0.0142792792792792,0.1151801801801801,0.0359459459459459,0.845772231268631,31.0,128.0,0.0425225225225225,472,11100,0.2568653154849172,0.3964476181032941,23.99683310085231,0.4064864864864865,True,True,0.95;0.2935060875;0.6227889451;0.4312530983;0.6153269509;0.4183303984;0.9434799305;0.4987828682;0.6260188518;0.4351735249;0.2492611008;0.2092716103,0.3358641596;1.559243329;0.7487311135;1.088976442;0.7590395275;1.120756955;0.3508668233;0.9460759936;0.7443154627;1.079661914;1.819920828;2.159149808,5.044054054;14.82972973;8.121621622;11.28108108;9.218918919;13.32351351;5.029459459;11.32;9.758378378;11.33243243;21.97837838;26.62162162,0.07897346456;0.3598902169;0.1908252541;0.3187463479;0.1909907568;0.3259282387;0.08600978616;0.2600430501;0.178032212;0.3119347531;0.3964476181;0.3845620874,0.1983783784;0.07027027027;0.1513513514;0.1056756757;0.1340540541;0.09378378378;0.1978378378;0.1075675676;0.1297297297;0.1091891892;0.04837837838;0.03594594595,0.3358641596;23.99535639;4.215740065;15.53779856;5.375988187;23.96617423;0.3508668233;15.29012782;3.919255642;17.34918126;23.9968331;23.99336235
Static-Geometry Safe,4,12,472.52783783783786,21.82918918918919,20.772594594594597,38.0,59.0,52.19144144144144,0.040518018018018,0.0091216216216216,0.1083333333333333,0.0478378378378378,0.8442772148314223,32.0,124.0,0.0372072072072072,413,11100,0.2782468035315975,0.3943051760069164,23.99940523799794,0.4064864864864865,True,True,0.2277146089;0.9318683167;0.4490225566;0.364868936;0.3264467419;0.2532754659;0.5108922966;0.7249468559;0.885090931;0.3371942215;0.4510893652;0.3770521179,1.986329388;0.369039043;1.047885528;1.273544601;1.412123145;1.792296255;0.9237509324;0.6195927545;0.4325165816;1.370290719;1.043286736;1.235229773,19.90810811;4.928918919;11.25378378;13.47378378;14.65972973;21.82918919;10.05567568;6.615405405;5.67972973;15.57135135;12.16513514;12.36540541,0.3892131909;0.08507846046;0.3081349878;0.3552156834;0.3648620883;0.394305176;0.2419228793;0.1450181961;0.1062588034;0.3547941915;0.2726643984;0.3214935868,0.05108108108;0.1959459459;0.1091891892;0.08459459459;0.07972972973;0.04783783784;0.1167567568;0.16;0.1851351351;0.07702702703;0.1024324324;0.09027027027,23.9934339;0.369039043;23.95484878;23.99469485;23.93348218;23.99940524;7.180014918;1.317556527;0.4650331633;22.84715241;12.79559493;21.35120386
Static-Geometry Safe,4,13,328.7043243243243,24.485405405405405,18.60070270270269,29.0,54.0,45.193693693693696,0.0202252252252252,0.0078603603603603,0.1497297297297297,0.0429729729729729,0.895700191981338,23.0,146.0,0.0306306306306306,340,11100,0.1838797805311788,0.3872156753346529,23.99651180893668,0.4064864864864865,True,True,0.931036637;0.7159624459;0.6775674106;0.3509019354;0.95;0.7562371291;0.2357345475;0.5713184825;0.95;0.8385292043;0.9458583108;0.3749843981,0.3702883284;0.6302691506;0.6771299559;1.320546841;0.2764601871;0.5830294735;1.920506701;0.8232731646;0.2265612916;0.488449848;0.3469497415;1.241568686,5.822972973;6.918378378;8.344324324;13.78594595;5.027837838;6.455405405;24.48540541;9.045675676;4.469189189;5.603783784;5.188108108;12.76378378,0.08896927675;0.1693209556;0.1645242785;0.3504802697;0.06851729502;0.1476482748;0.3872156753;0.2387492177;0.05676278846;0.124356691;0.07445353912;0.3355591044,0.182972973;0.1594594595;0.1432432432;0.07972972973;0.2067567568;0.167027027;0.04297297297;0.1359459459;0.2135135135;0.1889189189;0.1837837838;0.09243243243,0.3702883284;1.442153205;1.539909691;21.95609151;0.2764601871;0.9490884205;23.99651181;7.335282786;0.2265612916;0.6653495441;0.3469497415;23.75686861
Static-Geometry Safe,4,14,485.16486486486485,26.99810810810811,23.650837837837837,39.0,67.0,57.1990990990991,0.0458783783783783,0.0132882882882882,0.1081306306306306,0.0381081081081081,0.8435035271134175,33.0,182.0,0.0404504504504504,449,11100,0.2750226458236672,0.3951303369000704,23.996995701246963,0.4064864864864865,True,True,0.3969158517;0.64914127;0.685168137;0.2123384503;0.8391928019;0.2547057577;0.6450583303;0.3536782427;0.3495021855;0.2638904463;0.8142278578;0.4332858251,1.177446822;0.7134614509;0.6676722331;2.128067317;0.4876767217;1.782678959;0.7188179662;1.310923092;1.325454306;1.723560971;0.5165166625;1.084128614,12.06783784;8.452702703;7.880810811;26.99810811;6.068378378;16.84;8.471621622;15.42297297;14.04297297;20.91216216;5.998378378;12.15486486,0.3293668812;0.1907063176;0.1773842717;0.3951303369;0.118755872;0.3844804891;0.1960236021;0.3546578419;0.3510662758;0.3829100318;0.1232660035;0.2965238264,0.09837837838;0.1418918919;0.1435135135;0.03810810811;0.1802702703;0.05810810811;0.1413513514;0.07864864865;0.08351351351;0.05243243243;0.1802702703;0.1010810811,16.21361736;3.609613371;2.415083496;23.97345265;0.6630301652;23.9969957;2.231725763;23.99323131;23.99450889;23.98956077;0.7495499874;14.18734397
Static-Geometry Safe,4,15,435.4783783783784,30.33,25.44139189189189,39.0,75.0,60.55225225225225,0.0460585585585585,0.0175675675675675,0.1335585585585585,0.0308108108108108,0.8374983304763282,26.0,167.0,0.0771171171171171,856,11100,0.2334651979141457,0.4001005729555505,23.99744540922846,0.4064864864864865,True,True,0.95;0.6682774533;0.3936552323;0.8783623152;0.2542081145;0.6112416568;0.1961261937;0.2603661895;0.4858854259;0.9440218225;0.777121657;0.6438927182,0.2609434761;0.6888292002;1.186565108;0.4408835581;1.786011998;0.7647485898;2.305041448;1.74572184;0.9708198352;0.349980936;0.5589976316;0.7203540735,4.375675676;6.854324324;11.64648649;5.872702703;21.44162162;7.951621622;30.33;18.92351351;10.09486486;4.74027027;7.015135135;8.866756757,0.06410746479;0.1932445162;0.3370486293;0.1052162653;0.389543698;0.2118560283;0.3993328562;0.400100573;0.2846863571;0.08579262405;0.1400515688;0.1906017941,0.2148648649;0.1740540541;0.107027027;0.1835135135;0.05;0.1548648649;0.03081081081;0.05621621622;0.1240540541;0.2054054054;0.1621621622;0.1397297297,0.2609434761;1.844146001;20.52520862;0.5226506742;23.99109558;4.859720386;23.99744541;23.99517707;11.07049588;0.349980936;0.8769928948;2.884957029
Static-Geometry Safe,4,16,489.35027027027024,27.473783783783784,24.563540540540536,42.0,76.0,61.94504504504504,0.0557882882882882,0.0198198198198198,0.124527027027027,0.034054054054054,0.7782660996521841,30.0,126.0,0.1096396396396396,1217,11100,0.2694232738869318,0.4005955905712983,23.99979693762477,0.4064864864864865,True,True,0.3932789834;0.7735119064;0.901603995;0.8416273572;0.2260479039;0.7045979448;0.6624829137;0.1982197585;0.7522839954;0.3841282698;0.2247729528;0.2144342016,1.187626136;0.5631378354;0.4113518347;0.4848363331;2.00065631;0.6439160289;0.6962092138;2.280313362;0.5876051337;1.214015836;2.011774821;2.107404393,12.92297297;6.834054054;4.987567568;5.714864865;18.50351351;6.282702703;6.965675676;27.47378378;6.224324324;11.47324324;22.18243243;22.15810811,0.3469794197;0.1657451629;0.1085079434;0.1192435306;0.3963462366;0.1808185822;0.2043468125;0.4005955906;0.163417752;0.3563300534;0.3914805056;0.3992676971,0.09837837838;0.1813513514;0.2121621622;0.1840540541;0.04837837838;0.1832432432;0.1681081081;0.03405405405;0.1935135135;0.1059459459;0.04486486486;0.04027027027,23.98332498;1.378827012;0.4340555041;0.6545089994;23.79361149;1.551328231;2.443138207;23.99979694;1.688446203;21.22047507;23.98856908;23.99251421
Static-Geometry Safe,4,17,398.2594594594594,25.17810810810811,25.04848648648649,39.0,70.0,57.74684684684685,0.0474549549549549,0.0174549549549549,0.1482432432432432,0.0356756756756756,0.813792716359451,24.0,116.0,0.0722522522522522,802,11100,0.2112245570715496,0.3965066537774357,23.998057027533086,0.4064864864864865,True,True,0.6058267012;0.4606290406;0.8627452041;0.95;0.8920394043;0.9329954481;0.2434414901;0.2237143759;0.7874097494;0.2072792387;0.95;0.5223938409,0.772389876;1.022513998;0.4598691245;0.2139841101;0.4237308779;0.3673358894;1.861711545;2.021113381;0.5472165522;2.179902851;0.241873434;0.9032962107,8.738108108;10.14648649;4.797567568;3.887297297;5.185675676;4.662162162;20.97486486;24.94243243;6.398378378;25.17810811;4.327297297;9.093513514,0.2112590688;0.2838167233;0.1203117061;0.05783354328;0.1093683752;0.0936210118;0.3954879119;0.3889277641;0.1478963655;0.3965066538;0.06014150251;0.2695240586,0.1413513514;0.1181081081;0.212972973;0.2313513514;0.1986486486;0.2194594595;0.04810810811;0.03918918919;0.1859459459;0.03567567568;0.2148648649;0.1332432432,4.758238016;9.517821956;0.5796073736;0.2139841101;0.4474617559;0.3673358894;23.99277009;23.98581206;0.8416496567;23.99805703;0.241873434;10.63514464
Static-Geometry Safe,4,18,343.60324324324324,23.79945945945946,21.44947297297297,32.0,60.0,50.75135135135135,0.0279729729729729,0.0099774774774774,0.1597072072072072,0.0456756756756756,0.8548545442910515,21.0,177.0,0.0463063063063063,514,11100,0.1888485806419682,0.3920820613701483,23.998058294668787,0.4064864864864865,True,True,0.95;0.2298402862;0.2514208534;0.95;0.8064515181;0.2889292384;0.86964094;0.95;0.4229897239;0.9113191376;0.93510967;0.8418183031,0.2641897105;1.968390267;1.804941085;0.3377909827;0.5254308787;1.582364629;0.451552802;0.2372894534;1.10910177;0.3983676074;0.3641087485;0.4846132827,4.64027027;23.79945946;19.52675676;4.581351351;6.332702703;14.59027027;5.539189189;4.464054054;10.90783784;4.642432432;5.118378378;6.28,0.06954615621;0.3920820614;0.383428025;0.08536069428;0.1339138699;0.3806228432;0.1183800589;0.06111806731;0.3231382995;0.0992689011;0.09397942021;0.1253445707,0.2191891892;0.04567567568;0.05621621622;0.2113513514;0.1843243243;0.07189189189;0.1945945946;0.2162162162;0.1035135135;0.2108108108;0.2078378378;0.1948648649,0.2641897105;23.99805829;23.99619822;0.3377909827;0.9017235147;23.95429695;0.554658406;0.2372894534;20.65532746;0.3983676074;0.3641087485;0.6538398482
Static-Geometry Safe,4,19,485.4218918918919,25.44162162162162,23.687864864864864,38.0,63.0,52.76981981981982,0.0424324324324324,0.0113963963963963,0.1052252252252252,0.0378378378378378,0.8313537079051558,34.0,122.0,0.0490990990990991,545,11100,0.2926760155478037,0.3962815684459906,23.996876485050244,0.4064864864864865,True,True,0.8339118425;0.4218873338;0.3658373363;0.3670076204;0.481511622;0.1930715746;0.2120595117;0.3057773787;0.5446939528;0.4653449839;0.3623629999;0.8770434254,0.4938172966;1.111838862;1.270411673;1.266646367;0.9794527448;2.342239302;2.1308523;1.500722279;0.8655191693;1.012509865;1.281724896;0.4425090154,5.937567568;11.81702703;13.52702703;12.24648649;10.47324324;22.25297297;25.44162162;15.61918919;8.901891892;9.453513514;12.80432432;5.396756757,0.1266574634;0.2872751223;0.3433545062;0.3621923937;0.2618050715;0.3962815684;0.3875847561;0.3792365759;0.2379008095;0.2796716437;0.3450264855;0.1051257904,0.1859459459;0.09621621622;0.08837837838;0.09459459459;0.1159459459;0.03783783784;0.03891891892;0.0672972973;0.1356756757;0.1210810811;0.08648648649;0.1943243243,0.7752691863;15.90378198;23.86363732;23.93213568;9.947960386;23.99135023;23.99687649;23.99606308;8.241421725;8.625177564;20.92936718;0.4850180308
Static-Geometry Safe,8,0,388.51567567567565,19.91054054054054,19.66066216216216,36.0,57.0,49.33603603603604,0.0363063063063063,0.0077477477477477,0.1457207207207207,0.0489189189189189,0.8309370465773676,25.0,102.0,0.0402702702702702,447,11100,0.2183634283473953,0.3998093830321111,23.99998220044658,0.4064864864864865,True,True,0.95;0.2315765095;0.95;0.8081176242;0.6281327393;0.795200025;0.3394136806;0.9476946562;0.5005847781;0.95;0.23436609;0.2528380647,0.3369544871;1.95400716;0.2191119648;0.5235225351;0.7414402559;0.5383055036;1.361973486;0.3438720469;0.9427001774;0.2738400263;1.931388168;1.795260579,4.656486486;19.91054054;5.122432432;5.93972973;9.384864865;6.317837838;13.52405405;5.01972973;10.95297297;4.648378378;19.45621622;18.59756757,0.0855135847;0.3960825323;0.05744286644;0.1385212329;0.2019923724;0.1473793176;0.3839292828;0.08290104481;0.2647204012;0.06535155222;0.3967175697;0.399809383,0.2191891892;0.04891891892;0.2137837838;0.1983783784;0.1478378378;0.1886486486;0.08864864865;0.2021621622;0.1227027027;0.2097297297;0.04945945946;0.05918918919,0.3369544871;23.99862288;0.2191119648;0.8940901405;1.765761024;0.8149165108;23.94536011;0.3438720469;5.368603194;0.2738400263;23.98408667;23.9999822
Static-Geometry Safe,8,1,545.4827027027027,31.143243243243244,28.195540540540534,50.0,85.0,71.14144144144144,0.08259009009009,0.0308333333333333,0.1234684684684684,0.0278378378378378,0.7049658977713822,32.0,154.0,0.1290990990990991,1433,11100,0.279673402301601,0.4019801391935504,23.997954114979105,0.4064864864864865,True,True,0.5605092249;0.2181252996;0.2316669551;0.3707979081;0.95;0.95;0.2020086086;0.95;0.325972712;0.8362721814;0.2993435181;0.2334007936,0.8400796556;2.072097608;1.953264399;1.254604531;0.2976063768;0.2276934429;2.237061952;0.2579608484;1.414030367;0.4910760745;1.530799061;1.939147999,9.039189189;25.78378378;21.87135135;13.72054054;4.188378378;4.107567568;31.14324324;4.390810811;13.04459459;5.939459459;15.72459459;24.36918919,0.2522509452;0.4004188622;0.3954040634;0.3780767708;0.07777982874;0.06424647417;0.3960204266;0.0665120674;0.3940176509;0.1392267033;0.3901468957;0.4019801392,0.1478378378;0.04567567568;0.04459459459;0.09783783784;0.2254054054;0.2462162162;0.02783783784;0.2267567568;0.08540540541;0.2127027027;0.07594594595;0.04540540541,4.040876212;23.99795411;23.99722263;23.79067963;0.2976063768;0.2276934429;23.99136411;0.2579608484;23.92573512;0.7643042981;23.99255009;23.99430778
Static-Geometry Safe,8,2,457.42945945945945,29.04297297297297,26.17866216216216,41.0,70.0,59.22072072072072,0.0519819819819819,0.0162612612612612,0.1342792792792792,0.031081081081081,0.8277057034299863,27.0,171.0,0.0855855855855855,950,11100,0.2398528402975764,0.3998987487195655,23.99999933512009,0.4064864864864865,True,True,0.2983974043;0.4720337023;0.7619171253;0.95;0.6042558466;0.7527600943;0.6803453125;0.2438339011;0.7053294905;0.1925045361;0.95;0.2931742638,1.535332493;0.9986066978;0.5764720931;0.328976203;0.7746227687;0.5870535051;0.6736618433;1.858825842;0.6430324214;2.34929577;0.2710575607;1.560894842,17.02;9.326486486;6.750810811;4.818108108;9.637027027;6.82027027;7.028918919;23.83513514;7.128378378;29.04297297;4.774864865;15.42054054,0.3896424894;0.2682743399;0.1506617606;0.08162166333;0.2198253803;0.1570764784;0.1742417254;0.3998987487;0.1730973761;0.3981103913;0.06754461377;0.3982391164,0.06297297297;0.1348648649;0.1810810811;0.2083783784;0.1440540541;0.1737837838;0.1702702703;0.04783783784;0.1705405405;0.03108108108;0.212972973;0.07351351351,23.99583358;5.354021026;0.9294162793;0.328976203;2.622359381;1.335267526;1.494647373;23.97738176;1.372129686;23.99999934;0.2710575607;23.97484746
Static-Geometry Safe,8,3,538.862972972973,23.33621621621621,21.83397297297297,46.0,67.0,58.5463963963964,0.0710135135135135,0.0161261261261261,0.1071621621621621,0.0454054054054054,0.7142326572427404,38.0,108.0,0.101081081081081,1122,11100,0.3170600579345556,0.3992578709155273,23.995525753252284,0.4064864864864865,True,True,0.2469621281;0.8215561338;0.8932287906;0.3220866759;0.225348274;0.2465631425;0.4834834838;0.2778755806;0.2645088005;0.3014458345;0.9387067142;0.2969367479,1.836175919;0.5080937316;0.4222105672;1.429873819;2.006740312;1.839030251;0.9755450403;1.641436133;1.719737046;1.520828652;0.3585144156;1.542388958,18.52513514;5.784054054;4.864864865;13.09135135;23.33621622;20.60486486;9.777297297;17.05837838;19.26297297;16.93054054;4.652432432;18.26567568,0.3960184819;0.1410303412;0.1147956299;0.3945678836;0.3975515266;0.3956400215;0.2971457461;0.3930574091;0.3992578709;0.3937713105;0.09253547755;0.3893489965,0.05297297297;0.2054054054;0.2286486486;0.08702702703;0.04540540541;0.04864864865;0.14;0.06540540541;0.05756756757;0.07297297297;0.2164864865;0.06540540541,23.99174042;0.8323749262;0.4666317017;23.96369158;23.98839192;23.97623681;8.76853137;23.99552575;23.97896367;23.99540734;0.3585144156;23.99206523
Static-Geometry Safe,8,4,473.2735135135136,21.06,20.61316216216216,39.0,60.0,51.843693693693695,0.0462837837837837,0.0097522522522522,0.106599099099099,0.0437837837837837,0.8731268803303467,34.0,98.0,0.0361261261261261,401,11100,0.2832544086444061,0.3966109490707897,23.99497405061679,0.4064864864864865,True,True,0.662118963;0.6741961796;0.3640876;0.2460798207;0.2372011855;0.4128728207;0.5024050881;0.4159209977;0.2309431598;0.4380235493;0.7287104513;0.5641011845,0.6966749552;0.6813572012;1.27608378;1.842501298;1.908996959;1.13470463;0.9393093506;1.126874486;1.959226317;1.072981387;0.6151471375;0.8344446437,7.871351351;7.887297297;13.86378378;20.24756757;19.83162162;11.60405405;10.96648649;11.77243243;21.06;12.64324324;7.55;8.272972973,0.1854661705;0.1760479687;0.3293675703;0.3933989257;0.3926342394;0.3143438503;0.2589447399;0.2853733496;0.3966109491;0.2873850148;0.157111904;0.2223682213,0.1586486486;0.1532432432;0.08972972973;0.05027027027;0.05054054054;0.1043243243;0.1191891892;0.1048648649;0.04378378378;0.1018918919;0.1610810811;0.1416216216,1.483374776;1.288143207;15.25426207;23.99257917;23.98759858;7.959387978;3.793093506;9.616849825;23.99497405;7.713664972;1.26058855;2.710001793
Static-Geometry Safe,8,5,434.22513513513513,23.64189189189189,21.06774324324324,37.0,61.0,52.94414414414415,0.0396396396396396,0.0102702702702702,0.1269144144144144,0.0445945945945946,0.8265192118738471,30.0,204.0,0.032072072072072,356,11100,0.2546897567590419,0.3900549074474136,23.99980549347672,0.4064864864864865,True,True,0.9411489522;0.4821824971;0.3825098869;0.7544254172;0.3523107703;0.8677360717;0.95;0.2189202535;0.8265150398;0.3376263363;0.2625732011;0.2699141276,0.3546353857;0.9781203331;1.218803669;0.5851252029;1.315645181;0.4538598372;0.2241414152;2.064668323;0.5023771293;1.368663091;1.731770293;1.687095206,5.027567568;10.82135135;11.51405405;6.850810811;13.92405405;6.333513514;4.589459459;23.64189189;6.258648649;13.84621622;17.38459459;18.96162162,0.08530418736;0.2738736933;0.3465355297;0.1481790041;0.3577132573;0.109539685;0.05555072372;0.3900549074;0.1291245;0.3843353924;0.3889462469;0.3871199539,0.2018918919;0.1262162162;0.1002702703;0.1775675676;0.09405405405;0.18;0.2086486486;0.04459459459;0.1854054054;0.08648648649;0.05621621622;0.06162162162,0.3546353857;6.493684664;12.18291374;0.9553756086;23.30064578;0.5615795117;0.2241414152;23.99744594;0.7071313878;23.8920839;23.99578578;23.99980549
Static-Geometry Safe,8,6,322.4518918918919,17.005945945945946,15.89316216216216,30.0,48.0,41.494144144144144,0.0201351351351351,0.0033558558558558,0.1522972972972973,0.0656756756756756,0.9082704282882488,22.0,113.0,0.0033333333333333,37,11100,0.1773961384839366,0.3750907482932863,23.947267183723728,0.4064864864864865,True,True,0.6600953202;0.4082536129;0.95;0.8542797728;0.5796663152;0.95;0.7238759829;0.298421524;0.95;0.3698913443;0.95;0.5870736138,0.6992694381;1.146768836;0.2551559305;0.4699577518;0.8105930222;0.2156180293;0.6208604762;1.535216558;0.2628816135;1.257463669;0.2571157349;0.7995478023,8.660810811;12.37216216;4.771891892;5.927027027;9.455675676;4.948108108;8.29027027;17.00594595;4.403783784;14.9827027;4.592432432;9.745945946,0.1874798061;0.3130368986;0.05972027996;0.1160922662;0.2035245723;0.05122385074;0.1406165079;0.3750907483;0.06195480188;0.3435934511;0.06205523006;0.2143652486,0.1502702703;0.09864864865;0.2054054054;0.1875675676;0.1324324324;0.2;0.1410810811;0.06567567568;0.2091891892;0.08540540541;0.2078378378;0.1440540541,1.597077752;11.70952742;0.2551559305;0.5399155036;2.084744178;0.2156180293;1.062581429;23.94726718;0.2628816135;18.86644639;0.2571157349;1.998191209
Static-Geometry Safe,8,7,362.8064864864865,26.66,22.164270270270265,36.0,62.0,51.81981981981982,0.0381081081081081,0.0113963963963963,0.1562837837837837,0.0324324324324324,0.8435561189340077,22.0,114.0,0.0488288288288288,542,11100,0.1960688065315319,0.397065476306932,23.998445593946624,0.4064864864864865,True,True,0.95;0.8194645516;0.5139536145;0.1957148488;0.2668165055;0.95;0.9166527097;0.2817874583;0.4060368001;0.95;0.95;0.8957240492,0.2129344738;0.5105004868;0.9182376412;2.309972111;1.705631049;0.2143947682;0.3910280632;1.619983796;1.152645744;0.2643493157;0.2202876177;0.4190042049,4.735135135;5.415135135;10.05594595;26.66;18.48594595;4.809189189;4.94972973;17.18594595;10.84783784;4.89;4.461081081;5.387297297,0.05265811988;0.128039041;0.2786975327;0.3970654763;0.3946000481;0.05301924673;0.1006104638;0.3918609453;0.3242984377;0.06608732892;0.0563817227;0.1095073152,0.2105405405;0.1943243243;0.1367567568;0.03243243243;0.06;0.2081081081;0.2143243243;0.06810810811;0.1151351351;0.2067567568;0.2227027027;0.2062162162,0.2129344738;0.6210009736;3.582376412;23.99665327;23.99844559;0.2143947682;0.3910280632;23.99773147;10.54816166;0.2643493157;0.2202876177;0.4950210247
Static-Geometry Safe,8,8,425.8297297297297,23.5245945945946,22.16847297297297,39.0,63.0,54.435135135135134,0.0468243243243243,0.0120495495495495,0.1396846846846846,0.0391891891891891,0.7997529766389851,26.0,119.0,0.0519819819819819,577,11100,0.2314881902161789,0.3949255277335671,23.995774499710716,0.4064864864864865,True,True,0.924502767;0.7675714746;0.2938168902;0.223720696;0.8564804989;0.95;0.4732619221;0.198994158;0.3554966144;0.365156396;0.95;0.8950142286,0.3798996382;0.5699618165;1.557699888;2.021057334;0.4673466129;0.2347890628;0.9960890923;2.271318822;1.304697623;1.272612991;0.2590903055;0.4199186836,4.484324324;6.920810811;18.99486486;23.52459459;5.721621622;4.690810811;11.06756757;21.05891892;13.99648649;14.41621622;4.428378378;4.893783784,0.09559096301;0.1520411657;0.390266972;0.3949255277;0.1160787938;0.05964911326;0.281058652;0.3898074194;0.3727203749;0.3477329009;0.06540279603;0.1125836038,0.2113513514;0.1827027027;0.06054054054;0.04162162162;0.1905405405;0.2140540541;0.1224324324;0.03918918919;0.0872972973;0.09135135135;0.2216216216;0.2135135135,0.3798996382;0.9098854496;23.98676828;23.980819;0.5346932257;0.2347890628;6.917870939;23.9957745;23.72073404;21.15803654;0.2590903055;0.4398373672
Static-Geometry Safe,8,9,538.1343243243243,30.32972972972973,28.13463513513513,48.0,78.0,65.96711711711711,0.0737837837837837,0.0237387387387387,0.1253828828828828,0.0313513513513513,0.7398366746371343,31.0,152.0,0.1385585585585585,1538,11100,0.2601024002118289,0.401359916753289,23.999493627996618,0.4064864864864865,True,True,0.3257577326;0.6871221964;0.2523803769;0.1963495047;0.5437054116;0.2493362779;0.95;0.4363495231;0.95;0.6652629851;0.95;0.2127973752,1.414897118;0.6652565043;1.798374164;2.302374716;0.8671448273;1.819394726;0.209506079;1.076896197;0.2790122724;0.6926602831;0.247425482;2.123503268,14.98081081;7.776486486;21.14378378;30.32972973;9.978918919;22.3;4.063783784;10.07513514;4.392162162;7.397837838;4.151621622;26.33864865,0.3804926033;0.1722474949;0.3927260337;0.4013599168;0.2570967231;0.3982999265;0.05486794338;0.3274346544;0.07269400826;0.2008714821;0.06426375356;0.3988742626,0.07918918919;0.1624324324;0.04675675676;0.03135135135;0.1302702703;0.04351351351;0.2278378378;0.1259459459;0.2237837838;0.1713513514;0.2278378378;0.03432432432,23.92395036;1.461026017;23.99356324;23.99949363;4.674317237;23.99655009;0.209506079;8.275847871;0.2790122724;1.463301415;0.247425482;23.99864068
Static-Geometry Safe,8,10,570.4113513513513,25.95945945945946,25.944,49.0,80.0,67.93558558558559,0.0826351351351351,0.0273198198198198,0.1027702702702702,0.0327027027027027,0.7791654785133227,37.0,173.0,0.1132432432432432,1257,11100,0.3087746293110772,0.4006641867433879,23.99632329541048,0.4064864864864865,True,True,0.2210551088;0.5230742899;0.4621770162;0.8877431859;0.3493760462;0.4491418585;0.5565464418;0.34857734;0.2223217792;0.6900300697;0.2104662511;0.2177243916,2.045012567;0.9021077578;1.019211399;0.4291816563;1.325898395;1.047619095;0.8463561798;1.328717478;2.03354937;0.6616731043;2.146920017;2.075867389,20.40972973;10.9172973;12.29162162;4.993513514;16.03891892;10.96027027;9.402162162;13.70108108;25.95945946;7.184594595;25.78783784;25.93135135,0.3929740364;0.2625865014;0.2908884426;0.1105432753;0.3461669863;0.3188159732;0.2408683939;0.3666542015;0.4006641867;0.182049519;0.399791322;0.3932927135,0.04702702703;0.1267567568;0.1181081081;0.2127027027;0.08162162162;0.1275675676;0.1454054054;0.09216216216;0.03945945946;0.1681081081;0.0327027027;0.04162162162,23.99589223;4.433724125;13.39899276;0.4583633126;23.74671652;7.600000991;4.527123597;22.94098567;23.99267986;3.016731043;23.9963233;23.98735606
Static-Geometry Safe,8,11,456.1010810810811,28.125945945945947,24.2752027027027,41.0,67.0,58.03378378378378,0.0517342342342342,0.0153378378378378,0.1191216216216216,0.0372972972972973,0.8462057485863761,31.0,152.0,0.0341441441441441,379,11100,0.2574028051457605,0.3984151000789929,23.998416550426125,0.4064864864864865,True,True,0.95;0.2935060875;0.6227889451;0.4312530983;0.6153269509;0.4183303984;0.9434799305;0.4987828682;0.6260188518;0.4351735249;0.2492611008;0.2092716103,0.3358641596;1.559243329;0.7487311135;1.088976442;0.7590395275;1.120756955;0.3508668233;0.9460759936;0.7443154627;1.079661914;1.819920828;2.159149808,4.956216216;15.69486486;8.098378378;11.53351351;9.618918919;13.31783784;5.124054054;11.51405405;9.852162162;11.46054054;21.12459459;28.12594595,0.07997197963;0.3763254844;0.1932535712;0.317569076;0.1922216317;0.3144177619;0.0861994439;0.2546734296;0.1778310457;0.3046397402;0.3984151001;0.3933153974,0.2037837838;0.06675675676;0.1613513514;0.1097297297;0.1345945946;0.09891891892;0.1997297297;0.1156756757;0.1389189189;0.1135135135;0.04918918919;0.0372972973,0.3358641596;23.94238939;1.743655568;10.53543462;1.990395275;14.18119473;0.3508668233;7.467595866;1.777261851;9.232224031;23.99841655;23.99761331
Static-Geometry Safe,8,12,470.6583783783784,21.15837837837838,20.71377027027027,38.0,58.0,51.9,0.0416891891891891,0.0080405405405405,0.1127927927927927,0.0451351351351351,0.8473099935837038,33.0,152.0,0.0227927927927927,253,11100,0.2780001785458603,0.3952739847931742,23.99940523799809,0.4064864864864865,True,True,0.2277146089;0.9318683167;0.4490225566;0.364868936;0.3264467419;0.2532754659;0.5108922966;0.7249468559;0.885090931;0.3371942215;0.4510893652;0.3770521179,1.986329388;0.369039043;1.047885528;1.273544601;1.412123145;1.792296255;0.9237509324;0.6195927545;0.4325165816;1.370290719;1.043286736;1.235229773,21.15837838;4.887567568;12.02891892;13.1172973;13.84864865;20.35;10.18135135;7.177567568;5.511081081;15.17891892;12.51621622;13.52621622,0.3929711114;0.08627534384;0.3078517755;0.3466106523;0.362190504;0.3952739848;0.2396759176;0.1485348036;0.1053236324;0.3514610519;0.2726643984;0.3271689668,0.05081081081;0.2005405405;0.1145945946;0.09081081081;0.08972972973;0.04513513514;0.127027027;0.1610810811;0.1921621622;0.07864864865;0.1091891892;0.09378378378,23.9934339;0.369039043;15.36330667;16.10051644;23.27286646;23.99940524;3.637509324;1.058778264;0.4650331633;15.59569881;7.071749032;15.42166341
Static-Geometry Safe,8,13,341.7837837837838,26.985945945945947,20.210391891891884,32.0,60.0,48.677477477477474,0.0265315315315315,0.0097522522522522,0.1526801801801801,0.0397297297297297,0.8993335691119935,22.0,138.0,0.0379279279279279,421,11100,0.1839932235893738,0.3934443457153712,23.99555712148067,0.4064864864864865,True,True,0.931036637;0.7159624459;0.6775674106;0.3509019354;0.95;0.7562371291;0.2357345475;0.5713184825;0.95;0.8385292043;0.9458583108;0.3749843981,0.3702883284;0.6302691506;0.6771299559;1.320546841;0.2764601871;0.5830294735;1.920506701;0.8232731646;0.2265612916;0.488449848;0.3469497415;1.241568686,6.049189189;7.325675676;8.724324324;14.66675676;4.886756757;6.395675676;26.98594595;9.231891892;4.496216216;5.590540541;5.21027027;12.74378378,0.08946966638;0.1674471825;0.1641582623;0.3565476471;0.06844257605;0.148593728;0.3934443457;0.2325190424;0.05700771959;0.1259408527;0.07482861992;0.3295190405,0.1851351351;0.1635135135;0.1456756757;0.08540540541;0.2075675676;0.1737837838;0.03972972973;0.1402702703;0.2108108108;0.1951351351;0.1862162162;0.09891891892,0.3702883284;1.321076603;1.231389868;15.00265361;0.2764601871;0.9490884205;23.99555712;2.442190128;0.2265612916;0.6653495441;0.3469497415;11.37176664
Static-Geometry Safe,8,14,486.5483783783784,26.834054054054054,23.30543243243243,41.0,72.0,60.33783783783784,0.0524324324324324,0.0161036036036036,0.1133558558558558,0.0391891891891891,0.8444476602971446,33.0,246.0,0.0278378378378378,309,11100,0.2750358073303994,0.3962806435577126,23.989560765384816,0.4064864864864865,True,True,0.3969158517;0.64914127;0.685168137;0.2123384503;0.8391928019;0.2547057577;0.6450583303;0.3536782427;0.3495021855;0.2638904463;0.8142278578;0.4332858251,1.177446822;0.7134614509;0.6676722331;2.128067317;0.4876767217;1.782678959;0.7188179662;1.310923092;1.325454306;1.723560971;0.5165166625;1.084128614,13.06216216;8.148108108;7.767027027;26.83405405;5.916756757;19.42405405;8.762702703;15.2827027;13.84837838;20.41837838;5.948918919;11.81945946,0.3328673988;0.1881995611;0.1768429158;0.3962806436;0.1208647443;0.3902621505;0.1946636762;0.3468631641;0.3567979701;0.3843075137;0.1259183864;0.2865615634,0.1018918919;0.1527027027;0.1518918919;0.03918918919;0.19;0.05783783784;0.1456756757;0.08432432432;0.08621621622;0.05810810811;0.1845945946;0.1078378378,16.07234108;2.280768706;1.470688932;23.98588487;0.6630301652;23.9780586;1.675271865;14.79323131;19.61814597;23.98956077;0.633033325;8.250829513
Static-Geometry Safe,8,15,422.8045945945946,26.91783783783784,23.499810810810807,38.0,68.0,56.54144144144144,0.0416666666666666,0.0138963963963963,0.1391216216216216,0.0345945945945945,0.845801094302673,27.0,143.0,0.0685585585585585,761,11100,0.2334092800068159,0.399332856194755,23.99820662758016,0.4064864864864865,True,True,0.95;0.6682774533;0.3936552323;0.8783623152;0.2542081145;0.6112416568;0.1961261937;0.2603661895;0.4858854259;0.9440218225;0.777121657;0.6438927182,0.2609434761;0.6888292002;1.186565108;0.4408835581;1.786011998;0.7647485898;2.305041448;1.74572184;0.9708198352;0.349980936;0.5589976316;0.7203540735,4.423513514;6.392702703;12.20540541;5.78;20.70324324;7.953513514;26.91783784;18.69486486;9.615945946;4.76;7.058918919;9.104054054,0.0648832427;0.1945477065;0.3408969485;0.1067653157;0.3963015813;0.2137162275;0.3993328562;0.396797856;0.2770772286;0.08588721349;0.1397494079;0.1849557756,0.2175675676;0.1824324324;0.1154054054;0.1897297297;0.05378378378;0.1659459459;0.03459459459;0.0572972973;0.1332432432;0.207027027;0.1691891892;0.1432432432,0.2609434761;1.555316801;12.4506928;0.5226506742;23.99257965;2.517988718;23.99820663;23.9981173;5.699676045;0.349980936;0.8769928948;1.762832588
Static-Geometry Safe,8,16,511.93,28.59,26.56466216216216,47.0,74.0,63.23468468468469,0.0696171171171171,0.0221621621621621,0.1275225225225225,0.0321621621621621,0.7772898477184937,31.0,128.0,0.1331531531531531,1478,11100,0.269847328339412,0.4012675182807005,23.99967441619604,0.4064864864864865,True,True,0.3932789834;0.7735119064;0.901603995;0.8416273572;0.2260479039;0.7045979448;0.6624829137;0.1982197585;0.7522839954;0.3841282698;0.2247729528;0.2144342016,1.187626136;0.5631378354;0.4113518347;0.4848363331;2.00065631;0.6439160289;0.6962092138;2.280313362;0.5876051337;1.214015836;2.011774821;2.107404393,13.43162162;6.975675676;4.938378378;6.154054054;20.54243243;6.223513514;7.46972973;28.59;6.311351351;11.23945946;24.90756757;21.89648649,0.3421647192;0.1633099723;0.1086191196;0.1193745674;0.3963462366;0.1804705194;0.2037823185;0.3993629888;0.165005874;0.3586268401;0.4012675183;0.3998372659,0.1010810811;0.1875675676;0.2143243243;0.1851351351;0.04675675676;0.187027027;0.1772972973;0.03216216216;0.1975675676;0.1137837838;0.04351351351;0.04405405405,18.03282043;1.052551342;0.4227036694;0.6545089994;23.81855127;1.151328231;1.584836855;23.9935297;1.525630802;15.01669677;23.9909764;23.99967442
Static-Geometry Safe,8,17,415.36135135135135,29.273513513513517,27.01524324324324,41.0,75.0,61.32207207207208,0.0514864864864864,0.0191891891891891,0.150563063063063,0.0348648648648648,0.8142440000527652,23.0,166.0,0.0818918918918918,909,11100,0.2118200350542349,0.3987602076121796,23.996114055066226,0.4064864864864865,True,True,0.6058267012;0.4606290406;0.8627452041;0.95;0.8920394043;0.9329954481;0.2434414901;0.2237143759;0.7874097494;0.2072792387;0.95;0.5223938409,0.772389876;1.022513998;0.4598691245;0.2139841101;0.4237308779;0.3673358894;1.861711545;2.021113381;0.5472165522;2.179902851;0.241873434;0.9032962107,8.942432432;10.06432432;4.696216216;4.046216216;5.232702703;4.70972973;21.48594595;29.27351351;6.424324324;25.16756757;4.348108108;9.333513514,0.2095890366;0.2846457887;0.1219274625;0.05783354328;0.1092538534;0.09381957174;0.3975005731;0.3987602076;0.1464174018;0.3976849796;0.06001076011;0.2643972422,0.1456756757;0.1224324324;0.2183783784;0.2291891892;0.2016216216;0.2186486486;0.04783783784;0.03486486486;0.1937837838;0.03702702703;0.217027027;0.1402702703,1.517169628;6.052905945;0.5197382491;0.2139841101;0.4474617559;0.3673358894;23.99413496;23.98927478;0.8416496567;23.99611406;0.241873434;5.356035582
Static-Geometry Safe,8,18,343.1624324324324,23.26891891891892,21.667229729729726,34.0,60.0,50.054054054054056,0.0337162162162162,0.0097297297297297,0.1610585585585585,0.0454054054054054,0.8518845718484147,21.0,109.0,0.0409909909909909,455,11100,0.1894430598152977,0.3989980271745062,23.998782690095723,0.4064864864864865,True,True,0.95;0.2298402862;0.2514208534;0.95;0.8064515181;0.2889292384;0.86964094;0.95;0.4229897239;0.9113191376;0.93510967;0.8418183031,0.2641897105;1.968390267;1.804941085;0.3377909827;0.5254308787;1.582364629;0.451552802;0.2372894534;1.10910177;0.3983676074;0.3641087485;0.4846132827,4.611351351;23.26891892;20.35675676;4.421891892;6.415405405;16.18864865;5.683513514;4.587297297;10.73189189;4.649459459;5.12972973;6.073243243,0.0683323116;0.3989980272;0.3897697099;0.08581716858;0.1330618198;0.3810505093;0.118013935;0.06124633188;0.3168433976;0.1002379034;0.0936841969;0.1262614066,0.2186486486;0.04540540541;0.05054054054;0.217027027;0.1840540541;0.06918918919;0.1959459459;0.2181081081;0.1132432432;0.2108108108;0.2094594595;0.2002702703,0.2641897105;23.99532064;23.99878269;0.3377909827;0.9017235147;23.97113756;0.554658406;0.2372894534;9.982154878;0.3983676074;0.3641087485;0.6538398482
Static-Geometry Safe,8,19,502.57216216216216,26.25756756756757,24.86116216216216,41.0,66.0,57.09864864864865,0.0508108108108108,0.014099099099099,0.1083108108108108,0.037027027027027,0.8351501787341663,34.0,155.0,0.0411711711711711,457,11100,0.2930295729955681,0.3962233465440461,23.997212324706908,0.4064864864864865,True,True,0.8339118425;0.4218873338;0.3658373363;0.3670076204;0.481511622;0.1930715746;0.2120595117;0.3057773787;0.5446939528;0.4653449839;0.3623629999;0.8770434254,0.4938172966;1.111838862;1.270411673;1.266646367;0.9794527448;2.342239302;2.1308523;1.500722279;0.8655191693;1.012509865;1.281724896;0.4425090154,6.030810811;12.90972973;13.44702703;12.56081081;10.54216216;23.71864865;26.25756757;15.31810811;8.841351351;9.99972973;13.20810811;5.452702703,0.1263905351;0.2881766132;0.3392342521;0.3604807095;0.2596873359;0.3931163802;0.3962233465;0.3845093839;0.2364972649;0.2813135516;0.3457193097;0.1050061934,0.1908108108;0.09918918919;0.08972972973;0.1016216216;0.1178378378;0.03864864865;0.03702702703;0.07243243243;0.1443243243;0.1235135135;0.09054054054;0.1940540541,0.5876345931;13.13148814;12.6981136;15.79945192;6.071243917;23.99721232;23.98750594;23.98450662;3.586230032;5.237687429;16.82176885;0.4850180308
Max-Age-First Safe,2,0,439.26702702702704,28.17837837837838,23.943378378378373,36.0,80.0,61.37252252252252,0.0399774774774774,0.0187387387387387,0.1245945945945945,0.0397297297297297,0.8635174531799695,25.0,245.0,0.4999099099099099,5549,11100,0.2283625843101505,0.4038067336510923,23.99998220044716,0.4064864864864865,True,True,0.95;0.2315765095;0.95;0.8081176242;0.6281327393;0.795200025;0.3394136806;0.9476946562;0.5005847781;0.95;0.23436609;0.2528380647,0.3369544871;1.95400716;0.2191119648;0.5235225351;0.7414402559;0.5383055036;1.361973486;0.3438720469;0.9427001774;0.2738400263;1.931388168;1.795260579,5.519189189;28.17837838;5.639189189;6.414864865;7.393513514;6.517027027;11.99972973;6.182162162;9.165945946;5.723513514;20.47837838;17.4572973,0.07085151107;0.3997793027;0.0488560462;0.1348424259;0.2468795663;0.1511620049;0.4038067337;0.07016848524;0.36637915;0.04692285856;0.4008935441;0.399809383,0.167027027;0.03972972973;0.1672972973;0.1651351351;0.1548648649;0.1686486486;0.08810810811;0.1548648649;0.1394594595;0.1491891892;0.04621621622;0.05459459459,0.3369544871;23.99873249;0.2191119648;3.488063378;16.64225817;3.304415576;23.99973208;0.3438720469;23.98634773;0.2738400263;23.99930207;23.9999822
Max-Age-First Safe,2,1,550.5521621621622,28.936486486486487,27.591364864864865,49.0,88.0,70.64954954954955,0.0743918918918919,0.0288963963963963,0.1100225225225225,0.0313513513513513,0.7498338396698614,29.0,161.0,0.6776576576576576,7522,11100,0.2888025782097476,0.4001323767712663,23.999963367609027,0.4064864864864865,True,True,0.5605092249;0.2181252996;0.2316669551;0.3707979081;0.95;0.95;0.2020086086;0.95;0.325972712;0.8362721814;0.2993435181;0.2334007936,0.8400796556;2.072097608;1.953264399;1.254604531;0.2976063768;0.2276934429;2.237061952;0.2579608484;1.414030367;0.4910760745;1.530799061;1.939147999,7.265945946;22.23027027;26.49081081;11.01783784;4.845405405;4.502972973;28.93648649;5.103243243;13.21243243;5.805675676;13.68648649;19.00162162,0.3600990091;0.3998588358;0.3996273378;0.3990998737;0.06410602224;0.05021563499;0.3996480947;0.05312599094;0.4001323768;0.1397575963;0.4000764031;0.399883763,0.172972973;0.0427027027;0.03945945946;0.1008108108;0.1818918919;0.192972973;0.03135135135;0.1786486486;0.07864864865;0.1837837838;0.06918918919;0.04783783784,23.89011626;23.99874277;23.99994003;23.99910955;0.2976063768;0.2276934429;23.99876388;0.2579608484;23.99946182;2.550130087;23.99875468;23.99996337
Max-Age-First Safe,2,2,427.5983783783784,24.992432432432437,21.92759459459459,35.0,61.0,51.79369369369369,0.036081081081081,0.0104279279279279,0.115563063063063,0.034054054054054,0.8674763436459816,27.0,153.0,0.4963963963963964,5510,11100,0.2471651836540078,0.4033359954089004,23.999999667560136,0.4064864864864865,True,True,0.2983974043;0.4720337023;0.7619171253;0.95;0.6042558466;0.7527600943;0.6803453125;0.2438339011;0.7053294905;0.1925045361;0.95;0.2931742638,1.535332493;0.9986066978;0.5764720931;0.328976203;0.7746227687;0.5870535051;0.6736618433;1.858825842;0.6430324214;2.34929577;0.2710575607;1.560894842,14.61675676;7.880810811;7.096486486;6.099189189;7.902702703;7.335675676;7.349459459;19.42;7.371351351;24.99243243;6.221081081;14.12540541,0.4033359954;0.3360176591;0.1442738265;0.06081614131;0.2635810989;0.1615190455;0.1680513193;0.4014059048;0.1770946047;0.4000152257;0.04952294892;0.4003484337,0.06297297297;0.1443243243;0.1486486486;0.1464864865;0.1454054054;0.1524324324;0.1421621622;0.04648648649;0.1478378378;0.03405405405;0.1486486486;0.0672972973,23.99896939;23.93387927;4.635330235;0.328976203;14.13415628;4.650444638;5.599575023;23.97848257;6.050394121;23.99999967;0.2710575607;23.9997206
Max-Age-First Safe,2,3,512.2418918918919,20.80567567567568,18.823594594594592,39.0,63.0,53.78693693693694,0.0458558558558558,0.0116666666666666,0.0972072072072072,0.0427027027027027,0.7877572410115984,34.0,115.0,0.6428828828828829,7136,11100,0.3243602238930032,0.4019920058880762,23.99995674160517,0.4064864864864865,True,True,0.2469621281;0.8215561338;0.8932287906;0.3220866759;0.225348274;0.2465631425;0.4834834838;0.2778755806;0.2645088005;0.3014458345;0.9387067142;0.2969367479,1.836175919;0.5080937316;0.4222105672;1.429873819;2.006740312;1.839030251;0.9755450403;1.641436133;1.719737046;1.520828652;0.3585144156;1.542388958,15.54216216;6.030810811;5.382162162;11.4027027;20.80567568;17.20189189;8.075945946;16.19594595;16.27243243;15.2927027;5.542702703;12.86,0.399988592;0.1360867265;0.08980532876;0.4011375741;0.4002633378;0.3996163031;0.3878450687;0.3997118799;0.4011170461;0.4019920059;0.07373769467;0.4010211292,0.05540540541;0.1783783784;0.1702702703;0.08945945946;0.0427027027;0.04837837838;0.152972973;0.05891891892;0.05837837838;0.0727027027;0.162972973;0.07594594595,23.99908832;3.102343289;0.5554739706;23.99918077;23.99955093;23.99995674;23.99810725;23.99976003;23.99884008;23.99964931;0.3585144156;23.99775652
Max-Age-First Safe,2,4,511.8354054054054,22.66972972972973,22.12522972972973,37.0,65.0,54.97747747747748,0.0402252252252252,0.0128828828828828,0.0873873873873873,0.04,0.927381101985802,35.0,133.0,0.3015315315315315,3347,11100,0.2903039175123855,0.4023624455727969,23.99977447094809,0.4064864864864865,True,True,0.662118963;0.6741961796;0.3640876;0.2460798207;0.2372011855;0.4128728207;0.5024050881;0.4159209977;0.2309431598;0.4380235493;0.7287104513;0.5641011845,0.6966749552;0.6813572012;1.27608378;1.842501298;1.908996959;1.13470463;0.9393093506;1.126874486;1.959226317;1.072981387;0.6151471375;0.8344446437,9.131081081;9.372702703;11.90486486;17.41054054;21.67972973;11.29567568;10.80405405;11.37162162;22.66972973;12.03891892;9.371081081;9.494594595,0.1577874628;0.1384812474;0.3686847463;0.4023624456;0.3998574711;0.3634121587;0.2800157334;0.3112610067;0.3976699903;0.3410340842;0.1192055399;0.2038751238,0.1081081081;0.102972973;0.09189189189;0.05054054054;0.0472972973;0.1032432432;0.1027027027;0.09486486486;0.04;0.09621621622;0.1040540541;0.1067567568,8.706898746;6.589858426;23.99551877;23.99808011;23.99920884;23.97637043;22.18751064;23.93934366;23.99977447;23.99223688;4.978678437;10.02667145
Max-Age-First Safe,2,5,443.5645945945946,24.99054054054054,20.79195945945945,34.0,63.0,52.667567567567566,0.0299324324324324,0.011036036036036,0.108018018018018,0.0429729729729729,0.8871336703895892,29.0,206.0,0.4832432432432432,5364,11100,0.2680975269138225,0.403227468915057,23.999805493476902,0.4064864864864865,True,True,0.9411489522;0.4821824971;0.3825098869;0.7544254172;0.3523107703;0.8677360717;0.95;0.2189202535;0.8265150398;0.3376263363;0.2625732011;0.2699141276,0.3546353857;0.9781203331;1.218803669;0.5851252029;1.315645181;0.4538598372;0.2241414152;2.064668323;0.5023771293;1.368663091;1.731770293;1.687095206,6.271891892;8.645675676;10.12621622;7.363783784;10.73567568;7.090810811;6.146216216;24.99054054;6.827837838;11.90351351;17.35675676;15.94675676,0.06373852202;0.3542381747;0.3985817405;0.1421696101;0.4032274689;0.09776386224;0.03998198218;0.3995412214;0.1174476262;0.3995016591;0.4001793515;0.4007991042,0.1435135135;0.1383783784;0.1054054054;0.1451351351;0.1002702703;0.1372972973;0.1451351351;0.04297297297;0.1459459459;0.08189189189;0.05324324324;0.05702702703,0.3546353857;23.98398765;23.99837046;5.768630883;23.99968314;1.36947707;0.2241414152;23.99960989;2.149919715;23.99956334;23.99911009;23.99980549
Max-Age-First Safe,2,6,318.795945945946,13.172702702702702,13.067162162162164,25.0,40.0,34.36711711711712,0.0095045045045045,0.001554054054054,0.1257207207207207,0.0729729729729729,0.9679144949826674,24.0,80.0,0.1886486486486486,2094,11100,0.1949782753093413,0.4000093886698908,23.999602394133223,0.4064864864864865,True,True,0.6600953202;0.4082536129;0.95;0.8542797728;0.5796663152;0.95;0.7238759829;0.298421524;0.95;0.3698913443;0.95;0.5870736138,0.6992694381;1.146768836;0.2551559305;0.4699577518;0.8105930222;0.2156180293;0.6208604762;1.535216558;0.2628816135;1.257463669;0.2571157349;0.7995478023,7.757567568;11.15567568;6.011351351;6.857567568;8.568918919;6.181621622;8.462972973;13.1727027;5.904594595;12.98081081;5.987027027;8.208108108,0.2209313441;0.39795978;0.04282481969;0.1075822205;0.2484358074;0.03671334012;0.1496777148;0.3999861519;0.04156371456;0.4000093887;0.04468254528;0.2493724767,0.1445945946;0.1056756757;0.1405405405;0.1440540541;0.1321621622;0.1405405405;0.1278378378;0.07297297297;0.1340540541;0.0872972973;0.1405405405;0.1383783784,10.27296921;23.99713888;0.2551559305;1.799155036;13.99194182;0.2156180293;7.550977145;23.99773862;0.2628816135;23.99960239;0.2571157349;13.97919891
Max-Age-First Safe,2,7,364.9018918918919,24.81324324324324,19.75041891891891,31.0,59.0,48.43108108108108,0.029009009009009,0.0094369369369369,0.1384684684684684,0.0375675675675675,0.8839074279655009,22.0,132.0,0.4611711711711712,5119,11100,0.2089254319013883,0.4009338033762122,23.99999020533188,0.4064864864864865,True,True,0.95;0.8194645516;0.5139536145;0.1957148488;0.2668165055;0.95;0.9166527097;0.2817874583;0.4060368001;0.95;0.95;0.8957240492,0.2129344738;0.5105004868;0.9182376412;2.309972111;1.705631049;0.2143947682;0.3910280632;1.619983796;1.152645744;0.2643493157;0.2202876177;0.4190042049,5.317567568;5.665405405;8.079189189;24.81324324;15.60810811;5.394594595;5.515405405;14.89648649;9.040540541;5.422162162;5.084054054;5.597027027,0.04523418822;0.125417552;0.3948421857;0.4001870602;0.4001318245;0.04502290132;0.09226148627;0.400179781;0.4009338034;0.0545845614;0.04774882957;0.1005610092,0.1740540541;0.1740540541;0.1645945946;0.03756756757;0.05972972973;0.1689189189;0.1716216216;0.06837837838;0.1254054054;0.1672972973;0.1775675676;0.1724324324,0.2129344738;2.389008763;23.99732874;23.99909524;23.99999021;0.2143947682;0.3910280632;23.99902777;23.99964417;0.2643493157;0.2202876177;0.8751051236
Max-Age-First Safe,2,8,419.9962162162162,24.89162162162162,20.533689189189182,35.0,65.0,52.642342342342346,0.0361486486486486,0.0123198198198198,0.1223648648648648,0.0348648648648648,0.8635999064704936,25.0,114.0,0.5154954954954954,5722,11100,0.2444394595917871,0.400243208576704,23.999691221700356,0.4064864864864865,True,True,0.924502767;0.7675714746;0.2938168902;0.223720696;0.8564804989;0.95;0.4732619221;0.198994158;0.3554966144;0.365156396;0.95;0.8950142286,0.3798996382;0.5699618165;1.557699888;2.021057334;0.4673466129;0.2347890628;0.9960890923;2.271318822;1.304697623;1.272612991;0.2590903055;0.4199186836,5.434594595;6.745405405;16.96810811;16.69432432;6.409189189;5.45972973;8.324054054;24.89162162;11.72;10.74513514;5.435945946;5.605945946,0.08347524482;0.1714506762;0.3999499713;0.3987491497;0.1055950725;0.04702126907;0.3801291347;0.4002432086;0.3998721903;0.4000132184;0.04803674312;0.09873763642,0.1664864865;0.1654054054;0.05783783784;0.05108108108;0.1572972973;0.1637837838;0.1424324324;0.03486486486;0.1008108108;0.1013513514;0.1586486486;0.1683783784,0.3798996382;4.30912178;23.99969122;23.98260599;1.477545806;0.2347890628;23.9987027;23.99910349;23.99967465;23.99844384;0.2590903055;0.7186989379
Max-Age-First Safe,2,9,525.2113513513514,27.655135135135136,24.578108108108104,44.0,78.0,63.894594594594594,0.0590315315315315,0.0228603603603603,0.107545045045045,0.0359459459459459,0.819037744679023,30.0,154.0,0.5940540540540541,6594,11100,0.2732952063174436,0.4003776438448564,23.99949362799757,0.4064864864864865,True,True,0.3257577326;0.6871221964;0.2523803769;0.1963495047;0.5437054116;0.2493362779;0.95;0.4363495231;0.95;0.6652629851;0.95;0.2127973752,1.414897118;0.6652565043;1.798374164;2.302374716;0.8671448273;1.819394726;0.209506079;1.076896197;0.2790122724;0.6926602831;0.247425482;2.123503268,13.95621622;7.722702703;20.67837838;27.65513514;7.905675676;18.3327027;5.437297297;8.784594595;5.905135135;7.572162162;5.693783784;22.06054054,0.4003776438;0.1839344335;0.3985585986;0.3994931264;0.3377177557;0.4002668397;0.03816408033;0.3981605398;0.05369101025;0.2250209893;0.04413535624;0.4000221022,0.07675675676;0.1462162162;0.04351351351;0.03594594595;0.1494594595;0.04918918919;0.1556756757;0.1332432432;0.1543243243;0.1556756757;0.1502702703;0.04027027027,23.99942314;8.618721146;23.9969037;23.99949363;23.93743444;23.99928272;0.209506079;23.99650558;0.2790122724;6.253205662;0.247425482;23.9988499
Max-Age-First Safe,2,10,597.6648648648649,33.372972972972974,28.353108108108103,47.0,101.0,73.97702702702702,0.0686261261261261,0.028536036036036,0.0847972972972973,0.0362162162162162,0.8658049311068424,37.0,330.0,0.5164864864864865,5733,11100,0.3171299472505799,0.403412226432986,23.99991353649525,0.4064864864864865,True,True,0.2210551088;0.5230742899;0.4621770162;0.8877431859;0.3493760462;0.4491418585;0.5565464418;0.34857734;0.2223217792;0.6900300697;0.2104662511;0.2177243916,2.045012567;0.9021077578;1.019211399;0.4291816563;1.325898395;1.047619095;0.8463561798;1.328717478;2.03354937;0.6616731043;2.146920017;2.075867389,19.7627027;10.24567568;11.09567568;7.578648649;12.56378378;10.05486486;9.384324324;12.17702703;24.24594595;8.688918919;21.74513514;33.37297297,0.4001592157;0.2976955601;0.3374416119;0.06460923853;0.3809270253;0.3544916505;0.2237125254;0.3889191971;0.4034122264;0.1537942891;0.4003715707;0.4000252563,0.04297297297;0.1105405405;0.1110810811;0.117027027;0.09027027027;0.1151351351;0.1127027027;0.08513513514;0.03918918919;0.1172972973;0.04;0.03621621622,23.99991354;14.01592668;23.98909227;0.9046313452;23.99851331;23.9809597;14.74695955;23.99712316;23.99801714;6.620231757;23.99932792;23.99722662
Max-Age-First Safe,2,11,468.2781081081081,26.213243243243245,23.31652702702702,38.0,67.0,56.27252252252252,0.0420945945945945,0.0142117117117117,0.0969594594594594,0.0394594594594594,0.9316742787062166,32.0,172.0,0.3134234234234234,3479,11100,0.2704885493813376,0.4014851534711932,23.999482078359208,0.4064864864864865,True,True,0.95;0.2935060875;0.6227889451;0.4312530983;0.6153269509;0.4183303984;0.9434799305;0.4987828682;0.6260188518;0.4351735249;0.2492611008;0.2092716103,0.3358641596;1.559243329;0.7487311135;1.088976442;0.7590395275;1.120756955;0.3508668233;0.9460759936;0.7443154627;1.079661914;1.819920828;2.159149808,7.313783784;14.67486486;9.006756757;10.64162162;10.12459459;11.16081081;7.422702703;10.74513514;10.37108108;10.06459459;20.94648649;26.21324324,0.04783794922;0.3986605916;0.1724105159;0.3805531189;0.1922216317;0.3728788679;0.05443177205;0.2889367224;0.1750147169;0.3615408411;0.3998907116;0.4014851535,0.1151351351;0.07135135135;0.1183783784;0.1094594595;0.1127027027;0.1013513514;0.1140540541;0.1086486486;0.1094594595;0.1137837838;0.04972972973;0.03945945946,0.3358641596;23.99948208;17.15990906;23.99922838;11.36638346;23.98155051;0.3508668233;19.48126773;16.3600886;23.94072912;23.99708852;23.99947758
Max-Age-First Safe,2,12,470.70216216216215,19.64054054054054,19.311432432432436,35.0,55.0,48.81306306306306,0.0323648648648648,0.0069594594594594,0.0919369369369369,0.0464864864864864,0.9434256810804882,34.0,134.0,0.3151351351351351,3498,11100,0.2927981006435894,0.4007376493206502,23.999872521269747,0.4064864864864865,True,True,0.2277146089;0.9318683167;0.4490225566;0.364868936;0.3264467419;0.2532754659;0.5108922966;0.7249468559;0.885090931;0.3371942215;0.4510893652;0.3770521179,1.986329388;0.369039043;1.047885528;1.273544601;1.412123145;1.792296255;0.9237509324;0.6195927545;0.4325165816;1.370290719;1.043286736;1.235229773,19.04216216;7.261621622;10.79081081;11.47864865;13.80702703;19.64054054;10.45054054;8.935945946;7.958648649;13.92540541;10.96864865;11.41513514,0.3983395692;0.04807481587;0.3613789012;0.3941104239;0.4007376493;0.3996336243;0.2556543121;0.1142060158;0.07224195877;0.388866285;0.305090878;0.3752427742,0.04648648649;0.1083783784;0.1140540541;0.09405405405;0.08135135135;0.04837837838;0.1089189189;0.1059459459;0.1094594595;0.07918918919;0.1067567568;0.1002702703,23.99860142;0.369039043;23.99987252;23.99676062;23.99428929;23.99967446;16.1500373;4.133076827;1.050331633;23.99872519;19.14188882;23.99562454
Max-Age-First Safe,2,13,319.36108108108107,20.17297297297297,14.917797297297293,26.0,44.0,37.53693693693694,0.0136261261261261,0.0027702702702702,0.1309684684684684,0.0429729729729729,0.9401812741070338,23.0,96.0,0.2606306306306306,2893,11100,0.196079511253433,0.39811584850091,23.999919399585146,0.4064864864864865,True,True,0.931036637;0.7159624459;0.6775674106;0.3509019354;0.95;0.7562371291;0.2357345475;0.5713184825;0.95;0.8385292043;0.9458583108;0.3749843981,0.3702883284;0.6302691506;0.6771299559;1.320546841;0.2764601871;0.5830294735;1.920506701;0.8232731646;0.2265612916;0.488449848;0.3469497415;1.241568686,6.65;7.005675676;8.055405405;10.61810811;6.091081081;7.067297297;20.17297297;7.934594595;5.746486486;6.474054054;6.966216216;10.43864865,0.08246421152;0.1880586871;0.1782498857;0.3968778614;0.05342406319;0.1504846344;0.3981158485;0.3046110709;0.04212815368;0.1091751417;0.05541818844;0.3939463885,0.1483783784;0.1556756757;0.1381081081;0.09243243243;0.1489189189;0.1508108108;0.04297297297;0.1518918919;0.1564864865;0.1513513514;0.1297297297;0.1048648649,0.3702883284;5.756728766;4.556949338;23.9999194;0.2764601871;4.975736837;23.99966944;16.39713596;0.2265612916;2.168996961;0.3469497415;23.99924108
Max-Age-First Safe,2,14,490.7435135135135,23.72945945945946,20.35587837837837,37.0,64.0,53.82072072072072,0.0384459459459459,0.0119369369369369,0.0911711711711711,0.0413513513513513,0.929453591710512,33.0,150.0,0.3409009009009009,3784,11100,0.2851702350431663,0.4006114688431865,23.999847955977955,0.4064864864864865,True,True,0.3969158517;0.64914127;0.685168137;0.2123384503;0.8391928019;0.2547057577;0.6450583303;0.3536782427;0.3495021855;0.2638904463;0.8142278578;0.4332858251,1.177446822;0.7134614509;0.6676722331;2.128067317;0.4876767217;1.782678959;0.7188179662;1.310923092;1.325454306;1.723560971;0.5165166625;1.084128614,11.22621622;9.795675676;9.231351351;23.72945946;8.647027027;15.47027027;9.931351351;13.99567568;11.94162162;17.59567568;8.223783784;11.05162162,0.3821928737;0.1806792918;0.1705270974;0.3985812569;0.08330045626;0.3994164479;0.2070972843;0.3954027489;0.3811576708;0.4006114688;0.08348026058;0.3395959632,0.1013513514;0.1113513514;0.1183783784;0.04135135135;0.1105405405;0.05594594595;0.1162162162;0.08135135135;0.08486486486;0.05972972973;0.107027027;0.1059459459,23.99872434;13.56538094;6.824133594;23.99934819;2.065857713;23.99790701;7.970449154;23.99984796;23.99816963;23.99628954;2.73033325;23.95248854
Max-Age-First Safe,2,15,421.7056756756757,26.49108108108108,21.6481081081081,35.0,63.0,51.98063063063063,0.0351801801801801,0.0116891891891891,0.1181981981981982,0.0332432432432432,0.8886507237106684,27.0,126.0,0.4467567567567567,4959,11100,0.2432657579650247,0.3999558403697859,23.9997786794308,0.4064864864864865,True,True,0.95;0.6682774533;0.3936552323;0.8783623152;0.2542081145;0.6112416568;0.1961261937;0.2603661895;0.4858854259;0.9440218225;0.777121657;0.6438927182,0.2609434761;0.6888292002;1.186565108;0.4408835581;1.786011998;0.7647485898;2.305041448;1.74572184;0.9708198352;0.349980936;0.5589976316;0.7203540735,5.862972973;6.912162162;10.57513514;6.820540541;17.68567568;7.541891892;26.49108108;15.93864865;8.28;6.259189189;7.529459459;8.592702703,0.04471301725;0.1986434477;0.397980351;0.08734260758;0.3996805229;0.2259108672;0.3999558404;0.3996287562;0.3513318268;0.06479376789;0.1331018685;0.2161062221,0.1475675676;0.1591891892;0.1216216216;0.1383783784;0.05378378378;0.1486486486;0.03324324324;0.05675675676;0.1459459459;0.1440540541;0.1345945946;0.1345945946,0.2609434761;10.68668041;23.99889777;1.258554719;23.99977868;10.00145205;23.99896785;23.99917484;23.99481672;0.349980936;4.692936053;7.130976279
Max-Age-First Safe,2,16,544.6645945945946,29.25216216216216,26.48194594594594,46.0,90.0,70.71216216216216,0.0630405405405405,0.0271171171171171,0.1114189189189189,0.0337837837837837,0.8172539132518588,28.0,216.0,0.603063063063063,6694,11100,0.2756156773006557,0.4001800724317014,23.999796937625263,0.4064864864864865,True,True,0.3932789834;0.7735119064;0.901603995;0.8416273572;0.2260479039;0.7045979448;0.6624829137;0.1982197585;0.7522839954;0.3841282698;0.2247729528;0.2144342016,1.187626136;0.5631378354;0.4113518347;0.4848363331;2.00065631;0.6439160289;0.6962092138;2.280313362;0.5876051337;1.214015836;2.011774821;2.107404393,11.48918919;6.960540541;5.696486486;6.49027027;18.24108108;6.279459459;7.393783784;29.25216216;6.443783784;9.875135135;22.70891892;24.21540541,0.3989781857;0.1712243418;0.083604481;0.1014225194;0.3995905441;0.1722910456;0.2299372052;0.3999792897;0.1510304006;0.3993127762;0.4001800724;0.3998372659,0.1089189189;0.1645945946;0.1583783784;0.1459459459;0.04702702703;0.16;0.1589189189;0.03378378378;0.16;0.1172972973;0.04162162162;0.04054054054,23.99841116;7.372580947;0.513518347;1.502872331;23.99969286;9.376221299;11.65595012;23.99979694;4.502523209;23.9987777;23.99613493;23.99934883
Max-Age-First Safe,2,17,410.5878378378378,24.622432432432436,24.44241891891892,37.0,71.0,56.53333333333333,0.0411486486486486,0.0153603603603603,0.1272522522522522,0.0367567567567567,0.8658162586691474,24.0,137.0,0.4578378378378378,5082,11100,0.2254077029613917,0.4018091201726764,23.999695937721977,0.4064864864864865,True,True,0.6058267012;0.4606290406;0.8627452041;0.95;0.8920394043;0.9329954481;0.2434414901;0.2237143759;0.7874097494;0.2072792387;0.95;0.5223938409,0.772389876;1.022513998;0.4598691245;0.2139841101;0.4237308779;0.3673358894;1.861711545;2.021113381;0.5472165522;2.179902851;0.241873434;0.9032962107,7.632972973;8.647027027;5.45027027;5.081891892;6.064864865;5.84027027;17.72675676;24.62243243;6.688918919;24.29513514;5.868108108;8.141621622,0.2571849533;0.3855154128;0.09657251615;0.04458966187;0.09482409917;0.07426141763;0.4005195648;0.4009451951;0.1441989563;0.4018091202;0.04510612688;0.3593654114,0.1491891892;0.142972973;0.1632432432;0.1678378378;0.1591891892;0.16;0.04891891892;0.03675675676;0.1591891892;0.03837837838;0.1483783784;0.152972973,14.78515454;23.99922743;1.836858989;0.2139841101;0.7796940469;0.3673358894;23.99944623;23.99966294;5.699795881;23.99969594;0.241873434;23.99554529
Max-Age-First Safe,2,18,343.52027027027026,21.65027027027027,19.55655405405405,30.0,61.0,48.76801801801802,0.026554054054054,0.0101351351351351,0.1478378378378378,0.0462162162162162,0.8790711271133285,20.0,165.0,0.4692792792792792,5209,11100,0.1972589388124008,0.4055715392289237,23.99962610639659,0.4064864864864865,True,True,0.95;0.2298402862;0.2514208534;0.95;0.8064515181;0.2889292384;0.86964094;0.95;0.4229897239;0.9113191376;0.93510967;0.8418183031,0.2641897105;1.968390267;1.804941085;0.3377909827;0.5254308787;1.582364629;0.451552802;0.2372894534;1.10910177;0.3983676074;0.3641087485;0.4846132827,4.923243243;21.65027027;17.84351351;4.779459459;6.028378378;14.33351351;5.72027027;4.831351351;8.74027027;5.081891892;5.423513514;6.135405405,0.06297711476;0.3995300245;0.4000139701;0.07586602882;0.1449905208;0.4002954845;0.1210649675;0.05355045772;0.4055715392;0.08721020595;0.08689406078;0.129142891,0.1908108108;0.04621621622;0.05432432432;0.187027027;0.1854054054;0.06918918919;0.1835135135;0.1859459459;0.1324324324;0.177027027;0.1824324324;0.1797297297,0.2641897105;23.99962611;23.99923841;0.3377909827;3.034048452;23.99915506;1.791925654;0.2372894534;23.99649161;0.3983676074;0.3641087485;4.12298444
Max-Age-First Safe,2,19,519.3148648648648,26.00675675675676,25.815445945945942,39.0,72.0,58.68423423423423,0.0452477477477477,0.0162162162162162,0.0884909909909909,0.0337837837837837,0.91478696429964,34.0,134.0,0.3696396396396396,4103,11100,0.3040296658369143,0.4002546887327208,23.999036274889267,0.4064864864864865,True,True,0.8339118425;0.4218873338;0.3658373363;0.3670076204;0.481511622;0.1930715746;0.2120595117;0.3057773787;0.5446939528;0.4653449839;0.3623629999;0.8770434254,0.4938172966;1.111838862;1.270411673;1.266646367;0.9794527448;2.342239302;2.1308523;1.500722279;0.8655191693;1.012509865;1.281724896;0.4425090154,8.078108108;11.33621622;11.65;10.81567568;10.20108108;26.00675676;25.65891892;13.79810811;10.01297297;9.732702703;12.43243243;8.182162162,0.0870186155;0.3305466888;0.3766598933;0.3919757002;0.2734526177;0.3994467567;0.4002546887;0.3999222073;0.2479595458;0.2974589792;0.3827854081;0.06087488888,0.1118918919;0.09891891892;0.09486486486;0.09945945946;0.1059459459;0.03378378378;0.03513513514;0.06864864865;0.1135135135;0.1113513514;0.08459459459;0.1037837838,2.370163228;23.97078671;23.99099531;23.99817307;17.56303509;23.99903627;23.99807256;23.9989522;13.88628594;19.80047351;23.99672603;0.7400721233
Max-Age-First Safe,4,0,435.8616216216216,29.35783783783784,24.202108108108103,36.0,82.0,61.69009009009009,0.0400225225225225,0.0187387387387387,0.133063063063063,0.0405405405405405,0.8606197247552599,24.0,245.0,0.5471171171171171,6073,11100,0.2278695304772523,0.4008935441046552,23.99998220044714,0.4064864864864865,True,True,0.95;0.2315765095;0.95;0.8081176242;0.6281327393;0.795200025;0.3394136806;0.9476946562;0.5005847781;0.95;0.23436609;0.2528380647,0.3369544871;1.95400716;0.2191119648;0.5235225351;0.7414402559;0.5383055036;1.361973486;0.3438720469;0.9427001774;0.2738400263;1.931388168;1.795260579,5.481081081;29.35783784;5.521081081;6.350540541;7.897567568;6.451891892;11.54621622;6.145675676;8.943783784;5.790810811;19.98378378;17.01837838,0.06984975449;0.4003074127;0.04879682675;0.1301731709;0.2470799556;0.1488341974;0.4008619261;0.0716554995;0.3651052309;0.05106746436;0.4008935441;0.399809383,0.17;0.04054054054;0.1764864865;0.1740540541;0.167027027;0.1837837838;0.09567567568;0.1656756757;0.1572972973;0.1627027027;0.04702702703;0.05648648649,0.3369544871;23.99873249;0.2191119648;3.735108448;12.51616998;3.181026583;23.99899405;0.3438720469;23.98854525;0.2738400263;23.99930207;23.9999822
Max-Age-First Safe,4,1,505.82567567567565,22.24081081081081,21.958378378378377,42.0,70.0,58.64144144144144,0.0530855855855855,0.017072072072072,0.1143918918918919,0.0354054054054054,0.7545935114456926,31.0,129.0,0.6853153153153153,7607,11100,0.2884185299602654,0.4001552470919153,23.99996336760903,0.4064864864864865,True,True,0.5605092249;0.2181252996;0.2316669551;0.3707979081;0.95;0.95;0.2020086086;0.95;0.325972712;0.8362721814;0.2993435181;0.2334007936,0.8400796556;2.072097608;1.953264399;1.254604531;0.2976063768;0.2276934429;2.237061952;0.2579608484;1.414030367;0.4910760745;1.530799061;1.939147999,7.696486486;21.7272973;19.57378378;11.45054054;4.934324324;4.65027027;22.24081081;4.990540541;11.88756757;5.885675676;13.4972973;19.57756757,0.3532875525;0.3992988094;0.4001552471;0.399438956;0.06281907574;0.05107717774;0.3996480947;0.0547992505;0.4001323768;0.1408193825;0.3996626736;0.399883763,0.1878378378;0.04135135135;0.04540540541;0.1059459459;0.1810810811;0.1945945946;0.03540540541;0.1832432432;0.08648648649;0.1940540541;0.07108108108;0.04621621622,23.92860281;23.99953142;23.99988006;23.99912755;0.2976063768;0.2276934429;23.99943658;0.2579608484;23.99953849;2.130445416;23.99875468;23.99996337
Max-Age-First Safe,4,2,435.5440540540541,25.29756756756757,22.2577027027027,36.0,62.0,51.30945945945946,0.0369144144144144,0.0107207207207207,0.1254054054054054,0.0308108108108108,0.8540080549833268,27.0,106.0,0.5492792792792793,6097,11100,0.2463491306184768,0.4009035194449915,23.999999667560107,0.4064864864864865,True,True,0.2983974043;0.4720337023;0.7619171253;0.95;0.6042558466;0.7527600943;0.6803453125;0.2438339011;0.7053294905;0.1925045361;0.95;0.2931742638,1.535332493;0.9986066978;0.5764720931;0.328976203;0.7746227687;0.5870535051;0.6736618433;1.858825842;0.6430324214;2.34929577;0.2710575607;1.560894842,14.67918919;8.123513514;6.867567568;6.011891892;8.014864865;7.17972973;7.221891892;19.77054054;7.272702703;25.29756757;6.104324324;14.02621622,0.4000163576;0.3284606355;0.1395997285;0.06392807836;0.2639998139;0.1543792055;0.1702361685;0.4009035194;0.1830035513;0.4000152257;0.05172071293;0.3999265703,0.06594594595;0.1578378378;0.1616216216;0.1567567568;0.1613513514;0.1675675676;0.1578378378;0.04459459459;0.1681081081;0.03081081081;0.1597297297;0.0727027027,23.99896939;23.71222196;2.870609304;0.328976203;12.99821658;3.179909587;3.620560553;23.97848257;3.746713271;23.99999967;0.2710575607;23.9997206
Max-Age-First Safe,4,3,510.6248648648649,20.43216216216216,18.579851351351348,40.0,61.0,52.92612612612613,0.0476126126126126,0.0106081081081081,0.1006756756756756,0.0421621621621621,0.7704236352548482,33.0,106.0,0.6583783783783784,7308,11100,0.3241707032140209,0.4020466336925858,23.999760032651967,0.4064864864864865,True,True,0.2469621281;0.8215561338;0.8932287906;0.3220866759;0.225348274;0.2465631425;0.4834834838;0.2778755806;0.2645088005;0.3014458345;0.9387067142;0.2969367479,1.836175919;0.5080937316;0.4222105672;1.429873819;2.006740312;1.839030251;0.9755450403;1.641436133;1.719737046;1.520828652;0.3585144156;1.542388958,16.60567568;6.035135135;5.391621622;11.39945946;20.43216216;17.06432432;8.118918919;14.75459459;16.38135135;14.89837838;5.407567568;13.72054054,0.399988592;0.135537436;0.09014766165;0.4007511217;0.4002633378;0.3996163031;0.3841538172;0.4001555113;0.4020466337;0.4007589016;0.07519113149;0.4014379911,0.05216216216;0.1878378378;0.1778378378;0.09108108108;0.04216216216;0.04972972973;0.1691891892;0.06378378378;0.05702702703;0.07378378378;0.17;0.07351351351,23.99954416;3.318530752;0.5110528362;23.99933929;23.99955093;23.99803455;23.99810725;23.99976003;23.99884008;23.99910121;0.3585144156;23.99913671
Max-Age-First Safe,4,4,492.5070270270271,23.26783783783784,20.4667027027027,36.0,59.0,50.48018018018018,0.0362612612612612,0.0092117117117117,0.0963513513513513,0.0408108108108108,0.921724210455064,34.0,123.0,0.3395495495495495,3769,11100,0.2912071064941254,0.4048523121914404,23.9997744709482,0.4064864864864865,True,True,0.662118963;0.6741961796;0.3640876;0.2460798207;0.2372011855;0.4128728207;0.5024050881;0.4159209977;0.2309431598;0.4380235493;0.7287104513;0.5641011845,0.6966749552;0.6813572012;1.27608378;1.842501298;1.908996959;1.13470463;0.9393093506;1.126874486;1.959226317;1.072981387;0.6151471375;0.8344446437,8.984054054;9.446486486;11.68810811;16.64324324;18.17486486;10.81189189;10.49891892;11.68216216;23.26783784;11.61756757;9.410810811;9.366486486,0.1474314838;0.137744645;0.3845495716;0.4048523122;0.3998574711;0.3726124665;0.2675762312;0.3261844797;0.3960814284;0.3387141244;0.1240269634;0.1948541006,0.1181081081;0.112972973;0.1005405405;0.05405405405;0.05135135135;0.1145945946;0.1127027027;0.1081081081;0.04081081081;0.1067567568;0.1172972973;0.1189189189,9.003573701;6.589858426;23.99551877;23.99849541;23.99963408;23.992826;15.29375532;23.97809674;23.99977447;23.99907273;4.733237024;7.385558943
Max-Age-First Safe,4,5,437.93,24.42675675675676,20.197108108108104,34.0,63.0,52.9990990990991,0.0326801801801801,0.0111036036036036,0.1157432432432432,0.0435135135135135,0.8817776252573779,28.0,206.0,0.5297297297297298,5880,11100,0.2680155207635148,0.4028308396049322,23.999805493476945,0.4064864864864865,True,True,0.9411489522;0.4821824971;0.3825098869;0.7544254172;0.3523107703;0.8677360717;0.95;0.2189202535;0.8265150398;0.3376263363;0.2625732011;0.2699141276,0.3546353857;0.9781203331;1.218803669;0.5851252029;1.315645181;0.4538598372;0.2241414152;2.064668323;0.5023771293;1.368663091;1.731770293;1.687095206,6.178918919;8.598378378;11.42594595;7.403513514;10.8472973;7.205405405;6.247837838;24.42675676;6.949459459;10.90972973;16.73648649;16.34945946,0.06421775902;0.3539738178;0.399899366;0.1356857903;0.4018051498;0.09653721403;0.04131471492;0.4000992398;0.1197558454;0.4028308396;0.4001793515;0.3998871609,0.147027027;0.157027027;0.1151351351;0.1545945946;0.1054054054;0.1486486486;0.1532432432;0.04351351351;0.1605405405;0.08918918919;0.05594594595;0.05864864865,0.3546353857;23.99015364;23.99860478;5.213255274;23.99873258;1.207897559;0.2241414152;23.99960989;1.43327981;23.99978167;23.99911009;23.99980549
Max-Age-First Safe,4,6,313.5475675675676,13.72972972972973,13.170513513513512,26.0,41.0,34.909909909909906,0.0102702702702702,0.0011711711711711,0.1362837837837837,0.0748648648648648,0.964291741527493,24.0,79.0,0.2244144144144144,2491,11100,0.1942888851600331,0.4000093886698908,23.99999244669509,0.4064864864864865,True,True,0.6600953202;0.4082536129;0.95;0.8542797728;0.5796663152;0.95;0.7238759829;0.298421524;0.95;0.3698913443;0.95;0.5870736138,0.6992694381;1.146768836;0.2551559305;0.4699577518;0.8105930222;0.2156180293;0.6208604762;1.535216558;0.2628816135;1.257463669;0.2571157349;0.7995478023,7.994864865;10.96;6.08;6.835675676;8.394594595;6.07;8.554864865;13.72972973;5.833783784;12.71297297;5.99;8.568378378,0.2201753771;0.3988895925;0.0437213135;0.1075822205;0.2346338181;0.03688816555;0.145986112;0.3999861519;0.04305574534;0.4000093887;0.04662828597;0.2539104507,0.1616216216;0.1162162162;0.1435135135;0.1581081081;0.1443243243;0.1489189189;0.1389189189;0.07486486486;0.1464864865;0.09297297297;0.1518918919;0.1575675676,10.56347191;23.99928332;0.2551559305;1.449366277;6.264825556;0.2156180293;5.479790954;23.99999245;0.2628816135;23.99511103;0.2571157349;13.57332034
Max-Age-First Safe,4,7,372.8240540540541,26.89216216216216,21.08787837837837,33.0,61.0,49.96711711711712,0.0314414414414414,0.0104729729729729,0.1441666666666666,0.0337837837837837,0.8744766197968998,22.0,132.0,0.5089189189189189,5649,11100,0.208608272973966,0.4010537871837515,23.999990205331915,0.4064864864864865,True,True,0.95;0.8194645516;0.5139536145;0.1957148488;0.2668165055;0.95;0.9166527097;0.2817874583;0.4060368001;0.95;0.95;0.8957240492,0.2129344738;0.5105004868;0.9182376412;2.309972111;1.705631049;0.2143947682;0.3910280632;1.619983796;1.152645744;0.2643493157;0.2202876177;0.4190042049,5.48;5.77;8.114324324;26.89216216;16.33891892;5.457297297;5.567297297;14.90810811;9.295945946;5.421891892;5.258648649;5.542162162,0.04437094036;0.1229340362;0.39211229;0.4001870602;0.4010537872;0.04467523413;0.09035918759;0.400179781;0.4006222775;0.05765672912;0.04983263136;0.09931532101,0.1727027027;0.1794594595;0.18;0.03378378378;0.05702702703;0.1748648649;0.1816216216;0.06810810811;0.1351351351;0.1754054054;0.1862162162;0.1856756757,0.2129344738;1.615505355;23.99732874;23.99909524;23.99999021;0.2143947682;0.3910280632;23.99902777;23.99964417;0.2643493157;0.2202876177;0.6280504593
Max-Age-First Safe,4,8,422.4262162162162,24.80027027027027,21.158378378378377,36.0,65.0,53.03603603603604,0.0385585585585585,0.0128153153153153,0.1295045045045045,0.0364864864864864,0.8556366925584594,25.0,114.0,0.565045045045045,6272,11100,0.2445564835285675,0.400243208576704,23.99969122170056,0.4064864864864865,True,True,0.924502767;0.7675714746;0.2938168902;0.223720696;0.8564804989;0.95;0.4732619221;0.198994158;0.3554966144;0.365156396;0.95;0.8950142286,0.3798996382;0.5699618165;1.557699888;2.021057334;0.4673466129;0.2347890628;0.9960890923;2.271318822;1.304697623;1.272612991;0.2590903055;0.4199186836,5.375675676;6.807027027;17.00135135;18.17864865;6.322972973;5.401621622;8.623783784;24.80027027;11.50351351;11.01297297;5.422432432;5.292702703,0.08111370653;0.1686778889;0.3999499713;0.3987491497;0.1053424527;0.04695781257;0.3860518266;0.4002432086;0.3998721903;0.4000132184;0.05055762177;0.09714875491,0.1713513514;0.1821621622;0.06;0.04810810811;0.1672972973;0.1691891892;0.1613513514;0.03648648649;0.1035135135;0.1064864865;0.1659459459;0.1821621622,0.3798996382;4.139159964;23.99969122;23.98260599;1.275505967;0.2347890628;23.99924641;23.99910349;23.99967465;23.99844384;0.2590903055;0.6390242034
Max-Age-First Safe,4,9,522.2278378378378,27.35891891891892,24.295716216216213,43.0,75.0,61.77297297297297,0.0576351351351351,0.02,0.115563063063063,0.0348648648648648,0.8106850075522236,29.0,138.0,0.6483783783783784,7197,11100,0.2721720566129798,0.4003776438448564,23.999493627997555,0.4064864864864865,True,True,0.3257577326;0.6871221964;0.2523803769;0.1963495047;0.5437054116;0.2493362779;0.95;0.4363495231;0.95;0.6652629851;0.95;0.2127973752,1.414897118;0.6652565043;1.798374164;2.302374716;0.8671448273;1.819394726;0.209506079;1.076896197;0.2790122724;0.6926602831;0.247425482;2.123503268,13.14243243;7.762702703;19.68891892;27.35891892;7.917567568;18.96702703;5.29;8.726486486;5.777297297;7.234594595;5.703243243;21.78945946,0.4003776438;0.1833950363;0.3985585986;0.3994931264;0.3292806709;0.4002668397;0.03873031297;0.3984515928;0.05678276786;0.2132270439;0.04747894384;0.4000221022,0.08297297297;0.1581081081;0.04702702703;0.03486486486;0.1624324324;0.04945945946;0.1616216216;0.1481081081;0.1645945946;0.1718918919;0.1648648649;0.04081081081,23.99942314;8.222951633;23.9969037;23.99949363;23.9489103;23.99902311;0.209506079;23.99650558;0.2790122724;4.097243963;0.247425482;23.99864068
Max-Age-First Safe,4,10,601.8389189189189,31.302432432432436,27.52422972972973,48.0,100.0,73.71711711711711,0.0740315315315315,0.0284684684684684,0.0921171171171171,0.0367567567567567,0.8486038500654609,37.0,330.0,0.5600900900900901,6217,11100,0.3170862764409665,0.4028626184950664,23.999827072990552,0.4064864864864865,True,True,0.2210551088;0.5230742899;0.4621770162;0.8877431859;0.3493760462;0.4491418585;0.5565464418;0.34857734;0.2223217792;0.6900300697;0.2104662511;0.2177243916,2.045012567;0.9021077578;1.019211399;0.4291816563;1.325898395;1.047619095;0.8463561798;1.328717478;2.03354937;0.6616731043;2.146920017;2.075867389,20.46;11.10459459;10.74675676;7.771621622;13.33243243;10.37891892;9.857297297;13.56594595;24.43297297;8.958918919;22.48378378;31.30243243,0.4001592157;0.3001336892;0.3134763709;0.06739311954;0.3834354817;0.3598713161;0.2223400559;0.399692582;0.4028626185;0.1541519503;0.4003715707;0.4011473468,0.04378378378;0.1283783784;0.1237837838;0.1227027027;0.09405405405;0.1324324324;0.1259459459;0.0927027027;0.04027027027;0.1262162162;0.03837837838;0.03675675676,23.99982707;16.06651287;18.89504975;0.8669065008;23.99851331;23.98096366;12.02246629;23.99805381;23.99801714;8.066924174;23.99932792;23.99722662
Max-Age-First Safe,4,11,464.2537837837838,25.647567567567567,23.1085,38.0,66.0,55.02072072072072,0.0412612612612612,0.0133558558558558,0.1068018018018018,0.0389189189189189,0.9194142914431768,32.0,141.0,0.3594594594594594,3990,11100,0.2705035263882669,0.4009015994690548,23.999477582797823,0.4064864864864865,True,True,0.95;0.2935060875;0.6227889451;0.4312530983;0.6153269509;0.4183303984;0.9434799305;0.4987828682;0.6260188518;0.4351735249;0.2492611008;0.2092716103,0.3358641596;1.559243329;0.7487311135;1.088976442;0.7590395275;1.120756955;0.3508668233;0.9460759936;0.7443154627;1.079661914;1.819920828;2.159149808,7.148108108;13.84675676;8.711351351;10.02864865;10.03432432;11.90378378;7.480810811;11.01783784;10.18972973;10.50027027;21.03108108;25.64756757,0.04974420526;0.3995034258;0.1637090462;0.3793758471;0.1881187153;0.3743934043;0.05594903399;0.2943063429;0.1689797267;0.3711702581;0.3998907116;0.4009015995,0.1256756757;0.07567567568;0.1283783784;0.1286486486;0.127027027;0.1137837838;0.1227027027;0.1216216216;0.1172972973;0.1332432432;0.04864864865;0.03891891892,0.3358641596;23.99672572;17.66244683;23.99922838;8.730225352;23.9966896;0.3508668233;18.13519173;12.57261851;23.91368227;23.99721622;23.99947758
Max-Age-First Safe,4,12,477.7956756756757,19.464594594594598,19.19212162162162,36.0,57.0,49.23603603603603,0.0367117117117117,0.0077702702702702,0.100045045045045,0.0483783783783783,0.9389416969410412,33.0,99.0,0.367027027027027,4074,11100,0.2931166034437272,0.4026459238412249,23.99967445839866,0.4064864864864865,True,True,0.2277146089;0.9318683167;0.4490225566;0.364868936;0.3264467419;0.2532754659;0.5108922966;0.7249468559;0.885090931;0.3371942215;0.4510893652;0.3770521179,1.986329388;0.369039043;1.047885528;1.273544601;1.412123145;1.792296255;0.9237509324;0.6195927545;0.4325165816;1.370290719;1.043286736;1.235229773,19.46459459;7.205405405;11.15918919;12.53432432;13.75054054;18.96918919;9.961621622;8.674594595;7.902702703;13.72054054;11.10324324;11.6372973,0.3972658776;0.04907221869;0.3661935104;0.3965198326;0.4026459238;0.4010868375;0.2349323317;0.1110243233;0.07329402613;0.3907180293;0.3143958678;0.3802504624,0.04837837838;0.1151351351;0.1289189189;0.09972972973;0.08972972973;0.05054054054;0.1172972973;0.1167567568;0.1216216216;0.08783783784;0.1162162162;0.1083783784,23.99913984;0.369039043;23.99961756;23.99838031;23.99505479;23.99967446;15.41629382;2.274298563;1.050331633;23.99936259;23.92105008;23.99715839
Max-Age-First Safe,4,13,324.4289189189189,19.48,15.269378378378374,27.0,45.0,38.0945945945946,0.0143918918918918,0.003018018018018,0.1403378378378378,0.0454054054054054,0.937096557434928,24.0,96.0,0.3057657657657657,3394,11100,0.1955955231214698,0.3986623841885764,23.99991939958523,0.4064864864864865,True,True,0.931036637;0.7159624459;0.6775674106;0.3509019354;0.95;0.7562371291;0.2357345475;0.5713184825;0.95;0.8385292043;0.9458583108;0.3749843981,0.3702883284;0.6302691506;0.6771299559;1.320546841;0.2764601871;0.5830294735;1.920506701;0.8232731646;0.2265612916;0.488449848;0.3469497415;1.241568686,6.622972973;7.011891892;8.189189189;11.60054054;6.178378378;6.86027027;19.48;8.169459459;5.895945946;6.579459459;6.905135135;11.82432432,0.0812632764;0.1832890827;0.1824590719;0.3986623842;0.05618866506;0.14181798;0.3981158485;0.2992709207;0.04298541262;0.1119474246;0.05719982224;0.3939463885,0.1581081081;0.1686486486;0.1513513514;0.09594594595;0.1575675676;0.1610810811;0.04540540541;0.1675675676;0.1645945946;0.1651351351;0.1394594595;0.1091891892,0.3702883284;4.544844711;4.065469161;23.9999194;0.2764601871;3.294530523;23.99966944;23.05314077;0.2265612916;1.72674772;0.3469497415;23.99687459
Max-Age-First Safe,4,14,494.2162162162162,24.615675675675675,21.198391891891887,38.0,67.0,55.88153153153153,0.0418918918918918,0.0134909909909909,0.1006756756756756,0.0394594594594594,0.9075630114691176,32.0,135.0,0.4188288288288288,4649,11100,0.2861520881674884,0.4001456415538339,23.999947416340905,0.4064864864864865,True,True,0.3969158517;0.64914127;0.685168137;0.2123384503;0.8391928019;0.2547057577;0.6450583303;0.3536782427;0.3495021855;0.2638904463;0.8142278578;0.4332858251,1.177446822;0.7134614509;0.6676722331;2.128067317;0.4876767217;1.782678959;0.7188179662;1.310923092;1.325454306;1.723560971;0.5165166625;1.084128614,11.16081081;8.878378378;8.781621622;24.61567568;8.398108108;17.85621622;9.609189189;13.62;12.70918919;18.40243243;7.79;10.56216216,0.3895121378;0.1700737837;0.1631285672;0.3997315635;0.08751820088;0.3989346428;0.1950522265;0.3993000878;0.3929792903;0.4001456416;0.08613264345;0.3513162726,0.1132432432;0.1256756757;0.1310810811;0.03945945946;0.1245945946;0.05324324324;0.1310810811;0.09081081081;0.09621621622;0.05567567568;0.1227027027;0.1243243243,23.99149147;12.76538094;6.55947806;23.9997275;1.841211157;23.99790701;7.013995255;23.99954387;23.99994742;23.99829016;1.980783262;21.1334018
Max-Age-First Safe,4,15,419.5616216216216,27.21837837837838,21.3194054054054,34.0,64.0,52.002252252252255,0.0342342342342342,0.012027027027027,0.1280855855855855,0.0316216216216216,0.880410917258281,26.0,126.0,0.4945945945945946,5490,11100,0.2431234867600413,0.3999558403697859,23.999778679430808,0.4064864864864865,True,True,0.95;0.6682774533;0.3936552323;0.8783623152;0.2542081145;0.6112416568;0.1961261937;0.2603661895;0.4858854259;0.9440218225;0.777121657;0.6438927182,0.2609434761;0.6888292002;1.186565108;0.4408835581;1.786011998;0.7647485898;2.305041448;1.74572184;0.9708198352;0.349980936;0.5589976316;0.7203540735,5.592162162;6.955945946;10.29972973;6.804054054;16.49297297;7.394054054;27.21837838;16.26972973;8.228648649;6.161351351;7.687837838;8.320540541,0.04619404779;0.1956647269;0.397980351;0.08948744652;0.3996805229;0.230458021;0.3999558404;0.3996287562;0.3523813618;0.06337492626;0.1327997076;0.2098761328,0.1567567568;0.1713513514;0.1335135135;0.1489189189;0.05567567568;0.1664864865;0.03162162162;0.05864864865;0.1635135135;0.1508108108;0.1467567568;0.152972973,0.2609434761;9.242534407;23.99959448;1.217671161;23.99977868;7.624468976;23.99896785;23.99940721;23.99018187;0.349980936;3.579952632;5.930976279
Max-Age-First Safe,4,16,535.0543243243243,28.00027027027027,25.956648648648645,45.0,86.0,68.66621621621621,0.0604954954954954,0.0254054054054054,0.1182207207207207,0.0337837837837837,0.8121187077456291,29.0,184.0,0.643063063063063,7138,11100,0.275686051797744,0.4029220125134841,23.999875062921912,0.4064864864864865,True,True,0.3932789834;0.7735119064;0.901603995;0.8416273572;0.2260479039;0.7045979448;0.6624829137;0.1982197585;0.7522839954;0.3841282698;0.2247729528;0.2144342016,1.187626136;0.5631378354;0.4113518347;0.4848363331;2.00065631;0.6439160289;0.6962092138;2.280313362;0.5876051337;1.214015836;2.011774821;2.107404393,10.72162162;7.160540541;6.058648649;6.562432432;17.59513514;6.433513514;7.387567568;28.00027027;6.536216216;9.992702703;22.29405405;24.28459459,0.3996201458;0.1668105588;0.08605035677;0.1007673352;0.400131262;0.1789042372;0.219776314;0.3999792897;0.1532537714;0.4029220125;0.4001800724;0.3998372659,0.1183783784;0.172972973;0.162972973;0.1532432432;0.04972972973;0.1751351351;0.1743243243;0.03378378378;0.172972973;0.1194594595;0.04351351351;0.04216216216,23.99569884;5.741202593;0.5021665123;0.8241816656;23.99969286;7.93230527;11.55215934;23.99979694;4.477733476;23.99987506;23.99613493;23.99967442
Max-Age-First Safe,4,17,398.8443243243243,24.59945945945946,23.179567567567567,35.0,70.0,55.41216216216216,0.0386486486486486,0.0156531531531531,0.138063063063063,0.0391891891891891,0.8604216789562786,24.0,122.0,0.5072072072072072,5630,11100,0.2236189354896162,0.4012199572398718,23.99969593772194,0.4064864864864865,True,True,0.6058267012;0.4606290406;0.8627452041;0.95;0.8920394043;0.9329954481;0.2434414901;0.2237143759;0.7874097494;0.2072792387;0.95;0.5223938409,0.772389876;1.022513998;0.4598691245;0.2139841101;0.4237308779;0.3673358894;1.861711545;2.021113381;0.5472165522;2.179902851;0.241873434;0.9032962107,7.248648649;7.936486486;5.608378378;4.995945946;6.02027027;5.723783784;18.64945946;24.59945946;6.608648649;22.01783784;5.853243243;7.961621622,0.2513398407;0.3730794317;0.1010469184;0.04563066564;0.09654192705;0.07624701703;0.4000163995;0.4009451951;0.1467131945;0.4012199572;0.04739411882;0.3432525601,0.1659459459;0.157027027;0.1745945946;0.1775675676;0.1705405405;0.1713513514;0.04783783784;0.03918918919;0.1764864865;0.03972972973;0.1645945946;0.1718918919,9.806035536;23.99922743;1.017775117;0.2139841101;0.7796940469;0.3673358894;23.99944623;23.99966294;4.816496567;23.99969594;0.241873434;23.98672551
Max-Age-First Safe,4,18,340.5194594594595,21.30567567567568,19.479229729729727,30.0,59.0,47.72792792792793,0.025563063063063,0.0095045045045045,0.1530405405405405,0.0454054054054054,0.8762260078889904,21.0,141.0,0.5073873873873874,5632,11100,0.197101603770547,0.4052717819937212,23.999626106396597,0.4064864864864865,True,True,0.95;0.2298402862;0.2514208534;0.95;0.8064515181;0.2889292384;0.86964094;0.95;0.4229897239;0.9113191376;0.93510967;0.8418183031,0.2641897105;1.968390267;1.804941085;0.3377909827;0.5254308787;1.582364629;0.451552802;0.2372894534;1.10910177;0.3983676074;0.3641087485;0.4846132827,4.961621622;21.30567568;17.98486486;5.101351351;6.127837838;14.27108108;5.737837838;4.885135135;8.657297297;5.151351351;5.579189189;6.14972973,0.06169186752;0.3995300245;0.4000139701;0.0756834391;0.1400202287;0.4002954845;0.120454761;0.05483310341;0.405271782;0.09076321434;0.08817336179;0.1284880082,0.1921621622;0.04540540541;0.05162162162;0.1881081081;0.1883783784;0.07189189189;0.1948648649;0.1916216216;0.1448648649;0.1864864865;0.1910810811;0.19,0.2641897105;23.99962611;23.99923841;0.3377909827;2.657755816;23.99915506;1.43105604;0.2372894534;23.99314637;0.3983676074;0.3641087485;3.699918026
Max-Age-First Safe,4,19,511.6216216216216,26.11054054054054,23.87233783783784,38.0,74.0,58.19144144144144,0.0419594594594594,0.017072072072072,0.0970045045045045,0.0348648648648648,0.9165977868734682,34.0,152.0,0.3916216216216216,4347,11100,0.3042810089133655,0.4011390091165922,23.999036274889185,0.4064864864864865,True,True,0.8339118425;0.4218873338;0.3658373363;0.3670076204;0.481511622;0.1930715746;0.2120595117;0.3057773787;0.5446939528;0.4653449839;0.3623629999;0.8770434254,0.4938172966;1.111838862;1.270411673;1.266646367;0.9794527448;2.342239302;2.1308523;1.500722279;0.8655191693;1.012509865;1.281724896;0.4425090154,8.159189189;11.06567568;12.77783784;11.29567568;10.35621622;26.11054054;22.04108108;13.77054054;10.15459459;9.898378378;13.10351351;8.446216216,0.0866182231;0.3173248212;0.3811235019;0.3977954268;0.2787469568;0.4000797943;0.4002546887;0.4011390091;0.2329884034;0.3004691436;0.3914457114;0.06338642653,0.1172972973;0.11;0.09756756757;0.1081081081;0.1178378378;0.03486486486;0.04162162162;0.07891891892;0.1235135135;0.1281081081;0.09486486486;0.1113513514,1.826884304;23.92847389;23.99845754;23.99817307;20.7931845;23.99903627;23.99853725;23.9986979;9.041421725;19.25035513;23.99672603;0.8675991696
Max-Age-First Safe,8,0,433.8962162162162,28.54945945945946,23.8205,36.0,81.0,61.28783783783784,0.0400675675675675,0.0182207207207207,0.1371396396396396,0.041081081081081,0.8530902752563445,25.0,246.0,0.6038738738738739,6703,11100,0.227372808270963,0.4012300270553241,23.999982200447203,0.4064864864864865,True,True,0.95;0.2315765095;0.95;0.8081176242;0.6281327393;0.795200025;0.3394136806;0.9476946562;0.5005847781;0.95;0.23436609;0.2528380647,0.3369544871;1.95400716;0.2191119648;0.5235225351;0.7414402559;0.5383055036;1.361973486;0.3438720469;0.9427001774;0.2738400263;1.931388168;1.795260579,5.575945946;28.54945946;5.888918919;6.47972973;8.164324324;6.364864865;11.64918919;6.022972973;9.224864865;5.652702703;19.95135135;17.23351351,0.07194433644;0.4003074127;0.05069184915;0.1303146635;0.2440741167;0.1412688227;0.4012300271;0.0716554995;0.3648504471;0.05195559418;0.4003715473;0.399809383,0.1783783784;0.04108108108;0.1835135135;0.18;0.1745945946;0.1875675676;0.09351351351;0.1718918919;0.1672972973;0.167027027;0.04567567568;0.05513513514,0.3369544871;23.99873249;0.2191119648;1.511702816;12.23328947;1.951193561;23.99973208;0.3438720469;23.99953283;0.2738400263;23.99930207;23.9999822
Max-Age-First Safe,8,1,526.6908108108108,23.89216216216216,23.35777027027027,45.0,75.0,63.21846846846847,0.0632657657657657,0.0227477477477477,0.1173198198198198,0.0335135135135135,0.7384488842252902,30.0,140.0,0.7072072072072072,7850,11100,0.28752083319775,0.3998837629787208,23.99996336760903,0.4064864864864865,True,True,0.5605092249;0.2181252996;0.2316669551;0.3707979081;0.95;0.95;0.2020086086;0.95;0.325972712;0.8362721814;0.2993435181;0.2334007936,0.8400796556;2.072097608;1.953264399;1.254604531;0.2976063768;0.2276934429;2.237061952;0.2579608484;1.414030367;0.4910760745;1.530799061;1.939147999,7.39;20.69027027;22.92054054;11.60216216;4.852702703;4.452162162;23.89216216;4.983243243;12.63351351;5.826756757;14.20837838;21.26378378,0.3383023478;0.3998588358;0.3996273378;0.3997780384;0.06386471977;0.0531079571;0.3996480947;0.05584503772;0.3997502064;0.1417484453;0.3988352147;0.399883763,0.1932432432;0.04216216216;0.04405405405;0.1027027027;0.1875675676;0.2056756757;0.03351351351;0.1878378378;0.08540540541;0.2091891892;0.07108108108;0.04540540541,12.24764694;23.99953142;23.99994003;23.99955477;0.2976063768;0.2276934429;23.99943658;0.2579608484;23.99953849;1.675065043;23.99968316;23.99996337
Max-Age-First Safe,8,2,423.7283783783784,21.94,20.969027027027025,35.0,60.0,49.27882882882883,0.0344144144144144,0.0093018018018018,0.1309684684684684,0.0367567567567567,0.8537799572158445,27.0,98.0,0.6057657657657658,6724,11100,0.2455087451393396,0.4009035194449915,23.99999966756012,0.4064864864864865,True,True,0.2983974043;0.4720337023;0.7619171253;0.95;0.6042558466;0.7527600943;0.6803453125;0.2438339011;0.7053294905;0.1925045361;0.95;0.2931742638,1.535332493;0.9986066978;0.5764720931;0.328976203;0.7746227687;0.5870535051;0.6736618433;1.858825842;0.6430324214;2.34929577;0.2710575607;1.560894842,14.53756757;8.104594595;7.094054054;5.978378378;8.42027027;7.261621622;7.292432432;20.17459459;7.432432432;21.94;6.030810811;14.18054054,0.3991864481;0.3176648874;0.1458318592;0.0643726408;0.2602313788;0.1545378686;0.1727851593;0.4009035194;0.1753566792;0.4000152257;0.05487084134;0.4003484337,0.06675675676;0.1597297297;0.1743243243;0.1613513514;0.172972973;0.1727027027;0.1683783784;0.04513513514;0.1708108108;0.03675675676;0.1691891892;0.07351351351,23.99896939;17.11918847;2.776497676;0.328976203;8.984910747;2.083481546;3.30492765;23.97848257;3.088518743;23.99999967;0.2710575607;23.9997206
Max-Age-First Safe,8,3,507.3678378378378,20.17783783783784,19.108756756756755,39.0,62.0,52.45,0.0448423423423423,0.0109009009009009,0.1039189189189189,0.0451351351351351,0.7742908194529066,34.0,110.0,0.6727027027027027,7467,11100,0.3242161861569985,0.4031054386039157,23.999760032652027,0.4064864864864865,True,True,0.2469621281;0.8215561338;0.8932287906;0.3220866759;0.225348274;0.2465631425;0.4834834838;0.2778755806;0.2645088005;0.3014458345;0.9387067142;0.2969367479,1.836175919;0.5080937316;0.4222105672;1.429873819;2.006740312;1.839030251;0.9755450403;1.641436133;1.719737046;1.520828652;0.3585144156;1.542388958,18.23405405;5.98972973;5.548108108;11.27513514;20.17783784;16.71297297;8.450540541;13.82567568;16.33918919;14.21648649;5.25972973;12.62918919,0.399988592;0.1316924023;0.09242988093;0.3999782169;0.4002633378;0.3996163031;0.3857357821;0.4001555113;0.4015818399;0.4007589016;0.07528802728;0.4031054386,0.05081081081;0.1886486486;0.1816216216;0.09297297297;0.04513513514;0.05297297297;0.1772972973;0.06864864865;0.0572972973;0.07864864865;0.177027027;0.07594594595,23.99954416;1.80521851;0.4666317017;23.99933929;23.99955093;23.99803455;23.98901506;23.99976003;23.99884008;23.99865181;0.3585144156;23.99913671
Max-Age-First Safe,8,4,479.7924324324324,19.495945945945945,19.030675675675678,38.0,58.0,51.0554054054054,0.0399099099099099,0.0084234234234234,0.1036486486486486,0.0462162162162162,0.9179489446692534,34.0,134.0,0.4107207207207207,4559,11100,0.2903994449251637,0.4013664989253395,23.99977447094832,0.4064864864864865,True,True,0.662118963;0.6741961796;0.3640876;0.2460798207;0.2372011855;0.4128728207;0.5024050881;0.4159209977;0.2309431598;0.4380235493;0.7287104513;0.5641011845,0.6966749552;0.6813572012;1.27608378;1.842501298;1.908996959;1.13470463;0.9393093506;1.126874486;1.959226317;1.072981387;0.6151471375;0.8344446437,8.633783784;9.501891892;11.96567568;18.65;18.45945946;11.00945946;10.69054054;11.5027027;19.49594595;11.84405405;9.618378378;9.363243243,0.1528919091;0.1441899158;0.3859291217;0.4013664989;0.3998574711;0.3612654202;0.2660530269;0.3167430988;0.3971404697;0.3349441898;0.1236944514;0.2007177656,0.1294594595;0.1240540541;0.1078378378;0.05135135135;0.05513513514;0.1224324324;0.1232432432;0.1145945946;0.04621621622;0.1181081081;0.1256756757;0.1256756757,3.353449373;4.901715219;23.99327816;23.99849541;23.99963408;23.992826;20.37648909;18.74372431;23.99977447;22.08695769;2.98176565;4.813335724
Max-Age-First Safe,8,5,446.4945945945946,25.924054054054054,21.16506756756756,35.0,68.0,55.91171171171171,0.0358558558558558,0.0140315315315315,0.1199324324324324,0.0405405405405405,0.8752627582438951,28.0,206.0,0.5795495495495495,6433,11100,0.2677535711077822,0.403227468915057,23.99968314444984,0.4064864864864865,True,True,0.9411489522;0.4821824971;0.3825098869;0.7544254172;0.3523107703;0.8677360717;0.95;0.2189202535;0.8265150398;0.3376263363;0.2625732011;0.2699141276,0.3546353857;0.9781203331;1.218803669;0.5851252029;1.315645181;0.4538598372;0.2241414152;2.064668323;0.5023771293;1.368663091;1.731770293;1.687095206,6.065135135;8.422162162;11.73945946;7.242972973;11.32459459;6.901891892;5.814324324;25.92405405;6.924864865;11.29810811;17.27135135;15.99162162,0.06603885965;0.3508015357;0.4012169916;0.133471803;0.4032274689;0.09641454921;0.0425868689;0.4000992398;0.1173118486;0.4013512038;0.4001793515;0.4003431326,0.1583783784;0.1594594595;0.1154054054;0.1608108108;0.1064864865;0.157027027;0.1627027027;0.04054054054;0.1667567568;0.09081081081;0.05540540541;0.06540540541,0.3546353857;23.99631964;23.9985462;2.747128449;23.99968314;0.7231590234;0.2241414152;23.99960989;0.9118856464;23.99956334;23.999585;23.99941648
Max-Age-First Safe,8,6,306.7408108108108,13.292432432432433,12.394,26.0,40.0,34.21081081081081,0.0089864864864864,0.000563063063063,0.1429054054054054,0.0737837837837837,0.9640673622104602,24.0,73.0,0.2562162162162162,2844,11100,0.192680192912851,0.4001293426385237,23.99999244669509,0.4064864864864865,True,True,0.6600953202;0.4082536129;0.95;0.8542797728;0.5796663152;0.95;0.7238759829;0.298421524;0.95;0.3698913443;0.95;0.5870736138,0.6992694381;1.146768836;0.2551559305;0.4699577518;0.8105930222;0.2156180293;0.6208604762;1.535216558;0.2628816135;1.257463669;0.2571157349;0.7995478023,8.021081081;10.83108108;5.964864865;6.901081081;8.873513514;6.063783784;8.470540541;13.29243243;5.74;11.65891892;5.863513514;8.198378378,0.212993691;0.4001293426;0.04613495068;0.1033907054;0.2254324919;0.03951054699;0.1431335098;0.3999861519;0.04646610141;0.4000093887;0.04906046184;0.2459149727,0.17;0.1251351351;0.152972973;0.1637837838;0.1486486486;0.1554054054;0.1443243243;0.07378378378;0.1543243243;0.1018918919;0.1597297297;0.1648648649,8.76493303;23.99713888;0.2551559305;1.099577518;3.811860445;0.2156180293;3.53376762;23.99999245;0.2628816135;23.99880718;0.2571157349;7.568346163
Max-Age-First Safe,8,7,369.72513513513513,27.643243243243244,21.14521621621621,33.0,65.0,51.456756756756754,0.0319594594594594,0.0120045045045045,0.1493918918918919,0.0345945945945945,0.8754215770569438,22.0,132.0,0.5436036036036036,6034,11100,0.2082364171817325,0.4010537871837515,23.999644171914667,0.4064864864864865,True,True,0.95;0.8194645516;0.5139536145;0.1957148488;0.2668165055;0.95;0.9166527097;0.2817874583;0.4060368001;0.95;0.95;0.8957240492,0.2129344738;0.5105004868;0.9182376412;2.309972111;1.705631049;0.2143947682;0.3910280632;1.619983796;1.152645744;0.2643493157;0.2202876177;0.4190042049,5.454054054;5.81;8.334324324;27.64324324;15.82864865;5.558378378;5.760540541;14.84189189;8.866486486;5.510810811;5.269459459;5.836486486,0.04575213694;0.1233479555;0.3856598093;0.4001870602;0.4010537872;0.04502290132;0.09025350433;0.400179781;0.4006222775;0.05758528336;0.04917772223;0.09999478729,0.1837837838;0.1867567568;0.1886486486;0.03459459459;0.06108108108;0.1786486486;0.1862162162;0.06783783784;0.1462162162;0.1808108108;0.1910810811;0.187027027,0.2129344738;0.8840038946;23.99732874;23.99909524;23.9992179;0.2143947682;0.3910280632;23.99902777;23.99964417;0.2643493157;0.2202876177;0.5520336396
Max-Age-First Safe,8,8,416.9689189189189,25.19162162162162,21.56444594594594,36.0,65.0,53.48018018018018,0.039054054054054,0.0131531531531531,0.1331981981981982,0.0356756756756756,0.8520082661040039,25.0,114.0,0.6168468468468469,6847,11100,0.2441139038630462,0.401987916168222,23.999891550072544,0.4064864864864865,True,True,0.924502767;0.7675714746;0.2938168902;0.223720696;0.8564804989;0.95;0.4732619221;0.198994158;0.3554966144;0.365156396;0.95;0.8950142286,0.3798996382;0.5699618165;1.557699888;2.021057334;0.4673466129;0.2347890628;0.9960890923;2.271318822;1.304697623;1.272612991;0.2590903055;0.4199186836,5.311351351;6.796756757;14.77459459;18.59675676;6.234054054;5.221351351;8.667297297;25.19162162;12.02864865;11.75864865;5.326756757;5.352972973,0.08285919135;0.1625161396;0.3999499713;0.3987491497;0.102563635;0.04835385564;0.3817444143;0.3996293386;0.4019879162;0.4000132184;0.05146793906;0.09953207717,0.1778378378;0.1859459459;0.06567567568;0.0472972973;0.17;0.1772972973;0.1694594595;0.03567567568;0.1021621622;0.1067567568;0.1740540541;0.1862162162,0.3798996382;2.719389065;23.99969122;23.98260599;1.073466129;0.2347890628;23.99815899;23.99910349;23.99989155;23.99892286;0.2590903055;0.5991868362
Max-Age-First Safe,8,9,522.9145945945946,27.633243243243243,25.320270270270267,43.0,77.0,62.62747747747748,0.0586711711711711,0.0207882882882882,0.1197972972972973,0.0348648648648648,0.8043136331118468,29.0,138.0,0.69009009009009,7660,11100,0.2715782118896072,0.4003776438448564,23.999493627997584,0.4064864864864865,True,True,0.3257577326;0.6871221964;0.2523803769;0.1963495047;0.5437054116;0.2493362779;0.95;0.4363495231;0.95;0.6652629851;0.95;0.2127973752,1.414897118;0.6652565043;1.798374164;2.302374716;0.8671448273;1.819394726;0.209506079;1.076896197;0.2790122724;0.6926602831;0.247425482;2.123503268,13.57243243;7.731081081;19.60945946;27.63324324;8.499189189;17.70513514;5.167837838;8.947837838;5.47027027;7.362162162;5.526486486;23.42783784,0.4003776438;0.1760232751;0.3985585986;0.3994931264;0.3330304864;0.4002668397;0.04059888071;0.3990336989;0.05685817659;0.2049900027;0.04968571165;0.4000221022,0.08405405405;0.1621621622;0.04864864865;0.03486486486;0.1718918919;0.05189189189;0.1697297297;0.1554054054;0.172972973;0.1781081081;0.17;0.03783783784,23.99942314;3.178847564;23.9969037;23.99949363;14.30300688;23.99928272;0.209506079;23.99790335;0.2790122724;2.633942548;0.247425482;23.9988499
Max-Age-First Safe,8,10,603.8605405405406,32.72810810810811,28.14824324324324,48.0,104.0,74.96891891891892,0.0738063063063063,0.0296171171171171,0.0969144144144144,0.0359459459459459,0.8359246995452659,37.0,330.0,0.6336936936936937,7034,11100,0.3170029238527291,0.4017634026192271,23.99991353649527,0.4064864864864865,True,True,0.2210551088;0.5230742899;0.4621770162;0.8877431859;0.3493760462;0.4491418585;0.5565464418;0.34857734;0.2223217792;0.6900300697;0.2104662511;0.2177243916,2.045012567;0.9021077578;1.019211399;0.4291816563;1.325898395;1.047619095;0.8463561798;1.328717478;2.03354937;0.6616731043;2.146920017;2.075867389,21.1227027;12.01216216;10.73324324;7.593243243;12.77540541;10.63837838;9.748648649;12.80891892;24.40108108;8.547297297;22.28324324;32.72810811,0.4001592157;0.2967203085;0.317608309;0.06866906501;0.3888107454;0.3508108266;0.2264574643;0.3989743564;0.4017634026;0.1525424751;0.4003715707;0.4011473468,0.04351351351;0.1332432432;0.1316216216;0.1291891892;0.09810810811;0.1424324324;0.1362162162;0.09810810811;0.03945945946;0.137027027;0.03810810811;0.03594594595,23.99991354;21.28337493;20.40931091;0.6042715941;23.99851331;20.0571447;10.40526068;23.99712316;23.99816954;7.928597278;23.99932792;23.99722662
Max-Age-First Safe,8,11,468.964054054054,25.39918918918919,23.831837837837835,38.0,64.0,56.622972972972974,0.0436036036036036,0.0121846846846846,0.1119144144144144,0.04,0.9128073682462464,32.0,183.0,0.4191891891891892,4653,11100,0.2702891931648373,0.4014851534711932,23.99947758279743,0.4064864864864865,True,True,0.95;0.2935060875;0.6227889451;0.4312530983;0.6153269509;0.4183303984;0.9434799305;0.4987828682;0.6260188518;0.4351735249;0.2492611008;0.2092716103,0.3358641596;1.559243329;0.7487311135;1.088976442;0.7590395275;1.120756955;0.3508668233;0.9460759936;0.7443154627;1.079661914;1.819920828;2.159149808,7.057027027;13.37432432;8.884324324;10.46594595;10.03216216;11.70027027;7.094324324;11.11162162;10.27459459;10.73864865;22.54945946;25.39918919,0.05237665408;0.3961320889;0.1667444426;0.379964483;0.1776562786;0.3801486427;0.05613869174;0.289703811;0.167973895;0.3752554654;0.3998907116;0.4014851535,0.132972973;0.07864864865;0.1372972973;0.1327027027;0.1289189189;0.1194594595;0.1308108108;0.1294594595;0.1256756757;0.1418918919;0.04513513514;0.04,0.3358641596;23.99724365;9.559395632;23.99292453;5.098869605;23.99740115;0.3508668233;16.5283558;8.56241027;23.99841547;23.99854426;23.99947758
Max-Age-First Safe,8,12,481.9981081081081,21.44081081081081,20.027756756756755,37.0,59.0,51.5945945945946,0.0388963963963963,0.009054054054054,0.102545045045045,0.0475675675675675,0.9317640807345736,34.0,109.0,0.4368468468468468,4849,11100,0.2926159567109763,0.4007376493206502,23.99967445839867,0.4064864864864865,True,True,0.2277146089;0.9318683167;0.4490225566;0.364868936;0.3264467419;0.2532754659;0.5108922966;0.7249468559;0.885090931;0.3371942215;0.4510893652;0.3770521179,1.986329388;0.369039043;1.047885528;1.273544601;1.412123145;1.792296255;0.9237509324;0.6195927545;0.4325165816;1.370290719;1.043286736;1.235229773,18.87162162;7.317027027;11.78108108;12.68324324;12.89459459;21.44081081;10.15162162;8.871891892;7.64972973;13.92540541;11.46648649;11.86135135,0.3994132608;0.05425871335;0.3551482305;0.3954872289;0.4007376493;0.3996336243;0.2366799686;0.1078426308;0.07282644064;0.3947918665;0.3129860209;0.381585846,0.04837837838;0.122972973;0.1294594595;0.1008108108;0.09432432432;0.04756756757;0.1245945946;0.1197297297;0.1272972973;0.08540540541;0.1210810811;0.1089189189,23.99913984;0.369039043;23.99427642;23.99676062;23.99492721;23.99967446;8.322520513;1.497963773;0.5300663265;23.99872519;23.79720417;23.99934612
Max-Age-First Safe,8,13,324.1862162162162,19.6327027027027,15.626918918918914,28.0,46.0,39.84864864864865,0.0167567567567567,0.0035585585585585,0.1460810810810811,0.0456756756756756,0.9334901362230656,23.0,110.0,0.3503603603603603,3889,11100,0.1954118574548382,0.3997330978435144,23.999919399585217,0.4064864864864865,True,True,0.931036637;0.7159624459;0.6775674106;0.3509019354;0.95;0.7562371291;0.2357345475;0.5713184825;0.95;0.8385292043;0.9458583108;0.3749843981,0.3702883284;0.6302691506;0.6771299559;1.320546841;0.2764601871;0.5830294735;1.920506701;0.8232731646;0.2265612916;0.488449848;0.3469497415;1.241568686,6.635675676;7.681621622;8.641081081;12.34945946;6.101081081;6.711081081;19.6327027;8.320810811;5.881891892;6.445945946;6.637297297;11.30540541,0.08106312055;0.1834594257;0.1809950071;0.3997330978;0.05499316155;0.1422907066;0.3986349044;0.2890356327;0.04433253382;0.1127395055;0.05935653685;0.3983086569,0.1667567568;0.1756756757;0.1613513514;0.09378378378;0.1624324324;0.1659459459;0.04567567568;0.1767567568;0.1697297297;0.1732432432;0.147027027;0.1145945946,0.3702883284;3.114575561;4.034079294;23.9999194;0.2764601871;2.196353682;23.99966944;23.05314077;0.2265612916;1.372948328;0.3469497415;23.99924108
Max-Age-First Safe,8,14,482.36405405405407,25.06972972972973,21.015783783783775,38.0,63.0,53.18828828828829,0.042027027027027,0.011554054054054,0.1057432432432432,0.0364864864864864,0.9022225272876676,32.69999999999982,127.0,0.4869369369369369,5405,11100,0.2858451373108204,0.4031974266952075,23.999842249024315,0.4064864864864865,True,True,0.3969158517;0.64914127;0.685168137;0.2123384503;0.8391928019;0.2547057577;0.6450583303;0.3536782427;0.3495021855;0.2638904463;0.8142278578;0.4332858251,1.177446822;0.7134614509;0.6676722331;2.128067317;0.4876767217;1.782678959;0.7188179662;1.310923092;1.325454306;1.723560971;0.5165166625;1.084128614,11.13351351;9.177297297;8.999189189;25.06972973;8.041351351;15.69189189;9.464054054;14.90540541;11.77972973;17.69891892;7.850540541;10.47243243,0.3866480779;0.1731590224;0.1660157985;0.4003067169;0.08804541895;0.3989346428;0.1851441951;0.4031974267;0.3987109846;0.4001456416;0.09199580556;0.3378379168,0.1178378378;0.1327027027;0.1408108108;0.03648648649;0.1332432432;0.05918918919;0.1364864865;0.08945945946;0.1008108108;0.05918918919;0.132972973;0.1297297297,23.99489735;8.376920626;3.482755729;23.9997275;0.9260603305;23.99790701;3.506997628;23.99878365;23.99984225;23.99858093;0.9825833124;16.96514457
Max-Age-First Safe,8,15,431.9467567567568,27.46837837837838,22.2731081081081,36.0,65.0,54.0427927927928,0.0393693693693693,0.0131081081081081,0.1314414414414414,0.0316216216216216,0.8686394960891083,27.0,126.0,0.5598198198198199,6214,11100,0.2429167169498668,0.3999558403697859,23.99977867943081,0.4064864864864865,True,True,0.95;0.6682774533;0.3936552323;0.8783623152;0.2542081145;0.6112416568;0.1961261937;0.2603661895;0.4858854259;0.9440218225;0.777121657;0.6438927182,0.2609434761;0.6888292002;1.186565108;0.4408835581;1.786011998;0.7647485898;2.305041448;1.74572184;0.9708198352;0.349980936;0.5589976316;0.7203540735,5.622432432;7.070810811;11.28486486;6.815945946;18.02243243;7.569459459;27.46837838;17.53243243;8.514864865;5.954054054;7.553243243;8.497837838,0.04852138149;0.1921274958;0.3992631241;0.08853418477;0.3996805229;0.2302513322;0.3999558404;0.3991569395;0.359203339;0.06555048343;0.1287205357;0.2040354241,0.1610810811;0.1743243243;0.1310810811;0.1513513514;0.05108108108;0.1759459459;0.03162162162;0.05378378378;0.1710810811;0.1589189189;0.1559459459;0.1610810811,0.2609434761;3.821267203;23.99959448;0.8497191387;23.99977868;6.130223206;23.99896785;23.99940721;23.9846249;0.349980936;1.671981053;3.125665177
Max-Age-First Safe,8,16,537.3824324324324,29.81,26.707999999999995,45.0,89.0,69.92342342342343,0.0605405405405405,0.0261486486486486,0.1232207207207207,0.0327027027027027,0.7997786569012566,29.0,216.0,0.6872072072072072,7628,11100,0.2754763537108996,0.4002971134091619,23.99979693762525,0.4064864864864865,True,True,0.3932789834;0.7735119064;0.901603995;0.8416273572;0.2260479039;0.7045979448;0.6624829137;0.1982197585;0.7522839954;0.3841282698;0.2247729528;0.2144342016,1.187626136;0.5631378354;0.4113518347;0.4848363331;2.00065631;0.6439160289;0.6962092138;2.280313362;0.5876051337;1.214015836;2.011774821;2.107404393,10.80405405;7.247297297;5.766216216;6.484864865;17.06432432;6.297837838;7.430540541;29.81;6.621891892;9.775405405;22.83108108;24.17,0.3999411258;0.1677237553;0.08605035677;0.103519109;0.400131262;0.1752495787;0.2173301735;0.3999792897;0.1554771421;0.4002971134;0.4001800724;0.3998372659,0.1181081081;0.1859459459;0.1686486486;0.1627027027;0.04972972973;0.1816216216;0.1864864865;0.0327027027;0.1840540541;0.1254054054;0.04162162162;0.04162162162,23.99973519;3.072962074;0.4567591735;0.7393453325;23.99969286;4.097900722;8.55974091;23.99979694;4.152102674;23.99975013;23.99613493;23.99967442
Max-Age-First Safe,8,17,404.8664864864865,24.555945945945947,24.379797297297294,36.0,72.0,56.73828828828829,0.0398423423423423,0.0159684684684684,0.1422522522522522,0.0364864864864864,0.8552435287511392,24.0,137.0,0.5567567567567567,6180,11100,0.2231584354329456,0.4012199572398718,23.999695937721977,0.4064864864864865,True,True,0.6058267012;0.4606290406;0.8627452041;0.95;0.8920394043;0.9329954481;0.2434414901;0.2237143759;0.7874097494;0.2072792387;0.95;0.5223938409,0.772389876;1.022513998;0.4598691245;0.2139841101;0.4237308779;0.3673358894;1.861711545;2.021113381;0.5472165522;2.179902851;0.241873434;0.9032962107,7.691621622;8.267297297;5.405945946;4.910810811;5.924324324;5.683243243;17.85540541;24.55594595;6.65972973;24.23567568;5.639459459;7.954864865,0.253844889;0.3763956934;0.09980402892;0.04753917257;0.09516766475;0.0770412568;0.4000163995;0.4003989482;0.1430157854;0.4012199572;0.0485054292;0.3349520003,0.1754054054;0.1621621622;0.177027027;0.1845945946;0.1762162162;0.177027027;0.05027027027;0.03756756757;0.1827027027;0.03648648649;0.1716216216;0.1759459459,7.516476032;23.99961371;1.118429494;0.2139841101;0.5186543897;0.3673358894;23.99944623;23.99966294;5.405362776;23.99969594;0.241873434;12.4065476
Max-Age-First Safe,8,18,350.9383783783784,23.02405405405405,20.479635135135133,31.0,64.0,50.92927927927928,0.029527027027027,0.0116441441441441,0.1569594594594595,0.0454054054054054,0.872646966933505,20.0,172.0,0.5554954954954955,6166,11100,0.1968199612266945,0.4037729958177091,23.999626106396644,0.4064864864864865,True,True,0.95;0.2298402862;0.2514208534;0.95;0.8064515181;0.2889292384;0.86964094;0.95;0.4229897239;0.9113191376;0.93510967;0.8418183031,0.2641897105;1.968390267;1.804941085;0.3377909827;0.5254308787;1.582364629;0.451552802;0.2372894534;1.10910177;0.3983676074;0.3641087485;0.4846132827,5.178378378;23.02405405;18.39783784;5.066486486;6.102432432;14.30432432;5.582702703;4.902702703;9.277567568;5.112972973;5.610810811;6.236486486,0.06262010164;0.3995300245;0.4000139701;0.07577473396;0.13476592;0.4002954845;0.1199665958;0.05605161682;0.4037729958;0.09097854818;0.08827176956;0.1297977738,0.1986486486;0.04540540541;0.05135135135;0.1910810811;0.1935135135;0.07405405405;0.2032432432;0.1983783784;0.142972973;0.1891891892;0.1986486486;0.197027027,0.2641897105;23.99962611;23.99923841;0.3377909827;2.030601423;23.99915506;1.018633624;0.2372894534;23.99386321;0.3983676074;0.3641087485;3.299918026
Max-Age-First Safe,8,19,517.6770270270271,25.90081081081081,24.66227027027027,39.0,70.0,57.85855855855856,0.0465765765765765,0.0155405405405405,0.1004054054054054,0.0335135135135135,0.9050062732788924,35.0,152.0,0.4865765765765766,5401,11100,0.3043124479923277,0.4035726128119404,23.99973332468224,0.4064864864864865,True,True,0.8339118425;0.4218873338;0.3658373363;0.3670076204;0.481511622;0.1930715746;0.2120595117;0.3057773787;0.5446939528;0.4653449839;0.3623629999;0.8770434254,0.4938172966;1.111838862;1.270411673;1.266646367;0.9794527448;2.342239302;2.1308523;1.500722279;0.8655191693;1.012509865;1.281724896;0.4425090154,8.172162162;11.16;13.19108108;11.37297297;10.97567568;25.90081081;23.64891892;14.51081081;9.947027027;9.705945946;12.12891892;7.879459459,0.08488318936;0.3188273062;0.3811235019;0.3960837425;0.2933063895;0.4000797943;0.4002546887;0.4035726128;0.2280759973;0.2832291108;0.3962954813;0.06601756122,0.1248648649;0.1137837838;0.1013513514;0.1105405405;0.1259459459;0.03351351351;0.03891891892;0.07513513514;0.1356756757;0.1248648649;0.09918918919;0.1210810811,1.056721076;20.6876682;23.99845754;23.99695512;19.27268761;23.99903627;23.99973332;23.9994914;5.644864217;11.31274662;23.99963317;0.7825811388
Round-Robin Safe,2,0,391.01324324324327,18.235405405405405,18.09731081081081,32.0,53.0,45.22477477477477,0.0272522522522522,0.0049549549549549,0.1494144144144144,0.0464864864864864,0.7980312670449932,24.0,108.0,0.039009009009009,433,11100,0.2141728876061772,0.4017502052798398,23.999928801789025,0.4064864864864865,True,True,0.95;0.2315765095;0.95;0.8081176242;0.6281327393;0.795200025;0.3394136806;0.9476946562;0.5005847781;0.95;0.23436609;0.2528380647,0.3369544871;1.95400716;0.2191119648;0.5235225351;0.7414402559;0.5383055036;1.361973486;0.3438720469;0.9427001774;0.2738400263;1.931388168;1.795260579,3.083783784;18.23540541;3.822162162;4.504324324;7.377837838;5.124864865;12.64918919;3.572432432;9.17027027;3.118378378;17.98432432;15.37567568,0.1059129915;0.4003074127;0.05513330789;0.1560663125;0.185360064;0.1345763759;0.3404933716;0.08596801172;0.2356750444;0.06846000657;0.4003715473;0.4017502053,0.2681081081;0.04972972973;0.2094594595;0.22;0.1381081081;0.1789189189;0.07783783784;0.2124324324;0.1121621622;0.2202702703;0.04648648649;0.05945945946,0.3369544871;23.99730057;0.2191119648;0.6470450703;0.7414402559;0.5383055036;1.361973486;0.3438720469;0.9427001774;0.2738400263;23.99894398;23.9999288
Round-Robin Safe,2,1,552.0948648648649,25.15756756756757,24.1912027027027,47.0,80.0,67.42657657657658,0.0698873873873873,0.0252927927927927,0.1209909909909909,0.0332432432432432,0.6946057258742653,32.0,204.0,0.0816216216216216,906,11100,0.2793254708526484,0.4048642729379798,23.998763876785382,0.4064864864864865,True,True,0.5605092249;0.2181252996;0.2316669551;0.3707979081;0.95;0.95;0.2020086086;0.95;0.325972712;0.8362721814;0.2993435181;0.2334007936,0.8400796556;2.072097608;1.953264399;1.254604531;0.2976063768;0.2276934429;2.237061952;0.2579608484;1.414030367;0.4910760745;1.530799061;1.939147999,8.883783784;23.40054054;22.69837838;11.59216216;3.134324324;3.191891892;25.15756757;3.172702703;13.77567568;5.029459459;13.5;21.1227027,0.2468017799;0.3998588358;0.4001552471;0.4048642729;0.07786026289;0.05692336074;0.400252706;0.0665120674;0.3535075917;0.1625859976;0.3826997651;0.399883763,0.1316216216;0.04054054054;0.04459459459;0.1064864865;0.2272972973;0.2202702703;0.03324324324;0.2237837838;0.07405405405;0.2394594595;0.06756756757;0.04297297297,1.280159311;23.99795411;23.99296661;23.99131147;0.2976063768;0.2276934429;23.99876388;0.2579608484;1.414030367;0.5821521491;1.530799061;23.99834749
Round-Robin Safe,2,2,451.3086486486487,31.09432432432433,24.41122972972972,37.0,75.0,60.09099099099099,0.0427477477477477,0.0162387387387387,0.1374324324324324,0.0321621621621621,0.7962287981844282,24.0,188.0,0.0685585585585585,761,11100,0.2372309004549736,0.4004313123143918,23.999998670240743,0.4064864864864865,True,True,0.2983974043;0.4720337023;0.7619171253;0.95;0.6042558466;0.7527600943;0.6803453125;0.2438339011;0.7053294905;0.1925045361;0.95;0.2931742638,1.535332493;0.9986066978;0.5764720931;0.328976203;0.7746227687;0.5870535051;0.6736618433;1.858825842;0.6430324214;2.34929577;0.2710575607;1.560894842,13.91378378;7.185675676;4.951891892;3.068378378;7.720540541;5.62972973;5.728108108;18.94324324;6.195135135;31.09432432;3.46972973;13.59837838,0.4004313123;0.2634162532;0.1441180233;0.1063393348;0.1936556922;0.1467633763;0.1684154608;0.4004011341;0.1607581054;0.4000152257;0.07223317698;0.3902237104,0.06972972973;0.1318918919;0.1794594595;0.2732432432;0.1335135135;0.1705405405;0.1597297297;0.0472972973;0.1545945946;0.03216216216;0.2254054054;0.07162162162,23.99949569;1.994426791;0.5764720931;0.328976203;0.7746227687;0.5870535051;0.6736618433;23.97844326;0.6430324214;23.99999867;0.2710575607;1.560894842
Round-Robin Safe,2,3,518.1013513513514,19.924324324324324,19.28810810810811,39.0,65.0,55.22387387387387,0.0445945945945946,0.0129279279279279,0.106554054054054,0.047027027027027,0.7513026576390962,32.0,140.0,0.0546846846846846,607,11100,0.3209263237703524,0.4050354565140314,23.999476192742584,0.4064864864864865,True,True,0.2469621281;0.8215561338;0.8932287906;0.3220866759;0.225348274;0.2465631425;0.4834834838;0.2778755806;0.2645088005;0.3014458345;0.9387067142;0.2969367479,1.836175919;0.5080937316;0.4222105672;1.429873819;2.006740312;1.839030251;0.9755450403;1.641436133;1.719737046;1.520828652;0.3585144156;1.542388958,15.54486486;4.825945946;3.520540541;10.64540541;18.76756757;19.92432432;8.030810811;13.91756757;15.22486486;14.17648649;3.613243243;13.33351351,0.4009811195;0.1285339818;0.1055526418;0.4050020979;0.4002633378;0.4011074087;0.3224571849;0.4050354565;0.4034410151;0.4032251102;0.08991929127;0.3855972396,0.05702702703;0.1856756757;0.2086486486;0.09162162162;0.04702702703;0.05189189189;0.1581081081;0.06540540541;0.06054054054;0.07405405405;0.2083783784;0.07027027027,23.99755978;0.6161874631;0.4222105672;23.9952698;23.99910185;23.99947619;2.253270242;23.99811219;23.99755628;23.98162938;0.3585144156;1.542388958
Round-Robin Safe,2,4,482.9470270270271,23.103783783783783,21.029540540540538,36.0,66.0,55.27702702702703,0.0386711711711711,0.0126801801801801,0.1074999999999999,0.0451351351351351,0.8771922751885526,28.0,236.0,0.0395495495495495,439,11100,0.2844962084437316,0.4008685256016108,23.998306266974566,0.4064864864864865,True,True,0.662118963;0.6741961796;0.3640876;0.2460798207;0.2372011855;0.4128728207;0.5024050881;0.4159209977;0.2309431598;0.4380235493;0.7287104513;0.5641011845,0.6966749552;0.6813572012;1.27608378;1.842501298;1.908996959;1.13470463;0.9393093506;1.126874486;1.959226317;1.072981387;0.6151471375;0.8344446437,6.443783784;6.331351351;9.795135135;16.79189189;23.10378378;10.52162162;9.472432432;9.497567568;19.33243243;9.407297297;5.888108108;7.055675676,0.1741687388;0.1703393003;0.3190209451;0.4008685256;0.3998574711;0.2836761576;0.2985480531;0.2875052743;0.4003175935;0.3172544967;0.1537867844;0.2086111609,0.1481081081;0.1540540541;0.0927027027;0.05486486486;0.04513513514;0.09675675676;0.1405405405;0.1008108108;0.04783783784;0.11;0.162972973;0.1362162162,0.6966749552;0.6813572012;1.27608378;23.99828776;23.99714193;1.13470463;1.757237402;1.853748972;23.99830627;1.745962775;0.6151471375;0.8344446437
Round-Robin Safe,2,5,438.34783783783786,23.05945945945946,19.24067567567567,34.0,60.0,50.804054054054056,0.0319594594594594,0.0098198198198198,0.129009009009009,0.041081081081081,0.7963920823879058,24.0,140.0,0.0314414414414414,349,11100,0.2528604264157568,0.4050502932666673,23.999221973907847,0.4064864864864865,True,True,0.9411489522;0.4821824971;0.3825098869;0.7544254172;0.3523107703;0.8677360717;0.95;0.2189202535;0.8265150398;0.3376263363;0.2625732011;0.2699141276,0.3546353857;0.9781203331;1.218803669;0.5851252029;1.315645181;0.4538598372;0.2241414152;2.064668323;0.5023771293;1.368663091;1.731770293;1.687095206,3.387297297;8.828108108;10.92378378;4.977837838;10.99405405;4.458918919;3.507567568;23.05945946;4.666486486;11.02972973;16.11621622;15.38,0.1018857878;0.2453231538;0.3047009173;0.1462813007;0.3289112952;0.1134649593;0.05603535381;0.4000992398;0.1255942823;0.4050502933;0.4029876276;0.403990906,0.2413513514;0.1159459459;0.09081081081;0.1762162162;0.08405405405;0.1935135135;0.2102702703;0.04108108108;0.1840540541;0.09162162162;0.06027027027;0.05891891892,0.3546353857;1.556240666;1.218803669;0.5851252029;1.315645181;0.4538598372;0.2241414152;23.99921978;0.5023771293;23.95742963;23.98599253;23.99922197
Round-Robin Safe,2,6,311.4227027027027,14.995135135135136,13.573459459459457,25.0,44.0,36.56306306306306,0.0133333333333333,0.0019819819819819,0.1554954954954955,0.0643243243243243,0.8933028136821473,20.0,96.0,0.0,0,11100,0.1735510179637699,0.3838041395700113,1.535216558280024,0.4064864864864865,True,True,0.6600953202;0.4082536129;0.95;0.8542797728;0.5796663152;0.95;0.7238759829;0.298421524;0.95;0.3698913443;0.95;0.5870736138,0.6992694381;1.146768836;0.2551559305;0.4699577518;0.8105930222;0.2156180293;0.6208604762;1.535216558;0.2628816135;1.257463669;0.2571157349;0.7995478023,6.785405405;11.64594595;3.421081081;4.657837838;7.762702703;3.200540541;5.427567568;14.99513514;3.26972973;12.41027027;3.364864865;6.975675676,0.1748173595;0.2866922091;0.06378898263;0.1174894379;0.2026482556;0.05390450732;0.1552151191;0.3838041396;0.06572040337;0.3143659172;0.06427893372;0.1998869506,0.1475675676;0.09216216216;0.212972973;0.1881081081;0.1267567568;0.2175675676;0.1662162162;0.06432432432;0.2137837838;0.07891891892;0.2159459459;0.1416216216,0.6992694381;1.146768836;0.2551559305;0.4699577518;0.8105930222;0.2156180293;0.6208604762;1.535216558;0.2628816135;1.257463669;0.2571157349;0.7995478023
Round-Robin Safe,2,7,397.06567567567566,32.84864864864865,24.134567567567554,36.0,76.0,59.41081081081081,0.0404504504504504,0.019009009009009,0.1566666666666667,0.0278378378378378,0.8094892217637355,20.0,156.0,0.0311711711711711,346,11100,0.1933787816514197,0.4054337825060741,23.99999020533113,0.4064864864864865,True,True,0.95;0.8194645516;0.5139536145;0.1957148488;0.2668165055;0.95;0.9166527097;0.2817874583;0.4060368001;0.95;0.95;0.8957240492,0.2129344738;0.5105004868;0.9182376412;2.309972111;1.705631049;0.2143947682;0.3910280632;1.619983796;1.152645744;0.2643493157;0.2202876177;0.4190042049,3.382162162;4.247027027;9.310810811;32.84864865;17.00486486;3.546486486;3.594054054;14.54540541;9.781621622;3.462972973;3.477297297;4.311891892,0.05323361846;0.1276251217;0.2295594103;0.4001870602;0.4038196754;0.05359869205;0.1311529261;0.4054337825;0.2890960136;0.06701612381;0.05507190443;0.1047510512,0.2145945946;0.1908108108;0.1143243243;0.02783783784;0.05675675676;0.2121621622;0.2724324324;0.06810810811;0.09648648649;0.2164864865;0.2156756757;0.1943243243,0.2129344738;0.5105004868;0.9182376412;23.99686409;23.99999021;0.2143947682;0.3910280632;23.99222217;1.905291488;0.2643493157;0.2202876177;0.4190042049
Round-Robin Safe,2,8,425.7816216216216,26.23189189189189,22.11551351351351,36.0,65.0,54.08378378378379,0.0366891891891891,0.0124099099099099,0.1399324324324324,0.0367567567567567,0.8162100027936224,24.0,144.0,0.0437837837837837,486,11100,0.2338868445799465,0.4051724602240134,23.99859149990377,0.4064864864864865,True,True,0.924502767;0.7675714746;0.2938168902;0.223720696;0.8564804989;0.95;0.4732619221;0.198994158;0.3554966144;0.365156396;0.95;0.8950142286,0.3798996382;0.5699618165;1.557699888;2.021057334;0.4673466129;0.2347890628;0.9960890923;2.271318822;1.304697623;1.272612991;0.2590903055;0.4199186836,3.875945946;5.955135135;13.86;18.74756757;4.108648649;3.377837838;8.902702703;26.23189189;11.75405405;10.60783784;3.204864865;4.01027027,0.0970284211;0.1424904541;0.3894249721;0.3998416131;0.1168366532;0.05869726571;0.3009804338;0.4002432086;0.3261744057;0.4051724602;0.06477257636;0.1049796709,0.21;0.1640540541;0.06567567568;0.04675675676;0.1972972973;0.2164864865;0.1308108108;0.03675675676;0.08405405405;0.1113513514;0.2164864865;0.1994594595,0.3798996382;0.5699618165;1.557699888;23.91952334;0.4673466129;0.2347890628;1.592178185;23.9985915;1.304697623;23.96653721;0.2590903055;0.4199186836
Round-Robin Safe,2,9,518.1945945945946,25.61783783783784,25.391297297297296,43.0,74.0,62.59099099099099,0.0581531531531531,0.0189189189189189,0.1304279279279279,0.0362162162162162,0.7151746551770174,28.0,204.0,0.0825225225225225,916,11100,0.2564984927435833,0.4042016901088953,23.99902310532166,0.4064864864864865,True,True,0.3257577326;0.6871221964;0.2523803769;0.1963495047;0.5437054116;0.2493362779;0.95;0.4363495231;0.95;0.6652629851;0.95;0.2127973752,1.414897118;0.6652565043;1.798374164;2.302374716;0.8671448273;1.819394726;0.209506079;1.076896197;0.2790122724;0.6926602831;0.247425482;2.123503268,12.84945946;5.734594595;17.00810811;25.61783784;8.291081081;18.44837838;2.730810811;9.273243243;3.572432432;6.729189189;3.178918919;25.20594595,0.4042016901;0.1663141261;0.4019609281;0.4001153899;0.2374101919;0.4012502964;0.07757387248;0.2843588066;0.06975306809;0.1731650708;0.06185637049;0.4000221022,0.08513513514;0.1645945946;0.05621621622;0.03621621622;0.13;0.05108108108;0.3178378378;0.1097297297;0.2097297297;0.1437837838;0.2181081081;0.0427027027,23.99250881;0.6652565043;23.9969037;23.99844596;1.468579309;23.99902311;0.209506079;1.753792394;0.2790122724;0.6926602831;0.247425482;23.99330742
Round-Robin Safe,2,10,563.1972972972973,25.0427027027027,23.89632432432432,45.0,74.0,62.56306306306306,0.0648873873873873,0.0217792792792792,0.1077702702702702,0.0381081081081081,0.6830044706284114,32.0,128.0,0.0968468468468468,1075,11100,0.3024364573873651,0.4001592157326538,23.999913536495143,0.4064864864864865,True,True,0.2210551088;0.5230742899;0.4621770162;0.8877431859;0.3493760462;0.4491418585;0.5565464418;0.34857734;0.2223217792;0.6900300697;0.2104662511;0.2177243916,2.045012567;0.9021077578;1.019211399;0.4291816563;1.325898395;1.047619095;0.8463561798;1.328717478;2.03354937;0.6616731043;2.146920017;2.075867389,19.51513514;8.517567568;9.621621622;3.38027027;11.77675676;9.613513514;7.403783784;12.48486486;21.06972973;6.497297297;22.95837838;25.0427027,0.4001592157;0.2738018951;0.2608630257;0.1570572872;0.3314745986;0.2619047737;0.211589045;0.3321793696;0.3995649709;0.2008267287;0.399791322;0.4000252563,0.04594594595;0.1313513514;0.1072972973;0.3032432432;0.08459459459;0.1021621622;0.1340540541;0.08081081081;0.04135135135;0.1856756757;0.03810810811;0.03864864865,23.99991354;1.608431031;1.638422798;0.4583633126;1.325898395;1.047619095;0.8463561798;1.328717478;23.99039221;0.9233462087;23.99932792;23.99660947
Round-Robin Safe,2,11,469.19054054054055,25.056756756756755,23.86548648648649,38.0,76.0,59.49189189189189,0.0414189189189189,0.0163738738738738,0.124054054054054,0.0375675675675675,0.7765672044315381,28.0,140.0,0.0313513513513513,348,11100,0.2521595574101971,0.4016105113928443,23.99802302978612,0.4064864864864865,True,True,0.95;0.2935060875;0.6227889451;0.4312530983;0.6153269509;0.4183303984;0.9434799305;0.4987828682;0.6260188518;0.4351735249;0.2492611008;0.2092716103,0.3358641596;1.559243329;0.7487311135;1.088976442;0.7590395275;1.120756955;0.3508668233;0.9460759936;0.7443154627;1.079661914;1.819920828;2.159149808,3.074054054;12.81648649;6.456756757;10.13135135;7.083783784;12.05243243;3.836216216;10.18216216;7.33027027;9.497837838;22.89081081;25.05675676,0.113013751;0.4016105114;0.1871827784;0.2722441106;0.1897598819;0.2801892386;0.08771670584;0.2365189984;0.1860788657;0.2699154786;0.401366323;0.4003180455,0.2875675676;0.07594594595;0.1489189189;0.09540540541;0.1402702703;0.09027027027;0.2048648649;0.1102702703;0.147027027;0.1048648649;0.04567567568;0.03756756757,0.3358641596;17.11332512;0.7487311135;1.088976442;0.7590395275;1.120756955;0.3508668233;0.9460759936;0.7443154627;1.079661914;23.99721622;23.99802303
Round-Robin Safe,2,12,477.3632432432432,22.081621621621625,20.038,36.0,67.0,55.40675675675676,0.0390315315315315,0.0136486486486486,0.1138738738738738,0.0462162162162162,0.8247185976909683,28.0,128.0,0.0247747747747747,275,11100,0.2766245716296681,0.402055646296979,23.99860142072352,0.4064864864864865,True,True,0.2277146089;0.9318683167;0.4490225566;0.364868936;0.3264467419;0.2532754659;0.5108922966;0.7249468559;0.885090931;0.3371942215;0.4510893652;0.3770521179,1.986329388;0.369039043;1.047885528;1.273544601;1.412123145;1.792296255;0.9237509324;0.6195927545;0.4325165816;1.370290719;1.043286736;1.235229773,18.36594595;3.412432432;11.39513514;12.13972973;12.14648649;22.08162162;7.765135135;4.895675676;4.201621622;11.71297297;10.28702703;11.32702703,0.3999501065;0.09225976075;0.2619713821;0.3803423742;0.3530307863;0.4020556463;0.2546556624;0.1548981886;0.1081291454;0.3425726797;0.2608216841;0.3088074432,0.04621621622;0.2151351351;0.09864864865;0.1018918919;0.07891891892;0.04837837838;0.1316216216;0.1740540541;0.1954054054;0.07891891892;0.1051351351;0.09216216216,23.99860142;0.369039043;1.047885528;2.220633804;1.412123145;23.99789017;1.447501865;0.6195927545;0.4325165816;1.370290719;1.043286736;1.235229773
Round-Robin Safe,2,13,320.4064864864865,19.732432432432432,15.529837837837832,26.0,48.0,39.59954954954955,0.0173873873873873,0.004054054054054,0.1567792792792793,0.0456756756756756,0.8783984891164598,20.0,104.0,0.0139639639639639,155,11100,0.1805222309529919,0.3996730160960896,23.99871475378492,0.4064864864864865,True,True,0.931036637;0.7159624459;0.6775674106;0.3509019354;0.95;0.7562371291;0.2357345475;0.5713184825;0.95;0.8385292043;0.9458583108;0.3749843981,0.3702883284;0.6302691506;0.6771299559;1.320546841;0.2764601871;0.5830294735;1.920506701;0.8232731646;0.2265612916;0.488449848;0.3469497415;1.241568686,4.350810811;5.898918919;6.305405405;12.09135135;3.702162162;5.198378378;19.73243243;8.796216216;3.312972973;3.941081081;3.317297297;10.54216216,0.09257208211;0.1575672877;0.169282489;0.3301367103;0.06911504678;0.1457573684;0.3996730161;0.2058182912;0.0566403229;0.1425745502;0.08673743537;0.3103921715,0.1956756757;0.1559459459;0.1505405405;0.07945945946;0.2121621622;0.1708108108;0.04567567568;0.1256756757;0.2162162162;0.2264864865;0.2156756757;0.08702702703,0.3702883284;0.6302691506;0.6771299559;1.320546841;0.2764601871;0.5830294735;23.99871475;0.8232731646;0.2265612916;0.5768996961;0.3469497415;1.241568686
Round-Robin Safe,2,14,468.6262162162162,24.10108108108108,19.45729729729729,36.0,61.0,51.62927927927928,0.0367567567567567,0.0101801801801801,0.1148648648648648,0.0383783783783783,0.8339893664912883,28.0,144.0,0.034054054054054,378,11100,0.2742212300424597,0.4034064325793018,23.999727496280894,0.4064864864864865,True,True,0.3969158517;0.64914127;0.685168137;0.2123384503;0.8391928019;0.2547057577;0.6450583303;0.3536782427;0.3495021855;0.2638904463;0.8142278578;0.4332858251,1.177446822;0.7134614509;0.6676722331;2.128067317;0.4876767217;1.782678959;0.7188179662;1.310923092;1.325454306;1.723560971;0.5165166625;1.084128614,10.28486486;6.94972973;7.036216216;24.10108108;4.471891892;15.65783784;6.548108108;11.84243243;12.47837838;14.83837838;4.69027027;9.658918919,0.3131372088;0.1783653627;0.1669180583;0.4003067169;0.1219191804;0.4023072786;0.2375984791;0.3351711473;0.3313635766;0.4034064326;0.1291291656;0.2710321536,0.09675675676;0.1502702703;0.1478378378;0.03837837838;0.1878378378;0.05513513514;0.1835135135;0.08513513514;0.08486486486;0.06486486486;0.1845945946;0.09918918919,1.954893643;0.7134614509;0.6676722331;23.9997275;0.4876767217;23.99513054;1.037635932;2.332769276;1.325454306;23.99829016;0.5165166625;1.084128614
Round-Robin Safe,2,15,426.86108108108107,26.76891891891892,22.18429729729729,36.0,71.0,56.75,0.0393468468468468,0.0154054054054054,0.1439189189189189,0.0359459459459459,0.7867354781071044,24.0,136.0,0.0473873873873873,526,11100,0.2280857101681598,0.4029314732358963,23.998349676102467,0.4064864864864865,True,True,0.95;0.6682774533;0.3936552323;0.8783623152;0.2542081145;0.6112416568;0.1961261937;0.2603661895;0.4858854259;0.9440218225;0.777121657;0.6438927182,0.2609434761;0.6888292002;1.186565108;0.4408835581;1.786011998;0.7647485898;2.305041448;1.74572184;0.9708198352;0.349980936;0.5589976316;0.7203540735,3.079459459;5.903243243;10.61675676;4.119459459;16.69243243;6.844864865;26.76891892;18.43324324;8.242972973;2.886486486;5.182972973;7.18972973,0.06523586902;0.1722073001;0.2966412769;0.1102208895;0.4020940526;0.1911871475;0.3999558404;0.4029314732;0.2458535637;0.1246688848;0.145943706;0.1800885184,0.2224324324;0.16;0.0927027027;0.2048648649;0.05756756757;0.1481081081;0.03594594595;0.05783783784;0.1208108108;0.3056756757;0.1808108108;0.1402702703,0.2609434761;0.6888292002;1.186565108;0.4408835581;23.99554779;0.7647485898;23.99793569;23.99834968;1.54163967;0.349980936;0.7179952632;0.7203540735
Round-Robin Safe,2,16,509.8916216216216,28.37189189189189,24.927702702702696,42.0,80.0,64.49009009009009,0.0539189189189189,0.0220045045045045,0.1255855855855856,0.0351351351351351,0.794540700443834,28.0,184.0,0.0818018018018018,908,11100,0.2742935555649223,0.4057187664673196,23.999796937625167,0.4064864864864865,True,True,0.3932789834;0.7735119064;0.901603995;0.8416273572;0.2260479039;0.7045979448;0.6624829137;0.1982197585;0.7522839954;0.3841282698;0.2247729528;0.2144342016,1.187626136;0.5631378354;0.4113518347;0.4848363331;2.00065631;0.6439160289;0.6962092138;2.280313362;0.5876051337;1.214015836;2.011774821;2.107404393,9.264324324;5.778648649;4.074054054;4.128918919;19.05891892;5.007027027;6.021891892;28.37189189;5.213513514;8.778918919;22.10972973;20.14,0.4057187665;0.146720236;0.1028379587;0.1256643361;0.3995905441;0.1609790072;0.2090509288;0.3999792897;0.1469012834;0.394062978;0.4001800724;0.3998372659,0.1243243243;0.1724324324;0.2002702703;0.1962162162;0.04621621622;0.1724324324;0.1797297297;0.03513513514;0.1759459459;0.1205405405;0.04162162162;0.04216216216,23.99331559;0.7262756708;0.4113518347;0.5696726663;23.99838024;0.6439160289;0.9924184276;23.99979694;0.5876051337;2.154174193;23.99613493;23.99869766
Round-Robin Safe,2,17,418.177027027027,28.302972972972974,25.02036486486486,39.0,73.0,59.5009009009009,0.0467117117117117,0.0183783783783783,0.1501801801801802,0.0327027027027027,0.8119263568864201,20.0,128.0,0.0661261261261261,734,11100,0.2113864475983945,0.4005195647728127,23.99969593772187,0.4064864864864865,True,True,0.6058267012;0.4606290406;0.8627452041;0.95;0.8920394043;0.9329954481;0.2434414901;0.2237143759;0.7874097494;0.2072792387;0.95;0.5223938409,0.772389876;1.022513998;0.4598691245;0.2139841101;0.4237308779;0.3673358894;1.861711545;2.021113381;0.5472165522;2.179902851;0.241873434;0.9032962107,6.208108108;8.316216216;3.849189189;3.390810811;4.182162162;3.676216216;19.05135135;22.33459459;5.315135135;28.30297297;3.172432432;7.898918919,0.2791041255;0.2556284995;0.1149672811;0.05349602753;0.1059327195;0.09183397234;0.4005195648;0.3998527013;0.1368041381;0.4000416314;0.06994718226;0.2285095279,0.1997297297;0.1105405405;0.2005405405;0.2121621622;0.1935135135;0.2113513514;0.04945945946;0.0427027027;0.1775675676;0.0327027027;0.2486486486;0.1232432432,1.144779752;1.022513998;0.4598691245;0.2139841101;0.4237308779;0.3673358894;23.99535162;23.96402455;0.5472165522;23.99969594;0.241873434;1.406592421
Round-Robin Safe,2,18,335.5324324324324,20.493513513513516,18.531351351351347,30.0,56.0,45.21666666666667,0.0264189189189189,0.0071171171171171,0.1641891891891892,0.0464864864864864,0.8404249989467825,16.0,96.0,0.0247747747747747,275,11100,0.1888635233571157,0.4014774358663449,23.998782690097176,0.4064864864864865,True,True,0.95;0.2298402862;0.2514208534;0.95;0.8064515181;0.2889292384;0.86964094;0.95;0.4229897239;0.9113191376;0.93510967;0.8418183031,0.2641897105;1.968390267;1.804941085;0.3377909827;0.5254308787;1.582364629;0.451552802;0.2372894534;1.10910177;0.3983676074;0.3641087485;0.4846132827,3.408108108;20.49351351;16.92594595;3.055675676;4.844324324;13.17459459;4.378918919;3.399459459;10.3227027;3.485945946;3.927027027;4.562702703,0.06604742761;0.4000620219;0.4014774359;0.107727935;0.1341978866;0.3955911572;0.1128882005;0.05932236334;0.2772754426;0.09959190186;0.09102718712;0.1211533207,0.2140540541;0.04648648649;0.0527027027;0.2705405405;0.1886486486;0.07405405405;0.1954054054;0.2148648649;0.1005405405;0.2140540541;0.2045945946;0.1943243243,0.2641897105;23.99845627;23.99878269;0.3377909827;0.6508617574;1.582364629;0.451552802;0.2372894534;1.10910177;0.3983676074;0.3641087485;0.4846132827
Round-Robin Safe,2,19,503.902972972973,24.80918918918919,24.35060810810811,39.0,67.0,56.22522522522522,0.0448873873873873,0.0145495495495495,0.1100675675675675,0.0354054054054054,0.8204176843407017,32.0,136.0,0.0669369369369369,743,11100,0.2925465904874414,0.4039782134278318,23.99973332468244,0.4064864864864865,True,True,0.8339118425;0.4218873338;0.3658373363;0.3670076204;0.481511622;0.1930715746;0.2120595117;0.3057773787;0.5446939528;0.4653449839;0.3623629999;0.8770434254,0.4938172966;1.111838862;1.270411673;1.266646367;0.9794527448;2.342239302;2.1308523;1.500722279;0.8655191693;1.012509865;1.281724896;0.4425090154,4.791891892;9.635135135;11.13135135;11.67081081;8.891351351;24.80918919;23.97540541;11.9272973;7.920810811;7.657837838;11.32162162;3.866486486,0.1234543241;0.2779597156;0.3176029182;0.3166615919;0.2448631862;0.4000797943;0.4002546887;0.4039782134;0.2168476405;0.3705238802;0.3277058788;0.1106272539,0.187027027;0.1035135135;0.08783783784;0.08702702703;0.1181081081;0.03540540541;0.03648648649;0.08108108108;0.1286486486;0.1654054054;0.08567567568;0.2045945946,0.4938172966;1.111838862;1.270411673;1.266646367;0.9794527448;23.99778581;23.99973332;23.97348937;1.331038339;2.150118376;2.253799166;0.4425090154
Round-Robin Safe,4,0,391.01324324324327,18.235405405405405,18.09731081081081,32.0,53.0,45.22477477477477,0.0272522522522522,0.0049549549549549,0.1494144144144144,0.0464864864864864,0.7980312670449932,24.0,108.0,0.039009009009009,433,11100,0.2141728876061772,0.4017502052798398,23.999928801789025,0.4064864864864865,True,True,0.95;0.2315765095;0.95;0.8081176242;0.6281327393;0.795200025;0.3394136806;0.9476946562;0.5005847781;0.95;0.23436609;0.2528380647,0.3369544871;1.95400716;0.2191119648;0.5235225351;0.7414402559;0.5383055036;1.361973486;0.3438720469;0.9427001774;0.2738400263;1.931388168;1.795260579,3.083783784;18.23540541;3.822162162;4.504324324;7.377837838;5.124864865;12.64918919;3.572432432;9.17027027;3.118378378;17.98432432;15.37567568,0.1059129915;0.4003074127;0.05513330789;0.1560663125;0.185360064;0.1345763759;0.3404933716;0.08596801172;0.2356750444;0.06846000657;0.4003715473;0.4017502053,0.2681081081;0.04972972973;0.2094594595;0.22;0.1381081081;0.1789189189;0.07783783784;0.2124324324;0.1121621622;0.2202702703;0.04648648649;0.05945945946,0.3369544871;23.99730057;0.2191119648;0.6470450703;0.7414402559;0.5383055036;1.361973486;0.3438720469;0.9427001774;0.2738400263;23.99894398;23.9999288
Round-Robin Safe,4,1,552.0948648648649,25.15756756756757,24.1912027027027,47.0,80.0,67.42657657657658,0.0698873873873873,0.0252927927927927,0.1209909909909909,0.0332432432432432,0.6946057258742653,32.0,204.0,0.0816216216216216,906,11100,0.2793254708526484,0.4048642729379798,23.998763876785382,0.4064864864864865,True,True,0.5605092249;0.2181252996;0.2316669551;0.3707979081;0.95;0.95;0.2020086086;0.95;0.325972712;0.8362721814;0.2993435181;0.2334007936,0.8400796556;2.072097608;1.953264399;1.254604531;0.2976063768;0.2276934429;2.237061952;0.2579608484;1.414030367;0.4910760745;1.530799061;1.939147999,8.883783784;23.40054054;22.69837838;11.59216216;3.134324324;3.191891892;25.15756757;3.172702703;13.77567568;5.029459459;13.5;21.1227027,0.2468017799;0.3998588358;0.4001552471;0.4048642729;0.07786026289;0.05692336074;0.400252706;0.0665120674;0.3535075917;0.1625859976;0.3826997651;0.399883763,0.1316216216;0.04054054054;0.04459459459;0.1064864865;0.2272972973;0.2202702703;0.03324324324;0.2237837838;0.07405405405;0.2394594595;0.06756756757;0.04297297297,1.280159311;23.99795411;23.99296661;23.99131147;0.2976063768;0.2276934429;23.99876388;0.2579608484;1.414030367;0.5821521491;1.530799061;23.99834749
Round-Robin Safe,4,2,451.3086486486487,31.09432432432433,24.41122972972972,37.0,75.0,60.09099099099099,0.0427477477477477,0.0162387387387387,0.1374324324324324,0.0321621621621621,0.7962287981844282,24.0,188.0,0.0685585585585585,761,11100,0.2372309004549736,0.4004313123143918,23.999998670240743,0.4064864864864865,True,True,0.2983974043;0.4720337023;0.7619171253;0.95;0.6042558466;0.7527600943;0.6803453125;0.2438339011;0.7053294905;0.1925045361;0.95;0.2931742638,1.535332493;0.9986066978;0.5764720931;0.328976203;0.7746227687;0.5870535051;0.6736618433;1.858825842;0.6430324214;2.34929577;0.2710575607;1.560894842,13.91378378;7.185675676;4.951891892;3.068378378;7.720540541;5.62972973;5.728108108;18.94324324;6.195135135;31.09432432;3.46972973;13.59837838,0.4004313123;0.2634162532;0.1441180233;0.1063393348;0.1936556922;0.1467633763;0.1684154608;0.4004011341;0.1607581054;0.4000152257;0.07223317698;0.3902237104,0.06972972973;0.1318918919;0.1794594595;0.2732432432;0.1335135135;0.1705405405;0.1597297297;0.0472972973;0.1545945946;0.03216216216;0.2254054054;0.07162162162,23.99949569;1.994426791;0.5764720931;0.328976203;0.7746227687;0.5870535051;0.6736618433;23.97844326;0.6430324214;23.99999867;0.2710575607;1.560894842
Round-Robin Safe,4,3,518.1013513513514,19.924324324324324,19.28810810810811,39.0,65.0,55.22387387387387,0.0445945945945946,0.0129279279279279,0.106554054054054,0.047027027027027,0.7513026576390962,32.0,140.0,0.0546846846846846,607,11100,0.3209263237703524,0.4050354565140314,23.999476192742584,0.4064864864864865,True,True,0.2469621281;0.8215561338;0.8932287906;0.3220866759;0.225348274;0.2465631425;0.4834834838;0.2778755806;0.2645088005;0.3014458345;0.9387067142;0.2969367479,1.836175919;0.5080937316;0.4222105672;1.429873819;2.006740312;1.839030251;0.9755450403;1.641436133;1.719737046;1.520828652;0.3585144156;1.542388958,15.54486486;4.825945946;3.520540541;10.64540541;18.76756757;19.92432432;8.030810811;13.91756757;15.22486486;14.17648649;3.613243243;13.33351351,0.4009811195;0.1285339818;0.1055526418;0.4050020979;0.4002633378;0.4011074087;0.3224571849;0.4050354565;0.4034410151;0.4032251102;0.08991929127;0.3855972396,0.05702702703;0.1856756757;0.2086486486;0.09162162162;0.04702702703;0.05189189189;0.1581081081;0.06540540541;0.06054054054;0.07405405405;0.2083783784;0.07027027027,23.99755978;0.6161874631;0.4222105672;23.9952698;23.99910185;23.99947619;2.253270242;23.99811219;23.99755628;23.98162938;0.3585144156;1.542388958
Round-Robin Safe,4,4,482.9470270270271,23.103783783783783,21.029540540540538,36.0,66.0,55.27702702702703,0.0386711711711711,0.0126801801801801,0.1074999999999999,0.0451351351351351,0.8771922751885526,28.0,236.0,0.0395495495495495,439,11100,0.2844962084437316,0.4008685256016108,23.998306266974566,0.4064864864864865,True,True,0.662118963;0.6741961796;0.3640876;0.2460798207;0.2372011855;0.4128728207;0.5024050881;0.4159209977;0.2309431598;0.4380235493;0.7287104513;0.5641011845,0.6966749552;0.6813572012;1.27608378;1.842501298;1.908996959;1.13470463;0.9393093506;1.126874486;1.959226317;1.072981387;0.6151471375;0.8344446437,6.443783784;6.331351351;9.795135135;16.79189189;23.10378378;10.52162162;9.472432432;9.497567568;19.33243243;9.407297297;5.888108108;7.055675676,0.1741687388;0.1703393003;0.3190209451;0.4008685256;0.3998574711;0.2836761576;0.2985480531;0.2875052743;0.4003175935;0.3172544967;0.1537867844;0.2086111609,0.1481081081;0.1540540541;0.0927027027;0.05486486486;0.04513513514;0.09675675676;0.1405405405;0.1008108108;0.04783783784;0.11;0.162972973;0.1362162162,0.6966749552;0.6813572012;1.27608378;23.99828776;23.99714193;1.13470463;1.757237402;1.853748972;23.99830627;1.745962775;0.6151471375;0.8344446437
Round-Robin Safe,4,5,438.34783783783786,23.05945945945946,19.24067567567567,34.0,60.0,50.804054054054056,0.0319594594594594,0.0098198198198198,0.129009009009009,0.041081081081081,0.7963920823879058,24.0,140.0,0.0314414414414414,349,11100,0.2528604264157568,0.4050502932666673,23.999221973907847,0.4064864864864865,True,True,0.9411489522;0.4821824971;0.3825098869;0.7544254172;0.3523107703;0.8677360717;0.95;0.2189202535;0.8265150398;0.3376263363;0.2625732011;0.2699141276,0.3546353857;0.9781203331;1.218803669;0.5851252029;1.315645181;0.4538598372;0.2241414152;2.064668323;0.5023771293;1.368663091;1.731770293;1.687095206,3.387297297;8.828108108;10.92378378;4.977837838;10.99405405;4.458918919;3.507567568;23.05945946;4.666486486;11.02972973;16.11621622;15.38,0.1018857878;0.2453231538;0.3047009173;0.1462813007;0.3289112952;0.1134649593;0.05603535381;0.4000992398;0.1255942823;0.4050502933;0.4029876276;0.403990906,0.2413513514;0.1159459459;0.09081081081;0.1762162162;0.08405405405;0.1935135135;0.2102702703;0.04108108108;0.1840540541;0.09162162162;0.06027027027;0.05891891892,0.3546353857;1.556240666;1.218803669;0.5851252029;1.315645181;0.4538598372;0.2241414152;23.99921978;0.5023771293;23.95742963;23.98599253;23.99922197
Round-Robin Safe,4,6,311.4227027027027,14.995135135135136,13.573459459459457,25.0,44.0,36.56306306306306,0.0133333333333333,0.0019819819819819,0.1554954954954955,0.0643243243243243,0.8933028136821473,20.0,96.0,0.0,0,11100,0.1735510179637699,0.3838041395700113,1.535216558280024,0.4064864864864865,True,True,0.6600953202;0.4082536129;0.95;0.8542797728;0.5796663152;0.95;0.7238759829;0.298421524;0.95;0.3698913443;0.95;0.5870736138,0.6992694381;1.146768836;0.2551559305;0.4699577518;0.8105930222;0.2156180293;0.6208604762;1.535216558;0.2628816135;1.257463669;0.2571157349;0.7995478023,6.785405405;11.64594595;3.421081081;4.657837838;7.762702703;3.200540541;5.427567568;14.99513514;3.26972973;12.41027027;3.364864865;6.975675676,0.1748173595;0.2866922091;0.06378898263;0.1174894379;0.2026482556;0.05390450732;0.1552151191;0.3838041396;0.06572040337;0.3143659172;0.06427893372;0.1998869506,0.1475675676;0.09216216216;0.212972973;0.1881081081;0.1267567568;0.2175675676;0.1662162162;0.06432432432;0.2137837838;0.07891891892;0.2159459459;0.1416216216,0.6992694381;1.146768836;0.2551559305;0.4699577518;0.8105930222;0.2156180293;0.6208604762;1.535216558;0.2628816135;1.257463669;0.2571157349;0.7995478023
Round-Robin Safe,4,7,397.06567567567566,32.84864864864865,24.134567567567554,36.0,76.0,59.41081081081081,0.0404504504504504,0.019009009009009,0.1566666666666667,0.0278378378378378,0.8094892217637355,20.0,156.0,0.0311711711711711,346,11100,0.1933787816514197,0.4054337825060741,23.99999020533113,0.4064864864864865,True,True,0.95;0.8194645516;0.5139536145;0.1957148488;0.2668165055;0.95;0.9166527097;0.2817874583;0.4060368001;0.95;0.95;0.8957240492,0.2129344738;0.5105004868;0.9182376412;2.309972111;1.705631049;0.2143947682;0.3910280632;1.619983796;1.152645744;0.2643493157;0.2202876177;0.4190042049,3.382162162;4.247027027;9.310810811;32.84864865;17.00486486;3.546486486;3.594054054;14.54540541;9.781621622;3.462972973;3.477297297;4.311891892,0.05323361846;0.1276251217;0.2295594103;0.4001870602;0.4038196754;0.05359869205;0.1311529261;0.4054337825;0.2890960136;0.06701612381;0.05507190443;0.1047510512,0.2145945946;0.1908108108;0.1143243243;0.02783783784;0.05675675676;0.2121621622;0.2724324324;0.06810810811;0.09648648649;0.2164864865;0.2156756757;0.1943243243,0.2129344738;0.5105004868;0.9182376412;23.99686409;23.99999021;0.2143947682;0.3910280632;23.99222217;1.905291488;0.2643493157;0.2202876177;0.4190042049
Round-Robin Safe,4,8,425.7816216216216,26.23189189189189,22.11551351351351,36.0,65.0,54.08378378378379,0.0366891891891891,0.0124099099099099,0.1399324324324324,0.0367567567567567,0.8162100027936224,24.0,144.0,0.0437837837837837,486,11100,0.2338868445799465,0.4051724602240134,23.99859149990377,0.4064864864864865,True,True,0.924502767;0.7675714746;0.2938168902;0.223720696;0.8564804989;0.95;0.4732619221;0.198994158;0.3554966144;0.365156396;0.95;0.8950142286,0.3798996382;0.5699618165;1.557699888;2.021057334;0.4673466129;0.2347890628;0.9960890923;2.271318822;1.304697623;1.272612991;0.2590903055;0.4199186836,3.875945946;5.955135135;13.86;18.74756757;4.108648649;3.377837838;8.902702703;26.23189189;11.75405405;10.60783784;3.204864865;4.01027027,0.0970284211;0.1424904541;0.3894249721;0.3998416131;0.1168366532;0.05869726571;0.3009804338;0.4002432086;0.3261744057;0.4051724602;0.06477257636;0.1049796709,0.21;0.1640540541;0.06567567568;0.04675675676;0.1972972973;0.2164864865;0.1308108108;0.03675675676;0.08405405405;0.1113513514;0.2164864865;0.1994594595,0.3798996382;0.5699618165;1.557699888;23.91952334;0.4673466129;0.2347890628;1.592178185;23.9985915;1.304697623;23.96653721;0.2590903055;0.4199186836
Round-Robin Safe,4,9,518.1945945945946,25.61783783783784,25.391297297297296,43.0,74.0,62.59099099099099,0.0581531531531531,0.0189189189189189,0.1304279279279279,0.0362162162162162,0.7151746551770174,28.0,204.0,0.0825225225225225,916,11100,0.2564984927435833,0.4042016901088953,23.99902310532166,0.4064864864864865,True,True,0.3257577326;0.6871221964;0.2523803769;0.1963495047;0.5437054116;0.2493362779;0.95;0.4363495231;0.95;0.6652629851;0.95;0.2127973752,1.414897118;0.6652565043;1.798374164;2.302374716;0.8671448273;1.819394726;0.209506079;1.076896197;0.2790122724;0.6926602831;0.247425482;2.123503268,12.84945946;5.734594595;17.00810811;25.61783784;8.291081081;18.44837838;2.730810811;9.273243243;3.572432432;6.729189189;3.178918919;25.20594595,0.4042016901;0.1663141261;0.4019609281;0.4001153899;0.2374101919;0.4012502964;0.07757387248;0.2843588066;0.06975306809;0.1731650708;0.06185637049;0.4000221022,0.08513513514;0.1645945946;0.05621621622;0.03621621622;0.13;0.05108108108;0.3178378378;0.1097297297;0.2097297297;0.1437837838;0.2181081081;0.0427027027,23.99250881;0.6652565043;23.9969037;23.99844596;1.468579309;23.99902311;0.209506079;1.753792394;0.2790122724;0.6926602831;0.247425482;23.99330742
Round-Robin Safe,4,10,563.1972972972973,25.0427027027027,23.89632432432432,45.0,74.0,62.56306306306306,0.0648873873873873,0.0217792792792792,0.1077702702702702,0.0381081081081081,0.6830044706284114,32.0,128.0,0.0968468468468468,1075,11100,0.3024364573873651,0.4001592157326538,23.999913536495143,0.4064864864864865,True,True,0.2210551088;0.5230742899;0.4621770162;0.8877431859;0.3493760462;0.4491418585;0.5565464418;0.34857734;0.2223217792;0.6900300697;0.2104662511;0.2177243916,2.045012567;0.9021077578;1.019211399;0.4291816563;1.325898395;1.047619095;0.8463561798;1.328717478;2.03354937;0.6616731043;2.146920017;2.075867389,19.51513514;8.517567568;9.621621622;3.38027027;11.77675676;9.613513514;7.403783784;12.48486486;21.06972973;6.497297297;22.95837838;25.0427027,0.4001592157;0.2738018951;0.2608630257;0.1570572872;0.3314745986;0.2619047737;0.211589045;0.3321793696;0.3995649709;0.2008267287;0.399791322;0.4000252563,0.04594594595;0.1313513514;0.1072972973;0.3032432432;0.08459459459;0.1021621622;0.1340540541;0.08081081081;0.04135135135;0.1856756757;0.03810810811;0.03864864865,23.99991354;1.608431031;1.638422798;0.4583633126;1.325898395;1.047619095;0.8463561798;1.328717478;23.99039221;0.9233462087;23.99932792;23.99660947
Round-Robin Safe,4,11,469.19054054054055,25.056756756756755,23.86548648648649,38.0,76.0,59.49189189189189,0.0414189189189189,0.0163738738738738,0.124054054054054,0.0375675675675675,0.7765672044315381,28.0,140.0,0.0313513513513513,348,11100,0.2521595574101971,0.4016105113928443,23.99802302978612,0.4064864864864865,True,True,0.95;0.2935060875;0.6227889451;0.4312530983;0.6153269509;0.4183303984;0.9434799305;0.4987828682;0.6260188518;0.4351735249;0.2492611008;0.2092716103,0.3358641596;1.559243329;0.7487311135;1.088976442;0.7590395275;1.120756955;0.3508668233;0.9460759936;0.7443154627;1.079661914;1.819920828;2.159149808,3.074054054;12.81648649;6.456756757;10.13135135;7.083783784;12.05243243;3.836216216;10.18216216;7.33027027;9.497837838;22.89081081;25.05675676,0.113013751;0.4016105114;0.1871827784;0.2722441106;0.1897598819;0.2801892386;0.08771670584;0.2365189984;0.1860788657;0.2699154786;0.401366323;0.4003180455,0.2875675676;0.07594594595;0.1489189189;0.09540540541;0.1402702703;0.09027027027;0.2048648649;0.1102702703;0.147027027;0.1048648649;0.04567567568;0.03756756757,0.3358641596;17.11332512;0.7487311135;1.088976442;0.7590395275;1.120756955;0.3508668233;0.9460759936;0.7443154627;1.079661914;23.99721622;23.99802303
Round-Robin Safe,4,12,477.3632432432432,22.081621621621625,20.038,36.0,67.0,55.40675675675676,0.0390315315315315,0.0136486486486486,0.1138738738738738,0.0462162162162162,0.8247185976909683,28.0,128.0,0.0247747747747747,275,11100,0.2766245716296681,0.402055646296979,23.99860142072352,0.4064864864864865,True,True,0.2277146089;0.9318683167;0.4490225566;0.364868936;0.3264467419;0.2532754659;0.5108922966;0.7249468559;0.885090931;0.3371942215;0.4510893652;0.3770521179,1.986329388;0.369039043;1.047885528;1.273544601;1.412123145;1.792296255;0.9237509324;0.6195927545;0.4325165816;1.370290719;1.043286736;1.235229773,18.36594595;3.412432432;11.39513514;12.13972973;12.14648649;22.08162162;7.765135135;4.895675676;4.201621622;11.71297297;10.28702703;11.32702703,0.3999501065;0.09225976075;0.2619713821;0.3803423742;0.3530307863;0.4020556463;0.2546556624;0.1548981886;0.1081291454;0.3425726797;0.2608216841;0.3088074432,0.04621621622;0.2151351351;0.09864864865;0.1018918919;0.07891891892;0.04837837838;0.1316216216;0.1740540541;0.1954054054;0.07891891892;0.1051351351;0.09216216216,23.99860142;0.369039043;1.047885528;2.220633804;1.412123145;23.99789017;1.447501865;0.6195927545;0.4325165816;1.370290719;1.043286736;1.235229773
Round-Robin Safe,4,13,320.4064864864865,19.732432432432432,15.529837837837832,26.0,48.0,39.59954954954955,0.0173873873873873,0.004054054054054,0.1567792792792793,0.0456756756756756,0.8783984891164598,20.0,104.0,0.0139639639639639,155,11100,0.1805222309529919,0.3996730160960896,23.99871475378492,0.4064864864864865,True,True,0.931036637;0.7159624459;0.6775674106;0.3509019354;0.95;0.7562371291;0.2357345475;0.5713184825;0.95;0.8385292043;0.9458583108;0.3749843981,0.3702883284;0.6302691506;0.6771299559;1.320546841;0.2764601871;0.5830294735;1.920506701;0.8232731646;0.2265612916;0.488449848;0.3469497415;1.241568686,4.350810811;5.898918919;6.305405405;12.09135135;3.702162162;5.198378378;19.73243243;8.796216216;3.312972973;3.941081081;3.317297297;10.54216216,0.09257208211;0.1575672877;0.169282489;0.3301367103;0.06911504678;0.1457573684;0.3996730161;0.2058182912;0.0566403229;0.1425745502;0.08673743537;0.3103921715,0.1956756757;0.1559459459;0.1505405405;0.07945945946;0.2121621622;0.1708108108;0.04567567568;0.1256756757;0.2162162162;0.2264864865;0.2156756757;0.08702702703,0.3702883284;0.6302691506;0.6771299559;1.320546841;0.2764601871;0.5830294735;23.99871475;0.8232731646;0.2265612916;0.5768996961;0.3469497415;1.241568686
Round-Robin Safe,4,14,468.6262162162162,24.10108108108108,19.45729729729729,36.0,61.0,51.62927927927928,0.0367567567567567,0.0101801801801801,0.1148648648648648,0.0383783783783783,0.8339893664912883,28.0,144.0,0.034054054054054,378,11100,0.2742212300424597,0.4034064325793018,23.999727496280894,0.4064864864864865,True,True,0.3969158517;0.64914127;0.685168137;0.2123384503;0.8391928019;0.2547057577;0.6450583303;0.3536782427;0.3495021855;0.2638904463;0.8142278578;0.4332858251,1.177446822;0.7134614509;0.6676722331;2.128067317;0.4876767217;1.782678959;0.7188179662;1.310923092;1.325454306;1.723560971;0.5165166625;1.084128614,10.28486486;6.94972973;7.036216216;24.10108108;4.471891892;15.65783784;6.548108108;11.84243243;12.47837838;14.83837838;4.69027027;9.658918919,0.3131372088;0.1783653627;0.1669180583;0.4003067169;0.1219191804;0.4023072786;0.2375984791;0.3351711473;0.3313635766;0.4034064326;0.1291291656;0.2710321536,0.09675675676;0.1502702703;0.1478378378;0.03837837838;0.1878378378;0.05513513514;0.1835135135;0.08513513514;0.08486486486;0.06486486486;0.1845945946;0.09918918919,1.954893643;0.7134614509;0.6676722331;23.9997275;0.4876767217;23.99513054;1.037635932;2.332769276;1.325454306;23.99829016;0.5165166625;1.084128614
Round-Robin Safe,4,15,426.86108108108107,26.76891891891892,22.18429729729729,36.0,71.0,56.75,0.0393468468468468,0.0154054054054054,0.1439189189189189,0.0359459459459459,0.7867354781071044,24.0,136.0,0.0473873873873873,526,11100,0.2280857101681598,0.4029314732358963,23.998349676102467,0.4064864864864865,True,True,0.95;0.6682774533;0.3936552323;0.8783623152;0.2542081145;0.6112416568;0.1961261937;0.2603661895;0.4858854259;0.9440218225;0.777121657;0.6438927182,0.2609434761;0.6888292002;1.186565108;0.4408835581;1.786011998;0.7647485898;2.305041448;1.74572184;0.9708198352;0.349980936;0.5589976316;0.7203540735,3.079459459;5.903243243;10.61675676;4.119459459;16.69243243;6.844864865;26.76891892;18.43324324;8.242972973;2.886486486;5.182972973;7.18972973,0.06523586902;0.1722073001;0.2966412769;0.1102208895;0.4020940526;0.1911871475;0.3999558404;0.4029314732;0.2458535637;0.1246688848;0.145943706;0.1800885184,0.2224324324;0.16;0.0927027027;0.2048648649;0.05756756757;0.1481081081;0.03594594595;0.05783783784;0.1208108108;0.3056756757;0.1808108108;0.1402702703,0.2609434761;0.6888292002;1.186565108;0.4408835581;23.99554779;0.7647485898;23.99793569;23.99834968;1.54163967;0.349980936;0.7179952632;0.7203540735
Round-Robin Safe,4,16,509.8916216216216,28.37189189189189,24.927702702702696,42.0,80.0,64.49009009009009,0.0539189189189189,0.0220045045045045,0.1255855855855856,0.0351351351351351,0.794540700443834,28.0,184.0,0.0818018018018018,908,11100,0.2742935555649223,0.4057187664673196,23.999796937625167,0.4064864864864865,True,True,0.3932789834;0.7735119064;0.901603995;0.8416273572;0.2260479039;0.7045979448;0.6624829137;0.1982197585;0.7522839954;0.3841282698;0.2247729528;0.2144342016,1.187626136;0.5631378354;0.4113518347;0.4848363331;2.00065631;0.6439160289;0.6962092138;2.280313362;0.5876051337;1.214015836;2.011774821;2.107404393,9.264324324;5.778648649;4.074054054;4.128918919;19.05891892;5.007027027;6.021891892;28.37189189;5.213513514;8.778918919;22.10972973;20.14,0.4057187665;0.146720236;0.1028379587;0.1256643361;0.3995905441;0.1609790072;0.2090509288;0.3999792897;0.1469012834;0.394062978;0.4001800724;0.3998372659,0.1243243243;0.1724324324;0.2002702703;0.1962162162;0.04621621622;0.1724324324;0.1797297297;0.03513513514;0.1759459459;0.1205405405;0.04162162162;0.04216216216,23.99331559;0.7262756708;0.4113518347;0.5696726663;23.99838024;0.6439160289;0.9924184276;23.99979694;0.5876051337;2.154174193;23.99613493;23.99869766
Round-Robin Safe,4,17,418.177027027027,28.302972972972974,25.02036486486486,39.0,73.0,59.5009009009009,0.0467117117117117,0.0183783783783783,0.1501801801801802,0.0327027027027027,0.8119263568864201,20.0,128.0,0.0661261261261261,734,11100,0.2113864475983945,0.4005195647728127,23.99969593772187,0.4064864864864865,True,True,0.6058267012;0.4606290406;0.8627452041;0.95;0.8920394043;0.9329954481;0.2434414901;0.2237143759;0.7874097494;0.2072792387;0.95;0.5223938409,0.772389876;1.022513998;0.4598691245;0.2139841101;0.4237308779;0.3673358894;1.861711545;2.021113381;0.5472165522;2.179902851;0.241873434;0.9032962107,6.208108108;8.316216216;3.849189189;3.390810811;4.182162162;3.676216216;19.05135135;22.33459459;5.315135135;28.30297297;3.172432432;7.898918919,0.2791041255;0.2556284995;0.1149672811;0.05349602753;0.1059327195;0.09183397234;0.4005195648;0.3998527013;0.1368041381;0.4000416314;0.06994718226;0.2285095279,0.1997297297;0.1105405405;0.2005405405;0.2121621622;0.1935135135;0.2113513514;0.04945945946;0.0427027027;0.1775675676;0.0327027027;0.2486486486;0.1232432432,1.144779752;1.022513998;0.4598691245;0.2139841101;0.4237308779;0.3673358894;23.99535162;23.96402455;0.5472165522;23.99969594;0.241873434;1.406592421
Round-Robin Safe,4,18,335.5324324324324,20.493513513513516,18.531351351351347,30.0,56.0,45.21666666666667,0.0264189189189189,0.0071171171171171,0.1641891891891892,0.0464864864864864,0.8404249989467825,16.0,96.0,0.0247747747747747,275,11100,0.1888635233571157,0.4014774358663449,23.998782690097176,0.4064864864864865,True,True,0.95;0.2298402862;0.2514208534;0.95;0.8064515181;0.2889292384;0.86964094;0.95;0.4229897239;0.9113191376;0.93510967;0.8418183031,0.2641897105;1.968390267;1.804941085;0.3377909827;0.5254308787;1.582364629;0.451552802;0.2372894534;1.10910177;0.3983676074;0.3641087485;0.4846132827,3.408108108;20.49351351;16.92594595;3.055675676;4.844324324;13.17459459;4.378918919;3.399459459;10.3227027;3.485945946;3.927027027;4.562702703,0.06604742761;0.4000620219;0.4014774359;0.107727935;0.1341978866;0.3955911572;0.1128882005;0.05932236334;0.2772754426;0.09959190186;0.09102718712;0.1211533207,0.2140540541;0.04648648649;0.0527027027;0.2705405405;0.1886486486;0.07405405405;0.1954054054;0.2148648649;0.1005405405;0.2140540541;0.2045945946;0.1943243243,0.2641897105;23.99845627;23.99878269;0.3377909827;0.6508617574;1.582364629;0.451552802;0.2372894534;1.10910177;0.3983676074;0.3641087485;0.4846132827
Round-Robin Safe,4,19,503.902972972973,24.80918918918919,24.35060810810811,39.0,67.0,56.22522522522522,0.0448873873873873,0.0145495495495495,0.1100675675675675,0.0354054054054054,0.8204176843407017,32.0,136.0,0.0669369369369369,743,11100,0.2925465904874414,0.4039782134278318,23.99973332468244,0.4064864864864865,True,True,0.8339118425;0.4218873338;0.3658373363;0.3670076204;0.481511622;0.1930715746;0.2120595117;0.3057773787;0.5446939528;0.4653449839;0.3623629999;0.8770434254,0.4938172966;1.111838862;1.270411673;1.266646367;0.9794527448;2.342239302;2.1308523;1.500722279;0.8655191693;1.012509865;1.281724896;0.4425090154,4.791891892;9.635135135;11.13135135;11.67081081;8.891351351;24.80918919;23.97540541;11.9272973;7.920810811;7.657837838;11.32162162;3.866486486,0.1234543241;0.2779597156;0.3176029182;0.3166615919;0.2448631862;0.4000797943;0.4002546887;0.4039782134;0.2168476405;0.3705238802;0.3277058788;0.1106272539,0.187027027;0.1035135135;0.08783783784;0.08702702703;0.1181081081;0.03540540541;0.03648648649;0.08108108108;0.1286486486;0.1654054054;0.08567567568;0.2045945946,0.4938172966;1.111838862;1.270411673;1.266646367;0.9794527448;23.99778581;23.99973332;23.97348937;1.331038339;2.150118376;2.253799166;0.4425090154
Round-Robin Safe,8,0,391.01324324324327,18.235405405405405,18.09731081081081,32.0,53.0,45.22477477477477,0.0272522522522522,0.0049549549549549,0.1494144144144144,0.0464864864864864,0.7980312670449932,24.0,108.0,0.039009009009009,433,11100,0.2141728876061772,0.4017502052798398,23.999928801789025,0.4064864864864865,True,True,0.95;0.2315765095;0.95;0.8081176242;0.6281327393;0.795200025;0.3394136806;0.9476946562;0.5005847781;0.95;0.23436609;0.2528380647,0.3369544871;1.95400716;0.2191119648;0.5235225351;0.7414402559;0.5383055036;1.361973486;0.3438720469;0.9427001774;0.2738400263;1.931388168;1.795260579,3.083783784;18.23540541;3.822162162;4.504324324;7.377837838;5.124864865;12.64918919;3.572432432;9.17027027;3.118378378;17.98432432;15.37567568,0.1059129915;0.4003074127;0.05513330789;0.1560663125;0.185360064;0.1345763759;0.3404933716;0.08596801172;0.2356750444;0.06846000657;0.4003715473;0.4017502053,0.2681081081;0.04972972973;0.2094594595;0.22;0.1381081081;0.1789189189;0.07783783784;0.2124324324;0.1121621622;0.2202702703;0.04648648649;0.05945945946,0.3369544871;23.99730057;0.2191119648;0.6470450703;0.7414402559;0.5383055036;1.361973486;0.3438720469;0.9427001774;0.2738400263;23.99894398;23.9999288
Round-Robin Safe,8,1,552.0948648648649,25.15756756756757,24.1912027027027,47.0,80.0,67.42657657657658,0.0698873873873873,0.0252927927927927,0.1209909909909909,0.0332432432432432,0.6946057258742653,32.0,204.0,0.0816216216216216,906,11100,0.2793254708526484,0.4048642729379798,23.998763876785382,0.4064864864864865,True,True,0.5605092249;0.2181252996;0.2316669551;0.3707979081;0.95;0.95;0.2020086086;0.95;0.325972712;0.8362721814;0.2993435181;0.2334007936,0.8400796556;2.072097608;1.953264399;1.254604531;0.2976063768;0.2276934429;2.237061952;0.2579608484;1.414030367;0.4910760745;1.530799061;1.939147999,8.883783784;23.40054054;22.69837838;11.59216216;3.134324324;3.191891892;25.15756757;3.172702703;13.77567568;5.029459459;13.5;21.1227027,0.2468017799;0.3998588358;0.4001552471;0.4048642729;0.07786026289;0.05692336074;0.400252706;0.0665120674;0.3535075917;0.1625859976;0.3826997651;0.399883763,0.1316216216;0.04054054054;0.04459459459;0.1064864865;0.2272972973;0.2202702703;0.03324324324;0.2237837838;0.07405405405;0.2394594595;0.06756756757;0.04297297297,1.280159311;23.99795411;23.99296661;23.99131147;0.2976063768;0.2276934429;23.99876388;0.2579608484;1.414030367;0.5821521491;1.530799061;23.99834749
Round-Robin Safe,8,2,451.3086486486487,31.09432432432433,24.41122972972972,37.0,75.0,60.09099099099099,0.0427477477477477,0.0162387387387387,0.1374324324324324,0.0321621621621621,0.7962287981844282,24.0,188.0,0.0685585585585585,761,11100,0.2372309004549736,0.4004313123143918,23.999998670240743,0.4064864864864865,True,True,0.2983974043;0.4720337023;0.7619171253;0.95;0.6042558466;0.7527600943;0.6803453125;0.2438339011;0.7053294905;0.1925045361;0.95;0.2931742638,1.535332493;0.9986066978;0.5764720931;0.328976203;0.7746227687;0.5870535051;0.6736618433;1.858825842;0.6430324214;2.34929577;0.2710575607;1.560894842,13.91378378;7.185675676;4.951891892;3.068378378;7.720540541;5.62972973;5.728108108;18.94324324;6.195135135;31.09432432;3.46972973;13.59837838,0.4004313123;0.2634162532;0.1441180233;0.1063393348;0.1936556922;0.1467633763;0.1684154608;0.4004011341;0.1607581054;0.4000152257;0.07223317698;0.3902237104,0.06972972973;0.1318918919;0.1794594595;0.2732432432;0.1335135135;0.1705405405;0.1597297297;0.0472972973;0.1545945946;0.03216216216;0.2254054054;0.07162162162,23.99949569;1.994426791;0.5764720931;0.328976203;0.7746227687;0.5870535051;0.6736618433;23.97844326;0.6430324214;23.99999867;0.2710575607;1.560894842
Round-Robin Safe,8,3,518.1013513513514,19.924324324324324,19.28810810810811,39.0,65.0,55.22387387387387,0.0445945945945946,0.0129279279279279,0.106554054054054,0.047027027027027,0.7513026576390962,32.0,140.0,0.0546846846846846,607,11100,0.3209263237703524,0.4050354565140314,23.999476192742584,0.4064864864864865,True,True,0.2469621281;0.8215561338;0.8932287906;0.3220866759;0.225348274;0.2465631425;0.4834834838;0.2778755806;0.2645088005;0.3014458345;0.9387067142;0.2969367479,1.836175919;0.5080937316;0.4222105672;1.429873819;2.006740312;1.839030251;0.9755450403;1.641436133;1.719737046;1.520828652;0.3585144156;1.542388958,15.54486486;4.825945946;3.520540541;10.64540541;18.76756757;19.92432432;8.030810811;13.91756757;15.22486486;14.17648649;3.613243243;13.33351351,0.4009811195;0.1285339818;0.1055526418;0.4050020979;0.4002633378;0.4011074087;0.3224571849;0.4050354565;0.4034410151;0.4032251102;0.08991929127;0.3855972396,0.05702702703;0.1856756757;0.2086486486;0.09162162162;0.04702702703;0.05189189189;0.1581081081;0.06540540541;0.06054054054;0.07405405405;0.2083783784;0.07027027027,23.99755978;0.6161874631;0.4222105672;23.9952698;23.99910185;23.99947619;2.253270242;23.99811219;23.99755628;23.98162938;0.3585144156;1.542388958
Round-Robin Safe,8,4,482.9470270270271,23.103783783783783,21.029540540540538,36.0,66.0,55.27702702702703,0.0386711711711711,0.0126801801801801,0.1074999999999999,0.0451351351351351,0.8771922751885526,28.0,236.0,0.0395495495495495,439,11100,0.2844962084437316,0.4008685256016108,23.998306266974566,0.4064864864864865,True,True,0.662118963;0.6741961796;0.3640876;0.2460798207;0.2372011855;0.4128728207;0.5024050881;0.4159209977;0.2309431598;0.4380235493;0.7287104513;0.5641011845,0.6966749552;0.6813572012;1.27608378;1.842501298;1.908996959;1.13470463;0.9393093506;1.126874486;1.959226317;1.072981387;0.6151471375;0.8344446437,6.443783784;6.331351351;9.795135135;16.79189189;23.10378378;10.52162162;9.472432432;9.497567568;19.33243243;9.407297297;5.888108108;7.055675676,0.1741687388;0.1703393003;0.3190209451;0.4008685256;0.3998574711;0.2836761576;0.2985480531;0.2875052743;0.4003175935;0.3172544967;0.1537867844;0.2086111609,0.1481081081;0.1540540541;0.0927027027;0.05486486486;0.04513513514;0.09675675676;0.1405405405;0.1008108108;0.04783783784;0.11;0.162972973;0.1362162162,0.6966749552;0.6813572012;1.27608378;23.99828776;23.99714193;1.13470463;1.757237402;1.853748972;23.99830627;1.745962775;0.6151471375;0.8344446437
Round-Robin Safe,8,5,438.34783783783786,23.05945945945946,19.24067567567567,34.0,60.0,50.804054054054056,0.0319594594594594,0.0098198198198198,0.129009009009009,0.041081081081081,0.7963920823879058,24.0,140.0,0.0314414414414414,349,11100,0.2528604264157568,0.4050502932666673,23.999221973907847,0.4064864864864865,True,True,0.9411489522;0.4821824971;0.3825098869;0.7544254172;0.3523107703;0.8677360717;0.95;0.2189202535;0.8265150398;0.3376263363;0.2625732011;0.2699141276,0.3546353857;0.9781203331;1.218803669;0.5851252029;1.315645181;0.4538598372;0.2241414152;2.064668323;0.5023771293;1.368663091;1.731770293;1.687095206,3.387297297;8.828108108;10.92378378;4.977837838;10.99405405;4.458918919;3.507567568;23.05945946;4.666486486;11.02972973;16.11621622;15.38,0.1018857878;0.2453231538;0.3047009173;0.1462813007;0.3289112952;0.1134649593;0.05603535381;0.4000992398;0.1255942823;0.4050502933;0.4029876276;0.403990906,0.2413513514;0.1159459459;0.09081081081;0.1762162162;0.08405405405;0.1935135135;0.2102702703;0.04108108108;0.1840540541;0.09162162162;0.06027027027;0.05891891892,0.3546353857;1.556240666;1.218803669;0.5851252029;1.315645181;0.4538598372;0.2241414152;23.99921978;0.5023771293;23.95742963;23.98599253;23.99922197
Round-Robin Safe,8,6,311.4227027027027,14.995135135135136,13.573459459459457,25.0,44.0,36.56306306306306,0.0133333333333333,0.0019819819819819,0.1554954954954955,0.0643243243243243,0.8933028136821473,20.0,96.0,0.0,0,11100,0.1735510179637699,0.3838041395700113,1.535216558280024,0.4064864864864865,True,True,0.6600953202;0.4082536129;0.95;0.8542797728;0.5796663152;0.95;0.7238759829;0.298421524;0.95;0.3698913443;0.95;0.5870736138,0.6992694381;1.146768836;0.2551559305;0.4699577518;0.8105930222;0.2156180293;0.6208604762;1.535216558;0.2628816135;1.257463669;0.2571157349;0.7995478023,6.785405405;11.64594595;3.421081081;4.657837838;7.762702703;3.200540541;5.427567568;14.99513514;3.26972973;12.41027027;3.364864865;6.975675676,0.1748173595;0.2866922091;0.06378898263;0.1174894379;0.2026482556;0.05390450732;0.1552151191;0.3838041396;0.06572040337;0.3143659172;0.06427893372;0.1998869506,0.1475675676;0.09216216216;0.212972973;0.1881081081;0.1267567568;0.2175675676;0.1662162162;0.06432432432;0.2137837838;0.07891891892;0.2159459459;0.1416216216,0.6992694381;1.146768836;0.2551559305;0.4699577518;0.8105930222;0.2156180293;0.6208604762;1.535216558;0.2628816135;1.257463669;0.2571157349;0.7995478023
Round-Robin Safe,8,7,397.06567567567566,32.84864864864865,24.134567567567554,36.0,76.0,59.41081081081081,0.0404504504504504,0.019009009009009,0.1566666666666667,0.0278378378378378,0.8094892217637355,20.0,156.0,0.0311711711711711,346,11100,0.1933787816514197,0.4054337825060741,23.99999020533113,0.4064864864864865,True,True,0.95;0.8194645516;0.5139536145;0.1957148488;0.2668165055;0.95;0.9166527097;0.2817874583;0.4060368001;0.95;0.95;0.8957240492,0.2129344738;0.5105004868;0.9182376412;2.309972111;1.705631049;0.2143947682;0.3910280632;1.619983796;1.152645744;0.2643493157;0.2202876177;0.4190042049,3.382162162;4.247027027;9.310810811;32.84864865;17.00486486;3.546486486;3.594054054;14.54540541;9.781621622;3.462972973;3.477297297;4.311891892,0.05323361846;0.1276251217;0.2295594103;0.4001870602;0.4038196754;0.05359869205;0.1311529261;0.4054337825;0.2890960136;0.06701612381;0.05507190443;0.1047510512,0.2145945946;0.1908108108;0.1143243243;0.02783783784;0.05675675676;0.2121621622;0.2724324324;0.06810810811;0.09648648649;0.2164864865;0.2156756757;0.1943243243,0.2129344738;0.5105004868;0.9182376412;23.99686409;23.99999021;0.2143947682;0.3910280632;23.99222217;1.905291488;0.2643493157;0.2202876177;0.4190042049
Round-Robin Safe,8,8,425.7816216216216,26.23189189189189,22.11551351351351,36.0,65.0,54.08378378378379,0.0366891891891891,0.0124099099099099,0.1399324324324324,0.0367567567567567,0.8162100027936224,24.0,144.0,0.0437837837837837,486,11100,0.2338868445799465,0.4051724602240134,23.99859149990377,0.4064864864864865,True,True,0.924502767;0.7675714746;0.2938168902;0.223720696;0.8564804989;0.95;0.4732619221;0.198994158;0.3554966144;0.365156396;0.95;0.8950142286,0.3798996382;0.5699618165;1.557699888;2.021057334;0.4673466129;0.2347890628;0.9960890923;2.271318822;1.304697623;1.272612991;0.2590903055;0.4199186836,3.875945946;5.955135135;13.86;18.74756757;4.108648649;3.377837838;8.902702703;26.23189189;11.75405405;10.60783784;3.204864865;4.01027027,0.0970284211;0.1424904541;0.3894249721;0.3998416131;0.1168366532;0.05869726571;0.3009804338;0.4002432086;0.3261744057;0.4051724602;0.06477257636;0.1049796709,0.21;0.1640540541;0.06567567568;0.04675675676;0.1972972973;0.2164864865;0.1308108108;0.03675675676;0.08405405405;0.1113513514;0.2164864865;0.1994594595,0.3798996382;0.5699618165;1.557699888;23.91952334;0.4673466129;0.2347890628;1.592178185;23.9985915;1.304697623;23.96653721;0.2590903055;0.4199186836
Round-Robin Safe,8,9,518.1945945945946,25.61783783783784,25.391297297297296,43.0,74.0,62.59099099099099,0.0581531531531531,0.0189189189189189,0.1304279279279279,0.0362162162162162,0.7151746551770174,28.0,204.0,0.0825225225225225,916,11100,0.2564984927435833,0.4042016901088953,23.99902310532166,0.4064864864864865,True,True,0.3257577326;0.6871221964;0.2523803769;0.1963495047;0.5437054116;0.2493362779;0.95;0.4363495231;0.95;0.6652629851;0.95;0.2127973752,1.414897118;0.6652565043;1.798374164;2.302374716;0.8671448273;1.819394726;0.209506079;1.076896197;0.2790122724;0.6926602831;0.247425482;2.123503268,12.84945946;5.734594595;17.00810811;25.61783784;8.291081081;18.44837838;2.730810811;9.273243243;3.572432432;6.729189189;3.178918919;25.20594595,0.4042016901;0.1663141261;0.4019609281;0.4001153899;0.2374101919;0.4012502964;0.07757387248;0.2843588066;0.06975306809;0.1731650708;0.06185637049;0.4000221022,0.08513513514;0.1645945946;0.05621621622;0.03621621622;0.13;0.05108108108;0.3178378378;0.1097297297;0.2097297297;0.1437837838;0.2181081081;0.0427027027,23.99250881;0.6652565043;23.9969037;23.99844596;1.468579309;23.99902311;0.209506079;1.753792394;0.2790122724;0.6926602831;0.247425482;23.99330742
Round-Robin Safe,8,10,563.1972972972973,25.0427027027027,23.89632432432432,45.0,74.0,62.56306306306306,0.0648873873873873,0.0217792792792792,0.1077702702702702,0.0381081081081081,0.6830044706284114,32.0,128.0,0.0968468468468468,1075,11100,0.3024364573873651,0.4001592157326538,23.999913536495143,0.4064864864864865,True,True,0.2210551088;0.5230742899;0.4621770162;0.8877431859;0.3493760462;0.4491418585;0.5565464418;0.34857734;0.2223217792;0.6900300697;0.2104662511;0.2177243916,2.045012567;0.9021077578;1.019211399;0.4291816563;1.325898395;1.047619095;0.8463561798;1.328717478;2.03354937;0.6616731043;2.146920017;2.075867389,19.51513514;8.517567568;9.621621622;3.38027027;11.77675676;9.613513514;7.403783784;12.48486486;21.06972973;6.497297297;22.95837838;25.0427027,0.4001592157;0.2738018951;0.2608630257;0.1570572872;0.3314745986;0.2619047737;0.211589045;0.3321793696;0.3995649709;0.2008267287;0.399791322;0.4000252563,0.04594594595;0.1313513514;0.1072972973;0.3032432432;0.08459459459;0.1021621622;0.1340540541;0.08081081081;0.04135135135;0.1856756757;0.03810810811;0.03864864865,23.99991354;1.608431031;1.638422798;0.4583633126;1.325898395;1.047619095;0.8463561798;1.328717478;23.99039221;0.9233462087;23.99932792;23.99660947
Round-Robin Safe,8,11,469.19054054054055,25.056756756756755,23.86548648648649,38.0,76.0,59.49189189189189,0.0414189189189189,0.0163738738738738,0.124054054054054,0.0375675675675675,0.7765672044315381,28.0,140.0,0.0313513513513513,348,11100,0.2521595574101971,0.4016105113928443,23.99802302978612,0.4064864864864865,True,True,0.95;0.2935060875;0.6227889451;0.4312530983;0.6153269509;0.4183303984;0.9434799305;0.4987828682;0.6260188518;0.4351735249;0.2492611008;0.2092716103,0.3358641596;1.559243329;0.7487311135;1.088976442;0.7590395275;1.120756955;0.3508668233;0.9460759936;0.7443154627;1.079661914;1.819920828;2.159149808,3.074054054;12.81648649;6.456756757;10.13135135;7.083783784;12.05243243;3.836216216;10.18216216;7.33027027;9.497837838;22.89081081;25.05675676,0.113013751;0.4016105114;0.1871827784;0.2722441106;0.1897598819;0.2801892386;0.08771670584;0.2365189984;0.1860788657;0.2699154786;0.401366323;0.4003180455,0.2875675676;0.07594594595;0.1489189189;0.09540540541;0.1402702703;0.09027027027;0.2048648649;0.1102702703;0.147027027;0.1048648649;0.04567567568;0.03756756757,0.3358641596;17.11332512;0.7487311135;1.088976442;0.7590395275;1.120756955;0.3508668233;0.9460759936;0.7443154627;1.079661914;23.99721622;23.99802303
Round-Robin Safe,8,12,477.3632432432432,22.081621621621625,20.038,36.0,67.0,55.40675675675676,0.0390315315315315,0.0136486486486486,0.1138738738738738,0.0462162162162162,0.8247185976909683,28.0,128.0,0.0247747747747747,275,11100,0.2766245716296681,0.402055646296979,23.99860142072352,0.4064864864864865,True,True,0.2277146089;0.9318683167;0.4490225566;0.364868936;0.3264467419;0.2532754659;0.5108922966;0.7249468559;0.885090931;0.3371942215;0.4510893652;0.3770521179,1.986329388;0.369039043;1.047885528;1.273544601;1.412123145;1.792296255;0.9237509324;0.6195927545;0.4325165816;1.370290719;1.043286736;1.235229773,18.36594595;3.412432432;11.39513514;12.13972973;12.14648649;22.08162162;7.765135135;4.895675676;4.201621622;11.71297297;10.28702703;11.32702703,0.3999501065;0.09225976075;0.2619713821;0.3803423742;0.3530307863;0.4020556463;0.2546556624;0.1548981886;0.1081291454;0.3425726797;0.2608216841;0.3088074432,0.04621621622;0.2151351351;0.09864864865;0.1018918919;0.07891891892;0.04837837838;0.1316216216;0.1740540541;0.1954054054;0.07891891892;0.1051351351;0.09216216216,23.99860142;0.369039043;1.047885528;2.220633804;1.412123145;23.99789017;1.447501865;0.6195927545;0.4325165816;1.370290719;1.043286736;1.235229773
Round-Robin Safe,8,13,320.4064864864865,19.732432432432432,15.529837837837832,26.0,48.0,39.59954954954955,0.0173873873873873,0.004054054054054,0.1567792792792793,0.0456756756756756,0.8783984891164598,20.0,104.0,0.0139639639639639,155,11100,0.1805222309529919,0.3996730160960896,23.99871475378492,0.4064864864864865,True,True,0.931036637;0.7159624459;0.6775674106;0.3509019354;0.95;0.7562371291;0.2357345475;0.5713184825;0.95;0.8385292043;0.9458583108;0.3749843981,0.3702883284;0.6302691506;0.6771299559;1.320546841;0.2764601871;0.5830294735;1.920506701;0.8232731646;0.2265612916;0.488449848;0.3469497415;1.241568686,4.350810811;5.898918919;6.305405405;12.09135135;3.702162162;5.198378378;19.73243243;8.796216216;3.312972973;3.941081081;3.317297297;10.54216216,0.09257208211;0.1575672877;0.169282489;0.3301367103;0.06911504678;0.1457573684;0.3996730161;0.2058182912;0.0566403229;0.1425745502;0.08673743537;0.3103921715,0.1956756757;0.1559459459;0.1505405405;0.07945945946;0.2121621622;0.1708108108;0.04567567568;0.1256756757;0.2162162162;0.2264864865;0.2156756757;0.08702702703,0.3702883284;0.6302691506;0.6771299559;1.320546841;0.2764601871;0.5830294735;23.99871475;0.8232731646;0.2265612916;0.5768996961;0.3469497415;1.241568686
Round-Robin Safe,8,14,468.6262162162162,24.10108108108108,19.45729729729729,36.0,61.0,51.62927927927928,0.0367567567567567,0.0101801801801801,0.1148648648648648,0.0383783783783783,0.8339893664912883,28.0,144.0,0.034054054054054,378,11100,0.2742212300424597,0.4034064325793018,23.999727496280894,0.4064864864864865,True,True,0.3969158517;0.64914127;0.685168137;0.2123384503;0.8391928019;0.2547057577;0.6450583303;0.3536782427;0.3495021855;0.2638904463;0.8142278578;0.4332858251,1.177446822;0.7134614509;0.6676722331;2.128067317;0.4876767217;1.782678959;0.7188179662;1.310923092;1.325454306;1.723560971;0.5165166625;1.084128614,10.28486486;6.94972973;7.036216216;24.10108108;4.471891892;15.65783784;6.548108108;11.84243243;12.47837838;14.83837838;4.69027027;9.658918919,0.3131372088;0.1783653627;0.1669180583;0.4003067169;0.1219191804;0.4023072786;0.2375984791;0.3351711473;0.3313635766;0.4034064326;0.1291291656;0.2710321536,0.09675675676;0.1502702703;0.1478378378;0.03837837838;0.1878378378;0.05513513514;0.1835135135;0.08513513514;0.08486486486;0.06486486486;0.1845945946;0.09918918919,1.954893643;0.7134614509;0.6676722331;23.9997275;0.4876767217;23.99513054;1.037635932;2.332769276;1.325454306;23.99829016;0.5165166625;1.084128614
Round-Robin Safe,8,15,426.86108108108107,26.76891891891892,22.18429729729729,36.0,71.0,56.75,0.0393468468468468,0.0154054054054054,0.1439189189189189,0.0359459459459459,0.7867354781071044,24.0,136.0,0.0473873873873873,526,11100,0.2280857101681598,0.4029314732358963,23.998349676102467,0.4064864864864865,True,True,0.95;0.6682774533;0.3936552323;0.8783623152;0.2542081145;0.6112416568;0.1961261937;0.2603661895;0.4858854259;0.9440218225;0.777121657;0.6438927182,0.2609434761;0.6888292002;1.186565108;0.4408835581;1.786011998;0.7647485898;2.305041448;1.74572184;0.9708198352;0.349980936;0.5589976316;0.7203540735,3.079459459;5.903243243;10.61675676;4.119459459;16.69243243;6.844864865;26.76891892;18.43324324;8.242972973;2.886486486;5.182972973;7.18972973,0.06523586902;0.1722073001;0.2966412769;0.1102208895;0.4020940526;0.1911871475;0.3999558404;0.4029314732;0.2458535637;0.1246688848;0.145943706;0.1800885184,0.2224324324;0.16;0.0927027027;0.2048648649;0.05756756757;0.1481081081;0.03594594595;0.05783783784;0.1208108108;0.3056756757;0.1808108108;0.1402702703,0.2609434761;0.6888292002;1.186565108;0.4408835581;23.99554779;0.7647485898;23.99793569;23.99834968;1.54163967;0.349980936;0.7179952632;0.7203540735
Round-Robin Safe,8,16,509.8916216216216,28.37189189189189,24.927702702702696,42.0,80.0,64.49009009009009,0.0539189189189189,0.0220045045045045,0.1255855855855856,0.0351351351351351,0.794540700443834,28.0,184.0,0.0818018018018018,908,11100,0.2742935555649223,0.4057187664673196,23.999796937625167,0.4064864864864865,True,True,0.3932789834;0.7735119064;0.901603995;0.8416273572;0.2260479039;0.7045979448;0.6624829137;0.1982197585;0.7522839954;0.3841282698;0.2247729528;0.2144342016,1.187626136;0.5631378354;0.4113518347;0.4848363331;2.00065631;0.6439160289;0.6962092138;2.280313362;0.5876051337;1.214015836;2.011774821;2.107404393,9.264324324;5.778648649;4.074054054;4.128918919;19.05891892;5.007027027;6.021891892;28.37189189;5.213513514;8.778918919;22.10972973;20.14,0.4057187665;0.146720236;0.1028379587;0.1256643361;0.3995905441;0.1609790072;0.2090509288;0.3999792897;0.1469012834;0.394062978;0.4001800724;0.3998372659,0.1243243243;0.1724324324;0.2002702703;0.1962162162;0.04621621622;0.1724324324;0.1797297297;0.03513513514;0.1759459459;0.1205405405;0.04162162162;0.04216216216,23.99331559;0.7262756708;0.4113518347;0.5696726663;23.99838024;0.6439160289;0.9924184276;23.99979694;0.5876051337;2.154174193;23.99613493;23.99869766
Round-Robin Safe,8,17,418.177027027027,28.302972972972974,25.02036486486486,39.0,73.0,59.5009009009009,0.0467117117117117,0.0183783783783783,0.1501801801801802,0.0327027027027027,0.8119263568864201,20.0,128.0,0.0661261261261261,734,11100,0.2113864475983945,0.4005195647728127,23.99969593772187,0.4064864864864865,True,True,0.6058267012;0.4606290406;0.8627452041;0.95;0.8920394043;0.9329954481;0.2434414901;0.2237143759;0.7874097494;0.2072792387;0.95;0.5223938409,0.772389876;1.022513998;0.4598691245;0.2139841101;0.4237308779;0.3673358894;1.861711545;2.021113381;0.5472165522;2.179902851;0.241873434;0.9032962107,6.208108108;8.316216216;3.849189189;3.390810811;4.182162162;3.676216216;19.05135135;22.33459459;5.315135135;28.30297297;3.172432432;7.898918919,0.2791041255;0.2556284995;0.1149672811;0.05349602753;0.1059327195;0.09183397234;0.4005195648;0.3998527013;0.1368041381;0.4000416314;0.06994718226;0.2285095279,0.1997297297;0.1105405405;0.2005405405;0.2121621622;0.1935135135;0.2113513514;0.04945945946;0.0427027027;0.1775675676;0.0327027027;0.2486486486;0.1232432432,1.144779752;1.022513998;0.4598691245;0.2139841101;0.4237308779;0.3673358894;23.99535162;23.96402455;0.5472165522;23.99969594;0.241873434;1.406592421
Round-Robin Safe,8,18,335.5324324324324,20.493513513513516,18.531351351351347,30.0,56.0,45.21666666666667,0.0264189189189189,0.0071171171171171,0.1641891891891892,0.0464864864864864,0.8404249989467825,16.0,96.0,0.0247747747747747,275,11100,0.1888635233571157,0.4014774358663449,23.998782690097176,0.4064864864864865,True,True,0.95;0.2298402862;0.2514208534;0.95;0.8064515181;0.2889292384;0.86964094;0.95;0.4229897239;0.9113191376;0.93510967;0.8418183031,0.2641897105;1.968390267;1.804941085;0.3377909827;0.5254308787;1.582364629;0.451552802;0.2372894534;1.10910177;0.3983676074;0.3641087485;0.4846132827,3.408108108;20.49351351;16.92594595;3.055675676;4.844324324;13.17459459;4.378918919;3.399459459;10.3227027;3.485945946;3.927027027;4.562702703,0.06604742761;0.4000620219;0.4014774359;0.107727935;0.1341978866;0.3955911572;0.1128882005;0.05932236334;0.2772754426;0.09959190186;0.09102718712;0.1211533207,0.2140540541;0.04648648649;0.0527027027;0.2705405405;0.1886486486;0.07405405405;0.1954054054;0.2148648649;0.1005405405;0.2140540541;0.2045945946;0.1943243243,0.2641897105;23.99845627;23.99878269;0.3377909827;0.6508617574;1.582364629;0.451552802;0.2372894534;1.10910177;0.3983676074;0.3641087485;0.4846132827
Round-Robin Safe,8,19,503.902972972973,24.80918918918919,24.35060810810811,39.0,67.0,56.22522522522522,0.0448873873873873,0.0145495495495495,0.1100675675675675,0.0354054054054054,0.8204176843407017,32.0,136.0,0.0669369369369369,743,11100,0.2925465904874414,0.4039782134278318,23.99973332468244,0.4064864864864865,True,True,0.8339118425;0.4218873338;0.3658373363;0.3670076204;0.481511622;0.1930715746;0.2120595117;0.3057773787;0.5446939528;0.4653449839;0.3623629999;0.8770434254,0.4938172966;1.111838862;1.270411673;1.266646367;0.9794527448;2.342239302;2.1308523;1.500722279;0.8655191693;1.012509865;1.281724896;0.4425090154,4.791891892;9.635135135;11.13135135;11.67081081;8.891351351;24.80918919;23.97540541;11.9272973;7.920810811;7.657837838;11.32162162;3.866486486,0.1234543241;0.2779597156;0.3176029182;0.3166615919;0.2448631862;0.4000797943;0.4002546887;0.4039782134;0.2168476405;0.3705238802;0.3277058788;0.1106272539,0.187027027;0.1035135135;0.08783783784;0.08702702703;0.1181081081;0.03540540541;0.03648648649;0.08108108108;0.1286486486;0.1654054054;0.08567567568;0.2045945946,0.4938172966;1.111838862;1.270411673;1.266646367;0.9794527448;23.99778581;23.99973332;23.97348937;1.331038339;2.150118376;2.253799166;0.4425090154
Zhao'25 MMSE-MW-Safe,2,0,386.5794594594595,18.41,18.29093243243243,32.0,59.0,47.6981981981982,0.029256756756756756,0.009346846846846847,0.13376126126126128,0.04594594594594595,0.855579522903428,22.0,105.0,0.5088288288288288,5648,11100,0.2251012039967996,0.399849550500216,23.99996440089464,0.4064864864864865,True,True,0.95;0.2315765095;0.95;0.8081176242;0.6281327393;0.795200025;0.3394136806;0.9476946562;0.5005847781;0.95;0.23436609;0.2528380647,0.3369544871;1.95400716;0.2191119648;0.5235225351;0.7414402559;0.5383055036;1.361973486;0.3438720469;0.9427001774;0.2738400263;1.931388168;1.795260579,3.772972973;18.41;4.147027027;5.053513514;6.506486486;5.2;10.27027027;3.898378378;7.812432432;3.333243243;18.19351351;17.17945946,0.07522281253;0.3997793027;0.04844151005;0.1332860076;0.227241419;0.1385045512;0.3997576233;0.07751061813;0.3409007669;0.06091090314;0.3998495505;0.399809383,0.1848648649;0.04594594595;0.1762162162;0.1737837838;0.1505405405;0.1632432432;0.09297297297;0.1832432432;0.1348648649;0.1956756757;0.04945945946;0.05432432432,0.3369544871;23.99862288;0.2191119648;0.7705676054;6.760327166;0.8447495325;23.99879185;0.3438720469;13.05290479;0.2738400263;23.99930207;23.9999644
Zhao'25 MMSE-MW-Safe,2,1,522.2254054054054,26.184054054054055,23.475229729729726,44.0,76.0,62.48603603603603,0.05963963963963964,0.020112612612612612,0.1131081081081081,0.031081081081081083,0.7361768948339235,30.0,128.0,0.7131531531531532,7916,11100,0.2856307462673717,0.40015524709191536,23.99998200211427,0.4064864864864865,True,True,0.5605092249;0.2181252996;0.2316669551;0.3707979081;0.95;0.95;0.2020086086;0.95;0.325972712;0.8362721814;0.2993435181;0.2334007936,0.8400796556;2.072097608;1.953264399;1.254604531;0.2976063768;0.2276934429;2.237061952;0.2579608484;1.414030367;0.4910760745;1.530799061;1.939147999,6.924594595;21.25891892;17.90108108;11.36945946;3.240810811;3.298918919;26.18405405;3.266756757;12.38756757;5.172972973;13.18243243;20.20324324,0.3069696471;0.3998588358;0.4001552471;0.3997780384;0.07198856951;0.05323103464;0.3996480947;0.06163172702;0.399368036;0.1349795589;0.4000764031;0.399883763,0.1454054054;0.04027027027;0.04891891892;0.09513513514;0.2083783784;0.2027027027;0.03108108108;0.2059459459;0.07918918919;0.1810810811;0.07135135135;0.04783783784,9.522230357;23.99874277;23.99858133;23.999982;0.2976063768;0.2276934429;23.99943658;0.2579608484;23.99900031;1.219684671;23.9990605;23.99915543
Zhao'25 MMSE-MW-Safe,2,2,417.57756756756754,23.58783783783784,21.356621621621617,34.0,61.0,51.043243243243246,0.03371621621621622,0.01036036036036036,0.12268018018018019,0.036216216216216214,0.8533608078741407,23.0,159.0,0.5148648648648648,5715,11100,0.2449318443306544,0.40043131231439183,23.999999667560115,0.4064864864864865,True,True,0.2983974043;0.4720337023;0.7619171253;0.95;0.6042558466;0.7527600943;0.6803453125;0.2438339011;0.7053294905;0.1925045361;0.95;0.2931742638,1.535332493;0.9986066978;0.5764720931;0.328976203;0.7746227687;0.5870535051;0.6736618433;1.858825842;0.6430324214;2.34929577;0.2710575607;1.560894842,14.14486486;6.153783784;5.208918919;3.817567568;6.903783784;5.708108108;5.342702703;19.53108108;6.011081081;23.58783784;3.887297297;13.11189189,0.4004313123;0.3357477654;0.1411577612;0.07024086496;0.229665183;0.1515232696;0.1795217777;0.3998987487;0.1736187538;0.4000152257;0.05743489934;0.3999265703,0.06216216216;0.1475675676;0.1564864865;0.1789189189;0.1332432432;0.1556756757;0.1594594595;0.04675675676;0.1464864865;0.03621621622;0.1797297297;0.06945945946,23.99949569;15.11918847;1.235304652;0.328976203;4.095473224;1.979909587;3.052251337;23.97848257;2.187291793;23.99999967;0.2710575607;23.99739516
Zhao'25 MMSE-MW-Safe,2,3,506.10513513513513,20.548378378378377,18.598108108108104,39.0,60.0,51.608558558558556,0.04407657657657658,0.009301801801801802,0.09824324324324324,0.038378378378378375,0.7489308659725837,33.0,106.0,0.7062162162162162,7839,11100,0.3223752938746724,0.4022969312466534,23.99995674160562,0.4064864864864865,True,True,0.2469621281;0.8215561338;0.8932287906;0.3220866759;0.225348274;0.2465631425;0.4834834838;0.2778755806;0.2645088005;0.3014458345;0.9387067142;0.2969367479,1.836175919;0.5080937316;0.4222105672;1.429873819;2.006740312;1.839030251;0.9755450403;1.641436133;1.719737046;1.520828652;0.3585144156;1.542388958,15.43918919;4.752972973;3.509459459;11.33405405;20.54837838;16.36297297;7.478648649;14.14540541;17.00243243;13.09486486;3.848918919;12.97594595,0.399988592;0.1293579176;0.09916242782;0.4022969312;0.4002633378;0.4001133383;0.3538328227;0.3997118799;0.3997226647;0.4007589016;0.08352416926;0.3997705436,0.05243243243;0.1724324324;0.1978378378;0.08162162162;0.03837837838;0.05054054054;0.1451351351;0.05837837838;0.05405405405;0.07297297297;0.187027027;0.06810810811,23.99954416;0.7242811947;0.4666317017;23.99608902;23.99955093;23.99995674;20.98161234;23.99976003;23.99884008;23.99964931;0.3585144156;23.99965362
Zhao'25 MMSE-MW-Safe,2,4,473.25513513513516,21.465405405405406,19.930608108108107,32.0,61.0,50.104504504504504,0.03018018018018018,0.01027027027027027,0.09213963963963966,0.04216216216216216,0.9203171895603826,29.0,172.0,0.35063063063063066,3892,11100,0.28982718200844987,0.40037055227788215,23.999774470948527,0.4064864864864865,True,True,0.662118963;0.6741961796;0.3640876;0.2460798207;0.2372011855;0.4128728207;0.5024050881;0.4159209977;0.2309431598;0.4380235493;0.7287104513;0.5641011845,0.6966749552;0.6813572012;1.27608378;1.842501298;1.908996959;1.13470463;0.9393093506;1.126874486;1.959226317;1.072981387;0.6151471375;0.8344446437,6.825945946;6.67027027;9.611891892;14.73027027;18.67486486;8.982432432;9.454324324;9.378918919;21.46540541;9.524594595;7.184324324;7.200540541,0.155339686;0.1495302831;0.3955859719;0.4003705523;0.3998574711;0.3373446198;0.2574215355;0.3362349818;0.3997880728;0.3131945671;0.1305109467;0.2027474959,0.1191891892;0.1240540541;0.09864864865;0.05324324324;0.04945945946;0.09945945946;0.09648648649;0.1;0.04216216216;0.0927027027;0.1164864865;0.1137837838,3.056774418;2.827144024;23.99551877;23.99849541;23.99963408;23.86223526;12.66892078;21.54372431;23.99977447;14.82453468;1.566618512;5.385558943
Zhao'25 MMSE-MW-Safe,2,5,417.61945945945945,18.12162162162162,17.638067567567568,31.0,56.0,46.34234234234234,0.024797297297297297,0.007905405405405406,0.11414414414414414,0.049189189189189186,0.868505673621306,25.0,139.0,0.4628828828828829,5138,11100,0.26541137724105307,0.4028640236138475,23.999805493477062,0.4064864864864865,True,True,0.9411489522;0.4821824971;0.3825098869;0.7544254172;0.3523107703;0.8677360717;0.95;0.2189202535;0.8265150398;0.3376263363;0.2625732011;0.2699141276,0.3546353857;0.9781203331;1.218803669;0.5851252029;1.315645181;0.4538598372;0.2241414152;2.064668323;0.5023771293;1.368663091;1.731770293;1.687095206,4.04;7.331351351;8.964594595;5.372972973;10.77972973;5.076486486;3.938378378;17.24243243;5.277567568;10.61594595;18.12162162;14.76540541,0.07332326217;0.3048034443;0.4028640236;0.142327752;0.4025163094;0.09788652706;0.04561580694;0.4006572583;0.1144605189;0.4013512038;0.3992432594;0.3998871609,0.1702702703;0.1272972973;0.1059459459;0.1489189189;0.09081081081;0.1581081081;0.1702702703;0.04918918919;0.152972973;0.08459459459;0.05378378378;0.05756756757,0.3546353857;10.31864733;23.99860478;1.421502434;23.99968314;0.615439349;0.2241414152;23.99921978;0.7071313878;23.99978167;23.99911009;23.99980549
Zhao'25 MMSE-MW-Safe,2,6,297.2794594594595,11.794864864864865,11.283067567567567,21.0,36.0,30.351801801801802,0.006238738738738738,0.0012387387387387387,0.13427927927927927,0.07108108108108108,0.94367981095737,19.0,84.0,0.12,1332,11100,0.1896184530655427,0.3995712285469424,23.997883144827092,0.4064864864864865,True,True,0.6600953202;0.4082536129;0.95;0.8542797728;0.5796663152;0.95;0.7238759829;0.298421524;0.95;0.3698913443;0.95;0.5870736138,0.6992694381;1.146768836;0.2551559305;0.4699577518;0.8105930222;0.2156180293;0.6208604762;1.535216558;0.2628816135;1.257463669;0.2571157349;0.7995478023,6.731351351;10.49972973;3.836486486;5.347027027;6.986756757;3.806216216;5.67;11.79486486;3.761081081;10.86432432;4.1;6.737837838,0.1819990457;0.3899014044;0.05089326398;0.1037717522;0.2337575013;0.04294878043;0.1493421146;0.3995712285;0.05264737178;0.3986499685;0.05065874884;0.2212802566,0.1324324324;0.09648648649;0.1702702703;0.1462162162;0.1259459459;0.1691891892;0.1424324324;0.07108108108;0.1705405405;0.0872972973;0.1683783784;0.1310810811,3.389772134;23.99560633;0.2551559305;0.6098732553;8.664825556;0.2156180293;1.587744286;23.99773862;0.2628816135;23.99788314;0.2571157349;7.190503849
Zhao'25 MMSE-MW-Safe,2,7,360.60486486486485,24.586756756756756,20.333027027027022,31.0,64.0,49.85045045045045,0.02858108108108108,0.011666666666666667,0.1436936936936937,0.033783783783783786,0.8677190043772652,18.0,128.0,0.46612612612612614,5174,11100,0.20509051778689025,0.4040490621437042,23.999644171914696,0.4064864864864865,True,True,0.95;0.8194645516;0.5139536145;0.1957148488;0.2668165055;0.95;0.9166527097;0.2817874583;0.4060368001;0.95;0.95;0.8957240492,0.2129344738;0.5105004868;0.9182376412;2.309972111;1.705631049;0.2143947682;0.3910280632;1.619983796;1.152645744;0.2643493157;0.2202876177;0.4190042049,3.630810811;4.177837838;7.655945946;24.58675676;16.8527027;3.617027027;4.088378378;13.33675676;8.397567568;3.664054054;3.746756757;4.187567568,0.04880227941;0.1261074176;0.3313100679;0.4001870602;0.3996708431;0.04919490762;0.09268421932;0.3993041141;0.4040490621;0.05994299347;0.04995170575;0.09988154291,0.1921621622;0.1789189189;0.1348648649;0.03378378378;0.06027027027;0.1891891892;0.1867567568;0.07189189189;0.1189189189;0.1886486486;0.1881081081;0.1808108108,0.2129344738;0.7315014605;18.37479273;23.99909524;23.9992179;0.2143947682;0.3910280632;23.99935185;23.99964417;0.2643493157;0.2202876177;0.4570126148
Zhao'25 MMSE-MW-Safe,2,8,395.63324324324327,23.87189189189189,20.56401351351351,33.0,58.0,48.76126126126126,0.030405405405405407,0.008581081081081082,0.12774774774774775,0.03567567567567568,0.8465652038361279,23.0,137.0,0.5154954954954954,5722,11100,0.24227614400358136,0.40093005323093717,23.99994577503624,0.4064864864864865,True,True,0.924502767;0.7675714746;0.2938168902;0.223720696;0.8564804989;0.95;0.4732619221;0.198994158;0.3554966144;0.365156396;0.95;0.8950142286,0.3798996382;0.5699618165;1.557699888;2.021057334;0.4673466129;0.2347890628;0.9960890923;2.271318822;1.304697623;1.272612991;0.2590903055;0.4199186836,4.175945946;5.644324324;13.20378378;17.85756757;4.386756757;3.745945946;7.490810811;23.87189189;10.78783784;8.832432432;3.575135135;4.065135135,0.08522072964;0.1468036787;0.3995289714;0.4003878449;0.1116579475;0.05082865928;0.3585920732;0.3996293386;0.4009300532;0.4000132184;0.05713991601;0.09658129723,0.1772972973;0.1564864865;0.06243243243;0.04756756757;0.1735135135;0.1832432432;0.1378378378;0.03567567568;0.09216216216;0.102972973;0.1851351351;0.1786486486,0.3798996382;1.409503615;23.99811445;23.98260599;0.6020398386;0.2347890628;23.88321648;23.99910349;23.99994578;23.99922192;0.2590903055;0.4597560509
Zhao'25 MMSE-MW-Safe,2,9,509.8248648648649,25.987837837837837,24.863162162162162,43.0,82.0,64.87657657657658,0.05605855855855856,0.023918918918918917,0.11385135135135134,0.037567567567567565,0.796299506047358,27.0,127.0,0.647927927927928,7192,11100,0.267841259335815,0.4002668397430444,23.999504403701017,0.4064864864864865,True,True,0.3257577326;0.6871221964;0.2523803769;0.1963495047;0.5437054116;0.2493362779;0.95;0.4363495231;0.95;0.6652629851;0.95;0.2127973752,1.414897118;0.6652565043;1.798374164;2.302374716;0.8671448273;1.819394726;0.209506079;1.076896197;0.2790122724;0.6926602831;0.247425482;2.123503268,12.32648649;5.827567568;19.13675676;25.98783784;7.120540541;18.57054054;3.505135135;7.891621622;4.032162162;6.28027027;3.462432432;23.94297297,0.3996128346;0.1902274004;0.4000167398;0.4001153899;0.2866265199;0.4002668397;0.04546848146;0.3731299795;0.06228760459;0.2025563314;0.05376488851;0.4000221022,0.07675675676;0.1581081081;0.04783783784;0.03756756757;0.1340540541;0.04837837838;0.1881081081;0.1210810811;0.1781081081;0.1472972973;0.1878378378;0.04108108108,23.9995044;5.296669111;23.9969037;23.99949363;8.210041374;23.99928272;0.209506079;20.98308322;0.2790122724;3.697243963;0.247425482;23.9988499
Zhao'25 MMSE-MW-Safe,2,10,571.682972972973,33.06351351351351,27.00504054054053,44.0,97.0,70.9918918918919,0.05858108108108108,0.02533783783783784,0.08831081081081081,0.03486486486486486,0.8456739619891628,33.0,345.0,0.585945945945946,6504,11100,0.3154737697332953,0.40135302754482627,23.99982707299076,0.4064864864864865,True,True,0.2210551088;0.5230742899;0.4621770162;0.8877431859;0.3493760462;0.4491418585;0.5565464418;0.34857734;0.2223217792;0.6900300697;0.2104662511;0.2177243916,2.045012567;0.9021077578;1.019211399;0.4291816563;1.325898395;1.047619095;0.8463561798;1.328717478;2.03354937;0.6616731043;2.146920017;2.075867389,16.50378378;8.350810811;9.12972973;4.435135135;9.418918919;8.802702703;7.923783784;12.46027027;22.04810811;6.894324324;20.1827027;33.06351351,0.3990538035;0.2708761403;0.3115481331;0.08398041058;0.4013530275;0.3355212506;0.2289736584;0.399692582;0.3990153629;0.1541519503;0.4003715707;0.4011473468,0.04837837838;0.1102702703;0.1054054054;0.1586486486;0.0927027027;0.1102702703;0.1183783784;0.07783783784;0.04081081081;0.12;0.04216216216;0.03486486486,23.99982707;9.650586188;21.31082177;0.4875449689;23.99703103;23.58095573;8.144329215;23.99935127;23.99801714;2.725096565;23.99840874;23.99722662
Zhao'25 MMSE-MW-Safe,2,11,433.6610810810811,24.89027027027027,20.80198648648648,32.0,62.0,50.16936936936937,0.027972972972972972,0.010743243243243243,0.10195945945945946,0.03567567567567568,0.89740011507752,27.0,162.0,0.3247747747747748,3605,11100,0.26536976308922194,0.4003825820546917,23.99964882489908,0.4064864864864865,True,True,0.95;0.2935060875;0.6227889451;0.4312530983;0.6153269509;0.4183303984;0.9434799305;0.4987828682;0.6260188518;0.4351735249;0.2492611008;0.2092716103,0.3358641596;1.559243329;0.7487311135;1.088976442;0.7590395275;1.120756955;0.3508668233;0.9460759936;0.7443154627;1.079661914;1.819920828;2.159149808,4.399459459;11.66864865;7.022432432;9.331351351;7.41;9.726486486;4.698108108;9.128378378;7.266216216;8.984864865;17.45702703;24.89027027,0.06199870839;0.40034626;0.1853615405;0.3364054253;0.1879135695;0.3540986162;0.06609572321;0.2830557094;0.1784345447;0.3306099862;0.4003825821;0.3997344915,0.1532432432;0.06864864865;0.1286486486;0.09864864865;0.1143243243;0.09621621622;0.1475675676;0.1010810811;0.1254054054;0.102972973;0.05108108108;0.03567567568,0.3358641596;23.99964882;3.918277838;20.55984568;4.503671967;19.47179209;0.3508668233;11.90582385;5.119255642;23.38140529;23.99854426;23.99854545
Zhao'25 MMSE-MW-Safe,2,12,449.24891891891895,18.49108108108108,17.59116216216216,30.0,52.0,44.11756756756757,0.023806306306306306,0.0058108108108108104,0.09407657657657659,0.0445945945945946,0.9122173967509843,28.0,104.0,0.2563963963963964,2846,11100,0.28943346129875963,0.4030275787453398,23.999405237998037,0.4064864864864865,True,True,0.2277146089;0.9318683167;0.4490225566;0.364868936;0.3264467419;0.2532754659;0.5108922966;0.7249468559;0.885090931;0.3371942215;0.4510893652;0.3770521179,1.986329388;0.369039043;1.047885528;1.273544601;1.412123145;1.792296255;0.9237509324;0.6195927545;0.4325165816;1.370290719;1.043286736;1.235229773,18.49108108;4.417297297;11.10756757;10.41135135;10.81702703;16.85486486;7.928648649;6.119459459;5.711621622;10.8227027;8.947837838;10.31567568,0.398876415;0.06323533872;0.3033203786;0.3837843866;0.4030275787;0.3996336243;0.2424222041;0.1271002434;0.07843746656;0.3992360527;0.286198929;0.3879289178,0.04459459459;0.1478378378;0.08513513514;0.09135135135;0.07945945946;0.05;0.1105405405;0.1218918919;0.1310810811;0.08;0.09702702703;0.09,23.99860142;0.369039043;20.15198699;23.99838031;23.99441687;23.99940524;7.180014918;1.395927545;0.5300663265;23.99920193;21.55391744;23.84004522
Zhao'25 MMSE-MW-Safe,2,13,320.3027027027027,21.728918918918918,15.449702702702695,24.0,50.0,39.292792792792795,0.016576576576576577,0.006013513513513514,0.13867117117117114,0.041891891891891894,0.9239888384215222,19.0,105.0,0.22063063063063063,2449,11100,0.19306460122404423,0.4001920719611495,23.99983879917026,0.4064864864864865,True,True,0.931036637;0.7159624459;0.6775674106;0.3509019354;0.95;0.7562371291;0.2357345475;0.5713184825;0.95;0.8385292043;0.9458583108;0.3749843981,0.3702883284;0.6302691506;0.6771299559;1.320546841;0.2764601871;0.5830294735;1.920506701;0.8232731646;0.2265612916;0.488449848;0.3469497415;1.241568686,4.79;6.133513514;5.875405405;10.31216216;4.034054054;5.027297297;21.72891892;7.032162162;3.567567568;4.85972973;3.862702703;9.382972973,0.08066280884;0.1660844383;0.1831911043;0.3993761933;0.05865439105;0.141502829;0.400192072;0.2545471622;0.04751663845;0.1127395055;0.07332829671;0.3989797751,0.162972973;0.1440540541;0.1483783784;0.09081081081;0.1735135135;0.1559459459;0.04189189189;0.1332432432;0.1810810811;0.1616216216;0.1721621622;0.09837837838,0.3702883284;1.732960657;3.388339205;23.9998388;0.2764601871;1.911501049;23.99966944;5.995643799;0.2265612916;0.6653495441;0.3469497415;23.99924108
Zhao'25 MMSE-MW-Safe,2,14,462.2845945945946,24.116216216216216,19.545121621621615,33.0,59.0,49.023873873873875,0.032454954954954957,0.008761261261261262,0.09495495495495497,0.03783783783783784,0.9096366132265926,29.0,118.0,0.3995495495495496,4435,11100,0.28505897332868063,0.40390603377200046,23.999727496281068,0.4064864864864865,True,True,0.3969158517;0.64914127;0.685168137;0.2123384503;0.8391928019;0.2547057577;0.6450583303;0.3536782427;0.3495021855;0.2638904463;0.8142278578;0.4332858251,1.177446822;0.7134614509;0.6676722331;2.128067317;0.4876767217;1.782678959;0.7188179662;1.310923092;1.325454306;1.723560971;0.5165166625;1.084128614,9.796756757;7.426486486;7.074054054;24.11621622;5.347837838;15.80513514;7.403243243;11.46972973;10.18837838;13.79297297;5.523513514;9.498108108,0.384102247;0.1673741998;0.1568127488;0.3997315635;0.09648090819;0.399898253;0.178927391;0.4039060338;0.3990692155;0.3987481597;0.1016281433;0.3340288163,0.09594594595;0.1167567568;0.1143243243;0.03783783784;0.1375675676;0.05648648649;0.1162162162;0.08459459459;0.08648648649;0.06054054054;0.1337837838;0.09891891892,23.99276713;3.44807596;4.147411263;23.9997275;0.750706887;23.99836267;3.425815594;23.99969591;23.99811704;23.99858093;0.7495499874;23.97157528
Zhao'25 MMSE-MW-Safe,2,15,441.62216216216217,31.49297297297297,24.136648648648638,37.0,78.0,61.62027027027027,0.04364864864864865,0.01948198198198198,0.12461711711711713,0.02972972972972973,0.8648719115257876,22.0,155.0,0.45297297297297295,5028,11100,0.2395146142719259,0.40016322882615174,23.999174838051378,0.4064864864864865,True,True,0.95;0.6682774533;0.3936552323;0.8783623152;0.2542081145;0.6112416568;0.1961261937;0.2603661895;0.4858854259;0.9440218225;0.777121657;0.6438927182,0.2609434761;0.6888292002;1.186565108;0.4408835581;1.786011998;0.7647485898;2.305041448;1.74572184;0.9708198352;0.349980936;0.5589976316;0.7203540735,3.633783784;5.820540541;9.718918919;4.46027027;18.11783784;6.209459459;31.49297297;16.88405405;7.056216216;3.914324324;5.491351351;6.811621622,0.05388130154;0.1852392038;0.3960561914;0.09866259083;0.4001632288;0.2116493394;0.3999558404;0.3996287562;0.3122366497;0.07330681768;0.1397494079;0.2036460435,0.1789189189;0.1527027027;0.1118918919;0.1740540541;0.05216216216;0.1413513514;0.02972972973;0.05540540541;0.1337837838;0.1718918919;0.1554054054;0.1381081081,0.2609434761;3.731900805;23.99764995;0.5226506742;23.99851593;3.871228847;23.99896785;23.99917484;11.34951407;0.349980936;1.348973948;4.084957029
Zhao'25 MMSE-MW-Safe,2,16,510.41783783783785,24.925135135135136,24.254283783783784,42.0,77.0,62.686036036036036,0.054144144144144146,0.02036036036036036,0.11596846846846846,0.035405405405405405,0.8074085937687482,26.0,155.0,0.6578378378378379,7302,11100,0.2748048717863245,0.4032501249015244,23.999796937625252,0.4064864864864865,True,True,0.3932789834;0.7735119064;0.901603995;0.8416273572;0.2260479039;0.7045979448;0.6624829137;0.1982197585;0.7522839954;0.3841282698;0.2247729528;0.2144342016,1.187626136;0.5631378354;0.4113518347;0.4848363331;2.00065631;0.6439160289;0.6962092138;2.280313362;0.5876051337;1.214015836;2.011774821;2.107404393,9.158108108;5.849189189;4.25027027;4.196486486;16.42594595;4.952432432;6.014324324;24.92513514;5.068648649;8.693513514;23.70540541;21.76972973,0.3992991657;0.1494598255;0.09705679776;0.1166227936;0.400131262;0.1743794219;0.2009598487;0.4005955906;0.1564300153;0.4032501249;0.3996363495;0.3998372659,0.1083783784;0.1578378378;0.1805405405;0.1751351351;0.05189189189;0.1672972973;0.1516216216;0.03540540541;0.17;0.1137837838;0.03837837838;0.04135135135,23.99708713;1.557654025;0.4340555041;0.6545089994;23.99969286;1.79524426;3.924184276;23.99979694;1.125630802;23.99962519;23.99613493;23.99967442
Zhao'25 MMSE-MW-Safe,2,17,413.2862162162162,25.793513513513513,24.679243243243242,38.0,77.0,61.92072072072072,0.04412162162162162,0.01988738738738739,0.13511261261261262,0.03486486486486486,0.8458879336256757,21.0,180.0,0.4947747747747748,5492,11100,0.22018420532468,0.40004163137426285,23.99969593772199,0.4064864864864865,True,True,0.6058267012;0.4606290406;0.8627452041;0.95;0.8920394043;0.9329954481;0.2434414901;0.2237143759;0.7874097494;0.2072792387;0.95;0.5223938409,0.772389876;1.022513998;0.4598691245;0.2139841101;0.4237308779;0.3673358894;1.861711545;2.021113381;0.5472165522;2.179902851;0.241873434;0.9032962107,6.13972973;6.985405405;4.055135135;3.714594595;4.145135135;4.021081081;20.52837838;25.79351351;5.543243243;23.76756757;3.524594595;6.945675676,0.2302556847;0.3645124226;0.1088771225;0.04748133903;0.1007792358;0.08279949506;0.3995132342;0.3998527013;0.1443468527;0.4000416314;0.05321215548;0.3105385892,0.1510810811;0.1359459459;0.1805405405;0.1832432432;0.1802702703;0.1791891892;0.04459459459;0.03486486486;0.1632432432;0.03864864865;0.1891891892;0.1405405405,5.84779752;17.12044794;0.5796073736;0.2139841101;0.4711926338;0.3673358894;23.99944623;23.99735446;1.261031731;23.99969594;0.241873434;14.20877495
Zhao'25 MMSE-MW-Safe,2,18,322.12432432432433,19.524864864864863,17.749256756756754,27.0,51.0,42.23963963963964,0.02168918918918919,0.004752252252252252,0.15218468468468468,0.045675675675675674,0.8701153093553237,17.599999999999454,113.0,0.4463963963963964,4955,11100,0.19660079970159652,0.40029548449997227,23.999694131876876,0.4064864864864865,True,True,0.95;0.2298402862;0.2514208534;0.95;0.8064515181;0.2889292384;0.86964094;0.95;0.4229897239;0.9113191376;0.93510967;0.8418183031,0.2641897105;1.968390267;1.804941085;0.3377909827;0.5254308787;1.582364629;0.451552802;0.2372894534;1.10910177;0.3983676074;0.3641087485;0.4846132827,3.554324324;19.52486486;16.29648649;3.482432432;4.36027027;12.5627027;4.50027027;3.457837838;7.915405405;3.635945946;4.107567568;4.530540541,0.06176327015;0.4000620219;0.4000139701;0.07897005406;0.1377480952;0.4002954845;0.1148408613;0.05541029398;0.3992766373;0.09711556268;0.08758291517;0.1261304301,0.1975675676;0.04567567568;0.05108108108;0.1967567568;0.1813513514;0.06783783784;0.1813513514;0.197027027;0.1335135135;0.1991891892;0.1889189189;0.1859459459,0.2641897105;23.99962611;23.99969413;0.3377909827;0.776292636;23.99915506;0.554658406;0.2372894534;23.99004008;0.3983676074;0.3641087485;0.6538398482
Zhao'25 MMSE-MW-Safe,2,19,515.2064864864865,29.315135135135137,26.235878378378377,37.0,81.0,62.38243243243243,0.043243243243243246,0.020675675675675676,0.09148648648648648,0.03135135135135135,0.9015196815081156,28.0,164.0,0.3627027027027027,4026,11100,0.3017642644996507,0.4000797943416391,23.999733324682495,0.4064864864864865,True,True,0.8339118425;0.4218873338;0.3658373363;0.3670076204;0.481511622;0.1930715746;0.2120595117;0.3057773787;0.5446939528;0.4653449839;0.3623629999;0.8770434254,0.4938172966;1.111838862;1.270411673;1.266646367;0.9794527448;2.342239302;2.1308523;1.500722279;0.8655191693;1.012509865;1.281724896;0.4425090154,5.502432432;9.00972973;10.04972973;9.181621622;8.755945946;29.31513514;23.71648649;12.48648649;8.162162162;8.815675676;10.17513514;4.986216216,0.09315796568;0.3197287971;0.3866171739;0.3769128785;0.2615403546;0.4000797943;0.3996787827;0.399111006;0.2271403009;0.280766249;0.3959490692;0.08048880199,0.1337837838;0.09783783784;0.08918918919;0.09108108108;0.1018918919;0.03135135135;0.04162162162;0.07216216216;0.1067567568;0.1035135135;0.09054054054;0.1381081081,0.6814518897;21.75365874;23.99845754;23.99780769;13.68631862;23.99874953;23.99973332;23.9986979;8.437979232;12.48772689;23.99220613;0.5275270463
Zhao'25 MMSE-MW-Safe,4,0,389.4610810810811,18.84864864864865,18.180027027027027,32.0,59.0,47.71936936936937,0.029684684684684683,0.009054054054054054,0.1398423423423423,0.047027027027027025,0.8532362426026202,22.0,99.0,0.5512612612612613,6119,11100,0.22409856016616947,0.40049382517081894,23.99998220044723,0.4064864864864865,True,True,0.95;0.2315765095;0.95;0.8081176242;0.6281327393;0.795200025;0.3394136806;0.9476946562;0.5005847781;0.95;0.23436609;0.2528380647,0.3369544871;1.95400716;0.2191119648;0.5235225351;0.7414402559;0.5383055036;1.361973486;0.3438720469;0.9427001774;0.2738400263;1.931388168;1.795260579,3.712162162;18.84864865;4.184864865;4.827027027;6.585945946;5.086216216;10.80135135;4.058108108;7.745135135;3.425945946;17.63297297;17.40783784,0.07631563789;0.3997793027;0.0499219963;0.1332860076;0.2202277949;0.1390865031;0.4004938252;0.07927644756;0.3286711429;0.06246513032;0.3998495505;0.399809383,0.1905405405;0.04702702703;0.1845945946;0.1845945946;0.1556756757;0.177027027;0.09675675676;0.1886486486;0.1483783784;0.2010810811;0.04972972973;0.05405405405,0.3369544871;23.99862288;0.2191119648;0.8940901405;5.053125886;0.8149165108;23.99852393;0.3438720469;11.47880781;0.2738400263;23.99930207;23.9999822
Zhao'25 MMSE-MW-Safe,4,1,515.9762162162162,25.97972972972973,23.312229729729726,43.0,76.0,62.001801801801804,0.056914414414414416,0.019594594594594596,0.11813063063063062,0.032972972972972976,0.7359531261152312,30.0,129.0,0.7326126126126126,8132,11100,0.28477626974920295,0.400252706018564,23.999982002114287,0.4064864864864865,True,True,0.5605092249;0.2181252996;0.2316669551;0.3707979081;0.95;0.95;0.2020086086;0.95;0.325972712;0.8362721814;0.2993435181;0.2334007936,0.8400796556;2.072097608;1.953264399;1.254604531;0.2976063768;0.2276934429;2.237061952;0.2579608484;1.414030367;0.4910760745;1.530799061;1.939147999,7.002702703;21.12972973;17.45;10.44972973;3.313783784;3.461891892;25.97972973;3.312432432;11.30783784;5.075945946;13.63756757;20.53702703,0.2913032968;0.3998588358;0.4001552471;0.3997780384;0.07231030614;0.05520027522;0.400252706;0.06323526743;0.399368036;0.1363067915;0.3996626736;0.399883763,0.1516216216;0.04027027027;0.04891891892;0.1064864865;0.2110810811;0.2116216216;0.03297297297;0.2135135135;0.08621621622;0.1959459459;0.07135135135;0.04756756757,6.961911735;23.99874277;23.99994003;23.999982;0.2976063768;0.2276934429;23.99943658;0.2579608484;23.99846212;0.8553803727;23.99968316;23.99915543
Zhao'25 MMSE-MW-Safe,4,2,415.6556756756757,23.24054054054054,21.34274324324324,34.0,62.0,51.322522522522526,0.03412162162162162,0.010990990990990991,0.1299324324324324,0.03648648648648649,0.8587131254816516,23.0,159.0,0.5558558558558558,6170,11100,0.24419828536043864,0.40065017049954454,23.999999335120354,0.4064864864864865,True,True,0.2983974043;0.4720337023;0.7619171253;0.95;0.6042558466;0.7527600943;0.6803453125;0.2438339011;0.7053294905;0.1925045361;0.95;0.2931742638,1.535332493;0.9986066978;0.5764720931;0.328976203;0.7746227687;0.5870535051;0.6736618433;1.858825842;0.6430324214;2.34929577;0.2710575607;1.560894842,13.33864865;6.444324324;5.146756757;3.917837838;6.650540541;5.748648649;5.382702703;19.79;6.056216216;23.24054054;4.012972973;13.08,0.4000163576;0.3238724425;0.1422483841;0.07175237724;0.2242218879;0.1531099007;0.1820707685;0.3998987487;0.1729235836;0.4006501705;0.05926636935;0.4003484337,0.06945945946;0.1540540541;0.167027027;0.1818918919;0.1440540541;0.1648648649;0.1748648649;0.04783783784;0.1562162162;0.03648648649;0.1832432432;0.07918918919,23.99896939;7.944267911;0.9294162793;0.328976203;3.695473224;0.9611605154;1.810280277;23.97848257;1.630324214;23.99999934;0.2710575607;23.9997206
Zhao'25 MMSE-MW-Safe,4,3,502.6897297297297,19.16891891891892,18.790310810810812,38.0,61.0,53.05045045045045,0.043018018018018016,0.010157657657657658,0.10315315315315315,0.04216216216216216,0.7517621059488423,32.0,156.0,0.7113513513513513,7896,11100,0.32192191731587183,0.40422919316426464,23.999956741605637,0.4064864864864865,True,True,0.2469621281;0.8215561338;0.8932287906;0.3220866759;0.225348274;0.2465631425;0.4834834838;0.2778755806;0.2645088005;0.3014458345;0.9387067142;0.2969367479,1.836175919;0.5080937316;0.4222105672;1.429873819;2.006740312;1.839030251;0.9755450403;1.641436133;1.719737046;1.520828652;0.3585144156;1.542388958,15.71972973;4.778378378;3.630810811;10.57486486;19.16891892;18.48054054;7.551621622;12.42432432;17.63810811;13.24918919;3.7;12.92135135,0.399988592;0.1319670476;0.1015587581;0.4042291932;0.4002633378;0.3996163031;0.3406497816;0.4001555113;0.4001874585;0.4003478668;0.08391175241;0.4001874054,0.05432432432;0.1832432432;0.2035135135;0.08486486486;0.04216216216;0.05081081081;0.1505405405;0.06918918919;0.05459459459;0.07459459459;0.1978378378;0.07216216216,23.99954416;0.8323749262;0.4444211345;23.99820303;23.99955093;23.99995674;15.25497722;23.99976003;23.99884008;23.9995506;0.3585144156;23.99913671
Zhao'25 MMSE-MW-Safe,4,4,479.1545945945946,22.217297297297296,20.210986486486483,34.0,61.0,50.641891891891895,0.032004504504504504,0.010202702702702703,0.09896396396396397,0.03810810810810811,0.9077040741296547,29.0,172.0,0.39306306306306305,4363,11100,0.2897877044055966,0.4017939470408998,23.999153133487248,0.4064864864864865,True,True,0.662118963;0.6741961796;0.3640876;0.2460798207;0.2372011855;0.4128728207;0.5024050881;0.4159209977;0.2309431598;0.4380235493;0.7287104513;0.5641011845,0.6966749552;0.6813572012;1.27608378;1.842501298;1.908996959;1.13470463;0.9393093506;1.126874486;1.959226317;1.072981387;0.6151471375;0.8344446437,6.843513514;7.190540541;9.325135135;16.02972973;18.56945946;9.249459459;9.312972973;8.763243243;22.2172973;9.286756757;6.31027027;7.412972973,0.1549631049;0.1552389515;0.401793947;0.3993746056;0.4008893614;0.3422514507;0.2447281659;0.3356258605;0.3992585522;0.3076846627;0.1295134108;0.2061303796,0.1243243243;0.127027027;0.1075675676;0.05054054054;0.05135135135;0.1097297297;0.107027027;0.1135135135;0.03810810811;0.1021621622;0.1318918919;0.1243243243,1.586699821;2.827144024;23.96249399;23.99849541;23.99835834;18.71054817;7.082733765;16.21870376;23.99915313;14.55714382;1.475735687;3.316669655
Zhao'25 MMSE-MW-Safe,4,5,418.85513513513513,17.156216216216215,17.154135135135135,31.0,55.0,45.83783783783784,0.02421171171171171,0.00722972972972973,0.1195045045045045,0.05027027027027027,0.873935054430896,25.0,139.0,0.5054954954954956,5611,11100,0.2651701294792203,0.4039386284722264,23.99980549347705,0.4064864864864865,True,True,0.9411489522;0.4821824971;0.3825098869;0.7544254172;0.3523107703;0.8677360717;0.95;0.2189202535;0.8265150398;0.3376263363;0.2625732011;0.2699141276,0.3546353857;0.9781203331;1.218803669;0.5851252029;1.315645181;0.4538598372;0.2241414152;2.064668323;0.5023771293;1.368663091;1.731770293;1.687095206,4.251891892;7.108918919;10.04891892;5.478648649;10.03891892;4.929459459;4.238918919;17.15621622;5.329459459;10.36432432;17.15243243;15.33108108,0.07361080437;0.3005737348;0.4028640236;0.1413789004;0.4039386285;0.09997182901;0.04579754322;0.4000992398;0.1143247413;0.3998715681;0.4001793515;0.3994311892,0.17;0.1410810811;0.107027027;0.1591891892;0.09756756757;0.1643243243;0.1737837838;0.05027027027;0.1597297297;0.09459459459;0.05756756757;0.05891891892,0.3546353857;12.94977599;23.99685808;0.9553756086;23.99469944;0.615439349;0.2241414152;23.99921978;0.7071313878;23.99978167;23.999585;23.99980549
Zhao'25 MMSE-MW-Safe,4,6,303.4775675675676,13.176486486486487,11.678108108108107,22.0,37.0,30.98198198198198,0.006689189189189189,0.0006981981981981982,0.14076576576576574,0.07135135135135136,0.9524207298245528,19.0,73.0,0.12711711711711712,1411,11100,0.18989889284336114,0.4029187803486295,23.997738619402803,0.4064864864864865,True,True,0.6600953202;0.4082536129;0.95;0.8542797728;0.5796663152;0.95;0.7238759829;0.298421524;0.95;0.3698913443;0.95;0.5870736138,0.6992694381;1.146768836;0.2551559305;0.4699577518;0.8105930222;0.2156180293;0.6208604762;1.535216558;0.2628816135;1.257463669;0.2571157349;0.7995478023,6.818378378;9.991891892;4.267567568;5.061621622;7.094594595;4.028378378;5.62972973;13.17648649;3.869459459;10.45216216;4.080810811;6.92972973,0.1793531613;0.4029187803;0.05054845867;0.1027556273;0.2260897294;0.04312360586;0.1498455149;0.3999861519;0.05278946995;0.3983101134;0.05135365623;0.2217124446,0.1364864865;0.1124324324;0.17;0.1608108108;0.1351351351;0.1681081081;0.1537837838;0.07135135135;0.1735135135;0.09594594595;0.1716216216;0.14,3.283197077;23.9958103;0.2551559305;0.6098732553;5.433046489;0.2156180293;1.283441905;23.99773862;0.2628816135;23.99748554;0.2571157349;3.594573628
Zhao'25 MMSE-MW-Safe,4,7,366.9191891891892,24.50891891891892,20.606891891891888,32.0,65.0,50.66981981981982,0.029774774774774776,0.012139639639639639,0.14887387387387388,0.03432432432432433,0.861765698095678,19.0,128.0,0.500990990990991,5561,11100,0.2042484715846702,0.40529516565070095,23.999990205332004,0.4064864864864865,True,True,0.95;0.8194645516;0.5139536145;0.1957148488;0.2668165055;0.95;0.9166527097;0.2817874583;0.4060368001;0.95;0.95;0.8957240492,0.2129344738;0.5105004868;0.9182376412;2.309972111;1.705631049;0.2143947682;0.3910280632;1.619983796;1.152645744;0.2643493157;0.2202876177;0.4190042049,3.678918919;4.09972973;7.498918919;24.50891892;17.41432432;3.768648649;4.254864865;14.21027027;8.600810811;3.804324324;3.713513514;4.251351351,0.04914757855;0.1287289065;0.313689832;0.3995627435;0.3996708431;0.04942668575;0.09395241844;0.3997419475;0.4052951657;0.06065745108;0.05054707769;0.1005610092,0.1937837838;0.1954054054;0.1427027027;0.03432432432;0.05594594595;0.1935135135;0.1943243243;0.06945945946;0.1278378378;0.192972973;0.1962162162;0.19,0.2129344738;0.6210009736;13.77602083;23.99909524;23.99999021;0.2143947682;0.3910280632;23.99935185;23.99928382;0.2643493157;0.2202876177;0.4380084099
Zhao'25 MMSE-MW-Safe,4,8,398.7272972972973,23.172162162162163,20.459175675675674,32.0,57.0,47.88873873873874,0.02813063063063063,0.00813063063063063,0.13272522522522523,0.03594594594594595,0.8509424714752836,23.0,137.0,0.5490090090090091,6094,11100,0.24164231203326306,0.40038784485298023,23.99983732510911,0.4064864864864865,True,True,0.924502767;0.7675714746;0.2938168902;0.223720696;0.8564804989;0.95;0.4732619221;0.198994158;0.3554966144;0.365156396;0.95;0.8950142286,0.3798996382;0.5699618165;1.557699888;2.021057334;0.4673466129;0.2347890628;0.9960890923;2.271318822;1.304697623;1.272612991;0.2590903055;0.4199186836,4.316486486;5.661351351;12.78324324;18.23945946;4.371891892;3.892972973;7.758378378;23.17216216;10.42864865;8.796486486;3.631891892;4.39972973,0.08593945869;0.1497305096;0.3999499713;0.4003878449;0.1109000881;0.05171705033;0.3470159027;0.3996293386;0.3998721903;0.3993253195;0.05706989161;0.09817017874,0.1816216216;0.1686486486;0.07054054054;0.0472972973;0.1818918919;0.1867567568;0.1418918919;0.03594594595;0.09864864865;0.1081081081;0.1889189189;0.1824324324,0.3798996382;1.249809083;23.99969122;23.98260599;0.6020398386;0.2347890628;18.47930557;23.99910349;23.99983733;23.99970094;0.2590903055;0.4597560509
Zhao'25 MMSE-MW-Safe,4,9,510.5872972972973,26.832162162162163,25.034256756756754,43.0,81.0,64.75360360360361,0.05617117117117117,0.02412162162162162,0.11988738738738737,0.033243243243243244,0.790348063750619,26.300000000000182,132.0,0.6842342342342342,7595,11100,0.2671934035366281,0.4002668397430444,23.999504403700932,0.4064864864864865,True,True,0.3257577326;0.6871221964;0.2523803769;0.1963495047;0.5437054116;0.2493362779;0.95;0.4363495231;0.95;0.6652629851;0.95;0.2127973752,1.414897118;0.6652565043;1.798374164;2.302374716;0.8671448273;1.819394726;0.209506079;1.076896197;0.2790122724;0.6926602831;0.247425482;2.123503268,12.40432432;5.703513514;18.88648649;26.83216216;7.245135135;18.58756757;3.634594595;7.578108108;3.908918919;6.133513514;3.511891892;23.56324324,0.3999952392;0.1886092089;0.4000167398;0.4001153899;0.2760801639;0.4002668397;0.04728042593;0.3772047219;0.06281546564;0.1988122218;0.05510232355;0.4000221022,0.08162162162;0.1702702703;0.05;0.03324324324;0.1402702703;0.04891891892;0.1916216216;0.1408108108;0.19;0.1578378378;0.1943243243;0.03972972973,23.9995044;2.509360573;23.9969037;23.99949363;5.941462064;23.99928272;0.209506079;20.98203489;0.2790122724;1.697243963;0.247425482;23.9988499
Zhao'25 MMSE-MW-Safe,4,10,583.8743243243243,34.4,28.692040540540532,46.0,108.0,74.28468468468469,0.06252252252252252,0.02759009009009009,0.09522522522522524,0.03432432432432433,0.8302875186624427,32.0,358.0,0.648918918918919,7203,11100,0.31504829851441135,0.40386148396698146,23.99982707299075,0.4064864864864865,True,True,0.2210551088;0.5230742899;0.4621770162;0.8877431859;0.3493760462;0.4491418585;0.5565464418;0.34857734;0.2223217792;0.6900300697;0.2104662511;0.2177243916,2.045012567;0.9021077578;1.019211399;0.4291816563;1.325898395;1.047619095;0.8463561798;1.328717478;2.03354937;0.6616731043;2.146920017;2.075867389,16.83324324;8.541081081;8.492432432;4.508918919;10.66378378;8.62972973;7.563783784;12.30297297;24.02189189;6.709189189;20.35972973;34.4,0.3990538035;0.2603921852;0.3118235956;0.08722827177;0.403861484;0.3213642358;0.2342347914;0.4032837103;0.4001145788;0.1582650533;0.4003715707;0.4005863016,0.04567567568;0.1148648649;0.1251351351;0.167027027;0.09918918919;0.117027027;0.1297297297;0.0872972973;0.03945945946;0.1402702703;0.0427027027;0.03432432432,23.99982707;10.56112498;16.03397617;0.5459082815;23.99950738;14.38095375;5.095342698;23.99935127;23.99801714;1.708365522;23.99932792;23.99722662
Zhao'25 MMSE-MW-Safe,4,11,441.0418918918919,24.04216216216216,20.888283783783777,33.0,64.0,51.27117117117117,0.029391891891891894,0.011463963963963963,0.10925675675675674,0.039729729729729726,0.904679496613132,27.0,162.0,0.3673873873873874,4078,11100,0.2655907180173246,0.3999248429294956,23.999648824899353,0.4064864864864865,True,True,0.95;0.2935060875;0.6227889451;0.4312530983;0.6153269509;0.4183303984;0.9434799305;0.4987828682;0.6260188518;0.4351735249;0.2492611008;0.2092716103,0.3358641596;1.559243329;0.7487311135;1.088976442;0.7590395275;1.120756955;0.3508668233;0.9460759936;0.7443154627;1.079661914;1.819920828;2.159149808,4.460810811;12.25324324;6.564324324;9.272702703;7.857027027;10.1172973;4.984054054;9.391351351;7.297567568;9.362702703;18.30783784;24.04216216,0.0614540638;0.3999248429;0.1782789489;0.3337565637;0.1903753193;0.3525840798;0.06524226337;0.2863797602;0.1818543725;0.3376131986;0.3998907116;0.3997344915,0.1567567568;0.07378378378;0.1383783784;0.1113513514;0.1245945946;0.1048648649;0.1464864865;0.1159459459;0.1343243243;0.1151351351;0.04972972973;0.03972972973,0.3358641596;23.99964882;1.692386681;15.18031683;6.730225352;18.66422255;0.3508668233;15.80481176;4.597678329;17.18985743;23.99879967;23.99802303
Zhao'25 MMSE-MW-Safe,4,12,445.6127027027027,18.23,17.466094594594594,31.0,53.0,44.5045045045045,0.025247747747747747,0.00545045045045045,0.10243243243243243,0.044054054054054055,0.9153208762311779,27.0,86.0,0.2951351351351351,3276,11100,0.28936673489522696,0.4025691922369761,23.99940523799803,0.4064864864864865,True,True,0.2277146089;0.9318683167;0.4490225566;0.364868936;0.3264467419;0.2532754659;0.5108922966;0.7249468559;0.885090931;0.3371942215;0.4510893652;0.3770521179,1.986329388;0.369039043;1.047885528;1.273544601;1.412123145;1.792296255;0.9237509324;0.6195927545;0.4325165816;1.370290719;1.043286736;1.235229773,18.23;4.580540541;9.963513514;10.06135135;11.14054054;16.84108108;7.772162162;5.594324324;5.38027027;12.07972973;9.218378378;9.412432432,0.3999501065;0.06383378041;0.3109671109;0.3868821978;0.401882614;0.3996336243;0.2426718666;0.1260954984;0.07832057019;0.4025691922;0.2853530208;0.3742412365,0.04405405405;0.1467567568;0.1110810811;0.09702702703;0.08972972973;0.05081081081;0.1194594595;0.1375675676;0.1397297297;0.08216216216;0.1062162162;0.1045945946,23.99860142;0.369039043;23.80273431;23.98615031;23.99569272;23.99940524;6.103765851;1.058778264;0.4650331633;23.99617556;14.3583225;23.99124908
Zhao'25 MMSE-MW-Safe,4,13,322.2218918918919,21.498918918918918,15.116243243243234,24.0,52.0,39.968468468468465,0.017027027027027027,0.006734234234234234,0.14623873873873874,0.044864864864864865,0.9300437148054564,19.0,100.0,0.2327927927927928,2584,11100,0.1929520022036726,0.40223142970503634,23.999669441240655,0.4064864864864865,True,True,0.931036637;0.7159624459;0.6775674106;0.3509019354;0.95;0.7562371291;0.2357345475;0.5713184825;0.95;0.8385292043;0.9458583108;0.3749843981,0.3702883284;0.6302691506;0.6771299559;1.320546841;0.2764601871;0.5830294735;1.920506701;0.8232731646;0.2265612916;0.488449848;0.3469497415;1.241568686,4.908378378;5.78972973;6.305135135;9.894054054;4.19;5.17;21.49891892;7.822162162;3.729459459;4.648918919;3.869189189;9.408918919,0.08176366604;0.1636996362;0.1837401286;0.4022314297;0.05895326693;0.1421331311;0.400192072;0.2496520245;0.04788403514;0.112343465;0.07351583711;0.3993153342,0.17;0.1564864865;0.1551351351;0.09756756757;0.1786486486;0.1645945946;0.04486486486;0.1421621622;0.1840540541;0.1718918919;0.1794594595;0.11,0.3702883284;1.090807452;1.785649779;23.9993552;0.2764601871;1.132117894;23.99966944;14.81020456;0.2265612916;0.5768996961;0.3469497415;23.99924108
Zhao'25 MMSE-MW-Safe,4,14,456.2237837837838,22.994054054054054,19.22402702702702,33.0,59.0,48.376126126126124,0.030405405405405407,0.008851351351351351,0.10427927927927928,0.03864864864864865,0.9022820261315766,28.0,118.0,0.42954954954954955,4768,11100,0.284691304511861,0.40426033731039696,23.999842249024383,0.4064864864864865,True,True,0.3969158517;0.64914127;0.685168137;0.2123384503;0.8391928019;0.2547057577;0.6450583303;0.3536782427;0.3495021855;0.2638904463;0.8142278578;0.4332858251,1.177446822;0.7134614509;0.6676722331;2.128067317;0.4876767217;1.782678959;0.7188179662;1.310923092;1.325454306;1.723560971;0.5165166625;1.084128614,9.475945946;6.831621622;7.241891892;22.99405405;5.268918919;16.13945946;7.67972973;11.11081081;10.06216216;14.10135135;5.351891892;8.878378378,0.3821928737;0.1733518498;0.1555495851;0.3997315635;0.09793075791;0.4003800582;0.1746533383;0.4042603373;0.3979945228;0.4001456416;0.1042805262;0.3258245997,0.1102702703;0.1378378378;0.1262162162;0.03864864865;0.1481081081;0.05567567568;0.1224324324;0.09513513514;0.09648648649;0.06297297297;0.1448648649;0.1127027027,23.74808805;1.394230156;1.473705632;23.9997275;0.6630301652;23.99813484;2.463451526;23.99969591;23.99984225;23.99858093;0.633033325;18.7445015
Zhao'25 MMSE-MW-Safe,4,15,441.9156756756757,32.37216216216216,24.611513513513504,37.0,78.0,61.4445945945946,0.04306306306306306,0.018941441441441442,0.13094594594594594,0.02810810810810811,0.8654683155388277,22.0,171.0,0.5003603603603604,5554,11100,0.2392565984719857,0.4001005729555505,23.999174838051445,0.4064864864864865,True,True,0.95;0.6682774533;0.3936552323;0.8783623152;0.2542081145;0.6112416568;0.1961261937;0.2603661895;0.4858854259;0.9440218225;0.777121657;0.6438927182,0.2609434761;0.6888292002;1.186565108;0.4408835581;1.786011998;0.7647485898;2.305041448;1.74572184;0.9708198352;0.349980936;0.5589976316;0.7203540735,3.651351351;5.797027027;9.185675676;4.667027027;18.26189189;6.061891892;32.37216216;16.28810811;7.024054054;4.096756757;5.26;6.96,0.05458655418;0.185797714;0.3986217376;0.09878174855;0.3996805229;0.2137162275;0.3999558404;0.400100573;0.3014789164;0.07368517545;0.1386918448;0.205982327,0.1837837838;0.1627027027;0.1218918919;0.172972973;0.05189189189;0.1556756757;0.02810810811;0.05945945946;0.1410810811;0.172972973;0.17;0.1508108108,0.2609434761;2.088292002;23.99764995;0.5226506742;23.99886307;2.847485898;23.99896785;23.99917484;6.903937199;0.349980936;0.8769928948;3.84601925
Zhao'25 MMSE-MW-Safe,4,16,508.46783783783786,24.524864864864863,23.892513513513514,41.0,77.0,62.02882882882883,0.051981981981981985,0.019144144144144143,0.12198198198198197,0.03648648648648649,0.7972141884014674,26.0,161.0,0.6921621621621622,7683,11100,0.2749068139257873,0.40292201251348414,23.999796937625273,0.4064864864864865,True,True,0.3932789834;0.7735119064;0.901603995;0.8416273572;0.2260479039;0.7045979448;0.6624829137;0.1982197585;0.7522839954;0.3841282698;0.2247729528;0.2144342016,1.187626136;0.5631378354;0.4113518347;0.4848363331;2.00065631;0.6439160289;0.6962092138;2.280313362;0.5876051337;1.214015836;2.011774821;2.107404393,8.885405405;5.810540541;4.24027027;4.263513514;16.92297297;4.812702703;5.901351351;24.52486486;5.007027027;8.573513514;23.37513514;21.92243243,0.401546026;0.1500686232;0.0972791501;0.1174090147;0.400131262;0.1742053905;0.2020888367;0.4005955906;0.1526185226;0.4029220125;0.4001800724;0.3998372659,0.1189189189;0.1689189189;0.1891891892;0.182972973;0.04945945946;0.1802702703;0.1640540541;0.03648648649;0.1791891892;0.1172972973;0.03702702703;0.04,23.99894078;1.215689177;0.4340555041;0.6545089994;23.99969286;1.307412202;2.250719779;23.99979694;0.9628154011;23.99962519;23.99613493;23.99967442
Zhao'25 MMSE-MW-Safe,4,17,411.15,25.23675675675676,24.519527027027028,37.0,77.0,61.45495495495496,0.042612612612612615,0.019864864864864863,0.1431981981981982,0.03594594594594595,0.8428633384291918,20.0,180.0,0.544054054054054,6039,11100,0.21897874447665455,0.40004163137426285,23.999695937721988,0.4064864864864865,True,True,0.6058267012;0.4606290406;0.8627452041;0.95;0.8920394043;0.9329954481;0.2434414901;0.2237143759;0.7874097494;0.2072792387;0.95;0.5223938409,0.772389876;1.022513998;0.4598691245;0.2139841101;0.4237308779;0.3673358894;1.861711545;2.021113381;0.5472165522;2.179902851;0.241873434;0.9032962107,6.129189189;7.036216216;3.990810811;3.598918919;4.197837838;4.008378378;20.47972973;25.23675676;5.108648649;23.9327027;3.590540541;7.032702703,0.2310907007;0.3534582172;0.1111143236;0.04886934407;0.1008937577;0.08418941464;0.3995132342;0.3998527013;0.1434594745;0.4000416314;0.05497717784;0.3002849565,0.1640540541;0.1491891892;0.1913513514;0.1975675676;0.182972973;0.1910810811;0.04432432432;0.03594594595;0.1783783784;0.03891891892;0.1964864865;0.1481081081,3.32389876;13.83039195;0.5796073736;0.2139841101;0.4474617559;0.3673358894;23.99944623;23.99735446;1.136082761;23.99969594;0.241873434;10.4922939
Zhao'25 MMSE-MW-Safe,4,18,319.77486486486487,19.407297297297298,17.7567027027027,27.0,51.0,41.825675675675676,0.020900900900900903,0.004527027027027027,0.15752252252252252,0.047027027027027025,0.8703871437030964,18.0,106.0,0.4788288288288288,5315,11100,0.19677309634209517,0.40287372411210176,23.99969413187687,0.4064864864864865,True,True,0.95;0.2298402862;0.2514208534;0.95;0.8064515181;0.2889292384;0.86964094;0.95;0.4229897239;0.9113191376;0.93510967;0.8418183031,0.2641897105;1.968390267;1.804941085;0.3377909827;0.5254308787;1.582364629;0.451552802;0.2372894534;1.10910177;0.3983676074;0.3641087485;0.4846132827,3.645675676;19.4072973;16.40621622;3.513513514;4.398378378;12.56108108;4.478918919;3.621081081;7.48027027;3.609459459;4.048918919;4.70027027,0.0619060754;0.4000620219;0.4000139701;0.07915264379;0.1381741203;0.4002954845;0.1136204483;0.05534616169;0.4028737241;0.09657722807;0.08777973071;0.1254755473,0.2002702703;0.04702702703;0.05189189189;0.2018918919;0.1972972973;0.07027027027;0.1886486486;0.1962162162;0.14;0.2051351351;0.1981081081;0.1935135135,0.2641897105;23.99962611;23.99969413;0.3377909827;1.027154393;23.99910488;0.554658406;0.2372894534;23.98932324;0.3983676074;0.3641087485;0.8230664136
Zhao'25 MMSE-MW-Safe,4,19,509.8462162162162,29.49054054054054,26.954445945945942,36.0,81.0,62.07927927927928,0.04132882882882883,0.020923423423423425,0.09898648648648649,0.03054054054054054,0.8965271361091292,28.0,164.0,0.38117117117117116,4231,11100,0.3019904921418978,0.4000797943416391,23.99974570125335,0.4064864864864865,True,True,0.8339118425;0.4218873338;0.3658373363;0.3670076204;0.481511622;0.1930715746;0.2120595117;0.3057773787;0.5446939528;0.4653449839;0.3623629999;0.8770434254,0.4938172966;1.111838862;1.270411673;1.266646367;0.9794527448;2.342239302;2.1308523;1.500722279;0.8655191693;1.012509865;1.281724896;0.4425090154,5.857567568;8.658108108;10.30702703;8.910540541;8.441351351;29.49054054;24.87945946;11.65918919;7.938108108;7.826486486;9.861891892;4.901351351,0.09342489395;0.3182263122;0.388677301;0.3851289631;0.264981675;0.4000797943;0.3991028767;0.3995166067;0.2236314394;0.2736513148;0.3973347177;0.0801300109,0.1337837838;0.1108108108;0.09243243243;0.1075675676;0.1154054054;0.03054054054;0.04;0.07648648649;0.1189189189;0.1205405405;0.09459459459;0.1467567568,0.5876345931;16.95516587;23.99845754;23.99841666;9.398657048;23.99874953;23.99973332;23.9997457;4.248306709;6.4126677;23.92731489;0.5700360617
Zhao'25 MMSE-MW-Safe,8,0,393.08864864864864,18.755675675675676,18.659797297297295,33.0,60.0,49.054054054054056,0.03177927927927928,0.00972972972972973,0.14319819819819818,0.047027027027027025,0.8484080031766896,21.0,112.0,0.6707207207207208,7445,11100,0.22320578828777463,0.4002945885940433,23.99998220044722,0.4064864864864865,True,True,0.95;0.2315765095;0.95;0.8081176242;0.6281327393;0.795200025;0.3394136806;0.9476946562;0.5005847781;0.95;0.23436609;0.2528380647,0.3369544871;1.95400716;0.2191119648;0.5235225351;0.7414402559;0.5383055036;1.361973486;0.3438720469;0.9427001774;0.2738400263;1.931388168;1.795260579,3.693243243;18.75567568;4.045135135;4.641891892;6.607837838;5.077567568;11.07891892;3.841351351;7.819459459;3.338918919;18.58135135;17.70027027,0.07822808228;0.3997793027;0.05104716585;0.1328615299;0.2170215668;0.1389410151;0.3997576233;0.08104227699;0.316441519;0.0632052385;0.3998495505;0.4002945886,0.1964864865;0.04972972973;0.1908108108;0.1897297297;0.1632432432;0.1821621622;0.0927027027;0.197027027;0.1510810811;0.202972973;0.04702702703;0.05540540541,0.3369544871;23.99867769;0.2191119648;0.6470450703;2.145924607;0.6766110072;23.99973208;0.3438720469;6.510204613;0.2738400263;23.99930207;23.9999822
Zhao'25 MMSE-MW-Safe,8,1,516.2354054054055,25.776216216216216,23.21455405405405,43.0,75.0,61.41981981981982,0.05644144144144144,0.01912162162162162,0.11950450450450449,0.03351351351351351,0.7339001282321581,29.0,129.0,0.7536936936936937,8366,11100,0.28464597827796084,0.4021516144928343,23.99996336760886,0.4064864864864865,True,True,0.5605092249;0.2181252996;0.2316669551;0.3707979081;0.95;0.95;0.2020086086;0.95;0.325972712;0.8362721814;0.2993435181;0.2334007936,0.8400796556;2.072097608;1.953264399;1.254604531;0.2976063768;0.2276934429;2.237061952;0.2579608484;1.414030367;0.4910760745;1.530799061;1.939147999,7.284594595;21.11864865;17.98;10.64378378;3.23;3.325135135;25.77621622;3.30027027;11.53756757;5.042432432;13.81459459;20.04162162,0.2878975685;0.3998588358;0.4001552471;0.4021516145;0.07271247691;0.05606181798;0.3996480947;0.06379302062;0.3997502064;0.1336523262;0.3996626736;0.400407857,0.1578378378;0.04216216216;0.04945945946;0.1035135135;0.2127027027;0.217027027;0.03351351351;0.2151351351;0.08567567568;0.1978378378;0.07243243243;0.04675675676,4.041672768;23.99953142;23.99994003;23.99955477;0.2976063768;0.2276934429;23.99943658;0.2579608484;23.99953849;0.6732282236;23.99968316;23.99996337
Zhao'25 MMSE-MW-Safe,8,2,422.93135135135134,23.882162162162164,21.886999999999997,35.0,63.0,52.19414414414415,0.03581081081081081,0.01126126126126126,0.1329954954954955,0.03486486486486486,0.8458207572497864,23.0,159.0,0.6607207207207207,7334,11100,0.24365102693266613,0.4003484337215311,23.999999667560125,0.4064864864864865,True,True,0.2983974043;0.4720337023;0.7619171253;0.95;0.6042558466;0.7527600943;0.6803453125;0.2438339011;0.7053294905;0.1925045361;0.95;0.2931742638,1.535332493;0.9986066978;0.5764720931;0.328976203;0.7746227687;0.5870535051;0.6736618433;1.858825842;0.6430324214;2.34929577;0.2710575607;1.560894842,13.36135135;6.598108108;4.911891892;3.715945946;7.019189189;5.553783784;5.8;20.25459459;6.271621622;23.88216216;3.771891892;13.37675676,0.4000163576;0.3190143559;0.1448970396;0.07361953948;0.2242218879;0.1505712909;0.1817066269;0.3998987487;0.1684049774;0.4000152257;0.06109783935;0.4003484337,0.06837837838;0.1564864865;0.1802702703;0.1910810811;0.1516216216;0.1735135135;0.1745945946;0.04540540541;0.1518918919;0.03486486486;0.192972973;0.07486486486,23.99949569;4.77492056;0.7529441862;0.328976203;1.149245537;0.7741070102;1.24197106;23.97848257;0.8860648428;23.99999967;0.2710575607;23.9997206
Zhao'25 MMSE-MW-Safe,8,3,508.46,20.242162162162163,19.038554054054053,39.0,62.0,53.8481981981982,0.04412162162162162,0.010990990990990991,0.10475225225225225,0.04243243243243243,0.7518181153409147,33.0,156.0,0.7153153153153153,7940,11100,0.32177537096240644,0.4050020979313091,23.999956741605587,0.4064864864864865,True,True,0.2469621281;0.8215561338;0.8932287906;0.3220866759;0.225348274;0.2465631425;0.4834834838;0.2778755806;0.2645088005;0.3014458345;0.9387067142;0.2969367479,1.836175919;0.5080937316;0.4222105672;1.429873819;2.006740312;1.839030251;0.9755450403;1.641436133;1.719737046;1.520828652;0.3585144156;1.542388958,15.58162162;4.840810811;3.649189189;9.784324324;20.24216216;18.05378378;7.604864865;14.30621622;17.02891892;14.07756757;3.798378378;12.69108108,0.399988592;0.1314177571;0.1021293129;0.4050020979;0.4002633378;0.3996163031;0.3366948693;0.3997118799;0.3997226647;0.4007589016;0.08497760608;0.4010211292,0.05324324324;0.1875675676;0.2021621622;0.09135135135;0.04243243243;0.05135135135;0.162972973;0.06405405405;0.05675675676;0.07351351351;0.1962162162;0.07540540541,23.99954416;0.7242811947;0.4444211345;23.99933929;23.99977546;23.99995674;6.788626007;23.99976003;23.99884008;23.99964931;0.3585144156;23.99965362
Zhao'25 MMSE-MW-Safe,8,4,478.5472972972973,22.50162162162162,20.717540540540536,35.0,60.0,50.74864864864865,0.0329054054054054,0.00990990990990991,0.10481981981981985,0.03945945945945946,0.9015307410197042,28.0,167.0,0.5052252252252252,5608,11100,0.2891770680014348,0.40037055227788215,23.999774470948466,0.4064864864864865,True,True,0.662118963;0.6741961796;0.3640876;0.2460798207;0.2372011855;0.4128728207;0.5024050881;0.4159209977;0.2309431598;0.4380235493;0.7287104513;0.5641011845,0.6966749552;0.6813572012;1.27608378;1.842501298;1.908996959;1.13470463;0.9393093506;1.126874486;1.959226317;1.072981387;0.6151471375;0.8344446437,6.676486486;6.734864865;9.394054054;15.22405405;19.25783784;9.164594595;8.377027027;8.498378378;22.50162162;10.46810811;6.254324324;7.091081081,0.1608001113;0.1550548009;0.399724622;0.4003705523;0.3998574711;0.332437789;0.2475207072;0.3283164044;0.3997880728;0.3085546476;0.1345010903;0.203198547,0.1383783784;0.1378378378;0.1137837838;0.05459459459;0.05027027027;0.112972973;0.1191891892;0.1181081081;0.03945945946;0.1035135135;0.1410810811;0.1286486486,0.9933499104;1.288143207;23.89926947;23.99849541;23.99920884;8.359387978;2.907568311;7.918113183;23.99977447;12.06242301;0.8302942749;1.703333931
Zhao'25 MMSE-MW-Safe,8,5,417.9656756756757,17.953513513513514,17.611621621621623,31.0,54.0,45.5,0.02418918918918919,0.006554054054054054,0.12240990990990992,0.046216216216216216,0.8687113091299428,26.0,139.0,0.5962162162162162,6618,11100,0.2649898161737254,0.4058286811874573,23.99980549347705,0.4064864864864865,True,True,0.9411489522;0.4821824971;0.3825098869;0.7544254172;0.3523107703;0.8677360717;0.95;0.2189202535;0.8265150398;0.3376263363;0.2625732011;0.2699141276,0.3546353857;0.9781203331;1.218803669;0.5851252029;1.315645181;0.4538598372;0.2241414152;2.064668323;0.5023771293;1.368663091;1.731770293;1.687095206,4.144864865;7.440810811;9.912432432;5.270540541;9.478918919;4.925945946;3.998108108;17.95351351;5.222702703;10.60027027;17.33189189;15.08351351,0.07437758358;0.2934360999;0.4058286812;0.1382160614;0.4057165274;0.1015664717;0.04664564587;0.4000992398;0.1137816309;0.4006113859;0.3997113055;0.3998871609,0.1743243243;0.1383783784;0.1145945946;0.1659459459;0.1067567568;0.1718918919;0.1759459459;0.04621621622;0.1648648649;0.09378378378;0.05567567568;0.06054054054,0.3546353857;3.51556433;23.99173513;0.7702504057;23.99791629;0.5077196745;0.2241414152;23.99960989;0.6047542586;23.99978167;23.999585;23.99980549
Zhao'25 MMSE-MW-Safe,8,6,301.50594594594594,12.98054054054054,11.623229729729728,22.0,39.0,32.366216216216216,0.008513513513513513,0.0012612612612612612,0.1463063063063063,0.07324324324324324,0.9536750669954335,19.0,77.0,0.16387387387387387,1819,11100,0.1884558273009378,0.40102895380668746,23.99999244669503,0.4064864864864865,True,True,0.6600953202;0.4082536129;0.95;0.8542797728;0.5796663152;0.95;0.7238759829;0.298421524;0.95;0.3698913443;0.95;0.5870736138,0.6992694381;1.146768836;0.2551559305;0.4699577518;0.8105930222;0.2156180293;0.6208604762;1.535216558;0.2628816135;1.257463669;0.2571157349;0.7995478023,6.854594595;10.30189189;4.11027027;5.127027027;7.117297297;3.712162162;5.638108108;12.98054054;3.861621622;10.5127027;4.005405405;6.820540541,0.1787861861;0.3911411545;0.05234144629;0.1044068303;0.2201745912;0.04446393415;0.1483353138;0.3999861519;0.05435254981;0.4010289538;0.05295194324;0.2135008726,0.1443243243;0.1194594595;0.1737837838;0.1675675676;0.1389189189;0.1802702703;0.1551351351;0.07324324324;0.1772972973;0.1021621622;0.1781081081;0.1454054054,1.197077752;23.65650022;0.2551559305;0.5399155036;1.674151156;0.2156180293;0.8417209525;23.99999245;0.2628816135;23.99973122;0.2571157349;1.199095605
Zhao'25 MMSE-MW-Safe,8,7,363.84054054054053,24.342972972972973,20.399770270270263,31.0,64.0,49.82072072072072,0.02813063063063063,0.011734234234234234,0.15171171171171172,0.036216216216216214,0.866253159456866,19.0,128.0,0.617027027027027,6849,11100,0.20379103115245908,0.40529516565070095,23.999990205331997,0.4064864864864865,True,True,0.95;0.8194645516;0.5139536145;0.1957148488;0.2668165055;0.95;0.9166527097;0.2817874583;0.4060368001;0.95;0.95;0.8957240492,0.2129344738;0.5105004868;0.9182376412;2.309972111;1.705631049;0.2143947682;0.3910280632;1.619983796;1.152645744;0.2643493157;0.2202876177;0.4190042049,3.617837838;4.231081081;7.896216216;24.34297297;17.17351351;3.59;4.116486486;13.95864865;7.895405405;3.853243243;3.797837838;4.316486486,0.04926267827;0.1273491755;0.3050038003;0.4001870602;0.3996708431;0.04983229747;0.09416378496;0.400179781;0.4052951657;0.06108612565;0.05120198682;0.1022596749,0.1967567568;0.1924324324;0.1481081081;0.03621621622;0.05621621622;0.2013513514;0.1986486486;0.07351351351;0.1348648649;0.1921621622;0.1975675676;0.1927027027,0.2129344738;0.5105004868;6.128277542;23.99909524;23.99999021;0.2143947682;0.3910280632;23.99935185;23.99964417;0.2643493157;0.2202876177;0.4380084099
Zhao'25 MMSE-MW-Safe,8,8,403.4662162162162,23.865405405405404,20.831189189189185,34.0,58.0,49.29144144144144,0.03186936936936937,0.008738738738738738,0.13614864864864867,0.03486486486486486,0.8504924762817919,22.0,137.0,0.6391891891891892,7095,11100,0.24112841340695457,0.401987916168222,23.99989155007239,0.4064864864864865,True,True,0.924502767;0.7675714746;0.2938168902;0.223720696;0.8564804989;0.95;0.4732619221;0.198994158;0.3554966144;0.365156396;0.95;0.8950142286,0.3798996382;0.5699618165;1.557699888;2.021057334;0.4673466129;0.2347890628;0.9960890923;2.271318822;1.304697623;1.272612991;0.2590903055;0.4199186836,4.159189189;5.853243243;12.91432432;18.34864865;4.381621622;3.932972973;8.233783784;23.86540541;10.11540541;9.258918919;3.475135135;4.229189189,0.0872742412;0.1472658099;0.3999499713;0.3998416131;0.1115316376;0.05292272389;0.3373242251;0.3996293386;0.4019879162;0.4000132184;0.05763008686;0.09817017874,0.1867567568;0.1702702703;0.06972972973;0.04864864865;0.1848648649;0.1921621622;0.1437837838;0.03486486486;0.1075675676;0.1127027027;0.1962162162;0.1862162162,0.3798996382;0.9098854496;23.99969122;23.98269534;0.5346932257;0.2347890628;8.502227309;23.99910349;23.99989155;23.99844384;0.2590903055;0.4398373672
Zhao'25 MMSE-MW-Safe,8,9,511.67459459459457,26.333513513513513,25.193229729729726,44.0,81.0,64.90675675675676,0.05768018018018018,0.02400900900900901,0.12362612612612613,0.03567567567567568,0.7879700170361316,27.0,127.0,0.7445945945945946,8265,11100,0.2663371079365147,0.4002668397430444,23.99950440370099,0.4064864864864865,True,True,0.3257577326;0.6871221964;0.2523803769;0.1963495047;0.5437054116;0.2493362779;0.95;0.4363495231;0.95;0.6652629851;0.95;0.2127973752,1.414897118;0.6652565043;1.798374164;2.302374716;0.8671448273;1.819394726;0.209506079;1.076896197;0.2790122724;0.6926602831;0.247425482;2.123503268,12.1427027;5.576216216;19.90837838;26.33351351;7.435135135;17.81756757;3.605405405;7.69;3.867837838;6.105945946;3.442972973;24.26027027,0.3999952392;0.1848334288;0.4000167398;0.4001153899;0.2753770735;0.4002668397;0.04818639816;0.3705105023;0.06462527498;0.1952553176;0.0568409891;0.4000221022,0.08594594595;0.1764864865;0.04648648649;0.03567567568;0.1472972973;0.05216216216;0.1981081081;0.1437837838;0.1935135135;0.1645945946;0.2010810811;0.03837837838,23.9995044;0.9305130086;23.9969037;23.99949363;2.604303446;23.99928272;0.209506079;12.09101745;0.2790122724;0.9853205662;0.247425482;23.9988499
Zhao'25 MMSE-MW-Safe,8,10,571.6494594594594,34.28918918918919,28.19102702702702,45.0,105.0,72.85855855855856,0.06195945945945946,0.026283783783783782,0.10078828828828829,0.035405405405405405,0.825866128165144,31.0,353.0,0.7232432432432433,8028,11100,0.31462063719160904,0.4042198348844322,23.999913536495313,0.4064864864864865,True,True,0.2210551088;0.5230742899;0.4621770162;0.8877431859;0.3493760462;0.4491418585;0.5565464418;0.34857734;0.2223217792;0.6900300697;0.2104662511;0.2177243916,2.045012567;0.9021077578;1.019211399;0.4291816563;1.325898395;1.047619095;0.8463561798;1.328717478;2.03354937;0.6616731043;2.146920017;2.075867389,16.93783784;8.310540541;8.45;4.29972973;9.75027027;8.341351351;7.266216216;10.98135135;23.20162162;7.23027027;20.43432432;34.28918919,0.3996065096;0.2562473658;0.3098953579;0.0897801627;0.4042198349;0.3193822538;0.232633577;0.4004108077;0.4001145788;0.1621993258;0.4003715707;0.4005863016,0.04837837838;0.1259459459;0.1316216216;0.1743243243;0.1016216216;0.1302702703;0.142972973;0.09297297297;0.04054054054;0.1437837838;0.04162162162;0.03540540541,23.99991354;2.825293094;6.345805186;0.4875449689;23.99901476;6.361905517;1.524493259;23.99712316;23.99816954;1.416731043;23.99932792;23.99722662
Zhao'25 MMSE-MW-Safe,8,11,434.06243243243244,25.204864864864867,21.670297297297292,33.0,65.0,52.15945945945946,0.031171171171171172,0.012139639639639639,0.11731981981981983,0.0372972972972973,0.8937125361932473,27.0,162.0,0.4882882882882883,5420,11100,0.2640122887492052,0.4003825820546917,23.999648824899293,0.4064864864864865,True,True,0.95;0.2935060875;0.6227889451;0.4312530983;0.6153269509;0.4183303984;0.9434799305;0.4987828682;0.6260188518;0.4351735249;0.2492611008;0.2092716103,0.3358641596;1.559243329;0.7487311135;1.088976442;0.7590395275;1.120756955;0.3508668233;0.9460759936;0.7443154627;1.079661914;1.819920828;2.159149808,4.154864865;12.54891892;6.487837838;8.945945946;7.074054054;9.638918919;4.470540541;9.168648649;6.966756757;8.699459459;18.77837838;25.20486486,0.06608354276;0.3999248429;0.1851591808;0.3284588405;0.1881187153;0.3504637288;0.0694147337;0.2774303927;0.1802450418;0.3227313722;0.4003825821;0.3997344915,0.1708108108;0.0727027027;0.1483783784;0.1189189189;0.1354054054;0.1159459459;0.1624324324;0.1262162162;0.1435135135;0.1240540541;0.05216216216;0.0372972973,0.3358641596;23.99964882;1.887311135;11.1133875;1.118079055;10.09816691;0.3508668233;6.305823847;1.665892776;8.393238288;23.99879967;23.99947758
Zhao'25 MMSE-MW-Safe,8,12,450.4962162162162,19.721351351351352,18.13645945945946,32.0,55.0,46.18828828828829,0.028063063063063064,0.006441441441441442,0.10680180180180181,0.04351351351351351,0.9094060788182853,27.0,104.0,0.3691891891891892,4098,11100,0.2879593315902294,0.4049358532659144,23.999839341072043,0.4064864864864865,True,True,0.2277146089;0.9318683167;0.4490225566;0.364868936;0.3264467419;0.2532754659;0.5108922966;0.7249468559;0.885090931;0.3371942215;0.4510893652;0.3770521179,1.986329388;0.369039043;1.047885528;1.273544601;1.412123145;1.792296255;0.9237509324;0.6195927545;0.4325165816;1.370290719;1.043286736;1.235229773,19.72135135;4.394054054;10.48351351;10.31432432;11.65216216;16.83972973;7.798918919;5.418108108;5.275675676;10.80108108;9.148918919;9.895945946,0.3994132608;0.06842183338;0.2985057695;0.3906684115;0.4049358533;0.3996336243;0.2349323317;0.1292771909;0.08334711424;0.4014581457;0.2780218167;0.3668966271,0.04351351351;0.1594594595;0.1110810811;0.1035135135;0.09297297297;0.05243243243;0.1232432432;0.1451351351;0.1483783784;0.09297297297;0.1067567568;0.1021621622,23.99967826;0.369039043;10.29290927;19.91053994;23.99569272;23.99940524;2.066256527;0.6195927545;0.4650331633;23.99983934;5.406014307;19.70350159
Zhao'25 MMSE-MW-Safe,8,13,316.58405405405404,21.235675675675676,15.28229729729729,25.0,51.0,39.70315315315315,0.0165990990990991,0.006058558558558558,0.1516891891891892,0.04594594594594595,0.9320462159481193,18.0,104.0,0.30711711711711714,3409,11100,0.19238157599912784,0.40472976156655827,23.999758198755718,0.4064864864864865,True,True,0.931036637;0.7159624459;0.6775674106;0.3509019354;0.95;0.7562371291;0.2357345475;0.5713184825;0.95;0.8385292043;0.9458583108;0.3749843981,0.3702883284;0.6302691506;0.6771299559;1.320546841;0.2764601871;0.5830294735;1.920506701;0.8232731646;0.2265612916;0.488449848;0.3469497415;1.241568686,4.668378378;6.021081081;6.397027027;10.41135135;4.047027027;5.021891892;21.23567568;7.035135135;3.702702703;4.503783784;3.702972973;9.140810811,0.08286452323;0.161825863;0.1797139504;0.4047297616;0.0599993325;0.1427634332;0.400192072;0.2360791426;0.04916992355;0.1137956132;0.07510993052;0.4023353661,0.1778378378;0.1591891892;0.1621621622;0.1008108108;0.1821621622;0.1705405405;0.04594594595;0.1478378378;0.1867567568;0.18;0.1864864865;0.1205405405,0.3702883284;0.8605383013;1.231389868;23.9997582;0.2764601871;0.766058947;23.99966944;2.418916963;0.2265612916;0.5768996961;0.3469497415;23.99924108
Zhao'25 MMSE-MW-Safe,8,14,469.9156756756757,24.52,20.08982432432432,35.0,61.0,51.52612612612613,0.0363063063063063,0.010225225225225225,0.10903153153153151,0.038378378378378375,0.8988420016179344,29.0,122.0,0.5371171171171171,5962,11100,0.2838849174344274,0.40532324792558644,23.999727496281064,0.4064864864864865,True,True,0.3969158517;0.64914127;0.685168137;0.2123384503;0.8391928019;0.2547057577;0.6450583303;0.3536782427;0.3495021855;0.2638904463;0.8142278578;0.4332858251,1.177446822;0.7134614509;0.6676722331;2.128067317;0.4876767217;1.782678959;0.7188179662;1.310923092;1.325454306;1.723560971;0.5165166625;1.084128614,9.524594595;7.187027027;7.428648649;24.52;5.248378378;16.46513514;7.521081081;11.78;10.68675676;14.39864865;5.307027027;9.212702703,0.3656449725;0.1720020579;0.1564518449;0.3997315635;0.1009622619;0.399898253;0.1744590631;0.4053232479;0.3997856773;0.4001456416;0.1090268955;0.3231875301,0.1118918919;0.1386486486;0.1348648649;0.03837837838;0.1564864865;0.05810810811;0.1318918919;0.09864864865;0.1016216216;0.06540540541;0.1535135135;0.1189189189,9.481276898;1.340384353;0.9353444662;23.9997275;0.5753534435;23.99836267;1.037635932;23.99262314;23.99795929;23.99858093;0.5165166625;9.334958127
Zhao'25 MMSE-MW-Safe,8,15,443.65405405405403,31.852162162162163,24.605689189189178,37.0,79.0,61.77207207207207,0.04263513513513514,0.019256756756756758,0.13572072072072072,0.03189189189189189,0.860411822319831,22.0,179.0,0.6087387387387387,6757,11100,0.2386910344438977,0.4027907501011604,23.999778679430854,0.4064864864864865,True,True,0.95;0.6682774533;0.3936552323;0.8783623152;0.2542081145;0.6112416568;0.1961261937;0.2603661895;0.4858854259;0.9440218225;0.777121657;0.6438927182,0.2609434761;0.6888292002;1.186565108;0.4408835581;1.786011998;0.7647485898;2.305041448;1.74572184;0.9708198352;0.349980936;0.5589976316;0.7203540735,3.422702703;5.736486486;9.460810811;4.432972973;18.67675676;6.231081081;31.85216216;16.87972973;7.169189189;3.843783784;5.325945946;6.994324324,0.05677283736;0.1820743129;0.4027907501;0.1017606915;0.4001632288;0.2116493394;0.3999558404;0.400100573;0.298855079;0.07652285872;0.1364256382;0.1972212639,0.1943243243;0.1694594595;0.1254054054;0.1851351351;0.05054054054;0.16;0.03189189189;0.05783783784;0.1472972973;0.1862162162;0.1691891892;0.1513513514,0.2609434761;1.266487601;23.99654772;0.5226506742;23.99977868;1.494245769;23.99896785;23.99940721;5.303937199;0.349980936;0.8769928948;1.040708147
Zhao'25 MMSE-MW-Safe,8,16,515.7302702702702,24.877027027027026,24.38039189189189,42.0,79.0,63.43378378378378,0.05434684684684685,0.020923423423423425,0.12635135135135137,0.03513513513513514,0.7978835061331776,26.0,156.0,0.7613513513513513,8451,11100,0.2749692645471022,0.40507680639379534,23.999875062921728,0.4064864864864865,True,True,0.3932789834;0.7735119064;0.901603995;0.8416273572;0.2260479039;0.7045979448;0.6624829137;0.1982197585;0.7522839954;0.3841282698;0.2247729528;0.2144342016,1.187626136;0.5631378354;0.4113518347;0.4848363331;2.00065631;0.6439160289;0.6962092138;2.280313362;0.5876051337;1.214015836;2.011774821;2.107404393,9.417027027;5.697567568;4.148108108;4.254864865;17.05648649;4.828108108;5.900540541;24.87702703;5.027837838;8.381891892;23.97405405;22.40783784,0.4050768064;0.1493076261;0.09783503096;0.1195056043;0.400131262;0.1724650769;0.1962557324;0.4005955906;0.1542066445;0.4042344621;0.4001800724;0.3998372659,0.1189189189;0.1767567568;0.1927027027;0.1902702703;0.05108108108;0.1827027027;0.1727027027;0.03513513514;0.1845945946;0.1302702703;0.04108108108;0.04,23.99894078;0.7262756708;0.4227036694;0.5696726663;23.99969286;1.463496173;0.9924184276;23.99979694;1.150420535;23.99987506;23.99613493;23.99967442
Zhao'25 MMSE-MW-Safe,8,17,410.45540540540543,24.857027027027026,24.43545945945946,37.0,77.0,61.2490990990991,0.041666666666666664,0.019527027027027025,0.14677927927927928,0.03864864864864865,0.8427607559955634,21.0,180.0,0.6718018018018018,7457,11100,0.21814045167492147,0.40004163137426285,23.999695937721985,0.4064864864864865,True,True,0.6058267012;0.4606290406;0.8627452041;0.95;0.8920394043;0.9329954481;0.2434414901;0.2237143759;0.7874097494;0.2072792387;0.95;0.5223938409,0.772389876;1.022513998;0.4598691245;0.2139841101;0.4237308779;0.3673358894;1.861711545;2.021113381;0.5472165522;2.179902851;0.241873434;0.9032962107,5.955945946;7.117027027;4.112702703;3.56;4.122702703;3.902162162;20.67972973;24.85702703;5.023783784;24.09054054;3.637027027;6.846486486,0.2271243743;0.349036535;0.1132272358;0.04938984596;0.103871326;0.0859764541;0.4000163995;0.3998527013;0.1430157854;0.4000416314;0.05536940503;0.2907637262,0.167027027;0.1486486486;0.1937837838;0.1983783784;0.1972972973;0.1962162162;0.04405405405;0.03864864865;0.1845945946;0.03864864865;0.1964864865;0.1575675676,1.517169628;6.182737968;0.5197382491;0.2139841101;0.4474617559;0.3673358894;23.99944623;23.99966294;0.8416496567;23.99969594;0.241873434;2.839554529
Zhao'25 MMSE-MW-Safe,8,18,326.3664864864865,19.295135135135133,17.7037027027027,28.0,52.0,42.83873873873874,0.022747747747747748,0.004954954954954955,0.1582657657657658,0.04837837837837838,0.8688831287974148,18.0,113.0,0.6029729729729729,6693,11100,0.19659069454155398,0.40257396687689934,23.999949820823623,0.4064864864864865,True,True,0.95;0.2298402862;0.2514208534;0.95;0.8064515181;0.2889292384;0.86964094;0.95;0.4229897239;0.9113191376;0.93510967;0.8418183031,0.2641897105;1.968390267;1.804941085;0.3377909827;0.5254308787;1.582364629;0.451552802;0.2372894534;1.10910177;0.3983676074;0.3641087485;0.4846132827,3.627837838;19.29513514;16.40162162;3.594054054;4.498648649;12.92189189;4.414864865;3.601891892;8.682972973;3.747567568;4.099459459;4.765945946,0.06233449114;0.4000620219;0.4000139701;0.08043077183;0.135191945;0.4002954845;0.1131322831;0.05617988139;0.4025739669;0.0972232296;0.0874845074;0.1241657816,0.2013513514;0.04837837838;0.05162162162;0.2048648649;0.1908108108;0.06891891892;0.1921621622;0.2035135135;0.1381081081;0.2059459459;0.1972972973;0.1962162162,0.2641897105;23.99962611;23.99969413;0.3377909827;0.6508617574;23.99994982;0.503105604;0.2372894534;23.98741168;0.3983676074;0.3641087485;0.5692265654
Zhao'25 MMSE-MW-Safe,8,19,522.7251351351351,29.766756756756756,27.178040540540536,40.0,82.0,64.63558558558559,0.048468468468468466,0.023085585585585586,0.10304054054054053,0.0327027027027027,0.8852163305990142,29.0,152.0,0.48477477477477476,5381,11100,0.3012318171388523,0.4000797943416391,23.999745701253325,0.4064864864864865,True,True,0.8339118425;0.4218873338;0.3658373363;0.3670076204;0.481511622;0.1930715746;0.2120595117;0.3057773787;0.5446939528;0.4653449839;0.3623629999;0.8770434254,0.4938172966;1.111838862;1.270411673;1.266646367;0.9794527448;2.342239302;2.1308523;1.500722279;0.8655191693;1.012509865;1.281724896;0.4425090154,5.274324324;9.148918919;10.05702703;9.487837838;8.237567568;29.76675676;25.06;13.71486486;7.62;8.286216216;10.73891892;4.646216216,0.09729535384;0.3197287971;0.3897073645;0.3841019525;0.2557165815;0.4000797943;0.3996787827;0.3999222073;0.2154440959;0.270367499;0.3969883056;0.08575107137,0.1486486486;0.1164864865;0.1018918919;0.1056756757;0.1172972973;0.0327027027;0.03810810811;0.07486486486;0.1275675676;0.1186486486;0.09513513514;0.1594594595,0.4938172966;12.86700473;23.63893695;13.46536752;5.230149407;23.99903627;23.99973332;23.9997457;1.593115016;3.350118376;23.38152936;0.4850180308
