policy,extra_delay,seed,wAoI,worst_user_mean_aoi,p95_user_mean_aoi,p95_slot_aoi,p99_slot_aoi,cvar95_slot_aoi,slot_aoi_gt40,slot_aoi_gt60,mean_service_rate,worst_service_rate,jain_service_fairness,starvation_p95,starvation_max,rejection_rate,rejected_candidates,proposed_candidates,mean_power,max_avg_power,max_queue,finite_window_bound,bound_ok,certificate_ok,uav_pi_los,uav_pth,uav_mean_aoi,uav_avg_power,uav_service_rate,uav_max_queue,qcap
FreshSky-Safe,4,0,404.84864864864863,24.11081081081081,22.244081081081077,38.0,63.0,53.5481981981982,0.04277027027027027,0.011801801801801801,0.14797297297297293,0.03702702702702703,0.7974149397462156,24.0,126.0,0.3044144144144144,3379,11100,0.20294571259378613,0.3474071823434363,3.997802484092133,0.4010810810810811,True,True,0.95;0.2315765095;0.95;0.8081176242;0.6281327393;0.795200025;0.3394136806;0.9476946562;0.5005847781;0.95;0.23436609;0.2528380647,0.3369544871;1.95400716;0.2191119648;0.5235225351;0.7414402559;0.5383055036;1.361973486;0.3438720469;0.9427001774;0.2738400263;1.931388168;1.795260579,4.466216216;24.11081081;4.676486486;5.837837838;8.426486486;6.181081081;13.96459459;4.886486486;11.41540541;4.480540541;20.71675676;17.79297297,0.09097771152;0.3173941359;0.06152900849;0.1487086985;0.2176227346;0.1613461631;0.3364442612;0.0893137938;0.2772048089;0.06846000657;0.3189400462;0.3474071823,0.2218918919;0.03702702703;0.2272972973;0.21;0.1559459459;0.2043243243;0.07675675676;0.2113513514;0.1235135135;0.217027027;0.04027027027;0.05027027027,0.3369544871;3.986064436;0.2191119648;1.517495773;3.970245374;1.812888058;3.983151563;0.3438720469;3.997802484;0.2738400263;3.988329009;3.981042317,4.0
FreshSky-Safe,4,1,560.6456756756756,33.91135135135135,29.447283783783778,49.0,87.0,73.87432432432432,0.07954954954954956,0.02882882882882883,0.13175675675675677,0.024324324324324326,0.6395141542435823,31.0,233.0,0.5117117117117117,5680,11100,0.25421768011852125,0.34586418431518257,3.993172754628474,0.4010810810810811,True,True,0.5605092249;0.2181252996;0.2316669551;0.3707979081;0.95;0.95;0.2020086086;0.95;0.325972712;0.8362721814;0.2993435181;0.2334007936,0.8400796556;2.072097608;1.953264399;1.254604531;0.2976063768;0.2276934429;2.237061952;0.2579608484;1.414030367;0.4910760745;1.530799061;1.939147999,8.695135135;22.77243243;25.79486486;12.90594595;3.697837838;3.407567568;33.91135135;3.705945946;14.00594595;5.416216216;14.74486486;22.2427027,0.2956172194;0.3315356174;0.3331107664;0.3380650587;0.09072972783;0.07366190573;0.3228624547;0.07703965878;0.3458641843;0.1652404629;0.3388444407;0.3380406646,0.1627027027;0.03837837838;0.03621621622;0.09243243243;0.2578378378;0.2832432432;0.02432432432;0.2662162162;0.0727027027;0.2418918919;0.06756756757;0.03756756757,3.961513457;3.993073693;3.984874367;3.983531396;0.2976063768;0.2276934429;3.985982466;0.2579608484;3.992850271;1.219684671;3.993172755;3.982959974,4.0
FreshSky-Safe,4,2,464.2564864864865,32.33162162162162,27.15463513513513,43.0,72.0,61.29504504504504,0.05605855855855856,0.01849099099099099,0.13716216216216215,0.025405405405405406,0.7885602096244567,26.0,164.0,0.32846846846846844,3646,11100,0.2242553248400998,0.3421312747609718,3.9943661597250437,0.4010810810810811,True,True,0.2983974043;0.4720337023;0.7619171253;0.95;0.6042558466;0.7527600943;0.6803453125;0.2438339011;0.7053294905;0.1925045361;0.95;0.2931742638,1.535332493;0.9986066978;0.5764720931;0.328976203;0.7746227687;0.5870535051;0.6736618433;1.858825842;0.6430324214;2.34929577;0.2710575607;1.560894842,17.85027027;8.68;6.282432432;4.605675676;9.346216216;6.392972973;6.781621622;22.91891892;7.222162162;32.33162162;4.603513514;16.33837838,0.3298890086;0.2793399817;0.1623470057;0.08722315003;0.2307119706;0.1700868534;0.18953567;0.3210242468;0.1880435351;0.3174724013;0.07325880018;0.3421312748,0.05459459459;0.1348648649;0.1959459459;0.2181081081;0.1454054054;0.19;0.1810810811;0.03459459459;0.1824324324;0.02540540541;0.2248648649;0.05864864865,3.98331232;3.991640187;2.341193024;0.328976203;3.993964299;1.818749072;2.736618433;3.976516841;2.916389057;3.99436616;0.2710575607;3.987740093,4.0
FreshSky-Safe,4,3,536.967027027027,21.48864864864865,21.30477027027027,44.0,67.0,58.244594594594595,0.0631981981981982,0.015788288288288287,0.11522522522522521,0.03702702702702703,0.6223290226392282,35.0,117.0,0.5528828828828829,6137,11100,0.2959331805499389,0.3659704071955623,3.9973704585266203,0.4010810810810811,True,True,0.2469621281;0.8215561338;0.8932287906;0.3220866759;0.225348274;0.2465631425;0.4834834838;0.2778755806;0.2645088005;0.3014458345;0.9387067142;0.2969367479,1.836175919;0.5080937316;0.4222105672;1.429873819;2.006740312;1.839030251;0.9755450403;1.641436133;1.719737046;1.520828652;0.3585144156;1.542388958,21.48864865;5.083513514;3.766486486;12.53513514;21.15432432;19.36351351;8.96;15.25972973;20.08081081;15.90945946;3.936216216;15.62918919,0.3523472709;0.1754983213;0.1373896008;0.3659704072;0.3373493172;0.3449424308;0.3290487055;0.3469197448;0.3495249347;0.3518457638;0.1139494467;0.3464122228,0.04216216216;0.2513513514;0.2751351351;0.08054054054;0.03702702703;0.04567567568;0.1483783784;0.05756756757;0.04864864865;0.06702702703;0.2621621622;0.06702702703,3.99587021;1.589031047;0.5554739706;3.994952761;3.755027167;3.995151253;3.997346652;3.98728652;3.997370459;3.987120823;0.3585144156;3.996722709,4.0
FreshSky-Safe,4,4,519.5721621621622,26.334324324324324,24.36116216216216,43.0,72.0,62.15405405405406,0.059256756756756755,0.018445945945945945,0.10704954954954954,0.034594594594594595,0.8212037254738594,34.0,180.0,0.3327027027027027,3693,11100,0.2712728028709251,0.3283027882828967,3.9979330974202196,0.4010810810810811,True,True,0.662118963;0.6741961796;0.3640876;0.2460798207;0.2372011855;0.4128728207;0.5024050881;0.4159209977;0.2309431598;0.4380235493;0.7287104513;0.5641011845,0.6966749552;0.6813572012;1.27608378;1.842501298;1.908996959;1.13470463;0.9393093506;1.126874486;1.959226317;1.072981387;0.6151471375;0.8344446437,7.559189189;7.401891892;14.35486486;20.8527027;22.74675676;11.92702703;10.41756757;11.90675676;26.33432432;13.14702703;7.243513514;8.602702703,0.2063664192;0.1939105764;0.2969481446;0.3206948205;0.3193700318;0.3103570503;0.2777309269;0.2923782451;0.3283027883;0.2847750601;0.1752338062;0.2492057652,0.1713513514;0.1681081081;0.07864864865;0.04243243243;0.04081081081;0.09756756757;0.1254054054;0.09837837838;0.03459459459;0.09837837838;0.1764864865;0.1524324324,3.960099462;3.094929213;3.997759386;3.977529849;3.997933097;3.975843542;3.986187012;3.995619349;3.992263172;3.986646359;2.1211771;3.992226805,4.0
FreshSky-Safe,4,5,465.6127027027027,26.64,24.08413513513513,42.0,73.0,61.01036036036036,0.05511261261261261,0.020878378378378377,0.1311711711711712,0.03594594594594595,0.7562755373330459,27.0,146.0,0.3472072072072072,3854,11100,0.23719299674785002,0.33698704764012594,3.995310878890397,0.4010810810810811,True,True,0.9411489522;0.4821824971;0.3825098869;0.7544254172;0.3523107703;0.8677360717;0.95;0.2189202535;0.8265150398;0.3376263363;0.2625732011;0.2699141276,0.3546353857;0.9781203331;1.218803669;0.5851252029;1.315645181;0.4538598372;0.2241414152;2.064668323;0.5023771293;1.368663091;1.731770293;1.687095206,4.712972973;9.893513514;12.27324324;6.654324324;11.96189189;5.784324324;4.317297297;26.64;5.868648649;14.20432432;20.92648649;21.99297297,0.09498477491;0.2918499589;0.3251241139;0.1693700249;0.3246443378;0.1257314414;0.06221438742;0.3158384515;0.1488122523;0.3369870476;0.3215476193;0.3292115509,0.2262162162;0.1316216216;0.09054054054;0.1981081081;0.08675675676;0.2051351351;0.2348648649;0.03594594595;0.2048648649;0.07162162162;0.04324324324;0.04513513514,0.3546353857;3.96548966;3.994877052;2.066126826;3.994516869;0.7231590234;0.2241414152;3.988009936;1.219017034;3.99443785;3.995310879;3.98385685,4.0
FreshSky-Safe,4,6,329.23135135135135,18.997297297297298,17.514824324324323,31.0,54.0,45.2981981981982,0.024324324324324326,0.00731981981981982,0.1534234234234234,0.05810810810810811,0.8900447384040131,22.0,104.0,0.10018018018018018,1112,11100,0.17169734366044068,0.3207357836622872,3.995930221002285,0.4010810810810811,True,True,0.6600953202;0.4082536129;0.95;0.8542797728;0.5796663152;0.95;0.7238759829;0.298421524;0.95;0.3698913443;0.95;0.5870736138,0.6992694381;1.146768836;0.2551559305;0.4699577518;0.8105930222;0.2156180293;0.6208604762;1.535216558;0.2628816135;1.257463669;0.2571157349;0.7995478023,8.513513514;13.54486486;4.88972973;6.01027027;9.301081081;4.601621622;8.238108108;18.9972973;4.298108108;16.30189189;4.718918919;9.367297297,0.2005202362;0.2922710845;0.06151326758;0.1221890155;0.2153548489;0.05209797789;0.1461539121;0.3207357837;0.06309158723;0.3024709906;0.0644179152;0.2195515046,0.1521621622;0.08675675676;0.2078378378;0.1972972973;0.1381081081;0.2091891892;0.1462162162;0.05810810811;0.2121621622;0.07567567568;0.2127027027;0.1448648649,3.98831101;3.978748328;0.2551559305;0.7497887589;3.748302311;0.2156180293;2.292046667;3.991713307;0.2628816135;3.951519055;0.2571157349;3.995930221,4.0
FreshSky-Safe,4,7,389.2759459459459,30.800810810810813,24.859621621621613,38.0,73.0,59.50945945945946,0.04484234234234234,0.01743243243243243,0.1610135135135135,0.02837837837837838,0.8174004369303864,20.0,138.0,0.2782882882882883,3089,11100,0.18115781943942288,0.3248724261549749,3.9996759238111905,0.4010810810810811,True,True,0.95;0.8194645516;0.5139536145;0.1957148488;0.2668165055;0.95;0.9166527097;0.2817874583;0.4060368001;0.95;0.95;0.8957240492,0.2129344738;0.5105004868;0.9182376412;2.309972111;1.705631049;0.2143947682;0.3910280632;1.619983796;1.152645744;0.2643493157;0.2202876177;0.4190042049,4.507297297;5.255945946;10.32918919;30.80081081;19.99864865;4.501891892;5.097297297;16.84891892;11.41648649;4.462972973;4.481351351;5.035675676,0.05547806291;0.1357655349;0.2903616325;0.3184015612;0.3240698993;0.05649591864;0.1082196586;0.3248724262;0.3137065579;0.06965961697;0.06078747505;0.1160754892,0.2254054054;0.2037837838;0.1397297297;0.02837837838;0.05054054054;0.2208108108;0.2205405405;0.06108108108;0.1040540541;0.2189189189;0.2394594595;0.2194594595,0.2129344738;1.063002921;3.982376412;3.989748995;3.984465734;0.2143947682;0.3910280632;3.999675924;3.994977648;0.2643493157;0.2202876177;0.5330294346,4.0
FreshSky-Safe,4,8,433.41621621621624,26.062432432432434,24.29931081081081,41.0,69.0,58.134684684684686,0.05049549549549549,0.016373873873873873,0.14648648648648646,0.03135135135135135,0.770850681202723,24.0,125.0,0.32765765765765764,3637,11100,0.2154170348492598,0.3339452537817904,3.9987428956854347,0.4010810810810811,True,True,0.924502767;0.7675714746;0.2938168902;0.223720696;0.8564804989;0.95;0.4732619221;0.198994158;0.3554966144;0.365156396;0.95;0.8950142286,0.3798996382;0.5699618165;1.557699888;2.021057334;0.4673466129;0.2347890628;0.9960890923;2.271318822;1.304697623;1.272612991;0.2590903055;0.4199186836,4.356216216;6.992162162;16.68972973;22.85675676;5.468648649;4.113513514;10.18675676;26.06243243;14.16945946;13.21972973;4.170540541;4.694594595,0.1054478185;0.1759179445;0.3258539766;0.3250078686;0.1249204865;0.0640910685;0.2953269552;0.3339452538;0.3251165427;0.3164335003;0.06946421163;0.1234787913,0.2332432432;0.1918918919;0.05756756757;0.04027027027;0.2091891892;0.2321621622;0.1297297297;0.03135135135;0.08243243243;0.08405405405;0.2332432432;0.2327027027,0.3798996382;2.659312698;3.996297878;3.979121365;0.7367330643;0.2347890628;3.976534554;3.969014077;3.997300151;3.998742896;0.2590903055;0.559349469,4.0
FreshSky-Safe,4,9,557.7535135135136,32.403243243243246,29.296189189189185,51.0,90.0,77.55405405405405,0.07858108108108108,0.033783783783783786,0.13155405405405407,0.027567567567567567,0.7110822751077277,28.0,217.0,0.4454054054054054,4944,11100,0.24237780323209748,0.34549972094941955,3.999650558179072,0.4010810810810811,True,True,0.3257577326;0.6871221964;0.2523803769;0.1963495047;0.5437054116;0.2493362779;0.95;0.4363495231;0.95;0.6652629851;0.95;0.2127973752,1.414897118;0.6652565043;1.798374164;2.302374716;0.8671448273;1.819394726;0.209506079;1.076896197;0.2790122724;0.6926602831;0.247425482;2.123503268,15.65297297;6.979189189;26.75405405;32.40324324;9.13972973;21.2427027;3.775135135;9.451621622;4.271891892;6.97;3.885405405;26.17135135,0.3254263371;0.1974193626;0.3392608558;0.330421885;0.275611437;0.3348669753;0.05905806496;0.3274346544;0.07978242815;0.2242721673;0.06947975021;0.3454997209,0.06216216216;0.1821621622;0.04189189189;0.02756756757;0.1440540541;0.04324324324;0.2483783784;0.1245945946;0.2386486486;0.1864864865;0.2443243243;0.03513513514,3.99366253;3.974617077;3.993496657;3.949869041;3.95293792;3.987894522;0.209506079;3.999650558;0.2790122724;3.189904246;0.247425482;3.976052293,4.0
FreshSky-Safe,4,10,619.0081081081081,34.244594594594595,30.049729729729727,53.0,89.0,75.2081081081081,0.09484234234234235,0.0359009009009009,0.10427927927927928,0.027837837837837838,0.709389894709198,37.0,158.0,0.4898198198198198,5437,11100,0.29262589213878915,0.3388652134645858,3.9955533754072023,0.4010810810810811,True,True,0.2210551088;0.5230742899;0.4621770162;0.8877431859;0.3493760462;0.4491418585;0.5565464418;0.34857734;0.2223217792;0.6900300697;0.2104662511;0.2177243916,2.045012567;0.9021077578;1.019211399;0.4291816563;1.325898395;1.047619095;0.8463561798;1.328717478;2.03354937;0.6616731043;2.146920017;2.075867389,25.36297297;10.33027027;10.50162162;4.53972973;15.77864865;10.98162162;8.256216216;14.61567568;23.07810811;6.616756757;26.61756757;34.24459459,0.3371507204;0.2923316761;0.3079671201;0.126434596;0.3085401399;0.3270270418;0.2717489572;0.3289473541;0.3369096659;0.2129872074;0.3388652135;0.3226010132,0.03540540541;0.1291891892;0.1243243243;0.2424324324;0.07594594595;0.122972973;0.1605405405;0.07756756757;0.03486486486;0.1902702703;0.03;0.02783783784,3.965213632;3.965340493;3.995553375;0.6042715941;3.992069497;3.980955733;3.988055057;3.990241832;3.974227961;3.016731043;3.991480319;3.993215173,4.0
FreshSky-Safe,4,11,462.0845945945946,27.67972972972973,23.88101351351351,41.0,70.0,58.26396396396397,0.05231981981981982,0.016621621621621622,0.12310810810810811,0.03135135135135135,0.8099835255139818,30.0,119.0,0.288018018018018,3197,11100,0.24456583978715163,0.3270196818896604,3.9984165504261293,0.4010810810810811,True,True,0.95;0.2935060875;0.6227889451;0.4312530983;0.6153269509;0.4183303984;0.9434799305;0.4987828682;0.6260188518;0.4351735249;0.2492611008;0.2092716103,0.3358641596;1.559243329;0.7487311135;1.088976442;0.7590395275;1.120756955;0.3508668233;0.9460759936;0.7443154627;1.079661914;1.819920828;2.159149808,4.595135135;17.27837838;7.937297297;11.56432432;8.594594595;12.61459459;4.995135135;10.68702703;9.864324324;10.97243243;20.77297297;27.67972973,0.08705235921;0.3270196819;0.2147037058;0.3081509014;0.2084281513;0.300786934;0.09558750214;0.2649012782;0.1977465135;0.3063905433;0.3182402096;0.3057822971,0.2235135135;0.06081081081;0.1735135135;0.1027027027;0.1478378378;0.09675675676;0.2183783784;0.1178378378;0.1464864865;0.1143243243;0.04378378378;0.03135135135,0.3358641596;3.992433286;3.979697816;3.980316828;3.990395275;3.943465592;0.3508668233;3.975443879;3.97494018;3.996619144;3.99841655;3.99574904,4.0
FreshSky-Safe,4,12,474.1832432432432,24.67783783783784,21.774878378378375,39.0,64.0,55.58963963963964,0.04448198198198198,0.012184684684684685,0.1164864864864865,0.03810810810810811,0.7884101725416076,32.0,136.0,0.3389189189189189,3762,11100,0.26570392864525655,0.3297498371552742,3.9978122705488537,0.4010810810810811,True,True,0.2277146089;0.9318683167;0.4490225566;0.364868936;0.3264467419;0.2532754659;0.5108922966;0.7249468559;0.885090931;0.3371942215;0.4510893652;0.3770521179,1.986329388;0.369039043;1.047885528;1.273544601;1.412123145;1.792296255;0.9237509324;0.6195927545;0.4325165816;1.370290719;1.043286736;1.235229773,19.39972973;4.551621622;11.68837838;12.74918919;14.45189189;24.67783784;8.800810811;6.393783784;5.226486486;15.05108108;11.37567568;12.84594595,0.3290864635;0.09744625541;0.3154985078;0.3266469802;0.3297498372;0.3206757083;0.2661401335;0.1706391937;0.1219229175;0.3099819815;0.2845071127;0.3161520526,0.04459459459;0.2254054054;0.1110810811;0.09162162162;0.07621621622;0.03810810811;0.1391891892;0.1848648649;0.2164864865;0.0672972973;0.1113513514;0.09162162162,3.989881646;0.369039043;3.983084228;3.994694847;3.994034116;3.969185018;3.980014918;1.6155203;0.5950994898;3.992035031;3.995594933;3.997812271,4.0
FreshSky-Safe,4,13,333.8872972972973,25.146486486486488,18.835013513513506,31.0,56.0,47.31261261261261,0.025518018018018018,0.008085585585585586,0.15576576576576576,0.03702702702702703,0.881149729290546,22.0,140.0,0.14657657657657658,1627,11100,0.1745913440768646,0.3051533916573271,3.995643798514753,0.4010810810810811,True,True,0.931036637;0.7159624459;0.6775674106;0.3509019354;0.95;0.7562371291;0.2357345475;0.5713184825;0.95;0.8385292043;0.9458583108;0.3749843981,0.3702883284;0.6302691506;0.6771299559;1.320546841;0.2764601871;0.5830294735;1.920506701;0.8232731646;0.2265612916;0.488449848;0.3469497415;1.241568686,5.815135135;7.501891892;8.027837838;13.60945946;5.041351351;6.442972973;25.14648649;9.230810811;4.303513514;5.848918919;5.083513514;13.67108108,0.09627496539;0.1812449666;0.1709295618;0.3051533917;0.07143133483;0.1547391738;0.3046857928;0.2454244056;0.05872223747;0.1305613242;0.07661025373;0.2993187211,0.1978378378;0.1735135135;0.1545945946;0.07486486486;0.2135135135;0.1756756757;0.03702702703;0.1481081081;0.2245945946;0.1964864865;0.1894594595;0.08351351351,0.3702883284;2.702691506;2.648429514;3.972577345;0.2764601871;1.430294735;3.933174219;3.995643799;0.2265612916;0.8422492401;0.3469497415;3.989805036,4.0
FreshSky-Safe,4,14,511.3067567567568,29.899729729729728,24.675770270270263,44.0,76.0,63.96981981981982,0.060292792792792795,0.020833333333333332,0.11504504504504504,0.030810810810810812,0.7869147766233477,31.0,174.0,0.3517117117117117,3904,11100,0.25997577702731567,0.326663874158977,3.9966156572067253,0.4010810810810811,True,True,0.3969158517;0.64914127;0.685168137;0.2123384503;0.8391928019;0.2547057577;0.6450583303;0.3536782427;0.3495021855;0.2638904463;0.8142278578;0.4332858251,1.177446822;0.7134614509;0.6676722331;2.128067317;0.4876767217;1.782678959;0.7188179662;1.310923092;1.325454306;1.723560971;0.5165166625;1.084128614,11.38891892;7.798378378;7.167297297;29.89972973;5.522432432;20.40162162;8.323513514;16.28432432;14.1272973;19.22459459;5.617837838;13.57891892,0.3179106418;0.2155810546;0.2035498051;0.3243864775;0.1345724143;0.3266638742;0.2253591461;0.3085983819;0.3163178791;0.3162967295;0.1412742871;0.289198633,0.1005405405;0.1648648649;0.1691891892;0.03081081081;0.2024324324;0.04594594595;0.1605405405;0.06891891892;0.0772972973;0.05081081081;0.2045945946;0.1045945946,3.99404279;3.976920626;3.882755729;3.985884866;1.276767217;3.984295023;3.901087459;3.996615657;3.990900725;3.97697553;1.165166625;3.9889003,4.0
FreshSky-Safe,4,15,438.0583783783784,29.92081081081081,25.210283783783776,41.0,73.0,60.946396396396395,0.05148648648648649,0.018806306306306305,0.14126126126126126,0.027567567567567567,0.8135018952629016,25.0,143.0,0.30567567567567566,3393,11100,0.2202432741010365,0.330804596941365,3.995738846445125,0.4010810810810811,True,True,0.95;0.6682774533;0.3936552323;0.8783623152;0.2542081145;0.6112416568;0.1961261937;0.2603661895;0.4858854259;0.9440218225;0.777121657;0.6438927182,0.2609434761;0.6888292002;1.186565108;0.4408835581;1.786011998;0.7647485898;2.305041448;1.74572184;0.9708198352;0.349980936;0.5589976316;0.7203540735,4.270810811;6.464324324;11.92945946;5.743783784;21.35621622;7.362432432;29.92081081;20.34810811;9.734324324;4.605405405;6.920540541;8.616216216,0.06855055641;0.2088828007;0.3149207935;0.1120082553;0.327757337;0.231491465;0.3308045969;0.322722632;0.2859982758;0.09137340114;0.1513826019;0.1970265736,0.2278378378;0.1902702703;0.1032432432;0.1935135135;0.04675675676;0.177027027;0.02756756757;0.04459459459;0.1316216216;0.2235135135;0.1786486486;0.1505405405,0.2609434761;2.310633602;3.993906467;0.7270684645;3.990179976;3.976983078;3.985704609;3.971655186;3.995738846;0.349980936;1.984964474;3.764602956,4.0
FreshSky-Safe,4,16,506.787027027027,26.665135135135134,26.110824324324323,45.0,76.0,63.321621621621624,0.06574324324324324,0.02328828828828829,0.13236486486486485,0.02945945945945946,0.7348333715864809,28.0,122.0,0.44576576576576576,4948,11100,0.2508262074101434,0.34117168412237703,3.99890263769949,0.4010810810810811,True,True,0.3932789834;0.7735119064;0.901603995;0.8416273572;0.2260479039;0.7045979448;0.6624829137;0.1982197585;0.7522839954;0.3841282698;0.2247729528;0.2144342016,1.187626136;0.5631378354;0.4113518347;0.4848363331;2.00065631;0.6439160289;0.6962092138;2.280313362;0.5876051337;1.214015836;2.011774821;2.107404393,13.96432432;6.526216216;4.601351351;5.465675676;19.35459459;6.129459459;6.642972973;26.66513514;5.758378378;10.9872973;25.6572973;21.89162162,0.305893975;0.1858354857;0.1192920321;0.1293333678;0.3255121888;0.1992659062;0.232195181;0.3321861897;0.1804106573;0.3304091748;0.3284086464;0.3411716841,0.08810810811;0.2062162162;0.2324324324;0.2037837838;0.04054054054;0.2027027027;0.1951351351;0.02945945946;0.2116216216;0.1056756757;0.03702702703;0.03567567568,3.991662489;2.894135062;0.4681110082;0.7393453325;3.615095133;2.946572491;3.939347421;3.965327149;1.713235936;3.998902638;3.800171951;3.98144832,4.0
FreshSky-Safe,4,17,505.0954054054054,39.406216216216215,35.86183783783783,54.0,103.0,83.90945945945946,0.07731981981981982,0.04078828828828829,0.15263513513513516,0.02216216216216216,0.7835452780540996,22.0,201.0,0.30414414414414415,3376,11100,0.19577030484016397,0.32168296131126217,3.9980570275330947,0.4010810810810811,True,True,0.6058267012;0.4606290406;0.8627452041;0.95;0.8920394043;0.9329954481;0.2434414901;0.2237143759;0.7874097494;0.2072792387;0.95;0.5223938409,0.772389876;1.022513998;0.4598691245;0.2139841101;0.4237308779;0.3673358894;1.861711545;2.021113381;0.5472165522;2.179902851;0.241873434;0.9032962107,8.575675676;10.34054054;4.52972973;3.979459459;5.073513514;4.638108108;26.13891892;32.96189189;6.415405405;39.40621622;4.38;9.210540541,0.2221142779;0.281329527;0.1277690432;0.06136138942;0.1172703835;0.09858501031;0.3159877973;0.3026207603;0.1597280747;0.3216829613;0.06321394883;0.2775804842,0.1502702703;0.1202702703;0.2254054054;0.2410810811;0.2154054054;0.2281081081;0.03918918919;0.02675675676;0.1997297297;0.02216216216;0.2251351351;0.1381081081,3.98584814;3.962849952;0.8190838718;0.2139841101;0.5423852676;0.3673358894;3.985134634;3.980040859;2.585980702;3.998057028;0.241873434;3.98899769,4.0
FreshSky-Safe,4,18,347.9972972972973,23.39108108108108,20.993229729729727,34.0,60.0,49.983333333333334,0.033445945945945944,0.009662162162162162,0.16531531531531532,0.03702702702702703,0.8277704704320455,20.0,127.0,0.24225225225225225,2689,11100,0.17541485237778598,0.32927979247847317,3.994386464687115,0.4010810810810811,True,True,0.95;0.2298402862;0.2514208534;0.95;0.8064515181;0.2889292384;0.86964094;0.95;0.4229897239;0.9113191376;0.93510967;0.8418183031,0.2641897105;1.968390267;1.804941085;0.3377909827;0.5254308787;1.582364629;0.451552802;0.2372894534;1.10910177;0.3983676074;0.3641087485;0.4846132827,4.535405405;23.39108108;19.03135135;4.395135135;6.068108108;16.94243243;5.577837838;4.457027027;11.18810811;4.575945946;5.175405405;5.818378378,0.07268787169;0.3144104454;0.3292797925;0.08946896299;0.1405882621;0.3233155836;0.1275331562;0.06464534297;0.3024550503;0.1058365833;0.09998229417;0.1347748832,0.2289189189;0.03702702703;0.04594594595;0.2245945946;0.1964864865;0.05675675676;0.2064864865;0.2243243243;0.1072972973;0.2227027027;0.2240540541;0.2091891892,0.2641897105;3.989073476;3.903762779;0.3377909827;1.027154393;3.994386465;0.812422416;0.2372894534;3.981915932;0.3983676074;0.3641087485;1.776878937,4.0
FreshSky-Safe,4,19,520.7778378378379,28.072702702702703,27.792648648648647,43.0,74.0,61.564414414414415,0.0586036036036036,0.019166666666666665,0.11033783783783785,0.03,0.7687094629264142,33.0,125.0,0.38432432432432434,4266,11100,0.2798358001545183,0.33514778210025564,3.9998782049292965,0.4010810810810811,True,True,0.8339118425;0.4218873338;0.3658373363;0.3670076204;0.481511622;0.1930715746;0.2120595117;0.3057773787;0.5446939528;0.4653449839;0.3623629999;0.8770434254,0.4938172966;1.111838862;1.270411673;1.266646367;0.9794527448;2.342239302;2.1308523;1.500722279;0.8655191693;1.012509865;1.281724896;0.4425090154,5.239459459;11.67081081;14.17918919;11.91135135;10.0227027;27.56351351;28.0727027;15.8472973;8.114864865;9.283783784;13.49756757;4.821081081,0.1446751215;0.293285062;0.3196630452;0.3351477821;0.2832471451;0.3228492011;0.3132928787;0.3346205081;0.274159045;0.3010164463;0.3173135147;0.118759852,0.2172972973;0.09972972973;0.07864864865;0.09648648649;0.1232432432;0.03027027027;0.03;0.06162162162;0.1578378378;0.1291891892;0.07891891892;0.2208108108,0.9629037794;3.978843593;3.996998438;3.999878205;3.989054897;3.995675116;3.992556899;3.9238352;3.986230032;3.98764797;3.987270935;0.6550540925,4.0
FreshSky-Safe,4,0,402.10648648648646,22.367027027027028,22.110905405405404,37.0,66.0,54.613063063063066,0.04130630630630631,0.013400900900900901,0.14581081081081082,0.04162162162162162,0.8155228749776432,24.0,117.0,0.19063063063063063,2116,11100,0.21193782635688072,0.3755491049355024,7.9985858874377795,0.40216216216216216,True,True,0.95;0.2315765095;0.95;0.8081176242;0.6281327393;0.795200025;0.3394136806;0.9476946562;0.5005847781;0.95;0.23436609;0.2528380647,0.3369544871;1.95400716;0.2191119648;0.5235225351;0.7414402559;0.5383055036;1.361973486;0.3438720469;0.9427001774;0.2738400263;1.931388168;1.795260579,4.678378378;22.36702703;4.81972973;6.079459459;8.74;6.355675676;12.79027027;5.046486486;11.04972973;4.535405405;21.90135135;19.25756757,0.08797244177;0.3580586092;0.05827193874;0.1416340696;0.2090059965;0.1547992043;0.369573346;0.08578213494;0.2761856736;0.06572160631;0.3606997903;0.3755491049,0.2189189189;0.04162162162;0.2172972973;0.1981081081;0.1489189189;0.1972972973;0.08513513514;0.2078378378;0.1262162162;0.2108108108;0.04432432432;0.05324324324,0.3369544871;7.994436735;0.2191119648;1.141135211;5.628805119;2.197971547;7.99590542;0.3438720469;7.939403904;0.2738400263;7.998585887;7.986726062,8.0
FreshSky-Safe,4,1,551.5556756756757,28.30027027027027,27.434986486486487,51.0,85.0,70.69144144144144,0.08292792792792793,0.031306306306306306,0.12592342342342341,0.02810810810810811,0.6728505117354631,32.0,135.0,0.3769369369369369,4184,11100,0.2682157005787403,0.3778718127230108,7.996156043755857,0.40216216216216216,True,True,0.5605092249;0.2181252996;0.2316669551;0.3707979081;0.95;0.95;0.2020086086;0.95;0.325972712;0.8362721814;0.2993435181;0.2334007936,0.8400796556;2.072097608;1.953264399;1.254604531;0.2976063768;0.2276934429;2.237061952;0.2579608484;1.414030367;0.4910760745;1.530799061;1.939147999,9.984054054;26.49594595;26.72702703;13.14081081;3.873243243;3.697297297;28.30027027;4.121621622;15.05432432;6.022162162;15.81189189;19.11513514,0.2854000344;0.3617770419;0.3668969614;0.3546800917;0.08188197068;0.06763110643;0.3645806371;0.07104381203;0.3714695991;0.1521008598;0.3632544798;0.3778718127,0.1562162162;0.03459459459;0.03837837838;0.09675675676;0.2386486486;0.2594594595;0.02810810811;0.2427027027;0.07864864865;0.2221621622;0.06756756757;0.04783783784,7.961513457;7.993073693;7.995863924;7.983531396;0.2976063768;0.2276934429;7.985982466;0.2579608484;7.996156044;0.9107607453;7.993172755;7.991883958,8.0
FreshSky-Safe,4,2,450.40837837837836,25.615675675675675,24.852513513513514,41.0,72.0,59.10045045045045,0.052072072072072075,0.018108108108108107,0.13547297297297298,0.034594594594594595,0.8162896145052275,26.0,125.0,0.22855855855855856,2537,11100,0.23236551029014552,0.3699742638290654,7.996688509543772,0.40216216216216216,True,True,0.2983974043;0.4720337023;0.7619171253;0.95;0.6042558466;0.7527600943;0.6803453125;0.2438339011;0.7053294905;0.1925045361;0.95;0.2931742638,1.535332493;0.9986066978;0.5764720931;0.328976203;0.7746227687;0.5870535051;0.6736618433;1.858825842;0.6430324214;2.34929577;0.2710575607;1.560894842,18.53540541;8.805675676;6.774324324;4.951081081;8.958648649;6.701081081;7.137027027;24.22810811;7.717567568;25.61567568;4.802432432;15.08189189,0.3630853868;0.2704334895;0.1553358586;0.08437795044;0.2250593179;0.1631056766;0.1813424854;0.358703149;0.1835249289;0.3631884271;0.07025518937;0.3699742638,0.06054054054;0.1297297297;0.1837837838;0.2143243243;0.1451351351;0.1835135135;0.1727027027;0.04108108108;0.1727027027;0.03459459459;0.2178378378;0.06972972973,7.995307277;7.952627724;1.764720931;0.328976203;5.543209836;1.335267526;2.757603963;7.976634785;2.116389057;7.99436616;0.2710575607;7.99668851,8.0
FreshSky-Safe,4,3,539.7564864864864,21.935135135135134,21.327459459459458,46.0,71.0,61.50405405405405,0.06891891891891892,0.019256756756756758,0.11006756756756758,0.0445945945945946,0.6743644005341431,36.0,146.0,0.38513513513513514,4275,11100,0.30707787360757804,0.38065559776940766,7.999550604747419,0.40216216216216216,True,True,0.2469621281;0.8215561338;0.8932287906;0.3220866759;0.225348274;0.2465631425;0.4834834838;0.2778755806;0.2645088005;0.3014458345;0.9387067142;0.2969367479,1.836175919;0.5080937316;0.4222105672;1.429873819;2.006740312;1.839030251;0.9755450403;1.641436133;1.719737046;1.520828652;0.3585144156;1.542388958,18.82405405;5.472972973;4.507567568;14.33918919;20.83027027;21.93513514;10.54027027;16.9772973;19.52189189;16.76135135;4.293243243;15.50891892,0.3746791402;0.1583329926;0.1230116193;0.3806555978;0.3747723122;0.3668119797;0.325357454;0.3726503652;0.3746237997;0.3686981894;0.1018374732;0.3635035599,0.04918918919;0.2251351351;0.2432432432;0.08027027027;0.04459459459;0.04540540541;0.1416216216;0.06216216216;0.05486486486;0.06810810811;0.2378378378;0.06837837838,7.99587021;1.264749852;0.5332634034;7.994952761;7.997678384;7.990302506;7.997346652;7.990582213;7.997370459;7.999550605;0.3585144156;7.996722709,8.0
FreshSky-Safe,4,4,504.5,24.394324324324323,23.93039189189189,43.0,69.0,59.747297297297294,0.05650900900900901,0.016193693693693695,0.10551801801801801,0.04135135135135135,0.8514972449309101,34.0,157.0,0.19936936936936936,2213,11100,0.27786307894642137,0.3627216289899746,7.997933097420196,0.40216216216216216,True,True,0.662118963;0.6741961796;0.3640876;0.2460798207;0.2372011855;0.4128728207;0.5024050881;0.4159209977;0.2309431598;0.4380235493;0.7287104513;0.5641011845,0.6966749552;0.6813572012;1.27608378;1.842501298;1.908996959;1.13470463;0.9393093506;1.126874486;1.959226317;1.072981387;0.6151471375;0.8344446437,8.271891892;7.797297297;13.7027027;19.18945946;24.39432432;11.37648649;11.06486486;11.85243243;23.55081081;13.32054054;7.434864865;9.157297297,0.1933743727;0.1828615408;0.316261845;0.3580428198;0.3565180807;0.3177172965;0.2685917008;0.2899417597;0.362721629;0.2926049243;0.1634296314;0.2322913468,0.1586486486;0.1605405405;0.08324324324;0.04540540541;0.04486486486;0.1021621622;0.1224324324;0.09972972973;0.04135135135;0.09918918919;0.1686486486;0.14,7.61022379;4.145786823;7.997759386;7.990036338;7.997933097;7.992299107;7.96825896;7.995619349;7.994352713;7.986646359;2.366618512;7.592226805,8.0
FreshSky-Safe,4,5,438.69081081081083,22.56297297297297,20.157540540540538,38.0,64.0,53.255405405405405,0.04277027027027027,0.012612612612612612,0.12882882882882885,0.03918918918918919,0.7969146010662813,28.0,111.0,0.1989189189189189,2208,11100,0.2461442743190941,0.36251076475007893,7.994877052163259,0.40216216216216216,True,True,0.9411489522;0.4821824971;0.3825098869;0.7544254172;0.3523107703;0.8677360717;0.95;0.2189202535;0.8265150398;0.3376263363;0.2625732011;0.2699141276,0.3546353857;0.9781203331;1.218803669;0.5851252029;1.315645181;0.4538598372;0.2241414152;2.064668323;0.5023771293;1.368663091;1.731770293;1.687095206,4.878918919;9.96027027;13.12540541;7.035135135;13.60351351;6.289189189;4.619459459;22.56297297;6.093243243;13.9427027;17.77756757;18.18945946,0.08952147303;0.281275685;0.3366533378;0.1562442434;0.3463347043;0.11984353;0.05839792548;0.3554577626;0.1394435978;0.3625107648;0.3505664728;0.3574817949,0.2148648649;0.1267567568;0.09405405405;0.1813513514;0.09081081081;0.1927027027;0.2194594595;0.03918918919;0.1956756757;0.08;0.05324324324;0.05783783784,0.3546353857;7.921730326;7.994877052;2.251252029;7.985000604;0.7770188607;0.2241414152;7.992727939;1.023771293;7.99443785;7.990621758;7.993426036,8.0
FreshSky-Safe,4,6,320.71054054054053,16.537837837837838,16.212743243243242,29.0,50.0,42.468468468468465,0.020878378378378377,0.0052927927927927925,0.15108108108108106,0.06054054054054054,0.898284531558055,22.0,102.0,0.04207207207207207,467,11100,0.1753643807485987,0.34853565106898143,7.991713306680737,0.40216216216216216,True,True,0.6600953202;0.4082536129;0.95;0.8542797728;0.5796663152;0.95;0.7238759829;0.298421524;0.95;0.3698913443;0.95;0.5870736138,0.6992694381;1.146768836;0.2551559305;0.4699577518;0.8105930222;0.2156180293;0.6208604762;1.535216558;0.2628816135;1.257463669;0.2571157349;0.7995478023,8.304054054;14.33918919;4.840540541;5.767837838;9.357297297;4.671621622;7.854324324;16.53783784;4.578648649;15.94675676;4.744594595;9.651081081,0.1927715748;0.3099375233;0.05958235783;0.1192676565;0.2092206314;0.05122385074;0.1439725104;0.3485356511;0.06188375279;0.327620264;0.06275013746;0.2176066586,0.1497297297;0.08810810811;0.2024324324;0.1943243243;0.1335135135;0.2045945946;0.1464864865;0.06054054054;0.2083783784;0.08081081081;0.2040540541;0.14,5.686119324;7.975683237;0.2551559305;0.8197465107;5.369488356;0.2156180293;2.650325715;7.991713307;0.2628816135;7.96274746;0.2571157349;5.19231264,8.0
FreshSky-Safe,4,7,376.3635135135135,28.662702702702703,23.398905405405397,37.0,72.0,58.148648648648646,0.042905405405405404,0.017027027027027027,0.1571171171171171,0.03135135135135135,0.8350172121599468,21.0,139.0,0.1725225225225225,1915,11100,0.19005973205718682,0.36584963697462514,7.999675923811175,0.40216216216216216,True,True,0.95;0.8194645516;0.5139536145;0.1957148488;0.2668165055;0.95;0.9166527097;0.2817874583;0.4060368001;0.95;0.95;0.8957240492,0.2129344738;0.5105004868;0.9182376412;2.309972111;1.705631049;0.2143947682;0.3910280632;1.619983796;1.152645744;0.2643493157;0.2202876177;0.4190042049,4.787837838;5.404594595;10.40378378;28.6627027;17.99810811;4.772972973;5.120810811;19.09216216;10.57675676;4.731351351;4.484324324;5.245945946,0.05340626803;0.1313503955;0.2836609794;0.365849637;0.3618703712;0.05400430377;0.104309378;0.3603369363;0.3280367482;0.06715901533;0.05816783852;0.1125649134,0.2124324324;0.197027027;0.1356756757;0.03135135135;0.05783783784;0.2132432432;0.2121621622;0.06324324324;0.112972973;0.2086486486;0.2286486486;0.2121621622,0.2129344738;1.105004868;7.255326977;7.998884424;7.998445594;0.2143947682;0.3910280632;7.999675924;7.994977648;0.2643493157;0.2202876177;0.5520336396,8.0
FreshSky-Safe,4,8,442.8894594594595,24.946756756756756,23.290067567567565,41.0,75.0,62.27207207207207,0.05171171171171171,0.018783783783783783,0.14139639639639642,0.032972972972972976,0.7863977023537372,24.0,157.0,0.20351351351351352,2259,11100,0.22446574182743328,0.37261906074549006,7.998742895685431,0.40216216216216216,True,True,0.924502767;0.7675714746;0.2938168902;0.223720696;0.8564804989;0.95;0.4732619221;0.198994158;0.3554966144;0.365156396;0.95;0.8950142286,0.3798996382;0.5699618165;1.557699888;2.021057334;0.4673466129;0.2347890628;0.9960890923;2.271318822;1.304697623;1.272612991;0.2590903055;0.4199186836,4.576486486;6.756756757;19.80918919;21.93459459;5.647837838;4.520810811;10.21783784;24.94675676;14.82621622;14.45432432;4.44;4.884054054,0.1006220663;0.1642106207;0.3532189747;0.3654290153;0.1196154709;0.06136243885;0.2877889837;0.3726190607;0.3473316644;0.3370704678;0.06708338179;0.1172367568,0.2194594595;0.1878378378;0.05486486486;0.04540540541;0.1932432432;0.2202702703;0.1262162162;0.03297297297;0.08432432432;0.0872972973;0.222972973;0.2218918919,0.3798996382;1.979465432;7.996297878;7.979032015;0.7367330643;0.2347890628;7.945247293;7.996927007;7.997300151;7.998742896;0.2590903055;0.5394307853,8.0
FreshSky-Safe,4,9,528.4378378378378,27.52756756756757,24.846540540540538,48.0,79.0,66.81711711711712,0.07081081081081081,0.028198198198198198,0.12716216216216217,0.03405405405405405,0.7307367712212548,29.0,126.0,0.3099099099099099,3440,11100,0.2517501564858206,0.3736217912592549,7.9996505581790665,0.40216216216216216,True,True,0.3257577326;0.6871221964;0.2523803769;0.1963495047;0.5437054116;0.2493362779;0.95;0.4363495231;0.95;0.6652629851;0.95;0.2127973752,1.414897118;0.6652565043;1.798374164;2.302374716;0.8671448273;1.819394726;0.209506079;1.076896197;0.2790122724;0.6926602831;0.247425482;2.123503268,16.73405405;7.39027027;22.47135135;27.52756757;9.957027027;22.65297297;4.118918919;9.948108108;4.426216216;7.575135135;4.151621622;22.39702703,0.3529594702;0.1877102136;0.3655073977;0.3658909009;0.2671743522;0.3683045;0.05605703194;0.3268525484;0.07563494843;0.2152863042;0.06600241911;0.3736217913,0.06540540541;0.1697297297;0.04540540541;0.03405405405;0.132972973;0.04432432432;0.2354054054;0.1227027027;0.2291891892;0.1756756757;0.232972973;0.03810810811,7.998106886;5.831412607;7.990244985;7.997363367;7.611475855;7.989131031;0.209506079;7.999650558;0.2790122724;3.80458368;0.247425482;7.998222244,8.0
FreshSky-Safe,4,10,588.7532432432432,28.36243243243243,26.522310810810808,50.0,84.0,70.38333333333334,0.08472972972972972,0.02954954954954955,0.10157657657657658,0.03513513513513514,0.7556489870935489,37.94999999999982,156.0,0.33441441441441444,3712,11100,0.3016187349555292,0.3719712046796627,7.999080823852358,0.40216216216216216,True,True,0.2210551088;0.5230742899;0.4621770162;0.8877431859;0.3493760462;0.4491418585;0.5565464418;0.34857734;0.2223217792;0.6900300697;0.2104662511;0.2177243916,2.045012567;0.9021077578;1.019211399;0.4291816563;1.325898395;1.047619095;0.8463561798;1.328717478;2.03354937;0.6616731043;2.146920017;2.075867389,21.10594595;11.73162162;11.85837838;4.963243243;14.79783784;11.03432432;9.213783784;15.46;25.00648649;7.431621622;25.01675676;28.36243243,0.3719712047;0.2833105985;0.2980504686;0.1141391216;0.3246659312;0.3284427432;0.2552793234;0.3469029957;0.3693365343;0.1963559645;0.3707788894;0.3601910443,0.04405405405;0.1227027027;0.1189189189;0.2178378378;0.08027027027;0.1248648649;0.147027027;0.07675675676;0.03513513514;0.1783783784;0.03648648649;0.03648648649,7.990779129;7.940047399;7.984227984;0.6042715941;7.998513307;7.980959698;7.988055057;7.994331228;7.979412848;7.958558652;7.999080824;7.993215173,8.0
FreshSky-Safe,4,11,467.66513513513513,28.672162162162163,24.991472972972968,42.0,71.0,59.773873873873875,0.055,0.018085585585585585,0.11806306306306309,0.032432432432432434,0.8283546256919601,31.0,135.0,0.15792792792792792,1753,11100,0.25157915829969846,0.3595573310589414,7.998416550426114,0.40216216216216216,True,True,0.95;0.2935060875;0.6227889451;0.4312530983;0.6153269509;0.4183303984;0.9434799305;0.4987828682;0.6260188518;0.4351735249;0.2492611008;0.2092716103,0.3358641596;1.559243329;0.7487311135;1.088976442;0.7590395275;1.120756955;0.3508668233;0.9460759936;0.7443154627;1.079661914;1.819920828;2.159149808,5.08972973;16.09297297;8.322432432;10.94648649;9.033513514;14.37891892;5.108918919;11.73027027;9.987837838;11.77486486;21.98;28.67216216,0.08305829894;0.3510404575;0.2015503214;0.310505445;0.197555423;0.3165381128;0.08923396778;0.2656683669;0.185676533;0.309600349;0.3595573311;0.3489652933,0.207027027;0.06378378378;0.1608108108;0.1037837838;0.1413513514;0.09594594595;0.2045945946;0.1121621622;0.1375675676;0.1132432432;0.04405405405;0.03243243243,0.3358641596;7.995356387;6.061933405;7.934646635;7.898869605;7.962389456;0.3508668233;7.975443879;7.985148419;7.993238288;7.99841655;7.99574904,8.0
FreshSky-Safe,4,12,488.15783783783786,23.58297297297297,22.3147027027027,40.0,69.0,58.66306306306306,0.04997747747747748,0.014954954954954955,0.11236486486486487,0.04243243243243243,0.8170943111997382,33.0,132.0,0.17189189189189188,1908,11100,0.272562988838911,0.3633032948466662,7.9994052379978315,0.40216216216216216,True,True,0.2277146089;0.9318683167;0.4490225566;0.364868936;0.3264467419;0.2532754659;0.5108922966;0.7249468559;0.885090931;0.3371942215;0.4510893652;0.3770521179,1.986329388;0.369039043;1.047885528;1.273544601;1.412123145;1.792296255;0.9237509324;0.6195927545;0.4325165816;1.370290719;1.043286736;1.235229773,21.27702703;5.072432432;13.12405405;14.41459459;14.15243243;23.58297297;9.852432432;6.488378378;5.674594595;15.68864865;12.21648649;12.29594595,0.3553919068;0.0903646954;0.312949597;0.3397266274;0.350359202;0.3633032948;0.2559039745;0.1559029336;0.1129218967;0.334795354;0.2746381841;0.3244981997,0.04243243243;0.2072972973;0.1127027027;0.08756756757;0.08;0.04405405405;0.1305405405;0.1724324324;0.1997297297;0.07027027027;0.1064864865;0.09486486486,7.989881646;0.369039043;7.988680326;7.985704233;7.994034116;7.999405238;7.951267715;1.278371018;0.5950994898;7.984070062;7.995594933;7.995624541,8.0
FreshSky-Safe,4,13,326.63675675675677,23.702972972972972,18.302270270270263,30.0,54.0,44.537837837837834,0.023513513513513513,0.007004504504504504,0.1536036036036036,0.04027027027027027,0.8870952853289827,22.0,106.0,0.07702702702702703,855,11100,0.17955249103538226,0.3514008206455224,7.9898050359666986,0.40216216216216216,True,True,0.931036637;0.7159624459;0.6775674106;0.3509019354;0.95;0.7562371291;0.2357345475;0.5713184825;0.95;0.8385292043;0.9458583108;0.3749843981,0.3702883284;0.6302691506;0.6771299559;1.320546841;0.2764601871;0.5830294735;1.920506701;0.8232731646;0.2265612916;0.488449848;0.3469497415;1.241568686,5.956216216;7.495405405;8.382972973;13.88351351;5.014324324;6.319189189;23.70297297;9.155675676;4.306486486;5.658378378;5.250540541;12.81702703,0.09237192626;0.1756236471;0.1645242785;0.3237124283;0.0705347072;0.1515876631;0.3514008206;0.2403067616;0.05798744409;0.1277890413;0.07464107952;0.3241500948,0.1918918919;0.1667567568;0.1435135135;0.07594594595;0.2121621622;0.1737837838;0.04027027027;0.1405405405;0.2232432432;0.1972972973;0.1848648649;0.09297297297,0.3702883284;2.702691506;2.371299559;7.983514167;0.2764601871;2.379383155;7.950908744;7.758555951;0.2265612916;0.8422492401;0.3469497415;7.989805036,8.0
FreshSky-Safe,4,14,492.1313513513513,23.192432432432433,22.355540540540538,42.0,72.0,59.538288288288285,0.053603603603603604,0.018175675675675677,0.11049549549549549,0.0372972972972973,0.8169486310985262,33.0,133.0,0.19153153153153152,2126,11100,0.2683258371944063,0.36809813044548023,7.996615657206719,0.40216216216216216,True,True,0.3969158517;0.64914127;0.685168137;0.2123384503;0.8391928019;0.2547057577;0.6450583303;0.3536782427;0.3495021855;0.2638904463;0.8142278578;0.4332858251,1.177446822;0.7134614509;0.6676722331;2.128067317;0.4876767217;1.782678959;0.7188179662;1.310923092;1.325454306;1.723560971;0.5165166625;1.084128614,12.00108108;8.134594595;8.001081081;23.19243243;6.15027027;17.59189189;8.777837838;17.74351351;15.28810811;21.67081081;5.926756757;12.66810811,0.3239569904;0.202854445;0.187850485;0.3680981304;0.1285094064;0.360872038;0.2094285858;0.3309195049;0.3345876547;0.349370467;0.1289895665;0.2944727722,0.09837837838;0.1551351351;0.1537837838;0.0372972973;0.1897297297;0.05324324324;0.1475675676;0.06972972973;0.07783783784;0.05135135135;0.1894594595;0.1024324324,7.99404279;7.976920626;5.488789128;7.985884866;1.402827548;7.993763575;6.532813222;7.996615657;7.990900725;7.983268148;1.165166625;7.977800599,8.0
FreshSky-Safe,4,15,439.8291891891892,31.65972972972973,25.11398648648648,39.0,70.0,59.020270270270274,0.04513513513513513,0.015135135135135135,0.13763513513513512,0.028648648648648647,0.8289893236576121,27.0,143.0,0.2009009009009009,2230,11100,0.22781784024810944,0.3670734030181823,7.998515930325501,0.40216216216216216,True,True,0.95;0.6682774533;0.3936552323;0.8783623152;0.2542081145;0.6112416568;0.1961261937;0.2603661895;0.4858854259;0.9440218225;0.777121657;0.6438927182,0.2609434761;0.6888292002;1.186565108;0.4408835581;1.786011998;0.7647485898;2.305041448;1.74572184;0.9708198352;0.349980936;0.5589976316;0.7203540735,4.303243243;6.904864865;12.12432432;5.84972973;19.75837838;7.976486486;31.65972973;18.04378378;9.400810811;4.831891892;7.079189189;9.147567568,0.06502429322;0.199574298;0.3351244696;0.1092676278;0.3649256948;0.2232239127;0.3619538057;0.367073403;0.2841615896;0.08777900234;0.1441307407;0.1915752455,0.2213513514;0.1783783784;0.1056756757;0.1902702703;0.04837837838;0.167027027;0.02864864865;0.05324324324;0.1308108108;0.2108108108;0.1713513514;0.1456756757,0.2609434761;4.043608803;7.996953233;0.6453013484;7.99851593;5.471228847;7.997445409;7.980475891;7.703937199;0.349980936;3.020955001;3.044248882,8.0
FreshSky-Safe,4,16,529.9589189189189,29.944054054054053,28.291824324324324,48.0,81.0,67.88243243243244,0.0729954954954955,0.026081081081081082,0.12662162162162163,0.02972972972972973,0.7564116334128638,29.0,160.0,0.31963963963963965,3548,11100,0.26179742045925125,0.3787632219388673,7.997648772358355,0.40216216216216216,True,True,0.3932789834;0.7735119064;0.901603995;0.8416273572;0.2260479039;0.7045979448;0.6624829137;0.1982197585;0.7522839954;0.3841282698;0.2247729528;0.2144342016,1.187626136;0.5631378354;0.4113518347;0.4848363331;2.00065631;0.6439160289;0.6962092138;2.280313362;0.5876051337;1.214015836;2.011774821;2.107404393,13.84216216;6.935405405;4.94;6.052972973;18.01351351;6.30027027;8.057567568;29.94405405;6.022162162;12.20243243;26.94;22.04351351,0.3267576774;0.1736595325;0.1116208762;0.1230435991;0.3714732122;0.1867356484;0.2186473261;0.3679316424;0.171358362;0.3527208171;0.3588571302;0.3787632219,0.09324324324;0.1956756757;0.2186486486;0.1867567568;0.04594594595;0.1875675676;0.1808108108;0.02972972973;0.1994594595;0.1054054054;0.03513513514;0.04108108108,7.991662489;2.167859391;0.4567591735;0.8241816656;7.644629088;2.526992346;7.997648772;7.974728001;1.90084107;7.992443401;7.988912983;7.992514211,8.0
FreshSky-Safe,4,17,433.67108108108107,31.83054054054054,28.99462162162162,45.0,79.0,66.20675675675676,0.06168918918918919,0.025382882882882884,0.15056306306306308,0.027837837837837838,0.8018214203462278,23.0,152.0,0.20594594594594595,2286,11100,0.20500323454870087,0.36763767007001447,7.9986351286569874,0.40216216216216216,True,True,0.6058267012;0.4606290406;0.8627452041;0.95;0.8920394043;0.9329954481;0.2434414901;0.2237143759;0.7874097494;0.2072792387;0.95;0.5223938409,0.772389876;1.022513998;0.4598691245;0.2139841101;0.4237308779;0.3673358894;1.861711545;2.021113381;0.5472165522;2.179902851;0.241873434;0.9032962107,8.57;11.04891892;4.752702703;3.913243243;5.264324324;4.941891892;21.44324324;31.83054054;6.294864865;26.67432432;4.277297297;9.827297297,0.2139728711;0.2838167233;0.1239160857;0.0589323806;0.1131475966;0.09540805126;0.3663043256;0.3501442371;0.1544038056;0.3676376701;0.06112207048;0.2712329973,0.1462162162;0.1194594595;0.2208108108;0.2332432432;0.2064864865;0.2202702703;0.04945945946;0.02783783784;0.197027027;0.03162162162;0.2189189189;0.1354054054,6.675407644;7.915195973;0.6993456227;0.2139841101;0.5186543897;0.3673358894;7.998635129;7.981195099;1.283299313;7.998057028;0.241873434;7.912071165,8.0
FreshSky-Safe,4,18,332.59216216216214,21.701891891891893,19.778378378378378,32.0,54.0,45.946846846846846,0.02849099099099099,0.006396396396396396,0.16186936936936938,0.04,0.8437312784912409,21.0,98.0,0.1472972972972973,1635,11100,0.18342143237961298,0.3678177237463236,7.998830160981088,0.40216216216216216,True,True,0.95;0.2298402862;0.2514208534;0.95;0.8064515181;0.2889292384;0.86964094;0.95;0.4229897239;0.9113191376;0.93510967;0.8418183031,0.2641897105;1.968390267;1.804941085;0.3377909827;0.5254308787;1.582364629;0.451552802;0.2372894534;1.10910177;0.3983676074;0.3641087485;0.4846132827,4.414864865;21.70189189;18.20459459;4.507297297;6.198108108;16.03378378;5.745675676;4.553513514;10.57351351;4.660540541;5.285135135;6.120810811,0.07040298771;0.3601622192;0.3678177237;0.08627364288;0.1374640785;0.3511138812;0.1222853804;0.06265724215;0.3138458253;0.102175908;0.09575076007;0.1311075395,0.2243243243;0.04;0.05324324324;0.2156756757;0.1897297297;0.06351351351;0.1997297297;0.2194594595;0.1091891892;0.2140540541;0.2121621622;0.2013513514,0.2641897105;7.998830161;7.992702303;0.3377909827;1.027154393;7.994386465;0.812422416;0.2372894534;7.963831864;0.3983676074;0.3641087485;1.776878937,8.0
FreshSky-Safe,4,19,510.677027027027,26.095405405405405,24.570418918918918,42.0,69.0,58.23963963963964,0.05558558558558559,0.016418918918918918,0.1070045045045045,0.0327027027027027,0.8021619920795926,33.899999999999636,122.0,0.2235135135135135,2481,11100,0.28674193459235675,0.35893234713878064,7.999756409858587,0.40216216216216216,True,True,0.8339118425;0.4218873338;0.3658373363;0.3670076204;0.481511622;0.1930715746;0.2120595117;0.3057773787;0.5446939528;0.4653449839;0.3623629999;0.8770434254,0.4938172966;1.111838862;1.270411673;1.266646367;0.9794527448;2.342239302;2.1308523;1.500722279;0.8655191693;1.012509865;1.281724896;0.4425090154,5.685945946;12.67972973;15.48081081;12.04837838;10.46108108;26.09540541;23.3227027;16.4827027;9.052702703;9.717027027;13.02864865;5.342972973,0.1335975983;0.2908810861;0.3296203259;0.3522646249;0.2684229955;0.3589323471;0.3513026764;0.3585509444;0.2605914472;0.2933542094;0.333594885;0.1097900746,0.2016216216;0.09918918919;0.07648648649;0.09702702703;0.117027027;0.0327027027;0.03621621622;0.06486486486;0.1467567568;0.1256756757;0.08459459459;0.2018918919,0.9629037794;7.985393353;7.996998438;7.99975641;7.989054897;7.995675116;7.996876485;7.978728389;7.979345047;7.98764797;7.995895414;0.6125450771,8.0
FreshSky-Safe,4,0,393.9075675675676,19.743513513513513,19.637824324324324,37.0,59.0,50.39279279279279,0.03833333333333333,0.008783783783783784,0.14358108108108109,0.04297297297297297,0.8179170219841605,25.0,121.0,0.13576576576576577,1507,11100,0.21546465266213408,0.3871940384218746,11.998622883977424,0.4032432432432433,True,True,0.95;0.2315765095;0.95;0.8081176242;0.6281327393;0.795200025;0.3394136806;0.9476946562;0.5005847781;0.95;0.23436609;0.2528380647,0.3369544871;1.95400716;0.2191119648;0.5235225351;0.7414402559;0.5383055036;1.361973486;0.3438720469;0.9427001774;0.2738400263;1.931388168;1.795260579,4.847297297;19.74351351;5.072972973;6.322702703;9.148108108;6.035405405;14.55351351;5.150810811;12.1072973;4.527027027;19.55135135;18.9427027,0.08678854763;0.3781267909;0.05756130534;0.1407851142;0.2078036609;0.1497071252;0.3795120715;0.08494568942;0.2659943203;0.06505550895;0.3821016592;0.3871940384,0.2175675676;0.04297297297;0.2121621622;0.1940540541;0.1489189189;0.1935135135;0.07972972973;0.2048648649;0.1127027027;0.2105405405;0.05027027027;0.05567567568,0.3369544871;11.99862288;0.2191119648;1.235225351;7.160327166;1.812888058;11.99301899;0.3438720469;11.96750444;0.2738400263;11.99858589;11.9962049,12.0
FreshSky-Safe,4,1,565.7159459459459,33.137027027027024,30.340202702702697,53.0,96.0,79.28738738738738,0.08698198198198198,0.0363063063063063,0.12405405405405405,0.027567567567567567,0.685442761018529,32.0,184.0,0.2842342342342342,3155,11100,0.2744394460833089,0.3930705402805249,11.997954114978937,0.4032432432432433,True,True,0.5605092249;0.2181252996;0.2316669551;0.3707979081;0.95;0.95;0.2020086086;0.95;0.325972712;0.8362721814;0.2993435181;0.2334007936,0.8400796556;2.072097608;1.953264399;1.254604531;0.2976063768;0.2276934429;2.237061952;0.2579608484;1.414030367;0.4910760745;1.530799061;1.939147999,9.103243243;28.05189189;24.99513514;14.06675676;4.037297297;3.783243243;33.13702703;4.227567568;14.54378378;6.018648649;15.29162162;22.09108108,0.2695066355;0.3802579125;0.3827342403;0.3604444909;0.07962981432;0.06560032708;0.3851374226;0.0683944844;0.3856099027;0.1463937595;0.376493823;0.3930705403,0.1489189189;0.03864864865;0.04162162162;0.09162162162;0.2316216216;0.2532432432;0.02756756757;0.2389189189;0.0827027027;0.2137837838;0.07135135135;0.04864864865,8.441672768;11.99795411;11.99722263;11.99002979;0.2976063768;0.2276934429;11.98800058;0.2579608484;11.99615604;0.9464564472;11.99317275;11.9926919,12.0
FreshSky-Safe,4,2,443.1118918918919,27.60054054054054,24.245540540540535,39.0,67.0,58.1481981981982,0.04481981981981982,0.014121621621621621,0.13319819819819823,0.03216216216216216,0.8208831819123195,27.0,193.0,0.1609009009009009,1786,11100,0.2360369255116215,0.38516134877529823,11.999999667559631,0.4032432432432433,True,True,0.2983974043;0.4720337023;0.7619171253;0.95;0.6042558466;0.7527600943;0.6803453125;0.2438339011;0.7053294905;0.1925045361;0.95;0.2931742638,1.535332493;0.9986066978;0.5764720931;0.328976203;0.7746227687;0.5870535051;0.6736618433;1.858825842;0.6430324214;2.34929577;0.2710575607;1.560894842,16.05702703;9.197297297;7.087027027;5.015405405;9.601891892;6.843513514;7.358108108;21.50054054;7.693243243;27.60054054;4.818108108;16.84621622,0.3730443003;0.2669248714;0.1534662194;0.08331100059;0.2219189554;0.1616777086;0.17770107;0.3777937928;0.1786587376;0.3841416056;0.06864349577;0.3851613488,0.06783783784;0.1262162162;0.1810810811;0.207027027;0.1421621622;0.1797297297;0.1683783784;0.04324324324;0.1697297297;0.03216216216;0.2151351351;0.06567567568,11.99061455;11.94984112;1.941193024;0.328976203;7.492455374;1.470535051;2.757603963;11.9766741;2.688518743;11.99999967;0.2710575607;11.99337702,12.0
FreshSky-Safe,4,3,520.2283783783784,19.97081081081081,19.863486486486487,44.0,68.0,59.43468468468468,0.06355855855855856,0.01623873873873874,0.10799549549549549,0.047837837837837835,0.6994921689941063,36.0,146.0,0.274954954954955,3052,11100,0.3125226033129402,0.392249169275075,11.999550604747439,0.4032432432432433,True,True,0.2469621281;0.8215561338;0.8932287906;0.3220866759;0.225348274;0.2465631425;0.4834834838;0.2778755806;0.2645088005;0.3014458345;0.9387067142;0.2969367479,1.836175919;0.5080937316;0.4222105672;1.429873819;2.006740312;1.839030251;0.9755450403;1.641436133;1.719737046;1.520828652;0.3585144156;1.542388958,17.63459459;5.478378378;4.67972973;12.74594595;19.73972973;19.77567568;10.49027027;17.29486486;19.97081081;15.98;4.535135135;18.26972973,0.3915521081;0.1507802479;0.1170778492;0.3922491693;0.3877890062;0.3792378598;0.3103287871;0.3828538872;0.3894972012;0.3760968153;0.09679889222;0.3760094164,0.05189189189;0.2197297297;0.23;0.08459459459;0.05;0.04783783784;0.1327027027;0.06351351351;0.05351351351;0.07216216216;0.2240540541;0.06594594595,11.99847146;1.372843584;0.4888422689;11.99902226;11.99535677;11.99030251;11.98862601;11.99058221;11.9987162;11.9995506;0.3585144156;11.99016813,12.0
FreshSky-Safe,4,4,501.5191891891892,23.762432432432433,23.085932432432433,42.0,67.0,58.51846846846847,0.05603603603603603,0.015945945945945946,0.10362612612612611,0.04297297297297297,0.8587508431653265,34.0,141.0,0.12504504504504504,1388,11100,0.2807266104360141,0.3796662890303822,11.99793309742019,0.4032432432432433,True,True,0.662118963;0.6741961796;0.3640876;0.2460798207;0.2372011855;0.4128728207;0.5024050881;0.4159209977;0.2309431598;0.4380235493;0.7287104513;0.5641011845,0.6966749552;0.6813572012;1.27608378;1.842501298;1.908996959;1.13470463;0.9393093506;1.126874486;1.959226317;1.072981387;0.6151471375;0.8344446437,7.693243243;7.997567568;14.46378378;20.04297297;22.53243243;12.26189189;10.89081081;12.29297297;23.76243243;13.14810811;7.491351351;8.822702703,0.1892319811;0.1789943783;0.3197107201;0.3739779661;0.3781877759;0.3213974196;0.260975679;0.2917691237;0.379666289;0.2894149796;0.1607695357;0.2246234771,0.1551351351;0.1535135135;0.08081081081;0.04459459459;0.04513513514;0.1037837838;0.1197297297;0.1013513514;0.04297297297;0.09621621622;0.1624324324;0.1378378378,7.906898746;3.376286414;11.99775939;11.99257917;11.9979331;11.95938798;8.143424414;11.98247739;11.99226317;11.98664636;2.18176565;4.344446437,12.0
FreshSky-Safe,4,5,430.7927027027027,23.1327027027027,20.94831081081081,39.0,64.0,54.90405405405406,0.04423423423423423,0.012297297297297297,0.1269144144144144,0.046216216216216216,0.8097827788963121,28.0,150.0,0.11747747747747747,1304,11100,0.2503761831199324,0.37666246427325356,11.999805493476508,0.4032432432432433,True,True,0.9411489522;0.4821824971;0.3825098869;0.7544254172;0.3523107703;0.8677360717;0.95;0.2189202535;0.8265150398;0.3376263363;0.2625732011;0.2699141276,0.3546353857;0.9781203331;1.218803669;0.5851252029;1.315645181;0.4538598372;0.2241414152;2.064668323;0.5023771293;1.368663091;1.731770293;1.687095206,5.362432432;10.42756757;12.32432432;7.012972973;12.65756757;6.101081081;4.73027027;23.1327027;6.082972973;13.72297297;19.16108108;18.63891892,0.08702944059;0.2804826144;0.339288589;0.1529232625;0.348468183;0.1144462779;0.05688345646;0.3766624643;0.1353702697;0.3724983062;0.3697563598;0.3707049736,0.2067567568;0.1221621622;0.09459459459;0.1778378378;0.09189189189;0.1891891892;0.2127027027;0.04621621622;0.1902702703;0.08027027027;0.05297297297;0.05810810811,0.3546353857;10.40924899;11.99487705;1.666126826;11.99855;0.8308786979;0.2241414152;11.99272794;1.023771293;11.99903659;11.99109666;11.99980549,12.0
FreshSky-Safe,4,6,318.37864864864866,16.50702702702703,15.844202702702702,29.0,48.0,41.34279279279279,0.018873873873873875,0.004256756756756757,0.15024774774774777,0.0672972972972973,0.9052242723604159,22.899999999999636,97.0,0.02189189189189189,243,11100,0.17641298868985245,0.35973858271048503,11.994725963041567,0.4032432432432433,True,True,0.6600953202;0.4082536129;0.95;0.8542797728;0.5796663152;0.95;0.7238759829;0.298421524;0.95;0.3698913443;0.95;0.5870736138,0.6992694381;1.146768836;0.2551559305;0.4699577518;0.8105930222;0.2156180293;0.6208604762;1.535216558;0.2628816135;1.257463669;0.2571157349;0.7995478023,8.091351351;14.3127027;4.864054054;6.101351351;9.440540541;4.881891892;7.912702703;16.50702703;4.575945946;15.30189189;4.822162162;9.561621622,0.1923935914;0.317995899;0.05951339677;0.1177434692;0.2070298395;0.05128212588;0.1406165079;0.3597385827;0.06188375279;0.3306789594;0.06198573933;0.2160940006,0.1491891892;0.09027027027;0.1983783784;0.1891891892;0.1316216216;0.2024324324;0.1421621622;0.0672972973;0.2083783784;0.08108108108;0.2018918919;0.1410810811,5.582466515;11.97568324;0.2551559305;0.8197465107;5.369488356;0.2156180293;1.325162857;11.99472596;0.2628816135;11.94927337;0.2571157349;6.790503849,12.0
FreshSky-Safe,4,7,365.97864864864863,26.787297297297297,22.149162162162156,36.0,68.0,54.43468468468468,0.03858108108108108,0.014414414414414415,0.15608108108108104,0.03189189189189189,0.8383183924697705,21.0,129.0,0.12117117117117117,1345,11100,0.19361124925906759,0.38457914057400927,11.999675923811171,0.4032432432432433,True,True,0.95;0.8194645516;0.5139536145;0.1957148488;0.2668165055;0.95;0.9166527097;0.2817874583;0.4060368001;0.95;0.95;0.8957240492,0.2129344738;0.5105004868;0.9182376412;2.309972111;1.705631049;0.2143947682;0.3910280632;1.619983796;1.152645744;0.2643493157;0.2202876177;0.4190042049,4.775405405;5.468918919;10.55891892;26.7872973;17.56351351;4.755945946;5.055135135;18.35432432;10.67648649;4.815405405;4.51027027;5.242972973,0.05225527087;0.1301086376;0.2831646348;0.3845791406;0.3761607935;0.05319308032;0.1036752784;0.3804772754;0.3258560671;0.0663016662;0.05703663183;0.1105265146,0.2094594595;0.192972973;0.132972973;0.03189189189;0.06054054054;0.2113513514;0.2132432432;0.06513513514;0.1113513514;0.2064864865;0.2254054054;0.2121621622,0.2129344738;1.105004868;11.99241631;11.99888442;11.99844559;0.2143947682;0.3910280632;11.99967592;11.99497765;0.2643493157;0.2202876177;0.5520336396,12.0
FreshSky-Safe,4,8,436.3394594594595,27.818378378378377,24.578283783783778,41.0,73.0,60.15360360360361,0.05029279279279279,0.018626126126126127,0.13959459459459458,0.03216216216216216,0.7923798769624061,25.0,136.0,0.13954954954954954,1549,11100,0.22835668142408952,0.3885796794924137,11.996927006973953,0.4032432432432433,True,True,0.924502767;0.7675714746;0.2938168902;0.223720696;0.8564804989;0.95;0.4732619221;0.198994158;0.3554966144;0.365156396;0.95;0.8950142286,0.3798996382;0.5699618165;1.557699888;2.021057334;0.4673466129;0.2347890628;0.9960890923;2.271318822;1.304697623;1.272612991;0.2590903055;0.4199186836,4.681081081;7.050810811;17.01567568;21.9272973;5.624594595;4.647837838;10.30945946;27.81837838;13.07081081;14.79;4.319459459;4.777027027,0.09856855477;0.1600514398;0.3755319731;0.3768998812;0.1178471324;0.06009330879;0.2845584245;0.3885796795;0.3533262211;0.3446373558;0.06533277162;0.1148534345,0.2124324324;0.1808108108;0.06162162162;0.04189189189;0.1948648649;0.2156756757;0.1232432432;0.03216216216;0.08891891892;0.08594594595;0.2194594595;0.2181081081,0.3798996382;2.319389065;11.99629788;11.97921071;0.9387729028;0.2347890628;11.91396003;11.99692701;11.95971917;11.99497158;0.2590903055;0.5195121017,12.0
FreshSky-Safe,4,9,526.3783783783783,29.98135135135135,26.70305405405405,48.0,90.0,72.24504504504505,0.07006756756756757,0.029594594594594594,0.12477477477477478,0.03405405405405405,0.7441730096288881,29.0,147.0,0.22981981981981983,2551,11100,0.25736044480081743,0.3954307437444333,11.999301116358133,0.4032432432432433,True,True,0.3257577326;0.6871221964;0.2523803769;0.1963495047;0.5437054116;0.2493362779;0.95;0.4363495231;0.95;0.6652629851;0.95;0.2127973752,1.414897118;0.6652565043;1.798374164;2.302374716;0.8671448273;1.819394726;0.209506079;1.076896197;0.2790122724;0.6926602831;0.247425482;2.123503268,15.15432432;8.002702703;24.02081081;29.98135135;10.00459459;20.9372973;4.197297297;10.87621622;4.494054054;7.391351351;4.286756757;23.45756757,0.3648140136;0.1842940316;0.3820329981;0.3895369115;0.2676430791;0.3855149906;0.05441495726;0.3204493818;0.07269400826;0.2072364685;0.06426375356;0.3954307437,0.07243243243;0.1645945946;0.04378378378;0.03405405405;0.1362162162;0.04864864865;0.2256756757;0.1148648649;0.2221621622;0.1702702703;0.2251351351;0.03945945946,11.99366253;6.096669111;11.98374164;11.99736337;8.344331028;11.98789452;0.209506079;11.99930112;0.2790122724;3.80458368;0.247425482;11.99288898,12.0
FreshSky-Safe,4,10,592.5381081081081,27.96891891891892,27.301783783783783,51.0,86.0,71.85675675675675,0.08472972972972972,0.03256756756756757,0.10040540540540542,0.034594594594594595,0.7677605356045164,38.0,138.0,0.2417117117117117,2683,11100,0.30515512108171533,0.3847255565437191,11.999080823852353,0.4032432432432433,True,True,0.2210551088;0.5230742899;0.4621770162;0.8877431859;0.3493760462;0.4491418585;0.5565464418;0.34857734;0.2223217792;0.6900300697;0.2104662511;0.2177243916,2.045012567;0.9021077578;1.019211399;0.4291816563;1.325898395;1.047619095;0.8463561798;1.328717478;2.03354937;0.6616731043;2.146920017;2.075867389,23.53864865;12.1372973;11.59135135;5.374864865;15.68918919;10.86027027;9.821351351;14.36648649;21.78108108;7.741351351;26.75594595;27.96891892,0.384683445;0.2730704564;0.2969486185;0.1115872306;0.3339830551;0.330141585;0.2447570574;0.356958155;0.3847255565;0.1890239112;0.3806431165;0.3753392658,0.04486486486;0.1227027027;0.1186486486;0.2145945946;0.07864864865;0.1243243243;0.1378378378;0.08216216216;0.04216216216;0.1697297297;0.03459459459;0.03459459459,11.99689756;11.89695686;11.91870778;0.6042715941;11.9920695;11.98095474;8.880767417;11.99433123;11.99237507;7.696885548;11.99908082;11.99321517,12.0
FreshSky-Safe,4,11,458.6127027027027,28.15108108108108,25.1732027027027,41.0,72.0,60.10225225225225,0.05202702702702703,0.017882882882882884,0.11725225225225226,0.03594594594594595,0.8384027703534762,31.149999999999636,150.0,0.09927927927927928,1102,11100,0.254288601408256,0.37332970488883305,11.99841655042611,0.4032432432432433,True,True,0.95;0.2935060875;0.6227889451;0.4312530983;0.6153269509;0.4183303984;0.9434799305;0.4987828682;0.6260188518;0.4351735249;0.2492611008;0.2092716103,0.3358641596;1.559243329;0.7487311135;1.088976442;0.7590395275;1.120756955;0.3508668233;0.9460759936;0.7443154627;1.079661914;1.819920828;2.159149808,5.04972973;15.7427027;8.554324324;11.34486486;9.33972973;12.40081081;5.202432432;12.10351351;10.51189189;11.61972973;22.73675676;28.15108108,0.08151513928;0.3662114737;0.2007408823;0.3137429426;0.195298819;0.3132061327;0.08781153471;0.261065835;0.1798427091;0.3069741443;0.3733297049;0.3717238994,0.2048648649;0.06756756757;0.1605405405;0.1032432432;0.1356756757;0.09945945946;0.2018918919;0.11;0.1308108108;0.1094594595;0.04756756757;0.03594594595,0.3358641596;11.99535639;7.528942357;11.98189279;7.898869605;11.969959;0.3508668233;11.90582385;8.273779344;11.83391446;11.99841655;11.99149808,12.0
FreshSky-Safe,4,12,475.1645945945946,22.663783783783785,21.173581081081082,39.0,66.0,56.60630630630631,0.04545045045045045,0.013085585585585586,0.11081081081081083,0.0472972972972973,0.8346608517910125,33.0,124.0,0.10162162162162162,1128,11100,0.27545521000515616,0.37901312110018726,11.999405237997824,0.4032432432432433,True,True,0.2277146089;0.9318683167;0.4490225566;0.364868936;0.3264467419;0.2532754659;0.5108922966;0.7249468559;0.885090931;0.3371942215;0.4510893652;0.3770521179,1.986329388;0.369039043;1.047885528;1.273544601;1.412123145;1.792296255;0.9237509324;0.6195927545;0.4325165816;1.370290719;1.043286736;1.235229773,19.95432432;5.108918919;12.19054054;14.43486486;14.64648649;22.66378378;10.29621622;6.650810811;5.601351351;14.65837838;12.56135135;12.51648649,0.3790131211;0.08707326609;0.3118167478;0.3417918349;0.3599005746;0.3744445959;0.2479147773;0.1527212411;0.1094150055;0.3451651216;0.276048031;0.3201582032,0.0472972973;0.2005405405;0.1156756757;0.08540540541;0.07810810811;0.0472972973;0.1205405405;0.1662162162;0.1924324324;0.07675675676;0.1067567568;0.0927027027,11.99698616;0.369039043;11.98868033;11.99469485;11.99403412;11.99940524;7.703765851;1.717556527;0.5625829082;11.98407006;11.94188882;11.975055,12.0
FreshSky-Safe,4,13,333.2591891891892,23.623513513513515,18.751256756756753,31.0,54.0,46.240990990990994,0.024752252252252253,0.007342342342342342,0.15065315315315317,0.04243243243243243,0.8937800963242182,23.0,134.0,0.054144144144144146,601,11100,0.18180835701461842,0.3732011669780366,11.983514166878852,0.4032432432432433,True,True,0.931036637;0.7159624459;0.6775674106;0.3509019354;0.95;0.7562371291;0.2357345475;0.5713184825;0.95;0.8385292043;0.9458583108;0.3749843981,0.3702883284;0.6302691506;0.6771299559;1.320546841;0.2764601871;0.5830294735;1.920506701;0.8232731646;0.2265612916;0.488449848;0.3469497415;1.241568686,6.096756757;7.972162162;8.841081081;14.76486486;5.431621622;6.484054054;23.62351351;9.646216216;4.768378378;6.043513514;5.331351351;13.20378378,0.09207169248;0.1717057578;0.1661713513;0.3394162286;0.0695633606;0.1492240301;0.373201167;0.2420868116;0.05694648681;0.1258088392;0.07370337751;0.3218011811,0.1867567568;0.1640540541;0.1445945946;0.07540540541;0.2040540541;0.1724324324;0.04243243243;0.1405405405;0.2113513514;0.1918918919;0.1835135135;0.09081081081,0.3702883284;2.702691506;4.002689426;11.98351417;0.2764601871;1.498176841;11.97117677;9.828375445;0.2265612916;0.9306990882;0.3469497415;11.96941511,12.0
FreshSky-Safe,4,14,490.52837837837836,27.72108108108108,23.058121621621616,42.0,72.0,61.39684684684685,0.0545045045045045,0.017815315315315314,0.10948198198198196,0.036216216216216214,0.8307552460730477,33.0,169.0,0.1090990990990991,1211,11100,0.2717296335637744,0.3819018103371859,11.996615657206721,0.4032432432432433,True,True,0.3969158517;0.64914127;0.685168137;0.2123384503;0.8391928019;0.2547057577;0.6450583303;0.3536782427;0.3495021855;0.2638904463;0.8142278578;0.4332858251,1.177446822;0.7134614509;0.6676722331;2.128067317;0.4876767217;1.782678959;0.7188179662;1.310923092;1.325454306;1.723560971;0.5165166625;1.084128614,11.82405405;8.696486486;8.131891892;27.72108108;6.083513514;18.54675676;9.281351351;16.61;13.76324324;19.24297297;6.08027027;12.6527027,0.3239569904;0.1978409321;0.1849632538;0.3819018103;0.122314594;0.3748443866;0.2037946072;0.3433201287;0.3406775798;0.3694010405;0.1261975846;0.2915426949,0.09594594595;0.1497297297;0.1494594595;0.03621621622;0.1854054054;0.05459459459;0.1427027027;0.07486486486;0.08540540541;0.0527027027;0.1843243243;0.1024324324,11.97148961;8.83076643;6.156461361;11.9892507;1.402827548;11.99376357;6.451631188;11.99661566;11.98363182;11.98956077;1.165166625;11.73495813,12.0
FreshSky-Safe,4,15,432.8378378378378,29.44081081081081,24.95355405405405,40.0,72.0,58.95315315315315,0.04842342342342342,0.01704954954954955,0.1368918918918919,0.028648648648648647,0.8308069590618341,27.0,130.0,0.14576576576576578,1618,11100,0.23029976599402383,0.3783970041395657,11.998515930325494,0.4032432432432433,True,True,0.95;0.6682774533;0.3936552323;0.8783623152;0.2542081145;0.6112416568;0.1961261937;0.2603661895;0.4858854259;0.9440218225;0.777121657;0.6438927182,0.2609434761;0.6888292002;1.186565108;0.4408835581;1.786011998;0.7647485898;2.305041448;1.74572184;0.9708198352;0.349980936;0.5589976316;0.7203540735,4.462972973;6.916486486;12.26891892;5.926756757;21.28216216;7.732972973;29.44081081;18.76972973;10.29189189;4.746486486;7.094054054;9.073243243,0.06446009111;0.1982711076;0.3396141754;0.1084335237;0.3765106375;0.2188834477;0.3775284101;0.3783970041;0.2844239733;0.08588721349;0.1429220972;0.1882655106,0.2154054054;0.1835135135;0.1064864865;0.1881081081;0.04864864865;0.1648648649;0.02864864865;0.05324324324;0.1310810811;0.2121621622;0.1664864865;0.1440540541,0.2609434761;3.932438003;11.98047157;0.9723698129;11.99851593;5.800726027;11.99744541;11.98047589;11.0163967;0.349980936;1.430978684;3.444248882,12.0
FreshSky-Safe,4,16,534.5108108108108,28.28918918918919,27.413054054054054,48.0,86.0,71.37927927927927,0.07288288288288289,0.027995495495495494,0.12558558558558558,0.030810810810810812,0.766291375398922,30.0,172.0,0.2491891891891892,2766,11100,0.26560786653514856,0.39072416578956876,11.999674416195457,0.4032432432432433,True,True,0.3932789834;0.7735119064;0.901603995;0.8416273572;0.2260479039;0.7045979448;0.6624829137;0.1982197585;0.7522839954;0.3841282698;0.2247729528;0.2144342016,1.187626136;0.5631378354;0.4113518347;0.4848363331;2.00065631;0.6439160289;0.6962092138;2.280313362;0.5876051337;1.214015836;2.011774821;2.107404393,14.29243243;6.961081081;5.061621622;6.127837838;21.06378378;6.450540541;7.333783784;28.28918919;6.015135135;11.45;23.95189189;26.69621622,0.3331772782;0.170919943;0.1100644098;0.1210780464;0.3833690065;0.1832550212;0.2135668804;0.3821065633;0.165799935;0.3553457162;0.3778874325;0.3907241658,0.09486486486;0.1889189189;0.2127027027;0.1848648649;0.04513513514;0.1859459459;0.1772972973;0.03081081081;0.1967567568;0.1091891892;0.04054054054;0.04,11.97928862;2.567859391;0.4567591735;0.8483633313;11.65644267;3.014824404;11.15215934;11.9935297;1.713235936;11.97842757;11.98856908;11.99967442,12.0
FreshSky-Safe,4,17,433.6318918918919,29.837567567567568,29.500135135135135,45.0,85.0,69.07792792792793,0.06013513513513514,0.026441441441441442,0.1482207207207207,0.031081081081081083,0.8049146157397916,24.0,149.0,0.1381981981981982,1534,11100,0.20854132390691274,0.3847233951213454,11.998057027533074,0.4032432432432433,True,True,0.6058267012;0.4606290406;0.8627452041;0.95;0.8920394043;0.9329954481;0.2434414901;0.2237143759;0.7874097494;0.2072792387;0.95;0.5223938409,0.772389876;1.022513998;0.4598691245;0.2139841101;0.4237308779;0.3673358894;1.861711545;2.021113381;0.5472165522;2.179902851;0.241873434;0.9032962107,8.958918919;11.07216216;4.853783784;4.006756757;5.430810811;5.001081081;22.52297297;29.22405405;6.694594595;29.83756757;4.605405405;9.282162162,0.2125115929;0.2816058822;0.1209331509;0.05806487745;0.111200725;0.09381957174;0.3793866229;0.3736328521;0.1535164274;0.3847233951;0.0604029873;0.272697802,0.1456756757;0.1167567568;0.2132432432;0.2302702703;0.1991891892;0.2194594595;0.04648648649;0.03162162162;0.1932432432;0.03108108108;0.2148648649;0.1367567568,6.675407644;10.98273797;0.6993456227;0.2139841101;0.4949235117;0.3673358894;11.99413496;11.98234934;2.061031731;11.99805703;0.241873434;11.93844085,12.0
FreshSky-Safe,4,18,326.0135135135135,22.34189189189189,19.496310810810805,32.0,54.0,45.54144144144144,0.028153153153153154,0.005923423423423424,0.16162162162162164,0.043243243243243246,0.8509876121132703,21.0,104.0,0.09450450450450451,1049,11100,0.1866103587380438,0.38144211397882843,11.998830160981067,0.4032432432432433,True,True,0.95;0.2298402862;0.2514208534;0.95;0.8064515181;0.2889292384;0.86964094;0.95;0.4229897239;0.9113191376;0.93510967;0.8418183031,0.2641897105;1.968390267;1.804941085;0.3377909827;0.5254308787;1.582364629;0.451552802;0.2372894534;1.10910177;0.3983676074;0.3641087485;0.4846132827,4.548108108;22.34189189;17.16810811;4.656216216;6.242162162;15.39810811;5.730810811;4.488648649;10.71675676;4.817837838;5.385135135;6.313243243,0.06911774047;0.381442114;0.3790376278;0.0850868097;0.1339138699;0.3673651936;0.120454761;0.0611821996;0.3132463108;0.1006685711;0.09643961446;0.1313694926,0.2218918919;0.04324324324;0.05297297297;0.2143243243;0.1886486486;0.06918918919;0.1978378378;0.2183783784;0.1110810811;0.2102702703;0.2094594595;0.2021621622,0.2641897105;11.99883016;11.99528678;0.3377909827;1.027154393;11.98877293;0.709316812;0.2372894534;11.98215488;0.3983676074;0.3641087485;2.007652372,12.0
FreshSky-Safe,4,19,519.7962162162162,26.453513513513514,24.861486486486484,43.0,73.0,61.40675675675676,0.05795045045045045,0.019144144144144143,0.10513513513513513,0.033783783783783786,0.8113828055042691,34.0,161.0,0.14243243243243242,1581,11100,0.28988907959990046,0.37855651426629777,11.999634614787878,0.4032432432432433,True,True,0.8339118425;0.4218873338;0.3658373363;0.3670076204;0.481511622;0.1930715746;0.2120595117;0.3057773787;0.5446939528;0.4653449839;0.3623629999;0.8770434254,0.4938172966;1.111838862;1.270411673;1.266646367;0.9794527448;2.342239302;2.1308523;1.500722279;0.8655191693;1.012509865;1.281724896;0.4425090154,5.751351351;11.77891892;15.46513514;12.7427027;11.08864865;26.45351351;23.55891892;17.94405405;8.781621622;10.06405405;14.25;5.441621622,0.1299940667;0.2893786012;0.3354573525;0.3546609829;0.258628468;0.3785565143;0.3726111994;0.3719357648;0.2472577735;0.2936278608;0.3384446549;0.1081157162,0.1956756757;0.1018918919;0.08081081081;0.09540540541;0.1108108108;0.03378378378;0.03972972973;0.06405405405;0.1402702703;0.1213513514;0.07945945946;0.1983783784,0.7752691863;11.93148814;11.99399688;11.99963461;10.83014941;11.99567512;11.99687649;11.97872839;9.041421725;11.68772689;11.99589541;0.5700360617,12.0
FreshSky-Safe,4,0,407.7018918918919,23.79108108108108,21.46859459459459,38.0,62.0,53.03378378378378,0.041891891891891894,0.01114864864864865,0.14132882882882883,0.04162162162162162,0.8208900879913497,25.0,142.0,0.10072072072072072,1118,11100,0.217174850562075,0.39253129960312855,15.998622883977424,0.40432432432432436,True,True,0.95;0.2315765095;0.95;0.8081176242;0.6281327393;0.795200025;0.3394136806;0.9476946562;0.5005847781;0.95;0.23436609;0.2528380647,0.3369544871;1.95400716;0.2191119648;0.5235225351;0.7414402559;0.5383055036;1.361973486;0.3438720469;0.9427001774;0.2738400263;1.931388168;1.795260579,4.901081081;23.79108108;5.038648649;6.421891892;9.356756757;6.192702703;14.86486486;5.48972973;12.01027027;4.638918919;19.56837838;17.36486486,0.08496717202;0.3871046616;0.05702833029;0.1410680993;0.2084048287;0.1491251733;0.3795120715;0.08355161355;0.271089997;0.06387133586;0.387843624;0.3925312996,0.2102702703;0.04162162162;0.2094594595;0.1913513514;0.1432432432;0.1937837838;0.08;0.1994594595;0.1132432432;0.2067567568;0.05;0.05675675676,0.3369544871;15.99862288;0.2191119648;1.482270422;6.408968701;2.089499065;15.99301899;0.3438720469;13.05290479;0.2738400263;15.99858589;15.9962049,16.0
FreshSky-Safe,4,1,559.2451351351351,30.81810810810811,30.14487837837838,52.0,89.0,75.52792792792793,0.08506756756756757,0.03382882882882883,0.12263513513513515,0.03,0.6953243091346234,32.0,183.0,0.21072072072072073,2339,11100,0.2766776216473311,0.3962151046027692,15.999461816734732,0.40432432432432436,True,True,0.5605092249;0.2181252996;0.2316669551;0.3707979081;0.95;0.95;0.2020086086;0.95;0.325972712;0.8362721814;0.2993435181;0.2334007936,0.8400796556;2.072097608;1.953264399;1.254604531;0.2976063768;0.2276934429;2.237061952;0.2579608484;1.414030367;0.4910760745;1.530799061;1.939147999,9.782432432;29.59405405;20.99108108;14.18243243;4.171081081;3.820540541;30.81810811;4.351621622;14.27621622;6.078378378;16.09216216;23.23837838,0.2695066355;0.386978229;0.387485424;0.3692606308;0.07858417029;0.06455416801;0.3857420339;0.06672122484;0.3875207546;0.1432084012;0.384354683;0.3962151046,0.147027027;0.04054054054;0.04162162162;0.09567567568;0.2286486486;0.2502702703;0.03;0.2262162162;0.08405405405;0.2102702703;0.07;0.0472972973,8.402389669;15.99795411;15.99586392;15.9835314;0.2976063768;0.2276934429;15.989346;0.2579608484;15.99946182;1.037532522;15.9947239;15.99349984,16.0
FreshSky-Safe,4,2,437.91324324324324,28.047027027027028,24.114527027027023,38.0,68.0,55.9472972972973,0.0436036036036036,0.013918918918918919,0.13216216216216217,0.03351351351351351,0.8259440875863668,27.0,142.0,0.1190990990990991,1322,11100,0.23773089418036109,0.39233302777768597,15.999999667559637,0.40432432432432436,True,True,0.2983974043;0.4720337023;0.7619171253;0.95;0.6042558466;0.7527600943;0.6803453125;0.2438339011;0.7053294905;0.1925045361;0.95;0.2931742638,1.535332493;0.9986066978;0.5764720931;0.328976203;0.7746227687;0.5870535051;0.6736618433;1.858825842;0.6430324214;2.34929577;0.2710575607;1.560894842,15.81702703;9.52027027;6.771891892;4.942702703;9.770810811;6.767027027;7.262702703;20.89702703;7.815405405;28.04702703;4.938108108;15.33837838,0.3784387117;0.2653055092;0.150350154;0.08179948831;0.2238031729;0.1600910775;0.1769727869;0.3883438854;0.1760518494;0.3904910537;0.06879001337;0.3923330278,0.06378378378;0.1254054054;0.1816216216;0.2051351351;0.1389189189;0.1764864865;0.1683783784;0.04756756757;0.1643243243;0.03351351351;0.2121621622;0.06864864865,15.99530728;8.355414329;2.247081397;0.328976203;5.943209836;1.335267526;3.157603963;15.97687067;1.873356636;15.99999967;0.2710575607;15.99570246,16.0
FreshSky-Safe,4,3,558.2254054054054,23.32189189189189,22.968554054054053,49.0,75.0,64.74954954954956,0.07664414414414414,0.025135135135135135,0.10583333333333333,0.04216216216216216,0.7030113985356111,37.0,120.0,0.2028828828828829,2252,11100,0.3143835608154527,0.39452969062719523,15.99955092535981,0.40432432432432436,True,True,0.2469621281;0.8215561338;0.8932287906;0.3220866759;0.225348274;0.2465631425;0.4834834838;0.2778755806;0.2645088005;0.3014458345;0.9387067142;0.2969367479,1.836175919;0.5080937316;0.4222105672;1.429873819;2.006740312;1.839030251;0.9755450403;1.641436133;1.719737046;1.520828652;0.3585144156;1.542388958,19.84864865;5.871351351;4.916216216;13.19594595;23.32189189;22.67945946;10.38648649;18.2472973;20.31486486;17.27081081;4.713783784;16.44351351,0.3945296906;0.1474845048;0.1151379628;0.3934085264;0.3942973531;0.3832141414;0.3095378047;0.3881774638;0.3918211702;0.3843175107;0.09466718488;0.3760094164,0.05297297297;0.2108108108;0.2259459459;0.08594594595;0.04378378378;0.04216216216;0.1327027027;0.06405405405;0.05567567568;0.0672972973;0.2178378378;0.07081081081,15.99847146;1.048562389;0.5110528362;15.99706677;15.99955093;15.98593431;15.87943218;15.99552575;15.9987162;15.99126408;0.3585144156;15.99016813,16.0
FreshSky-Safe,4,4,498.8816216216216,22.324054054054056,21.719351351351353,41.0,66.0,55.82837837837838,0.05054054054054054,0.013648648648648648,0.10272522522522522,0.0445945945945946,0.8628467547352063,34.0,132.0,0.09054054054054055,1005,11100,0.28190504186291593,0.38760909842432323,15.997933097420184,0.40432432432432436,True,True,0.662118963;0.6741961796;0.3640876;0.2460798207;0.2372011855;0.4128728207;0.5024050881;0.4159209977;0.2309431598;0.4380235493;0.7287104513;0.5641011845,0.6966749552;0.6813572012;1.27608378;1.842501298;1.908996959;1.13470463;0.9393093506;1.126874486;1.959226317;1.072981387;0.6151471375;0.8344446437,7.770540541;8.070810811;14.0027027;20.89891892;21.22459459;11.72783784;11.29594595;12.36648649;22.32405405;13.17621622;7.735135135;9.192162162,0.1882905284;0.1729174086;0.3279880203;0.381447566;0.3781877759;0.3263042505;0.2574215355;0.287809835;0.3876090984;0.2937649042;0.1601045117;0.2210150678,0.1594594595;0.1491891892;0.08486486486;0.04459459459;0.04594594595;0.1024324324;0.1151351351;0.09540540541;0.04567567568;0.09594594595;0.1610810811;0.132972973,4.540149194;2.857643616;15.99551877;15.99257917;15.9979331;15.83702502;7.707568311;15.98685805;15.99226317;15.40838578;2.58176565;6.688892874,16.0
FreshSky-Safe,4,5,435.5064864864865,25.425405405405407,22.013770270270264,39.0,65.0,55.39279279279279,0.045698198198198196,0.013175675675675676,0.1255855855855856,0.04297297297297297,0.8088940061281996,29.0,147.0,0.07468468468468469,829,11100,0.25183326175588067,0.3805685935323836,15.996615764847808,0.40432432432432436,True,True,0.9411489522;0.4821824971;0.3825098869;0.7544254172;0.3523107703;0.8677360717;0.95;0.2189202535;0.8265150398;0.3376263363;0.2625732011;0.2699141276,0.3546353857;0.9781203331;1.218803669;0.5851252029;1.315645181;0.4538598372;0.2241414152;2.064668323;0.5023771293;1.368663091;1.731770293;1.687095206,5.283513514;10.31756757;12.09972973;7.211081081;13.57135135;6.287837838;4.816756757;25.42540541;6.222162162;13.27918919;19.22243243;18.01162162,0.08616681397;0.2757241912;0.3415944338;0.1521325527;0.351668401;0.1123609759;0.05639882638;0.3805685935;0.1342840489;0.3773071225;0.3739687741;0.3798244071,0.207027027;0.1237837838;0.09297297297;0.1778378378;0.08945945946;0.1827027027;0.2113513514;0.04297297297;0.1859459459;0.08405405405;0.04945945946;0.05945945946,0.3546353857;10.40924899;15.47693209;1.666126826;15.94145241;0.7770188607;0.2241414152;15.99272794;1.014262776;15.97967823;15.98124352;15.99661576,16.0
FreshSky-Safe,4,6,323.7316216216216,17.24108108108108,16.745189189189187,30.0,50.0,42.270270270270274,0.02060810810810811,0.004887387387387388,0.14961711711711712,0.0645945945945946,0.906315969556604,23.0,102.0,0.011711711711711712,130,11100,0.1773566794956244,0.3672072038048208,15.991713306680744,0.40432432432432436,True,True,0.6600953202;0.4082536129;0.95;0.8542797728;0.5796663152;0.95;0.7238759829;0.298421524;0.95;0.3698913443;0.95;0.5870736138,0.6992694381;1.146768836;0.2551559305;0.4699577518;0.8105930222;0.2156180293;0.6208604762;1.535216558;0.2628816135;1.257463669;0.2571157349;0.7995478023,8.289189189;12.98540541;4.986486486;5.977027027;10.31972973;4.872972973;8.027297297;17.24108108;4.594594595;16.33945946;4.792702703;9.874324324,0.1925825831;0.3173760239;0.05903066933;0.1164733131;0.2076870771;0.05104902531;0.1391063067;0.3672072038;0.06131536012;0.3395151906;0.06170777637;0.2152296246,0.147027027;0.09675675676;0.1983783784;0.1902702703;0.1286486486;0.1994594595;0.1437837838;0.06459459459;0.1991891892;0.07864864865;0.2062162162;0.1424324324,5.881735953;12.48214556;0.2551559305;0.8197465107;5.369488356;0.2156180293;1.504302381;15.99171331;0.2628816135;15.96050178;0.2571157349;5.591408244,16.0
FreshSky-Safe,4,7,363.40054054054053,25.73135135135135,21.908256756756753,37.0,66.0,54.383783783783784,0.0397972972972973,0.013648648648648648,0.15648648648648647,0.03432432432432433,0.8384899522320939,21.0,128.0,0.09765765765765766,1084,11100,0.19472472456611375,0.39144662522711676,15.999675923811179,0.40432432432432436,True,True,0.95;0.8194645516;0.5139536145;0.1957148488;0.2668165055;0.95;0.9166527097;0.2817874583;0.4060368001;0.95;0.95;0.8957240492,0.2129344738;0.5105004868;0.9182376412;2.309972111;1.705631049;0.2143947682;0.3910280632;1.619983796;1.152645744;0.2643493157;0.2202876177;0.4190042049,4.612702703;5.556486486;10.00945946;25.73135135;18.55864865;4.756216216;5.025675676;18.78027027;11.40027027;4.68027027;4.596216216;5.154594595,0.05265811988;0.1279010679;0.2816756008;0.3914466252;0.3867633649;0.05342485845;0.1021957127;0.3804772754;0.3277252223;0.0659444374;0.05697709464;0.1095073152,0.2137837838;0.1932432432;0.137027027;0.03432432432;0.06162162162;0.2105405405;0.2118918919;0.06432432432;0.1051351351;0.2124324324;0.2254054054;0.2081081081,0.2129344738;0.9525024341;10.86536688;15.99776885;15.99844559;0.2143947682;0.3910280632;15.99967592;15.96878934;0.2643493157;0.2202876177;0.5520336396,16.0
FreshSky-Safe,4,8,435.9548648648649,26.99837837837838,24.930527027027026,41.0,75.0,61.37522522522522,0.050608108108108105,0.018513513513513515,0.13851351351351351,0.03648648648648649,0.7976776839299536,26.0,145.0,0.11315315315315315,1256,11100,0.22981810951902357,0.3959461189140708,15.997485791370856,0.40432432432432436,True,True,0.924502767;0.7675714746;0.2938168902;0.223720696;0.8564804989;0.95;0.4732619221;0.198994158;0.3554966144;0.365156396;0.95;0.8950142286,0.3798996382;0.5699618165;1.557699888;2.021057334;0.4673466129;0.2347890628;0.9960890923;2.271318822;1.304697623;1.272612991;0.2590903055;0.4199186836,4.711081081;7.276486486;16.75864865;23.23864865;6.025405405;4.777027027;10.58108108;26.99837838;13.01513514;14.80972973;4.485675676;4.876486486,0.09682306995;0.163440402;0.3788999728;0.3889169789;0.117089273;0.05926837424;0.2821355051;0.3959461189;0.353678842;0.3429176085;0.06498264958;0.1137185192,0.2081081081;0.1832432432;0.06;0.04432432432;0.1889189189;0.2108108108;0.1221621622;0.03648648649;0.08837837838;0.08405405405;0.2159459459;0.2197297297,0.3798996382;2.549427248;15.99259576;15.97992551;0.7367330643;0.2347890628;15.68658368;15.99692701;15.948974;15.99748579;0.2590903055;0.4995934181,16.0
FreshSky-Safe,4,9,524.2972972972973,26.834594594594595,25.575689189189188,46.0,81.0,66.91666666666667,0.06808558558558558,0.025112612612612613,0.1236711711711712,0.034594594594594595,0.742342646974389,30.0,142.0,0.1744144144144144,1936,11100,0.2574751517309883,0.39428290413995026,15.998106885519274,0.40432432432432436,True,True,0.3257577326;0.6871221964;0.2523803769;0.1963495047;0.5437054116;0.2493362779;0.95;0.4363495231;0.95;0.6652629851;0.95;0.2127973752,1.414897118;0.6652565043;1.798374164;2.302374716;0.8671448273;1.819394726;0.209506079;1.076896197;0.2790122724;0.6926602831;0.247425482;2.123503268,16.01756757;7.925675676;20.78567568;26.83459459;9.716756757;23.49486486;4.241621622;10.3827027;4.628108108;7.564324324;4.422432432;24.54567568,0.3690204645;0.1833950363;0.3800888098;0.3907814383;0.258034177;0.3919074586;0.05469807359;0.3216135939;0.07435300015;0.2077980849;0.06372877955;0.3942829041,0.06891891892;0.1635135135;0.04486486486;0.03459459459;0.1286486486;0.04810810811;0.2267567568;0.1175675676;0.2189189189;0.1713513514;0.222972973;0.03783783784,15.99810689;5.166156103;15.99677052;15.99736337;7.00717241;15.99036754;0.209506079;15.87619731;0.2790122724;2.897243963;0.247425482;15.99466673,16.0
FreshSky-Safe,4,10,584.6472972972973,28.403783783783783,27.11708108108108,50.0,87.0,70.9472972972973,0.0811936936936937,0.03045045045045045,0.10024774774774775,0.03351351351351351,0.7735667770122053,38.0,144.0,0.18423423423423424,2045,11100,0.30729536503390437,0.39518486084094945,15.994967509628363,0.40432432432432436,True,True,0.2210551088;0.5230742899;0.4621770162;0.8877431859;0.3493760462;0.4491418585;0.5565464418;0.34857734;0.2223217792;0.6900300697;0.2104662511;0.2177243916,2.045012567;0.9021077578;1.019211399;0.4291816563;1.325898395;1.047619095;0.8463561798;1.328717478;2.03354937;0.6616731043;2.146920017;2.075867389,22.07351351;11.44540541;11.58702703;5.365945946;14.60027027;11.03864865;9.254864865;14.52297297;24.86378378;7.495945946;26.06432432;28.40378378,0.3951848608;0.266243695;0.2944694556;0.1096153149;0.3379249152;0.3284427432;0.2442995676;0.3605492833;0.38912242;0.1850896386;0.3934085869;0.3831938991,0.04540540541;0.1181081081;0.1159459459;0.2105405405;0.08243243243;0.127027027;0.1424324324;0.08351351351;0.03972972973;0.1667567568;0.03351351351;0.03756756757,15.98667136;8.050586188;12.43397617;0.5750899378;15.96827799;13.79047836;6.834411237;15.99433123;15.99496751;2.616731043;15.99148032;15.99321517,16.0
FreshSky-Safe,4,11,470.54297297297296,29.314864864864866,25.750121621621616,43.0,73.0,61.70855855855856,0.0590990990990991,0.02018018018018018,0.11745495495495496,0.034594594594594595,0.832859119597164,31.0,156.0,0.07225225225225225,802,11100,0.25520935529610095,0.3804772093942121,15.996833100852209,0.40432432432432436,True,True,0.95;0.2935060875;0.6227889451;0.4312530983;0.6153269509;0.4183303984;0.9434799305;0.4987828682;0.6260188518;0.4351735249;0.2492611008;0.2092716103,0.3358641596;1.559243329;0.7487311135;1.088976442;0.7590395275;1.120756955;0.3508668233;0.9460759936;0.7443154627;1.079661914;1.819920828;2.159149808,5.022432432;17.11081081;8.412972973;11.61567568;9.558378378;14.26351351;5.121621622;11.7;10.09297297;11.76216216;22.83351351;29.31486486,0.07979043144;0.3632615539;0.1997290835;0.3137429426;0.1959142564;0.3144177619;0.08724256148;0.2597873539;0.1812508735;0.3066823438;0.3802158918;0.3804772094,0.2075675676;0.06540540541;0.1605405405;0.1043243243;0.1421621622;0.0927027027;0.2005405405;0.1091891892;0.1354054054;0.1097297297;0.0472972973;0.03459459459,0.3358641596;15.99535639;6.913202292;14.04882212;7.498869605;15.94346559;0.3508668233;14.74405183;9.418094807;15.95087169;15.9968331;15.99149808,16.0
FreshSky-Safe,4,12,484.71972972972975,23.16972972972973,19.92309459459459,40.0,67.0,57.70945945945946,0.049391891891891894,0.014324324324324324,0.10889639639639641,0.047837837837837835,0.8360712732008707,33.0,143.0,0.06441441441441441,715,11100,0.2769146069798368,0.3894611320756274,15.995698812278214,0.40432432432432436,True,True,0.2277146089;0.9318683167;0.4490225566;0.364868936;0.3264467419;0.2532754659;0.5108922966;0.7249468559;0.885090931;0.3371942215;0.4510893652;0.3770521179,1.986329388;0.369039043;1.047885528;1.273544601;1.412123145;1.792296255;0.9237509324;0.6195927545;0.4325165816;1.370290719;1.043286736;1.235229773,17.26675676;4.978378378;12.0227027;16.36756757;16.06945946;23.16972973;11.00675676;7.065945946;5.902702703;15.56189189;12.29756757;13.39297297,0.386528962;0.08677404525;0.3092678371;0.3428244386;0.3633354687;0.3894611321;0.2456678155;0.1507117511;0.1082460418;0.3555348892;0.2627954698;0.3218274327,0.05027027027;0.1989189189;0.11;0.0827027027;0.07540540541;0.04783783784;0.1218918919;0.1640540541;0.1875675676;0.07702702703;0.1005405405;0.09054054054,15.9934339;0.369039043;15.98868033;15.96241785;15.99403412;15.99199887;8.627516783;1.576334791;0.5625829082;15.99569881;9.855315351;15.975055,16.0
FreshSky-Safe,4,13,326.9664864864865,22.776756756756757,18.59928378378378,30.0,53.0,44.84144144144144,0.022747747747747748,0.007094594594594595,0.15231981981981982,0.04378378378378378,0.8951500690901897,23.0,122.0,0.03504504504504505,389,11100,0.1829768208042881,0.38254417254911416,15.972577345074747,0.40432432432432436,True,True,0.931036637;0.7159624459;0.6775674106;0.3509019354;0.95;0.7562371291;0.2357345475;0.5713184825;0.95;0.8385292043;0.9458583108;0.3749843981,0.3702883284;0.6302691506;0.6771299559;1.320546841;0.2764601871;0.5830294735;1.920506701;0.8232731646;0.2265612916;0.488449848;0.3469497415;1.241568686,6.038108108;7.846216216;8.511351351;15.18135135;5.154324324;6.555945946;22.77675676;9.553513514;4.63972973;5.75;5.464864865;12.57972973,0.09097083528;0.1725574729;0.1630602137;0.3479819379;0.0688161709;0.1487513035;0.3825441725;0.238971724;0.05713018515;0.1250167584;0.07342206691;0.3264990085,0.187027027;0.1662162162;0.1462162162;0.07837837838;0.2083783784;0.1713513514;0.04378378378;0.1364864865;0.2156756757;0.197027027;0.1821621622;0.09513513514,0.3702883284;2.702691506;2.494169603;15.97257735;0.2764601871;1.464235788;15.96864327;10.22837544;0.2265612916;0.9306990882;0.3469497415;15.77725854,16.0
FreshSky-Safe,4,14,496.81756756756755,27.04081081081081,23.30779729729729,42.0,75.0,60.92297297297297,0.05653153153153153,0.019234234234234236,0.10849099099099098,0.03351351351351351,0.8308739938447225,34.0,133.0,0.07585585585585586,842,11100,0.27315183031078644,0.3928297235847862,15.995853383241895,0.40432432432432436,True,True,0.3969158517;0.64914127;0.685168137;0.2123384503;0.8391928019;0.2547057577;0.6450583303;0.3536782427;0.3495021855;0.2638904463;0.8142278578;0.4332858251,1.177446822;0.7134614509;0.6676722331;2.128067317;0.4876767217;1.782678959;0.7188179662;1.310923092;1.325454306;1.723560971;0.5165166625;1.084128614,11.87675676;8.283243243;8.362972973;27.04081081;6.234594595;18.73378378;9.235945946;16.2027027;15.52864865;20.25351351;6.253783784;13.25297297,0.3210929306;0.1961054853;0.180091051;0.3928297236;0.1227100076;0.3820714634;0.2026289564;0.3472174676;0.3388864254;0.3791834135;0.1252203909;0.2897846485,0.09972972973;0.1508108108;0.1445945946;0.03351351351;0.1837837838;0.05324324324;0.1416216216;0.07837837838;0.07972972973;0.05567567568;0.1827027027;0.09810810811,14.52340465;8.83076643;4.953444662;15.9892507;1.402827548;15.99376357;5.013995255;15.94277026;15.99090073;15.99585338;1.165166625;15.73495813,16.0
FreshSky-Safe,4,15,428.2781081081081,31.03864864864865,24.827662162162156,39.0,72.0,59.538738738738736,0.04502252252252252,0.015540540540540541,0.13668918918918918,0.02810810810810811,0.8377231695085257,26.0,183.0,0.10882882882882883,1208,11100,0.23206306477162522,0.3874961568691695,15.998515930325487,0.40432432432432436,True,True,0.95;0.6682774533;0.3936552323;0.8783623152;0.2542081145;0.6112416568;0.1961261937;0.2603661895;0.4858854259;0.9440218225;0.777121657;0.6438927182,0.2609434761;0.6888292002;1.186565108;0.4408835581;1.786011998;0.7647485898;2.305041448;1.74572184;0.9708198352;0.349980936;0.5589976316;0.7203540735,4.339189189;6.698378378;11.81459459;5.767027027;19.74594595;7.775405405;31.03864865;18.36351351;10.07918919;4.914594595;7.455405405;9.145675676,0.063895889;0.1958508969;0.3389727889;0.1065270002;0.3851993445;0.2195035142;0.3874961569;0.3873615217;0.2865230433;0.08494131907;0.142166695;0.1863186077,0.2162162162;0.1772972973;0.1086486486;0.1905405405;0.05243243243;0.1648648649;0.02810810811;0.05540540541;0.1332432432;0.2048648649;0.1643243243;0.1443243243,0.2609434761;3.243608803;15.69099748;0.6861849064;15.99851593;6.235977437;15.99489082;15.9892966;7.703937199;0.349980936;1.430978684;3.123894809,16.0
FreshSky-Safe,4,16,535.022972972973,33.288648648648646,29.897972972972966,49.0,95.0,80.11576576576577,0.07403153153153152,0.02927927927927928,0.12578828828828828,0.03,0.7670807525206601,29.0,264.0,0.1872072072072072,2078,11100,0.2676567602466356,0.39755899084711244,15.999348832390874,0.40432432432432436,True,True,0.3932789834;0.7735119064;0.901603995;0.8416273572;0.2260479039;0.7045979448;0.6624829137;0.1982197585;0.7522839954;0.3841282698;0.2247729528;0.2144342016,1.187626136;0.5631378354;0.4113518347;0.4848363331;2.00065631;0.6439160289;0.6962092138;2.280313362;0.5876051337;1.214015836;2.011774821;2.107404393,13.92351351;7.101351351;5.040810811;5.91972973;19.24297297;6.593783784;7.216486486;33.28864865;6.148378378;11.03918919;26.12594595;27.12378378,0.3338192382;0.1693979489;0.1092861766;0.1191124937;0.3925612111;0.1820368017;0.2098035874;0.390734776;0.1667528082;0.3504240304;0.3903930598;0.3975589908,0.09297297297;0.1862162162;0.2148648649;0.1854054054;0.04702702703;0.1848648649;0.1789189189;0.03;0.1978378378;0.1086486486;0.04189189189;0.04081081081,15.92145566;2.773343202;0.4567591735;0.8241816656;15.72141737;3.014824404;7.093857986;15.99039609;1.90084107;15.9924434;15.98960079;15.99934883,16.0
FreshSky-Safe,4,17,414.2756756756757,30.62837837837838,27.3422027027027,42.0,79.0,64.03153153153153,0.053400900900900904,0.020833333333333332,0.14693693693693693,0.03216216216216216,0.8096575340693771,24.0,157.0,0.1109009009009009,1231,11100,0.2100940814445992,0.3953283279118267,15.998635128657027,0.40432432432432436,True,True,0.6058267012;0.4606290406;0.8627452041;0.95;0.8920394043;0.9329954481;0.2434414901;0.2237143759;0.7874097494;0.2072792387;0.95;0.5223938409,0.772389876;1.022513998;0.4598691245;0.2139841101;0.4237308779;0.3673358894;1.861711545;2.021113381;0.5472165522;2.179902851;0.241873434;0.9032962107,8.763243243;10.72297297;4.97972973;4.243783784;5.365945946;5.07;20.87081081;24.65351351;6.692972973;30.62837838;4.504594595;9.233783784,0.2100065447;0.2724861627;0.1195659724;0.05870104642;0.1109716813;0.09441525156;0.391965755;0.3840115424;0.1526290492;0.3953283279;0.05981464652;0.2712329973,0.1424324324;0.1132432432;0.2081081081;0.2275675676;0.2005405405;0.2172972973;0.04972972973;0.03486486486;0.19;0.03216216216;0.2137837838;0.1335135135,6.675407644;9.96022397;0.6993456227;0.2139841101;0.4949235117;0.3673358894;15.99863513;15.98350358;2.208248284;15.99805703;0.241873434;13.44832948,16.0
FreshSky-Safe,4,18,343.21216216216214,22.934324324324326,20.86409459459459,33.0,59.0,49.18018018018018,0.030472972972972974,0.009054054054054054,0.16022522522522523,0.04243243243243243,0.8513872049222831,21.0,128.0,0.0763063063063063,847,11100,0.18833063280046755,0.3915500640005823,15.998830160981063,0.40432432432432436,True,True,0.95;0.2298402862;0.2514208534;0.95;0.8064515181;0.2889292384;0.86964094;0.95;0.4229897239;0.9113191376;0.93510967;0.8418183031,0.2641897105;1.968390267;1.804941085;0.3377909827;0.5254308787;1.582364629;0.451552802;0.2372894534;1.10910177;0.3983676074;0.3641087485;0.4846132827,4.645405405;22.93432432;19.17027027;4.578918919;6.537837838;16.33;5.815135135;4.651081081;10.48756757;4.900810811;5.302702703;6.15,0.0680467011;0.391550064;0.3868427784;0.08526939942;0.1349079283;0.3759185159;0.119234348;0.06137459645;0.3132463108;0.1004532372;0.09476668237;0.1283570316,0.2208108108;0.04243243243;0.05567567568;0.2156756757;0.1843243243;0.0672972973;0.1954054054;0.2151351351;0.1097297297;0.2094594595;0.2086486486;0.1981081081,0.2641897105;15.99883016;15.9927023;0.3377909827;1.027154393;15.995976;0.760869614;0.2372894534;15.03700444;0.3983676074;0.3641087485;1.776878937,16.0
FreshSky-Safe,4,19,512.1464864864865,28.824864864864864,25.789459459459454,43.0,72.0,60.83108108108108,0.05799549549549549,0.01831081081081081,0.10371621621621623,0.03216216216216216,0.8254199220620171,34.0,157.0,0.09765765765765766,1084,11100,0.29119267817924405,0.3874190413561442,15.999512819717168,0.40432432432432436,True,True,0.8339118425;0.4218873338;0.3658373363;0.3670076204;0.481511622;0.1930715746;0.2120595117;0.3057773787;0.5446939528;0.4653449839;0.3623629999;0.8770434254,0.4938172966;1.111838862;1.270411673;1.266646367;0.9794527448;2.342239302;2.1308523;1.500722279;0.8655191693;1.012509865;1.281724896;0.4425090154,6.11;12.4;15.07513514;13.3372973;11.74405405;28.82486486;23.30594595;15.26945946;9.518378378;10.08837838;13.29459459;5.725405405,0.128259033;0.2881766132;0.3368307706;0.3580843515;0.2620697885;0.3874190414;0.3795220718;0.3759917709;0.2500648627;0.2873338805;0.3356733578;0.1048865964,0.1878378378;0.09891891892;0.08162162162;0.09513513514;0.1083783784;0.03216216216;0.04;0.06972972973;0.1386486486;0.1167567568;0.08486486486;0.1905405405,0.8690864829;12.73148814;15.96852528;15.99951282;10.70686588;15.99288744;15.99687649;15.99606308;9.906940894;11.33776635;15.98316635;0.6125450771,16.0
FreshSky-Safe,4,0,380.21189189189187,19.73675675675676,19.48331081081081,34.0,57.0,47.62117117117117,0.03123873873873874,0.007387387387387387,0.14288288288288287,0.046486486486486484,0.8276516506912268,26.0,105.0,0.0436036036036036,484,11100,0.21799700177463743,0.39932417747017895,23.99998220044627,0.4064864864864865,True,True,0.95;0.2315765095;0.95;0.8081176242;0.6281327393;0.795200025;0.3394136806;0.9476946562;0.5005847781;0.95;0.23436609;0.2528380647,0.3369544871;1.95400716;0.2191119648;0.5235225351;0.7414402559;0.5383055036;1.361973486;0.3438720469;0.9427001774;0.2738400263;1.931388168;1.795260579,4.786216216;19.73675676;5.251891892;6.178108108;8.887837838;6.445675676;13.51513514;5.397567568;10.98513514;4.716756757;19.27594595;17.05864865,0.08514930958;0.391857652;0.05744286644;0.1380967552;0.2055993791;0.1501435891;0.3828249799;0.08438805907;0.2647204012;0.06335326013;0.3930635921;0.3993241775,0.2118918919;0.04648648649;0.2083783784;0.1943243243;0.1491891892;0.1897297297;0.08405405405;0.202972973;0.1164864865;0.2048648649;0.04756756757;0.05864864865,0.3369544871;23.9916825;0.2191119648;1.141135211;5.287364863;2.212888058;23.85078037;0.3438720469;13.05290479;0.2738400263;23.99858589;23.9999822,24.0
FreshSky-Safe,4,1,531.0848648648648,32.009189189189186,28.060932432432427,48.0,87.0,72.6,0.07423423423423424,0.028288288288288287,0.12324324324324322,0.030810810810810812,0.7060904900293445,32.0,212.0,0.12144144144144144,1348,11100,0.2784841936276064,0.4009319510861356,23.998742767051603,0.4064864864864865,True,True,0.5605092249;0.2181252996;0.2316669551;0.3707979081;0.95;0.95;0.2020086086;0.95;0.325972712;0.8362721814;0.2993435181;0.2334007936,0.8400796556;2.072097608;1.953264399;1.254604531;0.2976063768;0.2276934429;2.237061952;0.2579608484;1.414030367;0.4910760745;1.530799061;1.939147999,9.232432432;24.83054054;19.72405405;13.69837838;4.377027027;4.018108108;32.00918919;4.371351351;14.2827027;6.283243243;14.2927027;23.1727027,0.2588353534;0.3959386511;0.3938203355;0.3689215485;0.07810156536;0.06406185787;0.3911835359;0.0663726291;0.3924889694;0.1430756779;0.3880782483;0.4009319511,0.1451351351;0.04405405405;0.04621621622;0.09567567568;0.2254054054;0.2489189189;0.03081081081;0.2264864865;0.08378378378;0.2094594595;0.07513513514;0.04783783784,6.761513457;23.99874277;23.99722263;23.76901231;0.2976063768;0.2276934429;23.99136411;0.2579608484;23.97855081;0.9464564472;23.94910699;23.99188396,24.0
FreshSky-Safe,4,2,428.1718918918919,25.421891891891892,23.686270270270267,38.0,66.0,54.58783783783784,0.04182432432432433,0.013400900900900901,0.13130630630630633,0.036216216216216214,0.825120220435367,28.0,128.0,0.055765765765765765,619,11100,0.23917147325070218,0.3995047067800737,23.99999933511995,0.4064864864864865,True,True,0.2983974043;0.4720337023;0.7619171253;0.95;0.6042558466;0.7527600943;0.6803453125;0.2438339011;0.7053294905;0.1925045361;0.95;0.2931742638,1.535332493;0.9986066978;0.5764720931;0.328976203;0.7746227687;0.5870535051;0.6736618433;1.858825842;0.6430324214;2.34929577;0.2710575607;1.560894842,15.21783784;9.068918919;7.179459459;5.214864865;9.747567568;7.183513514;7.428918919;22.26621622;7.425945946;25.42189189;4.855675676;17.28216216,0.3834181685;0.2658452966;0.1522197932;0.08153275085;0.2173130902;0.1597737513;0.1740596547;0.393367739;0.1758780569;0.3993802809;0.06776439017;0.3995047068,0.06648648649;0.1305405405;0.18;0.2064864865;0.1348648649;0.1740540541;0.1627027027;0.0427027027;0.1681081081;0.03621621622;0.2091891892;0.06432432432,23.98228171;8.156807631;1.588248838;0.328976203;5.244718762;1.522321031;2.92591318;23.97718519;2.273356636;23.99999934;0.2710575607;23.99901395,24.0
FreshSky-Safe,4,3,529.7391891891892,24.413783783783785,21.972378378378377,45.0,72.0,61.936036036036036,0.06648648648648649,0.018986486486486487,0.10709459459459458,0.04675675675675676,0.7125599183125491,36.0,148.0,0.09441441441441441,1048,11100,0.31613910156802794,0.3991786133321246,23.99955092536107,0.4064864864864865,True,True,0.2469621281;0.8215561338;0.8932287906;0.3220866759;0.225348274;0.2465631425;0.4834834838;0.2778755806;0.2645088005;0.3014458345;0.9387067142;0.2969367479,1.836175919;0.5080937316;0.4222105672;1.429873819;2.006740312;1.839030251;0.9755450403;1.641436133;1.719737046;1.520828652;0.3585144156;1.542388958,19.97486486;5.832162162;4.827837838;13.72594595;19.55297297;24.41378378;10.23486486;16.45378378;18.30621622;16.16513514;4.645675676;16.73027027,0.398003537;0.145561988;0.1152520738;0.3953407883;0.3991786133;0.3911667047;0.2992550326;0.3917265149;0.3969339019;0.3896609628;0.09224479018;0.3793443114,0.05216216216;0.2091891892;0.2291891892;0.08162162162;0.05027027027;0.04675675676;0.1337837838;0.06621621622;0.05783783784;0.07216216216;0.2172972973;0.06864864865,23.99954416;1.048562389;0.5332634034;23.97476381;23.99955093;23.97186862;17.78161234;23.97622089;23.99608666;23.99126408;0.3585144156;23.94756335,24.0
FreshSky-Safe,4,4,484.1267567567568,21.516216216216215,21.02181081081081,41.0,63.0,54.21036036036036,0.05045045045045045,0.011824324324324325,0.10328828828828829,0.046216216216216216,0.8758203347402164,35.0,126.0,0.03864864864864865,429,11100,0.2834432658047175,0.3966109490707897,23.994974050616257,0.4064864864864865,True,True,0.662118963;0.6741961796;0.3640876;0.2460798207;0.2372011855;0.4128728207;0.5024050881;0.4159209977;0.2309431598;0.4380235493;0.7287104513;0.5641011845,0.6966749552;0.6813572012;1.27608378;1.842501298;1.908996959;1.13470463;0.9393093506;1.126874486;1.959226317;1.072981387;0.6151471375;0.8344446437,8.044054054;8.23972973;14.72918919;18.55135135;20.6172973;12.23783784;12.00243243;12.09621622;21.51621622;13.53405405;7.988918919;9.402972973,0.1864076231;0.1740223122;0.3266084703;0.3948928457;0.3936661296;0.3186373273;0.2548828616;0.2862870316;0.3966109491;0.2897049746;0.1567793921;0.2228192724,0.1556756757;0.1513513514;0.08432432432;0.05432432432;0.0472972973;0.1002702703;0.1143243243;0.09945945946;0.04621621622;0.09702702703;0.1578378378;0.1313513514,4.140149194;6.589858426;22.92810523;23.99257917;23.99173239;14.53934541;9.464805713;17.10497123;23.99497405;15.7515533;2.58176565;6.116669655,24.0
FreshSky-Safe,4,5,422.16513513513513,22.282972972972974,20.49339189189189,37.0,59.0,50.596846846846844,0.03945945945945946,0.008648648648648649,0.12524774774774775,0.04540540540540541,0.8182169139728103,28.0,108.0,0.03135135135135135,348,11100,0.2535926661497898,0.3917289628441837,23.999805493476746,0.4064864864864865,True,True,0.9411489522;0.4821824971;0.3825098869;0.7544254172;0.3523107703;0.8677360717;0.95;0.2189202535;0.8265150398;0.3376263363;0.2625732011;0.2699141276,0.3546353857;0.9781203331;1.218803669;0.5851252029;1.315645181;0.4538598372;0.2241414152;2.064668323;0.5023771293;1.368663091;1.731770293;1.687095206,5.348918919;10.63945946;11.8072973;7.15972973;13.23648649;6.232432432;4.767297297;22.28297297;6.494324324;13.44540541;19.02918919;16.73135135,0.08549588216;0.2722875522;0.339288589;0.1518162688;0.351668401;0.1123609759;0.05476319983;0.3917289628;0.1336051609;0.3773071225;0.3856699247;0.3871199539,0.2018918919;0.1205405405;0.09486486486;0.1794594595;0.08918918919;0.182972973;0.2078378378;0.04540540541;0.1821621622;0.08432432432;0.05216216216;0.06216216216,0.3546353857;10.58736933;17.77266785;1.666126826;23.92241988;0.7231590234;0.2241414152;23.99960989;0.9118856464;23.95475772;23.99626068;23.99980549,24.0
FreshSky-Safe,4,6,323.70324324324326,17.223783783783784,16.487675675675675,30.0,49.0,42.2490990990991,0.020563063063063065,0.004391891891891892,0.1503153153153153,0.06594594594594595,0.9049330838819947,23.0,107.0,0.006666666666666667,74,11100,0.1773131907014995,0.3705265909578589,23.992464582444224,0.4064864864864865,True,True,0.6600953202;0.4082536129;0.95;0.8542797728;0.5796663152;0.95;0.7238759829;0.298421524;0.95;0.3698913443;0.95;0.5870736138,0.6992694381;1.146768836;0.2551559305;0.4699577518;0.8105930222;0.2156180293;0.6208604762;1.535216558;0.2628816135;1.257463669;0.2571157349;0.7995478023,8.412162162;12.92432432;4.82972973;6.451621622;9.524324324;4.721621622;8.602162162;17.22378378;4.447567568;15.88540541;4.735135135;9.905405405,0.1933385501;0.3161362738;0.05889274721;0.118759594;0.2039627307;0.05134040103;0.1391063067;0.370526591;0.06081801652;0.3381557704;0.06170777637;0.2150135306,0.1472972973;0.09540540541;0.2016216216;0.187027027;0.1272972973;0.2045945946;0.1427027027;0.06594594595;0.2045945946;0.08054054054;0.2045945946;0.1421621622,5.481735953;12.48214556;0.2551559305;0.8197465107;5.7906744;0.2156180293;1.808604762;23.99246458;0.2628816135;23.96274746;0.2571157349;7.190051651,24.0
FreshSky-Safe,4,7,362.7502702702703,28.586216216216215,22.17083783783783,36.0,64.0,52.27657657657657,0.03725225225225225,0.011891891891891892,0.15466216216216216,0.03135135135135135,0.8426389296606642,22.0,118.0,0.04450450450450451,494,11100,0.19656411745165028,0.39831410988022425,23.998445593946663,0.4064864864864865,True,True,0.95;0.8194645516;0.5139536145;0.1957148488;0.2668165055;0.95;0.9166527097;0.2817874583;0.4060368001;0.95;0.95;0.8957240492,0.2129344738;0.5105004868;0.9182376412;2.309972111;1.705631049;0.2143947682;0.3910280632;1.619983796;1.152645744;0.2643493157;0.2202876177;0.4190042049,4.754324324;5.512432432;10.12405405;28.58621622;16.92189189;4.871621622;5.465135135;16.34648649;11.74162162;4.957567568;4.813783784;5.107027027,0.0520826213;0.1267972831;0.2774566711;0.3983141099;0.3964439735;0.05238185688;0.101878663;0.3914231118;0.3302174294;0.06587299163;0.05661987148;0.1092808264,0.2116216216;0.1924324324;0.1337837838;0.03135135135;0.06324324324;0.2075675676;0.2097297297;0.06891891892;0.1059459459;0.2072972973;0.2156756757;0.2083783784,0.2129344738;1.394504381;8.928277542;23.99776885;23.99844559;0.2143947682;0.3910280632;23.93389116;17.04789253;0.2643493157;0.2202876177;0.5520336396,24.0
FreshSky-Safe,4,8,429.90162162162164,29.323513513513515,24.9406081081081,39.0,73.0,59.71936936936937,0.0470045045045045,0.016103603603603602,0.13851351351351354,0.031621621621621625,0.7955977366971897,26.0,173.0,0.05918918918918919,657,11100,0.2306280445668756,0.3990154686730945,23.995774499710244,0.4064864864864865,True,True,0.924502767;0.7675714746;0.2938168902;0.223720696;0.8564804989;0.95;0.4732619221;0.198994158;0.3554966144;0.365156396;0.95;0.8950142286,0.3798996382;0.5699618165;1.557699888;2.021057334;0.4673466129;0.2347890628;0.9960890923;2.271318822;1.304697623;1.272612991;0.2590903055;0.4199186836,4.548108108;7.19;16.13297297;21.35459459;5.910540541;4.68972973;10.51243243;29.32351351;12.75837838;14.79297297;4.55972973;4.878918919,0.09672039437;0.1608216585;0.3784789729;0.394379296;0.1165840334;0.05907800473;0.284019998;0.3990154687;0.3557945679;0.3449813053;0.06519272281;0.1124701123,0.2113513514;0.1791891892;0.06054054054;0.04459459459;0.1916216216;0.2140540541;0.1224324324;0.03162162162;0.08783783784;0.08756756757;0.2175675676;0.2137837838,0.3798996382;2.149427248;23.93178503;23.93709605;0.7367330643;0.2347890628;13.0983164;23.9957745;23.95701932;22.57084709;0.2590903055;0.4995934181,24.0
FreshSky-Safe,4,9,526.34,30.021621621621623,27.110486486486483,47.0,79.0,66.17702702702702,0.06898648648648649,0.02605855855855856,0.12398648648648648,0.031621621621621625,0.7449259046989214,31.0,139.0,0.11810810810810811,1311,11100,0.259315409486393,0.3994481823601241,23.998640683480545,0.4064864864864865,True,True,0.3257577326;0.6871221964;0.2523803769;0.1963495047;0.5437054116;0.2493362779;0.95;0.4363495231;0.95;0.6652629851;0.95;0.2127973752,1.414897118;0.6652565043;1.798374164;2.302374716;0.8671448273;1.819394726;0.209506079;1.076896197;0.2790122724;0.6926602831;0.247425482;2.123503268,14.99486486;7.857837838;21.66405405;30.02162162;10.15378378;20.84783784;4.13;10.14135135;4.541081081;7.769459459;4.453783784;24.72864865,0.3732269154;0.182316242;0.3922399866;0.3920259652;0.258034177;0.3963330133;0.05390534788;0.3221957;0.07261859954;0.2061132356;0.06332754903;0.3994481824,0.07135135135;0.16;0.04783783784;0.03162162162;0.1321621622;0.04810810811;0.2272972973;0.1210810811;0.2216216216;0.1691891892;0.22;0.03756756757,23.99176942;5.696669111;23.97407541;23.9920901;9.477186201;23.9977866;0.209506079;18.18273377;0.2790122724;3.80458368;0.247425482;23.99864068,24.0
FreshSky-Safe,4,10,564.6978378378378,29.90108108108108,26.68536486486486,49.0,86.0,70.83603603603603,0.07718468468468469,0.02918918918918919,0.09993243243243244,0.038378378378378375,0.7814756515985761,36.0,145.0,0.10369369369369369,1151,11100,0.3088631367738562,0.4003715707030204,23.997242471557666,0.4064864864864865,True,True,0.2210551088;0.5230742899;0.4621770162;0.8877431859;0.3493760462;0.4491418585;0.5565464418;0.34857734;0.2223217792;0.6900300697;0.2104662511;0.2177243916,2.045012567;0.9021077578;1.019211399;0.4291816563;1.325898395;1.047619095;0.8463561798;1.328717478;2.03354937;0.6616731043;2.146920017;2.075867389,19.90486486;11.53108108;12.28540541;4.957837838;15.10540541;11.01162162;10.16837838;14.88135135;22.8927027;7.963783784;24.05432432;29.90108108,0.3985010974;0.2655122563;0.2908884426;0.1082233744;0.3440168808;0.3250450597;0.2362934956;0.361267509;0.398465755;0.1861626221;0.4003715707;0.3916095777,0.04918918919;0.1189189189;0.1127027027;0.212972973;0.08243243243;0.1227027027;0.1332432432;0.08351351351;0.04054054054;0.1659459459;0.03837837838;0.03864864865,23.99589223;9.642155157;18.18766737;0.5459082815;23.64956675;13.71428741;11.20526068;23.61226819;23.99252746;10.71361659;23.99724247;23.99321517,24.0
FreshSky-Safe,4,11,458.35945945945946,29.191891891891892,24.78267567567567,42.0,75.0,62.44054054054054,0.05331081081081081,0.020225225225225227,0.11770270270270268,0.03648648648648649,0.844250224052894,30.0,158.0,0.0336036036036036,373,11100,0.25681547907632896,0.3934963951397459,23.996833100852243,0.4064864864864865,True,True,0.95;0.2935060875;0.6227889451;0.4312530983;0.6153269509;0.4183303984;0.9434799305;0.4987828682;0.6260188518;0.4351735249;0.2492611008;0.2092716103,0.3358641596;1.559243329;0.7487311135;1.088976442;0.7590395275;1.120756955;0.3508668233;0.9460759936;0.7443154627;1.079661914;1.819920828;2.159149808,5.165405405;15.89162162;8.656756757;11.83594595;9.103243243;14.43810811;5.245135135;11.89189189;10.23675676;10.74594595;21.17513514;29.19189189,0.08042585012;0.3771683187;0.1977054859;0.310799763;0.1914010484;0.3162352056;0.08600978616;0.2582531766;0.1822567052;0.2958857246;0.3934963951;0.3921482894,0.2043243243;0.07324324324;0.1586486486;0.1008108108;0.1386486486;0.09405405405;0.1997297297;0.1113513514;0.1354054054;0.1089189189;0.05081081081;0.03648648649,0.3358641596;23.99535639;5.959395632;12.95984568;7.139830077;21.3849795;0.3508668233;14.74405183;9.073779344;16.34410998;23.9968331;23.98724712,24.0
FreshSky-Safe,4,12,478.4302702702703,20.99108108108108,20.64145945945946,40.0,62.0,54.25,0.048468468468468466,0.011103603603603603,0.10936936936936938,0.0445945945945946,0.8379420841605889,33.0,126.0,0.02810810810810811,312,11100,0.2777331447509333,0.39382077161378753,23.996986161784637,0.4064864864864865,True,True,0.2277146089;0.9318683167;0.4490225566;0.364868936;0.3264467419;0.2532754659;0.5108922966;0.7249468559;0.885090931;0.3371942215;0.4510893652;0.3770521179,1.986329388;0.369039043;1.047885528;1.273544601;1.412123145;1.792296255;0.9237509324;0.6195927545;0.4325165816;1.370290719;1.043286736;1.235229773,20.35540541;5.099189189;12.24486486;13.65675676;17.14594595;20.99108108;9.967837838;7.084864865;5.954594595;15.4727027;12.87135135;12.78675676,0.3913605741;0.08547742158;0.3061525017;0.3428244386;0.366007053;0.3938207716;0.2444195035;0.1497070061;0.1060250107;0.34886861;0.2746381841;0.3234966621,0.04972972973;0.1981081081;0.1081081081;0.08621621622;0.07648648649;0.04459459459;0.1245945946;0.1618918919;0.1881081081;0.07675675676;0.1035135135;0.09432432432,23.99698616;0.369039043;23.95484878;18.82697184;23.97588129;23.99199887;7.027516783;1.795927545;0.5625829082;21.87686169;13.59559493;20.11597409,24.0
FreshSky-Safe,4,13,333.0535135135135,25.005675675675676,19.55175675675675,31.0,59.0,47.77972972972973,0.026373873873873875,0.009234234234234234,0.15096846846846848,0.043243243243243246,0.8959931127106631,23.0,117.0,0.022342342342342343,248,11100,0.18312101738699393,0.3913681222551318,23.996511808936535,0.4064864864864865,True,True,0.931036637;0.7159624459;0.6775674106;0.3509019354;0.95;0.7562371291;0.2357345475;0.5713184825;0.95;0.8385292043;0.9458583108;0.3749843981,0.3702883284;0.6302691506;0.6771299559;1.320546841;0.2764601871;0.5830294735;1.920506701;0.8232731646;0.2265612916;0.488449848;0.3469497415;1.241568686,6.169459459;7.635945946;8.631621622;15.08945946;5.394594595;6.854594595;25.00567568;9.407027027;4.836216216;5.956216216;5.418648649;13.12324324,0.09117099114;0.1693209556;0.1645242785;0.3444128923;0.06814370018;0.1492240301;0.3913681223;0.2400842553;0.05737511628;0.124620718;0.07473484972;0.3224722993,0.1886486486;0.1618918919;0.1435135135;0.07918918919;0.2016216216;0.1710810811;0.04324324324;0.1416216216;0.2156756757;0.1897297297;0.1840540541;0.09135135135,0.3702883284;2.702691506;2.494169603;20.71226362;0.2764601871;1.315147367;23.99651181;8.981829115;0.2265612916;0.9306990882;0.3469497415;18.78510197,24.0
FreshSky-Safe,4,14,491.83837837837837,26.96108108108108,22.93478378378378,42.0,74.0,61.104504504504504,0.05382882882882883,0.018063063063063062,0.10837837837837837,0.0372972972972973,0.8391631382836227,33.0,158.0,0.0363063063063063,403,11100,0.27394461363120076,0.39685579688653366,23.99598236154786,0.4064864864864865,True,True,0.3969158517;0.64914127;0.685168137;0.2123384503;0.8391928019;0.2547057577;0.6450583303;0.3536782427;0.3495021855;0.2638904463;0.8142278578;0.4332858251,1.177446822;0.7134614509;0.6676722331;2.128067317;0.4876767217;1.782678959;0.7188179662;1.310923092;1.325454306;1.723560971;0.5165166625;1.084128614,12.08189189;8.322972973;8.208378378;26.96108108;6.247567568;19.64054054;9.507297297;17.29405405;14.81567568;18.68756757;6.295135135;12.55351351,0.3201382439;0.1928274192;0.1793692432;0.3968557969;0.1206011352;0.3868895147;0.2039888823;0.3493432889;0.3456928124;0.3810467227;0.1257787873;0.284803517,0.09567567568;0.1497297297;0.1448648649;0.0372972973;0.1827027027;0.05432432432;0.1367567568;0.07648648649;0.08621621622;0.0572972973;0.1810810811;0.09810810811,14.52340465;9.457689331;4.821116895;23.99598236;1.402827548;23.98129072;7.408085086;23.39492349;23.69088758;23.98956077;1.697299925;16.50165903,24.0
FreshSky-Safe,4,15,444.30945945945945,34.55189189189189,26.865864864864854,39.0,77.0,65.62522522522522,0.046306306306306305,0.01632882882882883,0.1352252252252252,0.03,0.8336001000467672,27.0,262.0,0.06054054054054054,672,11100,0.2328178133189415,0.39726967267520463,23.997445409228362,0.4064864864864865,True,True,0.95;0.6682774533;0.3936552323;0.8783623152;0.2542081145;0.6112416568;0.1961261937;0.2603661895;0.4858854259;0.9440218225;0.777121657;0.6438927182,0.2609434761;0.6888292002;1.186565108;0.4408835581;1.786011998;0.7647485898;2.305041448;1.74572184;0.9708198352;0.349980936;0.5589976316;0.7203540735,4.566756757;7.046216216;12.60432432;5.984594595;20.5772973;7.889189189;34.55189189;18.66756757;9.891081081;5.006216216;7.664054054;9.075405405,0.06410746479;0.1958508969;0.3380107091;0.1049779499;0.3919572278;0.2172299373;0.3887421252;0.3972696727;0.280750601;0.08494131907;0.1430731776;0.1869026785,0.2154054054;0.1789189189;0.1021621622;0.1872972973;0.04972972973;0.1632432432;0.03;0.05216216216;0.1283783784;0.2008108108;0.1689189189;0.1456756757,0.2609434761;4.621267203;22.72977877;0.6453013484;23.99109558;7.918714745;23.99744541;23.98635636;11.58721654;0.349980936;3.020955001;3.605311103,24.0
FreshSky-Safe,4,16,524.2427027027027,27.17027027027027,26.401905405405405,47.0,81.0,67.90315315315316,0.06844594594594594,0.02731981981981982,0.12459459459459458,0.03216216216216216,0.774452986542248,30.849999999999454,149.0,0.12423423423423423,1379,11100,0.26933038504240936,0.3995905441021735,23.9964602581139,0.4064864864864865,True,True,0.3932789834;0.7735119064;0.901603995;0.8416273572;0.2260479039;0.7045979448;0.6624829137;0.1982197585;0.7522839954;0.3841282698;0.2247729528;0.2144342016,1.187626136;0.5631378354;0.4113518347;0.4848363331;2.00065631;0.6439160289;0.6962092138;2.280313362;0.5876051337;1.214015836;2.011774821;2.107404393,14.18;7.292702703;5.022972973;6.171081081;19.11567568;6.454594595;7.542702703;27.17027027;6.536756757;11.62513514;25.77324324;24.39324324,0.3379919787;0.168332553;0.1070626532;0.1179331621;0.3995905441;0.1806445508;0.2081101055;0.3993629888;0.1653234984;0.3546894915;0.3936553973;0.3992676971,0.09675675676;0.1848648649;0.2121621622;0.1818918919;0.05135135135;0.1851351351;0.1732432432;0.03216216216;0.1910810811;0.1056756757;0.04054054054;0.04027027027,23.98332498;3.499618873;0.4454073388;1.018035998;23.78376683;2.858740433;10.45595012;23.99646026;1.90084107;19.63449091;23.9909764;23.99153746,24.0
FreshSky-Safe,4,17,420.99891891891895,32.08216216216216,27.416972972972967,42.0,82.0,67.89414414414415,0.05324324324324324,0.021306306306306307,0.1481756756756757,0.03486486486486486,0.8126423754356457,23.0,154.0,0.06468468468468469,718,11100,0.21136014942014447,0.3982741425758493,23.99805702753309,0.4064864864864865,True,True,0.6058267012;0.4606290406;0.8627452041;0.95;0.8920394043;0.9329954481;0.2434414901;0.2237143759;0.7874097494;0.2072792387;0.95;0.5223938409,0.772389876;1.022513998;0.4598691245;0.2139841101;0.4237308779;0.3673358894;1.861711545;2.021113381;0.5472165522;2.179902851;0.241873434;0.9032962107,8.616486486;10.78864865;4.599459459;4.337837838;5.401351351;4.781621622;23.41459459;23.6;6.471351351;32.08216216;4.499189189;9.265675676,0.2072927424;0.2810531719;0.1198145503;0.05812271099;0.1107426376;0.09342245186;0.3929720855;0.3949364796;0.1512979819;0.3982741426;0.05935704813;0.2690357903,0.1443243243;0.1156756757;0.2148648649;0.227027027;0.2018918919;0.217027027;0.04594594595;0.03891891892;0.1886486486;0.03486486486;0.2140540541;0.1348648649,6.675407644;9.96022397;0.6993456227;0.2139841101;0.5186543897;0.3673358894;23.9896348;23.98581206;1.597114493;23.99805703;0.241873434;14.35162569,24.0
FreshSky-Safe,4,18,331.29,21.298648648648648,19.73114864864865,32.0,55.0,45.58783783783784,0.02617117117117117,0.006779279279279279,0.16067567567567567,0.04756756756756757,0.8543456137353995,21.0,113.0,0.031711711711711714,352,11100,0.18877075070472757,0.39421005084841226,23.99532064392474,0.4064864864864865,True,True,0.95;0.2298402862;0.2514208534;0.95;0.8064515181;0.2889292384;0.86964094;0.95;0.4229897239;0.9113191376;0.93510967;0.8418183031,0.2641897105;1.968390267;1.804941085;0.3377909827;0.5254308787;1.582364629;0.451552802;0.2372894534;1.10910177;0.3983676074;0.3641087485;0.4846132827,4.674864865;21.29864865;18.44864865;4.687837838;6.478648649;15.36;5.75;4.639189189;11.00216216;4.717297297;5.60027027;6.501621622,0.06876072734;0.3942100508;0.3887940661;0.08481292512;0.1323517781;0.3810505093;0.119234348;0.06131046417;0.3108482529;0.09937656802;0.09496349791;0.1295358207,0.2181081081;0.04756756757;0.05135135135;0.2151351351;0.1854054054;0.07297297297;0.1994594595;0.2172972973;0.1067567568;0.2083783784;0.2081081081;0.1975675676,0.2641897105;23.99532064;23.98798908;0.3377909827;1.027154393;23.96711355;0.709316812;0.2372894534;18.36430976;0.3983676074;0.3641087485;1.776878937,24.0
FreshSky-Safe,4,19,488.45513513513515,26.755405405405405,23.772621621621617,39.0,66.0,55.20810810810811,0.04490990990990991,0.01313063063063063,0.10614864864864866,0.036756756756756756,0.8283643856668046,34.0,132.0,0.05054054054054054,561,11100,0.29226265006348806,0.39311638019961687,23.996063080160184,0.4064864864864865,True,True,0.8339118425;0.4218873338;0.3658373363;0.3670076204;0.481511622;0.1930715746;0.2120595117;0.3057773787;0.5446939528;0.4653449839;0.3623629999;0.8770434254,0.4938172966;1.111838862;1.270411673;1.266646367;0.9794527448;2.342239302;2.1308523;1.500722279;0.8655191693;1.012509865;1.281724896;0.4425090154,5.734594595;11.87864865;14.3772973;12.66297297;11.17027027;21.33216216;26.75540541;14.89108108;8.578378378;9.744864865;13.11486486;5.430810811,0.1275917123;0.2836691584;0.3382041886;0.3580843515;0.2644522411;0.3931163802;0.3927679104;0.3788309752;0.2442167602;0.2793979924;0.341215952;0.1056041785,0.1894594595;0.1005405405;0.08567567568;0.09756756757;0.1162162162;0.03837837838;0.03675675676;0.06756756757;0.1424324324;0.1181081081;0.08702702703;0.1940540541,0.8690864829;13.44332701;22.69957271;21.46609829;10.48631862;23.99288744;23.98943338;23.99606308;9.906940894;9.875217023;21.98316635;0.6125450771,24.0
FreshSky-Safe,4,0,399.75594594594594,24.105135135135136,21.064675675675673,36.0,62.0,51.854504504504504,0.03722972972972973,0.010630630630630631,0.14177927927927927,0.04432432432432432,0.8231731434047436,26.0,127.0,0.03774774774774775,419,11100,0.2185056309422334,0.4002945885940433,27.984742121419952,0.40756756756756757,True,True,0.95;0.2315765095;0.95;0.8081176242;0.6281327393;0.795200025;0.3394136806;0.9476946562;0.5005847781;0.95;0.23436609;0.2528380647,0.3369544871;1.95400716;0.2191119648;0.5235225351;0.7414402559;0.5383055036;1.361973486;0.3438720469;0.9427001774;0.2738400263;1.931388168;1.795260579,4.868108108;24.10513514;5.166216216;6.202432432;9.504594595;6.244324324;13.71513514;5.268378378;11.60432432;4.664864865;17.69810811;18.57702703,0.08496717202;0.3908014319;0.05702833029;0.136823322;0.2078036609;0.1489796853;0.3820887781;0.08271516803;0.2693065101;0.0640193575;0.3972395665;0.4002945886,0.2102702703;0.04432432432;0.2094594595;0.1940540541;0.1448648649;0.1943243243;0.08297297297;0.1989189189;0.1135135135;0.2043243243;0.0472972973;0.05702702703,0.3369544871;27.98474212;0.2191119648;1.141135211;8.633289469;1.812888058;27.95932212;0.3438720469;13.99560497;0.2738400263;27.97524391;27.94690425,28.0
FreshSky-Safe,4,1,603.412972972973,37.36756756756757,36.14627027027027,56.0,121.0,97.77837837837838,0.09063063063063063,0.04378378378378378,0.12085585585585586,0.02918918918918919,0.7010040875169177,32.149999999999636,300.0,0.1063063063063063,1180,11100,0.2793410216206606,0.40250423324725776,27.99874276705186,0.40756756756756757,True,True,0.5605092249;0.2181252996;0.2316669551;0.3707979081;0.95;0.95;0.2020086086;0.95;0.325972712;0.8362721814;0.2993435181;0.2334007936,0.8400796556;2.072097608;1.953264399;1.254604531;0.2976063768;0.2276934429;2.237061952;0.2579608484;1.414030367;0.4910760745;1.530799061;1.939147999,10.04351351;35.14702703;27.87027027;13.89621622;4.32027027;4.038108108;37.36756757;4.567567568;13.89972973;6.305675676;14.6327027;22.20432432,0.2663279557;0.3970587039;0.3975157006;0.3675652193;0.07665375055;0.06344647018;0.3936019813;0.06644234825;0.3890494361;0.1409521057;0.3909743546;0.4025042332,0.1448648649;0.04108108108;0.03891891892;0.09459459459;0.2208108108;0.2421621622;0.02918918919;0.2243243243;0.0827027027;0.2086486486;0.07540540541;0.04756756757,7.641672768;27.99874277;27.99172785;26.09274046;0.2976063768;0.2276934429;27.99069141;0.2579608484;27.98185659;1.128608596;27.9354525;27.99592366,28.0
FreshSky-Safe,4,2,420.1508108108108,27.615945945945946,23.76178378378378,37.0,63.0,54.03963963963964,0.039324324324324325,0.011554054054054054,0.13274774774774775,0.03405405405405405,0.8296429886986478,28.0,143.0,0.037477477477477476,416,11100,0.23971006534735614,0.4044598393157051,27.994364829965413,0.40756756756756757,True,True,0.2983974043;0.4720337023;0.7619171253;0.95;0.6042558466;0.7527600943;0.6803453125;0.2438339011;0.7053294905;0.1925045361;0.95;0.2931742638,1.535332493;0.9986066978;0.5764720931;0.328976203;0.7746227687;0.5870535051;0.6736618433;1.858825842;0.6430324214;2.34929577;0.2710575607;1.560894842,15.65297297;9.461621622;6.666486486;5.155135135;9.045675676;7.103513514;7.655405405;20.60837838;7.452432432;27.61594595;4.826216216;14.9772973,0.387152761;0.2661151903;0.1506617606;0.08144383836;0.2177318053;0.1588217726;0.1764265746;0.3943725097;0.1751828867;0.4044598393;0.06717831977;0.396973526,0.06405405405;0.1308108108;0.1789189189;0.2043243243;0.1435135135;0.1751351351;0.1648648649;0.04783783784;0.1686486486;0.03405405405;0.2116216216;0.06918918919,27.70848091;8.579100467;1.588248838;0.328976203;5.943209836;2.057588556;4.10492765;27.97718519;2.273356636;27.99436483;0.2710575607;27.93306354,28.0
FreshSky-Safe,4,3,534.8586486486487,24.257297297297296,22.84305405405405,46.0,81.0,67.26126126126127,0.06804054054054054,0.022792792792792792,0.10639639639639638,0.047027027027027025,0.7246902717170904,36.0,166.0,0.06135135135135135,681,11100,0.3167380207386628,0.3997209755784998,27.998716198868085,0.40756756756756757,True,True,0.2469621281;0.8215561338;0.8932287906;0.3220866759;0.225348274;0.2465631425;0.4834834838;0.2778755806;0.2645088005;0.3014458345;0.9387067142;0.2969367479,1.836175919;0.5080937316;0.4222105672;1.429873819;2.006740312;1.839030251;0.9755450403;1.641436133;1.719737046;1.520828652;0.3585144156;1.542388958,18.27837838;5.959189189;5.001351351;12.32837838;21.68594595;24.2572973;10.6527027;15.30486486;20.77081081;18.91027027;4.984054054;16.49513514,0.3984998007;0.1421289222;0.1149097409;0.3941814312;0.3997209756;0.3956400215;0.3005733367;0.3939446718;0.3964691081;0.3958264843;0.09253547755;0.3764262782,0.05405405405;0.2018918919;0.2262162162;0.08972972973;0.04864864865;0.04702702703;0.1316216216;0.07054054054;0.05810810811;0.06864864865;0.2118918919;0.06837837838,27.96283189;1.40521851;0.5332634034;27.97476381;27.95259328;27.98156611;17.38161234;27.97951658;27.9987162;27.99495795;0.3585144156;27.96912419,28.0
FreshSky-Safe,4,4,489.39243243243243,23.995945945945945,22.1029054054054,40.0,64.0,56.806756756756755,0.04885135135135135,0.01295045045045045,0.10335585585585584,0.04513513513513513,0.8668855397235866,34.0,170.0,0.028198198198198198,313,11100,0.2833343198314607,0.3988766323066961,27.99379929226077,0.40756756756756757,True,True,0.662118963;0.6741961796;0.3640876;0.2460798207;0.2372011855;0.4128728207;0.5024050881;0.4159209977;0.2309431598;0.4380235493;0.7287104513;0.5641011845,0.6966749552;0.6813572012;1.27608378;1.842501298;1.908996959;1.13470463;0.9393093506;1.126874486;1.959226317;1.072981387;0.6151471375;0.8344446437,8.141351351;8.018918919;13.76081081;18.77486486;23.99594595;11.58837838;11.60486486;12.53162162;20.55405405;13.83351351;7.771351351;8.86,0.1896085621;0.1738381616;0.3269533578;0.3988766323;0.3926342394;0.3146505272;0.2541212594;0.2908554417;0.3944928666;0.28535505;0.157610672;0.2210150678,0.1562162162;0.1551351351;0.08540540541;0.05108108108;0.04513513514;0.1016216216;0.1116216216;0.09783783784;0.04621621622;0.09405405405;0.1608108108;0.1351351351,4.436824149;6.589858426;23.09985389;27.99257917;27.99379929;13.22468335;9.464805713;18.30497123;27.97678952;16.75434856;2.18176565;4.082225012,28.0
FreshSky-Safe,4,5,421.0618918918919,23.34081081081081,20.200756756756753,36.0,57.0,49.57702702702703,0.036351351351351355,0.008063063063063062,0.12585585585585582,0.04162162162162162,0.8155232011018451,29.0,108.0,0.017387387387387387,193,11100,0.25377519193986803,0.390311755672226,27.997109759439134,0.40756756756756757,True,True,0.9411489522;0.4821824971;0.3825098869;0.7544254172;0.3523107703;0.8677360717;0.95;0.2189202535;0.8265150398;0.3376263363;0.2625732011;0.2699141276,0.3546353857;0.9781203331;1.218803669;0.5851252029;1.315645181;0.4538598372;0.2241414152;2.064668323;0.5023771293;1.368663091;1.731770293;1.687095206,5.36;10.30567568;11.58351351;7.031081081;13.40216216;6.173243243;4.787837838;23.34081081;6.450540541;13.59972973;17.08108108;17.63162162,0.08520833996;0.2704370543;0.3399474018;0.1500767074;0.3552241988;0.1113796574;0.05536898744;0.3889388705;0.1333336057;0.3817460298;0.3833296946;0.3903117557,0.2051351351;0.1227027027;0.09567567568;0.1767567568;0.09135135135;0.1856756757;0.2078378378;0.04162162162;0.1848648649;0.08324324324;0.05405405405;0.06135135135,0.3546353857;10.40924899;18.48377245;1.666126826;27.46935542;0.7231590234;0.2241414152;27.97995765;1.219017034;27.99710976;27.89731424;27.98047262,28.0
FreshSky-Safe,4,6,315.7127027027027,15.604594594594595,15.599689189189188,29.0,48.0,40.40405405405406,0.018783783783783783,0.002815315315315315,0.14966216216216216,0.06378378378378378,0.902990406581037,23.0,92.0,9.009009009009009e-05,1,11100,0.1771676105847673,0.366792280410691,27.61122840505527,0.40756756756756757,True,True,0.6600953202;0.4082536129;0.95;0.8542797728;0.5796663152;0.95;0.7238759829;0.298421524;0.95;0.3698913443;0.95;0.5870736138,0.6992694381;1.146768836;0.2551559305;0.4699577518;0.8105930222;0.2156180293;0.6208604762;1.535216558;0.2628816135;1.257463669;0.2571157349;0.7995478023,8.671891892;13.63702703;4.791621622;6.225945946;9.422162162;4.875675676;8.700810811;15.60459459;4.612432432;15.59567568;4.757297297;9.441351351,0.1918266161;0.3148965237;0.05951339677;0.1145680789;0.2041818099;0.05122385074;0.1438047103;0.3667922804;0.06159955646;0.3418941759;0.06177726711;0.2139330606,0.1467567568;0.08945945946;0.2021621622;0.1824324324;0.1297297297;0.2035135135;0.1435135135;0.06378378378;0.2032432432;0.08162162162;0.2059459459;0.1437837838,5.686119324;12.90952742;0.2551559305;0.8197465107;4.958895334;0.2156180293;2.871186191;24.85649675;0.2628816135;27.61122841;0.2571157349;5.590956047,28.0
FreshSky-Safe,4,7,351.37108108108106,25.87027027027027,20.974229729729725,35.0,60.0,50.99279279279279,0.03380630630630631,0.00981981981981982,0.15441441441441442,0.03351351351351351,0.8433799549859908,22.0,126.0,0.02774774774774775,308,11100,0.19626492255646844,0.3989384266668704,27.998884423624883,0.40756756756756757,True,True,0.95;0.8194645516;0.5139536145;0.1957148488;0.2668165055;0.95;0.9166527097;0.2817874583;0.4060368001;0.95;0.95;0.8957240492,0.2129344738;0.5105004868;0.9182376412;2.309972111;1.705631049;0.2143947682;0.3910280632;1.619983796;1.152645744;0.2643493157;0.2202876177;0.4190042049,4.878108108;5.539189189;10.95216216;25.87027027;16.96837838;4.912432432;5.242972973;16.12810811;11.51621622;4.746486486;4.614054054;5.567027027,0.05260057002;0.1279010679;0.2784493604;0.3989384267;0.3909121972;0.052613635;0.101878663;0.3922987788;0.3283482741;0.06558720859;0.05614357392;0.1095073152,0.2118918919;0.1902702703;0.1283783784;0.03351351351;0.06621621622;0.2083783784;0.21;0.06702702703;0.1062162162;0.2072972973;0.2191891892;0.2045945946,0.2129344738;0.8420019473;9.282990466;27.99888442;27.99844559;0.2143947682;0.3910280632;27.99157402;22.95318401;0.2643493157;0.2202876177;0.5520336396,28.0
FreshSky-Safe,4,8,409.8132432432432,23.76864864864865,21.891067567567568,37.0,60.0,51.80855855855856,0.03815315315315315,0.009977477477477478,0.13815315315315313,0.034594594594594595,0.8025042187721283,27.0,131.0,0.02990990990990991,332,11100,0.23136420053643467,0.39778772876948504,27.98796402072964,0.40756756756756757,True,True,0.924502767;0.7675714746;0.2938168902;0.223720696;0.8564804989;0.95;0.4732619221;0.198994158;0.3554966144;0.365156396;0.95;0.8950142286,0.3798996382;0.5699618165;1.557699888;2.021057334;0.4673466129;0.2347890628;0.9960890923;2.271318822;1.304697623;1.272612991;0.2590903055;0.4199186836,4.747837838;7.084864865;15.46432432;20.35486486;5.801891892;4.659189189;11.04891892;23.76864865;12.80540541;14.64864865;4.608378378;5.023513514,0.09589898974;0.1580488713;0.3852149724;0.3960179912;0.1150683147;0.05939528725;0.2845584245;0.3977877288;0.3593207777;0.3473889515;0.06463252755;0.11303757,0.2062162162;0.1762162162;0.06594594595;0.04513513514;0.1921621622;0.2132432432;0.1172972973;0.03459459459;0.09162162162;0.08567567568;0.2175675676;0.2121621622,0.3798996382;2.319389065;27.98148939;27.98055096;0.7367330643;0.2347890628;14.89440549;27.98796402;23.0012957;26.17838972;0.2590903055;0.4995934181,28.0
FreshSky-Safe,4,9,509.547027027027,27.47945945945946,26.42747297297297,44.0,74.0,62.10045045045045,0.06150900900900901,0.01988738738738739,0.12396396396396397,0.034594594594594595,0.7456549512210877,32.0,137.0,0.07990990990990991,887,11100,0.25994594833816287,0.40059602196460714,27.998952331540877,0.40756756756756757,True,True,0.3257577326;0.6871221964;0.2523803769;0.1963495047;0.5437054116;0.2493362779;0.95;0.4363495231;0.95;0.6652629851;0.95;0.2127973752,1.414897118;0.6652565043;1.798374164;2.302374716;0.8671448273;1.819394726;0.209506079;1.076896197;0.2790122724;0.6926602831;0.247425482;2.123503268,15.78216216;7.955675676;18.75108108;27.47945946;10.41108108;19.49972973;4.23972973;10.66405405;4.812972973;7.406486486;4.364864865;25.56675676,0.3755213431;0.1815970458;0.3927260337;0.3963818093;0.2538156346;0.3987916548;0.05390534788;0.3262704423;0.07261859954;0.2038667698;0.06326067728;0.400596022,0.07027027027;0.1621621622;0.04972972973;0.03459459459;0.1256756757;0.04810810811;0.2262162162;0.1194594595;0.2172972973;0.1756756757;0.2224324324;0.03594594595,27.9537446;5.431412607;27.97407541;27.99895233;7.00717241;27.98913103;0.209506079;16.76826308;0.2790122724;3.111923397;0.247425482;27.99843146,28.0
FreshSky-Safe,4,10,559.6208108108108,27.662432432432432,26.332175675675675,48.0,83.0,70.17072072072072,0.07578828828828829,0.02731981981981982,0.10011261261261262,0.03567567567567568,0.7799730661326951,37.0,190.0,0.07108108108108108,789,11100,0.3089097049810372,0.4001592157326538,27.993215172883254,0.40756756756756757,True,True,0.2210551088;0.5230742899;0.4621770162;0.8877431859;0.3493760462;0.4491418585;0.5565464418;0.34857734;0.2223217792;0.6900300697;0.2104662511;0.2177243916,2.045012567;0.9021077578;1.019211399;0.4291816563;1.325898395;1.047619095;0.8463561798;1.328717478;2.03354937;0.6616731043;2.146920017;2.075867389,18.77621622;12.41648649;11.49756757;5.484594595;15.29810811;10.98486486;9.718378378;14.60756757;25.24378378;7.472162162;24.89972973;27.66243243,0.4001592157;0.2659998821;0.2884092797;0.1094993199;0.3447335826;0.3233462179;0.2367509854;0.361267509;0.3973665391;0.1847319775;0.3963098301;0.3983421206,0.05;0.1208108108;0.1172972973;0.207027027;0.08135135135;0.1227027027;0.1378378378;0.08324324324;0.04;0.1694594595;0.03567567568;0.03594594595,27.99069267;12.79906462;16.03397617;0.5459082815;27.90136354;13.54285927;12.05161686;25.86970315;27.99237507;3.001750357;27.99080824;27.99321517,28.0
FreshSky-Safe,4,11,456.98405405405407,28.562432432432434,23.237094594594588,40.0,69.0,57.87117117117117,0.04952702702702703,0.016013513513513513,0.11666666666666665,0.03486486486486486,0.8463712688238465,32.0,129.0,0.022252252252252254,247,11100,0.2569185757061912,0.3954638771154447,27.983928294047708,0.40756756756756757,True,True,0.95;0.2935060875;0.6227889451;0.4312530983;0.6153269509;0.4183303984;0.9434799305;0.4987828682;0.6260188518;0.4351735249;0.2492611008;0.2092716103,0.3358641596;1.559243329;0.7487311135;1.088976442;0.7590395275;1.120756955;0.3508668233;0.9460759936;0.7443154627;1.079661914;1.819920828;2.159149808,5.02;15.33540541;8.635135135;11.49756757;9.632432432;14.6872973;5.244864865;12.07972973;10.59405405;11.37297297;18.88;28.56243243,0.07851959408;0.3763254844;0.1970984066;0.3128599887;0.1950936731;0.3144177619;0.086863246;0.2618329236;0.176221715;0.3014299345;0.3954638771;0.3868963034,0.2016216216;0.07216216216;0.1551351351;0.102972973;0.1359459459;0.09405405405;0.1991891892;0.1097297297;0.1297297297;0.1124324324;0.05216216216;0.03486486486,0.3358641596;27.947033;6.123353384;12.95984568;7.898869605;19.39633382;0.3508668233;14.74405183;8.329463881;14.2729002;27.93152854;27.98392829,28.0
FreshSky-Safe,4,12,480.96513513513514,22.048648648648648,21.992162162162163,40.0,66.0,56.24189189189189,0.04792792792792793,0.013153153153153152,0.11018018018018018,0.04594594594594595,0.836233004649873,32.0,120.0,0.016306306306306306,181,11100,0.2774999295983521,0.3933363672206586,27.99940523799793,0.40756756756756757,True,True,0.2277146089;0.9318683167;0.4490225566;0.364868936;0.3264467419;0.2532754659;0.5108922966;0.7249468559;0.885090931;0.3371942215;0.4510893652;0.3770521179,1.986329388;0.369039043;1.047885528;1.273544601;1.412123145;1.792296255;0.9237509324;0.6195927545;0.4325165816;1.370290719;1.043286736;1.235229773,21.94594595;5.114054054;12.2527027;14.05135135;15.21432432;22.04864865;9.883513514;6.881621622;5.829459459;15.65567568;12.0327027;12.66054054,0.3924342656;0.08577664243;0.3087014124;0.3431686398;0.3637171236;0.3933363672;0.2469161276;0.1490371761;0.1071939744;0.34886861;0.2706906126;0.3201582032,0.0472972973;0.2;0.1113513514;0.08378378378;0.07918918919;0.04594594595;0.1259459459;0.1624324324;0.1891891892;0.07513513514;0.1081081081;0.09378378378,27.99698616;0.369039043;27.99427642;27.99469485;27.95772847;27.99940524;8.627516783;1.537149282;0.5625829082;25.18773384;10.89860209;21.35120386,28.0
FreshSky-Safe,4,13,333.31756756756755,24.48972972972973,19.09348648648648,31.0,54.0,46.79864864864865,0.024144144144144144,0.00731981981981982,0.15042792792792795,0.04297297297297297,0.8961298851780026,23.0,148.0,0.015495495495495495,172,11100,0.18322584882194937,0.3929252898503114,27.99397830532955,0.40756756756756757,True,True,0.931036637;0.7159624459;0.6775674106;0.3509019354;0.95;0.7562371291;0.2357345475;0.5713184825;0.95;0.8385292043;0.9458583108;0.3749843981,0.3702883284;0.6302691506;0.6771299559;1.320546841;0.2764601871;0.5830294735;1.920506701;0.8232731646;0.2265612916;0.488449848;0.3469497415;1.241568686,6.128108108;8.080540541;8.774594595;14.67837838;5.305675676;6.629189189;24.48972973;9.770810811;4.711621622;6.473243243;5.286756757;12.88081081,0.09077067943;0.1717057578;0.1683674485;0.3390593241;0.06874145193;0.148593728;0.3929252899;0.2376366864;0.05676278846;0.1240926641;0.07389091791;0.3261634494,0.1889189189;0.1643243243;0.1454054054;0.07837837838;0.2056756757;0.1724324324;0.04297297297;0.1351351351;0.21;0.1840540541;0.1854054054;0.09243243243,0.3702883284;2.302691506;2.494169603;19.97804576;0.2764601871;1.464235788;27.99397831;8.158555951;0.2265612916;0.9306990882;0.3469497415;16.7019646,28.0
FreshSky-Safe,4,14,484.5808108108108,24.124864864864865,21.313621621621618,41.0,69.0,58.3527027027027,0.05162162162162162,0.01614864864864865,0.10813063063063062,0.03783783783783784,0.8414512331690412,34.0,149.0,0.02045045045045045,227,11100,0.2739983727701967,0.3962806435577126,27.991706766484057,0.40756756756756757,True,True,0.3969158517;0.64914127;0.685168137;0.2123384503;0.8391928019;0.2547057577;0.6450583303;0.3536782427;0.3495021855;0.2638904463;0.8142278578;0.4332858251,1.177446822;0.7134614509;0.6676722331;2.128067317;0.4876767217;1.782678959;0.7188179662;1.310923092;1.325454306;1.723560971;0.5165166625;1.084128614,12.35567568;9.062702703;8.204594595;24.12486486;6.39027027;19.01351351;8.714864865;17.26135135;14.50432432;18.5172973;6.424054054;13.63324324,0.3242752193;0.1951413482;0.1773842717;0.3962806436;0.1217873759;0.3849622942;0.2014633057;0.3468631641;0.3464092741;0.3833758591;0.1249411927;0.2850965248,0.09783783784;0.1445945946;0.1424324324;0.03783783784;0.1813513514;0.05675675676;0.1440540541;0.07675675676;0.08459459459;0.05378378378;0.1789189189;0.09864864865,17.39106418;9.911535135;3.882755729;27.99028181;1.402827548;27.9750543;3.101087459;27.0150775;27.96726364;27.99170677;1.165166625;15.21908674,28.0
FreshSky-Safe,4,15,416.76540540540543,27.594864864864864,23.76106756756756,37.0,67.0,55.33108108108108,0.040337837837837835,0.013783783783783784,0.13531531531531532,0.031621621621621625,0.8419568445633233,27.0,141.0,0.04099099099099099,455,11100,0.2336248819902513,0.4001005729555505,27.997947466910595,0.40756756756756757,True,True,0.95;0.6682774533;0.3936552323;0.8783623152;0.2542081145;0.6112416568;0.1961261937;0.2603661895;0.4858854259;0.9440218225;0.777121657;0.6438927182,0.2609434761;0.6888292002;1.186565108;0.4408835581;1.786011998;0.7647485898;2.305041448;1.74572184;0.9708198352;0.349980936;0.5589976316;0.7203540735,4.491891892;6.801621622;12.64864865;6.049459459;20.62432432;7.998918919;27.59486486;16.38891892;10.04864865;4.841891892;7.442972973;9.455945946,0.06319063636;0.192686006;0.336727936;0.1050971076;0.3943707575;0.2188834477;0.3943489828;0.400100573;0.2841615896;0.0852250874;0.1400515688;0.1886548911,0.2151351351;0.1740540541;0.1067567568;0.1845945946;0.05108108108;0.1637837838;0.03162162162;0.05918918919;0.1289189189;0.2054054054;0.1613513514;0.1418918919,0.2609434761;2.443608803;19.63725791;0.6861849064;27.99794747;9.083463335;27.99233623;27.97671049;7.758036375;0.349980936;1.902959737;3.605311103,28.0
FreshSky-Safe,4,16,507.5262162162162,26.90297297297297,25.74812162162162,45.0,78.0,65.1563063063063,0.06590090090090091,0.023423423423423424,0.12436936936936936,0.033243243243243244,0.7772724176775225,30.349999999999454,168.0,0.08324324324324324,924,11100,0.27001858750674695,0.40182819238844075,27.999348832392208,0.40756756756756757,True,True,0.3932789834;0.7735119064;0.901603995;0.8416273572;0.2260479039;0.7045979448;0.6624829137;0.1982197585;0.7522839954;0.3841282698;0.2247729528;0.2144342016,1.187626136;0.5631378354;0.4113518347;0.4848363331;2.00065631;0.6439160289;0.6962092138;2.280313362;0.5876051337;1.214015836;2.011774821;2.107404393,14.50459459;7.027297297;4.931351351;6.046216216;18.71783784;6.702702703;7.507837838;26.90297297;6.228108108;11.55891892;24.68810811;24.80324324,0.3383129587;0.1663539606;0.1068403009;0.117146941;0.3995905441;0.1804705194;0.2099917521;0.4018281924;0.163417752;0.3573143906;0.3985489037;0.4004068346,0.09540540541;0.1835135135;0.2097297297;0.1808108108;0.05;0.1805405405;0.1716216216;0.03324324324;0.1951351351;0.1108108108;0.04081081081;0.04081081081,27.79771702;1.883929696;0.4567591735;0.8241816656;27.79492411;2.926992346;6.101439559;27.97786162;1.713235936;20.84850674;27.98891298;27.99934883,28.0
FreshSky-Safe,4,17,415.3162162162162,29.607297297297297,28.12408108108108,42.0,78.0,64.67387387387387,0.05434684684684685,0.022184684684684684,0.14752252252252254,0.0327027027027027,0.8121327916098586,24.0,166.0,0.051981981981981985,577,11100,0.21145440066954801,0.39650665377743577,27.996200217633408,0.40756756756756757,True,True,0.6058267012;0.4606290406;0.8627452041;0.95;0.8920394043;0.9329954481;0.2434414901;0.2237143759;0.7874097494;0.2072792387;0.95;0.5223938409,0.772389876;1.022513998;0.4598691245;0.2139841101;0.4237308779;0.3673358894;1.861711545;2.021113381;0.5472165522;2.179902851;0.241873434;0.9032962107,8.871081081;10.37351351;4.953783784;4.145405405;5.270810811;5.015945946;21.7672973;29.6072973;6.599189189;26.91054054;4.560810811;9.587567568,0.2116765768;0.2763551346;0.120560284;0.05754437556;0.1093683752;0.0936210118;0.3954879119;0.3954827265;0.1515937746;0.3965066538;0.05948779052;0.2697681927,0.1432432432;0.1202702703;0.2097297297;0.2262162162;0.2005405405;0.2148648649;0.04918918919;0.03432432432;0.1924324324;0.0327027027;0.2135135135;0.1332432432,6.675407644;9.785363951;0.6993456227;0.2139841101;0.5186543897;0.3673358894;27.99413496;27.99620022;1.136082761;27.98639919;0.241873434;13.04832948,28.0
FreshSky-Safe,4,18,339.0878378378378,23.6172972972973,21.35308108108108,34.0,61.0,49.18963963963964,0.03155405405405405,0.010135135135135136,0.1584009009009009,0.04378378378378378,0.854047066968372,21.799999999999272,118.0,0.02216216216216216,246,11100,0.18926821042216382,0.39633804032667624,27.998830160981242,0.40756756756756757,True,True,0.95;0.2298402862;0.2514208534;0.95;0.8064515181;0.2889292384;0.86964094;0.95;0.4229897239;0.9113191376;0.93510967;0.8418183031,0.2641897105;1.968390267;1.804941085;0.3377909827;0.5254308787;1.582364629;0.451552802;0.2372894534;1.10910177;0.3983676074;0.3641087485;0.4846132827,4.708108108;23.6172973;19.50054054;4.707567568;6.713243243;15.35648649;6.005675676;4.77972973;11.29162162;4.965135135;5.414324324;6.371891892,0.06826090897;0.3963380403;0.3917209976;0.08481292512;0.1330618198;0.3814781754;0.1197225132;0.06079740589;0.3126467963;0.1002379034;0.09456986683;0.1275711723,0.2151351351;0.04378378378;0.05378378378;0.2121621622;0.1843243243;0.07189189189;0.1935135135;0.2118918919;0.1045945946;0.2075675676;0.2064864865;0.1956756757,0.2641897105;27.99883016;27.98282013;0.3377909827;1.027154393;27.13184281;0.760869614;0.2372894534;22.80047789;0.3983676074;0.3641087485;1.607652372,28.0
FreshSky-Safe,4,19,505.4964864864865,28.974054054054054,25.79505405405405,41.0,69.0,59.28243243243243,0.05326576576576576,0.015495495495495495,0.10522522522522522,0.032972972972972976,0.821776885055363,35.0,156.0,0.035495495495495494,394,11100,0.2927576889956896,0.40197890728946334,27.99895219535324,0.40756756756756757,True,True,0.8339118425;0.4218873338;0.3658373363;0.3670076204;0.481511622;0.1930715746;0.2120595117;0.3057773787;0.5446939528;0.4653449839;0.3623629999;0.8770434254,0.4938172966;1.111838862;1.270411673;1.266646367;0.9794527448;2.342239302;2.1308523;1.500722279;0.8655191693;1.012509865;1.281724896;0.4425090154,5.976216216;11.9627027;15.49675676;12.81540541;10.88054054;28.97405405;23.19405405;14.89621622;9.591891892;9.991891892;13.55162162;5.658108108,0.1259901427;0.2797626975;0.3419810881;0.3649310886;0.2565107324;0.4019789073;0.3921920044;0.3743693685;0.2500648627;0.2848710187;0.3356733578;0.1047669993,0.1924324324;0.09756756757;0.08351351351;0.09702702703;0.1140540541;0.03297297297;0.04;0.06945945946;0.1378378378;0.1227027027;0.08135135135;0.1937837838,0.8690864829;11.61964928;22.37898907;24.39878205;9.106865876;27.98702535;27.99375297;27.9989522;9.972460063;10.4126677;21.25174687;0.6125450771,28.0
FreshSky-Safe,4,0,387.01378378378377,20.034864864864865,19.456918918918916,34.0,58.0,49.86126126126126,0.031081081081081083,0.008873873873873873,0.14222972972972975,0.04945945945945946,0.8252904238540555,26.0,140.0,0.01720720720720721,191,11100,0.21874022128670256,0.4029815313135337,31.992409806816912,0.4086486486486487,True,True,0.95;0.2315765095;0.95;0.8081176242;0.6281327393;0.795200025;0.3394136806;0.9476946562;0.5005847781;0.95;0.23436609;0.2528380647,0.3369544871;1.95400716;0.2191119648;0.5235225351;0.7414402559;0.5383055036;1.361973486;0.3438720469;0.9427001774;0.2738400263;1.931388168;1.795260579,4.72;18.71216216;4.892702703;6.437837838;9.339459459;6.511621622;13.8472973;5.338648649;11.68459459;4.613243243;20.03486486;18.98405405,0.08524037836;0.3908014319;0.05685067194;0.1397946661;0.2043970435;0.1501435891;0.3828249799;0.08299398321;0.2631916982;0.06342727095;0.4029815313;0.4022354108,0.2143243243;0.04945945946;0.2118918919;0.1910810811;0.1416216216;0.192972973;0.08351351351;0.2;0.1116216216;0.2051351351;0.05;0.05513513514,0.3369544871;31.98474212;0.2191119648;1.823405632;7.891849213;2.751193561;30.5143146;0.3438720469;14.93830515;0.2738400263;31.98727299;31.99240981,32.0
FreshSky-Safe,4,1,519.8664864864865,27.992702702702704,26.31416216216216,48.0,80.0,67.54144144144144,0.07635135135135135,0.02668918918918919,0.12087837837837839,0.031081081081081083,0.6969506549253472,34.0,142.0,0.05882882882882883,653,11100,0.2797441326975442,0.40617289162320946,31.99996336760749,0.4086486486486487,True,True,0.5605092249;0.2181252996;0.2316669551;0.3707979081;0.95;0.95;0.2020086086;0.95;0.325972712;0.8362721814;0.2993435181;0.2334007936,0.8400796556;2.072097608;1.953264399;1.254604531;0.2976063768;0.2276934429;2.237061952;0.2579608484;1.414030367;0.4910760745;1.530799061;1.939147999,9.507567568;24.94081081;22.83756757;14.92162162;4.281081081;4.002972973;27.9927027;4.439189189;14.03243243;6.239189189;14.81621622;22.88756757,0.2581542077;0.3976187303;0.4006831564;0.3662088901;0.07705592133;0.06356954772;0.398438872;0.06672122484;0.3943998212;0.1414829988;0.3864233304;0.4061728916,0.1418918919;0.03864864865;0.04027027027;0.09378378378;0.222972973;0.2448648649;0.03108108108;0.2262162162;0.08432432432;0.2072972973;0.07594594595;0.04324324324,8.481752424;31.98205562;31.99308655;31.67887121;0.2976063768;0.2276934429;31.99069141;0.2579608484;31.57470686;1.037532522;30.75593424;31.99996337,32.0
FreshSky-Safe,4,2,433.5289189189189,26.162972972972973,23.71859459459459,39.0,64.0,54.483783783783785,0.04376126126126126,0.01231981981981982,0.13022522522522526,0.034594594594594595,0.8284506780347818,28.0,143.0,0.03279279279279279,364,11100,0.2396807427224433,0.4038248945130117,31.999999667560026,0.4086486486486487,True,True,0.2983974043;0.4720337023;0.7619171253;0.95;0.6042558466;0.7527600943;0.6803453125;0.2438339011;0.7053294905;0.1925045361;0.95;0.2931742638,1.535332493;0.9986066978;0.5764720931;0.328976203;0.7746227687;0.5870535051;0.6736618433;1.858825842;0.6430324214;2.34929577;0.2710575607;1.560894842,17.32837838;9.304054054;7.271351351;5.197297297;10.0472973;6.889459459;7.502162162;21.71864865;7.657567568;26.16297297;4.877567568;14.93972973,0.3854929421;0.2642259344;0.1505059573;0.08171057582;0.2212908828;0.1567591522;0.1758803623;0.3938701244;0.1753566792;0.4038248945;0.06732483737;0.3999265703,0.06378378378;0.1308108108;0.172972973;0.2032432432;0.1354054054;0.1718918919;0.162972973;0.04486486486;0.1656756757;0.03459459459;0.2086486486;0.06783783784,31.90770246;7.765167444;1.764720931;0.328976203;7.937174135;1.335267526;2.757603963;31.97718519;2.6024539;31.99999967;0.2710575607;31.76572238,32.0
FreshSky-Safe,4,3,528.3824324324324,22.22783783783784,21.68645945945946,44.0,71.0,60.627027027027026,0.06355855855855856,0.0181981981981982,0.10590090090090089,0.04675675675675676,0.7165911725712305,36.0,138.0,0.043333333333333335,481,11100,0.31662467172626624,0.4008057000712501,31.99871619886817,0.4086486486486487,True,True,0.2469621281;0.8215561338;0.8932287906;0.3220866759;0.225348274;0.2465631425;0.4834834838;0.2778755806;0.2645088005;0.3014458345;0.9387067142;0.2969367479,1.836175919;0.5080937316;0.4222105672;1.429873819;2.006740312;1.839030251;0.9755450403;1.641436133;1.719737046;1.520828652;0.3585144156;1.542388958,17.97675676;5.755405405;4.965675676;12.80864865;22.22783784;21.24351351;10.33810811;16.45135135;18.31783784;18.44891892;4.786486486;16.60243243,0.3975072732;0.144051439;0.114453297;0.394954336;0.4008057001;0.3931548455;0.3011006584;0.3939446718;0.4001874585;0.3933602757;0.09205099861;0.373925107,0.05216216216;0.2081081081;0.2237837838;0.08675675676;0.04675675676;0.04837837838;0.1308108108;0.06540540541;0.05918918919;0.06756756757;0.2132432432;0.06864864865,31.99801562;1.264749852;0.5110528362;31.98192505;31.99258608;31.94229558;17.24625657;31.98328157;31.9987162;31.9788343;0.3585144156;31.86045669,32.0
FreshSky-Safe,4,4,472.1872972972973,21.13,20.96381081081081,39.0,61.0,52.343693693693695,0.04490990990990991,0.010630630630630631,0.10445945945945946,0.04378378378378378,0.8672929580681183,34.0,103.0,0.015855855855855857,176,11100,0.2833368942184961,0.39738271233551004,31.99586619484057,0.4086486486486487,True,True,0.662118963;0.6741961796;0.3640876;0.2460798207;0.2372011855;0.4128728207;0.5024050881;0.4159209977;0.2309431598;0.4380235493;0.7287104513;0.5641011845,0.6966749552;0.6813572012;1.27608378;1.842501298;1.908996959;1.13470463;0.9393093506;1.126874486;1.959226317;1.072981387;0.6151471375;0.8344446437,7.733783784;7.988108108;14.03783784;17.59189189;20.82783784;12.05945946;11.03945946;12.30702703;21.13;13.20945946;7.708648649;9.006756757,0.1879139474;0.1712600533;0.3266084703;0.3973827123;0.3931501845;0.3204773889;0.2546289942;0.2875052743;0.3939633459;0.2847750601;0.1591069758;0.2232703236,0.1597297297;0.1516216216;0.08621621622;0.05432432432;0.04756756757;0.1;0.117027027;0.09675675676;0.04378378378;0.09540540541;0.1651351351;0.1359459459,4.256774418;6.589858426;21.25202145;31.98007268;31.99586619;14.35938798;9.464805713;18.63184572;31.99435271;14.33540439;2.366618512;4.482225012,32.0
FreshSky-Safe,4,5,416.5662162162162,21.105675675675677,19.495364864864865,36.0,55.0,48.13108108108108,0.03529279279279279,0.006283783783783784,0.12522522522522522,0.04540540540540541,0.8241100274966372,29.0,105.0,0.0075675675675675675,84,11100,0.25403711738216656,0.3922869813097737,31.999805493476625,0.4086486486486487,True,True,0.9411489522;0.4821824971;0.3825098869;0.7544254172;0.3523107703;0.8677360717;0.95;0.2189202535;0.8265150398;0.3376263363;0.2625732011;0.2699141276,0.3546353857;0.9781203331;1.218803669;0.5851252029;1.315645181;0.4538598372;0.2241414152;2.064668323;0.5023771293;1.368663091;1.731770293;1.687095206,5.063513514;10.24702703;11.94945946;7.216756757;13.33189189;6.207837838;4.90027027;21.10567568;6.420540541;13.22135135;18.17783784;16.91864865,0.08415401854;0.2733449796;0.3412650274;0.1503929913;0.3523795606;0.1115023222;0.05567188124;0.3922869813;0.1322473848;0.3787867583;0.3847338327;0.3916796707,0.2008108108;0.122972973;0.09486486486;0.1737837838;0.09135135135;0.1818918919;0.2043243243;0.04540540541;0.1854054054;0.08486486486;0.05486486486;0.06216216216,0.3546353857;10.98736933;18.3897541;1.666126826;24.83806506;0.7231590234;0.2241414152;31.97346581;1.321394163;31.70406245;31.82650252;31.99980549,32.0
FreshSky-Safe,4,6,327.98459459459457,18.416756756756758,17.484135135135134,31.0,51.0,43.81846846846847,0.022725225225225226,0.005833333333333334,0.1489864864864865,0.06297297297297297,0.9022474419134033,23.0,103.0,0.0034234234234234236,38,11100,0.17767946998707496,0.3730161313226375,31.99848989516615,0.4086486486486487,True,True,0.6600953202;0.4082536129;0.95;0.8542797728;0.5796663152;0.95;0.7238759829;0.298421524;0.95;0.3698913443;0.95;0.5870736138,0.6992694381;1.146768836;0.2551559305;0.4699577518;0.8105930222;0.2156180293;0.6208604762;1.535216558;0.2628816135;1.257463669;0.2571157349;0.7995478023,8.543783784;13.31864865;4.874594595;5.999189189;9.551891892;4.884324324;8.333783784;18.41675676;4.535675676;16.72108108;4.753243243;9.568378378,0.189747707;0.3164462113;0.05923755252;0.1163462975;0.2050581267;0.05093247503;0.1397775072;0.3730161313;0.06159955646;0.3452927263;0.06184675785;0.2128525906,0.1437837838;0.09432432432;0.2013513514;0.1889189189;0.13;0.2010810811;0.1397297297;0.06297297297;0.2010810811;0.07783783784;0.2048648649;0.1418918919,5.686119324;13.81905484;0.2551559305;0.8897042624;5.780081378;0.2156180293;1.283441905;31.9984899;0.2628816135;28.46869207;0.2571157349;7.190051651,32.0
FreshSky-Safe,4,7,368.67405405405407,30.764054054054053,22.93502702702702,34.0,66.0,57.11081081081081,0.0338963963963964,0.012207207207207207,0.15400900900900902,0.03351351351351351,0.8440091869770774,22.0,220.0,0.03216216216216216,357,11100,0.19613531837087617,0.3989384266668704,31.999095240934835,0.4086486486486487,True,True,0.95;0.8194645516;0.5139536145;0.1957148488;0.2668165055;0.95;0.9166527097;0.2817874583;0.4060368001;0.95;0.95;0.8957240492,0.2129344738;0.5105004868;0.9182376412;2.309972111;1.705631049;0.2143947682;0.3910280632;1.619983796;1.152645744;0.2643493157;0.2202876177;0.4190042049,4.872162162;5.717027027;10.67162162;30.76405405;16.52945946;4.821351351;5.14027027;16.39108108;10.89324324;4.900810811;4.725135135;5.393783784,0.05242792045;0.1287289065;0.2794420497;0.3989384267;0.3899902344;0.0527874686;0.1006104638;0.3905474449;0.3280367482;0.06537287131;0.05644125989;0.1103000258,0.2118918919;0.1918918919;0.1297297297;0.03351351351;0.06351351351;0.2051351351;0.2075675676;0.06648648649;0.1091891892;0.2056756757;0.2156756757;0.2078378378,0.2129344738;1.284003895;9.846515184;31.99909524;31.93786294;0.2143947682;0.3910280632;30.81544673;15.77937232;0.2643493157;0.2202876177;0.5520336396,32.0
FreshSky-Safe,4,8,416.4027027027027,22.92054054054054,21.763310810810808,39.0,64.0,54.362162162162164,0.04439189189189189,0.012342342342342343,0.13826576576576577,0.03648648648648649,0.7967938785981216,26.0,116.0,0.0309009009009009,343,11100,0.23122906190769554,0.40147094848031356,31.995518506877456,0.4086486486486487,True,True,0.924502767;0.7675714746;0.2938168902;0.223720696;0.8564804989;0.95;0.4732619221;0.198994158;0.3554966144;0.365156396;0.95;0.8950142286,0.3798996382;0.5699618165;1.557699888;2.021057334;0.4673466129;0.2347890628;0.9960890923;2.271318822;1.304697623;1.272612991;0.2590903055;0.4199186836,4.615675676;7.438648649;18.08621622;20.81648649;6.225135135;4.664324324;11.07243243;22.92054054;13.20243243;14.39027027;4.535135135;4.965135135,0.09507758512;0.161129746;0.3873199722;0.3927406009;0.1160787938;0.05882417872;0.2853660643;0.4014709485;0.3519157371;0.3467010526;0.06463252755;0.1134915361,0.2102702703;0.1789189189;0.06081081081;0.04324324324;0.1894594595;0.2143243243;0.1197297297;0.03648648649;0.08540540541;0.08783783784;0.2164864865;0.2162162162,0.3798996382;2.719389065;31.98148939;31.97992551;0.7367330643;0.2347890628;16.28267277;31.99551851;21.89260253;20.93894046;0.2590903055;0.5792681526,32.0
FreshSky-Safe,4,9,503.37243243243245,29.93891891891892,25.263770270270264,44.0,76.0,62.19009009009009,0.06009009009009009,0.021036036036036036,0.12405405405405405,0.03189189189189189,0.7455113128363122,31.0,127.0,0.058648648648648646,651,11100,0.25971465520929987,0.4011699417668487,31.993098195661403,0.4086486486486487,True,True,0.3257577326;0.6871221964;0.2523803769;0.1963495047;0.5437054116;0.2493362779;0.95;0.4363495231;0.95;0.6652629851;0.95;0.2127973752,1.414897118;0.6652565043;1.798374164;2.302374716;0.8671448273;1.819394726;0.209506079;1.076896197;0.2790122724;0.6926602831;0.247425482;2.123503268,16.47945946;7.635945946;19.88189189;29.93891892;10.81621622;19.35162162;4.314594595;10.21432432;4.751081081;7.566756757;4.466216216;21.43864865,0.376668557;0.1799788543;0.3893237042;0.3976263361;0.2582685405;0.3992833831;0.05401859441;0.3195762227;0.07314646059;0.2040539753;0.06346129254;0.4011699418,0.06945945946;0.1637837838;0.0472972973;0.03189189189;0.1264864865;0.04864864865;0.2240540541;0.1189189189;0.2216216216;0.172972973;0.2221621622;0.04135135135,31.98353883;5.166156103;31.91547873;31.98735813;9.480055165;31.98815414;0.209506079;18.49101745;0.2790122724;2.819263114;0.247425482;31.9930982,32.0
FreshSky-Safe,4,10,550.4543243243244,26.4527027027027,26.22422972972973,47.0,79.0,66.39954954954955,0.07346846846846847,0.024527027027027026,0.0993918918918919,0.032972972972972976,0.7823370457303098,38.0,143.0,0.05027027027027027,558,11100,0.3089417221843828,0.403412226432986,31.997489566779294,0.4086486486486487,True,True,0.2210551088;0.5230742899;0.4621770162;0.8877431859;0.3493760462;0.4491418585;0.5565464418;0.34857734;0.2223217792;0.6900300697;0.2104662511;0.2177243916,2.045012567;0.9021077578;1.019211399;0.4291816563;1.325898395;1.047619095;0.8463561798;1.328717478;2.03354937;0.6616731043;2.146920017;2.075867389,21.09783784;11.4327027;11.92783784;5.472702703;16.19783784;11.02243243;10.18621622;14.98486486;19.60675676;8.030810811;26.0372973;26.4527027,0.3979483913;0.2620988756;0.2873074296;0.1082233744;0.3433001789;0.3222136567;0.2422408634;0.3605492833;0.4034122264;0.1870567749;0.3957295815;0.3972200301,0.04810810811;0.1197297297;0.1140540541;0.2081081081;0.07972972973;0.122972973;0.1372972973;0.08351351351;0.04378378378;0.1635135135;0.03297297297;0.03891891892,31.99077913;6.944262915;11.76501658;0.5459082815;31.60495712;14.26666832;12.49797304;25.46970315;31.99023981;10.19027038;31.99748957;31.99414089,32.0
FreshSky-Safe,4,11,460.6348648648649,30.645135135135135,24.544891891891883,41.0,74.0,61.163513513513514,0.050608108108108105,0.018108108108108107,0.11736486486486486,0.03567567567567568,0.8439177182026519,32.0,162.0,0.018108108108108107,201,11100,0.2573044704183111,0.3989069705729176,31.998545446987112,0.4086486486486487,True,True,0.95;0.2935060875;0.6227889451;0.4312530983;0.6153269509;0.4183303984;0.9434799305;0.4987828682;0.6260188518;0.4351735249;0.2492611008;0.2092716103,0.3358641596;1.559243329;0.7487311135;1.088976442;0.7590395275;1.120756955;0.3508668233;0.9460759936;0.7443154627;1.079661914;1.819920828;2.159149808,5.084324324;15.14;8.835135135;11.26972973;9.344864865;15.21135135;5.302162162;12.04567568;9.935945946;11.42783784;19.55378378;30.64513514,0.07933656095;0.37843257;0.1964913274;0.3052077218;0.1950936731;0.315629391;0.08610461503;0.2595316577;0.1764228813;0.3049315407;0.3989069706;0.3915647354,0.2056756757;0.07216216216;0.1562162162;0.09810810811;0.1383783784;0.09216216216;0.1986486486;0.1127027027;0.1343243243;0.1113513514;0.05297297297;0.03567567568,0.3358641596;31.96973314;6.708126746;12.95984568;6.38079055;20.1849795;0.3508668233;14.74405183;6.496517493;17.31019552;31.98891585;31.99854545,32.0
FreshSky-Safe,4,12,473.2810810810811,21.455135135135134,20.95418918918919,39.0,63.0,54.22702702702703,0.04493243243243243,0.011486486486486487,0.10930180180180181,0.046216216216216216,0.8406138367505966,33.0,112.0,0.01,111,11100,0.2778885946884033,0.39726587764042365,31.991998873575856,0.4086486486486487,True,True,0.2277146089;0.9318683167;0.4490225566;0.364868936;0.3264467419;0.2532754659;0.5108922966;0.7249468559;0.885090931;0.3371942215;0.4510893652;0.3770521179,1.986329388;0.369039043;1.047885528;1.273544601;1.412123145;1.792296255;0.9237509324;0.6195927545;0.4325165816;1.370290719;1.043286736;1.235229773,20.54432432;5.099459459;12.60378378;13.53513514;14.71621622;21.45513514;10.24945946;7.305405405;5.908108108;16.04135135;12.07324324;12.82405405,0.3972658776;0.08497872017;0.3120999601;0.3411034324;0.3644804334;0.3947895804;0.2404249048;0.1513815811;0.1068432853;0.3499796565;0.2681528881;0.3231628162,0.04756756757;0.1972972973;0.1089189189;0.08648648649;0.07972972973;0.04621621622;0.1218918919;0.16;0.1878378378;0.07567567568;0.1051351351;0.09486486486,31.98439239;0.369039043;31.38581854;17.07089202;26.12732492;31.99199887;6.256263986;1.497963773;0.5625829082;26.55802456;8.29258778;19.28074432,32.0
FreshSky-Safe,4,13,328.06594594594594,23.631891891891893,18.433648648648642,30.0,51.0,43.85990990990991,0.0215990990990991,0.0057432432432432436,0.15045045045045044,0.04162162162162162,0.8959064857249739,23.0,137.0,0.012702702702702703,141,11100,0.18334135912393323,0.39655868090573043,31.99144480172238,0.4086486486486487,True,True,0.931036637;0.7159624459;0.6775674106;0.3509019354;0.95;0.7562371291;0.2357345475;0.5713184825;0.95;0.8385292043;0.9458583108;0.3749843981,0.3702883284;0.6302691506;0.6771299559;1.320546841;0.2764601871;0.5830294735;1.920506701;0.8232731646;0.2265612916;0.488449848;0.3469497415;1.241568686,5.985135135;7.671351351;8.777837838;14.18054054;5.182972973;6.397297297;23.63189189;9.176756757;4.606756757;6.365135135;5.494054054;12.29567568,0.09127106906;0.1705133567;0.1652563108;0.3390593241;0.0688161709;0.1481210014;0.3965586809;0.2383042052;0.0573138835;0.1251487719;0.07323452651;0.3264990085,0.1902702703;0.1613513514;0.1445945946;0.08;0.2040540541;0.1705405405;0.04162162162;0.1391891892;0.2135135135;0.1875675676;0.1802702703;0.09243243243,0.3702883284;2.302691506;2.494169603;19.03554467;0.2764601871;1.464235788;31.9914448;11.05164861;0.2265612916;0.9306990882;0.3469497415;16.7019646,32.0
FreshSky-Safe,4,14,482.7635135135135,23.651621621621622,23.12733783783784,41.0,72.0,59.46756756756757,0.051351351351351354,0.01635135135135135,0.10876126126126127,0.03810810810810811,0.8408205940540368,33.0,152.0,0.012972972972972972,144,11100,0.2742294089377656,0.3991564102018179,31.990987103741094,0.4086486486486487,True,True,0.3969158517;0.64914127;0.685168137;0.2123384503;0.8391928019;0.2547057577;0.6450583303;0.3536782427;0.3495021855;0.2638904463;0.8142278578;0.4332858251,1.177446822;0.7134614509;0.6676722331;2.128067317;0.4876767217;1.782678959;0.7188179662;1.310923092;1.325454306;1.723560971;0.5165166625;1.084128614,12.36297297;9.183783784;8.068378378;23.65162162;6.151621622;22.69837838;9.227297297;16.85918919;13.73432432;18.63243243;6.375675676;11.80810811,0.3236387615;0.1966839676;0.1786474353;0.3991564102;0.1199421126;0.3902621505;0.2012690305;0.3429658252;0.3478421977;0.3810467227;0.1250807918;0.2842175016,0.09864864865;0.1451351351;0.1472972973;0.03810810811;0.1816216216;0.05162162162;0.1418918919;0.07621621622;0.08648648649;0.0572972973;0.1797297297;0.1010810811,16.40468155;10.62499659;4.953444662;31.98756778;0.9260603305;31.9909871;7.08926712;20.78984697;29.91815911;31.97912153;1.165166625;12.59844367,32.0
FreshSky-Safe,4,15,421.61,29.78135135135135,23.966810810810802,38.0,64.0,54.583333333333336,0.042297297297297295,0.012162162162162163,0.1361261261261261,0.02810810810810811,0.8387422545357825,27.0,135.0,0.03990990990990991,443,11100,0.23377159547536694,0.39870987201972424,31.999431536584854,0.4086486486486487,True,True,0.95;0.6682774533;0.3936552323;0.8783623152;0.2542081145;0.6112416568;0.1961261937;0.2603661895;0.4858854259;0.9440218225;0.777121657;0.6438927182,0.2609434761;0.6888292002;1.186565108;0.4408835581;1.786011998;0.7647485898;2.305041448;1.74572184;0.9708198352;0.349980936;0.5589976316;0.7203540735,4.470540541;6.848648649;12.29567568;6.448378378;19.20945946;7.850540541;29.78135135;16.54648649;9.657567568;4.96972973;7.13972973;8.915135135,0.06382536374;0.1930583461;0.3412176418;0.1047396345;0.3934053456;0.2176433149;0.398709872;0.3986851228;0.2818001359;0.08494131907;0.1411091319;0.1861239174,0.2164864865;0.1764864865;0.1081081081;0.1862162162;0.05216216216;0.1656756757;0.02810810811;0.05783783784;0.1272972973;0.2032432432;0.1678378378;0.1440540541,0.2609434761;2.199462802;21.31177373;0.7270684645;31.99943154;7.553966155;31.99820663;31.9981173;8.274757034;0.349980936;1.348973948;3.523894809,32.0
FreshSky-Safe,4,16,513.8962162162162,28.42162162162162,26.938108108108107,46.0,76.0,66.50315315315315,0.06646396396396397,0.022477477477477477,0.12403153153153156,0.035405405405405405,0.7743844793449294,30.0,210.0,0.05828828828828829,647,11100,0.2697533194508657,0.400406834621089,31.98891298345051,0.4086486486486487,True,True,0.3932789834;0.7735119064;0.901603995;0.8416273572;0.2260479039;0.7045979448;0.6624829137;0.1982197585;0.7522839954;0.3841282698;0.2247729528;0.2144342016,1.187626136;0.5631378354;0.4113518347;0.4848363331;2.00065631;0.6439160289;0.6962092138;2.280313362;0.5876051337;1.214015836;2.011774821;2.107404393,15.23243243;7.129189189;4.973783784;6.320810811;18.39594595;6.501621622;7.707837838;28.42162162;6.285405405;12.20459459;25.72432432;22.16189189,0.3334982582;0.168332553;0.10628442;0.118064199;0.3995905441;0.1799484254;0.2103680814;0.3993629888;0.1635765642;0.3579706154;0.3996363495;0.4004068346,0.09054054054;0.1851351351;0.2091891892;0.1810810811;0.05;0.1837837838;0.1737837838;0.03540540541;0.192972973;0.1054054054;0.04;0.04108108108,30.54822156;1.957654025;0.4567591735;0.8241816656;31.77457849;2.770908375;11.84836855;31.96805464;2.438866738;20.84850674;31.98891298;31.98763177,32.0
FreshSky-Safe,4,17,389.87,27.357837837837838,26.641202702702703,40.0,71.0,58.87207207207207,0.04801801801801802,0.0168018018018018,0.14844594594594596,0.033243243243243244,0.8163680922243233,24.0,141.0,0.03063063063063063,340,11100,0.2113859854763606,0.39821396075243687,31.999391875443365,0.4086486486486487,True,True,0.6058267012;0.4606290406;0.8627452041;0.95;0.8920394043;0.9329954481;0.2434414901;0.2237143759;0.7874097494;0.2072792387;0.95;0.5223938409,0.772389876;1.022513998;0.4598691245;0.2139841101;0.4237308779;0.3673358894;1.861711545;2.021113381;0.5472165522;2.179902851;0.241873434;0.9032962107,8.509459459;10.05702703;4.851081081;4.146756757;5.238918919;5.072432432;19.50486486;27.35783784;6.447027027;26.05486486;4.555675676;9.310810811,0.2097977906;0.2735915833;0.1199388392;0.05748654202;0.1110862031;0.09372029177;0.3944815814;0.3982139608;0.1523332564;0.3976849796;0.05974927532;0.2685475221,0.1456756757;0.1210810811;0.2097297297;0.2259459459;0.2043243243;0.2143243243;0.05216216216;0.03540540541;0.1935135135;0.03324324324;0.2113513514;0.1345945946,6.675407644;8.36022397;0.6993456227;0.2139841101;0.5186543897;0.3673358894;31.97244524;31.98581206;1.344331045;31.99939188;0.241873434;13.13844085,32.0
FreshSky-Safe,4,18,330.7191891891892,22.065675675675674,19.845756756756753,32.0,56.0,46.706756756756754,0.027725225225225227,0.007545045045045045,0.159481981981982,0.04540540540540541,0.85280355265753,21.0,127.0,0.015225225225225226,169,11100,0.1892364779319099,0.39527404558754425,31.999228133687758,0.4086486486486487,True,True,0.95;0.2298402862;0.2514208534;0.95;0.8064515181;0.2889292384;0.86964094;0.95;0.4229897239;0.9113191376;0.93510967;0.8418183031,0.2641897105;1.968390267;1.804941085;0.3377909827;0.5254308787;1.582364629;0.451552802;0.2372894534;1.10910177;0.3983676074;0.3641087485;0.4846132827,4.731351351;22.06567568;18.02945946;4.657567568;6.667567568;15.5672973;6.004054054;4.537567568;11.46594595;4.844594595;5.338108108;6.598108108,0.06854651947;0.3952740456;0.3907453537;0.08389997652;0.1320677614;0.3831888399;0.1198445545;0.06137459645;0.3132463108;0.09959190186;0.09456986683;0.1284880082,0.2167567568;0.04540540541;0.05513513514;0.2116216216;0.1835135135;0.07081081081;0.1935135135;0.2186486486;0.1024324324;0.2094594595;0.2102702703;0.1962162162,0.2641897105;31.99922813;31.9927023;0.3377909827;1.027154393;28.37675109;0.709316812;0.2372894534;16.14610621;0.3983676074;0.3641087485;1.776878937,32.0
FreshSky-Safe,4,19,502.0824324324324,27.33,24.819918918918916,41.0,70.0,59.347297297297295,0.050518018018018016,0.015945945945945946,0.10504504504504504,0.03891891891891892,0.8279603387098297,34.0,171.0,0.02927927927927928,325,11100,0.2922770637428865,0.3975476437445401,31.99375297010048,0.4086486486486487,True,True,0.8339118425;0.4218873338;0.3658373363;0.3670076204;0.481511622;0.1930715746;0.2120595117;0.3057773787;0.5446939528;0.4653449839;0.3623629999;0.8770434254,0.4938172966;1.111838862;1.270411673;1.266646367;0.9794527448;2.342239302;2.1308523;1.500722279;0.8655191693;1.012509865;1.281724896;0.4425090154,6.107837838;12.16513514;14.92945946;12.35567568;10.95540541;22.76621622;27.33;15.44081081;9.247297297;9.895675676;13.85810811;5.731351351,0.1281255688;0.2848711463;0.3261867809;0.3577420146;0.258893185;0.3975476437;0.3944956285;0.3812645789;0.2500648627;0.2843237161;0.3384446549;0.1053649845,0.19;0.09702702703;0.08216216216;0.0972972973;0.1140540541;0.03891891892;0.03972972973;0.06918918919;0.14;0.1164864865;0.08243243243;0.1932432432,0.8690864829;13.28010425;18.68610736;22.73274466;9.409602152;31.98731209;31.99375297;31.9238352;9.906940894;9.475217023;21.2821402;0.6125450771,32.0
FreshSky-Safe,4,0,384.64216216216215,20.122162162162162,19.868567567567567,35.0,59.0,49.50135135135135,0.03281531531531531,0.0090990990990991,0.14256756756756758,0.04378378378378378,0.8277317882025955,26.0,134.0,0.008828828828828829,98,11100,0.21873860537916423,0.40320582196563637,35.998622883977795,0.40972972972972976,True,True,0.95;0.2315765095;0.95;0.8081176242;0.6281327393;0.795200025;0.3394136806;0.9476946562;0.5005847781;0.95;0.23436609;0.2528380647,0.3369544871;1.95400716;0.2191119648;0.5235225351;0.7414402559;0.5383055036;1.361973486;0.3438720469;0.9427001774;0.2738400263;1.931388168;1.795260579,4.92972973;20.12216216;5.085405405;6.541351351;9.537837838;6.246756757;13.71540541;5.445945946;11.07135135;4.697837838;19.66108108;17.93972973,0.08587785982;0.391329542;0.05714676919;0.1382382478;0.2049982113;0.1485432214;0.3861378884;0.08317985999;0.2616629952;0.06364930341;0.4008935441;0.403205822,0.2135135135;0.04378378378;0.2108108108;0.1894594595;0.1451351351;0.1945945946;0.08567567568;0.197027027;0.1159459459;0.2056756757;0.05081081081;0.05837837838,0.3369544871;35.99862288;0.2191119648;1.235225351;5.784647934;1.383055036;30.58459478;0.3438720469;12.11020461;0.2738400263;35.9621588;35.97721162,36.0
FreshSky-Safe,4,1,515.6081081081081,27.582162162162163,27.544256756756756,47.0,78.0,65.3445945945946,0.07108108108108108,0.02418918918918919,0.1209009009009009,0.02972972972972973,0.6982920582521372,34.0,132.0,0.04288288288288288,476,11100,0.27905081227353956,0.4046006094620873,35.99001870109386,0.40972972972972976,True,True,0.5605092249;0.2181252996;0.2316669551;0.3707979081;0.95;0.95;0.2020086086;0.95;0.325972712;0.8362721814;0.2993435181;0.2334007936,0.8400796556;2.072097608;1.953264399;1.254604531;0.2976063768;0.2276934429;2.237061952;0.2579608484;1.414030367;0.4910760745;1.530799061;1.939147999,10.02486486;27.58216216;22.22972973;13.8727027;4.3;4.163243243;27.51324324;4.521351351;14.51189189;6.474864865;13.98135135;19.20243243,0.2620140331;0.3992988094;0.3948761541;0.363835314;0.07705592133;0.06406185787;0.3954158153;0.0665120674;0.3955463323;0.1422793384;0.3831134946;0.4046006095,0.1410810811;0.03594594595;0.04081081081;0.09378378378;0.2259459459;0.2421621622;0.02972972973;0.2251351351;0.08189189189;0.2081081081;0.07513513514;0.05108108108,9.321832079;35.98489015;35.96011788;28.51180842;0.2976063768;0.2276934429;35.9900187;0.2579608484;28.77801263;1.310760745;29.22513517;35.95941979,36.0
FreshSky-Safe,4,2,406.272972972973,22.966486486486488,21.214067567567568,36.0,57.0,49.94954954954955,0.03371621621621622,0.007972972972972973,0.13238738738738737,0.03918918918918919,0.8297924318333949,28.0,144.0,0.011171171171171172,124,11100,0.24002451001351685,0.40509478411839855,35.98873065725066,0.40972972972972976,True,True,0.2983974043;0.4720337023;0.7619171253;0.95;0.6042558466;0.7527600943;0.6803453125;0.2438339011;0.7053294905;0.1925045361;0.95;0.2931742638,1.535332493;0.9986066978;0.5764720931;0.328976203;0.7746227687;0.5870535051;0.6736618433;1.858825842;0.6430324214;2.34929577;0.2710575607;1.560894842,15.49972973;9.252972973;7.243513514;5.089459459;9.577837838;6.855675676;7.378378378;19.78027027;7.791621622;22.96648649;4.842972973;16.01027027,0.3846630327;0.266385084;0.1515965802;0.08162166333;0.2196160228;0.1577111308;0.1727851593;0.3978892073;0.1744877165;0.4050947841;0.06725157857;0.4011921607,0.06540540541;0.1324324324;0.1783783784;0.2051351351;0.1383783784;0.1789189189;0.1586486486;0.04486486486;0.167027027;0.03918918919;0.2132432432;0.06702702703,33.69595965;8.154021026;2.29413721;0.328976203;7.162551366;1.522321031;2.736618433;35.97718519;2.587291793;35.98873066;0.2710575607;35.9688572,36.0
FreshSky-Safe,4,3,534.9135135135135,23.576756756756758,23.07298648648649,46.0,72.0,62.56351351351351,0.06896396396396397,0.02036036036036036,0.10657657657657656,0.04540540540540541,0.7170110216654816,37.0,135.0,0.02891891891891892,321,11100,0.3168141970162775,0.3997209755784998,35.99910120949526,0.40972972972972976,True,True,0.2469621281;0.8215561338;0.8932287906;0.3220866759;0.225348274;0.2465631425;0.4834834838;0.2778755806;0.2645088005;0.3014458345;0.9387067142;0.2969367479,1.836175919;0.5080937316;0.4222105672;1.429873819;2.006740312;1.839030251;0.9755450403;1.641436133;1.719737046;1.520828652;0.3585144156;1.542388958,17.15621622;5.922162162;4.937027027;12.72162162;23.57675676;22.66081081;10.37621622;16.58891892;20.30513514;17.01486486;4.727297297;17.6227027,0.3994923282;0.1435021485;0.1146815189;0.398045955;0.3997209756;0.3941489159;0.2992550326;0.3917265149;0.3987930771;0.3917161366;0.09176031124;0.3789274495,0.05486486486;0.2040540541;0.2286486486;0.08783783784;0.04540540541;0.04702702703;0.1343243243;0.06837837838;0.05864864865;0.06756756757;0.2140540541;0.06810810811,35.94524003;1.297124779;0.5110528362;33.64167269;35.96165521;35.99078305;17.2060673;35.97786873;35.98819803;35.99910121;0.3585144156;35.68106898,36.0
FreshSky-Safe,4,4,485.5078378378378,23.318918918918918,22.252364864864862,40.0,64.0,55.097747747747746,0.0481981981981982,0.01240990990990991,0.10243243243243244,0.044054054054054055,0.867674167382307,34.0,123.0,0.007387387387387387,82,11100,0.2832184627199727,0.40186447224906824,35.99644225459092,0.40972972972972976,True,True,0.662118963;0.6741961796;0.3640876;0.2460798207;0.2372011855;0.4128728207;0.5024050881;0.4159209977;0.2309431598;0.4380235493;0.7287104513;0.5641011845,0.6966749552;0.6813572012;1.27608378;1.842501298;1.908996959;1.13470463;0.9393093506;1.126874486;1.959226317;1.072981387;0.6151471375;0.8344446437,8.442702703;8.057837838;14.0727027;18.97648649;23.31891892;11.5972973;10.8;12.08513514;21.37972973;14.17243243;7.571351351;8.983513514,0.1879139474;0.1719966557;0.3266084703;0.4018644722;0.3941820748;0.3140371734;0.2528519225;0.2844596676;0.3886681397;0.2926049243;0.1599382557;0.2234958492,0.1510810811;0.1481081081;0.08432432432;0.04864864865;0.04405405405;0.09945945946;0.1183783784;0.09864864865;0.04567567568;0.09351351351;0.1602702703;0.137027027,3.560099462;6.589858426;23.82377011;35.6052933;35.96857122;16.36761576;9.464805713;15.65122226;35.99644225;17.09751607;2.58176565;4.585558943,36.0
FreshSky-Safe,4,5,426.49783783783784,23.14918918918919,20.09401351351351,37.0,59.0,50.72342342342343,0.03738738738738739,0.008806306306306307,0.1253153153153153,0.046486486486486484,0.8202085534997505,29.0,121.0,0.0109009009009009,121,11100,0.25372252887777336,0.3945190551721337,35.97346581464202,0.40972972972972976,True,True,0.9411489522;0.4821824971;0.3825098869;0.7544254172;0.3523107703;0.8677360717;0.95;0.2189202535;0.8265150398;0.3376263363;0.2625732011;0.2699141276,0.3546353857;0.9781203331;1.218803669;0.5851252029;1.315645181;0.4538598372;0.2241414152;2.064668323;0.5023771293;1.368663091;1.731770293;1.687095206,5.084594595;10.08108108;12.33324324;7.261081081;13.53945946;6.425405405;4.704054054;23.14918919;6.289189189;13.74189189;17.59432432;16.4327027,0.08472910295;0.2730806227;0.3386297762;0.1507092752;0.3538018797;0.1123609759;0.05555072372;0.3945190552;0.1323831624;0.3798964851;0.3805214184;0.388487869,0.2021621622;0.1208108108;0.09162162162;0.1743243243;0.08864864865;0.1810810811;0.2097297297;0.04648648649;0.1859459459;0.08351351351;0.05621621622;0.06324324324,0.3546353857;10.98736933;19.78291374;1.666126826;26.15371024;0.7231590234;0.2241414152;35.97346581;1.023771293;35.87272554;33.69425732;33.11590002,36.0
FreshSky-Safe,4,6,324.40162162162164,17.43216216216216,16.415554054054052,30.0,48.0,41.72702702702703,0.02024774774774775,0.0037387387387387387,0.1486936936936937,0.061621621621621624,0.9004145677984031,23.0,103.0,0.0022522522522522522,25,11100,0.17715362060203313,0.3692818207754696,35.95027984008459,0.40972972972972976,True,True,0.6600953202;0.4082536129;0.95;0.8542797728;0.5796663152;0.95;0.7238759829;0.298421524;0.95;0.3698913443;0.95;0.5870736138,0.6992694381;1.146768836;0.2551559305;0.4699577518;0.8105930222;0.2156180293;0.6208604762;1.535216558;0.2628816135;1.257463669;0.2571157349;0.7995478023,8.978108108;13.07675676;4.942432432;6.361621622;9.374054054;4.83027027;8.609459459;17.43216216;4.548108108;15.58378378;4.674594595;9.859459459,0.194850484;0.3142766487;0.05944443571;0.1172354067;0.2048390475;0.05104902531;0.1416233086;0.3692818208;0.06131536012;0.3371362052;0.06129083193;0.2135008726,0.1462162162;0.09054054054;0.2008108108;0.1862162162;0.1335135135;0.1997297297;0.1405405405;0.06162162162;0.2018918919;0.07648648649;0.2056756757;0.1410810811,5.686119324;16.45629625;0.2551559305;0.8897042624;5.780081378;0.2156180293;2.471186191;35.95027984;0.2628816135;28.46869207;0.2571157349;4.791408244,36.0
FreshSky-Safe,4,7,343.5254054054054,23.390810810810812,19.802581081081076,34.0,53.0,45.9963963963964,0.030045045045045043,0.005247747747747748,0.15506756756756757,0.03594594594594595,0.8453698498275884,22.0,105.0,0.012162162162162163,135,11100,0.19671222570784785,0.39644397353796107,35.989901257988,0.40972972972972976,True,True,0.95;0.8194645516;0.5139536145;0.1957148488;0.2668165055;0.95;0.9166527097;0.2817874583;0.4060368001;0.95;0.95;0.8957240492,0.2129344738;0.5105004868;0.9182376412;2.309972111;1.705631049;0.2143947682;0.3910280632;1.619983796;1.152645744;0.2643493157;0.2202876177;0.4190042049,4.758918919;5.466216216;10.47135135;23.39081081;16.86675676;4.793243243;5.033783784;16.70081081;11.56297297;4.958378378;4.672432432;5.167567568,0.0516797723;0.1274871486;0.2831646348;0.3958168427;0.3964439735;0.05226596781;0.1014559299;0.3918609453;0.3292828517;0.0659444374;0.05620311112;0.1089410933,0.2089189189;0.1932432432;0.1354054054;0.03594594595;0.06432432432;0.2078378378;0.2116216216;0.06567567568;0.1064864865;0.207027027;0.2175675676;0.2067567568,0.2129344738;1.173503408;10.20122811;35.98751784;35.98990126;0.2143947682;0.3910280632;35.8935995;15.40556062;0.2643493157;0.2202876177;0.5520336396,36.0
FreshSky-Safe,4,8,404.94081081081083,21.62918918918919,20.682594594594594,36.0,58.0,50.284684684684684,0.03504504504504505,0.008828828828828829,0.13885135135135135,0.036756756756756756,0.8002892495682419,26.0,116.0,0.014864864864864866,165,11100,0.23108446760192417,0.3984015987212898,35.984635034870365,0.40972972972972976,True,True,0.924502767;0.7675714746;0.2938168902;0.223720696;0.8564804989;0.95;0.4732619221;0.198994158;0.3554966144;0.365156396;0.95;0.8950142286,0.3798996382;0.5699618165;1.557699888;2.021057334;0.4673466129;0.2347890628;0.9960890923;2.271318822;1.304697623;1.272612991;0.2590903055;0.4199186836,4.624594595;7.267027027;16.48405405;19.90810811;5.784594595;4.867027027;10.72378378;21.62918919;12.48783784;14.74297297;4.652972973;4.976216216,0.09579631417;0.1602054836;0.3864779723;0.3954717594;0.115826174;0.05952220025;0.2837507847;0.3984015987;0.3575576728;0.3422297096;0.06428240552;0.1134915361,0.2105405405;0.1794594595;0.06189189189;0.04459459459;0.1927027027;0.2121621622;0.1205405405;0.03675675676;0.09027027027;0.08540540541;0.217027027;0.2148648649,0.3798996382;2.319389065;31.80118258;35.87437079;0.8040796771;0.2347890628;13.4983164;35.98463503;22.6066954;26.21406766;0.2590903055;0.4995934181,36.0
FreshSky-Safe,4,9,497.3248648648649,27.127297297297297,24.600716216216213,43.0,67.0,58.024324324324326,0.05871621621621621,0.015675675675675675,0.1238963963963964,0.033243243243243244,0.7453876661092946,32.0,124.0,0.033873873873873875,376,11100,0.2602481049506982,0.4032172095691602,35.996550086826716,0.40972972972972976,True,True,0.3257577326;0.6871221964;0.2523803769;0.1963495047;0.5437054116;0.2493362779;0.95;0.4363495231;0.95;0.6652629851;0.95;0.2127973752,1.414897118;0.6652565043;1.798374164;2.302374716;0.8671448273;1.819394726;0.209506079;1.076896197;0.2790122724;0.6926602831;0.247425482;2.123503268,14.87216216;7.556216216;21.25702703;27.1272973;10.36216216;19.25459459;4.212972973;10.20432432;4.754864865;7.63972973;4.358648649;22.53351351,0.37360932;0.179259658;0.3961283632;0.3976263361;0.2601434482;0.4032172096;0.05345236177;0.3160835864;0.07344809548;0.2061132356;0.06272570327;0.4011699418,0.07189189189;0.1645945946;0.04783783784;0.03324324324;0.1281081081;0.04891891892;0.2259459459;0.1167567568;0.2197297297;0.1716216216;0.2210810811;0.03702702703,35.82823018;5.431412607;35.99351885;35.9884058;8.142896546;35.99655009;0.209506079;19.3837821;0.2790122724;3.80458368;0.247425482;35.98556873,36.0
FreshSky-Safe,4,10,569.3043243243243,30.55,29.27608108108108,47.0,88.0,72.87792792792793,0.07416666666666667,0.0259009009009009,0.09984234234234235,0.035405405405405405,0.7826545743151675,38.0,217.0,0.04369369369369369,485,11100,0.3088417770682434,0.40286261849506644,35.99748956677888,0.40972972972972976,True,True,0.2210551088;0.5230742899;0.4621770162;0.8877431859;0.3493760462;0.4491418585;0.5565464418;0.34857734;0.2223217792;0.6900300697;0.2104662511;0.2177243916,2.045012567;0.9021077578;1.019211399;0.4291816563;1.325898395;1.047619095;0.8463561798;1.328717478;2.03354937;0.6616731043;2.146920017;2.075867389,20.92297297;11.77459459;11.87459459;5.462972973;16.49864865;11.39405405;9.34;14.99567568;18.72783784;7.542162162;30.55;28.23378378,0.3957375669;0.2640493788;0.2867565045;0.1085713595;0.3443752317;0.3278764627;0.2440708227;0.3609083962;0.4028626185;0.1818706884;0.3957295815;0.3932927135,0.04810810811;0.1186486486;0.112972973;0.2086486486;0.07918918919;0.1183783784;0.1448648649;0.08351351351;0.04702702703;0.1645945946;0.03540540541;0.03675675676,35.99077913;11.44637067;16.83397617;0.5459082815;27.06468441;15.46666832;11.29797304;27.59842062;35.92588591;2.740077252;35.99748957;35.99414089,36.0
FreshSky-Safe,4,11,442.60675675675674,25.97783783783784,22.167081081081076,40.0,67.0,56.0981981981982,0.04781531531531531,0.014346846846846846,0.11772522522522522,0.036756756756756756,0.8475257727097829,32.0,121.0,0.008378378378378378,93,11100,0.25734982219207886,0.3993988410668423,35.99854544698736,0.40972972972972976,True,True,0.95;0.2935060875;0.6227889451;0.4312530983;0.6153269509;0.4183303984;0.9434799305;0.4987828682;0.6260188518;0.4351735249;0.2492611008;0.2092716103,0.3358641596;1.559243329;0.7487311135;1.088976442;0.7590395275;1.120756955;0.3508668233;0.9460759936;0.7443154627;1.079661914;1.819920828;2.159149808,5.154864865;15.22918919;8.422972973;11.83918919;9.478918919;14.92135135;5.227027027;12.2327027;9.945135135;11.53486486;19.04918919;25.97783784,0.07861036817;0.3763254844;0.1966936871;0.3119770348;0.1963245481;0.3150235764;0.08591495728;0.257486088;0.178032212;0.3008463334;0.3993988411;0.3915647354,0.2032432432;0.07216216216;0.1608108108;0.1024324324;0.137027027;0.09513513514;0.1983783784;0.1105405405;0.1335135135;0.1091891892;0.05351351351;0.03675675676,0.3358641596;34.46930302;6.708126746;13.66850529;6.38079055;23.94725036;0.3508668233;14.74405183;6.785148419;17.31019552;35.99854426;35.99854545,36.0
FreshSky-Safe,4,12,482.6683783783784,22.47108108108108,22.013837837837837,40.0,65.0,55.97747747747748,0.04880630630630631,0.012522522522522523,0.10876126126126125,0.04243243243243243,0.835701146696701,33.0,130.0,0.0045945945945945945,51,11100,0.2776767440470757,0.398339569201614,35.99140411157406,0.40972972972972976,True,True,0.2277146089;0.9318683167;0.4490225566;0.364868936;0.3264467419;0.2532754659;0.5108922966;0.7249468559;0.885090931;0.3371942215;0.4510893652;0.3770521179,1.986329388;0.369039043;1.047885528;1.273544601;1.412123145;1.792296255;0.9237509324;0.6195927545;0.4325165816;1.370290719;1.043286736;1.235229773,21.63972973;5.526486486;12.1572973;14.72189189;15.33621622;22.47108108;10.69594595;7.071891892;5.886216216;15.64756757;12.60027027;12.26945946,0.3983395692;0.08597612299;0.3067189263;0.3466106523;0.3656253981;0.3933363672;0.2451684907;0.1493720911;0.1078953527;0.3481279123;0.2664610718;0.3184889738,0.04756756757;0.1943243243;0.1078378378;0.08621621622;0.0772972973;0.04243243243;0.1227027027;0.1637837838;0.1889189189;0.07567567568;0.1021621622;0.09621621622,35.98740623;0.369039043;33.08158959;21.27723006;29.93348218;35.99140411;7.531282634;1.497963773;0.6276160714;21.07686169;11.50902146;19.28074432,36.0
FreshSky-Safe,4,13,328.5918918918919,22.356486486486485,18.302391891891887,31.0,51.0,43.12117117117117,0.021981981981981983,0.005067567567567568,0.15074324324324326,0.044864864864864865,0.8953030666777629,23.0,106.0,0.008018018018018018,89,11100,0.1837691477940027,0.39967301609608963,35.98891129811539,0.40972972972972976,True,True,0.931036637;0.7159624459;0.6775674106;0.3509019354;0.95;0.7562371291;0.2357345475;0.5713184825;0.95;0.8385292043;0.9458583108;0.3749843981,0.3702883284;0.6302691506;0.6771299559;1.320546841;0.2764601871;0.5830294735;1.920506701;0.8232731646;0.2265612916;0.488449848;0.3469497415;1.241568686,6.034594595;7.833783784;8.576756757;14.98540541;5.418918919;6.511081081;22.35648649;9.295135135;4.743243243;6.427567568;5.56027027;13.20756757,0.0906706015;0.1711947288;0.1645242785;0.3404869423;0.06859201399;0.1482785769;0.3996730161;0.238971724;0.05694648681;0.1233005833;0.07407845831;0.3285123632,0.1867567568;0.1654054054;0.1464864865;0.07702702703;0.2040540541;0.1732432432;0.04486486486;0.1413513514;0.2121621622;0.1872972973;0.1835135135;0.08675675676,0.3702883284;2.302691506;2.617039647;19.45749891;0.2764601871;1.498176841;35.9889113;10.22837544;0.2265612916;0.9306990882;0.3469497415;18.61333533,36.0
FreshSky-Safe,4,14,475.7554054054054,23.42297297297297,20.729013513513507,40.0,66.0,56.4045045045045,0.04963963963963964,0.013828828828828828,0.10813063063063065,0.04027027027027027,0.842832864044647,33.0,137.0,0.005405405405405406,60,11100,0.2744238220071714,0.39743095021535474,35.99261652965235,0.40972972972972976,True,True,0.3969158517;0.64914127;0.685168137;0.2123384503;0.8391928019;0.2547057577;0.6450583303;0.3536782427;0.3495021855;0.2638904463;0.8142278578;0.4332858251,1.177446822;0.7134614509;0.6676722331;2.128067317;0.4876767217;1.782678959;0.7188179662;1.310923092;1.325454306;1.723560971;0.5165166625;1.084128614,12.50702703;8.814594595;8.189189189;23.42297297;6.363783784;18.52486486;8.753513514;17.33756757;15.59540541;17.89405405;6.225135135;12.84189189,0.3255481347;0.1935987288;0.1784669834;0.3974309502;0.1216555714;0.3878531249;0.198937729;0.3514691101;0.3482004286;0.3833758591;0.1243827963;0.2821664474,0.09756756757;0.1427027027;0.1437837838;0.04027027027;0.1827027027;0.05567567568;0.1405405405;0.0772972973;0.08027027027;0.05702702703;0.1802702703;0.09945945946,15.22723473;9.457689331;4.821116895;35.99261653;1.402827548;35.77990249;4.219905425;22.33938592;31.24361342;35.81165762;0.9825833124;12.19844367,36.0
FreshSky-Safe,4,15,422.2391891891892,29.90837837837838,24.089972972972966,39.0,68.0,57.178378378378376,0.04454954954954955,0.014594594594594595,0.13547297297297298,0.02972972972972973,0.8392029625489564,27.0,165.0,0.021261261261261263,236,11100,0.23392280470734939,0.4019878398091144,35.998967845932626,0.40972972972972976,True,True,0.95;0.6682774533;0.3936552323;0.8783623152;0.2542081145;0.6112416568;0.1961261937;0.2603661895;0.4858854259;0.9440218225;0.777121657;0.6438927182,0.2609434761;0.6888292002;1.186565108;0.4408835581;1.786011998;0.7647485898;2.305041448;1.74572184;0.9708198352;0.349980936;0.5589976316;0.7203540735,4.63972973;6.901621622;13.03864865;5.9;18.31972973;8.109189189;29.90837838;19.32945946;9.975945946;5.010540541;7.548918919;9.429459459,0.06361378795;0.1911966456;0.3380107091;0.1055737385;0.3943707575;0.2201235806;0.3993328562;0.4019878398;0.2799634498;0.0845629613;0.1406558905;0.1876814397,0.2121621622;0.1745945946;0.1048648649;0.1883783784;0.05378378378;0.1659459459;0.02972972973;0.05513513514;0.1294594595;0.2062162162;0.1621621622;0.1432432432,0.2609434761;2.488292002;20.82382302;0.6861849064;35.92235541;6.789217566;35.99896785;35.99329437;7.703937199;0.349980936;1.748973948;3.044248882,36.0
FreshSky-Safe,4,16,494.2502702702703,27.879459459459458,25.11266216216216,44.0,76.0,65.58558558558559,0.06060810810810811,0.02108108108108108,0.12459459459459458,0.03351351351351351,0.7779014840893685,30.0,201.0,0.04441441441441441,493,11100,0.2695852090875341,0.40175341578878887,35.99903655242483,0.40972972972972976,True,True,0.3932789834;0.7735119064;0.901603995;0.8416273572;0.2260479039;0.7045979448;0.6624829137;0.1982197585;0.7522839954;0.3841282698;0.2247729528;0.2144342016,1.187626136;0.5631378354;0.4113518347;0.4848363331;2.00065631;0.6439160289;0.6962092138;2.280313362;0.5876051337;1.214015836;2.011774821;2.107404393,14.36891892;7.149189189;5.002972973;6.287027027;22.40594595;6.284864865;7.871891892;27.87945946;6.148108108;11.56810811;22.84891892;19.47810811,0.3354241384;0.1668105588;0.1078408864;0.1189814569;0.4017534158;0.1794263313;0.2094272581;0.4005955906;0.1635765642;0.3556738286;0.3990926266;0.3964198533,0.0927027027;0.1872972973;0.2124324324;0.1832432432;0.04837837838;0.1805405405;0.1716216216;0.03351351351;0.1910810811;0.1054054054;0.04297297297;0.04594594595,22.34216703;2.047067531;0.4567591735;1.842217663;35.99903655;3.346572491;6.309021131;35.99898469;1.713235936;18.42047507;35.88431521;35.99121188,36.0
FreshSky-Safe,4,17,418.312972972973,28.50918918918919,27.962162162162162,42.0,77.0,62.37792792792793,0.05367117117117117,0.019662162162162163,0.14707207207207204,0.03135135135135135,0.8102640964355059,24.0,146.0,0.031171171171171172,346,11100,0.2119277761902275,0.4006307943070674,35.99620021763323,0.40972972972972976,True,True,0.6058267012;0.4606290406;0.8627452041;0.95;0.8920394043;0.9329954481;0.2434414901;0.2237143759;0.7874097494;0.2072792387;0.95;0.5223938409,0.772389876;1.022513998;0.4598691245;0.2139841101;0.4237308779;0.3673358894;1.861711545;2.021113381;0.5472165522;2.179902851;0.241873434;0.9032962107,8.66027027;10.96540541;4.809459459;4.08027027;5.343243243;5.034324324;21.57540541;27.51459459;6.642432432;28.50918919;4.528648649;9.718918919,0.2079190045;0.2771842;0.1201874171;0.05771787619;0.1107426376;0.0926282121;0.3969974078;0.3976677139;0.1505585;0.4006307943;0.05942241933;0.2714771314,0.147027027;0.1183783784;0.2094594595;0.2283783784;0.2040540541;0.2148648649;0.04702702703;0.03675675676;0.1881081081;0.03135135135;0.2105405405;0.1289189189,7.44779752;10.98273797;0.6993456227;0.2139841101;0.5186543897;0.3673358894;35.99413496;35.99620022;2.166598627;35.99192405;0.241873434;12.84173706,36.0
FreshSky-Safe,4,18,320.5583783783784,21.778378378378378,19.130351351351347,31.0,50.0,43.16576576576576,0.02382882882882883,0.004391891891891892,0.1598873873873874,0.043243243243243246,0.8533444202846575,22.0,98.0,0.003963963963963964,44,11100,0.18885722476844768,0.40006202191363816,35.99922813368763,0.40972972972972976,True,True,0.95;0.2298402862;0.2514208534;0.95;0.8064515181;0.2889292384;0.86964094;0.95;0.4229897239;0.9113191376;0.93510967;0.8418183031,0.2641897105;1.968390267;1.804941085;0.3377909827;0.5254308787;1.582364629;0.451552802;0.2372894534;1.10910177;0.3983676074;0.3641087485;0.4846132827,4.706216216;21.77837838;16.96378378;4.627297297;6.425135135;14.85837838;5.751081081;4.651891892;11.08513514;4.948648649;5.343783784;6.247837838,0.06897493522;0.4000620219;0.3878184223;0.08499551484;0.1323517781;0.3793398448;0.1197225132;0.06143872874;0.3090497095;0.1001302365;0.09456986683;0.1278331254,0.2208108108;0.04324324324;0.05594594595;0.2148648649;0.182972973;0.07216216216;0.1959459459;0.2137837838;0.1048648649;0.2078378378;0.2094594595;0.1967567568,0.2641897105;35.99922813;35.61763559;0.3377909827;1.027154393;27.13184281;0.760869614;0.2372894534;12.1820354;0.3983676074;0.3641087485;1.776878937,36.0
FreshSky-Safe,4,19,506.07594594594593,27.696486486486485,24.40109459459459,42.0,69.0,58.64594594594595,0.05540540540540541,0.015810810810810812,0.10412162162162163,0.03567567567567568,0.8267378449149431,34.0,145.0,0.017117117117117116,190,11100,0.29303760318982996,0.39852697065186027,35.989433384234765,0.40972972972972976,True,True,0.8339118425;0.4218873338;0.3658373363;0.3670076204;0.481511622;0.1930715746;0.2120595117;0.3057773787;0.5446939528;0.4653449839;0.3623629999;0.8770434254,0.4938172966;1.111838862;1.270411673;1.266646367;0.9794527448;2.342239302;2.1308523;1.500722279;0.8655191693;1.012509865;1.281724896;0.4425090154,6.014324324;12.56756757;15.87567568;13.3327027;11.63567568;21.70486486;27.69648649;15.89081081;9.045945946;10.09972973;13.96972973;5.595945946,0.1267909275;0.2878761162;0.3361440615;0.3577420146;0.2567754493;0.3975476437;0.3985269707;0.3820757802;0.2449185325;0.2887021371;0.33601977;0.103331835,0.1881081081;0.09891891892;0.08081081081;0.09432432432;0.1102702703;0.03972972973;0.03567567568;0.06783783784;0.1402702703;0.122972973;0.08162162162;0.1889189189,0.8690864829;12.01964928;27.1235852;23.5316485;13.56303509;35.95732465;35.98943338;35.92672432;10.37246006;11.68772689;21.17002198;0.6125450771,36.0
FreshSky-Safe,4,0,388.11756756756756,19.682702702702702,19.20093243243243,35.0,57.0,48.15900900900901,0.03342342342342342,0.00768018018018018,0.1412162162162162,0.046216216216216216,0.8235706248435101,26.0,104.0,0.0009009009009009009,10,11100,0.21908483258822897,0.4046614386514329,47.96016038556655,0.412972972972973,True,True,0.95;0.2315765095;0.95;0.8081176242;0.6281327393;0.795200025;0.3394136806;0.9476946562;0.5005847781;0.95;0.23436609;0.2528380647,0.3369544871;1.95400716;0.2191119648;0.5235225351;0.7414402559;0.5383055036;1.361973486;0.3438720469;0.9427001774;0.2738400263;1.931388168;1.795260579,4.864324324;18.80675676;5.205405405;6.372702703;9.319459459;6.276486486;14.64864865;5.346216216;11.77135135;4.624324324;18.48027027;19.6827027,0.08451182812;0.3934419821;0.05750208589;0.136823322;0.2051986006;0.1486887094;0.3839292828;0.0830869216;0.2675230233;0.06327924932;0.4003715473;0.4046614387,0.21;0.04621621622;0.2110810811;0.1897297297;0.1443243243;0.1918918919;0.07918918919;0.1994594595;0.112972973;0.2043243243;0.05081081081;0.05459459459,0.3369544871;47.676673;0.2191119648;1.388180281;7.891849213;1.812888058;31.94656826;0.3438720469;14.93830515;0.2738400263;40.51423977;47.96016039,48.0
FreshSky-Safe,4,1,495.82216216216216,25.41189189189189,24.17989189189189,45.0,74.0,62.284684684684684,0.06777027027027027,0.02033783783783784,0.12153153153153153,0.03432432432432433,0.7063586606130544,34.0,132.0,0.0077477477477477475,86,11100,0.2797194826250741,0.4072210797306242,47.991347879042046,0.412972972972973,True,True,0.5605092249;0.2181252996;0.2316669551;0.3707979081;0.95;0.95;0.2020086086;0.95;0.325972712;0.8362721814;0.2993435181;0.2334007936,0.8400796556;2.072097608;1.953264399;1.254604531;0.2976063768;0.2276934429;2.237061952;0.2579608484;1.414030367;0.4910760745;1.530799061;1.939147999,9.865945946;23.17189189;22.0027027;14.08621622;4.371891892;4.132432432;25.41189189;4.447837838;13.78756757;6.308918919;15.25621622;21.79378378,0.2601976447;0.3976187303;0.3969877913;0.3675652193;0.07713635549;0.06363108649;0.400252706;0.06672122484;0.3928711398;0.1404212127;0.3860096009;0.4072210797,0.1381081081;0.04189189189;0.04297297297;0.09432432432;0.2183783784;0.2448648649;0.03432432432;0.227027027;0.08567567568;0.2094594595;0.07486486486;0.04648648649,7.281752424;47.99134788;43.17524351;27.28147057;0.2976063768;0.2276934429;47.96131093;0.2579608484;33.83440319;1.219684671;34.00992954;47.72897547,48.0
FreshSky-Safe,4,2,429.6527027027027,26.854324324324324,23.026918918918913,38.0,63.0,55.09189189189189,0.0406981981981982,0.011576576576576576,0.1310135135135135,0.03486486486486486,0.830152294201898,28.0,166.0,0.00891891891891892,99,11100,0.23959366842318788,0.401285115302238,47.966194963711395,0.412972972972973,True,True,0.2983974043;0.4720337023;0.7619171253;0.95;0.6042558466;0.7527600943;0.6803453125;0.2438339011;0.7053294905;0.1925045361;0.95;0.2931742638,1.535332493;0.9986066978;0.5764720931;0.328976203;0.7746227687;0.5870535051;0.6736618433;1.858825842;0.6430324214;2.34929577;0.2710575607;1.560894842,15.5227027;9.259459459;7.097837838;5.162972973;9.663513514;7.158918919;7.337297297;19.89540541;7.939459459;26.85432432;4.907027027;17.51216216,0.3846630327;0.2698937021;0.1523755965;0.08144383836;0.2160569452;0.1585044464;0.1749700085;0.3958796658;0.1744877165;0.4012851153;0.06732483737;0.3982391164,0.06513513514;0.1305405405;0.1805405405;0.2032432432;0.1359459459;0.1724324324;0.1627027027;0.04594594595;0.1651351351;0.03486486486;0.2072972973;0.06837837838,29.83520641;8.156807631;2.117665117;0.328976203;5.943209836;1.335267526;3.431265807;47.93014024;2.587291793;47.96619496;0.2710575607;47.6258592,48.0
FreshSky-Safe,4,3,547.2286486486487,25.21918918918919,24.903905405405407,48.0,77.0,66.12432432432432,0.07529279279279279,0.02497747747747748,0.10572072072072071,0.04351351351351351,0.7107628184582288,37.0,143.0,0.007477477477477477,83,11100,0.3169144063131331,0.4018904245640005,47.93259809057405,0.412972972972973,True,True,0.2469621281;0.8215561338;0.8932287906;0.3220866759;0.225348274;0.2465631425;0.4834834838;0.2778755806;0.2645088005;0.3014458345;0.9387067142;0.2969367479,1.836175919;0.5080937316;0.4222105672;1.429873819;2.006740312;1.839030251;0.9755450403;1.641436133;1.719737046;1.520828652;0.3585144156;1.542388958,19.62216216;5.745945946;4.887837838;13.11756757;24.64594595;25.21918919;10.70864865;15.9727027;20.33594595;17.49378378;4.754594595;16.69081081,0.3975072732;0.1436394711;0.1142250751;0.394954336;0.4018904246;0.3936518807;0.3011006584;0.3939446718;0.4011170461;0.3929492409;0.09156651967;0.3764262782,0.05162162162;0.2067567568;0.2281081081;0.08837837838;0.04486486486;0.04351351351;0.1302702703;0.06837837838;0.05675675676;0.0672972973;0.2127027027;0.07,47.72359889;1.189031047;0.5554739706;37.4420823;47.91866719;47.93259809;17.82180161;39.03472476;47.92637284;45.53146085;0.3585144156;34.73962857,48.0
FreshSky-Safe,4,4,483.20054054054054,22.935405405405405,21.936635135135134,40.0,62.0,53.87072072072072,0.048873873873873874,0.010990990990990991,0.1027252252252252,0.04243243243243243,0.8667631397854405,34.0,115.0,0.0012612612612612612,14,11100,0.28366329112732763,0.40236244557279693,47.9690526868854,0.412972972972973,True,True,0.662118963;0.6741961796;0.3640876;0.2460798207;0.2372011855;0.4128728207;0.5024050881;0.4159209977;0.2309431598;0.4380235493;0.7287104513;0.5641011845,0.6966749552;0.6813572012;1.27608378;1.842501298;1.908996959;1.13470463;0.9393093506;1.126874486;1.959226317;1.072981387;0.6151471375;0.8344446437,8.207567568;8.309189189;14.52243243;18.17513514;22.93540541;12.00378378;11.26540541;11.83810811;21.11945946;14.14081081;7.606756757;8.564054054,0.1854661705;0.1758638181;0.3255738077;0.4023624456;0.399341526;0.3183306504;0.2518364529;0.2841551069;0.3907862222;0.2911549494;0.156945648;0.2221426957,0.1475675676;0.1521621622;0.08459459459;0.05189189189;0.04243243243;0.1005405405;0.1148648649;0.09783783784;0.04351351351;0.09648648649;0.1602702703;0.1405405405,7.906898746;6.589858426;22.37593767;45.15526735;47.91768982;16.7434593;9.464805713;18.93310907;47.96905269;14.9515533;2.58176565;4.482225012,48.0
FreshSky-Safe,4,5,443.3297297297297,25.812162162162164,21.97182432432432,39.0,62.0,53.81891891891892,0.04418918918918919,0.010833333333333334,0.12371621621621622,0.03945945945945946,0.8160240930228634,30.0,165.0,0.002882882882882883,32,11100,0.2537106782545632,0.3917289628441837,47.966193753914474,0.412972972972973,True,True,0.9411489522;0.4821824971;0.3825098869;0.7544254172;0.3523107703;0.8677360717;0.95;0.2189202535;0.8265150398;0.3376263363;0.2625732011;0.2699141276,0.3546353857;0.9781203331;1.218803669;0.5851252029;1.315645181;0.4538598372;0.2241414152;2.064668323;0.5023771293;1.368663091;1.731770293;1.687095206,5.304054054;10.39135135;12.75243243;7.361351351;14.13;6.285945946;4.855675676;25.81216216;6.45972973;13.55324324;18.82972973;17.93891892,0.08616681397;0.2717588385;0.340935621;0.1500767074;0.3520239808;0.111624987;0.0554295662;0.3917289628;0.1323831624;0.3754575778;0.3875421088;0.3893998123,0.202972973;0.122972973;0.09378378378;0.17;0.08864864865;0.1808108108;0.2048648649;0.03945945946;0.1824324324;0.08486486486;0.05324324324;0.06054054054,0.3546353857;10.98736933;26.62907886;1.666126826;26.15371024;0.6692991862;0.2241414152;47.96619375;0.9118856464;36.50406245;42.17913641;36.69018768,48.0
FreshSky-Safe,4,6,331.0318918918919,19.532162162162162,17.693378378378377,31.0,53.0,44.64009009009009,0.02578828828828829,0.006036036036036036,0.1490990990990991,0.05945945945945946,0.9004617495460339,23.0,92.0,0.0,0,11100,0.17787862225514883,0.37592059508154585,41.209789244846455,0.412972972972973,True,True,0.6600953202;0.4082536129;0.95;0.8542797728;0.5796663152;0.95;0.7238759829;0.298421524;0.95;0.3698913443;0.95;0.5870736138,0.6992694381;1.146768836;0.2551559305;0.4699577518;0.8105930222;0.2156180293;0.6208604762;1.535216558;0.2628816135;1.257463669;0.2571157349;0.7995478023,8.634594595;12.79594595;4.85;6.173513514;9.747837838;4.903243243;8.907297297;19.53216216;4.402432432;16.18891892;4.782162162;10.17972973,0.1923935914;0.3105573984;0.0585479419;0.1160922662;0.2052772059;0.05081592474;0.1406165079;0.3759205951;0.06117326195;0.3456325814;0.06163828563;0.2158779066,0.1464864865;0.09162162162;0.1981081081;0.1886486486;0.1281081081;0.2013513514;0.1432432432;0.05945945946;0.2051351351;0.08027027027;0.2043243243;0.1424324324,5.686119324;12.48214556;0.2551559305;0.8197465107;5.369488356;0.2156180293;2.871186191;41.20978924;0.2628816135;28.46869207;0.2571157349;5.590956047,48.0
FreshSky-Safe,4,7,347.79324324324324,24.573513513513515,20.424581081081076,34.0,53.0,46.54369369369369,0.029774774774774776,0.005833333333333334,0.1541216216216216,0.03513513513513514,0.8413713858060354,23.0,118.0,0.004324324324324324,48,11100,0.19650156121744822,0.40330864417339335,47.99797966456047,0.412972972972973,True,True,0.95;0.8194645516;0.5139536145;0.1957148488;0.2668165055;0.95;0.9166527097;0.2817874583;0.4060368001;0.95;0.95;0.8957240492,0.2129344738;0.5105004868;0.9182376412;2.309972111;1.705631049;0.2143947682;0.3910280632;1.619983796;1.152645744;0.2643493157;0.2202876177;0.4190042049,4.914594595;5.466216216;10.47648649;24.57351351;16.15162162;4.91;5.382702703;17.03;11.79324324;4.939189189;4.596216216;5.657837838,0.0524854703;0.1272112024;0.2786975327;0.4033086442;0.3941390667;0.05232391235;0.1016672964;0.389671778;0.326167593;0.06601588316;0.05614357392;0.1101867815,0.2089189189;0.1954054054;0.1302702703;0.03513513514;0.06432432432;0.2045945946;0.2108108108;0.06513513514;0.1021621622;0.2062162162;0.2221621622;0.2043243243,0.2129344738;0.9525024341;8.010039901;47.99797966;47.18291133;0.2143947682;0.3910280632;30.41479858;18.75874464;0.2643493157;0.2202876177;0.5520336396,48.0
FreshSky-Safe,4,8,433.9681081081081,25.7772972972973,24.037067567567565,39.0,65.0,58.42072072072072,0.04400900900900901,0.013243243243243243,0.13729729729729728,0.034594594594594595,0.8003006068474888,27.0,210.0,0.012972972972972972,144,11100,0.23145990313595802,0.4008570785285088,47.98181803467826,0.412972972972973,True,True,0.924502767;0.7675714746;0.2938168902;0.223720696;0.8564804989;0.95;0.4732619221;0.198994158;0.3554966144;0.365156396;0.95;0.8950142286,0.3798996382;0.5699618165;1.557699888;2.021057334;0.4673466129;0.2347890628;0.9960890923;2.271318822;1.304697623;1.272612991;0.2590903055;0.4199186836,4.582972973;7.338378378;17.62054054;22.61324324;5.989189189;4.818648649;10.93837838;25.7772973;12.51405405;14.73648649;4.669459459;5.023513514,0.09630969206;0.1597433524;0.3826889726;0.3965642229;0.1160787938;0.05933183074;0.2818662918;0.4008570785;0.3607312616;0.3467010526;0.06372221026;0.1129240784,0.2110810811;0.177027027;0.05864864865;0.04540540541;0.1864864865;0.212972973;0.1202702703;0.03459459459;0.09135135135;0.08621621622;0.2113513514;0.2121621622,0.3798996382;2.319389065;37.00039419;47.95922557;0.7367330643;0.2347890628;16.08658368;47.98181803;23.68320728;26.42939242;0.2590903055;0.5195121017,48.0
FreshSky-Safe,4,9,505.97297297297297,26.20783783783784,23.998770270270267,43.0,69.0,58.78198198198198,0.059572072072072074,0.016283783783783784,0.12227477477477477,0.03567567567567568,0.7472051210833643,32.0,130.0,0.014684684684684684,163,11100,0.2602309001269946,0.405761300184781,47.98841375123269,0.412972972972973,True,True,0.3257577326;0.6871221964;0.2523803769;0.1963495047;0.5437054116;0.2493362779;0.95;0.4363495231;0.95;0.6652629851;0.95;0.2127973752,1.414897118;0.6652565043;1.798374164;2.302374716;0.8671448273;1.819394726;0.209506079;1.076896197;0.2790122724;0.6926602831;0.247425482;2.123503268,15.16594595;7.718378378;22.19135135;26.20783784;10.90162162;21.77540541;4.361351351;9.958648649;4.664594595;7.672702703;4.668378378;20.99918919,0.3770509616;0.179259658;0.3927260337;0.3963818093;0.2570967231;0.4032172096;0.05390534788;0.3163746394;0.07292023443;0.2046155917;0.06346129254;0.4057613002,0.07243243243;0.1594594595;0.04486486486;0.03567567568;0.1254054054;0.04351351351;0.2240540541;0.1167567568;0.2186486486;0.167027027;0.2172972973;0.04216216216,37.2431273;5.166156103;47.83093527;47.95886153;7.608606892;47.98841375;0.209506079;14.76861253;0.2790122724;3.189904246;0.247425482;47.98023546,48.0
FreshSky-Safe,4,10,536.9756756756757,25.4527027027027,24.74127027027027,45.0,72.0,61.09234234234234,0.06754504504504505,0.01984234234234234,0.09961711711711711,0.037567567567567565,0.7835425351031374,38.30000000000018,121.0,0.015675675675675675,174,11100,0.3089758518197386,0.40286261849506644,47.99414089105947,0.412972972972973,True,True,0.2210551088;0.5230742899;0.4621770162;0.8877431859;0.3493760462;0.4491418585;0.5565464418;0.34857734;0.2223217792;0.6900300697;0.2104662511;0.2177243916,2.045012567;0.9021077578;1.019211399;0.4291816563;1.325898395;1.047619095;0.8463561798;1.328717478;2.03354937;0.6616731043;2.146920017;2.075867389,17.48972973;11.60054054;12.14459459;5.131081081;14.76918919;10.83351351;10.08702703;15.13702703;24.15918919;8.08027027;21.81081081;25.4527027,0.3946321547;0.2647808176;0.2881338172;0.1081073794;0.3436585298;0.3241956388;0.2399534142;0.3587537192;0.4028626185;0.1861626221;0.4003715707;0.3960979397,0.04972972973;0.1159459459;0.1148648649;0.2094594595;0.08216216216;0.1256756757;0.1340540541;0.08081081081;0.04081081081;0.1654054054;0.03891891892;0.03756756757,47.87711269;9.642155157;12.31870778;0.5459082815;23.24956675;14.19047737;9.929753935;28.5271381;47.99237507;8.358558652;47.93208965;47.99414089,48.0
FreshSky-Safe,4,11,452.83864864864864,27.93081081081081,23.69952702702702,41.0,69.0,57.95,0.051959459459459456,0.0165990990990991,0.1174774774774775,0.03405405405405405,0.8392335526405086,32.0,118.0,0.0033333333333333335,37,11100,0.2575292874983675,0.4018581935364658,47.99004352610679,0.412972972972973,True,True,0.95;0.2935060875;0.6227889451;0.4312530983;0.6153269509;0.4183303984;0.9434799305;0.4987828682;0.6260188518;0.4351735249;0.2492611008;0.2092716103,0.3358641596;1.559243329;0.7487311135;1.088976442;0.7590395275;1.120756955;0.3508668233;0.9460759936;0.7443154627;1.079661914;1.819920828;2.159149808,4.982972973;15.86405405;8.831891892;11.06378378;9.462432432;15.67621622;5.174864865;12.03405405;10.21135135;11.29081081;20.23756757;27.93081081,0.07888269047;0.3805396556;0.1975031262;0.3022645422;0.1955039648;0.3171439274;0.08591495728;0.2577417842;0.1788368774;0.3008463334;0.4018581935;0.3933153974,0.2072972973;0.07027027027;0.157027027;0.1016216216;0.1383783784;0.09081081081;0.2002702703;0.1105405405;0.1343243243;0.1132432432;0.05189189189;0.03405405405,0.3358641596;28.2323297;6.708126746;12.95984568;7.139830077;23.94725036;0.3508668233;13.79797583;8.673779344;13.19323829;39.85513984;47.99004353,48.0
FreshSky-Safe,4,12,468.5410810810811,21.94810810810811,20.758324324324324,38.0,59.0,52.52567567567568,0.0415990990990991,0.009076576576576576,0.11004504504504503,0.04513513513513513,0.837699068042524,33.0,109.0,0.0024324324324324323,27,11100,0.27761737963383076,0.398339569201614,47.945181639035354,0.412972972972973,True,True,0.2277146089;0.9318683167;0.4490225566;0.364868936;0.3264467419;0.2532754659;0.5108922966;0.7249468559;0.885090931;0.3371942215;0.4510893652;0.3770521179,1.986329388;0.369039043;1.047885528;1.273544601;1.412123145;1.792296255;0.9237509324;0.6195927545;0.4325165816;1.370290719;1.043286736;1.235229773,19.78486486;5.010540541;11.75621622;14.64081081;13.77459459;21.94810811;10.18540541;6.877027027;6.001351351;14.93459459;12.55351351;13.15405405,0.3983395692;0.08597612299;0.3081349878;0.3469548535;0.3614271942;0.3889767277;0.2436705162;0.1492046336;0.1066094926;0.3440540751;0.2732283371;0.3248320456,0.04837837838;0.2005405405;0.1110810811;0.08648648649;0.08189189189;0.04513513514;0.1240540541;0.1654054054;0.1862162162;0.07567567568;0.1032432432;0.09243243243,44.84811635;0.369039043;33.08158959;31.08887325;29.93348218;47.94518164;7.980014918;1.756742036;0.5625829082;25.18773384;15.68216841;19.28074432,48.0
FreshSky-Safe,4,13,333.30054054054057,22.78972972972973,19.00617567567567,31.0,52.0,44.94144144144144,0.02385135135135135,0.0056531531531531535,0.15011261261261263,0.04297297297297297,0.8947738438437204,23.0,134.0,0.005045045045045045,56,11100,0.1836606251593603,0.3991539602310297,47.96864326925777,0.412972972972973,True,True,0.931036637;0.7159624459;0.6775674106;0.3509019354;0.95;0.7562371291;0.2357345475;0.5713184825;0.95;0.8385292043;0.9458583108;0.3749843981,0.3702883284;0.6302691506;0.6771299559;1.320546841;0.2764601871;0.5830294735;1.920506701;0.8232731646;0.2265612916;0.488449848;0.3469497415;1.241568686,6.147837838;7.771081081;9.047837838;15.91054054;5.249189189;6.616216216;22.78972973;8.823243243;4.860810811;6.323513514;5.567567568;13.23945946,0.09087075736;0.1700023277;0.1652563108;0.345483606;0.06851729502;0.1495391812;0.3991539602;0.2354116238;0.05706895237;0.1244887045;0.07398468811;0.3241500948,0.1856756757;0.1643243243;0.142972973;0.07567567568;0.2051351351;0.1735135135;0.04297297297;0.14;0.2113513514;0.1864864865;0.1821621622;0.09108108108,0.3702883284;2.302691506;3.202689426;19.03554467;0.2764601871;1.315147367;47.96864327;9.80510228;0.2265612916;0.9306990882;0.3469497415;16.7019646,48.0
FreshSky-Safe,4,14,494.3137837837838,26.665405405405405,22.912918918918912,41.0,67.0,57.615765765765765,0.0525,0.014234234234234235,0.10783783783783785,0.03513513513513514,0.8393829098073263,35.0,152.0,0.004054054054054054,45,11100,0.2751090777505015,0.4026073301747443,47.993647639043026,0.412972972972973,True,True,0.3969158517;0.64914127;0.685168137;0.2123384503;0.8391928019;0.2547057577;0.6450583303;0.3536782427;0.3495021855;0.2638904463;0.8142278578;0.4332858251,1.177446822;0.7134614509;0.6676722331;2.128067317;0.4876767217;1.782678959;0.7188179662;1.310923092;1.325454306;1.723560971;0.5165166625;1.084128614,12.72351351;8.643783784;8.342972973;26.66540541;6.308648649;19.8427027;9.150810811;16.21486486;15.30891892;17.97675676;6.165135135;12.59297297,0.3201382439;0.1889708708;0.1804519549;0.4026073302;0.1194148946;0.3897803454;0.2001033798;0.3535949313;0.3492751213;0.3894316139;0.1250807918;0.2824594552,0.09108108108;0.1424324324;0.1440540541;0.03513513514;0.1797297297;0.05486486486;0.1424324324;0.08135135135;0.08432432432;0.05621621622;0.1818918919;0.1005405405,16.21361736;7.371150782;5.888789128;47.99364764;1.276767217;47.98151855;3.901087459;19.35123112;37.87088495;34.46078018;1.048649962;18.47147258,48.0
FreshSky-Safe,4,15,409.8835135135135,26.23054054054054,22.28763513513513,37.0,63.0,52.93828828828829,0.03990990990990991,0.011824324324324325,0.1347972972972973,0.033243243243243244,0.8420892908072922,28.0,131.0,0.004414414414414414,49,11100,0.23376719115826558,0.4012018087198475,47.96347451084744,0.412972972972973,True,True,0.95;0.6682774533;0.3936552323;0.8783623152;0.2542081145;0.6112416568;0.1961261937;0.2603661895;0.4858854259;0.9440218225;0.777121657;0.6438927182,0.2609434761;0.6888292002;1.186565108;0.4408835581;1.786011998;0.7647485898;2.305041448;1.74572184;0.9708198352;0.349980936;0.5589976316;0.7203540735,4.651621622;6.943513514;12.21648649;6.249189189;19.06162162;8.042432432;26.23054054;18.93189189;10.18945946;5.26972973;7.54;9.501891892,0.06340221216;0.1941753664;0.3370486293;0.1050971076;0.3934053456;0.2168165597;0.4012018087;0.3996287562;0.2823249034;0.08569803461;0.1426199363;0.1837876339,0.2121621622;0.1767567568;0.1045945946;0.1802702703;0.05081081081;0.1605405405;0.03324324324;0.05540540541;0.1313513514;0.2037837838;0.1664864865;0.1421621622,0.2609434761;4.309559206;19.63725791;0.9723698129;47.4384274;7.553966155;47.96347451;40.9946483;8.103937199;0.349980936;3.020955001;3.605311103,48.0
FreshSky-Safe,4,16,500.59837837837836,31.263513513513512,26.41429729729729,43.0,76.0,64.38693693693693,0.05851351351351351,0.01891891891891892,0.1243018018018018,0.031621621621621625,0.7796387713945712,32.0,174.0,0.019189189189189187,213,11100,0.26987904133683155,0.4012118914798695,47.99646025811391,0.412972972972973,True,True,0.3932789834;0.7735119064;0.901603995;0.8416273572;0.2260479039;0.7045979448;0.6624829137;0.1982197585;0.7522839954;0.3841282698;0.2247729528;0.2144342016,1.187626136;0.5631378354;0.4113518347;0.4848363331;2.00065631;0.6439160289;0.6962092138;2.280313362;0.5876051337;1.214015836;2.011774821;2.107404393,14.24081081;6.974864865;5.085675676;6.422432432;18.70756757;6.487027027;7.76;31.26351351;6.452432432;12.20756757;22.44675676;19.30324324,0.3395968789;0.1668105588;0.1075073579;0.1170159042;0.3979683903;0.1790782686;0.2082982702;0.4012118915;0.1654823106;0.3550176039;0.4007237954;0.3998372659,0.0972972973;0.1878378378;0.207027027;0.1805405405;0.04702702703;0.18;0.1710810811;0.03162162162;0.1935135135;0.1062162162;0.04405405405;0.04540540541,23.52979317;2.047067531;0.4567591735;1.842217663;47.91437255;3.014824404;11.55215934;47.99646026;2.814077005;22.06252258;47.93072668;47.97298578,48.0
FreshSky-Safe,4,17,408.43108108108106,28.03918918918919,27.39777027027027,42.0,75.0,61.445945945945944,0.053513513513513515,0.01903153153153153,0.14734234234234234,0.030810810810810812,0.81091498574913,24.0,146.0,0.010630630630630631,118,11100,0.21228954982229184,0.40357660897108993,47.99631093669843,0.412972972972973,True,True,0.6058267012;0.4606290406;0.8627452041;0.95;0.8920394043;0.9329954481;0.2434414901;0.2237143759;0.7874097494;0.2072792387;0.95;0.5223938409,0.772389876;1.022513998;0.4598691245;0.2139841101;0.4237308779;0.3673358894;1.861711545;2.021113381;0.5472165522;2.179902851;0.241873434;0.9032962107,8.989189189;10.47027027;4.71027027;4.335405405;5.178108108;4.951891892;21.46081081;28.03918919;6.504594595;26.87297297;4.545945946;9.74,0.2097977906;0.2766314898;0.1185716608;0.05789137682;0.1091393315;0.09302533198;0.3980037384;0.3987602076;0.1505585;0.403576609;0.05955316172;0.2719653997,0.1424324324;0.1175675676;0.2113513514;0.2262162162;0.2021621622;0.217027027;0.04945945946;0.03513513514;0.1902702703;0.03081081081;0.21;0.1356756757,7.44779752;8.937709971;0.7592147472;0.2139841101;0.5186543897;0.3673358894;47.99631094;47.91290093;2.291547597;47.94201489;0.241873434;11.27910906,48.0
FreshSky-Safe,4,18,330.65,21.24,19.842999999999996,32.0,52.0,44.652252252252254,0.02698198198198198,0.005022522522522522,0.15984234234234235,0.046216216216216216,0.8552298202413785,21.0,92.0,0.0014414414414414415,16,11100,0.18969138164030588,0.40059401928320415,47.98439412005012,0.412972972972973,True,True,0.95;0.2298402862;0.2514208534;0.95;0.8064515181;0.2889292384;0.86964094;0.95;0.4229897239;0.9113191376;0.93510967;0.8418183031,0.2641897105;1.968390267;1.804941085;0.3377909827;0.5254308787;1.582364629;0.451552802;0.2372894534;1.10910177;0.3983676074;0.3641087485;0.4846132827,4.764324324;21.24;18.7;4.663243243;6.773243243;15.24513514;5.787297297;4.578648649;11.24702703;4.814324324;5.364594595;6.360810811,0.06854651947;0.4005940193;0.3931844633;0.08435645082;0.1327778031;0.3806228432;0.1196004719;0.06086153818;0.314745097;0.09840756573;0.09476668237;0.1278331254,0.2189189189;0.04621621622;0.05378378378;0.2132432432;0.1808108108;0.0727027027;0.1975675676;0.2175675676;0.1067567568;0.2048648649;0.2086486486;0.197027027,0.2641897105;47.98439412;42.83785565;0.3377909827;1.027154393;35.34426203;0.760869614;0.2372894534;25.25544693;0.3983676074;0.3641087485;1.776878937,48.0
FreshSky-Safe,4,19,497.43945945945944,24.05918918918919,23.701986486486486,41.0,64.0,54.96351351351351,0.05162162162162162,0.012972972972972972,0.10506756756756756,0.03486486486486486,0.8272510369611119,36.0,121.0,0.003243243243243243,36,11100,0.2929480719276118,0.3988137190430896,47.97454718260385,0.412972972972973,True,True,0.8339118425;0.4218873338;0.3658373363;0.3670076204;0.481511622;0.1930715746;0.2120595117;0.3057773787;0.5446939528;0.4653449839;0.3623629999;0.8770434254,0.4938172966;1.111838862;1.270411673;1.266646367;0.9794527448;2.342239302;2.1308523;1.500722279;0.8655191693;1.012509865;1.281724896;0.4425090154,5.92027027;12.30297297;15.55783784;14.23297297;11.65891892;24.05918919;23.40972973;14.39162162;9.635945946;9.811891892;13.87810811;5.719459459,0.1259901427;0.2824671704;0.3385475431;0.359111362;0.2607462037;0.398813719;0.3973751586;0.3808589783;0.2488952422;0.279945295;0.3380982428;0.1045278053,0.1894594595;0.0972972973;0.08486486486;0.09594594595;0.1110810811;0.03486486486;0.03783783784;0.07405405405;0.1383783784;0.1213513514;0.08297297297;0.1927027027,0.8690864829;13.97884359;20.8269307;23.13213568;13.56303509;47.97308697;47.97454718;36.32672432;9.906940894;9.475217023;22.58521864;0.6125450771,48.0
